// Created by Crowbar 0.74
version 1
nodes
  0 "root" -1
  1 "bip_upperArm_R" 0
  2 "bip_lowerArm_R" 1
  3 "bip_hand_R" 2
  4 "bip_upperArm_L" 0
  5 "bip_lowerArm_L" 4
  6 "bip_hand_L" 5
  7 "effect_hand_L" 6
  8 "effect_hand_R" 3
  9 "weapon_bone" 3
  10 "weapon_bone_1" 3
  11 "weapon_bone_2" 3
  12 "weapon_bone_3" 3
  13 "weapon_bone_4" 3
  14 "weapon_bone_5" 3
  15 "weapon_bone_6" 3
  16 "weapon_bone_7" 3
  17 "weapon_bone_L" 6
  18 "vm_weapon_bone" 3
  19 "vm_weapon_bone_1" 3
  20 "vm_weapon_bone_2" 3
  21 "vm_weapon_bone_3" 3
  22 "vm_weapon_bone_4" 3
  23 "vm_weapon_bone_5" 3
  24 "vm_weapon_bone_6" 3
  25 "vm_weapon_bone_7" 3
  26 "vm_weapon_bone_L" 6
  27 "vm_weapon_bone_L_1" 6
  28 "vm_weapon_bone_L_2" 6
  29 "bip_thumb_0_L" 6
  30 "bip_thumb_0_R" 3
  31 "bip_thumb_1_L" 29
  32 "bip_thumb_1_R" 30
  33 "bip_thumb_2_L" 31
  34 "bip_thumb_2_R" 32
  35 "bip_index_0_L" 6
  36 "bip_index_0_R" 3
  37 "bip_index_1_L" 35
  38 "bip_index_1_R" 36
  39 "bip_index_2_L" 37
  40 "bip_index_2_R" 38
  41 "bip_middle_0_L" 6
  42 "bip_middle_0_R" 3
  43 "bip_middle_1_L" 41
  44 "bip_middle_1_R" 42
  45 "bip_middle_2_L" 43
  46 "bip_middle_2_R" 44
  47 "bip_ring_0_L" 6
  48 "bip_ring_0_R" 3
  49 "bip_ring_1_L" 47
  50 "bip_ring_1_R" 48
  51 "bip_ring_2_L" 49
  52 "bip_ring_2_R" 50
  53 "bip_pinky_0_L" 6
  54 "bip_pinky_0_R" 3
  55 "bip_pinky_1_L" 53
  56 "bip_pinky_1_R" 54
  57 "bip_pinky_2_L" 55
  58 "bip_pinky_2_R" 56
  59 "Sleeve_Control" 5
  60 "Wrist_Control" 5
end
skeleton
  time 0
    0 0.000000 0.826660 0.000001 -1.559900 -0.000006 -0.000006
    1 -10.723376 4.021813 0.943485 -0.588600 -0.361084 0.130486
    2 0.000000 14.313023 0.000003 -1.554028 0.000000 0.000000
    3 -0.000011 13.013483 -0.000005 -0.483288 0.032687 1.157843
    4 8.648438 7.792969 3.429688 2.222705 0.399521 -1.404265
    5 0.000000 -14.313034 0.000000 -1.556552 0.000000 0.000000
    6 -0.000004 -13.013485 -0.000004 0.538394 0.815277 0.754107
    7 -1.330879 -2.698427 0.462449 -0.194886 -0.547260 3.056712
    8 1.330910 2.698444 -0.462436 0.194890 0.547268 -0.084879
    9 7.257103 4.554650 -3.010861 -1.937239 -0.275357 -3.272593
    10 10.570313 2.281250 -6.343750 -2.460934 -0.275417 3.010575
    11 1.806641 7.578125 -7.234375 -1.550988 -0.382996 1.806934
    12 1.377930 7.875000 -12.054688 -1.277176 -0.488708 1.819244
    13 4.531250 3.457031 -3.607422 -1.647836 -0.580608 1.782439
    14 5.974704 2.920219 -4.391550 -1.937293 -0.275375 -3.272526
    15 7.558525 6.997282 -2.354134 -1.937336 -0.275393 3.010581
    16 7.558525 6.997282 -2.354134 1.937336 0.275393 -0.131011
    17 -2.867767 -2.740969 0.531125 2.051196 0.577049 -0.321829
    18 8.375000 1.621094 -7.539063 -1.937333 -0.275414 3.010565
    19 2.614002 2.377790 -5.879168 -1.937294 -0.275355 -3.272537
    20 5.595486 4.607124 0.422674 -1.090396 0.577049 -0.321829
    21 6.233833 5.542564 0.898426 -1.090396 0.577049 -0.321829
    22 6.946648 6.587124 1.429667 -1.090396 0.577049 -0.321829
    23 7.537933 7.453606 1.870349 -1.090396 0.577049 -0.321829
    24 8.154472 8.357077 2.329839 -1.090396 0.577049 -0.321829
    25 8.874294 9.411907 2.866308 -1.090396 0.577049 -0.321829
    26 -4.125858 -2.321501 1.394414 2.051196 0.577049 -0.321829
    27 -4.826813 -3.348669 0.872014 2.051196 0.577049 -0.321829
    28 -5.441669 -4.249685 0.413772 2.051196 0.577049 -0.321829
    29 -0.552532 -1.343527 1.604446 -0.531397 0.349107 -0.535250
    30 0.552589 1.343534 -1.604463 -0.572351 0.200763 -0.519410
    31 0.000000 -2.021618 -0.000004 -0.140762 0.000000 0.000000
    32 -0.000021 2.021633 0.000027 -0.182286 0.000000 0.000000
    33 -0.000004 -1.136217 -0.000004 -0.537682 0.000000 0.000000
    34 -0.000011 1.136200 -0.000019 -0.591471 0.000000 0.000000
    35 -0.032677 -4.587727 1.352317 2.444718 1.216159 2.484986
    36 0.032719 4.587772 -1.352291 2.844703 1.216154 2.484990
    37 0.000000 -1.754536 -0.000002 0.193351 0.000000 0.000000
    38 -0.000006 1.754520 -0.000034 0.301016 0.000000 0.000000
    39 0.000000 -1.227020 -0.000002 0.955670 0.000000 0.000000
    40 0.000002 1.227070 0.000032 0.655020 0.000000 0.000000
    41 -0.367996 -4.208406 0.173244 2.475865 1.091695 2.536227
    42 0.368011 4.208412 -0.173239 2.894879 1.091697 2.536230
    43 0.000000 -2.372318 -0.000004 0.834666 0.000000 0.000000
    44 -0.000006 2.372318 -0.000032 0.737827 0.000000 0.000000
    45 0.000004 -1.580070 -0.000001 0.495055 0.000000 0.000000
    46 -0.000002 1.580170 0.000030 0.744518 0.000000 0.000000
    47 -0.937645 -3.860697 -0.959317 2.205251 0.797005 2.273736
    48 0.937672 3.860714 0.959333 2.990775 1.016697 2.713704
    49 0.000000 -1.690632 0.000000 0.848242 0.000000 0.000000
    50 -0.000013 1.690666 0.000021 0.568265 0.000000 0.000000
    51 -0.000002 -1.423443 0.000002 0.234212 0.000000 0.000000
    52 0.000008 1.423420 0.000028 0.761967 0.000000 0.000000
    53 -1.546646 -3.404194 -1.915569 2.750280 1.118484 2.534731
    54 1.546661 3.404217 1.915585 -3.076191 1.031499 2.824457
    55 0.000004 -1.437820 0.000000 0.424958 0.000000 0.000000
    56 -0.000021 1.437870 0.000031 -0.074280 0.000000 0.000000
    57 -0.000002 -1.059402 0.000000 0.322075 0.000000 0.000000
    58 0.000006 1.059372 0.000008 0.911714 0.000000 0.000000
    59 -0.000004 -13.013485 -0.000004 0.010936 -0.284121 -0.076428
    60 0.161133 -10.812500 0.023087 0.010936 -0.284121 -0.076428
  time 1
    0 0.000000 0.826660 0.000001 -1.559900 -0.000006 -0.000006
    1 -10.723376 4.021813 0.943485 -0.588047 -0.361466 0.130257
    2 0.000000 14.313023 0.000003 -1.554701 0.000000 0.000000
    3 -0.000011 13.013483 -0.000005 -0.482715 0.032734 1.158034
    4 8.648438 7.792969 3.429688 2.222705 0.399521 -1.404265
    5 0.000000 -14.313034 0.000000 -1.556552 0.000000 0.000000
    6 -0.000004 -13.013485 -0.000004 0.538394 0.815277 0.754107
    7 -1.330879 -2.698427 0.462449 -0.194886 -0.547260 3.056712
    8 1.330910 2.698444 -0.462436 0.194890 0.547268 -0.084879
    9 7.257103 4.554650 -3.010861 -1.937239 -0.275357 -3.272593
    10 10.570313 2.281250 -6.343750 -2.460934 -0.275417 3.010575
    11 1.806641 7.578125 -7.234375 -1.550988 -0.382996 1.806934
    12 1.377930 7.875000 -12.054688 -1.277176 -0.488708 1.819244
    13 4.531250 3.457031 -3.607422 -1.647836 -0.580608 1.782439
    14 5.974704 2.920219 -4.391550 -1.937293 -0.275375 -3.272526
    15 7.558525 6.997282 -2.354134 -1.937336 -0.275393 3.010581
    16 7.558525 6.997282 -2.354134 1.937336 0.275393 -0.131011
    17 -2.867767 -2.740969 0.531125 2.051196 0.577049 -0.321829
    18 8.375000 1.621094 -7.539063 -1.937333 -0.275414 3.010565
    19 2.614002 2.377790 -5.879168 -1.937294 -0.275355 -3.272537
    20 5.595486 4.607124 0.422674 -1.090396 0.577049 -0.321829
    21 6.233833 5.542564 0.898426 -1.090396 0.577049 -0.321829
    22 6.946648 6.587124 1.429667 -1.090396 0.577049 -0.321829
    23 7.537933 7.453606 1.870349 -1.090396 0.577049 -0.321829
    24 8.154472 8.357077 2.329839 -1.090396 0.577049 -0.321829
    25 8.874294 9.411907 2.866308 -1.090396 0.577049 -0.321829
    26 -4.125858 -2.321501 1.394414 2.051196 0.577049 -0.321829
    27 -4.826813 -3.348669 0.872014 2.051196 0.577049 -0.321829
    28 -5.441669 -4.249685 0.413772 2.051196 0.577049 -0.321829
    29 -0.552532 -1.343527 1.604446 -0.531397 0.349107 -0.535250
    30 0.552589 1.343534 -1.604463 -0.572351 0.200763 -0.519410
    31 0.000000 -2.021618 -0.000004 -0.140762 0.000000 0.000000
    32 -0.000021 2.021633 0.000027 -0.182286 0.000000 0.000000
    33 -0.000004 -1.136217 -0.000004 -0.537682 0.000000 0.000000
    34 -0.000011 1.136200 -0.000019 -0.591471 0.000000 0.000000
    35 -0.032677 -4.587727 1.352317 2.444718 1.216159 2.484986
    36 0.032719 4.587772 -1.352291 2.844703 1.216154 2.484990
    37 0.000000 -1.754536 -0.000002 0.193351 0.000000 0.000000
    38 -0.000006 1.754520 -0.000034 0.301016 0.000000 0.000000
    39 0.000000 -1.227020 -0.000002 0.955670 0.000000 0.000000
    40 0.000002 1.227070 0.000032 0.655020 0.000000 0.000000
    41 -0.367996 -4.208406 0.173244 2.475865 1.091695 2.536227
    42 0.368011 4.208412 -0.173239 2.894879 1.091697 2.536230
    43 0.000000 -2.372318 -0.000004 0.834666 0.000000 0.000000
    44 -0.000006 2.372318 -0.000032 0.737827 0.000000 0.000000
    45 0.000004 -1.580070 -0.000001 0.495055 0.000000 0.000000
    46 -0.000002 1.580170 0.000030 0.744518 0.000000 0.000000
    47 -0.937645 -3.860697 -0.959317 2.205251 0.797005 2.273736
    48 0.937672 3.860714 0.959333 2.990775 1.016697 2.713704
    49 0.000000 -1.690632 0.000000 0.848242 0.000000 0.000000
    50 -0.000013 1.690666 0.000021 0.568265 0.000000 0.000000
    51 -0.000002 -1.423443 0.000002 0.234212 0.000000 0.000000
    52 0.000008 1.423420 0.000028 0.761967 0.000000 0.000000
    53 -1.546646 -3.404194 -1.915569 2.750280 1.118484 2.534731
    54 1.546661 3.404217 1.915585 -3.076191 1.031499 2.824457
    55 0.000004 -1.437820 0.000000 0.424958 0.000000 0.000000
    56 -0.000021 1.437870 0.000031 -0.074280 0.000000 0.000000
    57 -0.000002 -1.059402 0.000000 0.322075 0.000000 0.000000
    58 0.000006 1.059372 0.000008 0.911714 0.000000 0.000000
    59 -0.000004 -13.013485 -0.000004 0.010936 -0.284121 -0.076428
    60 0.161133 -10.812500 0.023087 0.010936 -0.284121 -0.076428
  time 2
    0 0.000000 0.826660 0.000001 -1.559900 -0.000006 -0.000006
    1 -10.723376 4.021813 0.943485 -0.587310 -0.361991 0.129799
    2 0.000000 14.313023 0.000003 -1.555678 0.000000 0.000000
    3 -0.000011 13.013483 -0.000005 -0.481950 0.032923 1.158514
    4 8.648438 7.792969 3.429688 2.222705 0.399521 -1.404265
    5 0.000000 -14.313034 0.000000 -1.556552 0.000000 0.000000
    6 -0.000004 -13.013485 -0.000004 0.538394 0.815277 0.754107
    7 -1.330879 -2.698427 0.462449 -0.194886 -0.547260 3.056712
    8 1.330910 2.698444 -0.462436 0.194890 0.547268 -0.084879
    9 7.257103 4.554650 -3.010861 -1.937239 -0.275357 -3.272593
    10 10.570313 2.281250 -6.343750 -2.460934 -0.275417 3.010575
    11 1.806641 7.578125 -7.234375 -1.550988 -0.382996 1.806934
    12 1.377930 7.875000 -12.054688 -1.277176 -0.488708 1.819244
    13 4.531250 3.457031 -3.607422 -1.647836 -0.580608 1.782439
    14 5.974704 2.920219 -4.391550 -1.937293 -0.275375 -3.272526
    15 7.558525 6.997282 -2.354134 -1.937336 -0.275393 3.010581
    16 7.558525 6.997282 -2.354134 1.937336 0.275393 -0.131011
    17 -2.867767 -2.740969 0.531125 2.051196 0.577049 -0.321829
    18 8.375000 1.621094 -7.539063 -1.937333 -0.275414 3.010565
    19 2.614002 2.377790 -5.879168 -1.937294 -0.275355 -3.272537
    20 5.595486 4.607124 0.422674 -1.090396 0.577049 -0.321829
    21 6.233833 5.542564 0.898426 -1.090396 0.577049 -0.321829
    22 6.946648 6.587124 1.429667 -1.090396 0.577049 -0.321829
    23 7.537933 7.453606 1.870349 -1.090396 0.577049 -0.321829
    24 8.154472 8.357077 2.329839 -1.090396 0.577049 -0.321829
    25 8.874294 9.411907 2.866308 -1.090396 0.577049 -0.321829
    26 -4.125858 -2.321501 1.394414 2.051196 0.577049 -0.321829
    27 -4.826813 -3.348669 0.872014 2.051196 0.577049 -0.321829
    28 -5.441669 -4.249685 0.413772 2.051196 0.577049 -0.321829
    29 -0.552532 -1.343527 1.604446 -0.531397 0.349107 -0.535250
    30 0.552589 1.343534 -1.604463 -0.572351 0.200763 -0.519410
    31 0.000000 -2.021618 -0.000004 -0.140762 0.000000 0.000000
    32 -0.000021 2.021633 0.000027 -0.182286 0.000000 0.000000
    33 -0.000004 -1.136217 -0.000004 -0.537682 0.000000 0.000000
    34 -0.000011 1.136200 -0.000019 -0.591471 0.000000 0.000000
    35 -0.032677 -4.587727 1.352317 2.444718 1.216159 2.484986
    36 0.032719 4.587772 -1.352291 2.844703 1.216154 2.484990
    37 0.000000 -1.754536 -0.000002 0.193351 0.000000 0.000000
    38 -0.000006 1.754520 -0.000034 0.301016 0.000000 0.000000
    39 0.000000 -1.227020 -0.000002 0.955670 0.000000 0.000000
    40 0.000002 1.227070 0.000032 0.655020 0.000000 0.000000
    41 -0.367996 -4.208406 0.173244 2.475865 1.091695 2.536227
    42 0.368011 4.208412 -0.173239 2.894879 1.091697 2.536230
    43 0.000000 -2.372318 -0.000004 0.834666 0.000000 0.000000
    44 -0.000006 2.372318 -0.000032 0.737827 0.000000 0.000000
    45 0.000004 -1.580070 -0.000001 0.495055 0.000000 0.000000
    46 -0.000002 1.580170 0.000030 0.744518 0.000000 0.000000
    47 -0.937645 -3.860697 -0.959317 2.205251 0.797005 2.273736
    48 0.937672 3.860714 0.959333 2.990775 1.016697 2.713704
    49 0.000000 -1.690632 0.000000 0.848242 0.000000 0.000000
    50 -0.000013 1.690666 0.000021 0.568265 0.000000 0.000000
    51 -0.000002 -1.423443 0.000002 0.234212 0.000000 0.000000
    52 0.000008 1.423420 0.000028 0.761967 0.000000 0.000000
    53 -1.546646 -3.404194 -1.915569 2.750280 1.118484 2.534731
    54 1.546661 3.404217 1.915585 -3.076191 1.031499 2.824457
    55 0.000004 -1.437820 0.000000 0.424958 0.000000 0.000000
    56 -0.000021 1.437870 0.000031 -0.074280 0.000000 0.000000
    57 -0.000002 -1.059402 0.000000 0.322075 0.000000 0.000000
    58 0.000006 1.059372 0.000008 0.911714 0.000000 0.000000
    59 -0.000004 -13.013485 -0.000004 0.010936 -0.284121 -0.076428
    60 0.161133 -10.812500 0.023087 0.010936 -0.284121 -0.076428
  time 3
    0 0.000000 0.826660 0.000001 -1.559900 -0.000006 -0.000006
    1 -10.723376 4.021813 0.943485 -0.586112 -0.362706 0.129340
    2 0.000000 14.313023 0.000003 -1.557022 0.000000 0.000000
    3 -0.000011 13.013483 -0.000005 -0.480899 0.033111 1.158801
    4 8.648438 7.792969 3.429688 2.222705 0.399521 -1.404265
    5 0.000000 -14.313034 0.000000 -1.556552 0.000000 0.000000
    6 -0.000004 -13.013485 -0.000004 0.538394 0.815277 0.754107
    7 -1.330879 -2.698427 0.462449 -0.194886 -0.547260 3.056712
    8 1.330910 2.698444 -0.462436 0.194890 0.547268 -0.084879
    9 7.257103 4.554650 -3.010861 -1.937239 -0.275357 -3.272593
    10 10.570313 2.281250 -6.343750 -2.460934 -0.275417 3.010575
    11 1.806641 7.578125 -7.234375 -1.550988 -0.382996 1.806934
    12 1.377930 7.875000 -12.054688 -1.277176 -0.488708 1.819244
    13 4.531250 3.457031 -3.607422 -1.647836 -0.580608 1.782439
    14 5.974704 2.920219 -4.391550 -1.937293 -0.275375 -3.272526
    15 7.558525 6.997282 -2.354134 -1.937336 -0.275393 3.010581
    16 7.558525 6.997282 -2.354134 1.937336 0.275393 -0.131011
    17 -2.867767 -2.740969 0.531125 2.051196 0.577049 -0.321829
    18 8.375000 1.621094 -7.539063 -1.937333 -0.275414 3.010565
    19 2.614002 2.377790 -5.879168 -1.937294 -0.275355 -3.272537
    20 5.595486 4.607124 0.422674 -1.090396 0.577049 -0.321829
    21 6.233833 5.542564 0.898426 -1.090396 0.577049 -0.321829
    22 6.946648 6.587124 1.429667 -1.090396 0.577049 -0.321829
    23 7.537933 7.453606 1.870349 -1.090396 0.577049 -0.321829
    24 8.154472 8.357077 2.329839 -1.090396 0.577049 -0.321829
    25 8.874294 9.411907 2.866308 -1.090396 0.577049 -0.321829
    26 -4.125858 -2.321501 1.394414 2.051196 0.577049 -0.321829
    27 -4.826813 -3.348669 0.872014 2.051196 0.577049 -0.321829
    28 -5.441669 -4.249685 0.413772 2.051196 0.577049 -0.321829
    29 -0.552532 -1.343527 1.604446 -0.531397 0.349107 -0.535250
    30 0.552589 1.343534 -1.604463 -0.572351 0.200763 -0.519410
    31 0.000000 -2.021618 -0.000004 -0.140762 0.000000 0.000000
    32 -0.000021 2.021633 0.000027 -0.182286 0.000000 0.000000
    33 -0.000004 -1.136217 -0.000004 -0.537682 0.000000 0.000000
    34 -0.000011 1.136200 -0.000019 -0.591471 0.000000 0.000000
    35 -0.032677 -4.587727 1.352317 2.444718 1.216159 2.484986
    36 0.032719 4.587772 -1.352291 2.844703 1.216154 2.484990
    37 0.000000 -1.754536 -0.000002 0.193351 0.000000 0.000000
    38 -0.000006 1.754520 -0.000034 0.301016 0.000000 0.000000
    39 0.000000 -1.227020 -0.000002 0.955670 0.000000 0.000000
    40 0.000002 1.227070 0.000032 0.655020 0.000000 0.000000
    41 -0.367996 -4.208406 0.173244 2.475865 1.091695 2.536227
    42 0.368011 4.208412 -0.173239 2.894879 1.091697 2.536230
    43 0.000000 -2.372318 -0.000004 0.834666 0.000000 0.000000
    44 -0.000006 2.372318 -0.000032 0.737827 0.000000 0.000000
    45 0.000004 -1.580070 -0.000001 0.495055 0.000000 0.000000
    46 -0.000002 1.580170 0.000030 0.744518 0.000000 0.000000
    47 -0.937645 -3.860697 -0.959317 2.205251 0.797005 2.273736
    48 0.937672 3.860714 0.959333 2.990775 1.016697 2.713704
    49 0.000000 -1.690632 0.000000 0.848242 0.000000 0.000000
    50 -0.000013 1.690666 0.000021 0.568265 0.000000 0.000000
    51 -0.000002 -1.423443 0.000002 0.234212 0.000000 0.000000
    52 0.000008 1.423420 0.000028 0.761967 0.000000 0.000000
    53 -1.546646 -3.404194 -1.915569 2.750280 1.118484 2.534731
    54 1.546661 3.404217 1.915585 -3.076191 1.031499 2.824457
    55 0.000004 -1.437820 0.000000 0.424958 0.000000 0.000000
    56 -0.000021 1.437870 0.000031 -0.074280 0.000000 0.000000
    57 -0.000002 -1.059402 0.000000 0.322075 0.000000 0.000000
    58 0.000006 1.059372 0.000008 0.911714 0.000000 0.000000
    59 -0.000004 -13.013485 -0.000004 0.010936 -0.284121 -0.076428
    60 0.161133 -10.812500 0.023087 0.010936 -0.284121 -0.076428
  time 4
    0 0.000000 0.826660 0.000001 -1.559900 -0.000006 -0.000006
    1 -10.723376 4.021813 0.943485 -0.584730 -0.363469 0.128653
    2 0.000000 14.313023 0.000003 -1.558550 0.000000 0.000000
    3 -0.000011 13.013483 -0.000005 -0.479753 0.033489 1.159376
    4 8.648438 7.792969 3.429688 2.222705 0.399521 -1.404265
    5 0.000000 -14.313034 0.000000 -1.556552 0.000000 0.000000
    6 -0.000004 -13.013485 -0.000004 0.538394 0.815277 0.754107
    7 -1.330879 -2.698427 0.462449 -0.194886 -0.547260 3.056712
    8 1.330910 2.698444 -0.462436 0.194890 0.547268 -0.084879
    9 7.257103 4.554650 -3.010861 -1.937239 -0.275357 -3.272593
    10 10.570313 2.281250 -6.343750 -2.460934 -0.275417 3.010575
    11 1.806641 7.578125 -7.234375 -1.550988 -0.382996 1.806934
    12 1.377930 7.875000 -12.054688 -1.277176 -0.488708 1.819244
    13 4.531250 3.457031 -3.607422 -1.647836 -0.580608 1.782439
    14 5.974704 2.920219 -4.391550 -1.937293 -0.275375 -3.272526
    15 7.558525 6.997282 -2.354134 -1.937336 -0.275393 3.010581
    16 7.558525 6.997282 -2.354134 1.937336 0.275393 -0.131011
    17 -2.867767 -2.740969 0.531125 2.051196 0.577049 -0.321829
    18 8.375000 1.621094 -7.539063 -1.937333 -0.275414 3.010565
    19 2.614002 2.377790 -5.879168 -1.937294 -0.275355 -3.272537
    20 5.595486 4.607124 0.422674 -1.090396 0.577049 -0.321829
    21 6.233833 5.542564 0.898426 -1.090396 0.577049 -0.321829
    22 6.946648 6.587124 1.429667 -1.090396 0.577049 -0.321829
    23 7.537933 7.453606 1.870349 -1.090396 0.577049 -0.321829
    24 8.154472 8.357077 2.329839 -1.090396 0.577049 -0.321829
    25 8.874294 9.411907 2.866308 -1.090396 0.577049 -0.321829
    26 -4.125858 -2.321501 1.394414 2.051196 0.577049 -0.321829
    27 -4.826813 -3.348669 0.872014 2.051196 0.577049 -0.321829
    28 -5.441669 -4.249685 0.413772 2.051196 0.577049 -0.321829
    29 -0.552532 -1.343527 1.604446 -0.531397 0.349107 -0.535250
    30 0.552589 1.343534 -1.604463 -0.572351 0.200763 -0.519410
    31 0.000000 -2.021618 -0.000004 -0.140762 0.000000 0.000000
    32 -0.000021 2.021633 0.000027 -0.182286 0.000000 0.000000
    33 -0.000004 -1.136217 -0.000004 -0.537682 0.000000 0.000000
    34 -0.000011 1.136200 -0.000019 -0.591471 0.000000 0.000000
    35 -0.032677 -4.587727 1.352317 2.444718 1.216159 2.484986
    36 0.032719 4.587772 -1.352291 2.844703 1.216154 2.484990
    37 0.000000 -1.754536 -0.000002 0.193351 0.000000 0.000000
    38 -0.000006 1.754520 -0.000034 0.301016 0.000000 0.000000
    39 0.000000 -1.227020 -0.000002 0.955670 0.000000 0.000000
    40 0.000002 1.227070 0.000032 0.655020 0.000000 0.000000
    41 -0.367996 -4.208406 0.173244 2.475865 1.091695 2.536227
    42 0.368011 4.208412 -0.173239 2.894879 1.091697 2.536230
    43 0.000000 -2.372318 -0.000004 0.834666 0.000000 0.000000
    44 -0.000006 2.372318 -0.000032 0.737827 0.000000 0.000000
    45 0.000004 -1.580070 -0.000001 0.495055 0.000000 0.000000
    46 -0.000002 1.580170 0.000030 0.744518 0.000000 0.000000
    47 -0.937645 -3.860697 -0.959317 2.205251 0.797005 2.273736
    48 0.937672 3.860714 0.959333 2.990775 1.016697 2.713704
    49 0.000000 -1.690632 0.000000 0.848242 0.000000 0.000000
    50 -0.000013 1.690666 0.000021 0.568265 0.000000 0.000000
    51 -0.000002 -1.423443 0.000002 0.234212 0.000000 0.000000
    52 0.000008 1.423420 0.000028 0.761967 0.000000 0.000000
    53 -1.546646 -3.404194 -1.915569 2.750280 1.118484 2.534731
    54 1.546661 3.404217 1.915585 -3.076191 1.031499 2.824457
    55 0.000004 -1.437820 0.000000 0.424958 0.000000 0.000000
    56 -0.000021 1.437870 0.000031 -0.074280 0.000000 0.000000
    57 -0.000002 -1.059402 0.000000 0.322075 0.000000 0.000000
    58 0.000006 1.059372 0.000008 0.911714 0.000000 0.000000
    59 -0.000004 -13.013485 -0.000004 0.010936 -0.284121 -0.076428
    60 0.161133 -10.812500 0.023087 0.010936 -0.284121 -0.076428
  time 5
    0 0.000000 0.826660 0.000001 -1.559900 -0.000006 -0.000006
    1 -10.723376 4.021813 0.943485 -0.582887 -0.364327 0.127966
    2 0.000000 14.313023 0.000003 -1.560260 0.000000 0.000000
    3 -0.000011 13.013483 -0.000005 -0.478415 0.033960 1.159856
    4 8.648438 7.792969 3.429688 2.222705 0.399521 -1.404265
    5 0.000000 -14.313034 0.000000 -1.556552 0.000000 0.000000
    6 -0.000004 -13.013485 -0.000004 0.538394 0.815277 0.754107
    7 -1.330879 -2.698427 0.462449 -0.194886 -0.547260 3.056712
    8 1.330910 2.698444 -0.462436 0.194890 0.547268 -0.084879
    9 7.257103 4.554650 -3.010861 -1.937239 -0.275357 -3.272593
    10 10.570313 2.281250 -6.343750 -2.460934 -0.275417 3.010575
    11 1.806641 7.578125 -7.234375 -1.550988 -0.382996 1.806934
    12 1.377930 7.875000 -12.054688 -1.277176 -0.488708 1.819244
    13 4.531250 3.457031 -3.607422 -1.647836 -0.580608 1.782439
    14 5.974704 2.920219 -4.391550 -1.937293 -0.275375 -3.272526
    15 7.558525 6.997282 -2.354134 -1.937336 -0.275393 3.010581
    16 7.558525 6.997282 -2.354134 1.937336 0.275393 -0.131011
    17 -2.867767 -2.740969 0.531125 2.051196 0.577049 -0.321829
    18 8.375000 1.621094 -7.539063 -1.937333 -0.275414 3.010565
    19 2.614002 2.377790 -5.879168 -1.937294 -0.275355 -3.272537
    20 5.595486 4.607124 0.422674 -1.090396 0.577049 -0.321829
    21 6.233833 5.542564 0.898426 -1.090396 0.577049 -0.321829
    22 6.946648 6.587124 1.429667 -1.090396 0.577049 -0.321829
    23 7.537933 7.453606 1.870349 -1.090396 0.577049 -0.321829
    24 8.154472 8.357077 2.329839 -1.090396 0.577049 -0.321829
    25 8.874294 9.411907 2.866308 -1.090396 0.577049 -0.321829
    26 -4.125858 -2.321501 1.394414 2.051196 0.577049 -0.321829
    27 -4.826813 -3.348669 0.872014 2.051196 0.577049 -0.321829
    28 -5.441669 -4.249685 0.413772 2.051196 0.577049 -0.321829
    29 -0.552532 -1.343527 1.604446 -0.531397 0.349107 -0.535250
    30 0.552589 1.343534 -1.604463 -0.572351 0.200763 -0.519410
    31 0.000000 -2.021618 -0.000004 -0.140762 0.000000 0.000000
    32 -0.000021 2.021633 0.000027 -0.182286 0.000000 0.000000
    33 -0.000004 -1.136217 -0.000004 -0.537682 0.000000 0.000000
    34 -0.000011 1.136200 -0.000019 -0.591471 0.000000 0.000000
    35 -0.032677 -4.587727 1.352317 2.444718 1.216159 2.484986
    36 0.032719 4.587772 -1.352291 2.844703 1.216154 2.484990
    37 0.000000 -1.754536 -0.000002 0.193351 0.000000 0.000000
    38 -0.000006 1.754520 -0.000034 0.301016 0.000000 0.000000
    39 0.000000 -1.227020 -0.000002 0.955670 0.000000 0.000000
    40 0.000002 1.227070 0.000032 0.655020 0.000000 0.000000
    41 -0.367996 -4.208406 0.173244 2.475865 1.091695 2.536227
    42 0.368011 4.208412 -0.173239 2.894879 1.091697 2.536230
    43 0.000000 -2.372318 -0.000004 0.834666 0.000000 0.000000
    44 -0.000006 2.372318 -0.000032 0.737827 0.000000 0.000000
    45 0.000004 -1.580070 -0.000001 0.495055 0.000000 0.000000
    46 -0.000002 1.580170 0.000030 0.744518 0.000000 0.000000
    47 -0.937645 -3.860697 -0.959317 2.205251 0.797005 2.273736
    48 0.937672 3.860714 0.959333 2.990775 1.016697 2.713704
    49 0.000000 -1.690632 0.000000 0.848242 0.000000 0.000000
    50 -0.000013 1.690666 0.000021 0.568265 0.000000 0.000000
    51 -0.000002 -1.423443 0.000002 0.234212 0.000000 0.000000
    52 0.000008 1.423420 0.000028 0.761967 0.000000 0.000000
    53 -1.546646 -3.404194 -1.915569 2.750280 1.118484 2.534731
    54 1.546661 3.404217 1.915585 -3.076191 1.031499 2.824457
    55 0.000004 -1.437820 0.000000 0.424958 0.000000 0.000000
    56 -0.000021 1.437870 0.000031 -0.074280 0.000000 0.000000
    57 -0.000002 -1.059402 0.000000 0.322075 0.000000 0.000000
    58 0.000006 1.059372 0.000008 0.911714 0.000000 0.000000
    59 -0.000004 -13.013485 -0.000004 0.010936 -0.284121 -0.076428
    60 0.161133 -10.812500 0.023087 0.010936 -0.284121 -0.076428
  time 6
    0 0.000000 0.826660 0.000001 -1.559900 -0.000006 -0.000006
    1 -10.723376 4.021813 0.943485 -0.581044 -0.365281 0.127202
    2 0.000000 14.313023 0.000003 -1.562093 0.000000 0.000000
    3 -0.000011 13.013483 -0.000005 -0.477173 0.034621 1.160527
    4 8.648438 7.792969 3.429688 2.222705 0.399521 -1.404265
    5 0.000000 -14.313034 0.000000 -1.556552 0.000000 0.000000
    6 -0.000004 -13.013485 -0.000004 0.538394 0.815277 0.754107
    7 -1.330879 -2.698427 0.462449 -0.194886 -0.547260 3.056712
    8 1.330910 2.698444 -0.462436 0.194890 0.547268 -0.084879
    9 7.257103 4.554650 -3.010861 -1.937239 -0.275357 -3.272593
    10 10.570313 2.281250 -6.343750 -2.460934 -0.275417 3.010575
    11 1.806641 7.578125 -7.234375 -1.550988 -0.382996 1.806934
    12 1.377930 7.875000 -12.054688 -1.277176 -0.488708 1.819244
    13 4.531250 3.457031 -3.607422 -1.647836 -0.580608 1.782439
    14 5.974704 2.920219 -4.391550 -1.937293 -0.275375 -3.272526
    15 7.558525 6.997282 -2.354134 -1.937336 -0.275393 3.010581
    16 7.558525 6.997282 -2.354134 1.937336 0.275393 -0.131011
    17 -2.867767 -2.740969 0.531125 2.051196 0.577049 -0.321829
    18 8.375000 1.621094 -7.539063 -1.937333 -0.275414 3.010565
    19 2.614002 2.377790 -5.879168 -1.937294 -0.275355 -3.272537
    20 5.595486 4.607124 0.422674 -1.090396 0.577049 -0.321829
    21 6.233833 5.542564 0.898426 -1.090396 0.577049 -0.321829
    22 6.946648 6.587124 1.429667 -1.090396 0.577049 -0.321829
    23 7.537933 7.453606 1.870349 -1.090396 0.577049 -0.321829
    24 8.154472 8.357077 2.329839 -1.090396 0.577049 -0.321829
    25 8.874294 9.411907 2.866308 -1.090396 0.577049 -0.321829
    26 -4.125858 -2.321501 1.394414 2.051196 0.577049 -0.321829
    27 -4.826813 -3.348669 0.872014 2.051196 0.577049 -0.321829
    28 -5.441669 -4.249685 0.413772 2.051196 0.577049 -0.321829
    29 -0.552532 -1.343527 1.604446 -0.531397 0.349107 -0.535250
    30 0.552589 1.343534 -1.604463 -0.572351 0.200763 -0.519410
    31 0.000000 -2.021618 -0.000004 -0.140762 0.000000 0.000000
    32 -0.000021 2.021633 0.000027 -0.182286 0.000000 0.000000
    33 -0.000004 -1.136217 -0.000004 -0.537682 0.000000 0.000000
    34 -0.000011 1.136200 -0.000019 -0.591471 0.000000 0.000000
    35 -0.032677 -4.587727 1.352317 2.444718 1.216159 2.484986
    36 0.032719 4.587772 -1.352291 2.844703 1.216154 2.484990
    37 0.000000 -1.754536 -0.000002 0.193351 0.000000 0.000000
    38 -0.000006 1.754520 -0.000034 0.301016 0.000000 0.000000
    39 0.000000 -1.227020 -0.000002 0.955670 0.000000 0.000000
    40 0.000002 1.227070 0.000032 0.655020 0.000000 0.000000
    41 -0.367996 -4.208406 0.173244 2.475865 1.091695 2.536227
    42 0.368011 4.208412 -0.173239 2.894879 1.091697 2.536230
    43 0.000000 -2.372318 -0.000004 0.834666 0.000000 0.000000
    44 -0.000006 2.372318 -0.000032 0.737827 0.000000 0.000000
    45 0.000004 -1.580070 -0.000001 0.495055 0.000000 0.000000
    46 -0.000002 1.580170 0.000030 0.744518 0.000000 0.000000
    47 -0.937645 -3.860697 -0.959317 2.205251 0.797005 2.273736
    48 0.937672 3.860714 0.959333 2.990775 1.016697 2.713704
    49 0.000000 -1.690632 0.000000 0.848242 0.000000 0.000000
    50 -0.000013 1.690666 0.000021 0.568265 0.000000 0.000000
    51 -0.000002 -1.423443 0.000002 0.234212 0.000000 0.000000
    52 0.000008 1.423420 0.000028 0.761967 0.000000 0.000000
    53 -1.546646 -3.404194 -1.915569 2.750280 1.118484 2.534731
    54 1.546661 3.404217 1.915585 -3.076191 1.031499 2.824457
    55 0.000004 -1.437820 0.000000 0.424958 0.000000 0.000000
    56 -0.000021 1.437870 0.000031 -0.074280 0.000000 0.000000
    57 -0.000002 -1.059402 0.000000 0.322075 0.000000 0.000000
    58 0.000006 1.059372 0.000008 0.911714 0.000000 0.000000
    59 -0.000004 -13.013485 -0.000004 0.010936 -0.284121 -0.076428
    60 0.161133 -10.812500 0.023087 0.010936 -0.284121 -0.076428
  time 7
    0 0.000000 0.826660 0.000001 -1.559900 -0.000006 -0.000006
    1 -10.723376 4.021813 0.943485 -0.579017 -0.366235 0.126438
    2 0.000000 14.313023 0.000003 -1.563987 0.000000 0.000000
    3 -0.000011 13.013483 -0.000005 -0.475835 0.035375 1.161102
    4 8.648438 7.792969 3.429688 2.222705 0.399521 -1.404265
    5 0.000000 -14.313034 0.000000 -1.556552 0.000000 0.000000
    6 -0.000004 -13.013485 -0.000004 0.538394 0.815277 0.754107
    7 -1.330879 -2.698427 0.462449 -0.194886 -0.547260 3.056712
    8 1.330910 2.698444 -0.462436 0.194890 0.547268 -0.084879
    9 7.257103 4.554650 -3.010861 -1.937239 -0.275357 -3.272593
    10 10.570313 2.281250 -6.343750 -2.460934 -0.275417 3.010575
    11 1.806641 7.578125 -7.234375 -1.550988 -0.382996 1.806934
    12 1.377930 7.875000 -12.054688 -1.277176 -0.488708 1.819244
    13 4.531250 3.457031 -3.607422 -1.647836 -0.580608 1.782439
    14 5.974704 2.920219 -4.391550 -1.937293 -0.275375 -3.272526
    15 7.558525 6.997282 -2.354134 -1.937336 -0.275393 3.010581
    16 7.558525 6.997282 -2.354134 1.937336 0.275393 -0.131011
    17 -2.867767 -2.740969 0.531125 2.051196 0.577049 -0.321829
    18 8.375000 1.621094 -7.539063 -1.937333 -0.275414 3.010565
    19 2.614002 2.377790 -5.879168 -1.937294 -0.275355 -3.272537
    20 5.595486 4.607124 0.422674 -1.090396 0.577049 -0.321829
    21 6.233833 5.542564 0.898426 -1.090396 0.577049 -0.321829
    22 6.946648 6.587124 1.429667 -1.090396 0.577049 -0.321829
    23 7.537933 7.453606 1.870349 -1.090396 0.577049 -0.321829
    24 8.154472 8.357077 2.329839 -1.090396 0.577049 -0.321829
    25 8.874294 9.411907 2.866308 -1.090396 0.577049 -0.321829
    26 -4.125858 -2.321501 1.394414 2.051196 0.577049 -0.321829
    27 -4.826813 -3.348669 0.872014 2.051196 0.577049 -0.321829
    28 -5.441669 -4.249685 0.413772 2.051196 0.577049 -0.321829
    29 -0.552532 -1.343527 1.604446 -0.531397 0.349107 -0.535250
    30 0.552589 1.343534 -1.604463 -0.572351 0.200763 -0.519410
    31 0.000000 -2.021618 -0.000004 -0.140762 0.000000 0.000000
    32 -0.000021 2.021633 0.000027 -0.182286 0.000000 0.000000
    33 -0.000004 -1.136217 -0.000004 -0.537682 0.000000 0.000000
    34 -0.000011 1.136200 -0.000019 -0.591471 0.000000 0.000000
    35 -0.032677 -4.587727 1.352317 2.444718 1.216159 2.484986
    36 0.032719 4.587772 -1.352291 2.844703 1.216154 2.484990
    37 0.000000 -1.754536 -0.000002 0.193351 0.000000 0.000000
    38 -0.000006 1.754520 -0.000034 0.301016 0.000000 0.000000
    39 0.000000 -1.227020 -0.000002 0.955670 0.000000 0.000000
    40 0.000002 1.227070 0.000032 0.655020 0.000000 0.000000
    41 -0.367996 -4.208406 0.173244 2.475865 1.091695 2.536227
    42 0.368011 4.208412 -0.173239 2.894879 1.091697 2.536230
    43 0.000000 -2.372318 -0.000004 0.834666 0.000000 0.000000
    44 -0.000006 2.372318 -0.000032 0.737827 0.000000 0.000000
    45 0.000004 -1.580070 -0.000001 0.495055 0.000000 0.000000
    46 -0.000002 1.580170 0.000030 0.744518 0.000000 0.000000
    47 -0.937645 -3.860697 -0.959317 2.205251 0.797005 2.273736
    48 0.937672 3.860714 0.959333 2.990775 1.016697 2.713704
    49 0.000000 -1.690632 0.000000 0.848242 0.000000 0.000000
    50 -0.000013 1.690666 0.000021 0.568265 0.000000 0.000000
    51 -0.000002 -1.423443 0.000002 0.234212 0.000000 0.000000
    52 0.000008 1.423420 0.000028 0.761967 0.000000 0.000000
    53 -1.546646 -3.404194 -1.915569 2.750280 1.118484 2.534731
    54 1.546661 3.404217 1.915585 -3.076191 1.031499 2.824457
    55 0.000004 -1.437820 0.000000 0.424958 0.000000 0.000000
    56 -0.000021 1.437870 0.000031 -0.074280 0.000000 0.000000
    57 -0.000002 -1.059402 0.000000 0.322075 0.000000 0.000000
    58 0.000006 1.059372 0.000008 0.911714 0.000000 0.000000
    59 -0.000004 -13.013485 -0.000004 0.010936 -0.284121 -0.076428
    60 0.161133 -10.812500 0.023087 0.010936 -0.284121 -0.076428
  time 8
    0 0.000000 0.826660 0.000001 -1.559900 -0.000006 -0.000006
    1 -10.723376 4.021813 0.943485 -0.576621 -0.367141 0.125674
    2 0.000000 14.313023 0.000003 -1.565943 0.000000 0.000000
    3 -0.000011 13.013483 -0.000005 -0.474688 0.036366 1.161485
    4 8.648438 7.792969 3.429688 2.222705 0.399521 -1.404265
    5 0.000000 -14.313034 0.000000 -1.556552 0.000000 0.000000
    6 -0.000004 -13.013485 -0.000004 0.538394 0.815277 0.754107
    7 -1.330879 -2.698427 0.462449 -0.194886 -0.547260 3.056712
    8 1.330910 2.698444 -0.462436 0.194890 0.547268 -0.084879
    9 7.257103 4.554650 -3.010861 -1.937239 -0.275357 -3.272593
    10 10.570313 2.281250 -6.343750 -2.460934 -0.275417 3.010575
    11 1.806641 7.578125 -7.234375 -1.550988 -0.382996 1.806934
    12 1.377930 7.875000 -12.054688 -1.277176 -0.488708 1.819244
    13 4.531250 3.457031 -3.607422 -1.647836 -0.580608 1.782439
    14 5.974704 2.920219 -4.391550 -1.937293 -0.275375 -3.272526
    15 7.558525 6.997282 -2.354134 -1.937336 -0.275393 3.010581
    16 7.558525 6.997282 -2.354134 1.937336 0.275393 -0.131011
    17 -2.867767 -2.740969 0.531125 2.051196 0.577049 -0.321829
    18 8.375000 1.621094 -7.539063 -1.937333 -0.275414 3.010565
    19 2.614002 2.377790 -5.879168 -1.937294 -0.275355 -3.272537
    20 5.595486 4.607124 0.422674 -1.090396 0.577049 -0.321829
    21 6.233833 5.542564 0.898426 -1.090396 0.577049 -0.321829
    22 6.946648 6.587124 1.429667 -1.090396 0.577049 -0.321829
    23 7.537933 7.453606 1.870349 -1.090396 0.577049 -0.321829
    24 8.154472 8.357077 2.329839 -1.090396 0.577049 -0.321829
    25 8.874294 9.411907 2.866308 -1.090396 0.577049 -0.321829
    26 -4.125858 -2.321501 1.394414 2.051196 0.577049 -0.321829
    27 -4.826813 -3.348669 0.872014 2.051196 0.577049 -0.321829
    28 -5.441669 -4.249685 0.413772 2.051196 0.577049 -0.321829
    29 -0.552532 -1.343527 1.604446 -0.531397 0.349107 -0.535250
    30 0.552589 1.343534 -1.604463 -0.572351 0.200763 -0.519410
    31 0.000000 -2.021618 -0.000004 -0.140762 0.000000 0.000000
    32 -0.000021 2.021633 0.000027 -0.182286 0.000000 0.000000
    33 -0.000004 -1.136217 -0.000004 -0.537682 0.000000 0.000000
    34 -0.000011 1.136200 -0.000019 -0.591471 0.000000 0.000000
    35 -0.032677 -4.587727 1.352317 2.444718 1.216159 2.484986
    36 0.032719 4.587772 -1.352291 2.844703 1.216154 2.484990
    37 0.000000 -1.754536 -0.000002 0.193351 0.000000 0.000000
    38 -0.000006 1.754520 -0.000034 0.301016 0.000000 0.000000
    39 0.000000 -1.227020 -0.000002 0.955670 0.000000 0.000000
    40 0.000002 1.227070 0.000032 0.655020 0.000000 0.000000
    41 -0.367996 -4.208406 0.173244 2.475865 1.091695 2.536227
    42 0.368011 4.208412 -0.173239 2.894879 1.091697 2.536230
    43 0.000000 -2.372318 -0.000004 0.834666 0.000000 0.000000
    44 -0.000006 2.372318 -0.000032 0.737827 0.000000 0.000000
    45 0.000004 -1.580070 -0.000001 0.495055 0.000000 0.000000
    46 -0.000002 1.580170 0.000030 0.744518 0.000000 0.000000
    47 -0.937645 -3.860697 -0.959317 2.205251 0.797005 2.273736
    48 0.937672 3.860714 0.959333 2.990775 1.016697 2.713704
    49 0.000000 -1.690632 0.000000 0.848242 0.000000 0.000000
    50 -0.000013 1.690666 0.000021 0.568265 0.000000 0.000000
    51 -0.000002 -1.423443 0.000002 0.234212 0.000000 0.000000
    52 0.000008 1.423420 0.000028 0.761967 0.000000 0.000000
    53 -1.546646 -3.404194 -1.915569 2.750280 1.118484 2.534731
    54 1.546661 3.404217 1.915585 -3.076191 1.031499 2.824457
    55 0.000004 -1.437820 0.000000 0.424958 0.000000 0.000000
    56 -0.000021 1.437870 0.000031 -0.074280 0.000000 0.000000
    57 -0.000002 -1.059402 0.000000 0.322075 0.000000 0.000000
    58 0.000006 1.059372 0.000008 0.911714 0.000000 0.000000
    59 -0.000004 -13.013485 -0.000004 0.010936 -0.284121 -0.076428
    60 0.161133 -10.812500 0.023087 0.010936 -0.284121 -0.076428
  time 9
    0 0.000000 0.826660 0.000001 -1.559900 -0.000006 -0.000006
    1 -10.723376 4.021813 0.943485 -0.574133 -0.367999 0.124987
    2 0.000000 14.313023 0.000003 -1.567837 0.000000 0.000000
    3 -0.000011 13.013483 -0.000005 -0.473637 0.037545 1.161965
    4 8.648438 7.792969 3.429688 2.222705 0.399521 -1.404265
    5 0.000000 -14.313034 0.000000 -1.556552 0.000000 0.000000
    6 -0.000004 -13.013485 -0.000004 0.538394 0.815277 0.754107
    7 -1.330879 -2.698427 0.462449 -0.194886 -0.547260 3.056712
    8 1.330910 2.698444 -0.462436 0.194890 0.547268 -0.084879
    9 7.257103 4.554650 -3.010861 -1.937239 -0.275357 -3.272593
    10 10.570313 2.281250 -6.343750 -2.460934 -0.275417 3.010575
    11 1.806641 7.578125 -7.234375 -1.550988 -0.382996 1.806934
    12 1.377930 7.875000 -12.054688 -1.277176 -0.488708 1.819244
    13 4.531250 3.457031 -3.607422 -1.647836 -0.580608 1.782439
    14 5.974704 2.920219 -4.391550 -1.937293 -0.275375 -3.272526
    15 7.558525 6.997282 -2.354134 -1.937336 -0.275393 3.010581
    16 7.558525 6.997282 -2.354134 1.937336 0.275393 -0.131011
    17 -2.867767 -2.740969 0.531125 2.051196 0.577049 -0.321829
    18 8.375000 1.621094 -7.539063 -1.937333 -0.275414 3.010565
    19 2.614002 2.377790 -5.879168 -1.937294 -0.275355 -3.272537
    20 5.595486 4.607124 0.422674 -1.090396 0.577049 -0.321829
    21 6.233833 5.542564 0.898426 -1.090396 0.577049 -0.321829
    22 6.946648 6.587124 1.429667 -1.090396 0.577049 -0.321829
    23 7.537933 7.453606 1.870349 -1.090396 0.577049 -0.321829
    24 8.154472 8.357077 2.329839 -1.090396 0.577049 -0.321829
    25 8.874294 9.411907 2.866308 -1.090396 0.577049 -0.321829
    26 -4.125858 -2.321501 1.394414 2.051196 0.577049 -0.321829
    27 -4.826813 -3.348669 0.872014 2.051196 0.577049 -0.321829
    28 -5.441669 -4.249685 0.413772 2.051196 0.577049 -0.321829
    29 -0.552532 -1.343527 1.604446 -0.531397 0.349107 -0.535250
    30 0.552589 1.343534 -1.604463 -0.572351 0.200763 -0.519410
    31 0.000000 -2.021618 -0.000004 -0.140762 0.000000 0.000000
    32 -0.000021 2.021633 0.000027 -0.182286 0.000000 0.000000
    33 -0.000004 -1.136217 -0.000004 -0.537682 0.000000 0.000000
    34 -0.000011 1.136200 -0.000019 -0.591471 0.000000 0.000000
    35 -0.032677 -4.587727 1.352317 2.444718 1.216159 2.484986
    36 0.032719 4.587772 -1.352291 2.844703 1.216154 2.484990
    37 0.000000 -1.754536 -0.000002 0.193351 0.000000 0.000000
    38 -0.000006 1.754520 -0.000034 0.301016 0.000000 0.000000
    39 0.000000 -1.227020 -0.000002 0.955670 0.000000 0.000000
    40 0.000002 1.227070 0.000032 0.655020 0.000000 0.000000
    41 -0.367996 -4.208406 0.173244 2.475865 1.091695 2.536227
    42 0.368011 4.208412 -0.173239 2.894879 1.091697 2.536230
    43 0.000000 -2.372318 -0.000004 0.834666 0.000000 0.000000
    44 -0.000006 2.372318 -0.000032 0.737827 0.000000 0.000000
    45 0.000004 -1.580070 -0.000001 0.495055 0.000000 0.000000
    46 -0.000002 1.580170 0.000030 0.744518 0.000000 0.000000
    47 -0.937645 -3.860697 -0.959317 2.205251 0.797005 2.273736
    48 0.937672 3.860714 0.959333 2.990775 1.016697 2.713704
    49 0.000000 -1.690632 0.000000 0.848242 0.000000 0.000000
    50 -0.000013 1.690666 0.000021 0.568265 0.000000 0.000000
    51 -0.000002 -1.423443 0.000002 0.234212 0.000000 0.000000
    52 0.000008 1.423420 0.000028 0.761967 0.000000 0.000000
    53 -1.546646 -3.404194 -1.915569 2.750280 1.118484 2.534731
    54 1.546661 3.404217 1.915585 -3.076191 1.031499 2.824457
    55 0.000004 -1.437820 0.000000 0.424958 0.000000 0.000000
    56 -0.000021 1.437870 0.000031 -0.074280 0.000000 0.000000
    57 -0.000002 -1.059402 0.000000 0.322075 0.000000 0.000000
    58 0.000006 1.059372 0.000008 0.911714 0.000000 0.000000
    59 -0.000004 -13.013485 -0.000004 0.010936 -0.284121 -0.076428
    60 0.161133 -10.812500 0.023087 0.010936 -0.284121 -0.076428
  time 10
    0 0.000000 0.826660 0.000001 -1.559900 -0.000006 -0.000006
    1 -10.723376 4.021813 0.943485 -0.571553 -0.368715 0.124452
    2 0.000000 14.313023 0.000003 -1.569608 0.000000 0.000000
    3 -0.000011 13.013483 -0.000005 -0.472777 0.038866 1.162348
    4 8.648438 7.792969 3.429688 2.222705 0.399521 -1.404265
    5 0.000000 -14.313034 0.000000 -1.556552 0.000000 0.000000
    6 -0.000004 -13.013485 -0.000004 0.538394 0.815277 0.754107
    7 -1.330879 -2.698427 0.462449 -0.194886 -0.547260 3.056712
    8 1.330910 2.698444 -0.462436 0.194890 0.547268 -0.084879
    9 7.257103 4.554650 -3.010861 -1.937239 -0.275357 -3.272593
    10 10.570313 2.281250 -6.343750 -2.460934 -0.275417 3.010575
    11 1.806641 7.578125 -7.234375 -1.550988 -0.382996 1.806934
    12 1.377930 7.875000 -12.054688 -1.277176 -0.488708 1.819244
    13 4.531250 3.457031 -3.607422 -1.647836 -0.580608 1.782439
    14 5.974704 2.920219 -4.391550 -1.937293 -0.275375 -3.272526
    15 7.558525 6.997282 -2.354134 -1.937336 -0.275393 3.010581
    16 7.558525 6.997282 -2.354134 1.937336 0.275393 -0.131011
    17 -2.867767 -2.740969 0.531125 2.051196 0.577049 -0.321829
    18 8.375000 1.621094 -7.539063 -1.937333 -0.275414 3.010565
    19 2.614002 2.377790 -5.879168 -1.937294 -0.275355 -3.272537
    20 5.595486 4.607124 0.422674 -1.090396 0.577049 -0.321829
    21 6.233833 5.542564 0.898426 -1.090396 0.577049 -0.321829
    22 6.946648 6.587124 1.429667 -1.090396 0.577049 -0.321829
    23 7.537933 7.453606 1.870349 -1.090396 0.577049 -0.321829
    24 8.154472 8.357077 2.329839 -1.090396 0.577049 -0.321829
    25 8.874294 9.411907 2.866308 -1.090396 0.577049 -0.321829
    26 -4.125858 -2.321501 1.394414 2.051196 0.577049 -0.321829
    27 -4.826813 -3.348669 0.872014 2.051196 0.577049 -0.321829
    28 -5.441669 -4.249685 0.413772 2.051196 0.577049 -0.321829
    29 -0.552532 -1.343527 1.604446 -0.531397 0.349107 -0.535250
    30 0.552589 1.343534 -1.604463 -0.572351 0.200763 -0.519410
    31 0.000000 -2.021618 -0.000004 -0.140762 0.000000 0.000000
    32 -0.000021 2.021633 0.000027 -0.182286 0.000000 0.000000
    33 -0.000004 -1.136217 -0.000004 -0.537682 0.000000 0.000000
    34 -0.000011 1.136200 -0.000019 -0.591471 0.000000 0.000000
    35 -0.032677 -4.587727 1.352317 2.444718 1.216159 2.484986
    36 0.032719 4.587772 -1.352291 2.844703 1.216154 2.484990
    37 0.000000 -1.754536 -0.000002 0.193351 0.000000 0.000000
    38 -0.000006 1.754520 -0.000034 0.301016 0.000000 0.000000
    39 0.000000 -1.227020 -0.000002 0.955670 0.000000 0.000000
    40 0.000002 1.227070 0.000032 0.655020 0.000000 0.000000
    41 -0.367996 -4.208406 0.173244 2.475865 1.091695 2.536227
    42 0.368011 4.208412 -0.173239 2.894879 1.091697 2.536230
    43 0.000000 -2.372318 -0.000004 0.834666 0.000000 0.000000
    44 -0.000006 2.372318 -0.000032 0.737827 0.000000 0.000000
    45 0.000004 -1.580070 -0.000001 0.495055 0.000000 0.000000
    46 -0.000002 1.580170 0.000030 0.744518 0.000000 0.000000
    47 -0.937645 -3.860697 -0.959317 2.205251 0.797005 2.273736
    48 0.937672 3.860714 0.959333 2.990775 1.016697 2.713704
    49 0.000000 -1.690632 0.000000 0.848242 0.000000 0.000000
    50 -0.000013 1.690666 0.000021 0.568265 0.000000 0.000000
    51 -0.000002 -1.423443 0.000002 0.234212 0.000000 0.000000
    52 0.000008 1.423420 0.000028 0.761967 0.000000 0.000000
    53 -1.546646 -3.404194 -1.915569 2.750280 1.118484 2.534731
    54 1.546661 3.404217 1.915585 -3.076191 1.031499 2.824457
    55 0.000004 -1.437820 0.000000 0.424958 0.000000 0.000000
    56 -0.000021 1.437870 0.000031 -0.074280 0.000000 0.000000
    57 -0.000002 -1.059402 0.000000 0.322075 0.000000 0.000000
    58 0.000006 1.059372 0.000008 0.911714 0.000000 0.000000
    59 -0.000004 -13.013485 -0.000004 0.010936 -0.284121 -0.076428
    60 0.161133 -10.812500 0.023087 0.010936 -0.284121 -0.076428
  time 11
    0 0.000000 0.826660 0.000001 -1.559900 -0.000006 -0.000006
    1 -10.723376 4.021813 0.943485 -0.568604 -0.369335 0.123994
    2 0.000000 14.313023 0.000003 -1.571258 0.000000 0.000000
    3 -0.000011 13.013483 -0.000005 -0.472204 0.040375 1.162540
    4 8.648438 7.792969 3.429688 2.222705 0.399521 -1.404265
    5 0.000000 -14.313034 0.000000 -1.556552 0.000000 0.000000
    6 -0.000004 -13.013485 -0.000004 0.538394 0.815277 0.754107
    7 -1.330879 -2.698427 0.462449 -0.194886 -0.547260 3.056712
    8 1.330910 2.698444 -0.462436 0.194890 0.547268 -0.084879
    9 7.257103 4.554650 -3.010861 -1.937239 -0.275357 -3.272593
    10 10.570313 2.281250 -6.343750 -2.460934 -0.275417 3.010575
    11 1.806641 7.578125 -7.234375 -1.550988 -0.382996 1.806934
    12 1.377930 7.875000 -12.054688 -1.277176 -0.488708 1.819244
    13 4.531250 3.457031 -3.607422 -1.647836 -0.580608 1.782439
    14 5.974704 2.920219 -4.391550 -1.937293 -0.275375 -3.272526
    15 7.558525 6.997282 -2.354134 -1.937336 -0.275393 3.010581
    16 7.558525 6.997282 -2.354134 1.937336 0.275393 -0.131011
    17 -2.867767 -2.740969 0.531125 2.051196 0.577049 -0.321829
    18 8.375000 1.621094 -7.539063 -1.937333 -0.275414 3.010565
    19 2.614002 2.377790 -5.879168 -1.937294 -0.275355 -3.272537
    20 5.595486 4.607124 0.422674 -1.090396 0.577049 -0.321829
    21 6.233833 5.542564 0.898426 -1.090396 0.577049 -0.321829
    22 6.946648 6.587124 1.429667 -1.090396 0.577049 -0.321829
    23 7.537933 7.453606 1.870349 -1.090396 0.577049 -0.321829
    24 8.154472 8.357077 2.329839 -1.090396 0.577049 -0.321829
    25 8.874294 9.411907 2.866308 -1.090396 0.577049 -0.321829
    26 -4.125858 -2.321501 1.394414 2.051196 0.577049 -0.321829
    27 -4.826813 -3.348669 0.872014 2.051196 0.577049 -0.321829
    28 -5.441669 -4.249685 0.413772 2.051196 0.577049 -0.321829
    29 -0.552532 -1.343527 1.604446 -0.531397 0.349107 -0.535250
    30 0.552589 1.343534 -1.604463 -0.572351 0.200763 -0.519410
    31 0.000000 -2.021618 -0.000004 -0.140762 0.000000 0.000000
    32 -0.000021 2.021633 0.000027 -0.182286 0.000000 0.000000
    33 -0.000004 -1.136217 -0.000004 -0.537682 0.000000 0.000000
    34 -0.000011 1.136200 -0.000019 -0.591471 0.000000 0.000000
    35 -0.032677 -4.587727 1.352317 2.444718 1.216159 2.484986
    36 0.032719 4.587772 -1.352291 2.844703 1.216154 2.484990
    37 0.000000 -1.754536 -0.000002 0.193351 0.000000 0.000000
    38 -0.000006 1.754520 -0.000034 0.301016 0.000000 0.000000
    39 0.000000 -1.227020 -0.000002 0.955670 0.000000 0.000000
    40 0.000002 1.227070 0.000032 0.655020 0.000000 0.000000
    41 -0.367996 -4.208406 0.173244 2.475865 1.091695 2.536227
    42 0.368011 4.208412 -0.173239 2.894879 1.091697 2.536230
    43 0.000000 -2.372318 -0.000004 0.834666 0.000000 0.000000
    44 -0.000006 2.372318 -0.000032 0.737827 0.000000 0.000000
    45 0.000004 -1.580070 -0.000001 0.495055 0.000000 0.000000
    46 -0.000002 1.580170 0.000030 0.744518 0.000000 0.000000
    47 -0.937645 -3.860697 -0.959317 2.205251 0.797005 2.273736
    48 0.937672 3.860714 0.959333 2.990775 1.016697 2.713704
    49 0.000000 -1.690632 0.000000 0.848242 0.000000 0.000000
    50 -0.000013 1.690666 0.000021 0.568265 0.000000 0.000000
    51 -0.000002 -1.423443 0.000002 0.234212 0.000000 0.000000
    52 0.000008 1.423420 0.000028 0.761967 0.000000 0.000000
    53 -1.546646 -3.404194 -1.915569 2.750280 1.118484 2.534731
    54 1.546661 3.404217 1.915585 -3.076191 1.031499 2.824457
    55 0.000004 -1.437820 0.000000 0.424958 0.000000 0.000000
    56 -0.000021 1.437870 0.000031 -0.074280 0.000000 0.000000
    57 -0.000002 -1.059402 0.000000 0.322075 0.000000 0.000000
    58 0.000006 1.059372 0.000008 0.911714 0.000000 0.000000
    59 -0.000004 -13.013485 -0.000004 0.010936 -0.284121 -0.076428
    60 0.161133 -10.812500 0.023087 0.010936 -0.284121 -0.076428
  time 12
    0 0.000000 0.826660 0.000001 -1.559900 -0.000006 -0.000006
    1 -10.723376 4.021813 0.943485 -0.565840 -0.369811 0.123612
    2 0.000000 14.313023 0.000003 -1.572786 0.000000 0.000000
    3 -0.000011 13.013483 -0.000005 -0.471918 0.042167 1.162540
    4 8.648438 7.792969 3.429688 2.222705 0.399521 -1.404265
    5 0.000000 -14.313034 0.000000 -1.556552 0.000000 0.000000
    6 -0.000004 -13.013485 -0.000004 0.538394 0.815277 0.754107
    7 -1.330879 -2.698427 0.462449 -0.194886 -0.547260 3.056712
    8 1.330910 2.698444 -0.462436 0.194890 0.547268 -0.084879
    9 7.257103 4.554650 -3.010861 -1.937239 -0.275357 -3.272593
    10 10.570313 2.281250 -6.343750 -2.460934 -0.275417 3.010575
    11 1.806641 7.578125 -7.234375 -1.550988 -0.382996 1.806934
    12 1.377930 7.875000 -12.054688 -1.277176 -0.488708 1.819244
    13 4.531250 3.457031 -3.607422 -1.647836 -0.580608 1.782439
    14 5.974704 2.920219 -4.391550 -1.937293 -0.275375 -3.272526
    15 7.558525 6.997282 -2.354134 -1.937336 -0.275393 3.010581
    16 7.558525 6.997282 -2.354134 1.937336 0.275393 -0.131011
    17 -2.867767 -2.740969 0.531125 2.051196 0.577049 -0.321829
    18 8.375000 1.621094 -7.539063 -1.937333 -0.275414 3.010565
    19 2.614002 2.377790 -5.879168 -1.937294 -0.275355 -3.272537
    20 5.595486 4.607124 0.422674 -1.090396 0.577049 -0.321829
    21 6.233833 5.542564 0.898426 -1.090396 0.577049 -0.321829
    22 6.946648 6.587124 1.429667 -1.090396 0.577049 -0.321829
    23 7.537933 7.453606 1.870349 -1.090396 0.577049 -0.321829
    24 8.154472 8.357077 2.329839 -1.090396 0.577049 -0.321829
    25 8.874294 9.411907 2.866308 -1.090396 0.577049 -0.321829
    26 -4.125858 -2.321501 1.394414 2.051196 0.577049 -0.321829
    27 -4.826813 -3.348669 0.872014 2.051196 0.577049 -0.321829
    28 -5.441669 -4.249685 0.413772 2.051196 0.577049 -0.321829
    29 -0.552532 -1.343527 1.604446 -0.531397 0.349107 -0.535250
    30 0.552589 1.343534 -1.604463 -0.572351 0.200763 -0.519410
    31 0.000000 -2.021618 -0.000004 -0.140762 0.000000 0.000000
    32 -0.000021 2.021633 0.000027 -0.182286 0.000000 0.000000
    33 -0.000004 -1.136217 -0.000004 -0.537682 0.000000 0.000000
    34 -0.000011 1.136200 -0.000019 -0.591471 0.000000 0.000000
    35 -0.032677 -4.587727 1.352317 2.444718 1.216159 2.484986
    36 0.032719 4.587772 -1.352291 2.844703 1.216154 2.484990
    37 0.000000 -1.754536 -0.000002 0.193351 0.000000 0.000000
    38 -0.000006 1.754520 -0.000034 0.301016 0.000000 0.000000
    39 0.000000 -1.227020 -0.000002 0.955670 0.000000 0.000000
    40 0.000002 1.227070 0.000032 0.655020 0.000000 0.000000
    41 -0.367996 -4.208406 0.173244 2.475865 1.091695 2.536227
    42 0.368011 4.208412 -0.173239 2.894879 1.091697 2.536230
    43 0.000000 -2.372318 -0.000004 0.834666 0.000000 0.000000
    44 -0.000006 2.372318 -0.000032 0.737827 0.000000 0.000000
    45 0.000004 -1.580070 -0.000001 0.495055 0.000000 0.000000
    46 -0.000002 1.580170 0.000030 0.744518 0.000000 0.000000
    47 -0.937645 -3.860697 -0.959317 2.205251 0.797005 2.273736
    48 0.937672 3.860714 0.959333 2.990775 1.016697 2.713704
    49 0.000000 -1.690632 0.000000 0.848242 0.000000 0.000000
    50 -0.000013 1.690666 0.000021 0.568265 0.000000 0.000000
    51 -0.000002 -1.423443 0.000002 0.234212 0.000000 0.000000
    52 0.000008 1.423420 0.000028 0.761967 0.000000 0.000000
    53 -1.546646 -3.404194 -1.915569 2.750280 1.118484 2.534731
    54 1.546661 3.404217 1.915585 -3.076191 1.031499 2.824457
    55 0.000004 -1.437820 0.000000 0.424958 0.000000 0.000000
    56 -0.000021 1.437870 0.000031 -0.074280 0.000000 0.000000
    57 -0.000002 -1.059402 0.000000 0.322075 0.000000 0.000000
    58 0.000006 1.059372 0.000008 0.911714 0.000000 0.000000
    59 -0.000004 -13.013485 -0.000004 0.010936 -0.284121 -0.076428
    60 0.161133 -10.812500 0.023087 0.010936 -0.284121 -0.076428
  time 13
    0 0.000000 0.826660 0.000001 -1.559900 -0.000006 -0.000006
    1 -10.723376 4.021813 0.943485 -0.562799 -0.370050 0.123383
    2 0.000000 14.313023 0.000003 -1.574008 0.000000 0.000000
    3 -0.000011 13.013483 -0.000005 -0.472013 0.044290 1.162540
    4 8.648438 7.792969 3.429688 2.222705 0.399521 -1.404265
    5 0.000000 -14.313034 0.000000 -1.556552 0.000000 0.000000
    6 -0.000004 -13.013485 -0.000004 0.538394 0.815277 0.754107
    7 -1.330879 -2.698427 0.462449 -0.194886 -0.547260 3.056712
    8 1.330910 2.698444 -0.462436 0.194890 0.547268 -0.084879
    9 7.257103 4.554650 -3.010861 -1.937239 -0.275357 -3.272593
    10 10.570313 2.281250 -6.343750 -2.460934 -0.275417 3.010575
    11 1.806641 7.578125 -7.234375 -1.550988 -0.382996 1.806934
    12 1.377930 7.875000 -12.054688 -1.277176 -0.488708 1.819244
    13 4.531250 3.457031 -3.607422 -1.647836 -0.580608 1.782439
    14 5.974704 2.920219 -4.391550 -1.937293 -0.275375 -3.272526
    15 7.558525 6.997282 -2.354134 -1.937336 -0.275393 3.010581
    16 7.558525 6.997282 -2.354134 1.937336 0.275393 -0.131011
    17 -2.867767 -2.740969 0.531125 2.051196 0.577049 -0.321829
    18 8.375000 1.621094 -7.539063 -1.937333 -0.275414 3.010565
    19 2.614002 2.377790 -5.879168 -1.937294 -0.275355 -3.272537
    20 5.595486 4.607124 0.422674 -1.090396 0.577049 -0.321829
    21 6.233833 5.542564 0.898426 -1.090396 0.577049 -0.321829
    22 6.946648 6.587124 1.429667 -1.090396 0.577049 -0.321829
    23 7.537933 7.453606 1.870349 -1.090396 0.577049 -0.321829
    24 8.154472 8.357077 2.329839 -1.090396 0.577049 -0.321829
    25 8.874294 9.411907 2.866308 -1.090396 0.577049 -0.321829
    26 -4.125858 -2.321501 1.394414 2.051196 0.577049 -0.321829
    27 -4.826813 -3.348669 0.872014 2.051196 0.577049 -0.321829
    28 -5.441669 -4.249685 0.413772 2.051196 0.577049 -0.321829
    29 -0.552532 -1.343527 1.604446 -0.531397 0.349107 -0.535250
    30 0.552589 1.343534 -1.604463 -0.572351 0.200763 -0.519410
    31 0.000000 -2.021618 -0.000004 -0.140762 0.000000 0.000000
    32 -0.000021 2.021633 0.000027 -0.182286 0.000000 0.000000
    33 -0.000004 -1.136217 -0.000004 -0.537682 0.000000 0.000000
    34 -0.000011 1.136200 -0.000019 -0.591471 0.000000 0.000000
    35 -0.032677 -4.587727 1.352317 2.444718 1.216159 2.484986
    36 0.032719 4.587772 -1.352291 2.844703 1.216154 2.484990
    37 0.000000 -1.754536 -0.000002 0.193351 0.000000 0.000000
    38 -0.000006 1.754520 -0.000034 0.301016 0.000000 0.000000
    39 0.000000 -1.227020 -0.000002 0.955670 0.000000 0.000000
    40 0.000002 1.227070 0.000032 0.655020 0.000000 0.000000
    41 -0.367996 -4.208406 0.173244 2.475865 1.091695 2.536227
    42 0.368011 4.208412 -0.173239 2.894879 1.091697 2.536230
    43 0.000000 -2.372318 -0.000004 0.834666 0.000000 0.000000
    44 -0.000006 2.372318 -0.000032 0.737827 0.000000 0.000000
    45 0.000004 -1.580070 -0.000001 0.495055 0.000000 0.000000
    46 -0.000002 1.580170 0.000030 0.744518 0.000000 0.000000
    47 -0.937645 -3.860697 -0.959317 2.205251 0.797005 2.273736
    48 0.937672 3.860714 0.959333 2.990775 1.016697 2.713704
    49 0.000000 -1.690632 0.000000 0.848242 0.000000 0.000000
    50 -0.000013 1.690666 0.000021 0.568265 0.000000 0.000000
    51 -0.000002 -1.423443 0.000002 0.234212 0.000000 0.000000
    52 0.000008 1.423420 0.000028 0.761967 0.000000 0.000000
    53 -1.546646 -3.404194 -1.915569 2.750280 1.118484 2.534731
    54 1.546661 3.404217 1.915585 -3.076191 1.031499 2.824457
    55 0.000004 -1.437820 0.000000 0.424958 0.000000 0.000000
    56 -0.000021 1.437870 0.000031 -0.074280 0.000000 0.000000
    57 -0.000002 -1.059402 0.000000 0.322075 0.000000 0.000000
    58 0.000006 1.059372 0.000008 0.911714 0.000000 0.000000
    59 -0.000004 -13.013485 -0.000004 0.010936 -0.284121 -0.076428
    60 0.161133 -10.812500 0.023087 0.010936 -0.284121 -0.076428
  time 14
    0 0.000000 0.826660 0.000001 -1.559900 -0.000006 -0.000006
    1 -10.723376 4.021813 0.943485 -0.559850 -0.370050 0.123383
    2 0.000000 14.313023 0.000003 -1.574863 0.000000 0.000000
    3 -0.000011 13.013483 -0.000005 -0.472586 0.046601 1.162156
    4 8.648438 7.792969 3.429688 2.222705 0.399521 -1.404265
    5 0.000000 -14.313034 0.000000 -1.556552 0.000000 0.000000
    6 -0.000004 -13.013485 -0.000004 0.538394 0.815277 0.754107
    7 -1.330879 -2.698427 0.462449 -0.194886 -0.547260 3.056712
    8 1.330910 2.698444 -0.462436 0.194890 0.547268 -0.084879
    9 7.257103 4.554650 -3.010861 -1.937239 -0.275357 -3.272593
    10 10.570313 2.281250 -6.343750 -2.460934 -0.275417 3.010575
    11 1.806641 7.578125 -7.234375 -1.550988 -0.382996 1.806934
    12 1.377930 7.875000 -12.054688 -1.277176 -0.488708 1.819244
    13 4.531250 3.457031 -3.607422 -1.647836 -0.580608 1.782439
    14 5.974704 2.920219 -4.391550 -1.937293 -0.275375 -3.272526
    15 7.558525 6.997282 -2.354134 -1.937336 -0.275393 3.010581
    16 7.558525 6.997282 -2.354134 1.937336 0.275393 -0.131011
    17 -2.867767 -2.740969 0.531125 2.051196 0.577049 -0.321829
    18 8.375000 1.621094 -7.539063 -1.937333 -0.275414 3.010565
    19 2.614002 2.377790 -5.879168 -1.937294 -0.275355 -3.272537
    20 5.595486 4.607124 0.422674 -1.090396 0.577049 -0.321829
    21 6.233833 5.542564 0.898426 -1.090396 0.577049 -0.321829
    22 6.946648 6.587124 1.429667 -1.090396 0.577049 -0.321829
    23 7.537933 7.453606 1.870349 -1.090396 0.577049 -0.321829
    24 8.154472 8.357077 2.329839 -1.090396 0.577049 -0.321829
    25 8.874294 9.411907 2.866308 -1.090396 0.577049 -0.321829
    26 -4.125858 -2.321501 1.394414 2.051196 0.577049 -0.321829
    27 -4.826813 -3.348669 0.872014 2.051196 0.577049 -0.321829
    28 -5.441669 -4.249685 0.413772 2.051196 0.577049 -0.321829
    29 -0.552532 -1.343527 1.604446 -0.531397 0.349107 -0.535250
    30 0.552589 1.343534 -1.604463 -0.572351 0.200763 -0.519410
    31 0.000000 -2.021618 -0.000004 -0.140762 0.000000 0.000000
    32 -0.000021 2.021633 0.000027 -0.182286 0.000000 0.000000
    33 -0.000004 -1.136217 -0.000004 -0.537682 0.000000 0.000000
    34 -0.000011 1.136200 -0.000019 -0.591471 0.000000 0.000000
    35 -0.032677 -4.587727 1.352317 2.444718 1.216159 2.484986
    36 0.032719 4.587772 -1.352291 2.844703 1.216154 2.484990
    37 0.000000 -1.754536 -0.000002 0.193351 0.000000 0.000000
    38 -0.000006 1.754520 -0.000034 0.301016 0.000000 0.000000
    39 0.000000 -1.227020 -0.000002 0.955670 0.000000 0.000000
    40 0.000002 1.227070 0.000032 0.655020 0.000000 0.000000
    41 -0.367996 -4.208406 0.173244 2.475865 1.091695 2.536227
    42 0.368011 4.208412 -0.173239 2.894879 1.091697 2.536230
    43 0.000000 -2.372318 -0.000004 0.834666 0.000000 0.000000
    44 -0.000006 2.372318 -0.000032 0.737827 0.000000 0.000000
    45 0.000004 -1.580070 -0.000001 0.495055 0.000000 0.000000
    46 -0.000002 1.580170 0.000030 0.744518 0.000000 0.000000
    47 -0.937645 -3.860697 -0.959317 2.205251 0.797005 2.273736
    48 0.937672 3.860714 0.959333 2.990775 1.016697 2.713704
    49 0.000000 -1.690632 0.000000 0.848242 0.000000 0.000000
    50 -0.000013 1.690666 0.000021 0.568265 0.000000 0.000000
    51 -0.000002 -1.423443 0.000002 0.234212 0.000000 0.000000
    52 0.000008 1.423420 0.000028 0.761967 0.000000 0.000000
    53 -1.546646 -3.404194 -1.915569 2.750280 1.118484 2.534731
    54 1.546661 3.404217 1.915585 -3.076191 1.031499 2.824457
    55 0.000004 -1.437820 0.000000 0.424958 0.000000 0.000000
    56 -0.000021 1.437870 0.000031 -0.074280 0.000000 0.000000
    57 -0.000002 -1.059402 0.000000 0.322075 0.000000 0.000000
    58 0.000006 1.059372 0.000008 0.911714 0.000000 0.000000
    59 -0.000004 -13.013485 -0.000004 0.010936 -0.284121 -0.076428
    60 0.161133 -10.812500 0.023087 0.010936 -0.284121 -0.076428
  time 15
    0 0.000000 0.826660 0.000001 -1.559900 -0.000006 -0.000006
    1 -10.723376 4.021813 0.943485 -0.556533 -0.369525 0.123841
    2 0.000000 14.313023 0.000003 -1.575535 0.000000 0.000000
    3 -0.000011 13.013483 -0.000005 -0.473446 0.049384 1.161581
    4 8.648438 7.792969 3.429688 2.222705 0.399521 -1.404265
    5 0.000000 -14.313034 0.000000 -1.556552 0.000000 0.000000
    6 -0.000004 -13.013485 -0.000004 0.538394 0.815277 0.754107
    7 -1.330879 -2.698427 0.462449 -0.194886 -0.547260 3.056712
    8 1.330910 2.698444 -0.462436 0.194890 0.547268 -0.084879
    9 7.257103 4.554650 -3.010861 -1.937239 -0.275357 -3.272593
    10 10.570313 2.281250 -6.343750 -2.460934 -0.275417 3.010575
    11 1.806641 7.578125 -7.234375 -1.550988 -0.382996 1.806934
    12 1.377930 7.875000 -12.054688 -1.277176 -0.488708 1.819244
    13 4.531250 3.457031 -3.607422 -1.647836 -0.580608 1.782439
    14 5.974704 2.920219 -4.391550 -1.937293 -0.275375 -3.272526
    15 7.558525 6.997282 -2.354134 -1.937336 -0.275393 3.010581
    16 7.558525 6.997282 -2.354134 1.937336 0.275393 -0.131011
    17 -2.867767 -2.740969 0.531125 2.051196 0.577049 -0.321829
    18 8.375000 1.621094 -7.539063 -1.937333 -0.275414 3.010565
    19 2.614002 2.377790 -5.879168 -1.937294 -0.275355 -3.272537
    20 5.595486 4.607124 0.422674 -1.090396 0.577049 -0.321829
    21 6.233833 5.542564 0.898426 -1.090396 0.577049 -0.321829
    22 6.946648 6.587124 1.429667 -1.090396 0.577049 -0.321829
    23 7.537933 7.453606 1.870349 -1.090396 0.577049 -0.321829
    24 8.154472 8.357077 2.329839 -1.090396 0.577049 -0.321829
    25 8.874294 9.411907 2.866308 -1.090396 0.577049 -0.321829
    26 -4.125858 -2.321501 1.394414 2.051196 0.577049 -0.321829
    27 -4.826813 -3.348669 0.872014 2.051196 0.577049 -0.321829
    28 -5.441669 -4.249685 0.413772 2.051196 0.577049 -0.321829
    29 -0.552532 -1.343527 1.604446 -0.531397 0.349107 -0.535250
    30 0.552589 1.343534 -1.604463 -0.572351 0.200763 -0.519410
    31 0.000000 -2.021618 -0.000004 -0.140762 0.000000 0.000000
    32 -0.000021 2.021633 0.000027 -0.182286 0.000000 0.000000
    33 -0.000004 -1.136217 -0.000004 -0.537682 0.000000 0.000000
    34 -0.000011 1.136200 -0.000019 -0.591471 0.000000 0.000000
    35 -0.032677 -4.587727 1.352317 2.444718 1.216159 2.484986
    36 0.032719 4.587772 -1.352291 2.844703 1.216154 2.484990
    37 0.000000 -1.754536 -0.000002 0.193351 0.000000 0.000000
    38 -0.000006 1.754520 -0.000034 0.301016 0.000000 0.000000
    39 0.000000 -1.227020 -0.000002 0.955670 0.000000 0.000000
    40 0.000002 1.227070 0.000032 0.655020 0.000000 0.000000
    41 -0.367996 -4.208406 0.173244 2.475865 1.091695 2.536227
    42 0.368011 4.208412 -0.173239 2.894879 1.091697 2.536230
    43 0.000000 -2.372318 -0.000004 0.834666 0.000000 0.000000
    44 -0.000006 2.372318 -0.000032 0.737827 0.000000 0.000000
    45 0.000004 -1.580070 -0.000001 0.495055 0.000000 0.000000
    46 -0.000002 1.580170 0.000030 0.744518 0.000000 0.000000
    47 -0.937645 -3.860697 -0.959317 2.205251 0.797005 2.273736
    48 0.937672 3.860714 0.959333 2.990775 1.016697 2.713704
    49 0.000000 -1.690632 0.000000 0.848242 0.000000 0.000000
    50 -0.000013 1.690666 0.000021 0.568265 0.000000 0.000000
    51 -0.000002 -1.423443 0.000002 0.234212 0.000000 0.000000
    52 0.000008 1.423420 0.000028 0.761967 0.000000 0.000000
    53 -1.546646 -3.404194 -1.915569 2.750280 1.118484 2.534731
    54 1.546661 3.404217 1.915585 -3.076191 1.031499 2.824457
    55 0.000004 -1.437820 0.000000 0.424958 0.000000 0.000000
    56 -0.000021 1.437870 0.000031 -0.074280 0.000000 0.000000
    57 -0.000002 -1.059402 0.000000 0.322075 0.000000 0.000000
    58 0.000006 1.059372 0.000008 0.911714 0.000000 0.000000
    59 -0.000004 -13.013485 -0.000004 0.010936 -0.284121 -0.076428
    60 0.161133 -10.812500 0.023087 0.010936 -0.284121 -0.076428
  time 16
    0 0.000000 0.826660 0.000001 -1.559900 -0.000006 -0.000006
    1 -10.723376 4.021813 0.943485 -0.552663 -0.368333 0.124758
    2 0.000000 14.313023 0.000003 -1.576574 0.000000 0.000000
    3 -0.000011 13.013483 -0.000005 -0.474497 0.052686 1.160431
    4 8.648438 7.792969 3.429688 2.222705 0.399521 -1.404265
    5 0.000000 -14.313034 0.000000 -1.556552 0.000000 0.000000
    6 -0.000004 -13.013485 -0.000004 0.538394 0.815277 0.754107
    7 -1.330879 -2.698427 0.462449 -0.194886 -0.547260 3.056712
    8 1.330910 2.698444 -0.462436 0.194890 0.547268 -0.084879
    9 7.257103 4.554650 -3.010861 -1.937239 -0.275357 -3.272593
    10 10.570313 2.281250 -6.343750 -2.460934 -0.275417 3.010575
    11 1.806641 7.578125 -7.234375 -1.550988 -0.382996 1.806934
    12 1.377930 7.875000 -12.054688 -1.277176 -0.488708 1.819244
    13 4.531250 3.457031 -3.607422 -1.647836 -0.580608 1.782439
    14 5.974704 2.920219 -4.391550 -1.937293 -0.275375 -3.272526
    15 7.558525 6.997282 -2.354134 -1.937336 -0.275393 3.010581
    16 7.558525 6.997282 -2.354134 1.937336 0.275393 -0.131011
    17 -2.867767 -2.740969 0.531125 2.051196 0.577049 -0.321829
    18 8.375000 1.621094 -7.539063 -1.937333 -0.275414 3.010565
    19 2.614002 2.377790 -5.879168 -1.937294 -0.275355 -3.272537
    20 5.595486 4.607124 0.422674 -1.090396 0.577049 -0.321829
    21 6.233833 5.542564 0.898426 -1.090396 0.577049 -0.321829
    22 6.946648 6.587124 1.429667 -1.090396 0.577049 -0.321829
    23 7.537933 7.453606 1.870349 -1.090396 0.577049 -0.321829
    24 8.154472 8.357077 2.329839 -1.090396 0.577049 -0.321829
    25 8.874294 9.411907 2.866308 -1.090396 0.577049 -0.321829
    26 -4.125858 -2.321501 1.394414 2.051196 0.577049 -0.321829
    27 -4.826813 -3.348669 0.872014 2.051196 0.577049 -0.321829
    28 -5.441669 -4.249685 0.413772 2.051196 0.577049 -0.321829
    29 -0.552532 -1.343527 1.604446 -0.531397 0.349107 -0.535250
    30 0.552589 1.343534 -1.604463 -0.572351 0.200763 -0.519410
    31 0.000000 -2.021618 -0.000004 -0.140762 0.000000 0.000000
    32 -0.000021 2.021633 0.000027 -0.182286 0.000000 0.000000
    33 -0.000004 -1.136217 -0.000004 -0.537682 0.000000 0.000000
    34 -0.000011 1.136200 -0.000019 -0.591471 0.000000 0.000000
    35 -0.032677 -4.587727 1.352317 2.444718 1.216159 2.484986
    36 0.032719 4.587772 -1.352291 2.844703 1.216154 2.484990
    37 0.000000 -1.754536 -0.000002 0.193351 0.000000 0.000000
    38 -0.000006 1.754520 -0.000034 0.301016 0.000000 0.000000
    39 0.000000 -1.227020 -0.000002 0.955670 0.000000 0.000000
    40 0.000002 1.227070 0.000032 0.655020 0.000000 0.000000
    41 -0.367996 -4.208406 0.173244 2.475865 1.091695 2.536227
    42 0.368011 4.208412 -0.173239 2.894879 1.091697 2.536230
    43 0.000000 -2.372318 -0.000004 0.834666 0.000000 0.000000
    44 -0.000006 2.372318 -0.000032 0.737827 0.000000 0.000000
    45 0.000004 -1.580070 -0.000001 0.495055 0.000000 0.000000
    46 -0.000002 1.580170 0.000030 0.744518 0.000000 0.000000
    47 -0.937645 -3.860697 -0.959317 2.205251 0.797005 2.273736
    48 0.937672 3.860714 0.959333 2.990775 1.016697 2.713704
    49 0.000000 -1.690632 0.000000 0.848242 0.000000 0.000000
    50 -0.000013 1.690666 0.000021 0.568265 0.000000 0.000000
    51 -0.000002 -1.423443 0.000002 0.234212 0.000000 0.000000
    52 0.000008 1.423420 0.000028 0.761967 0.000000 0.000000
    53 -1.546646 -3.404194 -1.915569 2.750280 1.118484 2.534731
    54 1.546661 3.404217 1.915585 -3.076191 1.031499 2.824457
    55 0.000004 -1.437820 0.000000 0.424958 0.000000 0.000000
    56 -0.000021 1.437870 0.000031 -0.074280 0.000000 0.000000
    57 -0.000002 -1.059402 0.000000 0.322075 0.000000 0.000000
    58 0.000006 1.059372 0.000008 0.911714 0.000000 0.000000
    59 -0.000004 -13.013485 -0.000004 0.010936 -0.284121 -0.076428
    60 0.161133 -10.812500 0.023087 0.010936 -0.284121 -0.076428
  time 17
    0 0.000000 0.826660 0.000001 -1.559900 -0.000006 -0.000006
    1 -10.723376 4.021813 0.943485 -0.547871 -0.366521 0.126209
    2 0.000000 14.313023 0.000003 -1.577796 0.000000 0.000000
    3 -0.000011 13.013483 -0.000005 -0.475644 0.056459 1.158801
    4 8.648438 7.792969 3.429688 2.222705 0.399521 -1.404265
    5 0.000000 -14.313034 0.000000 -1.556552 0.000000 0.000000
    6 -0.000004 -13.013485 -0.000004 0.538394 0.815277 0.754107
    7 -1.330879 -2.698427 0.462449 -0.194886 -0.547260 3.056712
    8 1.330910 2.698444 -0.462436 0.194890 0.547268 -0.084879
    9 7.257103 4.554650 -3.010861 -1.937239 -0.275357 -3.272593
    10 10.570313 2.281250 -6.343750 -2.460934 -0.275417 3.010575
    11 1.806641 7.578125 -7.234375 -1.550988 -0.382996 1.806934
    12 1.377930 7.875000 -12.054688 -1.277176 -0.488708 1.819244
    13 4.531250 3.457031 -3.607422 -1.647836 -0.580608 1.782439
    14 5.974704 2.920219 -4.391550 -1.937293 -0.275375 -3.272526
    15 7.558525 6.997282 -2.354134 -1.937336 -0.275393 3.010581
    16 7.558525 6.997282 -2.354134 1.937336 0.275393 -0.131011
    17 -2.867767 -2.740969 0.531125 2.051196 0.577049 -0.321829
    18 8.375000 1.621094 -7.539063 -1.937333 -0.275414 3.010565
    19 2.614002 2.377790 -5.879168 -1.937294 -0.275355 -3.272537
    20 5.595486 4.607124 0.422674 -1.090396 0.577049 -0.321829
    21 6.233833 5.542564 0.898426 -1.090396 0.577049 -0.321829
    22 6.946648 6.587124 1.429667 -1.090396 0.577049 -0.321829
    23 7.537933 7.453606 1.870349 -1.090396 0.577049 -0.321829
    24 8.154472 8.357077 2.329839 -1.090396 0.577049 -0.321829
    25 8.874294 9.411907 2.866308 -1.090396 0.577049 -0.321829
    26 -4.125858 -2.321501 1.394414 2.051196 0.577049 -0.321829
    27 -4.826813 -3.348669 0.872014 2.051196 0.577049 -0.321829
    28 -5.441669 -4.249685 0.413772 2.051196 0.577049 -0.321829
    29 -0.552532 -1.343527 1.604446 -0.531397 0.349107 -0.535250
    30 0.552589 1.343534 -1.604463 -0.572351 0.200763 -0.519410
    31 0.000000 -2.021618 -0.000004 -0.140762 0.000000 0.000000
    32 -0.000021 2.021633 0.000027 -0.182286 0.000000 0.000000
    33 -0.000004 -1.136217 -0.000004 -0.537682 0.000000 0.000000
    34 -0.000011 1.136200 -0.000019 -0.591471 0.000000 0.000000
    35 -0.032677 -4.587727 1.352317 2.444718 1.216159 2.484986
    36 0.032719 4.587772 -1.352291 2.844703 1.216154 2.484990
    37 0.000000 -1.754536 -0.000002 0.193351 0.000000 0.000000
    38 -0.000006 1.754520 -0.000034 0.301016 0.000000 0.000000
    39 0.000000 -1.227020 -0.000002 0.955670 0.000000 0.000000
    40 0.000002 1.227070 0.000032 0.655020 0.000000 0.000000
    41 -0.367996 -4.208406 0.173244 2.475865 1.091695 2.536227
    42 0.368011 4.208412 -0.173239 2.894879 1.091697 2.536230
    43 0.000000 -2.372318 -0.000004 0.834666 0.000000 0.000000
    44 -0.000006 2.372318 -0.000032 0.737827 0.000000 0.000000
    45 0.000004 -1.580070 -0.000001 0.495055 0.000000 0.000000
    46 -0.000002 1.580170 0.000030 0.744518 0.000000 0.000000
    47 -0.937645 -3.860697 -0.959317 2.205251 0.797005 2.273736
    48 0.937672 3.860714 0.959333 2.990775 1.016697 2.713704
    49 0.000000 -1.690632 0.000000 0.848242 0.000000 0.000000
    50 -0.000013 1.690666 0.000021 0.568265 0.000000 0.000000
    51 -0.000002 -1.423443 0.000002 0.234212 0.000000 0.000000
    52 0.000008 1.423420 0.000028 0.761967 0.000000 0.000000
    53 -1.546646 -3.404194 -1.915569 2.750280 1.118484 2.534731
    54 1.546661 3.404217 1.915585 -3.076191 1.031499 2.824457
    55 0.000004 -1.437820 0.000000 0.424958 0.000000 0.000000
    56 -0.000021 1.437870 0.000031 -0.074280 0.000000 0.000000
    57 -0.000002 -1.059402 0.000000 0.322075 0.000000 0.000000
    58 0.000006 1.059372 0.000008 0.911714 0.000000 0.000000
    59 -0.000004 -13.013485 -0.000004 0.010936 -0.284121 -0.076428
    60 0.161133 -10.812500 0.023087 0.010936 -0.284121 -0.076428
  time 18
    0 0.000000 0.826660 0.000001 -1.559900 -0.000006 -0.000006
    1 -10.723376 4.021813 0.943485 -0.542711 -0.364184 0.128118
    2 0.000000 14.313023 0.000003 -1.579201 0.000000 0.000000
    3 -0.000011 13.013483 -0.000005 -0.476886 0.060610 1.156788
    4 8.648438 7.792969 3.429688 2.222705 0.399521 -1.404265
    5 0.000000 -14.313034 0.000000 -1.556552 0.000000 0.000000
    6 -0.000004 -13.013485 -0.000004 0.538394 0.815277 0.754107
    7 -1.330879 -2.698427 0.462449 -0.194886 -0.547260 3.056712
    8 1.330910 2.698444 -0.462436 0.194890 0.547268 -0.084879
    9 7.257103 4.554650 -3.010861 -1.937239 -0.275357 -3.272593
    10 10.570313 2.281250 -6.343750 -2.460934 -0.275417 3.010575
    11 1.806641 7.578125 -7.234375 -1.550988 -0.382996 1.806934
    12 1.377930 7.875000 -12.054688 -1.277176 -0.488708 1.819244
    13 4.531250 3.457031 -3.607422 -1.647836 -0.580608 1.782439
    14 5.974704 2.920219 -4.391550 -1.937293 -0.275375 -3.272526
    15 7.558525 6.997282 -2.354134 -1.937336 -0.275393 3.010581
    16 7.558525 6.997282 -2.354134 1.937336 0.275393 -0.131011
    17 -2.867767 -2.740969 0.531125 2.051196 0.577049 -0.321829
    18 8.375000 1.621094 -7.539063 -1.937333 -0.275414 3.010565
    19 2.614002 2.377790 -5.879168 -1.937294 -0.275355 -3.272537
    20 5.595486 4.607124 0.422674 -1.090396 0.577049 -0.321829
    21 6.233833 5.542564 0.898426 -1.090396 0.577049 -0.321829
    22 6.946648 6.587124 1.429667 -1.090396 0.577049 -0.321829
    23 7.537933 7.453606 1.870349 -1.090396 0.577049 -0.321829
    24 8.154472 8.357077 2.329839 -1.090396 0.577049 -0.321829
    25 8.874294 9.411907 2.866308 -1.090396 0.577049 -0.321829
    26 -4.125858 -2.321501 1.394414 2.051196 0.577049 -0.321829
    27 -4.826813 -3.348669 0.872014 2.051196 0.577049 -0.321829
    28 -5.441669 -4.249685 0.413772 2.051196 0.577049 -0.321829
    29 -0.552532 -1.343527 1.604446 -0.531397 0.349107 -0.535250
    30 0.552589 1.343534 -1.604463 -0.572351 0.200763 -0.519410
    31 0.000000 -2.021618 -0.000004 -0.140762 0.000000 0.000000
    32 -0.000021 2.021633 0.000027 -0.182286 0.000000 0.000000
    33 -0.000004 -1.136217 -0.000004 -0.537682 0.000000 0.000000
    34 -0.000011 1.136200 -0.000019 -0.591471 0.000000 0.000000
    35 -0.032677 -4.587727 1.352317 2.444718 1.216159 2.484986
    36 0.032719 4.587772 -1.352291 2.844703 1.216154 2.484990
    37 0.000000 -1.754536 -0.000002 0.193351 0.000000 0.000000
    38 -0.000006 1.754520 -0.000034 0.301016 0.000000 0.000000
    39 0.000000 -1.227020 -0.000002 0.955670 0.000000 0.000000
    40 0.000002 1.227070 0.000032 0.655020 0.000000 0.000000
    41 -0.367996 -4.208406 0.173244 2.475865 1.091695 2.536227
    42 0.368011 4.208412 -0.173239 2.894879 1.091697 2.536230
    43 0.000000 -2.372318 -0.000004 0.834666 0.000000 0.000000
    44 -0.000006 2.372318 -0.000032 0.737827 0.000000 0.000000
    45 0.000004 -1.580070 -0.000001 0.495055 0.000000 0.000000
    46 -0.000002 1.580170 0.000030 0.744518 0.000000 0.000000
    47 -0.937645 -3.860697 -0.959317 2.205251 0.797005 2.273736
    48 0.937672 3.860714 0.959333 2.990775 1.016697 2.713704
    49 0.000000 -1.690632 0.000000 0.848242 0.000000 0.000000
    50 -0.000013 1.690666 0.000021 0.568265 0.000000 0.000000
    51 -0.000002 -1.423443 0.000002 0.234212 0.000000 0.000000
    52 0.000008 1.423420 0.000028 0.761894 0.000000 0.000000
    53 -1.546646 -3.404194 -1.915569 2.750280 1.118484 2.534731
    54 1.546661 3.404217 1.915585 -3.076191 1.031499 2.824457
    55 0.000004 -1.437820 0.000000 0.424958 0.000000 0.000000
    56 -0.000021 1.437870 0.000031 -0.074280 0.000000 0.000000
    57 -0.000002 -1.059402 0.000000 0.322075 0.000000 0.000000
    58 0.000006 1.059372 0.000008 0.911714 0.000000 0.000000
    59 -0.000004 -13.013485 -0.000004 0.010936 -0.284121 -0.076428
    60 0.161133 -10.812500 0.023087 0.010936 -0.284121 -0.076428
  time 19
    0 0.000000 0.826660 0.000001 -1.559900 -0.000006 -0.000006
    1 -10.723376 4.021813 0.943485 -0.536814 -0.361323 0.130333
    2 0.000000 14.313023 0.000003 -1.580912 0.000000 0.000000
    3 -0.000011 13.013483 -0.000005 -0.478128 0.065185 1.154392
    4 8.648438 7.792969 3.429688 2.222705 0.399521 -1.404265
    5 0.000000 -14.313034 0.000000 -1.556552 0.000000 0.000000
    6 -0.000004 -13.013485 -0.000004 0.538394 0.815277 0.754107
    7 -1.330879 -2.698427 0.462449 -0.194886 -0.547260 3.056712
    8 1.330910 2.698444 -0.462436 0.194890 0.547268 -0.084879
    9 7.257103 4.554650 -3.010861 -1.937239 -0.275357 -3.272593
    10 10.570313 2.281250 -6.343750 -2.460934 -0.275417 3.010575
    11 1.806641 7.578125 -7.234375 -1.550988 -0.382996 1.806934
    12 1.377930 7.875000 -12.054688 -1.277176 -0.488708 1.819244
    13 4.531250 3.457031 -3.607422 -1.647836 -0.580608 1.782439
    14 5.974704 2.920219 -4.391550 -1.937293 -0.275375 -3.272526
    15 7.558525 6.997282 -2.354134 -1.937336 -0.275393 3.010581
    16 7.558525 6.997282 -2.354134 1.937336 0.275393 -0.131011
    17 -2.867767 -2.740969 0.531125 2.051196 0.577049 -0.321829
    18 8.375000 1.621094 -7.539063 -1.937333 -0.275414 3.010565
    19 2.614002 2.377790 -5.879168 -1.937294 -0.275355 -3.272537
    20 5.595486 4.607124 0.422674 -1.090396 0.577049 -0.321829
    21 6.233833 5.542564 0.898426 -1.090396 0.577049 -0.321829
    22 6.946648 6.587124 1.429667 -1.090396 0.577049 -0.321829
    23 7.537933 7.453606 1.870349 -1.090396 0.577049 -0.321829
    24 8.154472 8.357077 2.329839 -1.090396 0.577049 -0.321829
    25 8.874294 9.411907 2.866308 -1.090396 0.577049 -0.321829
    26 -4.125858 -2.321501 1.394414 2.051196 0.577049 -0.321829
    27 -4.826813 -3.348669 0.872014 2.051196 0.577049 -0.321829
    28 -5.441669 -4.249685 0.413772 2.051196 0.577049 -0.321829
    29 -0.552532 -1.343527 1.604446 -0.531397 0.349107 -0.535250
    30 0.552589 1.343534 -1.604463 -0.572351 0.200763 -0.519410
    31 0.000000 -2.021618 -0.000004 -0.140762 0.000000 0.000000
    32 -0.000021 2.021633 0.000027 -0.182286 0.000000 0.000000
    33 -0.000004 -1.136217 -0.000004 -0.537682 0.000000 0.000000
    34 -0.000011 1.136200 -0.000019 -0.591471 0.000000 0.000000
    35 -0.032677 -4.587727 1.352317 2.444718 1.216159 2.484986
    36 0.032719 4.587772 -1.352291 2.844703 1.216154 2.484990
    37 0.000000 -1.754536 -0.000002 0.193351 0.000000 0.000000
    38 -0.000006 1.754520 -0.000034 0.301016 0.000000 0.000000
    39 0.000000 -1.227020 -0.000002 0.955670 0.000000 0.000000
    40 0.000002 1.227070 0.000032 0.655020 0.000000 0.000000
    41 -0.367996 -4.208406 0.173244 2.475865 1.091695 2.536227
    42 0.368011 4.208412 -0.173239 2.894879 1.091697 2.536230
    43 0.000000 -2.372318 -0.000004 0.834666 0.000000 0.000000
    44 -0.000006 2.372318 -0.000032 0.737827 0.000000 0.000000
    45 0.000004 -1.580070 -0.000001 0.495055 0.000000 0.000000
    46 -0.000002 1.580170 0.000030 0.744518 0.000000 0.000000
    47 -0.937645 -3.860697 -0.959317 2.205251 0.797005 2.273736
    48 0.937672 3.860714 0.959333 2.990775 1.016697 2.713704
    49 0.000000 -1.690632 0.000000 0.848242 0.000000 0.000000
    50 -0.000013 1.690666 0.000021 0.568265 0.000000 0.000000
    51 -0.000002 -1.423443 0.000002 0.234212 0.000000 0.000000
    52 0.000008 1.423420 0.000028 0.761967 0.000000 0.000000
    53 -1.546646 -3.404194 -1.915569 2.750280 1.118484 2.534731
    54 1.546661 3.404217 1.915585 -3.076191 1.031499 2.824457
    55 0.000004 -1.437820 0.000000 0.424958 0.000000 0.000000
    56 -0.000021 1.437870 0.000031 -0.074280 0.000000 0.000000
    57 -0.000002 -1.059402 0.000000 0.322075 0.000000 0.000000
    58 0.000006 1.059372 0.000008 0.911714 0.000000 0.000000
    59 -0.000004 -13.013485 -0.000004 0.010936 -0.284121 -0.076428
    60 0.161133 -10.812500 0.023087 0.010936 -0.284121 -0.076428
  time 20
    0 0.000000 0.826660 0.000001 -1.559900 -0.000006 -0.000006
    1 -10.723376 4.021813 0.943485 -0.530179 -0.357985 0.133007
    2 0.000000 14.313023 0.000003 -1.582867 0.000000 0.000000
    3 -0.000011 13.013483 -0.000005 -0.479466 0.070185 1.151420
    4 8.648438 7.792969 3.429688 2.222705 0.399521 -1.404265
    5 0.000000 -14.313034 0.000000 -1.556552 0.000000 0.000000
    6 -0.000004 -13.013485 -0.000004 0.538394 0.815277 0.754107
    7 -1.330879 -2.698427 0.462449 -0.194886 -0.547260 3.056712
    8 1.330910 2.698444 -0.462436 0.194890 0.547268 -0.084879
    9 7.257103 4.554650 -3.010861 -1.937239 -0.275357 -3.272593
    10 10.570313 2.281250 -6.343750 -2.460934 -0.275417 3.010575
    11 1.806641 7.578125 -7.234375 -1.550988 -0.382996 1.806934
    12 1.377930 7.875000 -12.054688 -1.277176 -0.488708 1.819244
    13 4.531250 3.457031 -3.607422 -1.647836 -0.580608 1.782439
    14 5.974704 2.920219 -4.391550 -1.937293 -0.275375 -3.272526
    15 7.558525 6.997282 -2.354134 -1.937336 -0.275393 3.010581
    16 7.558525 6.997282 -2.354134 1.937336 0.275393 -0.131011
    17 -2.867767 -2.740969 0.531125 2.051196 0.577049 -0.321829
    18 8.375000 1.621094 -7.539063 -1.937333 -0.275414 3.010565
    19 2.614002 2.377790 -5.879168 -1.937294 -0.275355 -3.272537
    20 5.595486 4.607124 0.422674 -1.090396 0.577049 -0.321829
    21 6.233833 5.542564 0.898426 -1.090396 0.577049 -0.321829
    22 6.946648 6.587124 1.429667 -1.090396 0.577049 -0.321829
    23 7.537933 7.453606 1.870349 -1.090396 0.577049 -0.321829
    24 8.154472 8.357077 2.329839 -1.090396 0.577049 -0.321829
    25 8.874294 9.411907 2.866308 -1.090396 0.577049 -0.321829
    26 -4.125858 -2.321501 1.394414 2.051196 0.577049 -0.321829
    27 -4.826813 -3.348669 0.872014 2.051196 0.577049 -0.321829
    28 -5.441669 -4.249685 0.413772 2.051196 0.577049 -0.321829
    29 -0.552532 -1.343527 1.604446 -0.531397 0.349107 -0.535250
    30 0.552589 1.343534 -1.604463 -0.572351 0.200763 -0.519410
    31 0.000000 -2.021618 -0.000004 -0.140762 0.000000 0.000000
    32 -0.000021 2.021633 0.000027 -0.182286 0.000000 0.000000
    33 -0.000004 -1.136217 -0.000004 -0.537682 0.000000 0.000000
    34 -0.000011 1.136200 -0.000019 -0.591471 0.000000 0.000000
    35 -0.032677 -4.587727 1.352317 2.444718 1.216159 2.484986
    36 0.032719 4.587772 -1.352291 2.844703 1.216154 2.484990
    37 0.000000 -1.754536 -0.000002 0.193351 0.000000 0.000000
    38 -0.000006 1.754520 -0.000034 0.301016 0.000000 0.000000
    39 0.000000 -1.227020 -0.000002 0.955670 0.000000 0.000000
    40 0.000002 1.227070 0.000032 0.655020 0.000000 0.000000
    41 -0.367996 -4.208406 0.173244 2.475865 1.091695 2.536227
    42 0.368011 4.208412 -0.173239 2.894879 1.091697 2.536230
    43 0.000000 -2.372318 -0.000004 0.834666 0.000000 0.000000
    44 -0.000006 2.372318 -0.000032 0.737827 0.000000 0.000000
    45 0.000004 -1.580070 -0.000001 0.495055 0.000000 0.000000
    46 -0.000002 1.580170 0.000030 0.744518 0.000000 0.000000
    47 -0.937645 -3.860697 -0.959317 2.205251 0.797005 2.273736
    48 0.937672 3.860714 0.959333 2.990775 1.016697 2.713704
    49 0.000000 -1.690632 0.000000 0.848242 0.000000 0.000000
    50 -0.000013 1.690666 0.000021 0.568265 0.000000 0.000000
    51 -0.000002 -1.423443 0.000002 0.234212 0.000000 0.000000
    52 0.000008 1.423420 0.000028 0.761967 0.000000 0.000000
    53 -1.546646 -3.404194 -1.915569 2.750280 1.118484 2.534731
    54 1.546661 3.404217 1.915585 -3.076191 1.031499 2.824457
    55 0.000004 -1.437820 0.000000 0.424958 0.000000 0.000000
    56 -0.000021 1.437870 0.000031 -0.074280 0.000000 0.000000
    57 -0.000002 -1.059402 0.000000 0.322075 0.000000 0.000000
    58 0.000006 1.059372 0.000008 0.911714 0.000000 0.000000
    59 -0.000004 -13.013485 -0.000004 0.010936 -0.284121 -0.076428
    60 0.161133 -10.812500 0.023087 0.010936 -0.284121 -0.076428
  time 21
    0 0.000000 0.826660 0.000001 -1.559900 -0.000006 -0.000006
    1 -10.723376 4.021813 0.943485 -0.523084 -0.354265 0.135909
    2 0.000000 14.313023 0.000003 -1.585127 0.000000 0.000000
    3 -0.000011 13.013483 -0.000005 -0.480804 0.075420 1.148065
    4 8.648438 7.792969 3.429688 2.222705 0.399521 -1.404265
    5 0.000000 -14.313034 0.000000 -1.556552 0.000000 0.000000
    6 -0.000004 -13.013485 -0.000004 0.538394 0.815277 0.754107
    7 -1.330879 -2.698427 0.462449 -0.194886 -0.547260 3.056712
    8 1.330910 2.698444 -0.462436 0.194890 0.547268 -0.084879
    9 7.257103 4.554650 -3.010861 -1.937239 -0.275357 -3.272593
    10 10.570313 2.281250 -6.343750 -2.460934 -0.275417 3.010575
    11 1.806641 7.578125 -7.234375 -1.550988 -0.382996 1.806934
    12 1.377930 7.875000 -12.054688 -1.277176 -0.488708 1.819244
    13 4.531250 3.457031 -3.607422 -1.647836 -0.580608 1.782439
    14 5.974704 2.920219 -4.391550 -1.937293 -0.275375 -3.272526
    15 7.558525 6.997282 -2.354134 -1.937336 -0.275393 3.010581
    16 7.558525 6.997282 -2.354134 1.937336 0.275393 -0.131011
    17 -2.867767 -2.740969 0.531125 2.051196 0.577049 -0.321829
    18 8.375000 1.621094 -7.539063 -1.937333 -0.275414 3.010565
    19 2.614002 2.377790 -5.879168 -1.937294 -0.275355 -3.272537
    20 5.595486 4.607124 0.422674 -1.090396 0.577049 -0.321829
    21 6.233833 5.542564 0.898426 -1.090396 0.577049 -0.321829
    22 6.946648 6.587124 1.429667 -1.090396 0.577049 -0.321829
    23 7.537933 7.453606 1.870349 -1.090396 0.577049 -0.321829
    24 8.154472 8.357077 2.329839 -1.090396 0.577049 -0.321829
    25 8.874294 9.411907 2.866308 -1.090396 0.577049 -0.321829
    26 -4.125858 -2.321501 1.394414 2.051196 0.577049 -0.321829
    27 -4.826813 -3.348669 0.872014 2.051196 0.577049 -0.321829
    28 -5.441669 -4.249685 0.413772 2.051196 0.577049 -0.321829
    29 -0.552532 -1.343527 1.604446 -0.531397 0.349107 -0.535250
    30 0.552589 1.343534 -1.604463 -0.572351 0.200763 -0.519410
    31 0.000000 -2.021618 -0.000004 -0.140762 0.000000 0.000000
    32 -0.000021 2.021633 0.000027 -0.182286 0.000000 0.000000
    33 -0.000004 -1.136217 -0.000004 -0.537682 0.000000 0.000000
    34 -0.000011 1.136200 -0.000019 -0.591471 0.000000 0.000000
    35 -0.032677 -4.587727 1.352317 2.444718 1.216159 2.484986
    36 0.032719 4.587772 -1.352291 2.844703 1.216154 2.484990
    37 0.000000 -1.754536 -0.000002 0.193351 0.000000 0.000000
    38 -0.000006 1.754520 -0.000034 0.301016 0.000000 0.000000
    39 0.000000 -1.227020 -0.000002 0.955670 0.000000 0.000000
    40 0.000002 1.227070 0.000032 0.655020 0.000000 0.000000
    41 -0.367996 -4.208406 0.173244 2.475865 1.091695 2.536227
    42 0.368011 4.208412 -0.173239 2.894879 1.091697 2.536230
    43 0.000000 -2.372318 -0.000004 0.834666 0.000000 0.000000
    44 -0.000006 2.372318 -0.000032 0.737827 0.000000 0.000000
    45 0.000004 -1.580070 -0.000001 0.495055 0.000000 0.000000
    46 -0.000002 1.580170 0.000030 0.744518 0.000000 0.000000
    47 -0.937645 -3.860697 -0.959317 2.205251 0.797005 2.273736
    48 0.937672 3.860714 0.959333 2.990775 1.016697 2.713704
    49 0.000000 -1.690632 0.000000 0.848242 0.000000 0.000000
    50 -0.000013 1.690666 0.000021 0.568265 0.000000 0.000000
    51 -0.000002 -1.423443 0.000002 0.234212 0.000000 0.000000
    52 0.000008 1.423420 0.000028 0.761967 0.000000 0.000000
    53 -1.546646 -3.404194 -1.915569 2.750280 1.118484 2.534731
    54 1.546661 3.404217 1.915585 -3.076191 1.031499 2.824457
    55 0.000004 -1.437820 0.000000 0.424958 0.000000 0.000000
    56 -0.000021 1.437870 0.000031 -0.074280 0.000000 0.000000
    57 -0.000002 -1.059402 0.000000 0.322075 0.000000 0.000000
    58 0.000006 1.059372 0.000008 0.911714 0.000000 0.000000
    59 -0.000004 -13.013485 -0.000004 0.010936 -0.284121 -0.076428
    60 0.161133 -10.812500 0.023087 0.010936 -0.284121 -0.076428
  time 22
    0 0.000000 0.826660 0.000001 -1.559900 -0.000006 -0.000006
    1 -10.723376 4.021813 0.943485 -0.515251 -0.350211 0.139117
    2 0.000000 14.313023 0.000003 -1.587571 0.000000 0.000000
    3 -0.000011 13.013483 -0.000005 -0.482141 0.081080 1.144231
    4 8.648438 7.792969 3.429688 2.222705 0.399521 -1.404265
    5 0.000000 -14.313034 0.000000 -1.556552 0.000000 0.000000
    6 -0.000004 -13.013485 -0.000004 0.538394 0.815277 0.754107
    7 -1.330879 -2.698427 0.462449 -0.194886 -0.547260 3.056712
    8 1.330910 2.698444 -0.462436 0.194890 0.547268 -0.084879
    9 7.257103 4.554650 -3.010861 -1.937239 -0.275357 -3.272593
    10 10.570313 2.281250 -6.343750 -2.460934 -0.275417 3.010575
    11 1.806641 7.578125 -7.234375 -1.550988 -0.382996 1.806934
    12 1.377930 7.875000 -12.054688 -1.277176 -0.488708 1.819244
    13 4.531250 3.457031 -3.607422 -1.647836 -0.580608 1.782439
    14 5.974704 2.920219 -4.391550 -1.937293 -0.275375 -3.272526
    15 7.558525 6.997282 -2.354134 -1.937336 -0.275393 3.010581
    16 7.558525 6.997282 -2.354134 1.937336 0.275393 -0.131011
    17 -2.867767 -2.740969 0.531125 2.051196 0.577049 -0.321829
    18 8.375000 1.621094 -7.539063 -1.937333 -0.275414 3.010565
    19 2.614002 2.377790 -5.879168 -1.937294 -0.275355 -3.272537
    20 5.595486 4.607124 0.422674 -1.090396 0.577049 -0.321829
    21 6.233833 5.542564 0.898426 -1.090396 0.577049 -0.321829
    22 6.946648 6.587124 1.429667 -1.090396 0.577049 -0.321829
    23 7.537933 7.453606 1.870349 -1.090396 0.577049 -0.321829
    24 8.154472 8.357077 2.329839 -1.090396 0.577049 -0.321829
    25 8.874294 9.411907 2.866308 -1.090396 0.577049 -0.321829
    26 -4.125858 -2.321501 1.394414 2.051196 0.577049 -0.321829
    27 -4.826813 -3.348669 0.872014 2.051196 0.577049 -0.321829
    28 -5.441669 -4.249685 0.413772 2.051196 0.577049 -0.321829
    29 -0.552532 -1.343527 1.604446 -0.531397 0.349107 -0.535250
    30 0.552589 1.343534 -1.604463 -0.572351 0.200763 -0.519410
    31 0.000000 -2.021618 -0.000004 -0.140762 0.000000 0.000000
    32 -0.000021 2.021633 0.000027 -0.182286 0.000000 0.000000
    33 -0.000004 -1.136217 -0.000004 -0.537682 0.000000 0.000000
    34 -0.000011 1.136200 -0.000019 -0.591471 0.000000 0.000000
    35 -0.032677 -4.587727 1.352317 2.444718 1.216159 2.484986
    36 0.032719 4.587772 -1.352291 2.844703 1.216154 2.484990
    37 0.000000 -1.754536 -0.000002 0.193351 0.000000 0.000000
    38 -0.000006 1.754520 -0.000034 0.301016 0.000000 0.000000
    39 0.000000 -1.227020 -0.000002 0.955670 0.000000 0.000000
    40 0.000002 1.227070 0.000032 0.655020 0.000000 0.000000
    41 -0.367996 -4.208406 0.173244 2.475865 1.091695 2.536227
    42 0.368011 4.208412 -0.173239 2.894879 1.091697 2.536230
    43 0.000000 -2.372318 -0.000004 0.834666 0.000000 0.000000
    44 -0.000006 2.372318 -0.000032 0.737827 0.000000 0.000000
    45 0.000004 -1.580070 -0.000001 0.495055 0.000000 0.000000
    46 -0.000002 1.580170 0.000030 0.744518 0.000000 0.000000
    47 -0.937645 -3.860697 -0.959317 2.205251 0.797005 2.273736
    48 0.937672 3.860714 0.959333 2.990775 1.016697 2.713704
    49 0.000000 -1.690632 0.000000 0.848242 0.000000 0.000000
    50 -0.000013 1.690666 0.000021 0.568265 0.000000 0.000000
    51 -0.000002 -1.423443 0.000002 0.234212 0.000000 0.000000
    52 0.000008 1.423420 0.000028 0.761967 0.000000 0.000000
    53 -1.546646 -3.404194 -1.915569 2.750280 1.118484 2.534731
    54 1.546661 3.404217 1.915585 -3.076191 1.031499 2.824457
    55 0.000004 -1.437820 0.000000 0.424958 0.000000 0.000000
    56 -0.000021 1.437870 0.000031 -0.074280 0.000000 0.000000
    57 -0.000002 -1.059402 0.000000 0.322075 0.000000 0.000000
    58 0.000006 1.059372 0.000008 0.911714 0.000000 0.000000
    59 -0.000004 -13.013485 -0.000004 0.010936 -0.284121 -0.076428
    60 0.161133 -10.812500 0.023087 0.010936 -0.284121 -0.076428
  time 23
    0 0.000000 0.826660 0.000001 -1.559900 -0.000006 -0.000006
    1 -10.723376 4.021813 0.943485 -0.507695 -0.345633 0.142784
    2 0.000000 14.313023 0.000003 -1.589099 0.000000 0.000000
    3 -0.000011 13.013483 -0.000005 -0.483479 0.087589 1.139918
    4 8.648438 7.792969 3.429688 2.222705 0.399521 -1.404265
    5 0.000000 -14.313034 0.000000 -1.556552 0.000000 0.000000
    6 -0.000004 -13.013485 -0.000004 0.538394 0.815277 0.754107
    7 -1.330879 -2.698427 0.462449 -0.194886 -0.547260 3.056712
    8 1.330910 2.698444 -0.462436 0.194890 0.547268 -0.084879
    9 7.257103 4.554650 -3.010861 -1.937239 -0.275357 -3.272593
    10 10.570313 2.281250 -6.343750 -2.460934 -0.275417 3.010575
    11 1.806641 7.578125 -7.234375 -1.550988 -0.382996 1.806934
    12 1.377930 7.875000 -12.054688 -1.277176 -0.488708 1.819244
    13 4.531250 3.457031 -3.607422 -1.647836 -0.580608 1.782439
    14 5.974704 2.920219 -4.391550 -1.937293 -0.275375 -3.272526
    15 7.558525 6.997282 -2.354134 -1.937336 -0.275393 3.010581
    16 7.558525 6.997282 -2.354134 1.937336 0.275393 -0.131011
    17 -2.867767 -2.740969 0.531125 2.051196 0.577049 -0.321829
    18 8.375000 1.621094 -7.539063 -1.937333 -0.275414 3.010565
    19 2.614002 2.377790 -5.879168 -1.937294 -0.275355 -3.272537
    20 5.595486 4.607124 0.422674 -1.090396 0.577049 -0.321829
    21 6.233833 5.542564 0.898426 -1.090396 0.577049 -0.321829
    22 6.946648 6.587124 1.429667 -1.090396 0.577049 -0.321829
    23 7.537933 7.453606 1.870349 -1.090396 0.577049 -0.321829
    24 8.154472 8.357077 2.329839 -1.090396 0.577049 -0.321829
    25 8.874294 9.411907 2.866308 -1.090396 0.577049 -0.321829
    26 -4.125858 -2.321501 1.394414 2.051196 0.577049 -0.321829
    27 -4.826813 -3.348669 0.872014 2.051196 0.577049 -0.321829
    28 -5.441669 -4.249685 0.413772 2.051196 0.577049 -0.321829
    29 -0.552532 -1.343527 1.604446 -0.531397 0.349107 -0.535250
    30 0.552589 1.343534 -1.604463 -0.572351 0.200763 -0.519410
    31 0.000000 -2.021618 -0.000004 -0.140762 0.000000 0.000000
    32 -0.000021 2.021633 0.000027 -0.182286 0.000000 0.000000
    33 -0.000004 -1.136217 -0.000004 -0.537682 0.000000 0.000000
    34 -0.000011 1.136200 -0.000019 -0.591471 0.000000 0.000000
    35 -0.032677 -4.587727 1.352317 2.444718 1.216159 2.484986
    36 0.032719 4.587772 -1.352291 2.844703 1.216154 2.484990
    37 0.000000 -1.754536 -0.000002 0.193351 0.000000 0.000000
    38 -0.000006 1.754520 -0.000034 0.301016 0.000000 0.000000
    39 0.000000 -1.227020 -0.000002 0.955670 0.000000 0.000000
    40 0.000002 1.227070 0.000032 0.655020 0.000000 0.000000
    41 -0.367996 -4.208406 0.173244 2.475865 1.091695 2.536227
    42 0.368011 4.208412 -0.173239 2.894879 1.091697 2.536230
    43 0.000000 -2.372318 -0.000004 0.834666 0.000000 0.000000
    44 -0.000006 2.372318 -0.000032 0.737827 0.000000 0.000000
    45 0.000004 -1.580070 -0.000001 0.495055 0.000000 0.000000
    46 -0.000002 1.580170 0.000030 0.744518 0.000000 0.000000
    47 -0.937645 -3.860697 -0.959317 2.205251 0.797005 2.273736
    48 0.937672 3.860714 0.959333 2.990775 1.016697 2.713704
    49 0.000000 -1.690632 0.000000 0.848242 0.000000 0.000000
    50 -0.000013 1.690666 0.000021 0.568265 0.000000 0.000000
    51 -0.000002 -1.423443 0.000002 0.234212 0.000000 0.000000
    52 0.000008 1.423420 0.000028 0.761967 0.000000 0.000000
    53 -1.546646 -3.404194 -1.915569 2.750280 1.118484 2.534731
    54 1.546661 3.404217 1.915585 -3.076191 1.031499 2.824457
    55 0.000004 -1.437820 0.000000 0.424958 0.000000 0.000000
    56 -0.000021 1.437870 0.000031 -0.074280 0.000000 0.000000
    57 -0.000002 -1.059402 0.000000 0.322075 0.000000 0.000000
    58 0.000006 1.059372 0.000008 0.911714 0.000000 0.000000
    59 -0.000004 -13.013485 -0.000004 0.010936 -0.284121 -0.076428
    60 0.161133 -10.812500 0.023087 0.010936 -0.284121 -0.076428
  time 24
    0 0.000000 0.826660 0.000001 -1.559900 -0.000006 -0.000006
    1 -10.723376 4.021813 0.943485 -0.501061 -0.340531 0.146755
    2 0.000000 14.313023 0.000003 -1.589038 0.000000 0.000000
    3 -0.000011 13.013483 -0.000005 -0.484721 0.095136 1.134837
    4 8.648438 7.792969 3.429688 2.222705 0.399521 -1.404265
    5 0.000000 -14.313034 0.000000 -1.556552 0.000000 0.000000
    6 -0.000004 -13.013485 -0.000004 0.538394 0.815277 0.754107
    7 -1.330879 -2.698427 0.462449 -0.194886 -0.547260 3.056712
    8 1.330910 2.698444 -0.462436 0.194890 0.547268 -0.084879
    9 7.257103 4.554650 -3.010861 -1.937239 -0.275357 -3.272593
    10 10.570313 2.281250 -6.343750 -2.460934 -0.275417 3.010575
    11 1.806641 7.578125 -7.234375 -1.550988 -0.382996 1.806934
    12 1.377930 7.875000 -12.054688 -1.277176 -0.488708 1.819244
    13 4.531250 3.457031 -3.607422 -1.647836 -0.580608 1.782439
    14 5.974704 2.920219 -4.391550 -1.937293 -0.275375 -3.272526
    15 7.558525 6.997282 -2.354134 -1.937336 -0.275393 3.010581
    16 7.558525 6.997282 -2.354134 1.937336 0.275393 -0.131011
    17 -2.867767 -2.740969 0.531125 2.051196 0.577049 -0.321829
    18 8.375000 1.621094 -7.539063 -1.937333 -0.275414 3.010565
    19 2.614002 2.377790 -5.879168 -1.937294 -0.275355 -3.272537
    20 5.595486 4.607124 0.422674 -1.090396 0.577049 -0.321829
    21 6.233833 5.542564 0.898426 -1.090396 0.577049 -0.321829
    22 6.946648 6.587124 1.429667 -1.090396 0.577049 -0.321829
    23 7.537933 7.453606 1.870349 -1.090396 0.577049 -0.321829
    24 8.154472 8.357077 2.329839 -1.090396 0.577049 -0.321829
    25 8.874294 9.411907 2.866308 -1.090396 0.577049 -0.321829
    26 -4.125858 -2.321501 1.394414 2.051196 0.577049 -0.321829
    27 -4.826813 -3.348669 0.872014 2.051196 0.577049 -0.321829
    28 -5.441669 -4.249685 0.413772 2.051196 0.577049 -0.321829
    29 -0.552532 -1.343527 1.604446 -0.531397 0.349107 -0.535250
    30 0.552589 1.343534 -1.604463 -0.572351 0.200763 -0.519410
    31 0.000000 -2.021618 -0.000004 -0.140762 0.000000 0.000000
    32 -0.000021 2.021633 0.000027 -0.182286 0.000000 0.000000
    33 -0.000004 -1.136217 -0.000004 -0.537682 0.000000 0.000000
    34 -0.000011 1.136200 -0.000019 -0.591471 0.000000 0.000000
    35 -0.032677 -4.587727 1.352317 2.444718 1.216159 2.484986
    36 0.032719 4.587772 -1.352291 2.844703 1.216154 2.484990
    37 0.000000 -1.754536 -0.000002 0.193351 0.000000 0.000000
    38 -0.000006 1.754520 -0.000034 0.301016 0.000000 0.000000
    39 0.000000 -1.227020 -0.000002 0.955670 0.000000 0.000000
    40 0.000002 1.227070 0.000032 0.655020 0.000000 0.000000
    41 -0.367996 -4.208406 0.173244 2.475865 1.091695 2.536227
    42 0.368011 4.208412 -0.173239 2.894879 1.091697 2.536230
    43 0.000000 -2.372318 -0.000004 0.834666 0.000000 0.000000
    44 -0.000006 2.372318 -0.000032 0.737827 0.000000 0.000000
    45 0.000004 -1.580070 -0.000001 0.495055 0.000000 0.000000
    46 -0.000002 1.580170 0.000030 0.744518 0.000000 0.000000
    47 -0.937645 -3.860697 -0.959317 2.205251 0.797005 2.273736
    48 0.937672 3.860714 0.959333 2.990775 1.016697 2.713704
    49 0.000000 -1.690632 0.000000 0.848242 0.000000 0.000000
    50 -0.000013 1.690666 0.000021 0.568265 0.000000 0.000000
    51 -0.000002 -1.423443 0.000002 0.234212 0.000000 0.000000
    52 0.000008 1.423420 0.000028 0.761967 0.000000 0.000000
    53 -1.546646 -3.404194 -1.915569 2.750280 1.118484 2.534731
    54 1.546661 3.404217 1.915585 -3.076191 1.031499 2.824457
    55 0.000004 -1.437820 0.000000 0.424958 0.000000 0.000000
    56 -0.000021 1.437870 0.000031 -0.074280 0.000000 0.000000
    57 -0.000002 -1.059402 0.000000 0.322075 0.000000 0.000000
    58 0.000006 1.059372 0.000008 0.911714 0.000000 0.000000
    59 -0.000004 -13.013485 -0.000004 0.010936 -0.284121 -0.076428
    60 0.161133 -10.812500 0.023087 0.010936 -0.284121 -0.076428
  time 25
    0 0.000000 0.826660 0.000001 -1.559900 -0.000006 -0.000006
    1 -10.723376 4.021813 0.943485 -0.494703 -0.334999 0.151033
    2 0.000000 14.313023 0.000003 -1.587755 0.000000 0.000000
    3 -0.000011 13.013483 -0.000005 -0.485868 0.103390 1.129374
    4 8.648438 7.792969 3.429688 2.222705 0.399521 -1.404265
    5 0.000000 -14.313034 0.000000 -1.556552 0.000000 0.000000
    6 -0.000004 -13.013485 -0.000004 0.538394 0.815277 0.754107
    7 -1.330879 -2.698427 0.462449 -0.194886 -0.547260 3.056712
    8 1.330910 2.698444 -0.462436 0.194890 0.547268 -0.084879
    9 7.257103 4.554650 -3.010861 -1.937239 -0.275357 -3.272593
    10 10.570313 2.281250 -6.343750 -2.460934 -0.275417 3.010575
    11 1.806641 7.578125 -7.234375 -1.550988 -0.382996 1.806934
    12 1.377930 7.875000 -12.054688 -1.277176 -0.488708 1.819244
    13 4.531250 3.457031 -3.607422 -1.647836 -0.580608 1.782439
    14 5.974704 2.920219 -4.391550 -1.937293 -0.275375 -3.272526
    15 7.558525 6.997282 -2.354134 -1.937336 -0.275393 3.010581
    16 7.558525 6.997282 -2.354134 1.937336 0.275393 -0.131011
    17 -2.867767 -2.740969 0.531125 2.051196 0.577049 -0.321829
    18 8.375000 1.621094 -7.539063 -1.937333 -0.275414 3.010565
    19 2.614002 2.377790 -5.879168 -1.937294 -0.275355 -3.272537
    20 5.595486 4.607124 0.422674 -1.090396 0.577049 -0.321829
    21 6.233833 5.542564 0.898426 -1.090396 0.577049 -0.321829
    22 6.946648 6.587124 1.429667 -1.090396 0.577049 -0.321829
    23 7.537933 7.453606 1.870349 -1.090396 0.577049 -0.321829
    24 8.154472 8.357077 2.329839 -1.090396 0.577049 -0.321829
    25 8.874294 9.411907 2.866308 -1.090396 0.577049 -0.321829
    26 -4.125858 -2.321501 1.394414 2.051196 0.577049 -0.321829
    27 -4.826813 -3.348669 0.872014 2.051196 0.577049 -0.321829
    28 -5.441669 -4.249685 0.413772 2.051196 0.577049 -0.321829
    29 -0.552532 -1.343527 1.604446 -0.531397 0.349107 -0.535250
    30 0.552589 1.343534 -1.604463 -0.572351 0.200763 -0.519410
    31 0.000000 -2.021618 -0.000004 -0.140762 0.000000 0.000000
    32 -0.000021 2.021633 0.000027 -0.182286 0.000000 0.000000
    33 -0.000004 -1.136217 -0.000004 -0.537682 0.000000 0.000000
    34 -0.000011 1.136200 -0.000019 -0.591471 0.000000 0.000000
    35 -0.032677 -4.587727 1.352317 2.444718 1.216159 2.484986
    36 0.032719 4.587772 -1.352291 2.844703 1.216154 2.484990
    37 0.000000 -1.754536 -0.000002 0.193351 0.000000 0.000000
    38 -0.000006 1.754520 -0.000034 0.301016 0.000000 0.000000
    39 0.000000 -1.227020 -0.000002 0.955670 0.000000 0.000000
    40 0.000002 1.227070 0.000032 0.655020 0.000000 0.000000
    41 -0.367996 -4.208406 0.173244 2.475865 1.091695 2.536227
    42 0.368011 4.208412 -0.173239 2.894879 1.091697 2.536230
    43 0.000000 -2.372318 -0.000004 0.834666 0.000000 0.000000
    44 -0.000006 2.372318 -0.000032 0.737827 0.000000 0.000000
    45 0.000004 -1.580070 -0.000001 0.495055 0.000000 0.000000
    46 -0.000002 1.580170 0.000030 0.744518 0.000000 0.000000
    47 -0.937645 -3.860697 -0.959317 2.205251 0.797005 2.273736
    48 0.937672 3.860714 0.959333 2.990775 1.016697 2.713704
    49 0.000000 -1.690632 0.000000 0.848242 0.000000 0.000000
    50 -0.000013 1.690666 0.000021 0.568265 0.000000 0.000000
    51 -0.000002 -1.423443 0.000002 0.234212 0.000000 0.000000
    52 0.000008 1.423420 0.000028 0.761967 0.000000 0.000000
    53 -1.546646 -3.404194 -1.915569 2.750280 1.118484 2.534731
    54 1.546661 3.404217 1.915585 -3.076191 1.031499 2.824457
    55 0.000004 -1.437820 0.000000 0.424958 0.000000 0.000000
    56 -0.000021 1.437870 0.000031 -0.074280 0.000000 0.000000
    57 -0.000002 -1.059402 0.000000 0.322075 0.000000 0.000000
    58 0.000006 1.059372 0.000008 0.911714 0.000000 0.000000
    59 -0.000004 -13.013485 -0.000004 0.010936 -0.284121 -0.076428
    60 0.161133 -10.812500 0.023087 0.010936 -0.284121 -0.076428
  time 26
    0 0.000000 0.826660 0.000001 -1.559900 -0.000006 -0.000006
    1 -10.723376 4.021813 0.943485 -0.488621 -0.329133 0.155616
    2 0.000000 14.313023 0.000003 -1.586777 0.000000 0.000000
    3 -0.000011 13.013483 -0.000005 -0.480708 0.109994 1.121322
    4 8.648438 7.792969 3.429688 2.222705 0.399521 -1.404265
    5 0.000000 -14.313034 0.000000 -1.556552 0.000000 0.000000
    6 -0.000004 -13.013485 -0.000004 0.538394 0.815277 0.754107
    7 -1.330879 -2.698427 0.462449 -0.194886 -0.547260 3.056712
    8 1.330910 2.698444 -0.462436 0.194890 0.547268 -0.084879
    9 7.257103 4.554650 -3.010861 -1.937239 -0.275357 -3.272593
    10 10.570313 2.281250 -6.343750 -2.460934 -0.275417 3.010575
    11 1.806641 7.578125 -7.234375 -1.550988 -0.382996 1.806934
    12 1.377930 7.875000 -12.054688 -1.277176 -0.488708 1.819244
    13 4.531250 3.457031 -3.607422 -1.647836 -0.580608 1.782439
    14 5.974704 2.920219 -4.391550 -1.937293 -0.275375 -3.272526
    15 7.558525 6.997282 -2.354134 -1.937336 -0.275393 3.010581
    16 7.558525 6.997282 -2.354134 1.937336 0.275393 -0.131011
    17 -2.867767 -2.740969 0.531125 2.051196 0.577049 -0.321829
    18 8.375000 1.621094 -7.539063 -1.937333 -0.275414 3.010565
    19 2.614002 2.377790 -5.879168 -1.937294 -0.275355 -3.272537
    20 5.595486 4.607124 0.422674 -1.090396 0.577049 -0.321829
    21 6.233833 5.542564 0.898426 -1.090396 0.577049 -0.321829
    22 6.946648 6.587124 1.429667 -1.090396 0.577049 -0.321829
    23 7.537933 7.453606 1.870349 -1.090396 0.577049 -0.321829
    24 8.154472 8.357077 2.329839 -1.090396 0.577049 -0.321829
    25 8.874294 9.411907 2.866308 -1.090396 0.577049 -0.321829
    26 -4.125858 -2.321501 1.394414 2.051196 0.577049 -0.321829
    27 -4.826813 -3.348669 0.872014 2.051196 0.577049 -0.321829
    28 -5.441669 -4.249685 0.413772 2.051196 0.577049 -0.321829
    29 -0.552532 -1.343527 1.604446 -0.531397 0.349107 -0.535250
    30 0.552589 1.343534 -1.604463 -0.572351 0.200763 -0.519410
    31 0.000000 -2.021618 -0.000004 -0.140762 0.000000 0.000000
    32 -0.000021 2.021633 0.000027 -0.182286 0.000000 0.000000
    33 -0.000004 -1.136217 -0.000004 -0.537682 0.000000 0.000000
    34 -0.000011 1.136200 -0.000019 -0.591471 0.000000 0.000000
    35 -0.032677 -4.587727 1.352317 2.444718 1.216159 2.484986
    36 0.032719 4.587772 -1.352291 2.844703 1.216154 2.484990
    37 0.000000 -1.754536 -0.000002 0.193351 0.000000 0.000000
    38 -0.000006 1.754520 -0.000034 0.301016 0.000000 0.000000
    39 0.000000 -1.227020 -0.000002 0.955670 0.000000 0.000000
    40 0.000002 1.227070 0.000032 0.655020 0.000000 0.000000
    41 -0.367996 -4.208406 0.173244 2.475865 1.091695 2.536227
    42 0.368011 4.208412 -0.173239 2.894879 1.091697 2.536230
    43 0.000000 -2.372318 -0.000004 0.834666 0.000000 0.000000
    44 -0.000006 2.372318 -0.000032 0.737827 0.000000 0.000000
    45 0.000004 -1.580070 -0.000001 0.495055 0.000000 0.000000
    46 -0.000002 1.580170 0.000030 0.744518 0.000000 0.000000
    47 -0.937645 -3.860697 -0.959317 2.205251 0.797005 2.273736
    48 0.937672 3.860714 0.959333 2.990775 1.016697 2.713704
    49 0.000000 -1.690632 0.000000 0.848242 0.000000 0.000000
    50 -0.000013 1.690666 0.000021 0.568265 0.000000 0.000000
    51 -0.000002 -1.423443 0.000002 0.234212 0.000000 0.000000
    52 0.000008 1.423420 0.000028 0.761967 0.000000 0.000000
    53 -1.546646 -3.404194 -1.915569 2.750280 1.118484 2.534731
    54 1.546661 3.404217 1.915585 -3.076191 1.031499 2.824457
    55 0.000004 -1.437820 0.000000 0.424958 0.000000 0.000000
    56 -0.000021 1.437870 0.000031 -0.074280 0.000000 0.000000
    57 -0.000002 -1.059402 0.000000 0.322075 0.000000 0.000000
    58 0.000006 1.059372 0.000008 0.911714 0.000000 0.000000
    59 -0.000004 -13.013485 -0.000004 0.010936 -0.284121 -0.076428
    60 0.161133 -10.812500 0.023087 0.010936 -0.284121 -0.076428
  time 27
    0 0.000000 0.826660 0.000001 -1.559900 -0.000006 -0.000006
    1 -10.723376 4.021813 0.943485 -0.482908 -0.322790 0.160504
    2 0.000000 14.313023 0.000003 -1.586777 0.000000 0.000000
    3 -0.000011 13.013483 -0.000005 -0.464178 0.112729 1.109244
    4 8.648438 7.792969 3.429688 2.222705 0.399521 -1.404265
    5 0.000000 -14.313034 0.000000 -1.556552 0.000000 0.000000
    6 -0.000004 -13.013485 -0.000004 0.538394 0.815277 0.754107
    7 -1.330879 -2.698427 0.462449 -0.194886 -0.547260 3.056712
    8 1.330910 2.698444 -0.462436 0.194890 0.547268 -0.084879
    9 7.257103 4.554650 -3.010861 -1.937335 -0.275357 -3.272593
    10 10.570313 2.281250 -6.343750 -2.460934 -0.275417 3.010575
    11 1.806641 7.578125 -7.234375 -1.550988 -0.382996 1.806934
    12 1.377930 7.875000 -12.054688 -1.277176 -0.488708 1.819244
    13 4.531250 3.457031 -3.607422 -1.647836 -0.580608 1.782439
    14 5.974704 2.920219 -4.391550 -1.937293 -0.275375 -3.272526
    15 7.558525 6.997282 -2.354134 -1.937336 -0.275393 3.010581
    16 7.558525 6.997282 -2.354134 1.937336 0.275393 -0.131011
    17 -2.867767 -2.740969 0.531125 2.051196 0.577049 -0.321829
    18 8.375000 1.621094 -7.539063 -1.937333 -0.275414 3.010565
    19 2.614002 2.377790 -5.879168 -1.937294 -0.275355 -3.272537
    20 5.595486 4.607124 0.422674 -1.090396 0.577049 -0.321829
    21 6.233833 5.542564 0.898426 -1.090396 0.577049 -0.321829
    22 6.946648 6.587124 1.429667 -1.090396 0.577049 -0.321829
    23 7.537933 7.453606 1.870349 -1.090396 0.577049 -0.321829
    24 8.154472 8.357077 2.329839 -1.090396 0.577049 -0.321829
    25 8.874294 9.411907 2.866308 -1.090396 0.577049 -0.321829
    26 -4.125858 -2.321501 1.394414 2.051196 0.577049 -0.321829
    27 -4.826813 -3.348669 0.872014 2.051196 0.577049 -0.321829
    28 -5.441669 -4.249685 0.413772 2.051196 0.577049 -0.321829
    29 -0.552532 -1.343527 1.604446 -0.531397 0.349107 -0.535250
    30 0.552589 1.343534 -1.604463 -0.572351 0.200763 -0.519410
    31 0.000000 -2.021618 -0.000004 -0.140762 0.000000 0.000000
    32 -0.000021 2.021633 0.000027 -0.182286 0.000000 0.000000
    33 -0.000004 -1.136217 -0.000004 -0.537682 0.000000 0.000000
    34 -0.000011 1.136200 -0.000019 -0.591471 0.000000 0.000000
    35 -0.032677 -4.587727 1.352317 2.444718 1.216159 2.484986
    36 0.032719 4.587772 -1.352291 2.844703 1.216154 2.484990
    37 0.000000 -1.754536 -0.000002 0.193351 0.000000 0.000000
    38 -0.000006 1.754520 -0.000034 0.301016 0.000000 0.000000
    39 0.000000 -1.227020 -0.000002 0.955670 0.000000 0.000000
    40 0.000002 1.227070 0.000032 0.655020 0.000000 0.000000
    41 -0.367996 -4.208406 0.173244 2.475865 1.091695 2.536227
    42 0.368011 4.208412 -0.173239 2.894879 1.091697 2.536230
    43 0.000000 -2.372318 -0.000004 0.834666 0.000000 0.000000
    44 -0.000006 2.372318 -0.000032 0.737827 0.000000 0.000000
    45 0.000004 -1.580070 -0.000001 0.495055 0.000000 0.000000
    46 -0.000002 1.580170 0.000030 0.744518 0.000000 0.000000
    47 -0.937645 -3.860697 -0.959317 2.205251 0.797005 2.273736
    48 0.937672 3.860714 0.959333 2.990775 1.016697 2.713704
    49 0.000000 -1.690632 0.000000 0.848242 0.000000 0.000000
    50 -0.000013 1.690666 0.000021 0.568265 0.000000 0.000000
    51 -0.000002 -1.423443 0.000002 0.234212 0.000000 0.000000
    52 0.000008 1.423420 0.000028 0.761894 0.000000 0.000000
    53 -1.546646 -3.404194 -1.915569 2.750280 1.118484 2.534731
    54 1.546661 3.404217 1.915585 -3.076191 1.031499 2.824457
    55 0.000004 -1.437820 0.000000 0.424958 0.000000 0.000000
    56 -0.000021 1.437870 0.000031 -0.074280 0.000000 0.000000
    57 -0.000002 -1.059402 0.000000 0.322075 0.000000 0.000000
    58 0.000006 1.059372 0.000008 0.911714 0.000000 0.000000
    59 -0.000004 -13.013485 -0.000004 0.010936 -0.284121 -0.076428
    60 0.161133 -10.812500 0.023087 0.010936 -0.284121 -0.076428
  time 28
    0 0.000000 0.826660 0.000001 -1.559900 -0.000006 -0.000006
    1 -10.723376 4.021813 0.943485 -0.477748 -0.316018 0.165622
    2 0.000000 14.313023 0.000003 -1.587816 0.000000 0.000000
    3 -0.000011 13.013483 -0.000005 -0.437615 0.112541 1.093236
    4 8.648438 7.792969 3.429688 2.222705 0.399521 -1.404265
    5 0.000000 -14.313034 0.000000 -1.556552 0.000000 0.000000
    6 -0.000004 -13.013485 -0.000004 0.538394 0.815277 0.754107
    7 -1.330879 -2.698427 0.462449 -0.194886 -0.547260 3.056712
    8 1.330910 2.698444 -0.462436 0.194890 0.547268 -0.084879
    9 7.257103 4.554650 -3.010861 -1.937239 -0.275357 -3.272593
    10 10.570313 2.281250 -6.343750 -2.460934 -0.275417 3.010575
    11 1.806641 7.578125 -7.234375 -1.550988 -0.382996 1.806934
    12 1.377930 7.875000 -12.054688 -1.277176 -0.488708 1.819244
    13 4.531250 3.457031 -3.607422 -1.647836 -0.580608 1.782439
    14 5.974704 2.920219 -4.391550 -1.937293 -0.275375 -3.272526
    15 7.558525 6.997282 -2.354134 -1.937336 -0.275393 3.010581
    16 7.558525 6.997282 -2.354134 1.937336 0.275393 -0.131011
    17 -2.867767 -2.740969 0.531125 2.051196 0.577049 -0.321829
    18 8.375000 1.621094 -7.539063 -1.937333 -0.275414 3.010565
    19 2.614002 2.377790 -5.879168 -1.937294 -0.275355 -3.272537
    20 5.595486 4.607124 0.422674 -1.090396 0.577049 -0.321829
    21 6.233833 5.542564 0.898426 -1.090396 0.577049 -0.321829
    22 6.946648 6.587124 1.429667 -1.090396 0.577049 -0.321829
    23 7.537933 7.453606 1.870349 -1.090396 0.577049 -0.321829
    24 8.154472 8.357077 2.329839 -1.090396 0.577049 -0.321829
    25 8.874294 9.411907 2.866308 -1.090396 0.577049 -0.321829
    26 -4.125858 -2.321501 1.394414 2.051196 0.577049 -0.321829
    27 -4.826813 -3.348669 0.872014 2.051196 0.577049 -0.321829
    28 -5.441669 -4.249685 0.413772 2.051196 0.577049 -0.321829
    29 -0.552532 -1.343527 1.604446 -0.531397 0.349107 -0.535250
    30 0.552589 1.343534 -1.604463 -0.572351 0.200763 -0.519410
    31 0.000000 -2.021618 -0.000004 -0.140762 0.000000 0.000000
    32 -0.000021 2.021633 0.000027 -0.182286 0.000000 0.000000
    33 -0.000004 -1.136217 -0.000004 -0.537682 0.000000 0.000000
    34 -0.000011 1.136200 -0.000019 -0.591471 0.000000 0.000000
    35 -0.032677 -4.587727 1.352317 2.444718 1.216159 2.484986
    36 0.032719 4.587772 -1.352291 2.844703 1.216154 2.484990
    37 0.000000 -1.754536 -0.000002 0.193351 0.000000 0.000000
    38 -0.000006 1.754520 -0.000034 0.301016 0.000000 0.000000
    39 0.000000 -1.227020 -0.000002 0.955670 0.000000 0.000000
    40 0.000002 1.227070 0.000032 0.655020 0.000000 0.000000
    41 -0.367996 -4.208406 0.173244 2.475865 1.091695 2.536227
    42 0.368011 4.208412 -0.173239 2.894879 1.091697 2.536230
    43 0.000000 -2.372318 -0.000004 0.834666 0.000000 0.000000
    44 -0.000006 2.372318 -0.000032 0.737827 0.000000 0.000000
    45 0.000004 -1.580070 -0.000001 0.495055 0.000000 0.000000
    46 -0.000002 1.580170 0.000030 0.744518 0.000000 0.000000
    47 -0.937645 -3.860697 -0.959317 2.205251 0.797005 2.273736
    48 0.937672 3.860714 0.959333 2.990775 1.016697 2.713704
    49 0.000000 -1.690632 0.000000 0.848242 0.000000 0.000000
    50 -0.000013 1.690666 0.000021 0.568265 0.000000 0.000000
    51 -0.000002 -1.423443 0.000002 0.234212 0.000000 0.000000
    52 0.000008 1.423420 0.000028 0.761967 0.000000 0.000000
    53 -1.546646 -3.404194 -1.915569 2.750280 1.118484 2.534731
    54 1.546661 3.404217 1.915585 -3.076191 1.031499 2.824457
    55 0.000004 -1.437820 0.000000 0.424958 0.000000 0.000000
    56 -0.000021 1.437870 0.000031 -0.074280 0.000000 0.000000
    57 -0.000002 -1.059402 0.000000 0.322075 0.000000 0.000000
    58 0.000006 1.059372 0.000008 0.911714 0.000000 0.000000
    59 -0.000004 -13.013485 -0.000004 0.010936 -0.284121 -0.076428
    60 0.161133 -10.812500 0.023087 0.010936 -0.284121 -0.076428
  time 29
    0 0.000000 0.826660 0.000001 -1.559900 -0.000006 -0.000006
    1 -10.723376 4.021813 0.943485 -0.473140 -0.308770 0.171274
    2 0.000000 14.313023 0.000003 -1.589526 0.000000 0.000000
    3 -0.000011 13.013483 -0.000005 -0.401975 0.110041 1.073585
    4 8.648438 7.792969 3.429688 2.222705 0.399521 -1.404265
    5 0.000000 -14.313034 0.000000 -1.556552 0.000000 0.000000
    6 -0.000004 -13.013485 -0.000004 0.538394 0.815277 0.754107
    7 -1.330879 -2.698427 0.462449 -0.194886 -0.547260 3.056712
    8 1.330910 2.698444 -0.462436 0.194890 0.547268 -0.084879
    9 7.257103 4.554650 -3.010861 -1.937239 -0.275357 -3.272593
    10 10.570313 2.281250 -6.343750 -2.460934 -0.275417 3.010575
    11 1.806641 7.578125 -7.234375 -1.550988 -0.382996 1.806934
    12 1.377930 7.875000 -12.054688 -1.277176 -0.488708 1.819244
    13 4.531250 3.457031 -3.607422 -1.647836 -0.580608 1.782439
    14 5.974704 2.920219 -4.391550 -1.937293 -0.275375 -3.272526
    15 7.558525 6.997282 -2.354134 -1.937336 -0.275393 3.010581
    16 7.558525 6.997282 -2.354134 1.937336 0.275393 -0.131011
    17 -2.867767 -2.740969 0.531125 2.051196 0.577049 -0.321829
    18 8.375000 1.621094 -7.539063 -1.937333 -0.275414 3.010565
    19 2.614002 2.377790 -5.879168 -1.937294 -0.275355 -3.272537
    20 5.595486 4.607124 0.422674 -1.090396 0.577049 -0.321829
    21 6.233833 5.542564 0.898426 -1.090396 0.577049 -0.321829
    22 6.946648 6.587124 1.429667 -1.090396 0.577049 -0.321829
    23 7.537933 7.453606 1.870349 -1.090396 0.577049 -0.321829
    24 8.154472 8.357077 2.329839 -1.090396 0.577049 -0.321829
    25 8.874294 9.411907 2.866308 -1.090396 0.577049 -0.321829
    26 -4.125858 -2.321501 1.394414 2.051196 0.577049 -0.321829
    27 -4.826813 -3.348669 0.872014 2.051196 0.577049 -0.321829
    28 -5.441669 -4.249685 0.413772 2.051196 0.577049 -0.321829
    29 -0.552532 -1.343527 1.604446 -0.531397 0.349107 -0.535250
    30 0.552589 1.343534 -1.604463 -0.572351 0.200763 -0.519410
    31 0.000000 -2.021618 -0.000004 -0.140762 0.000000 0.000000
    32 -0.000021 2.021633 0.000027 -0.182286 0.000000 0.000000
    33 -0.000004 -1.136217 -0.000004 -0.537682 0.000000 0.000000
    34 -0.000011 1.136200 -0.000019 -0.591471 0.000000 0.000000
    35 -0.032677 -4.587727 1.352317 2.444718 1.216159 2.484986
    36 0.032719 4.587772 -1.352291 2.844703 1.216154 2.484990
    37 0.000000 -1.754536 -0.000002 0.193351 0.000000 0.000000
    38 -0.000006 1.754520 -0.000034 0.301016 0.000000 0.000000
    39 0.000000 -1.227020 -0.000002 0.955670 0.000000 0.000000
    40 0.000002 1.227070 0.000032 0.655020 0.000000 0.000000
    41 -0.367996 -4.208406 0.173244 2.475865 1.091695 2.536227
    42 0.368011 4.208412 -0.173239 2.894879 1.091697 2.536230
    43 0.000000 -2.372318 -0.000004 0.834666 0.000000 0.000000
    44 -0.000006 2.372318 -0.000032 0.737827 0.000000 0.000000
    45 0.000004 -1.580070 -0.000001 0.495055 0.000000 0.000000
    46 -0.000002 1.580170 0.000030 0.744518 0.000000 0.000000
    47 -0.937645 -3.860697 -0.959317 2.205251 0.797005 2.273736
    48 0.937672 3.860714 0.959333 2.990775 1.016697 2.713704
    49 0.000000 -1.690632 0.000000 0.848242 0.000000 0.000000
    50 -0.000013 1.690666 0.000021 0.568265 0.000000 0.000000
    51 -0.000002 -1.423443 0.000002 0.234212 0.000000 0.000000
    52 0.000008 1.423420 0.000028 0.761967 0.000000 0.000000
    53 -1.546646 -3.404194 -1.915569 2.750280 1.118484 2.534731
    54 1.546661 3.404217 1.915585 -3.076191 1.031499 2.824457
    55 0.000004 -1.437820 0.000000 0.424958 0.000000 0.000000
    56 -0.000021 1.437870 0.000031 -0.074280 0.000000 0.000000
    57 -0.000002 -1.059402 0.000000 0.322075 0.000000 0.000000
    58 0.000006 1.059372 0.000008 0.911714 0.000000 0.000000
    59 -0.000004 -13.013485 -0.000004 0.010936 -0.284121 -0.076428
    60 0.161133 -10.812500 0.023087 0.010936 -0.284121 -0.076428
  time 30
    0 0.000000 0.826660 0.000001 -1.559900 -0.000006 -0.000006
    1 -10.723376 4.021813 0.943485 -0.469546 -0.300806 0.177308
    2 0.000000 14.313023 0.000003 -1.591604 0.000000 0.000000
    3 -0.000011 13.013483 -0.000005 -0.359169 0.106173 1.050772
    4 8.648438 7.792969 3.429688 2.222705 0.399521 -1.404265
    5 0.000000 -14.313034 0.000000 -1.556552 0.000000 0.000000
    6 -0.000004 -13.013485 -0.000004 0.538394 0.815277 0.754107
    7 -1.330879 -2.698427 0.462449 -0.194886 -0.547260 3.056712
    8 1.330910 2.698444 -0.462436 0.194890 0.547268 -0.084879
    9 7.226192 4.554650 -2.960350 -1.937239 -0.275294 -3.272498
    10 10.570313 2.281250 -6.343750 -2.460934 -0.275417 3.010575
    11 1.806641 7.582031 -7.234375 -1.550988 -0.382996 1.806934
    12 1.377930 7.878906 -12.054688 -1.277176 -0.488708 1.819244
    13 4.531250 3.458984 -3.607422 -1.647836 -0.580608 1.782439
    14 5.974704 2.920219 -4.391550 -1.937293 -0.275375 -3.272616
    15 7.558525 6.997282 -2.354134 -1.937336 -0.275393 3.010581
    16 7.558525 6.997282 -2.354134 1.937336 0.275393 -0.131011
    17 -2.867767 -2.740969 0.531125 2.051196 0.577049 -0.321829
    18 8.375000 1.621094 -7.539063 -1.937331 -0.275423 3.010558
    19 2.614002 2.377790 -5.883075 -1.937294 -0.275294 -3.272537
    20 5.595486 4.607124 0.422674 -1.090396 0.577049 -0.321829
    21 6.233833 5.542564 0.898426 -1.090396 0.577049 -0.321829
    22 6.946648 6.587124 1.429667 -1.090396 0.577049 -0.321829
    23 7.537933 7.453606 1.870349 -1.090396 0.577049 -0.321829
    24 8.154472 8.357077 2.329839 -1.090396 0.577049 -0.321829
    25 8.874294 9.411907 2.866308 -1.090396 0.577049 -0.321829
    26 -4.125858 -2.321501 1.394414 2.051196 0.577049 -0.321829
    27 -4.826813 -3.348669 0.872014 2.051196 0.577049 -0.321829
    28 -5.441669 -4.249685 0.413772 2.051196 0.577049 -0.321829
    29 -0.552532 -1.343527 1.604446 -0.531397 0.349107 -0.535250
    30 0.552589 1.343534 -1.604463 -0.572352 0.200762 -0.519412
    31 0.000000 -2.021618 -0.000004 -0.140762 0.000000 0.000000
    32 -0.000021 2.021633 0.000027 -0.182286 0.000000 0.000000
    33 -0.000004 -1.136217 -0.000004 -0.537682 0.000000 0.000000
    34 -0.000011 1.136200 -0.000019 -0.591471 0.000000 0.000000
    35 -0.032677 -4.587727 1.352317 2.444718 1.216159 2.484986
    36 0.032719 4.587772 -1.352291 2.844703 1.216154 2.484990
    37 0.000000 -1.754536 -0.000002 0.193351 0.000000 0.000000
    38 -0.000006 1.754520 -0.000034 0.301016 0.000000 0.000000
    39 0.000000 -1.227020 -0.000002 0.955670 0.000000 0.000000
    40 0.000002 1.227070 0.000032 0.655020 0.000000 0.000000
    41 -0.367996 -4.208406 0.173244 2.475865 1.091695 2.536227
    42 0.368011 4.208412 -0.173239 2.894872 1.091696 2.536226
    43 0.000000 -2.372318 -0.000004 0.834666 0.000000 0.000000
    44 -0.000006 2.372318 -0.000032 0.737827 0.000000 0.000000
    45 0.000004 -1.580070 -0.000001 0.495055 0.000000 0.000000
    46 -0.000002 1.580170 0.000030 0.744518 0.000000 0.000000
    47 -0.937645 -3.860697 -0.959317 2.205251 0.797005 2.273736
    48 0.937672 3.860714 0.959333 2.990775 1.016697 2.713704
    49 0.000000 -1.690632 0.000000 0.848242 0.000000 0.000000
    50 -0.000013 1.690666 0.000021 0.568265 0.000000 0.000000
    51 -0.000002 -1.423443 0.000002 0.234212 0.000000 0.000000
    52 0.000008 1.423420 0.000028 0.761967 0.000000 0.000000
    53 -1.546646 -3.404194 -1.915569 2.750280 1.118484 2.534731
    54 1.546661 3.404217 1.915585 -3.076191 1.031499 2.824457
    55 0.000004 -1.437820 0.000000 0.424958 0.000000 0.000000
    56 -0.000021 1.437870 0.000031 -0.074280 0.000000 0.000000
    57 -0.000002 -1.059402 0.000000 0.322075 0.000000 0.000000
    58 0.000006 1.059372 0.000008 0.911714 0.000000 0.000000
    59 -0.000004 -13.013485 -0.000004 0.010936 -0.284121 -0.076428
    60 0.161133 -10.812500 0.023087 0.010936 -0.284121 -0.076428
  time 31
    0 0.000000 0.826660 0.000001 -1.559900 -0.000006 -0.000006
    1 -10.723376 4.021813 0.943485 -0.466690 -0.291983 0.183877
    2 0.000000 14.313023 0.000003 -1.593742 0.000000 0.000000
    3 -0.000011 13.013483 -0.000005 -0.309866 0.101834 1.024891
    4 8.648438 7.792969 3.429688 2.222705 0.399521 -1.404265
    5 0.000000 -14.313034 0.000000 -1.556552 0.000000 0.000000
    6 -0.000004 -13.013485 -0.000004 0.538394 0.815277 0.754107
    7 -1.330879 -2.698427 0.462449 -0.194886 -0.547260 3.056712
    8 1.330910 2.698444 -0.462436 0.194890 0.547268 -0.084879
    9 7.226192 4.554650 -2.960350 -1.937239 -0.275294 -3.272498
    10 10.570313 2.281250 -6.343750 -2.460934 -0.275417 3.010575
    11 1.806641 7.582031 -7.234375 -1.550988 -0.382996 1.806934
    12 1.377930 7.878906 -12.054688 -1.277176 -0.488708 1.819244
    13 4.531250 3.458984 -3.607422 -1.647836 -0.580608 1.782439
    14 5.974704 2.920219 -4.391550 -1.937293 -0.275375 -3.272616
    15 7.558525 6.997282 -2.354134 -1.937336 -0.275393 3.010581
    16 7.558525 6.997282 -2.354134 1.937336 0.275393 -0.131011
    17 -2.867767 -2.740969 0.531125 2.051196 0.577049 -0.321829
    18 8.375000 1.621094 -7.539063 -1.937331 -0.275423 3.010558
    19 2.614002 2.377790 -5.879168 -1.937294 -0.275294 -3.272537
    20 5.595486 4.607124 0.422674 -1.090396 0.577049 -0.321829
    21 6.233833 5.542564 0.898426 -1.090396 0.577049 -0.321829
    22 6.946648 6.587124 1.429667 -1.090396 0.577049 -0.321829
    23 7.537933 7.453606 1.870349 -1.090396 0.577049 -0.321829
    24 8.154472 8.357077 2.329839 -1.090396 0.577049 -0.321829
    25 8.874294 9.411907 2.866308 -1.090396 0.577049 -0.321829
    26 -4.125858 -2.321501 1.394414 2.051196 0.577049 -0.321829
    27 -4.826813 -3.348669 0.872014 2.051196 0.577049 -0.321829
    28 -5.441669 -4.249685 0.413772 2.051196 0.577049 -0.321829
    29 -0.552532 -1.343527 1.604446 -0.531397 0.349107 -0.535250
    30 0.552589 1.343534 -1.604463 -0.572352 0.200762 -0.519412
    31 0.000000 -2.021618 -0.000004 -0.140762 0.000000 0.000000
    32 -0.000021 2.021633 0.000027 -0.182286 0.000000 0.000000
    33 -0.000004 -1.136217 -0.000004 -0.537682 0.000000 0.000000
    34 -0.000011 1.136200 -0.000019 -0.591471 0.000000 0.000000
    35 -0.032677 -4.587727 1.352317 2.444718 1.216159 2.484986
    36 0.032719 4.587772 -1.352291 2.844703 1.216154 2.484990
    37 0.000000 -1.754536 -0.000002 0.193351 0.000000 0.000000
    38 -0.000006 1.754520 -0.000034 0.301016 0.000000 0.000000
    39 0.000000 -1.227020 -0.000002 0.955670 0.000000 0.000000
    40 0.000002 1.227070 0.000032 0.655020 0.000000 0.000000
    41 -0.367996 -4.208406 0.173244 2.475865 1.091695 2.536227
    42 0.368011 4.208412 -0.173239 2.894872 1.091696 2.536226
    43 0.000000 -2.372318 -0.000004 0.834666 0.000000 0.000000
    44 -0.000006 2.372318 -0.000032 0.737827 0.000000 0.000000
    45 0.000004 -1.580070 -0.000001 0.495055 0.000000 0.000000
    46 -0.000002 1.580170 0.000030 0.744518 0.000000 0.000000
    47 -0.937645 -3.860697 -0.959317 2.205251 0.797005 2.273736
    48 0.937672 3.860714 0.959333 2.990775 1.016697 2.713704
    49 0.000000 -1.690632 0.000000 0.848242 0.000000 0.000000
    50 -0.000013 1.690666 0.000021 0.568265 0.000000 0.000000
    51 -0.000002 -1.423443 0.000002 0.234212 0.000000 0.000000
    52 0.000008 1.423420 0.000028 0.761967 0.000000 0.000000
    53 -1.546646 -3.404194 -1.915569 2.750280 1.118484 2.534731
    54 1.546661 3.404217 1.915585 -3.076191 1.031499 2.824457
    55 0.000004 -1.437820 0.000000 0.424958 0.000000 0.000000
    56 -0.000021 1.437870 0.000031 -0.074280 0.000000 0.000000
    57 -0.000002 -1.059402 0.000000 0.322075 0.000000 0.000000
    58 0.000006 1.059372 0.000008 0.911714 0.000000 0.000000
    59 -0.000004 -13.013485 -0.000004 0.010936 -0.284121 -0.076428
    60 0.161133 -10.812500 0.023087 0.010936 -0.284121 -0.076428
  time 32
    0 0.000000 0.826660 0.000001 -1.559900 -0.000006 -0.000006
    1 -10.723376 4.021813 0.943485 -0.465308 -0.282350 0.191133
    2 0.000000 14.313023 0.000003 -1.595636 0.000000 0.000000
    3 -0.000011 13.013483 -0.000005 -0.255594 0.097872 0.995942
    4 8.648438 7.792969 3.429688 2.222705 0.399521 -1.404265
    5 0.000000 -14.313034 0.000000 -1.556552 0.000000 0.000000
    6 -0.000004 -13.013485 -0.000004 0.538394 0.815277 0.754107
    7 -1.330879 -2.698427 0.462449 -0.194886 -0.547260 3.056712
    8 1.330910 2.698444 -0.462436 0.194890 0.547268 -0.084879
    9 7.226192 4.554650 -2.960350 -1.937239 -0.275357 -3.272498
    10 10.570313 2.281250 -6.343750 -2.460934 -0.275417 3.010575
    11 1.806641 7.582031 -7.234375 -1.550988 -0.382996 1.806934
    12 1.377930 7.878906 -12.054688 -1.277176 -0.488708 1.819244
    13 4.531250 3.458984 -3.607422 -1.647836 -0.580608 1.782439
    14 5.974704 2.920219 -4.391550 -1.937293 -0.275375 -3.272616
    15 7.558525 6.997282 -2.354134 -1.937336 -0.275393 3.010581
    16 7.558525 6.997282 -2.354134 1.937336 0.275393 -0.131011
    17 -2.867767 -2.740969 0.531125 2.051196 0.577049 -0.321829
    18 8.375000 1.621094 -7.539063 -1.937331 -0.275423 3.010558
    19 2.614002 2.381697 -5.879168 -1.937294 -0.275294 -3.272537
    20 5.595486 4.607124 0.422674 -1.090396 0.577049 -0.321829
    21 6.233833 5.542564 0.898426 -1.090396 0.577049 -0.321829
    22 6.946648 6.587124 1.429667 -1.090396 0.577049 -0.321829
    23 7.537933 7.453606 1.870349 -1.090396 0.577049 -0.321829
    24 8.154472 8.357077 2.329839 -1.090396 0.577049 -0.321829
    25 8.874294 9.411907 2.866308 -1.090396 0.577049 -0.321829
    26 -4.125858 -2.321501 1.394414 2.051196 0.577049 -0.321829
    27 -4.826813 -3.348669 0.872014 2.051196 0.577049 -0.321829
    28 -5.441669 -4.249685 0.413772 2.051196 0.577049 -0.321829
    29 -0.552532 -1.343527 1.604446 -0.531397 0.349107 -0.535250
    30 0.552589 1.343534 -1.604463 -0.572352 0.200762 -0.519412
    31 0.000000 -2.021618 -0.000004 -0.140762 0.000000 0.000000
    32 -0.000021 2.021633 0.000027 -0.182286 0.000000 0.000000
    33 -0.000004 -1.136217 -0.000004 -0.537682 0.000000 0.000000
    34 -0.000011 1.136200 -0.000019 -0.591471 0.000000 0.000000
    35 -0.032677 -4.587727 1.352317 2.444718 1.216159 2.484986
    36 0.032719 4.587772 -1.352291 2.844703 1.216154 2.484990
    37 0.000000 -1.754536 -0.000002 0.193351 0.000000 0.000000
    38 -0.000006 1.754520 -0.000034 0.301016 0.000000 0.000000
    39 0.000000 -1.227020 -0.000002 0.955670 0.000000 0.000000
    40 0.000002 1.227070 0.000032 0.655020 0.000000 0.000000
    41 -0.367996 -4.208406 0.173244 2.475865 1.091695 2.536227
    42 0.368011 4.208412 -0.173239 2.894872 1.091696 2.536226
    43 0.000000 -2.372318 -0.000004 0.834666 0.000000 0.000000
    44 -0.000006 2.372318 -0.000032 0.737827 0.000000 0.000000
    45 0.000004 -1.580070 -0.000001 0.495055 0.000000 0.000000
    46 -0.000002 1.580170 0.000030 0.744518 0.000000 0.000000
    47 -0.937645 -3.860697 -0.959317 2.205251 0.797005 2.273736
    48 0.937672 3.860714 0.959333 2.990775 1.016697 2.713704
    49 0.000000 -1.690632 0.000000 0.848242 0.000000 0.000000
    50 -0.000013 1.690666 0.000021 0.568265 0.000000 0.000000
    51 -0.000002 -1.423443 0.000002 0.234212 0.000000 0.000000
    52 0.000008 1.423420 0.000028 0.761967 0.000000 0.000000
    53 -1.546646 -3.404194 -1.915569 2.750280 1.118484 2.534731
    54 1.546661 3.404217 1.915585 -3.076191 1.031499 2.824457
    55 0.000004 -1.437820 0.000000 0.424958 0.000000 0.000000
    56 -0.000021 1.437870 0.000031 -0.074280 0.000000 0.000000
    57 -0.000002 -1.059402 0.000000 0.322075 0.000000 0.000000
    58 0.000006 1.059372 0.000008 0.911714 0.000000 0.000000
    59 -0.000004 -13.013485 -0.000004 0.010936 -0.284121 -0.076428
    60 0.161133 -10.812500 0.023087 0.010936 -0.284121 -0.076428
  time 33
    0 0.000000 0.826660 0.000001 -1.559900 -0.000006 -0.000006
    1 -10.723376 4.021813 0.943485 -0.465031 -0.272049 0.198771
    2 0.000000 14.313023 0.000003 -1.596736 0.000000 0.000000
    3 -0.000011 13.013483 -0.000005 -0.198360 0.095183 0.965077
    4 8.648438 7.792969 3.429688 2.222705 0.399521 -1.404265
    5 0.000000 -14.313034 0.000000 -1.556552 0.000000 0.000000
    6 -0.000004 -13.013485 -0.000004 0.538394 0.815277 0.754107
    7 -1.330879 -2.698427 0.462449 -0.194886 -0.547260 3.056712
    8 1.330910 2.698444 -0.462436 0.194890 0.547268 -0.084879
    9 7.226192 4.554650 -2.960350 -1.937239 -0.275294 -3.272498
    10 10.570313 2.281250 -6.343750 -2.460934 -0.275417 3.010575
    11 1.806641 7.582031 -7.234375 -1.550988 -0.382996 1.806934
    12 1.377930 7.878906 -12.054688 -1.277176 -0.488708 1.819244
    13 4.531250 3.458984 -3.607422 -1.647836 -0.580608 1.782439
    14 5.974704 2.920219 -4.391550 -1.937293 -0.275375 -3.272526
    15 7.558525 6.997282 -2.354134 -1.937336 -0.275393 3.010581
    16 7.558525 6.997282 -2.354134 1.937336 0.275393 -0.131011
    17 -2.867767 -2.740969 0.531125 2.051196 0.577049 -0.321829
    18 8.375000 1.621094 -7.539063 -1.937331 -0.275423 3.010558
    19 2.614002 2.381697 -5.879168 -1.937294 -0.275294 -3.272537
    20 5.595486 4.607124 0.422674 -1.090396 0.577049 -0.321829
    21 6.233833 5.542564 0.898426 -1.090396 0.577049 -0.321829
    22 6.946648 6.587124 1.429667 -1.090396 0.577049 -0.321829
    23 7.537933 7.453606 1.870349 -1.090396 0.577049 -0.321829
    24 8.154472 8.357077 2.329839 -1.090396 0.577049 -0.321829
    25 8.874294 9.411907 2.866308 -1.090396 0.577049 -0.321829
    26 -4.125858 -2.321501 1.394414 2.051196 0.577049 -0.321829
    27 -4.826813 -3.348669 0.872014 2.051196 0.577049 -0.321829
    28 -5.441669 -4.249685 0.413772 2.051196 0.577049 -0.321829
    29 -0.552532 -1.343527 1.604446 -0.531397 0.349107 -0.535250
    30 0.552589 1.343534 -1.604463 -0.572352 0.200762 -0.519412
    31 0.000000 -2.021618 -0.000004 -0.140762 0.000000 0.000000
    32 -0.000021 2.021633 0.000027 -0.182286 0.000000 0.000000
    33 -0.000004 -1.136217 -0.000004 -0.537682 0.000000 0.000000
    34 -0.000011 1.136200 -0.000019 -0.591471 0.000000 0.000000
    35 -0.032677 -4.587727 1.352317 2.444718 1.216159 2.484986
    36 0.032719 4.587772 -1.352291 2.844703 1.216154 2.484990
    37 0.000000 -1.754536 -0.000002 0.193351 0.000000 0.000000
    38 -0.000006 1.754520 -0.000034 0.301016 0.000000 0.000000
    39 0.000000 -1.227020 -0.000002 0.955670 0.000000 0.000000
    40 0.000002 1.227070 0.000032 0.655020 0.000000 0.000000
    41 -0.367996 -4.208406 0.173244 2.475865 1.091695 2.536227
    42 0.368011 4.208412 -0.173239 2.894872 1.091696 2.536226
    43 0.000000 -2.372318 -0.000004 0.834666 0.000000 0.000000
    44 -0.000006 2.372318 -0.000032 0.737827 0.000000 0.000000
    45 0.000004 -1.580070 -0.000001 0.495055 0.000000 0.000000
    46 -0.000002 1.580170 0.000030 0.744518 0.000000 0.000000
    47 -0.937645 -3.860697 -0.959317 2.205251 0.797005 2.273736
    48 0.937672 3.860714 0.959333 2.990775 1.016697 2.713704
    49 0.000000 -1.690632 0.000000 0.848242 0.000000 0.000000
    50 -0.000013 1.690666 0.000021 0.568265 0.000000 0.000000
    51 -0.000002 -1.423443 0.000002 0.234212 0.000000 0.000000
    52 0.000008 1.423420 0.000028 0.761967 0.000000 0.000000
    53 -1.546646 -3.404194 -1.915569 2.750280 1.118484 2.534731
    54 1.546661 3.404217 1.915585 -3.076191 1.031499 2.824457
    55 0.000004 -1.437820 0.000000 0.424958 0.000000 0.000000
    56 -0.000021 1.437870 0.000031 -0.074280 0.000000 0.000000
    57 -0.000002 -1.059402 0.000000 0.322075 0.000000 0.000000
    58 0.000006 1.059372 0.000008 0.911714 0.000000 0.000000
    59 -0.000004 -13.013485 -0.000004 0.010936 -0.284121 -0.076428
    60 0.161133 -10.812500 0.023087 0.010936 -0.284121 -0.076428
  time 34
    0 0.000000 0.826660 0.000001 -1.559900 -0.000006 -0.000006
    1 -10.723376 4.021813 0.943485 -0.466229 -0.260938 0.206944
    2 0.000000 14.313023 0.000003 -1.596553 0.000000 0.000000
    3 -0.000011 13.013483 -0.000005 -0.139406 0.094806 0.932486
    4 8.648438 7.792969 3.429688 2.222705 0.399521 -1.404265
    5 0.000000 -14.313034 0.000000 -1.556552 0.000000 0.000000
    6 -0.000004 -13.013485 -0.000004 0.538394 0.815277 0.754107
    7 -1.330879 -2.698427 0.462449 -0.194886 -0.547260 3.056712
    8 1.330910 2.698444 -0.462436 0.194890 0.547268 -0.084879
    9 7.226192 4.554650 -2.960350 -1.937239 -0.275294 -3.272498
    10 10.570313 2.281250 -6.343750 -2.460934 -0.275417 3.010575
    11 1.806641 7.582031 -7.234375 -1.550988 -0.382996 1.806934
    12 1.377930 7.878906 -12.054688 -1.277176 -0.488708 1.819244
    13 4.531250 3.458984 -3.607422 -1.647836 -0.580608 1.782439
    14 5.974704 2.920219 -4.391550 -1.937293 -0.275375 -3.272616
    15 7.558525 6.997282 -2.354134 -1.937336 -0.275393 3.010581
    16 7.558525 6.997282 -2.354134 1.937336 0.275393 -0.131011
    17 -2.867767 -2.740969 0.531125 2.051196 0.577049 -0.321829
    18 8.375000 1.621094 -7.539063 -1.937331 -0.275423 3.010558
    19 2.614002 2.377790 -5.879168 -1.937294 -0.275294 -3.272537
    20 5.595486 4.607124 0.422674 -1.090396 0.577049 -0.321829
    21 6.233833 5.542564 0.898426 -1.090396 0.577049 -0.321829
    22 6.946648 6.587124 1.429667 -1.090396 0.577049 -0.321829
    23 7.537933 7.453606 1.870349 -1.090396 0.577049 -0.321829
    24 8.154472 8.357077 2.329839 -1.090396 0.577049 -0.321829
    25 8.874294 9.411907 2.866308 -1.090396 0.577049 -0.321829
    26 -4.125858 -2.321501 1.394414 2.051196 0.577049 -0.321829
    27 -4.826813 -3.348669 0.872014 2.051196 0.577049 -0.321829
    28 -5.441669 -4.249685 0.413772 2.051196 0.577049 -0.321829
    29 -0.552532 -1.343527 1.604446 -0.531397 0.349107 -0.535250
    30 0.552589 1.343534 -1.604463 -0.572352 0.200762 -0.519412
    31 0.000000 -2.021618 -0.000004 -0.140762 0.000000 0.000000
    32 -0.000021 2.021633 0.000027 -0.182286 0.000000 0.000000
    33 -0.000004 -1.136217 -0.000004 -0.537682 0.000000 0.000000
    34 -0.000011 1.136200 -0.000019 -0.591471 0.000000 0.000000
    35 -0.032677 -4.587727 1.352317 2.444718 1.216159 2.484986
    36 0.032719 4.587772 -1.352291 2.844703 1.216154 2.484990
    37 0.000000 -1.754536 -0.000002 0.193351 0.000000 0.000000
    38 -0.000006 1.754520 -0.000034 0.301016 0.000000 0.000000
    39 0.000000 -1.227020 -0.000002 0.955670 0.000000 0.000000
    40 0.000002 1.227070 0.000032 0.655020 0.000000 0.000000
    41 -0.367996 -4.208406 0.173244 2.475865 1.091695 2.536227
    42 0.368011 4.208412 -0.173239 2.894872 1.091696 2.536226
    43 0.000000 -2.372318 -0.000004 0.834666 0.000000 0.000000
    44 -0.000006 2.372318 -0.000032 0.737827 0.000000 0.000000
    45 0.000004 -1.580070 -0.000001 0.495055 0.000000 0.000000
    46 -0.000002 1.580170 0.000030 0.744518 0.000000 0.000000
    47 -0.937645 -3.860697 -0.959317 2.205251 0.797005 2.273736
    48 0.937672 3.860714 0.959333 2.990775 1.016697 2.713704
    49 0.000000 -1.690632 0.000000 0.848242 0.000000 0.000000
    50 -0.000013 1.690666 0.000021 0.568265 0.000000 0.000000
    51 -0.000002 -1.423443 0.000002 0.234212 0.000000 0.000000
    52 0.000008 1.423420 0.000028 0.761894 0.000000 0.000000
    53 -1.546646 -3.404194 -1.915569 2.750280 1.118484 2.534731
    54 1.546661 3.404217 1.915585 -3.076191 1.031499 2.824457
    55 0.000004 -1.437820 0.000000 0.424958 0.000000 0.000000
    56 -0.000021 1.437870 0.000031 -0.074280 0.000000 0.000000
    57 -0.000002 -1.059402 0.000000 0.322075 0.000000 0.000000
    58 0.000006 1.059372 0.000008 0.911714 0.000000 0.000000
    59 -0.000004 -13.013485 -0.000004 0.010936 -0.284121 -0.076428
    60 0.161133 -10.812500 0.023087 0.010936 -0.284121 -0.076428
  time 35
    0 0.000000 0.826660 0.000001 -1.559900 -0.000006 -0.000006
    1 -10.723376 4.021813 0.943485 -0.468809 -0.249206 0.215422
    2 0.000000 14.313023 0.000003 -1.594598 0.000000 0.000000
    3 -0.000011 13.013483 -0.000005 -0.080452 0.097400 0.898553
    4 8.648438 7.792969 3.429688 2.222705 0.399521 -1.404265
    5 0.000000 -14.313034 0.000000 -1.556552 0.000000 0.000000
    6 -0.000004 -13.013485 -0.000004 0.538394 0.815277 0.754107
    7 -1.330879 -2.698427 0.462449 -0.194886 -0.547260 3.056712
    8 1.330910 2.698444 -0.462436 0.194890 0.547268 -0.084879
    9 7.226192 4.554650 -2.960350 -1.937239 -0.275294 -3.272498
    10 10.570313 2.281250 -6.343750 -2.460934 -0.275417 3.010575
    11 1.806641 7.582031 -7.234375 -1.550988 -0.382996 1.806934
    12 1.377930 7.878906 -12.054688 -1.277176 -0.488708 1.819244
    13 4.531250 3.458984 -3.607422 -1.647836 -0.580608 1.782439
    14 5.974704 2.920219 -4.391550 -1.937293 -0.275375 -3.272616
    15 7.558525 6.997282 -2.354134 -1.937336 -0.275393 3.010581
    16 7.558525 6.997282 -2.354134 1.937336 0.275393 -0.131011
    17 -2.867767 -2.740969 0.531125 2.051196 0.577049 -0.321829
    18 8.375000 1.621094 -7.539063 -1.937331 -0.275423 3.010558
    19 2.614002 2.377790 -5.879168 -1.937294 -0.275294 -3.272537
    20 5.595486 4.607124 0.422674 -1.090396 0.577049 -0.321829
    21 6.233833 5.542564 0.898426 -1.090396 0.577049 -0.321829
    22 6.946648 6.587124 1.429667 -1.090396 0.577049 -0.321829
    23 7.537933 7.453606 1.870349 -1.090396 0.577049 -0.321829
    24 8.154472 8.357077 2.329839 -1.090396 0.577049 -0.321829
    25 8.874294 9.411907 2.866308 -1.090396 0.577049 -0.321829
    26 -4.125858 -2.321501 1.394414 2.051196 0.577049 -0.321829
    27 -4.826813 -3.348669 0.872014 2.051196 0.577049 -0.321829
    28 -5.441669 -4.249685 0.413772 2.051196 0.577049 -0.321829
    29 -0.552532 -1.343527 1.604446 -0.531397 0.349107 -0.535250
    30 0.552589 1.343534 -1.604463 -0.572352 0.200762 -0.519412
    31 0.000000 -2.021618 -0.000004 -0.140762 0.000000 0.000000
    32 -0.000021 2.021633 0.000027 -0.182286 0.000000 0.000000
    33 -0.000004 -1.136217 -0.000004 -0.537682 0.000000 0.000000
    34 -0.000011 1.136200 -0.000019 -0.591471 0.000000 0.000000
    35 -0.032677 -4.587727 1.352317 2.444718 1.216159 2.484986
    36 0.032719 4.587772 -1.352291 2.844703 1.216154 2.484990
    37 0.000000 -1.754536 -0.000002 0.193351 0.000000 0.000000
    38 -0.000006 1.754520 -0.000034 0.301016 0.000000 0.000000
    39 0.000000 -1.227020 -0.000002 0.955670 0.000000 0.000000
    40 0.000002 1.227070 0.000032 0.655020 0.000000 0.000000
    41 -0.367996 -4.208406 0.173244 2.475865 1.091695 2.536227
    42 0.368011 4.208412 -0.173239 2.894872 1.091696 2.536226
    43 0.000000 -2.372318 -0.000004 0.834666 0.000000 0.000000
    44 -0.000006 2.372318 -0.000032 0.737827 0.000000 0.000000
    45 0.000004 -1.580070 -0.000001 0.495055 0.000000 0.000000
    46 -0.000002 1.580170 0.000030 0.744518 0.000000 0.000000
    47 -0.937645 -3.860697 -0.959317 2.205251 0.797005 2.273736
    48 0.937672 3.860714 0.959333 2.990775 1.016697 2.713704
    49 0.000000 -1.690632 0.000000 0.848242 0.000000 0.000000
    50 -0.000013 1.690666 0.000021 0.568265 0.000000 0.000000
    51 -0.000002 -1.423443 0.000002 0.234212 0.000000 0.000000
    52 0.000008 1.423420 0.000028 0.761967 0.000000 0.000000
    53 -1.546646 -3.404194 -1.915569 2.750280 1.118484 2.534731
    54 1.546661 3.404217 1.915585 -3.076191 1.031499 2.824457
    55 0.000004 -1.437820 0.000000 0.424958 0.000000 0.000000
    56 -0.000021 1.437870 0.000031 -0.074280 0.000000 0.000000
    57 -0.000002 -1.059402 0.000000 0.322075 0.000000 0.000000
    58 0.000006 1.059372 0.000008 0.911714 0.000000 0.000000
    59 -0.000004 -13.013485 -0.000004 0.010936 -0.284121 -0.076428
    60 0.161133 -10.812500 0.023087 0.010936 -0.284121 -0.076428
  time 36
    0 0.000000 0.826660 0.000001 -1.559900 -0.000006 -0.000006
    1 -10.723376 4.021813 0.943485 -0.472864 -0.237284 0.224130
    2 0.000000 14.313023 0.000003 -1.590382 0.000000 0.000000
    3 -0.000011 13.013483 -0.000005 -0.024365 0.103579 0.864524
    4 8.648438 7.792969 3.429688 2.222705 0.399521 -1.404265
    5 0.000000 -14.313034 0.000000 -1.556552 0.000000 0.000000
    6 -0.000004 -13.013485 -0.000004 0.538394 0.815277 0.754107
    7 -1.330879 -2.698427 0.462449 -0.194886 -0.547260 3.056712
    8 1.330910 2.698444 -0.462436 0.194890 0.547268 -0.084879
    9 7.226192 4.554650 -2.960350 -1.937239 -0.275294 -3.272498
    10 10.570313 2.281250 -6.343750 -2.460934 -0.275417 3.010575
    11 1.806641 7.582031 -7.234375 -1.550988 -0.382996 1.806934
    12 1.377930 7.878906 -12.054688 -1.277176 -0.488708 1.819244
    13 4.531250 3.458984 -3.607422 -1.647836 -0.580608 1.782439
    14 5.974704 2.920219 -4.391550 -1.937293 -0.275375 -3.272616
    15 7.558525 6.997282 -2.354134 -1.937336 -0.275393 3.010581
    16 7.558525 6.997282 -2.354134 1.937336 0.275393 -0.131011
    17 -2.867767 -2.740969 0.531125 2.051196 0.577049 -0.321829
    18 8.375000 1.621094 -7.539063 -1.937331 -0.275423 3.010558
    19 2.614002 2.377790 -5.879168 -1.937294 -0.275294 -3.272537
    20 5.595486 4.607124 0.422674 -1.090396 0.577049 -0.321829
    21 6.233833 5.542564 0.898426 -1.090396 0.577049 -0.321829
    22 6.946648 6.587124 1.429667 -1.090396 0.577049 -0.321829
    23 7.537933 7.453606 1.870349 -1.090396 0.577049 -0.321829
    24 8.154472 8.357077 2.329839 -1.090396 0.577049 -0.321829
    25 8.874294 9.411907 2.866308 -1.090396 0.577049 -0.321829
    26 -4.125858 -2.321501 1.394414 2.051196 0.577049 -0.321829
    27 -4.826813 -3.348669 0.872014 2.051196 0.577049 -0.321829
    28 -5.441669 -4.249685 0.413772 2.051196 0.577049 -0.321829
    29 -0.552532 -1.343527 1.604446 -0.531397 0.349107 -0.535250
    30 0.552589 1.343534 -1.604463 -0.572352 0.200762 -0.519412
    31 0.000000 -2.021618 -0.000004 -0.140762 0.000000 0.000000
    32 -0.000021 2.021633 0.000027 -0.182286 0.000000 0.000000
    33 -0.000004 -1.136217 -0.000004 -0.537682 0.000000 0.000000
    34 -0.000011 1.136200 -0.000019 -0.591471 0.000000 0.000000
    35 -0.032677 -4.587727 1.352317 2.444718 1.216159 2.484986
    36 0.032719 4.587772 -1.352291 2.844703 1.216154 2.484990
    37 0.000000 -1.754536 -0.000002 0.193351 0.000000 0.000000
    38 -0.000006 1.754520 -0.000034 0.301016 0.000000 0.000000
    39 0.000000 -1.227020 -0.000002 0.955670 0.000000 0.000000
    40 0.000002 1.227070 0.000032 0.655020 0.000000 0.000000
    41 -0.367996 -4.208406 0.173244 2.475865 1.091695 2.536227
    42 0.368011 4.208412 -0.173239 2.894872 1.091696 2.536226
    43 0.000000 -2.372318 -0.000004 0.834666 0.000000 0.000000
    44 -0.000006 2.372318 -0.000032 0.737827 0.000000 0.000000
    45 0.000004 -1.580070 -0.000001 0.495055 0.000000 0.000000
    46 -0.000002 1.580170 0.000030 0.744518 0.000000 0.000000
    47 -0.937645 -3.860697 -0.959317 2.205251 0.797005 2.273736
    48 0.937672 3.860714 0.959333 2.990775 1.016697 2.713704
    49 0.000000 -1.690632 0.000000 0.848242 0.000000 0.000000
    50 -0.000013 1.690666 0.000021 0.568265 0.000000 0.000000
    51 -0.000002 -1.423443 0.000002 0.234212 0.000000 0.000000
    52 0.000008 1.423420 0.000028 0.761967 0.000000 0.000000
    53 -1.546646 -3.404194 -1.915569 2.750280 1.118484 2.534731
    54 1.546661 3.404217 1.915585 -3.076191 1.031499 2.824457
    55 0.000004 -1.437820 0.000000 0.424958 0.000000 0.000000
    56 -0.000021 1.437870 0.000031 -0.074280 0.000000 0.000000
    57 -0.000002 -1.059402 0.000000 0.322075 0.000000 0.000000
    58 0.000006 1.059372 0.000008 0.911714 0.000000 0.000000
    59 -0.000004 -13.013485 -0.000004 0.010936 -0.284121 -0.076428
    60 0.161133 -10.812500 0.023087 0.010936 -0.284121 -0.076428
  time 37
    0 0.000000 0.826660 0.000001 -1.559900 -0.000006 -0.000006
    1 -10.723376 4.021813 0.943485 -0.477932 -0.225314 0.232684
    2 0.000000 14.313023 0.000003 -1.583539 0.000000 0.000000
    3 -0.000011 13.013483 -0.000005 0.027327 0.113720 0.830783
    4 8.648438 7.792969 3.429688 2.222705 0.399521 -1.404265
    5 0.000000 -14.313034 0.000000 -1.556552 0.000000 0.000000
    6 -0.000004 -13.013485 -0.000004 0.538394 0.815277 0.754107
    7 -1.330879 -2.698427 0.462449 -0.194886 -0.547260 3.056712
    8 1.330910 2.698444 -0.462436 0.194890 0.547268 -0.084879
    9 7.226192 4.554650 -2.960350 -1.937239 -0.275294 -3.272498
    10 10.570313 2.281250 -6.343750 -2.460934 -0.275417 3.010575
    11 1.806641 7.582031 -7.234375 -1.550988 -0.382996 1.806934
    12 1.377930 7.878906 -12.054688 -1.277176 -0.488708 1.819244
    13 4.531250 3.458984 -3.607422 -1.647836 -0.580608 1.782439
    14 5.974704 2.920219 -4.391550 -1.937293 -0.275375 -3.272616
    15 7.558525 6.997282 -2.354134 -1.937336 -0.275393 3.010581
    16 7.558525 6.997282 -2.354134 1.937336 0.275393 -0.131011
    17 -2.867767 -2.740969 0.531125 2.051196 0.577049 -0.321829
    18 8.375000 1.621094 -7.539063 -1.937331 -0.275423 3.010558
    19 2.614002 2.377790 -5.879168 -1.937294 -0.275294 -3.272537
    20 5.595486 4.607124 0.422674 -1.090396 0.577049 -0.321829
    21 6.233833 5.542564 0.898426 -1.090396 0.577049 -0.321829
    22 6.946648 6.587124 1.429667 -1.090396 0.577049 -0.321829
    23 7.537933 7.453606 1.870349 -1.090396 0.577049 -0.321829
    24 8.154472 8.357077 2.329839 -1.090396 0.577049 -0.321829
    25 8.874294 9.411907 2.866308 -1.090396 0.577049 -0.321829
    26 -4.125858 -2.321501 1.394414 2.051196 0.577049 -0.321829
    27 -4.826813 -3.348669 0.872014 2.051196 0.577049 -0.321829
    28 -5.441669 -4.249685 0.413772 2.051196 0.577049 -0.321829
    29 -0.552532 -1.343527 1.604446 -0.531397 0.349107 -0.535250
    30 0.552589 1.343534 -1.604463 -0.572352 0.200762 -0.519412
    31 0.000000 -2.021618 -0.000004 -0.140762 0.000000 0.000000
    32 -0.000021 2.021633 0.000027 -0.182286 0.000000 0.000000
    33 -0.000004 -1.136217 -0.000004 -0.537682 0.000000 0.000000
    34 -0.000011 1.136200 -0.000019 -0.591471 0.000000 0.000000
    35 -0.032677 -4.587727 1.352317 2.444718 1.216159 2.484986
    36 0.032719 4.587772 -1.352291 2.844703 1.216154 2.484990
    37 0.000000 -1.754536 -0.000002 0.193351 0.000000 0.000000
    38 -0.000006 1.754520 -0.000034 0.301016 0.000000 0.000000
    39 0.000000 -1.227020 -0.000002 0.955670 0.000000 0.000000
    40 0.000002 1.227070 0.000032 0.655020 0.000000 0.000000
    41 -0.367996 -4.208406 0.173244 2.475865 1.091695 2.536227
    42 0.368011 4.208412 -0.173239 2.894872 1.091696 2.536226
    43 0.000000 -2.372318 -0.000004 0.834666 0.000000 0.000000
    44 -0.000006 2.372318 -0.000032 0.737827 0.000000 0.000000
    45 0.000004 -1.580070 -0.000001 0.495055 0.000000 0.000000
    46 -0.000002 1.580170 0.000030 0.744518 0.000000 0.000000
    47 -0.937645 -3.860697 -0.959317 2.205251 0.797005 2.273736
    48 0.937672 3.860714 0.959333 2.990775 1.016697 2.713704
    49 0.000000 -1.690632 0.000000 0.848242 0.000000 0.000000
    50 -0.000013 1.690666 0.000021 0.568265 0.000000 0.000000
    51 -0.000002 -1.423443 0.000002 0.234212 0.000000 0.000000
    52 0.000008 1.423420 0.000028 0.761967 0.000000 0.000000
    53 -1.546646 -3.404194 -1.915569 2.750280 1.118484 2.534731
    54 1.546661 3.404217 1.915585 -3.076191 1.031499 2.824457
    55 0.000004 -1.437820 0.000000 0.424958 0.000000 0.000000
    56 -0.000021 1.437870 0.000031 -0.074280 0.000000 0.000000
    57 -0.000002 -1.059402 0.000000 0.322075 0.000000 0.000000
    58 0.000006 1.059372 0.000008 0.911714 0.000000 0.000000
    59 -0.000004 -13.013485 -0.000004 0.010936 -0.284121 -0.076428
    60 0.161133 -10.812500 0.023087 0.010936 -0.284121 -0.076428
  time 38
    0 0.000000 0.826660 0.000001 -1.559900 -0.000006 -0.000006
    1 -10.723376 4.021813 0.943485 -0.483737 -0.213726 0.241086
    2 0.000000 14.313023 0.000003 -1.573702 0.000000 0.000000
    3 -0.000011 13.013483 -0.000005 0.072522 0.127964 0.798192
    4 8.648438 7.792969 3.429688 2.222705 0.399521 -1.404265
    5 0.000000 -14.313034 0.000000 -1.556552 0.000000 0.000000
    6 -0.000004 -13.013485 -0.000004 0.538394 0.815277 0.754107
    7 -1.330879 -2.698427 0.462449 -0.194886 -0.547260 3.056712
    8 1.330910 2.698444 -0.462436 0.194890 0.547268 -0.084879
    9 7.226192 4.554650 -2.960350 -1.937239 -0.275294 -3.272498
    10 10.570313 2.281250 -6.343750 -2.460934 -0.275417 3.010575
    11 1.806641 7.582031 -7.234375 -1.550988 -0.382996 1.806934
    12 1.377930 7.878906 -12.054688 -1.277176 -0.488708 1.819244
    13 4.531250 3.458984 -3.607422 -1.647836 -0.580608 1.782439
    14 5.974704 2.920219 -4.391550 -1.937293 -0.275375 -3.272616
    15 7.558525 6.997282 -2.354134 -1.937336 -0.275393 3.010581
    16 7.558525 6.997282 -2.354134 1.937336 0.275393 -0.131011
    17 -2.867767 -2.740969 0.531125 2.051196 0.577049 -0.321829
    18 8.375000 1.621094 -7.539063 -1.937331 -0.275423 3.010558
    19 2.614002 2.377790 -5.879168 -1.937294 -0.275294 -3.272537
    20 5.595486 4.607124 0.422674 -1.090396 0.577049 -0.321829
    21 6.233833 5.542564 0.898426 -1.090396 0.577049 -0.321829
    22 6.946648 6.587124 1.429667 -1.090396 0.577049 -0.321829
    23 7.537933 7.453606 1.870349 -1.090396 0.577049 -0.321829
    24 8.154472 8.357077 2.329839 -1.090396 0.577049 -0.321829
    25 8.874294 9.411907 2.866308 -1.090396 0.577049 -0.321829
    26 -4.125858 -2.321501 1.394414 2.051196 0.577049 -0.321829
    27 -4.826813 -3.348669 0.872014 2.051196 0.577049 -0.321829
    28 -5.441669 -4.249685 0.413772 2.051196 0.577049 -0.321829
    29 -0.552532 -1.343527 1.604446 -0.531397 0.349107 -0.535250
    30 0.552589 1.343534 -1.604463 -0.572352 0.200762 -0.519412
    31 0.000000 -2.021618 -0.000004 -0.140762 0.000000 0.000000
    32 -0.000021 2.021633 0.000027 -0.182286 0.000000 0.000000
    33 -0.000004 -1.136217 -0.000004 -0.537682 0.000000 0.000000
    34 -0.000011 1.136200 -0.000019 -0.591471 0.000000 0.000000
    35 -0.032677 -4.587727 1.352317 2.444718 1.216159 2.484986
    36 0.032719 4.587772 -1.352291 2.844703 1.216154 2.484990
    37 0.000000 -1.754536 -0.000002 0.193351 0.000000 0.000000
    38 -0.000006 1.754520 -0.000034 0.301016 0.000000 0.000000
    39 0.000000 -1.227020 -0.000002 0.955670 0.000000 0.000000
    40 0.000002 1.227070 0.000032 0.655020 0.000000 0.000000
    41 -0.367996 -4.208406 0.173244 2.475865 1.091695 2.536227
    42 0.368011 4.208412 -0.173239 2.894872 1.091696 2.536226
    43 0.000000 -2.372318 -0.000004 0.834666 0.000000 0.000000
    44 -0.000006 2.372318 -0.000032 0.737827 0.000000 0.000000
    45 0.000004 -1.580070 -0.000001 0.495055 0.000000 0.000000
    46 -0.000002 1.580170 0.000030 0.744518 0.000000 0.000000
    47 -0.937645 -3.860697 -0.959317 2.205251 0.797005 2.273736
    48 0.937672 3.860714 0.959333 2.990775 1.016697 2.713704
    49 0.000000 -1.690632 0.000000 0.848242 0.000000 0.000000
    50 -0.000013 1.690666 0.000021 0.568265 0.000000 0.000000
    51 -0.000002 -1.423443 0.000002 0.234212 0.000000 0.000000
    52 0.000008 1.423420 0.000028 0.761967 0.000000 0.000000
    53 -1.546646 -3.404194 -1.915569 2.750280 1.118484 2.534731
    54 1.546661 3.404217 1.915585 -3.076191 1.031499 2.824457
    55 0.000004 -1.437820 0.000000 0.424958 0.000000 0.000000
    56 -0.000021 1.437870 0.000031 -0.074280 0.000000 0.000000
    57 -0.000002 -1.059402 0.000000 0.322075 0.000000 0.000000
    58 0.000006 1.059372 0.000008 0.911714 0.000000 0.000000
    59 -0.000004 -13.013485 -0.000004 0.010936 -0.284121 -0.076428
    60 0.161133 -10.812500 0.023087 0.010936 -0.284121 -0.076428
  time 39
    0 0.000000 0.826660 0.000001 -1.559900 -0.000006 -0.000006
    1 -10.723376 4.021813 0.943485 -0.490279 -0.203091 0.248648
    2 0.000000 14.313023 0.000003 -1.560810 0.000000 0.000000
    3 -0.000011 13.013483 -0.000005 0.108639 0.146218 0.767901
    4 8.648438 7.792969 3.429688 2.222705 0.399521 -1.404265
    5 0.000000 -14.313034 0.000000 -1.556552 0.000000 0.000000
    6 -0.000004 -13.013485 -0.000004 0.538394 0.815277 0.754107
    7 -1.330879 -2.698427 0.462449 -0.194886 -0.547260 3.056712
    8 1.330910 2.698444 -0.462436 0.194890 0.547268 -0.084879
    9 7.226192 4.554650 -2.960350 -1.937239 -0.275294 -3.272498
    10 10.570313 2.281250 -6.343750 -2.460934 -0.275417 3.010575
    11 1.806641 7.582031 -7.234375 -1.550988 -0.382996 1.806934
    12 1.377930 7.878906 -12.054688 -1.277176 -0.488708 1.819244
    13 4.531250 3.458984 -3.607422 -1.647836 -0.580608 1.782439
    14 5.974704 2.920219 -4.391550 -1.937293 -0.275375 -3.272616
    15 7.558525 6.997282 -2.354134 -1.937336 -0.275393 3.010581
    16 7.558525 6.997282 -2.354134 1.937336 0.275393 -0.131011
    17 -2.867767 -2.740969 0.531125 2.051196 0.577049 -0.321829
    18 8.375000 1.621094 -7.539063 -1.937331 -0.275423 3.010558
    19 2.614002 2.381697 -5.883075 -1.937294 -0.275294 -3.272537
    20 5.595486 4.607124 0.422674 -1.090396 0.577049 -0.321829
    21 6.233833 5.542564 0.898426 -1.090396 0.577049 -0.321829
    22 6.946648 6.587124 1.429667 -1.090396 0.577049 -0.321829
    23 7.537933 7.453606 1.870349 -1.090396 0.577049 -0.321829
    24 8.154472 8.357077 2.329839 -1.090396 0.577049 -0.321829
    25 8.874294 9.411907 2.866308 -1.090396 0.577049 -0.321829
    26 -4.125858 -2.321501 1.394414 2.051196 0.577049 -0.321829
    27 -4.826813 -3.348669 0.872014 2.051196 0.577049 -0.321829
    28 -5.441669 -4.249685 0.413772 2.051196 0.577049 -0.321829
    29 -0.552532 -1.343527 1.604446 -0.531397 0.349107 -0.535250
    30 0.552589 1.343534 -1.604463 -0.572352 0.200762 -0.519412
    31 0.000000 -2.021618 -0.000004 -0.140762 0.000000 0.000000
    32 -0.000021 2.021633 0.000027 -0.182286 0.000000 0.000000
    33 -0.000004 -1.136217 -0.000004 -0.537682 0.000000 0.000000
    34 -0.000011 1.136200 -0.000019 -0.591471 0.000000 0.000000
    35 -0.032677 -4.587727 1.352317 2.444718 1.216159 2.484986
    36 0.032719 4.587772 -1.352291 2.844703 1.216154 2.484990
    37 0.000000 -1.754536 -0.000002 0.193351 0.000000 0.000000
    38 -0.000006 1.754520 -0.000034 0.301016 0.000000 0.000000
    39 0.000000 -1.227020 -0.000002 0.955670 0.000000 0.000000
    40 0.000002 1.227070 0.000032 0.655020 0.000000 0.000000
    41 -0.367996 -4.208406 0.173244 2.475865 1.091695 2.536227
    42 0.368011 4.208412 -0.173239 2.894872 1.091696 2.536226
    43 0.000000 -2.372318 -0.000004 0.834666 0.000000 0.000000
    44 -0.000006 2.372318 -0.000032 0.737827 0.000000 0.000000
    45 0.000004 -1.580070 -0.000001 0.495055 0.000000 0.000000
    46 -0.000002 1.580170 0.000030 0.744518 0.000000 0.000000
    47 -0.937645 -3.860697 -0.959317 2.205251 0.797005 2.273736
    48 0.937672 3.860714 0.959333 2.990775 1.016697 2.713704
    49 0.000000 -1.690632 0.000000 0.848242 0.000000 0.000000
    50 -0.000013 1.690666 0.000021 0.568265 0.000000 0.000000
    51 -0.000002 -1.423443 0.000002 0.234212 0.000000 0.000000
    52 0.000008 1.423420 0.000028 0.761967 0.000000 0.000000
    53 -1.546646 -3.404194 -1.915569 2.750280 1.118484 2.534731
    54 1.546661 3.404217 1.915585 -3.076191 1.031499 2.824457
    55 0.000004 -1.437820 0.000000 0.424958 0.000000 0.000000
    56 -0.000021 1.437870 0.000031 -0.074280 0.000000 0.000000
    57 -0.000002 -1.059402 0.000000 0.322075 0.000000 0.000000
    58 0.000006 1.059372 0.000008 0.911714 0.000000 0.000000
    59 -0.000004 -13.013485 -0.000004 0.010936 -0.284121 -0.076428
    60 0.161133 -10.812500 0.023087 0.010936 -0.284121 -0.076428
  time 40
    0 0.000000 0.826660 0.000001 -1.559900 -0.000006 -0.000006
    1 -10.723376 4.021813 0.943485 -0.497559 -0.193601 0.255293
    2 0.000000 14.313023 0.000003 -1.542786 0.000000 0.000000
    3 -0.000011 13.013483 -0.000005 0.136444 0.171028 0.739049
    4 8.648438 7.792969 3.429688 2.222705 0.399521 -1.404265
    5 0.000000 -14.313034 0.000000 -1.556552 0.000000 0.000000
    6 -0.000004 -13.013485 -0.000004 0.538394 0.815277 0.754107
    7 -1.330879 -2.698427 0.462449 -0.194886 -0.547260 3.056712
    8 1.330910 2.698444 -0.462436 0.194890 0.547268 -0.084879
    9 7.226192 4.554650 -2.960350 -1.937239 -0.275294 -3.272498
    10 10.570313 2.281250 -6.343750 -2.460934 -0.275417 3.010575
    11 1.806641 7.582031 -7.234375 -1.550988 -0.382996 1.806934
    12 1.377930 7.878906 -12.054688 -1.277176 -0.488708 1.819244
    13 4.531250 3.458984 -3.607422 -1.647836 -0.580608 1.782439
    14 5.974704 2.920219 -4.391550 -1.937293 -0.275375 -3.272616
    15 7.558525 6.997282 -2.354134 -1.937336 -0.275393 3.010581
    16 7.558525 6.997282 -2.354134 1.937336 0.275393 -0.131011
    17 -2.867767 -2.740969 0.531125 2.051196 0.577049 -0.321829
    18 8.375000 1.621094 -7.539063 -1.937331 -0.275423 3.010558
    19 2.614002 2.377790 -5.879168 -1.937294 -0.275294 -3.272537
    20 5.595486 4.607124 0.422674 -1.090396 0.577049 -0.321829
    21 6.233833 5.542564 0.898426 -1.090396 0.577049 -0.321829
    22 6.946648 6.587124 1.429667 -1.090396 0.577049 -0.321829
    23 7.537933 7.453606 1.870349 -1.090396 0.577049 -0.321829
    24 8.154472 8.357077 2.329839 -1.090396 0.577049 -0.321829
    25 8.874294 9.411907 2.866308 -1.090396 0.577049 -0.321829
    26 -4.125858 -2.321501 1.394414 2.051196 0.577049 -0.321829
    27 -4.826813 -3.348669 0.872014 2.051196 0.577049 -0.321829
    28 -5.441669 -4.249685 0.413772 2.051196 0.577049 -0.321829
    29 -0.552532 -1.343527 1.604446 -0.531397 0.349107 -0.535250
    30 0.552589 1.343534 -1.604463 -0.572352 0.200762 -0.519412
    31 0.000000 -2.021618 -0.000004 -0.140762 0.000000 0.000000
    32 -0.000021 2.021633 0.000027 -0.182286 0.000000 0.000000
    33 -0.000004 -1.136217 -0.000004 -0.537682 0.000000 0.000000
    34 -0.000011 1.136200 -0.000019 -0.591471 0.000000 0.000000
    35 -0.032677 -4.587727 1.352317 2.444718 1.216159 2.484986
    36 0.032719 4.587772 -1.352291 2.844703 1.216154 2.484990
    37 0.000000 -1.754536 -0.000002 0.193351 0.000000 0.000000
    38 -0.000006 1.754520 -0.000034 0.301016 0.000000 0.000000
    39 0.000000 -1.227020 -0.000002 0.955670 0.000000 0.000000
    40 0.000002 1.227070 0.000032 0.655020 0.000000 0.000000
    41 -0.367996 -4.208406 0.173244 2.475865 1.091695 2.536227
    42 0.368011 4.208412 -0.173239 2.894872 1.091696 2.536226
    43 0.000000 -2.372318 -0.000004 0.834666 0.000000 0.000000
    44 -0.000006 2.372318 -0.000032 0.737827 0.000000 0.000000
    45 0.000004 -1.580070 -0.000001 0.495055 0.000000 0.000000
    46 -0.000002 1.580170 0.000030 0.744518 0.000000 0.000000
    47 -0.937645 -3.860697 -0.959317 2.205251 0.797005 2.273736
    48 0.937672 3.860714 0.959333 2.990775 1.016697 2.713704
    49 0.000000 -1.690632 0.000000 0.848242 0.000000 0.000000
    50 -0.000013 1.690666 0.000021 0.568265 0.000000 0.000000
    51 -0.000002 -1.423443 0.000002 0.234212 0.000000 0.000000
    52 0.000008 1.423420 0.000028 0.761967 0.000000 0.000000
    53 -1.546646 -3.404194 -1.915569 2.750280 1.118484 2.534731
    54 1.546661 3.404217 1.915585 -3.076191 1.031499 2.824457
    55 0.000004 -1.437820 0.000000 0.424958 0.000000 0.000000
    56 -0.000021 1.437870 0.000031 -0.074280 0.000000 0.000000
    57 -0.000002 -1.059402 0.000000 0.322075 0.000000 0.000000
    58 0.000006 1.059372 0.000008 0.911714 0.000000 0.000000
    59 -0.000004 -13.013485 -0.000004 0.010936 -0.284121 -0.076428
    60 0.161133 -10.812500 0.023087 0.010936 -0.284121 -0.076428
  time 41
    0 0.000000 0.826660 0.000001 -1.559900 -0.000006 -0.000006
    1 -10.723376 4.021813 0.943485 -0.506497 -0.185160 0.261251
    2 0.000000 14.313023 0.000003 -1.518469 0.000000 0.000000
    3 -0.000011 13.013483 -0.000005 0.157274 0.203809 0.710100
    4 8.648438 7.792969 3.429688 2.222705 0.399521 -1.404265
    5 0.000000 -14.313034 0.000000 -1.556552 0.000000 0.000000
    6 -0.000004 -13.013485 -0.000004 0.538394 0.815277 0.754107
    7 -1.330879 -2.698427 0.462449 -0.194886 -0.547260 3.056712
    8 1.330910 2.698444 -0.462436 0.194890 0.547268 -0.084879
    9 7.226192 4.554650 -2.960350 -1.937239 -0.275294 -3.272498
    10 10.570313 2.281250 -6.343750 -2.460934 -0.275417 3.010575
    11 1.806641 7.582031 -7.234375 -1.550988 -0.382996 1.806934
    12 1.377930 7.878906 -12.054688 -1.277176 -0.488708 1.819244
    13 4.531250 3.458984 -3.607422 -1.647836 -0.580608 1.782439
    14 5.974704 2.920219 -4.391550 -1.937293 -0.275375 -3.272616
    15 7.558525 6.997282 -2.354134 -1.937336 -0.275393 3.010581
    16 7.558525 6.997282 -2.354134 1.937336 0.275393 -0.131011
    17 -2.867767 -2.740969 0.531125 2.051196 0.577049 -0.321829
    18 8.375000 1.621094 -7.539063 -1.937331 -0.275423 3.010558
    19 2.614002 2.377790 -5.883075 -1.937294 -0.275294 -3.272441
    20 5.595486 4.607124 0.422674 -1.090396 0.577049 -0.321829
    21 6.233833 5.542564 0.898426 -1.090396 0.577049 -0.321829
    22 6.946648 6.587124 1.429667 -1.090396 0.577049 -0.321829
    23 7.537933 7.453606 1.870349 -1.090396 0.577049 -0.321829
    24 8.154472 8.357077 2.329839 -1.090396 0.577049 -0.321829
    25 8.874294 9.411907 2.866308 -1.090396 0.577049 -0.321829
    26 -4.125858 -2.321501 1.394414 2.051196 0.577049 -0.321829
    27 -4.826813 -3.348669 0.872014 2.051196 0.577049 -0.321829
    28 -5.441669 -4.249685 0.413772 2.051196 0.577049 -0.321829
    29 -0.552532 -1.343527 1.604446 -0.531397 0.349107 -0.535250
    30 0.552589 1.343534 -1.604463 -0.572352 0.200762 -0.519412
    31 0.000000 -2.021618 -0.000004 -0.140762 0.000000 0.000000
    32 -0.000021 2.021633 0.000027 -0.182286 0.000000 0.000000
    33 -0.000004 -1.136217 -0.000004 -0.537682 0.000000 0.000000
    34 -0.000011 1.136200 -0.000019 -0.591471 0.000000 0.000000
    35 -0.032677 -4.587727 1.352317 2.444718 1.216159 2.484986
    36 0.032719 4.587772 -1.352291 2.844703 1.216154 2.484990
    37 0.000000 -1.754536 -0.000002 0.193351 0.000000 0.000000
    38 -0.000006 1.754520 -0.000034 0.301016 0.000000 0.000000
    39 0.000000 -1.227020 -0.000002 0.955670 0.000000 0.000000
    40 0.000002 1.227070 0.000032 0.655020 0.000000 0.000000
    41 -0.367996 -4.208406 0.173244 2.475865 1.091695 2.536227
    42 0.368011 4.208412 -0.173239 2.894872 1.091696 2.536226
    43 0.000000 -2.372318 -0.000004 0.834666 0.000000 0.000000
    44 -0.000006 2.372318 -0.000032 0.737827 0.000000 0.000000
    45 0.000004 -1.580070 -0.000001 0.495055 0.000000 0.000000
    46 -0.000002 1.580170 0.000030 0.744518 0.000000 0.000000
    47 -0.937645 -3.860697 -0.959317 2.205251 0.797005 2.273736
    48 0.937672 3.860714 0.959333 2.990775 1.016697 2.713704
    49 0.000000 -1.690632 0.000000 0.848242 0.000000 0.000000
    50 -0.000013 1.690666 0.000021 0.568265 0.000000 0.000000
    51 -0.000002 -1.423443 0.000002 0.234212 0.000000 0.000000
    52 0.000008 1.423420 0.000028 0.761967 0.000000 0.000000
    53 -1.546646 -3.404194 -1.915569 2.750280 1.118484 2.534731
    54 1.546661 3.404217 1.915585 -3.076191 1.031499 2.824457
    55 0.000004 -1.437820 0.000000 0.424958 0.000000 0.000000
    56 -0.000021 1.437870 0.000031 -0.074280 0.000000 0.000000
    57 -0.000002 -1.059402 0.000000 0.322075 0.000000 0.000000
    58 0.000006 1.059372 0.000008 0.911714 0.000000 0.000000
    59 -0.000004 -13.013485 -0.000004 0.010936 -0.284121 -0.076428
    60 0.161133 -10.812500 0.023087 0.010936 -0.284121 -0.076428
  time 42
    0 0.000000 0.826660 0.000001 -1.559900 -0.000006 -0.000006
    1 -10.723376 4.021813 0.943485 -0.516818 -0.177721 0.266445
    2 0.000000 14.313023 0.000003 -1.488715 0.000000 0.000000
    3 -0.000011 13.013483 -0.000005 0.171415 0.242486 0.680577
    4 8.648438 7.792969 3.429688 2.222705 0.399521 -1.404265
    5 0.000000 -14.313034 0.000000 -1.556552 0.000000 0.000000
    6 -0.000004 -13.013485 -0.000004 0.538394 0.815277 0.754107
    7 -1.330879 -2.698427 0.462449 -0.194886 -0.547260 3.056712
    8 1.330910 2.698444 -0.462436 0.194890 0.547268 -0.084879
    9 7.226192 4.554650 -2.960350 -1.937239 -0.275294 -3.272498
    10 10.570313 2.281250 -6.343750 -2.460934 -0.275417 3.010575
    11 1.806641 7.582031 -7.234375 -1.550988 -0.382996 1.806934
    12 1.377930 7.878906 -12.054688 -1.277176 -0.488708 1.819244
    13 4.531250 3.458984 -3.607422 -1.647836 -0.580608 1.782439
    14 5.974704 2.920219 -4.391550 -1.937293 -0.275375 -3.272616
    15 7.558525 6.997282 -2.354134 -1.937336 -0.275393 3.010581
    16 7.558525 6.997282 -2.354134 1.937336 0.275393 -0.131011
    17 -2.867767 -2.740969 0.531125 2.051196 0.577049 -0.321829
    18 8.375000 1.621094 -7.539063 -1.937331 -0.275423 3.010558
    19 2.614002 2.377790 -5.879168 -1.937294 -0.275294 -3.272537
    20 5.595486 4.607124 0.422674 -1.090396 0.577049 -0.321829
    21 6.233833 5.542564 0.898426 -1.090396 0.577049 -0.321829
    22 6.946648 6.587124 1.429667 -1.090396 0.577049 -0.321829
    23 7.537933 7.453606 1.870349 -1.090396 0.577049 -0.321829
    24 8.154472 8.357077 2.329839 -1.090396 0.577049 -0.321829
    25 8.874294 9.411907 2.866308 -1.090396 0.577049 -0.321829
    26 -4.125858 -2.321501 1.394414 2.051196 0.577049 -0.321829
    27 -4.826813 -3.348669 0.872014 2.051196 0.577049 -0.321829
    28 -5.441669 -4.249685 0.413772 2.051196 0.577049 -0.321829
    29 -0.552532 -1.343527 1.604446 -0.531397 0.349107 -0.535250
    30 0.552589 1.343534 -1.604463 -0.572352 0.200762 -0.519412
    31 0.000000 -2.021618 -0.000004 -0.140762 0.000000 0.000000
    32 -0.000021 2.021633 0.000027 -0.182286 0.000000 0.000000
    33 -0.000004 -1.136217 -0.000004 -0.537682 0.000000 0.000000
    34 -0.000011 1.136200 -0.000019 -0.591471 0.000000 0.000000
    35 -0.032677 -4.587727 1.352317 2.444718 1.216159 2.484986
    36 0.032719 4.587772 -1.352291 2.844703 1.216154 2.484990
    37 0.000000 -1.754536 -0.000002 0.193351 0.000000 0.000000
    38 -0.000006 1.754520 -0.000034 0.301016 0.000000 0.000000
    39 0.000000 -1.227020 -0.000002 0.955670 0.000000 0.000000
    40 0.000002 1.227070 0.000032 0.655020 0.000000 0.000000
    41 -0.367996 -4.208406 0.173244 2.475865 1.091695 2.536227
    42 0.368011 4.208412 -0.173239 2.894872 1.091696 2.536226
    43 0.000000 -2.372318 -0.000004 0.834666 0.000000 0.000000
    44 -0.000006 2.372318 -0.000032 0.737827 0.000000 0.000000
    45 0.000004 -1.580070 -0.000001 0.495055 0.000000 0.000000
    46 -0.000002 1.580170 0.000030 0.744518 0.000000 0.000000
    47 -0.937645 -3.860697 -0.959317 2.205251 0.797005 2.273736
    48 0.937672 3.860714 0.959333 2.990775 1.016697 2.713704
    49 0.000000 -1.690632 0.000000 0.848242 0.000000 0.000000
    50 -0.000013 1.690666 0.000021 0.568265 0.000000 0.000000
    51 -0.000002 -1.423443 0.000002 0.234212 0.000000 0.000000
    52 0.000008 1.423420 0.000028 0.761967 0.000000 0.000000
    53 -1.546646 -3.404194 -1.915569 2.750280 1.118484 2.534731
    54 1.546661 3.404217 1.915585 -3.076191 1.031499 2.824457
    55 0.000004 -1.437820 0.000000 0.424958 0.000000 0.000000
    56 -0.000021 1.437870 0.000031 -0.074280 0.000000 0.000000
    57 -0.000002 -1.059402 0.000000 0.322075 0.000000 0.000000
    58 0.000006 1.059372 0.000008 0.911714 0.000000 0.000000
    59 -0.000004 -13.013485 -0.000004 0.010936 -0.284121 -0.076428
    60 0.161133 -10.812500 0.023087 0.010936 -0.284121 -0.076428
  time 43
    0 0.000000 0.826660 0.000001 -1.559900 -0.000006 -0.000006
    1 -10.723376 4.021813 0.943485 -0.528705 -0.171092 0.271104
    2 0.000000 14.313023 0.000003 -1.454133 0.000000 0.000000
    3 -0.000011 13.013483 -0.000005 0.179059 0.285361 0.649711
    4 8.648438 7.792969 3.429688 2.222705 0.399521 -1.404265
    5 0.000000 -14.313034 0.000000 -1.556552 0.000000 0.000000
    6 -0.000004 -13.013485 -0.000004 0.538394 0.815277 0.754107
    7 -1.330879 -2.698427 0.462449 -0.194886 -0.547260 3.056712
    8 1.330910 2.698444 -0.462436 0.194890 0.547268 -0.084879
    9 7.226192 4.554650 -2.960350 -1.937239 -0.275294 -3.272498
    10 10.570313 2.281250 -6.343750 -2.460934 -0.275417 3.010575
    11 1.806641 7.582031 -7.234375 -1.550988 -0.382996 1.806934
    12 1.377930 7.878906 -12.054688 -1.277176 -0.488708 1.819244
    13 4.531250 3.458984 -3.607422 -1.647836 -0.580608 1.782439
    14 5.974704 2.920219 -4.391550 -1.937293 -0.275375 -3.272616
    15 7.558525 6.997282 -2.354134 -1.937336 -0.275393 3.010581
    16 7.558525 6.997282 -2.354134 1.937336 0.275393 -0.131011
    17 -2.867767 -2.740969 0.531125 2.051196 0.577049 -0.321829
    18 8.375000 1.621094 -7.539063 -1.937331 -0.275423 3.010558
    19 2.614002 2.377790 -5.879168 -1.937294 -0.275294 -3.272537
    20 5.595486 4.607124 0.422674 -1.090396 0.577049 -0.321829
    21 6.233833 5.542564 0.898426 -1.090396 0.577049 -0.321829
    22 6.946648 6.587124 1.429667 -1.090396 0.577049 -0.321829
    23 7.537933 7.453606 1.870349 -1.090396 0.577049 -0.321829
    24 8.154472 8.357077 2.329839 -1.090396 0.577049 -0.321829
    25 8.874294 9.411907 2.866308 -1.090396 0.577049 -0.321829
    26 -4.125858 -2.321501 1.394414 2.051196 0.577049 -0.321829
    27 -4.826813 -3.348669 0.872014 2.051196 0.577049 -0.321829
    28 -5.441669 -4.249685 0.413772 2.051196 0.577049 -0.321829
    29 -0.552532 -1.343527 1.604446 -0.531397 0.349107 -0.535250
    30 0.552589 1.343534 -1.604463 -0.572352 0.200762 -0.519412
    31 0.000000 -2.021618 -0.000004 -0.140762 0.000000 0.000000
    32 -0.000021 2.021633 0.000027 -0.182286 0.000000 0.000000
    33 -0.000004 -1.136217 -0.000004 -0.537682 0.000000 0.000000
    34 -0.000011 1.136200 -0.000019 -0.591471 0.000000 0.000000
    35 -0.032677 -4.587727 1.352317 2.444718 1.216159 2.484986
    36 0.032719 4.587772 -1.352291 2.844703 1.216154 2.484990
    37 0.000000 -1.754536 -0.000002 0.193351 0.000000 0.000000
    38 -0.000006 1.754520 -0.000034 0.301016 0.000000 0.000000
    39 0.000000 -1.227020 -0.000002 0.955670 0.000000 0.000000
    40 0.000002 1.227070 0.000032 0.655020 0.000000 0.000000
    41 -0.367996 -4.208406 0.173244 2.475865 1.091695 2.536227
    42 0.368011 4.208412 -0.173239 2.894872 1.091696 2.536226
    43 0.000000 -2.372318 -0.000004 0.834666 0.000000 0.000000
    44 -0.000006 2.372318 -0.000032 0.737827 0.000000 0.000000
    45 0.000004 -1.580070 -0.000001 0.495055 0.000000 0.000000
    46 -0.000002 1.580170 0.000030 0.744518 0.000000 0.000000
    47 -0.937645 -3.860697 -0.959317 2.205251 0.797005 2.273736
    48 0.937672 3.860714 0.959333 2.990775 1.016697 2.713704
    49 0.000000 -1.690632 0.000000 0.848242 0.000000 0.000000
    50 -0.000013 1.690666 0.000021 0.568265 0.000000 0.000000
    51 -0.000002 -1.423443 0.000002 0.234212 0.000000 0.000000
    52 0.000008 1.423420 0.000028 0.761967 0.000000 0.000000
    53 -1.546646 -3.404194 -1.915569 2.750280 1.118484 2.534731
    54 1.546661 3.404217 1.915585 -3.076191 1.031499 2.824457
    55 0.000004 -1.437820 0.000000 0.424958 0.000000 0.000000
    56 -0.000021 1.437870 0.000031 -0.074280 0.000000 0.000000
    57 -0.000002 -1.059402 0.000000 0.322075 0.000000 0.000000
    58 0.000006 1.059372 0.000008 0.911714 0.000000 0.000000
    59 -0.000004 -13.013485 -0.000004 0.010936 -0.284121 -0.076428
    60 0.161133 -10.812500 0.023087 0.010936 -0.284121 -0.076428
  time 44
    0 0.000000 0.826660 0.000001 -1.559900 -0.000006 -0.000006
    1 -10.723376 4.021813 0.943485 -0.541974 -0.164988 0.275381
    2 0.000000 14.313023 0.000003 -1.415519 0.000000 0.000000
    3 -0.000011 13.013483 -0.000005 0.180397 0.330594 0.616449
    4 8.648438 7.792969 3.429688 2.222705 0.399521 -1.404265
    5 0.000000 -14.313034 0.000000 -1.556552 0.000000 0.000000
    6 -0.000004 -13.013485 -0.000004 0.538394 0.815277 0.754107
    7 -1.330879 -2.698427 0.462449 -0.194886 -0.547260 3.056712
    8 1.330910 2.698444 -0.462436 0.194890 0.547268 -0.084879
    9 7.226192 4.554650 -2.960350 -1.937239 -0.275294 -3.272498
    10 10.570313 2.281250 -6.343750 -2.460934 -0.275417 3.010575
    11 1.806641 7.582031 -7.234375 -1.550988 -0.382996 1.806934
    12 1.377930 7.878906 -12.054688 -1.277176 -0.488708 1.819244
    13 4.531250 3.458984 -3.607422 -1.647836 -0.580608 1.782439
    14 5.974704 2.920219 -4.391550 -1.937293 -0.275375 -3.272616
    15 7.558525 6.997282 -2.354134 -1.937336 -0.275393 3.010581
    16 7.558525 6.997282 -2.354134 1.937336 0.275393 -0.131011
    17 -2.867767 -2.740969 0.531125 2.051196 0.577049 -0.321829
    18 8.375000 1.621094 -7.539063 -1.937331 -0.275423 3.010558
    19 2.614002 2.377790 -5.883075 -1.937294 -0.275294 -3.272537
    20 5.595486 4.607124 0.422674 -1.090396 0.577049 -0.321829
    21 6.233833 5.542564 0.898426 -1.090396 0.577049 -0.321829
    22 6.946648 6.587124 1.429667 -1.090396 0.577049 -0.321829
    23 7.537933 7.453606 1.870349 -1.090396 0.577049 -0.321829
    24 8.154472 8.357077 2.329839 -1.090396 0.577049 -0.321829
    25 8.874294 9.411907 2.866308 -1.090396 0.577049 -0.321829
    26 -4.125858 -2.321501 1.394414 2.051196 0.577049 -0.321829
    27 -4.826813 -3.348669 0.872014 2.051196 0.577049 -0.321829
    28 -5.441669 -4.249685 0.413772 2.051196 0.577049 -0.321829
    29 -0.552532 -1.343527 1.604446 -0.531397 0.349107 -0.535250
    30 0.552589 1.343534 -1.604463 -0.572352 0.200762 -0.519412
    31 0.000000 -2.021618 -0.000004 -0.140762 0.000000 0.000000
    32 -0.000021 2.021633 0.000027 -0.182286 0.000000 0.000000
    33 -0.000004 -1.136217 -0.000004 -0.537682 0.000000 0.000000
    34 -0.000011 1.136200 -0.000019 -0.591471 0.000000 0.000000
    35 -0.032677 -4.587727 1.352317 2.444718 1.216159 2.484986
    36 0.032719 4.587772 -1.352291 2.844703 1.216154 2.484990
    37 0.000000 -1.754536 -0.000002 0.193351 0.000000 0.000000
    38 -0.000006 1.754520 -0.000034 0.301016 0.000000 0.000000
    39 0.000000 -1.227020 -0.000002 0.955670 0.000000 0.000000
    40 0.000002 1.227070 0.000032 0.655020 0.000000 0.000000
    41 -0.367996 -4.208406 0.173244 2.475865 1.091695 2.536227
    42 0.368011 4.208412 -0.173239 2.894872 1.091696 2.536226
    43 0.000000 -2.372318 -0.000004 0.834666 0.000000 0.000000
    44 -0.000006 2.372318 -0.000032 0.737827 0.000000 0.000000
    45 0.000004 -1.580070 -0.000001 0.495055 0.000000 0.000000
    46 -0.000002 1.580170 0.000030 0.744518 0.000000 0.000000
    47 -0.937645 -3.860697 -0.959317 2.205251 0.797005 2.273736
    48 0.937672 3.860714 0.959333 2.990775 1.016697 2.713704
    49 0.000000 -1.690632 0.000000 0.848242 0.000000 0.000000
    50 -0.000013 1.690666 0.000021 0.568265 0.000000 0.000000
    51 -0.000002 -1.423443 0.000002 0.234212 0.000000 0.000000
    52 0.000008 1.423420 0.000028 0.761967 0.000000 0.000000
    53 -1.546646 -3.404194 -1.915569 2.750280 1.118484 2.534731
    54 1.546661 3.404217 1.915585 -3.076191 1.031499 2.824457
    55 0.000004 -1.437820 0.000000 0.424958 0.000000 0.000000
    56 -0.000021 1.437870 0.000031 -0.074280 0.000000 0.000000
    57 -0.000002 -1.059402 0.000000 0.322075 0.000000 0.000000
    58 0.000006 1.059372 0.000008 0.911714 0.000000 0.000000
    59 -0.000004 -13.013485 -0.000004 0.010936 -0.284121 -0.076428
    60 0.161133 -10.812500 0.023087 0.010936 -0.284121 -0.076428
  time 45
    0 0.000000 0.826660 0.000001 -1.559900 -0.000006 -0.000006
    1 -10.723376 4.021813 0.943485 -0.556533 -0.159360 0.279277
    2 0.000000 14.313023 0.000003 -1.374033 0.000000 0.000000
    3 -0.000011 13.013483 -0.000005 0.175906 0.375969 0.580791
    4 8.648438 7.792969 3.429688 2.222705 0.399521 -1.404265
    5 0.000000 -14.313034 0.000000 -1.556552 0.000000 0.000000
    6 -0.000004 -13.013485 -0.000004 0.538394 0.815277 0.754107
    7 -1.330879 -2.698427 0.462449 -0.194886 -0.547260 3.056712
    8 1.330910 2.698444 -0.462436 0.194890 0.547268 -0.084879
    9 7.226192 4.505573 -2.960350 -1.937239 -0.275294 -3.272498
    10 10.570313 2.281250 -6.343750 -2.460934 -0.275417 3.010575
    11 1.806641 7.582031 -7.234375 -1.550988 -0.382996 1.806934
    12 1.377930 7.878906 -12.054688 -1.277176 -0.488708 1.819244
    13 4.531250 3.458984 -3.607422 -1.647836 -0.580608 1.782439
    14 5.974704 2.920219 -4.391550 -1.937293 -0.275375 -3.272616
    15 7.558525 6.997282 -2.354134 -1.937336 -0.275393 3.010581
    16 7.558525 6.997282 -2.354134 1.937336 0.275393 -0.131011
    17 -2.867767 -2.740969 0.531125 2.051196 0.577049 -0.321829
    18 8.375000 1.621094 -7.539063 -1.937331 -0.275423 3.010558
    19 2.614002 2.377790 -5.883075 -1.937294 -0.275294 -3.272537
    20 5.595486 4.607124 0.422674 -1.090396 0.577049 -0.321829
    21 6.233833 5.542564 0.898426 -1.090396 0.577049 -0.321829
    22 6.946648 6.587124 1.429667 -1.090396 0.577049 -0.321829
    23 7.537933 7.453606 1.870349 -1.090396 0.577049 -0.321829
    24 8.154472 8.357077 2.329839 -1.090396 0.577049 -0.321829
    25 8.874294 9.411907 2.866308 -1.090396 0.577049 -0.321829
    26 -4.125858 -2.321501 1.394414 2.051196 0.577049 -0.321829
    27 -4.826813 -3.348669 0.872014 2.051196 0.577049 -0.321829
    28 -5.441669 -4.249685 0.413772 2.051196 0.577049 -0.321829
    29 -0.552532 -1.343527 1.604446 -0.531397 0.349107 -0.535250
    30 0.552589 1.343534 -1.604463 -0.572352 0.200762 -0.519412
    31 0.000000 -2.021618 -0.000004 -0.140762 0.000000 0.000000
    32 -0.000021 2.021633 0.000027 -0.182286 0.000000 0.000000
    33 -0.000004 -1.136217 -0.000004 -0.537682 0.000000 0.000000
    34 -0.000011 1.136200 -0.000019 -0.591471 0.000000 0.000000
    35 -0.032677 -4.587727 1.352317 2.444718 1.216159 2.484986
    36 0.032719 4.587772 -1.352291 2.844703 1.216154 2.484990
    37 0.000000 -1.754536 -0.000002 0.193351 0.000000 0.000000
    38 -0.000006 1.754520 -0.000034 0.301016 0.000000 0.000000
    39 0.000000 -1.227020 -0.000002 0.955670 0.000000 0.000000
    40 0.000002 1.227070 0.000032 0.655020 0.000000 0.000000
    41 -0.367996 -4.208406 0.173244 2.475865 1.091695 2.536227
    42 0.368011 4.208412 -0.173239 2.894872 1.091696 2.536226
    43 0.000000 -2.372318 -0.000004 0.834666 0.000000 0.000000
    44 -0.000006 2.372318 -0.000032 0.737827 0.000000 0.000000
    45 0.000004 -1.580070 -0.000001 0.495055 0.000000 0.000000
    46 -0.000002 1.580170 0.000030 0.744518 0.000000 0.000000
    47 -0.937645 -3.860697 -0.959317 2.205251 0.797005 2.273736
    48 0.937672 3.860714 0.959333 2.990775 1.016697 2.713704
    49 0.000000 -1.690632 0.000000 0.848242 0.000000 0.000000
    50 -0.000013 1.690666 0.000021 0.568265 0.000000 0.000000
    51 -0.000002 -1.423443 0.000002 0.234212 0.000000 0.000000
    52 0.000008 1.423420 0.000028 0.761967 0.000000 0.000000
    53 -1.546646 -3.404194 -1.915569 2.750280 1.118484 2.534731
    54 1.546661 3.404217 1.915585 -3.076191 1.031499 2.824457
    55 0.000004 -1.437820 0.000000 0.424958 0.000000 0.000000
    56 -0.000021 1.437870 0.000031 -0.074280 0.000000 0.000000
    57 -0.000002 -1.059402 0.000000 0.322075 0.000000 0.000000
    58 0.000006 1.059372 0.000008 0.911714 0.000000 0.000000
    59 -0.000004 -13.013485 -0.000004 0.010936 -0.284121 -0.076428
    60 0.161133 -10.812500 0.023087 0.010936 -0.284121 -0.076428
  time 46
    0 0.000000 0.826660 0.000001 -1.559900 -0.000006 -0.000006
    1 -10.723376 4.021813 0.943485 -0.572382 -0.153876 0.283019
    2 0.000000 14.313023 0.000003 -1.330287 0.000000 0.000000
    3 -0.000011 13.013483 -0.000005 0.166351 0.420023 0.541681
    4 8.648438 7.792969 3.429688 2.222705 0.399521 -1.404265
    5 0.000000 -14.313034 0.000000 -1.556552 0.000000 0.000000
    6 -0.000004 -13.013485 -0.000004 0.538394 0.815277 0.754107
    7 -1.330879 -2.698427 0.462449 -0.194886 -0.547260 3.056712
    8 1.330910 2.698444 -0.462436 0.194890 0.547268 -0.084879
    9 7.226192 4.554650 -2.960350 -1.937239 -0.275294 -3.272498
    10 10.570313 2.281250 -6.343750 -2.460934 -0.275417 3.010575
    11 1.806641 7.582031 -7.234375 -1.550988 -0.382996 1.806934
    12 1.377930 7.878906 -12.054688 -1.277176 -0.488708 1.819244
    13 4.531250 3.458984 -3.607422 -1.647836 -0.580608 1.782439
    14 5.974704 2.920219 -4.391550 -1.937293 -0.275375 -3.272616
    15 7.558525 6.997282 -2.354134 -1.937336 -0.275393 3.010581
    16 7.558525 6.997282 -2.354134 1.937336 0.275393 -0.131011
    17 -2.867767 -2.740969 0.531125 2.051196 0.577049 -0.321829
    18 8.375000 1.621094 -7.539063 -1.937331 -0.275423 3.010558
    19 2.614002 2.377790 -5.879168 -1.937294 -0.275294 -3.272537
    20 5.595486 4.607124 0.422674 -1.090396 0.577049 -0.321829
    21 6.233833 5.542564 0.898426 -1.090396 0.577049 -0.321829
    22 6.946648 6.587124 1.429667 -1.090396 0.577049 -0.321829
    23 7.537933 7.453606 1.870349 -1.090396 0.577049 -0.321829
    24 8.154472 8.357077 2.329839 -1.090396 0.577049 -0.321829
    25 8.874294 9.411907 2.866308 -1.090396 0.577049 -0.321829
    26 -4.125858 -2.321501 1.394414 2.051196 0.577049 -0.321829
    27 -4.826813 -3.348669 0.872014 2.051196 0.577049 -0.321829
    28 -5.441669 -4.249685 0.413772 2.051196 0.577049 -0.321829
    29 -0.552532 -1.343527 1.604446 -0.531397 0.349107 -0.535250
    30 0.552589 1.343534 -1.604463 -0.572352 0.200762 -0.519412
    31 0.000000 -2.021618 -0.000004 -0.140762 0.000000 0.000000
    32 -0.000021 2.021633 0.000027 -0.182286 0.000000 0.000000
    33 -0.000004 -1.136217 -0.000004 -0.537682 0.000000 0.000000
    34 -0.000011 1.136200 -0.000019 -0.591471 0.000000 0.000000
    35 -0.032677 -4.587727 1.352317 2.444718 1.216159 2.484986
    36 0.032719 4.587772 -1.352291 2.844703 1.216154 2.484990
    37 0.000000 -1.754536 -0.000002 0.193351 0.000000 0.000000
    38 -0.000006 1.754520 -0.000034 0.301016 0.000000 0.000000
    39 0.000000 -1.227020 -0.000002 0.955670 0.000000 0.000000
    40 0.000002 1.227070 0.000032 0.655020 0.000000 0.000000
    41 -0.367996 -4.208406 0.173244 2.475865 1.091695 2.536227
    42 0.368011 4.208412 -0.173239 2.894872 1.091696 2.536226
    43 0.000000 -2.372318 -0.000004 0.834666 0.000000 0.000000
    44 -0.000006 2.372318 -0.000032 0.737827 0.000000 0.000000
    45 0.000004 -1.580070 -0.000001 0.495055 0.000000 0.000000
    46 -0.000002 1.580170 0.000030 0.744518 0.000000 0.000000
    47 -0.937645 -3.860697 -0.959317 2.205251 0.797005 2.273736
    48 0.937672 3.860714 0.959333 2.990775 1.016697 2.713704
    49 0.000000 -1.690632 0.000000 0.848242 0.000000 0.000000
    50 -0.000013 1.690666 0.000021 0.568265 0.000000 0.000000
    51 -0.000002 -1.423443 0.000002 0.234212 0.000000 0.000000
    52 0.000008 1.423420 0.000028 0.761967 0.000000 0.000000
    53 -1.546646 -3.404194 -1.915569 2.750280 1.118484 2.534731
    54 1.546661 3.404217 1.915585 -3.076191 1.031499 2.824457
    55 0.000004 -1.437820 0.000000 0.424958 0.000000 0.000000
    56 -0.000021 1.437870 0.000031 -0.074280 0.000000 0.000000
    57 -0.000002 -1.059402 0.000000 0.322075 0.000000 0.000000
    58 0.000006 1.059372 0.000008 0.911714 0.000000 0.000000
    59 -0.000004 -13.013485 -0.000004 0.010936 -0.284121 -0.076428
    60 0.161133 -10.812500 0.023087 0.010936 -0.284121 -0.076428
  time 47
    0 0.000000 0.826660 0.000001 -1.559900 -0.000006 -0.000006
    1 -10.723376 4.021813 0.943485 -0.589337 -0.148297 0.286915
    2 0.000000 14.313023 0.000003 -1.285380 0.000000 0.000000
    3 -0.000011 13.013483 -0.000005 0.152688 0.460917 0.499505
    4 8.648438 7.792969 3.429688 2.222705 0.399521 -1.404265
    5 0.000000 -14.313034 0.000000 -1.556552 0.000000 0.000000
    6 -0.000004 -13.013485 -0.000004 0.538394 0.815277 0.754107
    7 -1.330879 -2.698427 0.462449 -0.194886 -0.547260 3.056712
    8 1.330910 2.698444 -0.462436 0.194890 0.547268 -0.084879
    9 7.226192 4.554650 -2.960350 -1.937239 -0.275294 -3.272498
    10 10.570313 2.281250 -6.343750 -2.460934 -0.275417 3.010575
    11 1.806641 7.582031 -7.234375 -1.550988 -0.382996 1.806934
    12 1.377930 7.878906 -12.054688 -1.277176 -0.488708 1.819244
    13 4.531250 3.458984 -3.607422 -1.647836 -0.580608 1.782439
    14 5.974704 2.920219 -4.391550 -1.937293 -0.275375 -3.272616
    15 7.558525 6.997282 -2.354134 -1.937336 -0.275393 3.010581
    16 7.558525 6.997282 -2.354134 1.937336 0.275393 -0.131011
    17 -2.867767 -2.740969 0.531125 2.051196 0.577049 -0.321829
    18 8.375000 1.621094 -7.539063 -1.937331 -0.275423 3.010558
    19 2.614002 2.377790 -5.883075 -1.937294 -0.275294 -3.272537
    20 5.595486 4.607124 0.422674 -1.090396 0.577049 -0.321829
    21 6.233833 5.542564 0.898426 -1.090396 0.577049 -0.321829
    22 6.946648 6.587124 1.429667 -1.090396 0.577049 -0.321829
    23 7.537933 7.453606 1.870349 -1.090396 0.577049 -0.321829
    24 8.154472 8.357077 2.329839 -1.090396 0.577049 -0.321829
    25 8.874294 9.411907 2.866308 -1.090396 0.577049 -0.321829
    26 -4.125858 -2.321501 1.394414 2.051196 0.577049 -0.321829
    27 -4.826813 -3.348669 0.872014 2.051196 0.577049 -0.321829
    28 -5.441669 -4.249685 0.413772 2.051196 0.577049 -0.321829
    29 -0.552532 -1.343527 1.604446 -0.531397 0.349107 -0.535250
    30 0.552589 1.343534 -1.604463 -0.572352 0.200762 -0.519412
    31 0.000000 -2.021618 -0.000004 -0.140762 0.000000 0.000000
    32 -0.000021 2.021633 0.000027 -0.182286 0.000000 0.000000
    33 -0.000004 -1.136217 -0.000004 -0.537682 0.000000 0.000000
    34 -0.000011 1.136200 -0.000019 -0.591471 0.000000 0.000000
    35 -0.032677 -4.587727 1.352317 2.444718 1.216159 2.484986
    36 0.032719 4.587772 -1.352291 2.844703 1.216154 2.484990
    37 0.000000 -1.754536 -0.000002 0.193351 0.000000 0.000000
    38 -0.000006 1.754520 -0.000034 0.301016 0.000000 0.000000
    39 0.000000 -1.227020 -0.000002 0.955670 0.000000 0.000000
    40 0.000002 1.227070 0.000032 0.655020 0.000000 0.000000
    41 -0.367996 -4.208406 0.173244 2.475865 1.091695 2.536227
    42 0.368011 4.208412 -0.173239 2.894872 1.091696 2.536226
    43 0.000000 -2.372318 -0.000004 0.834666 0.000000 0.000000
    44 -0.000006 2.372318 -0.000032 0.737827 0.000000 0.000000
    45 0.000004 -1.580070 -0.000001 0.495055 0.000000 0.000000
    46 -0.000002 1.580170 0.000030 0.744518 0.000000 0.000000
    47 -0.937645 -3.860697 -0.959317 2.205251 0.797005 2.273736
    48 0.937672 3.860714 0.959333 2.990775 1.016697 2.713704
    49 0.000000 -1.690632 0.000000 0.848242 0.000000 0.000000
    50 -0.000013 1.690666 0.000021 0.568265 0.000000 0.000000
    51 -0.000002 -1.423443 0.000002 0.234212 0.000000 0.000000
    52 0.000008 1.423420 0.000028 0.761894 0.000000 0.000000
    53 -1.546646 -3.404194 -1.915569 2.750280 1.118484 2.534731
    54 1.546661 3.404217 1.915585 -3.076191 1.031499 2.824457
    55 0.000004 -1.437820 0.000000 0.424958 0.000000 0.000000
    56 -0.000021 1.437870 0.000031 -0.074280 0.000000 0.000000
    57 -0.000002 -1.059402 0.000000 0.322075 0.000000 0.000000
    58 0.000006 1.059372 0.000008 0.911714 0.000000 0.000000
    59 -0.000004 -13.013485 -0.000004 0.010936 -0.284121 -0.076428
    60 0.161133 -10.812500 0.023087 0.010936 -0.284121 -0.076428
  time 48
    0 0.000000 0.826660 0.000001 -1.559900 -0.000006 -0.000006
    1 -10.723376 4.021813 0.943485 -0.606937 -0.142335 0.290963
    2 0.000000 14.313023 0.000003 -1.241084 0.000000 0.000000
    3 -0.000011 13.013483 -0.000005 0.136349 0.496669 0.454453
    4 8.648438 7.792969 3.429688 2.222705 0.399521 -1.404265
    5 0.000000 -14.313034 0.000000 -1.556552 0.000000 0.000000
    6 -0.000004 -13.013485 -0.000004 0.538394 0.815277 0.754107
    7 -1.330879 -2.698427 0.462449 -0.194886 -0.547260 3.056712
    8 1.330910 2.698444 -0.462436 0.194890 0.547268 -0.084879
    9 7.226192 4.554650 -2.960350 -1.937239 -0.275294 -3.272498
    10 10.570313 2.281250 -6.343750 -2.460934 -0.275417 3.010575
    11 1.806641 7.582031 -7.234375 -1.550988 -0.382996 1.806934
    12 1.377930 7.878906 -12.054688 -1.277176 -0.488708 1.819244
    13 4.531250 3.458984 -3.607422 -1.647836 -0.580608 1.782439
    14 5.974704 2.920219 -4.391550 -1.937293 -0.275375 -3.272616
    15 7.558525 6.997282 -2.354134 -1.937336 -0.275393 3.010581
    16 7.558525 6.997282 -2.354134 1.937336 0.275393 -0.131011
    17 -2.867767 -2.740969 0.531125 2.051196 0.577049 -0.321829
    18 8.375000 1.621094 -7.539063 -1.937331 -0.275423 3.010558
    19 2.614002 2.377790 -5.879168 -1.937294 -0.275294 -3.272537
    20 5.595486 4.607124 0.422674 -1.090396 0.577049 -0.321829
    21 6.233833 5.542564 0.898426 -1.090396 0.577049 -0.321829
    22 6.946648 6.587124 1.429667 -1.090396 0.577049 -0.321829
    23 7.537933 7.453606 1.870349 -1.090396 0.577049 -0.321829
    24 8.154472 8.357077 2.329839 -1.090396 0.577049 -0.321829
    25 8.874294 9.411907 2.866308 -1.090396 0.577049 -0.321829
    26 -4.125858 -2.321501 1.394414 2.051196 0.577049 -0.321829
    27 -4.826813 -3.348669 0.872014 2.051196 0.577049 -0.321829
    28 -5.441669 -4.249685 0.413772 2.051196 0.577049 -0.321829
    29 -0.552532 -1.343527 1.604446 -0.531397 0.349107 -0.535250
    30 0.552589 1.343534 -1.604463 -0.572352 0.200762 -0.519412
    31 0.000000 -2.021618 -0.000004 -0.140762 0.000000 0.000000
    32 -0.000021 2.021633 0.000027 -0.182286 0.000000 0.000000
    33 -0.000004 -1.136217 -0.000004 -0.537682 0.000000 0.000000
    34 -0.000011 1.136200 -0.000019 -0.591471 0.000000 0.000000
    35 -0.032677 -4.587727 1.352317 2.444718 1.216159 2.484986
    36 0.032719 4.587772 -1.352291 2.844703 1.216154 2.484990
    37 0.000000 -1.754536 -0.000002 0.193351 0.000000 0.000000
    38 -0.000006 1.754520 -0.000034 0.301016 0.000000 0.000000
    39 0.000000 -1.227020 -0.000002 0.955670 0.000000 0.000000
    40 0.000002 1.227070 0.000032 0.655020 0.000000 0.000000
    41 -0.367996 -4.208406 0.173244 2.475865 1.091695 2.536227
    42 0.368011 4.208412 -0.173239 2.894872 1.091696 2.536226
    43 0.000000 -2.372318 -0.000004 0.834666 0.000000 0.000000
    44 -0.000006 2.372318 -0.000032 0.737827 0.000000 0.000000
    45 0.000004 -1.580070 -0.000001 0.495055 0.000000 0.000000
    46 -0.000002 1.580170 0.000030 0.744518 0.000000 0.000000
    47 -0.937645 -3.860697 -0.959317 2.205251 0.797005 2.273736
    48 0.937672 3.860714 0.959333 2.990775 1.016697 2.713704
    49 0.000000 -1.690632 0.000000 0.848242 0.000000 0.000000
    50 -0.000013 1.690666 0.000021 0.568265 0.000000 0.000000
    51 -0.000002 -1.423443 0.000002 0.234212 0.000000 0.000000
    52 0.000008 1.423420 0.000028 0.761894 0.000000 0.000000
    53 -1.546646 -3.404194 -1.915569 2.750280 1.118484 2.534731
    54 1.546661 3.404217 1.915585 -3.076191 1.031499 2.824457
    55 0.000004 -1.437820 0.000000 0.424958 0.000000 0.000000
    56 -0.000021 1.437870 0.000031 -0.074280 0.000000 0.000000
    57 -0.000002 -1.059402 0.000000 0.322075 0.000000 0.000000
    58 0.000006 1.059372 0.000008 0.911714 0.000000 0.000000
    59 -0.000004 -13.013485 -0.000004 0.010936 -0.284121 -0.076428
    60 0.161133 -10.812500 0.023087 0.010936 -0.284121 -0.076428
  time 49
    0 0.000000 0.826660 0.000001 -1.559900 -0.000006 -0.000006
    1 -10.723376 4.021813 0.943485 -0.624998 -0.135707 0.295546
    2 0.000000 14.313023 0.000003 -1.198376 0.000000 0.000000
    3 -0.000011 13.013483 -0.000005 0.119150 0.526196 0.407100
    4 8.648438 7.792969 3.429688 2.222705 0.399521 -1.404265
    5 0.000000 -14.313034 0.000000 -1.556552 0.000000 0.000000
    6 -0.000004 -13.013485 -0.000004 0.538394 0.815277 0.754107
    7 -1.330879 -2.698427 0.462449 -0.194886 -0.547260 3.056712
    8 1.330910 2.698444 -0.462436 0.194890 0.547268 -0.084879
    9 7.226192 4.554650 -2.960350 -1.937239 -0.275294 -3.272498
    10 10.570313 2.281250 -6.343750 -2.460934 -0.275417 3.010575
    11 1.806641 7.582031 -7.234375 -1.550988 -0.382996 1.806934
    12 1.377930 7.878906 -12.054688 -1.277176 -0.488708 1.819244
    13 4.531250 3.458984 -3.607422 -1.647836 -0.580608 1.782439
    14 5.974704 2.920219 -4.391550 -1.937293 -0.275375 -3.272616
    15 7.558525 6.997282 -2.354134 -1.937336 -0.275393 3.010581
    16 7.558525 6.997282 -2.354134 1.937336 0.275393 -0.131011
    17 -2.867767 -2.740969 0.531125 2.051196 0.577049 -0.321829
    18 8.375000 1.621094 -7.539063 -1.937331 -0.275423 3.010558
    19 2.614002 2.377790 -5.879168 -1.937294 -0.275294 -3.272537
    20 5.595486 4.607124 0.422674 -1.090396 0.577049 -0.321829
    21 6.233833 5.542564 0.898426 -1.090396 0.577049 -0.321829
    22 6.946648 6.587124 1.429667 -1.090396 0.577049 -0.321829
    23 7.537933 7.453606 1.870349 -1.090396 0.577049 -0.321829
    24 8.154472 8.357077 2.329839 -1.090396 0.577049 -0.321829
    25 8.874294 9.411907 2.866308 -1.090396 0.577049 -0.321829
    26 -4.125858 -2.321501 1.394414 2.051196 0.577049 -0.321829
    27 -4.826813 -3.348669 0.872014 2.051196 0.577049 -0.321829
    28 -5.441669 -4.249685 0.413772 2.051196 0.577049 -0.321829
    29 -0.552532 -1.343527 1.604446 -0.531397 0.349107 -0.535250
    30 0.552589 1.343534 -1.604463 -0.572352 0.200762 -0.519412
    31 0.000000 -2.021618 -0.000004 -0.140762 0.000000 0.000000
    32 -0.000021 2.021633 0.000027 -0.182286 0.000000 0.000000
    33 -0.000004 -1.136217 -0.000004 -0.537682 0.000000 0.000000
    34 -0.000011 1.136200 -0.000019 -0.591471 0.000000 0.000000
    35 -0.032677 -4.587727 1.352317 2.444718 1.216159 2.484986
    36 0.032719 4.587772 -1.352291 2.844703 1.216154 2.484990
    37 0.000000 -1.754536 -0.000002 0.193351 0.000000 0.000000
    38 -0.000006 1.754520 -0.000034 0.301016 0.000000 0.000000
    39 0.000000 -1.227020 -0.000002 0.955670 0.000000 0.000000
    40 0.000002 1.227070 0.000032 0.655020 0.000000 0.000000
    41 -0.367996 -4.208406 0.173244 2.475865 1.091695 2.536227
    42 0.368011 4.208412 -0.173239 2.894872 1.091696 2.536226
    43 0.000000 -2.372318 -0.000004 0.834666 0.000000 0.000000
    44 -0.000006 2.372318 -0.000032 0.737827 0.000000 0.000000
    45 0.000004 -1.580070 -0.000001 0.495055 0.000000 0.000000
    46 -0.000002 1.580170 0.000030 0.744518 0.000000 0.000000
    47 -0.937645 -3.860697 -0.959317 2.205251 0.797005 2.273736
    48 0.937672 3.860714 0.959333 2.990775 1.016697 2.713704
    49 0.000000 -1.690632 0.000000 0.848242 0.000000 0.000000
    50 -0.000013 1.690666 0.000021 0.568265 0.000000 0.000000
    51 -0.000002 -1.423443 0.000002 0.234212 0.000000 0.000000
    52 0.000008 1.423420 0.000028 0.761967 0.000000 0.000000
    53 -1.546646 -3.404194 -1.915569 2.750280 1.118484 2.534731
    54 1.546661 3.404217 1.915585 -3.076191 1.031499 2.824457
    55 0.000004 -1.437820 0.000000 0.424958 0.000000 0.000000
    56 -0.000021 1.437870 0.000031 -0.074280 0.000000 0.000000
    57 -0.000002 -1.059402 0.000000 0.322075 0.000000 0.000000
    58 0.000006 1.059372 0.000008 0.911714 0.000000 0.000000
    59 -0.000004 -13.013485 -0.000004 0.010936 -0.284121 -0.076428
    60 0.161133 -10.812500 0.023087 0.010936 -0.284121 -0.076428
  time 50
    0 0.000000 0.826660 0.000001 -1.559900 -0.000006 -0.000006
    1 -10.723376 4.021813 0.943485 -0.642598 -0.128124 0.300816
    2 0.000000 14.313023 0.000003 -1.158785 0.000000 0.000000
    3 -0.000011 13.013483 -0.000005 0.103766 0.547940 0.358693
    4 8.648438 7.792969 3.429688 2.222705 0.399521 -1.404265
    5 0.000000 -14.313034 0.000000 -1.556552 0.000000 0.000000
    6 -0.000004 -13.013485 -0.000004 0.538394 0.815277 0.754107
    7 -1.330879 -2.698427 0.462449 -0.194886 -0.547260 3.056712
    8 1.330910 2.698444 -0.462436 0.194890 0.547268 -0.084879
    9 7.226192 4.554650 -2.960350 -1.937239 -0.275294 -3.272498
    10 10.570313 2.281250 -6.343750 -2.460934 -0.275417 3.010575
    11 1.806641 7.582031 -7.234375 -1.550988 -0.382996 1.806934
    12 1.377930 7.878906 -12.054688 -1.277176 -0.488708 1.819244
    13 4.531250 3.458984 -3.607422 -1.647836 -0.580608 1.782439
    14 5.974704 2.920219 -4.391550 -1.937293 -0.275375 -3.272616
    15 7.558525 6.997282 -2.354134 -1.937336 -0.275393 3.010581
    16 7.558525 6.997282 -2.354134 1.937336 0.275393 -0.131011
    17 -2.867767 -2.740969 0.531125 2.051196 0.577049 -0.321829
    18 8.375000 1.621094 -7.539063 -1.937331 -0.275423 3.010558
    19 2.614002 2.377790 -5.879168 -1.937294 -0.275294 -3.272537
    20 5.595486 4.607124 0.422674 -1.090396 0.577049 -0.321829
    21 6.233833 5.542564 0.898426 -1.090396 0.577049 -0.321829
    22 6.946648 6.587124 1.429667 -1.090396 0.577049 -0.321829
    23 7.537933 7.453606 1.870349 -1.090396 0.577049 -0.321829
    24 8.154472 8.357077 2.329839 -1.090396 0.577049 -0.321829
    25 8.874294 9.411907 2.866308 -1.090396 0.577049 -0.321829
    26 -4.125858 -2.321501 1.394414 2.051196 0.577049 -0.321829
    27 -4.826813 -3.348669 0.872014 2.051196 0.577049 -0.321829
    28 -5.441669 -4.249685 0.413772 2.051196 0.577049 -0.321829
    29 -0.552532 -1.343527 1.604446 -0.531397 0.349107 -0.535250
    30 0.552589 1.343534 -1.604463 -0.572352 0.200762 -0.519412
    31 0.000000 -2.021618 -0.000004 -0.140762 0.000000 0.000000
    32 -0.000021 2.021633 0.000027 -0.182286 0.000000 0.000000
    33 -0.000004 -1.136217 -0.000004 -0.537682 0.000000 0.000000
    34 -0.000011 1.136200 -0.000019 -0.591471 0.000000 0.000000
    35 -0.032677 -4.587727 1.352317 2.444718 1.216159 2.484986
    36 0.032719 4.587772 -1.352291 2.844703 1.216154 2.484990
    37 0.000000 -1.754536 -0.000002 0.193351 0.000000 0.000000
    38 -0.000006 1.754520 -0.000034 0.301016 0.000000 0.000000
    39 0.000000 -1.227020 -0.000002 0.955670 0.000000 0.000000
    40 0.000002 1.227070 0.000032 0.655020 0.000000 0.000000
    41 -0.367996 -4.208406 0.173244 2.475865 1.091695 2.536227
    42 0.368011 4.208412 -0.173239 2.894872 1.091696 2.536226
    43 0.000000 -2.372318 -0.000004 0.834666 0.000000 0.000000
    44 -0.000006 2.372318 -0.000032 0.737827 0.000000 0.000000
    45 0.000004 -1.580070 -0.000001 0.495055 0.000000 0.000000
    46 -0.000002 1.580170 0.000030 0.744518 0.000000 0.000000
    47 -0.937645 -3.860697 -0.959317 2.205251 0.797005 2.273736
    48 0.937672 3.860714 0.959333 2.990775 1.016697 2.713704
    49 0.000000 -1.690632 0.000000 0.848242 0.000000 0.000000
    50 -0.000013 1.690666 0.000021 0.568265 0.000000 0.000000
    51 -0.000002 -1.423443 0.000002 0.234212 0.000000 0.000000
    52 0.000008 1.423420 0.000028 0.761967 0.000000 0.000000
    53 -1.546646 -3.404194 -1.915569 2.750280 1.118484 2.534731
    54 1.546661 3.404217 1.915585 -3.076191 1.031499 2.824457
    55 0.000004 -1.437820 0.000000 0.424958 0.000000 0.000000
    56 -0.000021 1.437870 0.000031 -0.074280 0.000000 0.000000
    57 -0.000002 -1.059402 0.000000 0.322075 0.000000 0.000000
    58 0.000006 1.059372 0.000008 0.911714 0.000000 0.000000
    59 -0.000004 -13.013485 -0.000004 0.010936 -0.284121 -0.076428
    60 0.161133 -10.812500 0.023087 0.010936 -0.284121 -0.076428
  time 51
    0 0.000000 0.826660 0.000001 -1.559900 -0.000006 -0.000006
    1 -10.723376 4.021813 0.943485 -0.659369 -0.121591 0.305323
    2 0.000000 14.313023 0.000003 -1.123165 0.000000 0.000000
    3 -0.000011 13.013483 -0.000005 0.088765 0.562184 0.318625
    4 8.648438 7.792969 3.429688 2.222705 0.399521 -1.404265
    5 0.000000 -14.313034 0.000000 -1.556552 0.000000 0.000000
    6 -0.000004 -13.013485 -0.000004 0.538394 0.815277 0.754107
    7 -1.330879 -2.698427 0.462449 -0.194886 -0.547260 3.056712
    8 1.330910 2.698444 -0.462436 0.194890 0.547268 -0.084879
    9 7.226192 4.554650 -2.960350 -1.937239 -0.275294 -3.272498
    10 10.570313 2.281250 -6.343750 -2.460934 -0.275417 3.010575
    11 1.806641 7.582031 -7.234375 -1.550988 -0.382996 1.806934
    12 1.377930 7.878906 -12.054688 -1.277176 -0.488708 1.819244
    13 4.531250 3.458984 -3.607422 -1.647836 -0.580608 1.782439
    14 5.974704 2.920219 -4.391550 -1.937293 -0.275375 -3.272616
    15 7.558525 6.997282 -2.354134 -1.937336 -0.275393 3.010581
    16 7.558525 6.997282 -2.354134 1.937336 0.275393 -0.131011
    17 -2.867767 -2.740969 0.531125 2.051196 0.577049 -0.321829
    18 8.375000 1.621094 -7.539063 -1.937331 -0.275423 3.010558
    19 2.614002 2.377790 -5.879168 -1.937294 -0.275294 -3.272537
    20 5.595486 4.607124 0.422674 -1.090396 0.577049 -0.321829
    21 6.233833 5.542564 0.898426 -1.090396 0.577049 -0.321829
    22 6.946648 6.587124 1.429667 -1.090396 0.577049 -0.321829
    23 7.537933 7.453606 1.870349 -1.090396 0.577049 -0.321829
    24 8.154472 8.357077 2.329839 -1.090396 0.577049 -0.321829
    25 8.874294 9.411907 2.866308 -1.090396 0.577049 -0.321829
    26 -4.125858 -2.321501 1.394414 2.051196 0.577049 -0.321829
    27 -4.826813 -3.348669 0.872014 2.051196 0.577049 -0.321829
    28 -5.441669 -4.249685 0.413772 2.051196 0.577049 -0.321829
    29 -0.552532 -1.343527 1.604446 -0.531397 0.349107 -0.535250
    30 0.552589 1.343534 -1.604463 -0.572352 0.200762 -0.519412
    31 0.000000 -2.021618 -0.000004 -0.140762 0.000000 0.000000
    32 -0.000021 2.021633 0.000027 -0.182286 0.000000 0.000000
    33 -0.000004 -1.136217 -0.000004 -0.537682 0.000000 0.000000
    34 -0.000011 1.136200 -0.000019 -0.591471 0.000000 0.000000
    35 -0.032677 -4.587727 1.352317 2.444718 1.216159 2.484986
    36 0.032719 4.587772 -1.352291 2.844703 1.216154 2.484990
    37 0.000000 -1.754536 -0.000002 0.193351 0.000000 0.000000
    38 -0.000006 1.754520 -0.000034 0.301016 0.000000 0.000000
    39 0.000000 -1.227020 -0.000002 0.955670 0.000000 0.000000
    40 0.000002 1.227070 0.000032 0.655020 0.000000 0.000000
    41 -0.367996 -4.208406 0.173244 2.475865 1.091695 2.536227
    42 0.368011 4.208412 -0.173239 2.894872 1.091696 2.536226
    43 0.000000 -2.372318 -0.000004 0.834666 0.000000 0.000000
    44 -0.000006 2.372318 -0.000032 0.737827 0.000000 0.000000
    45 0.000004 -1.580070 -0.000001 0.495055 0.000000 0.000000
    46 -0.000002 1.580170 0.000030 0.744518 0.000000 0.000000
    47 -0.937645 -3.860697 -0.959317 2.205251 0.797005 2.273736
    48 0.937672 3.860714 0.959333 2.990775 1.016697 2.713704
    49 0.000000 -1.690632 0.000000 0.848242 0.000000 0.000000
    50 -0.000013 1.690666 0.000021 0.568265 0.000000 0.000000
    51 -0.000002 -1.423443 0.000002 0.234212 0.000000 0.000000
    52 0.000008 1.423420 0.000028 0.761967 0.000000 0.000000
    53 -1.546646 -3.404194 -1.915569 2.750280 1.118484 2.534731
    54 1.546661 3.404217 1.915585 -3.076191 1.031499 2.824457
    55 0.000004 -1.437820 0.000000 0.424958 0.000000 0.000000
    56 -0.000021 1.437870 0.000031 -0.074280 0.000000 0.000000
    57 -0.000002 -1.059402 0.000000 0.322075 0.000000 0.000000
    58 0.000006 1.059372 0.000008 0.911714 0.000000 0.000000
    59 -0.000004 -13.013485 -0.000004 0.010936 -0.284121 -0.076428
    60 0.161133 -10.812500 0.023087 0.010936 -0.284121 -0.076428
  time 52
    0 0.000000 0.826660 0.000001 -1.559900 -0.000006 -0.000006
    1 -10.723376 4.021813 0.943485 -0.674112 -0.117013 0.308454
    2 0.000000 14.313023 0.000003 -1.092066 0.000000 0.000000
    3 -0.000011 13.013483 -0.000005 0.075293 0.571759 0.289964
    4 8.648438 7.792969 3.429688 2.222705 0.399521 -1.404265
    5 0.000000 -14.313034 0.000000 -1.556552 0.000000 0.000000
    6 -0.000004 -13.013485 -0.000004 0.538394 0.815277 0.754107
    7 -1.330879 -2.698427 0.462449 -0.194886 -0.547260 3.056712
    8 1.330910 2.698444 -0.462436 0.194890 0.547268 -0.084879
    9 7.226192 4.554650 -2.960350 -1.937239 -0.275294 -3.272498
    10 10.570313 2.281250 -6.343750 -2.460934 -0.275417 3.010575
    11 1.806641 7.582031 -7.234375 -1.550988 -0.382996 1.806934
    12 1.377930 7.878906 -12.054688 -1.277176 -0.488708 1.819244
    13 4.531250 3.458984 -3.607422 -1.647836 -0.580608 1.782439
    14 5.974704 2.920219 -4.391550 -1.937293 -0.275375 -3.272616
    15 7.558525 6.997282 -2.354134 -1.937336 -0.275393 3.010581
    16 7.558525 6.997282 -2.354134 1.937336 0.275393 -0.131011
    17 -2.867767 -2.740969 0.531125 2.051196 0.577049 -0.321829
    18 8.375000 1.621094 -7.539063 -1.937331 -0.275423 3.010558
    19 2.614002 2.377790 -5.875262 -1.937294 -0.275294 -3.272537
    20 5.595486 4.607124 0.422674 -1.090396 0.577049 -0.321829
    21 6.233833 5.542564 0.898426 -1.090396 0.577049 -0.321829
    22 6.946648 6.587124 1.429667 -1.090396 0.577049 -0.321829
    23 7.537933 7.453606 1.870349 -1.090396 0.577049 -0.321829
    24 8.154472 8.357077 2.329839 -1.090396 0.577049 -0.321829
    25 8.874294 9.411907 2.866308 -1.090396 0.577049 -0.321829
    26 -4.125858 -2.321501 1.394414 2.051196 0.577049 -0.321829
    27 -4.826813 -3.348669 0.872014 2.051196 0.577049 -0.321829
    28 -5.441669 -4.249685 0.413772 2.051196 0.577049 -0.321829
    29 -0.552532 -1.343527 1.604446 -0.531397 0.349107 -0.535250
    30 0.552589 1.343534 -1.604463 -0.572352 0.200762 -0.519412
    31 0.000000 -2.021618 -0.000004 -0.140762 0.000000 0.000000
    32 -0.000021 2.021633 0.000027 -0.182286 0.000000 0.000000
    33 -0.000004 -1.136217 -0.000004 -0.537682 0.000000 0.000000
    34 -0.000011 1.136200 -0.000019 -0.591471 0.000000 0.000000
    35 -0.032677 -4.587727 1.352317 2.444718 1.216159 2.484986
    36 0.032719 4.587772 -1.352291 2.844703 1.216154 2.484990
    37 0.000000 -1.754536 -0.000002 0.193351 0.000000 0.000000
    38 -0.000006 1.754520 -0.000034 0.301016 0.000000 0.000000
    39 0.000000 -1.227020 -0.000002 0.955670 0.000000 0.000000
    40 0.000002 1.227070 0.000032 0.655020 0.000000 0.000000
    41 -0.367996 -4.208406 0.173244 2.475865 1.091695 2.536227
    42 0.368011 4.208412 -0.173239 2.894872 1.091696 2.536226
    43 0.000000 -2.372318 -0.000004 0.834666 0.000000 0.000000
    44 -0.000006 2.372318 -0.000032 0.737827 0.000000 0.000000
    45 0.000004 -1.580070 -0.000001 0.495055 0.000000 0.000000
    46 -0.000002 1.580170 0.000030 0.744518 0.000000 0.000000
    47 -0.937645 -3.860697 -0.959317 2.205251 0.797005 2.273736
    48 0.937672 3.860714 0.959333 2.990775 1.016697 2.713704
    49 0.000000 -1.690632 0.000000 0.848242 0.000000 0.000000
    50 -0.000013 1.690666 0.000021 0.568265 0.000000 0.000000
    51 -0.000002 -1.423443 0.000002 0.234212 0.000000 0.000000
    52 0.000008 1.423420 0.000028 0.761967 0.000000 0.000000
    53 -1.546646 -3.404194 -1.915569 2.750280 1.118484 2.534731
    54 1.546661 3.404217 1.915585 -3.076191 1.031499 2.824457
    55 0.000004 -1.437820 0.000000 0.424958 0.000000 0.000000
    56 -0.000021 1.437870 0.000031 -0.074280 0.000000 0.000000
    57 -0.000002 -1.059402 0.000000 0.322075 0.000000 0.000000
    58 0.000006 1.059372 0.000008 0.911714 0.000000 0.000000
    59 -0.000004 -13.013485 -0.000004 0.010936 -0.284121 -0.076428
    60 0.161133 -10.812500 0.023087 0.010936 -0.284121 -0.076428
  time 53
    0 0.000000 0.826660 0.000001 -1.559900 -0.000006 -0.000006
    1 -10.723376 4.021813 0.943485 -0.686736 -0.112625 0.311433
    2 0.000000 14.313023 0.000003 -1.067749 0.000000 0.000000
    3 -0.000011 13.013483 -0.000005 0.069273 0.578740 0.264946
    4 8.648438 7.792969 3.429688 2.222705 0.399521 -1.404265
    5 0.000000 -14.313034 0.000000 -1.556552 0.000000 0.000000
    6 -0.000004 -13.013485 -0.000004 0.538394 0.815277 0.754107
    7 -1.330879 -2.698427 0.462449 -0.194886 -0.547260 3.056712
    8 1.330910 2.698444 -0.462436 0.194890 0.547268 -0.084879
    9 7.226192 4.554650 -2.960350 -1.937239 -0.275294 -3.272498
    10 10.570313 2.281250 -6.343750 -2.460934 -0.275417 3.010575
    11 1.806641 7.582031 -7.234375 -1.550988 -0.382996 1.806934
    12 1.377930 7.878906 -12.054688 -1.277176 -0.488708 1.819244
    13 4.531250 3.458984 -3.607422 -1.647836 -0.580608 1.782439
    14 5.974704 2.920219 -4.391550 -1.937293 -0.275375 -3.272616
    15 7.558525 6.997282 -2.354134 -1.937336 -0.275393 3.010581
    16 7.558525 6.997282 -2.354134 1.937336 0.275393 -0.131011
    17 -2.867767 -2.740969 0.531125 2.051196 0.577049 -0.321829
    18 8.375000 1.621094 -7.539063 -1.937331 -0.275423 3.010558
    19 2.614002 2.381697 -5.879168 -1.937294 -0.275294 -3.272537
    20 5.595486 4.607124 0.422674 -1.090396 0.577049 -0.321829
    21 6.233833 5.542564 0.898426 -1.090396 0.577049 -0.321829
    22 6.946648 6.587124 1.429667 -1.090396 0.577049 -0.321829
    23 7.537933 7.453606 1.870349 -1.090396 0.577049 -0.321829
    24 8.154472 8.357077 2.329839 -1.090396 0.577049 -0.321829
    25 8.874294 9.411907 2.866308 -1.090396 0.577049 -0.321829
    26 -4.125858 -2.321501 1.394414 2.051196 0.577049 -0.321829
    27 -4.826813 -3.348669 0.872014 2.051196 0.577049 -0.321829
    28 -5.441669 -4.249685 0.413772 2.051196 0.577049 -0.321829
    29 -0.552532 -1.343527 1.604446 -0.531397 0.349107 -0.535250
    30 0.552589 1.343534 -1.604463 -0.572352 0.200762 -0.519412
    31 0.000000 -2.021618 -0.000004 -0.140762 0.000000 0.000000
    32 -0.000021 2.021633 0.000027 -0.182286 0.000000 0.000000
    33 -0.000004 -1.136217 -0.000004 -0.537682 0.000000 0.000000
    34 -0.000011 1.136200 -0.000019 -0.591471 0.000000 0.000000
    35 -0.032677 -4.587727 1.352317 2.444718 1.216159 2.484986
    36 0.032719 4.587772 -1.352291 2.844703 1.216154 2.484990
    37 0.000000 -1.754536 -0.000002 0.193351 0.000000 0.000000
    38 -0.000006 1.754520 -0.000034 0.301016 0.000000 0.000000
    39 0.000000 -1.227020 -0.000002 0.955670 0.000000 0.000000
    40 0.000002 1.227070 0.000032 0.655020 0.000000 0.000000
    41 -0.367996 -4.208406 0.173244 2.475865 1.091695 2.536227
    42 0.368011 4.208412 -0.173239 2.894872 1.091696 2.536226
    43 0.000000 -2.372318 -0.000004 0.834666 0.000000 0.000000
    44 -0.000006 2.372318 -0.000032 0.737827 0.000000 0.000000
    45 0.000004 -1.580070 -0.000001 0.495055 0.000000 0.000000
    46 -0.000002 1.580170 0.000030 0.744518 0.000000 0.000000
    47 -0.937645 -3.860697 -0.959317 2.205251 0.797005 2.273736
    48 0.937672 3.860714 0.959333 2.990775 1.016697 2.713704
    49 0.000000 -1.690632 0.000000 0.848242 0.000000 0.000000
    50 -0.000013 1.690666 0.000021 0.568265 0.000000 0.000000
    51 -0.000002 -1.423443 0.000002 0.234212 0.000000 0.000000
    52 0.000008 1.423420 0.000028 0.761967 0.000000 0.000000
    53 -1.546646 -3.404194 -1.915569 2.750280 1.118484 2.534731
    54 1.546661 3.404217 1.915585 -3.076191 1.031499 2.824457
    55 0.000004 -1.437820 0.000000 0.424958 0.000000 0.000000
    56 -0.000021 1.437870 0.000031 -0.074280 0.000000 0.000000
    57 -0.000002 -1.059402 0.000000 0.322075 0.000000 0.000000
    58 0.000006 1.059372 0.000008 0.911714 0.000000 0.000000
    59 -0.000004 -13.013485 -0.000004 0.010936 -0.284121 -0.076428
    60 0.161133 -10.812500 0.023087 0.010936 -0.284121 -0.076428
  time 54
    0 0.000000 0.826660 0.000001 -1.559900 -0.000006 -0.000006
    1 -10.723376 4.021813 0.943485 -0.697057 -0.106712 0.315558
    2 0.000000 14.313023 0.000003 -1.051802 0.000000 0.000000
    3 -0.000011 13.013483 -0.000005 0.075484 0.584400 0.235518
    4 8.648438 7.792969 3.429688 2.222705 0.399521 -1.404265
    5 0.000000 -14.313034 0.000000 -1.556552 0.000000 0.000000
    6 -0.000004 -13.013485 -0.000004 0.538394 0.815277 0.754107
    7 -1.330879 -2.698427 0.462449 -0.194886 -0.547260 3.056712
    8 1.330910 2.698444 -0.462436 0.194890 0.547268 -0.084879
    9 7.226192 4.554650 -2.960350 -1.937239 -0.275294 -3.272498
    10 10.570313 2.281250 -6.343750 -2.460934 -0.275417 3.010575
    11 1.806641 7.582031 -7.234375 -1.550988 -0.382996 1.806934
    12 1.377930 7.878906 -12.054688 -1.277176 -0.488708 1.819244
    13 4.531250 3.458984 -3.607422 -1.647836 -0.580608 1.782439
    14 5.974704 2.920219 -4.391550 -1.937293 -0.275375 -3.272616
    15 7.558525 6.997282 -2.354134 -1.937336 -0.275393 3.010581
    16 7.558525 6.997282 -2.354134 1.937336 0.275393 -0.131011
    17 -2.867767 -2.740969 0.531125 2.051196 0.577049 -0.321829
    18 8.375000 1.621094 -7.539063 -1.937331 -0.275423 3.010558
    19 2.614002 2.377790 -5.879168 -1.937294 -0.275294 -3.272537
    20 5.595486 4.607124 0.422674 -1.090396 0.577049 -0.321829
    21 6.233833 5.542564 0.898426 -1.090396 0.577049 -0.321829
    22 6.946648 6.587124 1.429667 -1.090396 0.577049 -0.321829
    23 7.537933 7.453606 1.870349 -1.090396 0.577049 -0.321829
    24 8.154472 8.357077 2.329839 -1.090396 0.577049 -0.321829
    25 8.874294 9.411907 2.866308 -1.090396 0.577049 -0.321829
    26 -4.125858 -2.321501 1.394414 2.051196 0.577049 -0.321829
    27 -4.826813 -3.348669 0.872014 2.051196 0.577049 -0.321829
    28 -5.441669 -4.249685 0.413772 2.051196 0.577049 -0.321829
    29 -0.552532 -1.343527 1.604446 -0.531397 0.349107 -0.535250
    30 0.552589 1.343534 -1.604463 -0.572352 0.200762 -0.519412
    31 0.000000 -2.021618 -0.000004 -0.140762 0.000000 0.000000
    32 -0.000021 2.021633 0.000027 -0.182286 0.000000 0.000000
    33 -0.000004 -1.136217 -0.000004 -0.537682 0.000000 0.000000
    34 -0.000011 1.136200 -0.000019 -0.591471 0.000000 0.000000
    35 -0.032677 -4.587727 1.352317 2.444718 1.216159 2.484986
    36 0.032719 4.587772 -1.352291 2.844703 1.216154 2.484990
    37 0.000000 -1.754536 -0.000002 0.193351 0.000000 0.000000
    38 -0.000006 1.754520 -0.000034 0.301016 0.000000 0.000000
    39 0.000000 -1.227020 -0.000002 0.955670 0.000000 0.000000
    40 0.000002 1.227070 0.000032 0.655020 0.000000 0.000000
    41 -0.367996 -4.208406 0.173244 2.475865 1.091695 2.536227
    42 0.368011 4.208412 -0.173239 2.894872 1.091696 2.536226
    43 0.000000 -2.372318 -0.000004 0.834666 0.000000 0.000000
    44 -0.000006 2.372318 -0.000032 0.737827 0.000000 0.000000
    45 0.000004 -1.580070 -0.000001 0.495055 0.000000 0.000000
    46 -0.000002 1.580170 0.000030 0.744518 0.000000 0.000000
    47 -0.937645 -3.860697 -0.959317 2.205251 0.797005 2.273736
    48 0.937672 3.860714 0.959333 2.990775 1.016697 2.713704
    49 0.000000 -1.690632 0.000000 0.848242 0.000000 0.000000
    50 -0.000013 1.690666 0.000021 0.568265 0.000000 0.000000
    51 -0.000002 -1.423443 0.000002 0.234212 0.000000 0.000000
    52 0.000008 1.423420 0.000028 0.761967 0.000000 0.000000
    53 -1.546646 -3.404194 -1.915569 2.750280 1.118484 2.534731
    54 1.546661 3.404217 1.915585 -3.076191 1.031499 2.824457
    55 0.000004 -1.437820 0.000000 0.424958 0.000000 0.000000
    56 -0.000021 1.437870 0.000031 -0.074280 0.000000 0.000000
    57 -0.000002 -1.059402 0.000000 0.322075 0.000000 0.000000
    58 0.000006 1.059372 0.000008 0.911714 0.000000 0.000000
    59 -0.000004 -13.013485 -0.000004 0.010936 -0.284121 -0.076428
    60 0.161133 -10.812500 0.023087 0.010936 -0.284121 -0.076428
  time 55
    0 0.000000 0.826660 0.000001 -1.559900 -0.000006 -0.000006
    1 -10.723376 4.021813 0.943485 -0.705534 -0.097222 0.322050
    2 0.000000 14.313023 0.000003 -1.044532 0.000000 0.000000
    3 -0.000011 13.013483 -0.000005 0.097842 0.590673 0.192287
    4 8.648438 7.792969 3.429688 2.222705 0.399521 -1.404265
    5 0.000000 -14.313034 0.000000 -1.556552 0.000000 0.000000
    6 -0.000004 -13.013485 -0.000004 0.538394 0.815277 0.754107
    7 -1.330879 -2.698427 0.462449 -0.194886 -0.547260 3.056712
    8 1.330910 2.698444 -0.462436 0.194890 0.547268 -0.084879
    9 7.226192 4.554650 -2.960350 -1.937239 -0.275294 -3.272498
    10 10.570313 2.281250 -6.343750 -2.460934 -0.275417 3.010575
    11 1.806641 7.582031 -7.234375 -1.550988 -0.382996 1.806934
    12 1.377930 7.878906 -12.054688 -1.277176 -0.488708 1.819244
    13 4.531250 3.458984 -3.607422 -1.647836 -0.580608 1.782439
    14 5.974704 2.920219 -4.391550 -1.937293 -0.275375 -3.272616
    15 7.558525 6.997282 -2.354134 -1.937336 -0.275393 3.010581
    16 7.558525 6.997282 -2.354134 1.937336 0.275393 -0.131011
    17 -2.867767 -2.740969 0.531125 2.051196 0.577049 -0.321829
    18 8.375000 1.621094 -7.539063 -1.937331 -0.275423 3.010558
    19 2.614002 2.381697 -5.879168 -1.937294 -0.275294 -3.272537
    20 5.595486 4.607124 0.422674 -1.090396 0.577049 -0.321829
    21 6.233833 5.542564 0.898426 -1.090396 0.577049 -0.321829
    22 6.946648 6.587124 1.429667 -1.090396 0.577049 -0.321829
    23 7.537933 7.453606 1.870349 -1.090396 0.577049 -0.321829
    24 8.154472 8.357077 2.329839 -1.090396 0.577049 -0.321829
    25 8.874294 9.411907 2.866308 -1.090396 0.577049 -0.321829
    26 -4.125858 -2.321501 1.394414 2.051196 0.577049 -0.321829
    27 -4.826813 -3.348669 0.872014 2.051196 0.577049 -0.321829
    28 -5.441669 -4.249685 0.413772 2.051196 0.577049 -0.321829
    29 -0.552532 -1.343527 1.604446 -0.531397 0.349107 -0.535250
    30 0.552589 1.343534 -1.604463 -0.572352 0.200762 -0.519412
    31 0.000000 -2.021618 -0.000004 -0.140762 0.000000 0.000000
    32 -0.000021 2.021633 0.000027 -0.182286 0.000000 0.000000
    33 -0.000004 -1.136217 -0.000004 -0.537682 0.000000 0.000000
    34 -0.000011 1.136200 -0.000019 -0.591471 0.000000 0.000000
    35 -0.032677 -4.587727 1.352317 2.444718 1.216159 2.484986
    36 0.032719 4.587772 -1.352291 2.844703 1.216154 2.484990
    37 0.000000 -1.754536 -0.000002 0.193351 0.000000 0.000000
    38 -0.000006 1.754520 -0.000034 0.301016 0.000000 0.000000
    39 0.000000 -1.227020 -0.000002 0.955670 0.000000 0.000000
    40 0.000002 1.227070 0.000032 0.655020 0.000000 0.000000
    41 -0.367996 -4.208406 0.173244 2.475865 1.091695 2.536227
    42 0.368011 4.208412 -0.173239 2.894872 1.091696 2.536226
    43 0.000000 -2.372318 -0.000004 0.834666 0.000000 0.000000
    44 -0.000006 2.372318 -0.000032 0.737827 0.000000 0.000000
    45 0.000004 -1.580070 -0.000001 0.495055 0.000000 0.000000
    46 -0.000002 1.580170 0.000030 0.744518 0.000000 0.000000
    47 -0.937645 -3.860697 -0.959317 2.205251 0.797005 2.273736
    48 0.937672 3.860714 0.959333 2.990775 1.016697 2.713704
    49 0.000000 -1.690632 0.000000 0.848242 0.000000 0.000000
    50 -0.000013 1.690666 0.000021 0.568265 0.000000 0.000000
    51 -0.000002 -1.423443 0.000002 0.234212 0.000000 0.000000
    52 0.000008 1.423420 0.000028 0.761967 0.000000 0.000000
    53 -1.546646 -3.404194 -1.915569 2.750280 1.118484 2.534731
    54 1.546661 3.404217 1.915585 -3.076191 1.031499 2.824457
    55 0.000004 -1.437820 0.000000 0.424958 0.000000 0.000000
    56 -0.000021 1.437870 0.000031 -0.074280 0.000000 0.000000
    57 -0.000002 -1.059402 0.000000 0.322075 0.000000 0.000000
    58 0.000006 1.059372 0.000008 0.911714 0.000000 0.000000
    59 -0.000004 -13.013485 -0.000004 0.010936 -0.284121 -0.076428
    60 0.161133 -10.812500 0.023087 0.010936 -0.284121 -0.076428
  time 56
    0 0.000000 0.826660 0.000001 -1.559900 -0.000006 -0.000006
    1 -10.723376 4.021813 0.943485 -0.710326 -0.089639 0.343131
    2 0.000000 14.313023 0.000003 -1.054429 0.000000 0.000000
    3 -0.000011 13.013483 -0.000005 0.143037 0.608455 0.148768
    4 8.648438 7.792969 3.429688 2.222705 0.399521 -1.404265
    5 0.000000 -14.313034 0.000000 -1.556552 0.000000 0.000000
    6 -0.000004 -13.013485 -0.000004 0.538394 0.815277 0.754107
    7 -1.330879 -2.698427 0.462449 -0.194886 -0.547260 3.056712
    8 1.330910 2.698444 -0.462436 0.194890 0.547268 -0.084879
    9 7.226192 4.554650 -2.960350 -1.937239 -0.275357 -3.272498
    10 10.570313 2.281250 -6.343750 -2.460934 -0.275417 3.010575
    11 1.806641 7.582031 -7.234375 -1.550988 -0.382996 1.806934
    12 1.377930 7.878906 -12.054688 -1.277176 -0.488708 1.819244
    13 4.531250 3.458984 -3.607422 -1.647836 -0.580608 1.782439
    14 5.974704 2.920219 -4.391550 -1.937293 -0.275375 -3.272616
    15 7.558525 6.997282 -2.354134 -1.937336 -0.275393 3.010581
    16 7.558525 6.997282 -2.354134 1.937336 0.275393 -0.131011
    17 -2.867767 -2.740969 0.531125 2.051196 0.577049 -0.321829
    18 8.375000 1.621094 -7.539063 -1.937331 -0.275423 3.010558
    19 2.614002 2.377790 -5.879168 -1.937294 -0.275294 -3.272537
    20 5.595486 4.607124 0.422674 -1.090396 0.577049 -0.321829
    21 6.233833 5.542564 0.898426 -1.090396 0.577049 -0.321829
    22 6.946648 6.587124 1.429667 -1.090396 0.577049 -0.321829
    23 7.537933 7.453606 1.870349 -1.090396 0.577049 -0.321829
    24 8.154472 8.357077 2.329839 -1.090396 0.577049 -0.321829
    25 8.874294 9.411907 2.866308 -1.090396 0.577049 -0.321829
    26 -4.125858 -2.321501 1.394414 2.051196 0.577049 -0.321829
    27 -4.826813 -3.348669 0.872014 2.051196 0.577049 -0.321829
    28 -5.441669 -4.249685 0.413772 2.051196 0.577049 -0.321829
    29 -0.552532 -1.343527 1.604446 -0.531397 0.349107 -0.535250
    30 0.552589 1.343534 -1.604463 -0.572352 0.200762 -0.519412
    31 0.000000 -2.021618 -0.000004 -0.140762 0.000000 0.000000
    32 -0.000021 2.021633 0.000027 -0.182286 0.000000 0.000000
    33 -0.000004 -1.136217 -0.000004 -0.537682 0.000000 0.000000
    34 -0.000011 1.136200 -0.000019 -0.591471 0.000000 0.000000
    35 -0.032677 -4.587727 1.352317 2.444718 1.216159 2.484986
    36 0.032719 4.587772 -1.352291 2.844703 1.216154 2.484990
    37 0.000000 -1.754536 -0.000002 0.193351 0.000000 0.000000
    38 -0.000006 1.754520 -0.000034 0.301016 0.000000 0.000000
    39 0.000000 -1.227020 -0.000002 0.955670 0.000000 0.000000
    40 0.000002 1.227070 0.000032 0.655020 0.000000 0.000000
    41 -0.367996 -4.208406 0.173244 2.475865 1.091695 2.536227
    42 0.368011 4.208412 -0.173239 2.894872 1.091696 2.536226
    43 0.000000 -2.372318 -0.000004 0.834666 0.000000 0.000000
    44 -0.000006 2.372318 -0.000032 0.737827 0.000000 0.000000
    45 0.000004 -1.580070 -0.000001 0.495055 0.000000 0.000000
    46 -0.000002 1.580170 0.000030 0.744518 0.000000 0.000000
    47 -0.937645 -3.860697 -0.959317 2.205251 0.797005 2.273736
    48 0.937672 3.860714 0.959333 2.990775 1.016697 2.713704
    49 0.000000 -1.690632 0.000000 0.848242 0.000000 0.000000
    50 -0.000013 1.690666 0.000021 0.568265 0.000000 0.000000
    51 -0.000002 -1.423443 0.000002 0.234212 0.000000 0.000000
    52 0.000008 1.423420 0.000028 0.761967 0.000000 0.000000
    53 -1.546646 -3.404194 -1.915569 2.750280 1.118484 2.534731
    54 1.546661 3.404217 1.915585 -3.076191 1.031499 2.824457
    55 0.000004 -1.437820 0.000000 0.424958 0.000000 0.000000
    56 -0.000021 1.437870 0.000031 -0.074280 0.000000 0.000000
    57 -0.000002 -1.059402 0.000000 0.322075 0.000000 0.000000
    58 0.000006 1.059372 0.000008 0.911714 0.000000 0.000000
    59 -0.000004 -13.013485 -0.000004 0.010936 -0.284121 -0.076428
    60 0.161133 -10.812500 0.023087 0.010936 -0.284121 -0.076428
  time 57
    0 0.000000 0.826660 0.000001 -1.559900 -0.000006 -0.000006
    1 -10.723376 4.021813 0.943485 -0.709773 -0.089878 0.389647
    2 0.000000 14.313023 0.000003 -1.086567 0.000000 0.000000
    3 -0.000011 13.013483 -0.000005 0.210208 0.648453 0.124613
    4 8.648438 7.792969 3.429688 2.222705 0.399521 -1.404265
    5 0.000000 -14.313034 0.000000 -1.556552 0.000000 0.000000
    6 -0.000004 -13.013485 -0.000004 0.538394 0.815277 0.754107
    7 -1.330879 -2.698427 0.462449 -0.194886 -0.547260 3.056712
    8 1.330910 2.698444 -0.462436 0.194890 0.547268 -0.084879
    9 7.226192 4.554650 -2.960350 -1.937239 -0.275294 -3.272498
    10 10.570313 2.281250 -6.343750 -2.460934 -0.275417 3.010575
    11 1.806641 7.582031 -7.234375 -1.550988 -0.382996 1.806934
    12 1.377930 7.878906 -12.054688 -1.277176 -0.488708 1.819244
    13 4.531250 3.458984 -3.607422 -1.647836 -0.580608 1.782439
    14 5.974704 2.920219 -4.391550 -1.937293 -0.275375 -3.272616
    15 7.558525 6.997282 -2.354134 -1.937336 -0.275393 3.010581
    16 7.558525 6.997282 -2.354134 1.937336 0.275393 -0.131011
    17 -2.867767 -2.740969 0.531125 2.051196 0.577049 -0.321829
    18 8.375000 1.621094 -7.539063 -1.937331 -0.275423 3.010558
    19 2.614002 2.377790 -5.883075 -1.937294 -0.275294 -3.272537
    20 5.595486 4.607124 0.422674 -1.090396 0.577049 -0.321829
    21 6.233833 5.542564 0.898426 -1.090396 0.577049 -0.321829
    22 6.946648 6.587124 1.429667 -1.090396 0.577049 -0.321829
    23 7.537933 7.453606 1.870349 -1.090396 0.577049 -0.321829
    24 8.154472 8.357077 2.329839 -1.090396 0.577049 -0.321829
    25 8.874294 9.411907 2.866308 -1.090396 0.577049 -0.321829
    26 -4.125858 -2.321501 1.394414 2.051196 0.577049 -0.321829
    27 -4.826813 -3.348669 0.872014 2.051196 0.577049 -0.321829
    28 -5.441669 -4.249685 0.413772 2.051196 0.577049 -0.321829
    29 -0.552532 -1.343527 1.604446 -0.531397 0.349107 -0.535250
    30 0.552589 1.343534 -1.604463 -0.572352 0.200762 -0.519412
    31 0.000000 -2.021618 -0.000004 -0.140762 0.000000 0.000000
    32 -0.000021 2.021633 0.000027 -0.182286 0.000000 0.000000
    33 -0.000004 -1.136217 -0.000004 -0.537682 0.000000 0.000000
    34 -0.000011 1.136200 -0.000019 -0.591471 0.000000 0.000000
    35 -0.032677 -4.587727 1.352317 2.444718 1.216159 2.484986
    36 0.032719 4.587772 -1.352291 2.844703 1.216154 2.484990
    37 0.000000 -1.754536 -0.000002 0.193351 0.000000 0.000000
    38 -0.000006 1.754520 -0.000034 0.301016 0.000000 0.000000
    39 0.000000 -1.227020 -0.000002 0.955670 0.000000 0.000000
    40 0.000002 1.227070 0.000032 0.655020 0.000000 0.000000
    41 -0.367996 -4.208406 0.173244 2.475865 1.091695 2.536227
    42 0.368011 4.208412 -0.173239 2.894872 1.091696 2.536226
    43 0.000000 -2.372318 -0.000004 0.834666 0.000000 0.000000
    44 -0.000006 2.372318 -0.000032 0.737827 0.000000 0.000000
    45 0.000004 -1.580070 -0.000001 0.495055 0.000000 0.000000
    46 -0.000002 1.580170 0.000030 0.744518 0.000000 0.000000
    47 -0.937645 -3.860697 -0.959317 2.205251 0.797005 2.273736
    48 0.937672 3.860714 0.959333 2.990775 1.016697 2.713704
    49 0.000000 -1.690632 0.000000 0.848242 0.000000 0.000000
    50 -0.000013 1.690666 0.000021 0.568265 0.000000 0.000000
    51 -0.000002 -1.423443 0.000002 0.234212 0.000000 0.000000
    52 0.000008 1.423420 0.000028 0.761967 0.000000 0.000000
    53 -1.546646 -3.404194 -1.915569 2.750280 1.118484 2.534731
    54 1.546661 3.404217 1.915585 -3.076191 1.031499 2.824457
    55 0.000004 -1.437820 0.000000 0.424958 0.000000 0.000000
    56 -0.000021 1.437870 0.000031 -0.074280 0.000000 0.000000
    57 -0.000002 -1.059402 0.000000 0.322075 0.000000 0.000000
    58 0.000006 1.059372 0.000008 0.911714 0.000000 0.000000
    59 -0.000004 -13.013485 -0.000004 0.010936 -0.284121 -0.076428
    60 0.161133 -10.812500 0.023087 0.010936 -0.284121 -0.076428
  time 58
    0 0.000000 0.826660 0.000001 -1.559900 -0.000006 -0.000006
    1 -10.723376 4.021813 0.943485 -0.707377 -0.098319 0.468167
    2 0.000000 14.313023 0.000003 -1.134957 0.000000 0.000000
    3 -0.000011 13.013483 -0.000005 0.294578 0.717128 0.123942
    4 8.648438 7.792969 3.429688 2.222705 0.399521 -1.404265
    5 0.000000 -14.313034 0.000000 -1.556552 0.000000 0.000000
    6 -0.000004 -13.013485 -0.000004 0.538394 0.815277 0.754107
    7 -1.330879 -2.698427 0.462449 -0.194886 -0.547260 3.056712
    8 1.330910 2.698444 -0.462436 0.194890 0.547268 -0.084879
    9 7.226192 4.554650 -2.960350 -1.937239 -0.275294 -3.272498
    10 10.570313 2.281250 -6.343750 -2.460934 -0.275417 3.010575
    11 1.806641 7.582031 -7.234375 -1.550988 -0.382996 1.806934
    12 1.377930 7.878906 -12.054688 -1.277176 -0.488708 1.819244
    13 4.531250 3.458984 -3.607422 -1.647836 -0.580608 1.782439
    14 5.974704 2.920219 -4.391550 -1.937293 -0.275375 -3.272616
    15 7.558525 6.997282 -2.354134 -1.937336 -0.275393 3.010581
    16 7.558525 6.997282 -2.354134 1.937336 0.275393 -0.131011
    17 -2.867767 -2.740969 0.531125 2.051196 0.577049 -0.321829
    18 8.375000 1.621094 -7.539063 -1.937331 -0.275423 3.010558
    19 2.614002 2.377790 -5.879168 -1.937294 -0.275294 -3.272537
    20 5.595486 4.607124 0.422674 -1.090396 0.577049 -0.321829
    21 6.233833 5.542564 0.898426 -1.090396 0.577049 -0.321829
    22 6.946648 6.587124 1.429667 -1.090396 0.577049 -0.321829
    23 7.537933 7.453606 1.870349 -1.090396 0.577049 -0.321829
    24 8.154472 8.357077 2.329839 -1.090396 0.577049 -0.321829
    25 8.874294 9.411907 2.866308 -1.090396 0.577049 -0.321829
    26 -4.125858 -2.321501 1.394414 2.051196 0.577049 -0.321829
    27 -4.826813 -3.348669 0.872014 2.051196 0.577049 -0.321829
    28 -5.441669 -4.249685 0.413772 2.051196 0.577049 -0.321829
    29 -0.552532 -1.343527 1.604446 -0.531397 0.349107 -0.535250
    30 0.552589 1.343534 -1.604463 -0.572352 0.200762 -0.519412
    31 0.000000 -2.021618 -0.000004 -0.140762 0.000000 0.000000
    32 -0.000021 2.021633 0.000027 -0.182286 0.000000 0.000000
    33 -0.000004 -1.136217 -0.000004 -0.537682 0.000000 0.000000
    34 -0.000011 1.136200 -0.000019 -0.591471 0.000000 0.000000
    35 -0.032677 -4.587727 1.352317 2.444718 1.216159 2.484986
    36 0.032719 4.587772 -1.352291 2.844703 1.216154 2.484990
    37 0.000000 -1.754536 -0.000002 0.193351 0.000000 0.000000
    38 -0.000006 1.754520 -0.000034 0.301016 0.000000 0.000000
    39 0.000000 -1.227020 -0.000002 0.955670 0.000000 0.000000
    40 0.000002 1.227070 0.000032 0.655020 0.000000 0.000000
    41 -0.367996 -4.208406 0.173244 2.475865 1.091695 2.536227
    42 0.368011 4.208412 -0.173239 2.894872 1.091696 2.536226
    43 0.000000 -2.372318 -0.000004 0.834666 0.000000 0.000000
    44 -0.000006 2.372318 -0.000032 0.737827 0.000000 0.000000
    45 0.000004 -1.580070 -0.000001 0.495055 0.000000 0.000000
    46 -0.000002 1.580170 0.000030 0.744518 0.000000 0.000000
    47 -0.937645 -3.860697 -0.959317 2.205251 0.797005 2.273736
    48 0.937672 3.860714 0.959333 2.990775 1.016697 2.713704
    49 0.000000 -1.690632 0.000000 0.848242 0.000000 0.000000
    50 -0.000013 1.690666 0.000021 0.568265 0.000000 0.000000
    51 -0.000002 -1.423443 0.000002 0.234212 0.000000 0.000000
    52 0.000008 1.423420 0.000028 0.761967 0.000000 0.000000
    53 -1.546646 -3.404194 -1.915569 2.750280 1.118484 2.534731
    54 1.546661 3.404217 1.915585 -3.076191 1.031499 2.824457
    55 0.000004 -1.437820 0.000000 0.424958 0.000000 0.000000
    56 -0.000021 1.437870 0.000031 -0.074280 0.000000 0.000000
    57 -0.000002 -1.059402 0.000000 0.322075 0.000000 0.000000
    58 0.000006 1.059372 0.000008 0.911714 0.000000 0.000000
    59 -0.000004 -13.013485 -0.000004 0.010936 -0.284121 -0.076428
    60 0.161133 -10.812500 0.023087 0.010936 -0.284121 -0.076428
  time 59
    0 0.000000 0.826660 0.000001 -1.559900 -0.000006 -0.000006
    1 -10.723376 4.021813 0.943485 -0.708206 -0.116250 0.591599
    2 0.000000 14.313023 0.000003 -1.193428 0.000000 0.000000
    3 -0.000011 13.013483 -0.000005 0.395669 0.824433 0.159888
    4 8.648438 7.792969 3.429688 2.222705 0.399521 -1.404265
    5 0.000000 -14.313034 0.000000 -1.556552 0.000000 0.000000
    6 -0.000004 -13.013485 -0.000004 0.538394 0.815277 0.754107
    7 -1.330879 -2.698427 0.462449 -0.194886 -0.547260 3.056712
    8 1.330910 2.698444 -0.462436 0.194890 0.547268 -0.084879
    9 7.226192 4.554650 -2.960350 -1.937239 -0.275294 -3.272404
    10 10.570313 2.281250 -6.343750 -2.460934 -0.275417 3.010575
    11 1.806641 7.582031 -7.234375 -1.550988 -0.382996 1.806934
    12 1.377930 7.878906 -12.054688 -1.277176 -0.488708 1.819244
    13 4.531250 3.458984 -3.607422 -1.647836 -0.580608 1.782439
    14 5.974704 2.920219 -4.391550 -1.937293 -0.275375 -3.272616
    15 7.558525 6.997282 -2.354134 -1.937336 -0.275393 3.010581
    16 7.558525 6.997282 -2.354134 1.937336 0.275393 -0.131011
    17 -2.867767 -2.740969 0.531125 2.051196 0.577049 -0.321829
    18 8.375000 1.621094 -7.539063 -1.937331 -0.275423 3.010558
    19 2.614002 2.381697 -5.879168 -1.937294 -0.275294 -3.272537
    20 5.595486 4.607124 0.422674 -1.090396 0.577049 -0.321829
    21 6.233833 5.542564 0.898426 -1.090396 0.577049 -0.321829
    22 6.946648 6.587124 1.429667 -1.090396 0.577049 -0.321829
    23 7.537933 7.453606 1.870349 -1.090396 0.577049 -0.321829
    24 8.154472 8.357077 2.329839 -1.090396 0.577049 -0.321829
    25 8.874294 9.411907 2.866308 -1.090396 0.577049 -0.321829
    26 -4.125858 -2.321501 1.394414 2.051196 0.577049 -0.321829
    27 -4.826813 -3.348669 0.872014 2.051196 0.577049 -0.321829
    28 -5.441669 -4.249685 0.413772 2.051196 0.577049 -0.321829
    29 -0.552532 -1.343527 1.604446 -0.531397 0.349107 -0.535250
    30 0.552589 1.343534 -1.604463 -0.572352 0.200762 -0.519412
    31 0.000000 -2.021618 -0.000004 -0.140762 0.000000 0.000000
    32 -0.000021 2.021633 0.000027 -0.182286 0.000000 0.000000
    33 -0.000004 -1.136217 -0.000004 -0.537682 0.000000 0.000000
    34 -0.000011 1.136200 -0.000019 -0.591471 0.000000 0.000000
    35 -0.032677 -4.587727 1.352317 2.444718 1.216159 2.484986
    36 0.032719 4.587772 -1.352291 2.844703 1.216154 2.484990
    37 0.000000 -1.754536 -0.000002 0.193351 0.000000 0.000000
    38 -0.000006 1.754520 -0.000034 0.301016 0.000000 0.000000
    39 0.000000 -1.227020 -0.000002 0.955670 0.000000 0.000000
    40 0.000002 1.227070 0.000032 0.655020 0.000000 0.000000
    41 -0.367996 -4.208406 0.173244 2.475865 1.091695 2.536227
    42 0.368011 4.208412 -0.173239 2.894872 1.091696 2.536226
    43 0.000000 -2.372318 -0.000004 0.834666 0.000000 0.000000
    44 -0.000006 2.372318 -0.000032 0.737827 0.000000 0.000000
    45 0.000004 -1.580070 -0.000001 0.495055 0.000000 0.000000
    46 -0.000002 1.580170 0.000030 0.744518 0.000000 0.000000
    47 -0.937645 -3.860697 -0.959317 2.205251 0.797005 2.273736
    48 0.937672 3.860714 0.959333 2.990775 1.016697 2.713704
    49 0.000000 -1.690632 0.000000 0.848242 0.000000 0.000000
    50 -0.000013 1.690666 0.000021 0.568265 0.000000 0.000000
    51 -0.000002 -1.423443 0.000002 0.234212 0.000000 0.000000
    52 0.000008 1.423420 0.000028 0.761967 0.000000 0.000000
    53 -1.546646 -3.404194 -1.915569 2.750280 1.118484 2.534731
    54 1.546661 3.404217 1.915585 -3.076191 1.031499 2.824457
    55 0.000004 -1.437820 0.000000 0.424958 0.000000 0.000000
    56 -0.000021 1.437870 0.000031 -0.074280 0.000000 0.000000
    57 -0.000002 -1.059402 0.000000 0.322075 0.000000 0.000000
    58 0.000006 1.059372 0.000008 0.911714 0.000000 0.000000
    59 -0.000004 -13.013485 -0.000004 0.010936 -0.284121 -0.076428
    60 0.161133 -10.812500 0.023087 0.010936 -0.284121 -0.076428
  time 60
    0 0.000000 0.826660 0.000001 -1.559900 -0.000006 -0.000006
    1 -10.723376 4.021813 0.943485 -0.717145 -0.141620 0.770102
    2 0.000000 14.313023 0.000003 -1.256359 0.000000 0.000000
    3 -0.000011 13.013483 -0.000005 0.523896 0.974000 0.255743
    4 8.648438 7.792969 3.429688 2.222705 0.399521 -1.404265
    5 0.000000 -14.313034 0.000000 -1.556552 0.000000 0.000000
    6 -0.000004 -13.013485 -0.000004 0.538394 0.815277 0.754107
    7 -1.330879 -2.698427 0.462449 -0.194886 -0.547260 3.056712
    8 1.330910 2.698444 -0.462436 0.194890 0.547268 -0.084879
    9 7.226192 4.505573 -2.960350 -1.937239 -0.275294 -3.272498
    10 10.562500 2.281250 -6.339844 -2.460934 -0.275417 3.010575
    11 1.807617 7.578125 -7.230469 -1.550988 -0.382996 1.806934
    12 1.376953 7.875000 -12.054688 -1.277176 -0.488708 1.819244
    13 4.527344 3.457031 -3.605469 -1.647836 -0.580608 1.782439
    14 5.974704 2.920219 -4.391550 -1.937293 -0.275375 -3.272526
    15 7.558525 6.997282 -2.354134 -1.937336 -0.275393 3.010581
    16 7.558525 6.997282 -2.354134 1.937336 0.275393 -0.131011
    17 -2.867767 -2.740969 0.531125 2.051196 0.577049 -0.321829
    18 8.367188 1.621094 -7.535156 -1.937333 -0.275414 3.010565
    19 2.614002 2.377790 -5.879168 -1.937294 -0.275355 -3.272537
    20 5.595486 4.607124 0.422674 -1.090396 0.577049 -0.321829
    21 6.233833 5.542564 0.898426 -1.090396 0.577049 -0.321829
    22 6.946648 6.587124 1.429667 -1.090396 0.577049 -0.321829
    23 7.537933 7.453606 1.870349 -1.090396 0.577049 -0.321829
    24 8.154472 8.357077 2.329839 -1.090396 0.577049 -0.321829
    25 8.874294 9.411907 2.866308 -1.090396 0.577049 -0.321829
    26 -4.125858 -2.321501 1.394414 2.051196 0.577049 -0.321829
    27 -4.826813 -3.348669 0.872014 2.051196 0.577049 -0.321829
    28 -5.441669 -4.249685 0.413772 2.051196 0.577049 -0.321829
    29 -0.552532 -1.343527 1.604446 -0.531397 0.349107 -0.535250
    30 0.552589 1.343534 -1.604463 -0.572352 0.200762 -0.519412
    31 0.000000 -2.021618 -0.000004 -0.140762 0.000000 0.000000
    32 -0.000021 2.021633 0.000027 -0.182286 0.000000 0.000000
    33 -0.000004 -1.136217 -0.000004 -0.537682 0.000000 0.000000
    34 -0.000011 1.136200 -0.000019 -0.591471 0.000000 0.000000
    35 -0.032677 -4.587727 1.352317 2.444718 1.216159 2.484986
    36 0.032719 4.587772 -1.352291 2.844703 1.216154 2.484990
    37 0.000000 -1.754536 -0.000002 0.193351 0.000000 0.000000
    38 -0.000006 1.754520 -0.000034 0.301016 0.000000 0.000000
    39 0.000000 -1.227020 -0.000002 0.955670 0.000000 0.000000
    40 0.000002 1.227070 0.000032 0.655020 0.000000 0.000000
    41 -0.367996 -4.208406 0.173244 2.475865 1.091695 2.536227
    42 0.368011 4.208412 -0.173239 2.894879 1.091697 2.536230
    43 0.000000 -2.372318 -0.000004 0.834666 0.000000 0.000000
    44 -0.000006 2.372318 -0.000032 0.737827 0.000000 0.000000
    45 0.000004 -1.580070 -0.000001 0.495055 0.000000 0.000000
    46 -0.000002 1.580170 0.000030 0.744518 0.000000 0.000000
    47 -0.937645 -3.860697 -0.959317 2.205251 0.797005 2.273736
    48 0.937672 3.860714 0.959333 2.990775 1.016697 2.713704
    49 0.000000 -1.690632 0.000000 0.848242 0.000000 0.000000
    50 -0.000013 1.690666 0.000021 0.568265 0.000000 0.000000
    51 -0.000002 -1.423443 0.000002 0.234212 0.000000 0.000000
    52 0.000008 1.423420 0.000028 0.761965 0.000000 0.000000
    53 -1.546646 -3.404194 -1.915569 2.750280 1.118484 2.534731
    54 1.546661 3.404217 1.915585 -3.076191 1.031499 2.824457
    55 0.000004 -1.437820 0.000000 0.424958 0.000000 0.000000
    56 -0.000021 1.437870 0.000031 -0.074280 0.000000 0.000000
    57 -0.000002 -1.059402 0.000000 0.322075 0.000000 0.000000
    58 0.000006 1.059372 0.000008 0.911714 0.000000 0.000000
    59 -0.000004 -13.013485 -0.000004 0.010936 -0.284121 -0.076428
    60 0.161133 -10.812500 0.023087 0.010936 -0.284121 -0.076428
  time 61
    0 0.000000 0.826660 0.000001 -1.559900 -0.000006 -0.000006
    1 -10.723376 4.021813 0.943485 -0.732902 -0.161888 0.980150
    2 0.000000 14.313023 0.000003 -1.320389 0.000000 0.000000
    3 -0.000011 13.013483 -0.000005 0.709548 1.139651 0.432597
    4 8.648438 7.792969 3.429688 2.222705 0.399521 -1.404265
    5 0.000000 -14.313034 0.000000 -1.556552 0.000000 0.000000
    6 -0.000004 -13.013485 -0.000004 0.538394 0.815277 0.754107
    7 -1.330879 -2.698427 0.462449 -0.194886 -0.547260 3.056712
    8 1.330910 2.698444 -0.462436 0.194890 0.547268 -0.084879
    9 7.226192 4.554650 -2.960350 -1.937239 -0.275294 -3.272498
    10 10.562500 2.281250 -6.339844 -2.460934 -0.275417 3.010575
    11 1.807617 7.578125 -7.230469 -1.550988 -0.382996 1.806934
    12 1.376953 7.875000 -12.054688 -1.277176 -0.488708 1.819244
    13 4.527344 3.457031 -3.605469 -1.647836 -0.580608 1.782439
    14 5.974704 2.920219 -4.391550 -1.937293 -0.275375 -3.272526
    15 7.558525 6.997282 -2.354134 -1.937336 -0.275393 3.010581
    16 7.558525 6.997282 -2.354134 1.937336 0.275393 -0.131011
    17 -2.867767 -2.740969 0.531125 2.051196 0.577049 -0.321829
    18 8.367188 1.621094 -7.535156 -1.937333 -0.275414 3.010565
    19 2.614002 2.377790 -5.879168 -1.937294 -0.275355 -3.272537
    20 5.595486 4.607124 0.422674 -1.090396 0.577049 -0.321829
    21 6.233833 5.542564 0.898426 -1.090396 0.577049 -0.321829
    22 6.946648 6.587124 1.429667 -1.090396 0.577049 -0.321829
    23 7.537933 7.453606 1.870349 -1.090396 0.577049 -0.321829
    24 8.154472 8.357077 2.329839 -1.090396 0.577049 -0.321829
    25 8.874294 9.411907 2.866308 -1.090396 0.577049 -0.321829
    26 -4.125858 -2.321501 1.394414 2.051196 0.577049 -0.321829
    27 -4.826813 -3.348669 0.872014 2.051196 0.577049 -0.321829
    28 -5.441669 -4.249685 0.413772 2.051196 0.577049 -0.321829
    29 -0.552532 -1.343527 1.604446 -0.531397 0.349107 -0.535250
    30 0.552589 1.343534 -1.604463 -0.572352 0.200762 -0.519412
    31 0.000000 -2.021618 -0.000004 -0.140762 0.000000 0.000000
    32 -0.000021 2.021633 0.000027 -0.182286 0.000000 0.000000
    33 -0.000004 -1.136217 -0.000004 -0.537682 0.000000 0.000000
    34 -0.000011 1.136200 -0.000019 -0.591471 0.000000 0.000000
    35 -0.032677 -4.587727 1.352317 2.444718 1.216159 2.484986
    36 0.032719 4.587772 -1.352291 2.844703 1.216154 2.484990
    37 0.000000 -1.754536 -0.000002 0.193351 0.000000 0.000000
    38 -0.000006 1.754520 -0.000034 0.301016 0.000000 0.000000
    39 0.000000 -1.227020 -0.000002 0.955670 0.000000 0.000000
    40 0.000002 1.227070 0.000032 0.655020 0.000000 0.000000
    41 -0.367996 -4.208406 0.173244 2.475865 1.091695 2.536227
    42 0.368011 4.208412 -0.173239 2.894879 1.091697 2.536230
    43 0.000000 -2.372318 -0.000004 0.834666 0.000000 0.000000
    44 -0.000006 2.372318 -0.000032 0.737827 0.000000 0.000000
    45 0.000004 -1.580070 -0.000001 0.495055 0.000000 0.000000
    46 -0.000002 1.580170 0.000030 0.744518 0.000000 0.000000
    47 -0.937645 -3.860697 -0.959317 2.205251 0.797005 2.273736
    48 0.937672 3.860714 0.959333 2.990775 1.016697 2.713704
    49 0.000000 -1.690632 0.000000 0.848242 0.000000 0.000000
    50 -0.000013 1.690666 0.000021 0.568265 0.000000 0.000000
    51 -0.000002 -1.423443 0.000002 0.234212 0.000000 0.000000
    52 0.000008 1.423420 0.000028 0.761965 0.000000 0.000000
    53 -1.546646 -3.404194 -1.915569 2.750280 1.118484 2.534731
    54 1.546661 3.404217 1.915585 -3.076191 1.031499 2.824457
    55 0.000004 -1.437820 0.000000 0.424958 0.000000 0.000000
    56 -0.000021 1.437870 0.000031 -0.074280 0.000000 0.000000
    57 -0.000002 -1.059402 0.000000 0.322075 0.000000 0.000000
    58 0.000006 1.059372 0.000008 0.911714 0.000000 0.000000
    59 -0.000004 -13.013485 -0.000004 0.010936 -0.284121 -0.076428
    60 0.161133 -10.812500 0.023087 0.010936 -0.284121 -0.076428
  time 62
    0 0.000000 0.826660 0.000001 -1.559900 -0.000006 -0.000006
    1 -10.723376 4.021813 0.943485 -0.746724 -0.164892 1.174006
    2 0.000000 14.313023 0.000003 -1.382526 0.000000 0.000000
    3 -0.000011 13.013483 -0.000005 0.995432 1.278558 0.709429
    4 8.648438 7.792969 3.429688 2.222705 0.399521 -1.404265
    5 0.000000 -14.313034 0.000000 -1.556552 0.000000 0.000000
    6 -0.000004 -13.013485 -0.000004 0.538394 0.815277 0.754107
    7 -1.330879 -2.698427 0.462449 -0.194886 -0.547260 3.056712
    8 1.330910 2.698444 -0.462436 0.194890 0.547268 -0.084879
    9 7.226192 4.554650 -2.960350 -1.937239 -0.275294 -3.272404
    10 10.562500 2.281250 -6.339844 -2.460934 -0.275417 3.010575
    11 1.807617 7.578125 -7.230469 -1.550988 -0.382996 1.806934
    12 1.376953 7.875000 -12.054688 -1.277176 -0.488708 1.819244
    13 4.527344 3.457031 -3.605469 -1.647836 -0.580608 1.782439
    14 5.974704 2.920219 -4.391550 -1.937293 -0.275375 -3.272526
    15 7.558525 6.997282 -2.354134 -1.937336 -0.275393 3.010581
    16 7.558525 6.997282 -2.354134 1.937336 0.275393 -0.131011
    17 -2.867767 -2.740969 0.531125 2.051196 0.577049 -0.321829
    18 8.367188 1.621094 -7.535156 -1.937333 -0.275414 3.010565
    19 2.614002 2.377790 -5.879168 -1.937294 -0.275355 -3.272537
    20 5.595486 4.607124 0.422674 -1.090396 0.577049 -0.321829
    21 6.233833 5.542564 0.898426 -1.090396 0.577049 -0.321829
    22 6.946648 6.587124 1.429667 -1.090396 0.577049 -0.321829
    23 7.537933 7.453606 1.870349 -1.090396 0.577049 -0.321829
    24 8.154472 8.357077 2.329839 -1.090396 0.577049 -0.321829
    25 8.874294 9.411907 2.866308 -1.090396 0.577049 -0.321829
    26 -4.125858 -2.321501 1.394414 2.051196 0.577049 -0.321829
    27 -4.826813 -3.348669 0.872014 2.051196 0.577049 -0.321829
    28 -5.441669 -4.249685 0.413772 2.051196 0.577049 -0.321829
    29 -0.552532 -1.343527 1.604446 -0.531397 0.349107 -0.535250
    30 0.552589 1.343534 -1.604463 -0.572352 0.200762 -0.519412
    31 0.000000 -2.021618 -0.000004 -0.140762 0.000000 0.000000
    32 -0.000021 2.021633 0.000027 -0.182286 0.000000 0.000000
    33 -0.000004 -1.136217 -0.000004 -0.537682 0.000000 0.000000
    34 -0.000011 1.136200 -0.000019 -0.591471 0.000000 0.000000
    35 -0.032677 -4.587727 1.352317 2.444718 1.216159 2.484986
    36 0.032719 4.587772 -1.352291 2.844703 1.216154 2.484990
    37 0.000000 -1.754536 -0.000002 0.193351 0.000000 0.000000
    38 -0.000006 1.754520 -0.000034 0.301016 0.000000 0.000000
    39 0.000000 -1.227020 -0.000002 0.955670 0.000000 0.000000
    40 0.000002 1.227070 0.000032 0.655020 0.000000 0.000000
    41 -0.367996 -4.208406 0.173244 2.475865 1.091695 2.536227
    42 0.368011 4.208412 -0.173239 2.894879 1.091697 2.536230
    43 0.000000 -2.372318 -0.000004 0.834666 0.000000 0.000000
    44 -0.000006 2.372318 -0.000032 0.737827 0.000000 0.000000
    45 0.000004 -1.580070 -0.000001 0.495055 0.000000 0.000000
    46 -0.000002 1.580170 0.000030 0.744518 0.000000 0.000000
    47 -0.937645 -3.860697 -0.959317 2.205251 0.797005 2.273736
    48 0.937672 3.860714 0.959333 2.990775 1.016697 2.713704
    49 0.000000 -1.690632 0.000000 0.848242 0.000000 0.000000
    50 -0.000013 1.690666 0.000021 0.568265 0.000000 0.000000
    51 -0.000002 -1.423443 0.000002 0.234212 0.000000 0.000000
    52 0.000008 1.423420 0.000028 0.761965 0.000000 0.000000
    53 -1.546646 -3.404194 -1.915569 2.750280 1.118484 2.534731
    54 1.546661 3.404217 1.915585 -3.076191 1.031499 2.824457
    55 0.000004 -1.437820 0.000000 0.424958 0.000000 0.000000
    56 -0.000021 1.437870 0.000031 -0.074280 0.000000 0.000000
    57 -0.000002 -1.059402 0.000000 0.322075 0.000000 0.000000
    58 0.000006 1.059372 0.000008 0.911714 0.000000 0.000000
    59 -0.000004 -13.013485 -0.000004 0.010936 -0.284121 -0.076428
    60 0.161133 -10.812500 0.023087 0.010936 -0.284121 -0.076428
  time 63
    0 0.000000 0.826660 0.000001 -1.559900 -0.000006 -0.000006
    1 -10.723376 4.021813 0.943485 -0.754372 -0.152779 1.340364
    2 0.000000 14.313023 0.000003 -1.440325 0.000000 0.000000
    3 -0.000011 13.013483 -0.000005 1.467731 1.373080 1.167908
    4 8.648438 7.792969 3.429688 2.222705 0.399521 -1.404265
    5 0.000000 -14.313034 0.000000 -1.556552 0.000000 0.000000
    6 -0.000004 -13.013485 -0.000004 0.538394 0.815277 0.754107
    7 -1.330879 -2.698427 0.462449 -0.194886 -0.547260 3.056712
    8 1.330910 2.698444 -0.462436 0.194890 0.547268 -0.084879
    9 7.226192 4.554650 -2.960350 -1.937239 -0.275294 -3.272498
    10 10.562500 2.281250 -6.339844 -2.460934 -0.275417 3.010575
    11 1.807617 7.578125 -7.230469 -1.550988 -0.382996 1.806934
    12 1.376953 7.875000 -12.054688 -1.277176 -0.488708 1.819244
    13 4.527344 3.457031 -3.605469 -1.647836 -0.580608 1.782439
    14 5.974704 2.920219 -4.391550 -1.937293 -0.275375 -3.272526
    15 7.558525 6.997282 -2.354134 -1.937336 -0.275393 3.010581
    16 7.558525 6.997282 -2.354134 1.937336 0.275393 -0.131011
    17 -2.867767 -2.740969 0.531125 2.051196 0.577049 -0.321829
    18 8.367188 1.621094 -7.535156 -1.937333 -0.275414 3.010565
    19 2.614002 2.377790 -5.879168 -1.937294 -0.275355 -3.272537
    20 5.595486 4.607124 0.422674 -1.090396 0.577049 -0.321829
    21 6.233833 5.542564 0.898426 -1.090396 0.577049 -0.321829
    22 6.946648 6.587124 1.429667 -1.090396 0.577049 -0.321829
    23 7.537933 7.453606 1.870349 -1.090396 0.577049 -0.321829
    24 8.154472 8.357077 2.329839 -1.090396 0.577049 -0.321829
    25 8.874294 9.411907 2.866308 -1.090396 0.577049 -0.321829
    26 -4.125858 -2.321501 1.394414 2.051196 0.577049 -0.321829
    27 -4.826813 -3.348669 0.872014 2.051196 0.577049 -0.321829
    28 -5.441669 -4.249685 0.413772 2.051196 0.577049 -0.321829
    29 -0.552532 -1.343527 1.604446 -0.531397 0.349107 -0.535250
    30 0.552589 1.343534 -1.604463 -0.572352 0.200762 -0.519412
    31 0.000000 -2.021618 -0.000004 -0.140762 0.000000 0.000000
    32 -0.000021 2.021633 0.000027 -0.182286 0.000000 0.000000
    33 -0.000004 -1.136217 -0.000004 -0.537682 0.000000 0.000000
    34 -0.000011 1.136200 -0.000019 -0.591471 0.000000 0.000000
    35 -0.032677 -4.587727 1.352317 2.444718 1.216159 2.484986
    36 0.032719 4.587772 -1.352291 2.844703 1.216154 2.484990
    37 0.000000 -1.754536 -0.000002 0.193351 0.000000 0.000000
    38 -0.000006 1.754520 -0.000034 0.301016 0.000000 0.000000
    39 0.000000 -1.227020 -0.000002 0.955670 0.000000 0.000000
    40 0.000002 1.227070 0.000032 0.655020 0.000000 0.000000
    41 -0.367996 -4.208406 0.173244 2.475865 1.091695 2.536227
    42 0.368011 4.208412 -0.173239 2.894879 1.091697 2.536230
    43 0.000000 -2.372318 -0.000004 0.834666 0.000000 0.000000
    44 -0.000006 2.372318 -0.000032 0.737827 0.000000 0.000000
    45 0.000004 -1.580070 -0.000001 0.495055 0.000000 0.000000
    46 -0.000002 1.580170 0.000030 0.744518 0.000000 0.000000
    47 -0.937645 -3.860697 -0.959317 2.205251 0.797005 2.273736
    48 0.937672 3.860714 0.959333 2.990775 1.016697 2.713704
    49 0.000000 -1.690632 0.000000 0.848242 0.000000 0.000000
    50 -0.000013 1.690666 0.000021 0.568265 0.000000 0.000000
    51 -0.000002 -1.423443 0.000002 0.234212 0.000000 0.000000
    52 0.000008 1.423420 0.000028 0.761965 0.000000 0.000000
    53 -1.546646 -3.404194 -1.915569 2.750280 1.118484 2.534731
    54 1.546661 3.404217 1.915585 -3.076191 1.031499 2.824457
    55 0.000004 -1.437820 0.000000 0.424958 0.000000 0.000000
    56 -0.000021 1.437870 0.000031 -0.074280 0.000000 0.000000
    57 -0.000002 -1.059402 0.000000 0.322075 0.000000 0.000000
    58 0.000006 1.059372 0.000008 0.911714 0.000000 0.000000
    59 -0.000004 -13.013485 -0.000004 0.010936 -0.284121 -0.076428
    60 0.161133 -10.812500 0.023087 0.010936 -0.284121 -0.076428
  time 64
    0 0.000000 0.826660 0.000001 -1.559900 -0.000006 -0.000006
    1 -10.723376 4.021813 0.943485 -0.752621 -0.127743 1.462115
    2 0.000000 14.313023 0.000003 -1.492686 0.000000 0.000000
    3 -0.000011 13.013483 -0.000005 2.076762 1.407512 1.745727
    4 8.648438 7.792969 3.429688 2.222705 0.399521 -1.404265
    5 0.000000 -14.313034 0.000000 -1.556552 0.000000 0.000000
    6 -0.000004 -13.013485 -0.000004 0.538394 0.815277 0.754107
    7 -1.330879 -2.698427 0.462449 -0.194886 -0.547260 3.056712
    8 1.330910 2.698444 -0.462436 0.194890 0.547268 -0.084879
    9 7.226192 4.554650 -2.960350 -1.937239 -0.275294 -3.272498
    10 10.562500 2.281250 -6.339844 -2.460934 -0.275417 3.010575
    11 1.807617 7.578125 -7.230469 -1.550988 -0.382996 1.806934
    12 1.376953 7.875000 -12.054688 -1.277176 -0.488708 1.819244
    13 4.527344 3.457031 -3.605469 -1.647836 -0.580608 1.782439
    14 5.974704 2.920219 -4.391550 -1.937293 -0.275375 -3.272526
    15 7.558525 6.997282 -2.354134 -1.937336 -0.275393 3.010581
    16 7.558525 6.997282 -2.354134 1.937336 0.275393 -0.131011
    17 -2.867767 -2.740969 0.531125 2.051196 0.577049 -0.321829
    18 8.367188 1.621094 -7.535156 -1.937333 -0.275414 3.010565
    19 2.614002 2.377790 -5.879168 -1.937294 -0.275355 -3.272537
    20 5.595486 4.607124 0.422674 -1.090396 0.577049 -0.321829
    21 6.233833 5.542564 0.898426 -1.090396 0.577049 -0.321829
    22 6.946648 6.587124 1.429667 -1.090396 0.577049 -0.321829
    23 7.537933 7.453606 1.870349 -1.090396 0.577049 -0.321829
    24 8.154472 8.357077 2.329839 -1.090396 0.577049 -0.321829
    25 8.874294 9.411907 2.866308 -1.090396 0.577049 -0.321829
    26 -4.125858 -2.321501 1.394414 2.051196 0.577049 -0.321829
    27 -4.826813 -3.348669 0.872014 2.051196 0.577049 -0.321829
    28 -5.441669 -4.249685 0.413772 2.051196 0.577049 -0.321829
    29 -0.552532 -1.343527 1.604446 -0.531397 0.349107 -0.535250
    30 0.552589 1.343534 -1.604463 -0.572352 0.200762 -0.519412
    31 0.000000 -2.021618 -0.000004 -0.140762 0.000000 0.000000
    32 -0.000021 2.021633 0.000027 -0.182286 0.000000 0.000000
    33 -0.000004 -1.136217 -0.000004 -0.537682 0.000000 0.000000
    34 -0.000011 1.136200 -0.000019 -0.591471 0.000000 0.000000
    35 -0.032677 -4.587727 1.352317 2.444718 1.216159 2.484986
    36 0.032719 4.587772 -1.352291 2.844703 1.216154 2.484990
    37 0.000000 -1.754536 -0.000002 0.193351 0.000000 0.000000
    38 -0.000006 1.754520 -0.000034 0.301016 0.000000 0.000000
    39 0.000000 -1.227020 -0.000002 0.955670 0.000000 0.000000
    40 0.000002 1.227070 0.000032 0.655020 0.000000 0.000000
    41 -0.367996 -4.208406 0.173244 2.475865 1.091695 2.536227
    42 0.368011 4.208412 -0.173239 2.894879 1.091697 2.536230
    43 0.000000 -2.372318 -0.000004 0.834666 0.000000 0.000000
    44 -0.000006 2.372318 -0.000032 0.737827 0.000000 0.000000
    45 0.000004 -1.580070 -0.000001 0.495055 0.000000 0.000000
    46 -0.000002 1.580170 0.000030 0.744518 0.000000 0.000000
    47 -0.937645 -3.860697 -0.959317 2.205251 0.797005 2.273736
    48 0.937672 3.860714 0.959333 2.990775 1.016697 2.713704
    49 0.000000 -1.690632 0.000000 0.848242 0.000000 0.000000
    50 -0.000013 1.690666 0.000021 0.568265 0.000000 0.000000
    51 -0.000002 -1.423443 0.000002 0.234212 0.000000 0.000000
    52 0.000008 1.423420 0.000028 0.761965 0.000000 0.000000
    53 -1.546646 -3.404194 -1.915569 2.750280 1.118484 2.534731
    54 1.546661 3.404217 1.915585 -3.076191 1.031499 2.824457
    55 0.000004 -1.437820 0.000000 0.424958 0.000000 0.000000
    56 -0.000021 1.437870 0.000031 -0.074280 0.000000 0.000000
    57 -0.000002 -1.059402 0.000000 0.322075 0.000000 0.000000
    58 0.000006 1.059372 0.000008 0.911714 0.000000 0.000000
    59 -0.000004 -13.013485 -0.000004 0.010936 -0.284121 -0.076428
    60 0.161133 -10.812500 0.023087 0.010936 -0.284121 -0.076428
  time 65
    0 0.000000 0.826660 0.000001 -1.559900 -0.000006 -0.000006
    1 -10.723376 4.021813 0.943485 -0.744143 -0.093931 1.537122
    2 0.000000 14.313023 0.000003 -1.538693 0.000000 0.000000
    3 -0.000011 13.013483 -0.000005 2.576962 1.404022 2.193757
    4 8.648438 7.792969 3.429688 2.222705 0.399521 -1.404265
    5 0.000000 -14.313034 0.000000 -1.556552 0.000000 0.000000
    6 -0.000004 -13.013485 -0.000004 0.538394 0.815277 0.754107
    7 -1.330879 -2.698427 0.462449 -0.194886 -0.547260 3.056712
    8 1.330910 2.698444 -0.462436 0.194890 0.547268 -0.084879
    9 7.226192 4.554650 -2.960350 -1.937239 -0.275357 -3.272498
    10 10.562500 2.281250 -6.339844 -2.460934 -0.275417 3.010575
    11 1.807617 7.578125 -7.230469 -1.550988 -0.382996 1.806934
    12 1.376953 7.875000 -12.054688 -1.277176 -0.488708 1.819244
    13 4.527344 3.457031 -3.605469 -1.647836 -0.580608 1.782439
    14 5.974704 2.920219 -4.391550 -1.937293 -0.275375 -3.272526
    15 7.558525 6.997282 -2.354134 -1.937336 -0.275393 3.010581
    16 7.558525 6.997282 -2.354134 1.937336 0.275393 -0.131011
    17 -2.867767 -2.740969 0.531125 2.051196 0.577049 -0.321829
    18 8.367188 1.621094 -7.535156 -1.937333 -0.275414 3.010565
    19 2.614002 2.377790 -5.879168 -1.937294 -0.275355 -3.272537
    20 5.595486 4.607124 0.422674 -1.090396 0.577049 -0.321829
    21 6.233833 5.542564 0.898426 -1.090396 0.577049 -0.321829
    22 6.946648 6.587124 1.429667 -1.090396 0.577049 -0.321829
    23 7.537933 7.453606 1.870349 -1.090396 0.577049 -0.321829
    24 8.154472 8.357077 2.329839 -1.090396 0.577049 -0.321829
    25 8.874294 9.411907 2.866308 -1.090396 0.577049 -0.321829
    26 -4.125858 -2.321501 1.394414 2.051196 0.577049 -0.321829
    27 -4.826813 -3.348669 0.872014 2.051196 0.577049 -0.321829
    28 -5.441669 -4.249685 0.413772 2.051196 0.577049 -0.321829
    29 -0.552532 -1.343527 1.604446 -0.531397 0.349107 -0.535250
    30 0.552589 1.343534 -1.604463 -0.572352 0.200762 -0.519412
    31 0.000000 -2.021618 -0.000004 -0.140762 0.000000 0.000000
    32 -0.000021 2.021633 0.000027 -0.182286 0.000000 0.000000
    33 -0.000004 -1.136217 -0.000004 -0.537682 0.000000 0.000000
    34 -0.000011 1.136200 -0.000019 -0.591471 0.000000 0.000000
    35 -0.032677 -4.587727 1.352317 2.444718 1.216159 2.484986
    36 0.032719 4.587772 -1.352291 2.844703 1.216154 2.484990
    37 0.000000 -1.754536 -0.000002 0.193351 0.000000 0.000000
    38 -0.000006 1.754520 -0.000034 0.301016 0.000000 0.000000
    39 0.000000 -1.227020 -0.000002 0.955670 0.000000 0.000000
    40 0.000002 1.227070 0.000032 0.655020 0.000000 0.000000
    41 -0.367996 -4.208406 0.173244 2.475865 1.091695 2.536227
    42 0.368011 4.208412 -0.173239 2.894879 1.091697 2.536230
    43 0.000000 -2.372318 -0.000004 0.834666 0.000000 0.000000
    44 -0.000006 2.372318 -0.000032 0.737827 0.000000 0.000000
    45 0.000004 -1.580070 -0.000001 0.495055 0.000000 0.000000
    46 -0.000002 1.580170 0.000030 0.744518 0.000000 0.000000
    47 -0.937645 -3.860697 -0.959317 2.205251 0.797005 2.273736
    48 0.937672 3.860714 0.959333 2.990775 1.016697 2.713704
    49 0.000000 -1.690632 0.000000 0.848242 0.000000 0.000000
    50 -0.000013 1.690666 0.000021 0.568265 0.000000 0.000000
    51 -0.000002 -1.423443 0.000002 0.234212 0.000000 0.000000
    52 0.000008 1.423420 0.000028 0.761965 0.000000 0.000000
    53 -1.546646 -3.404194 -1.915569 2.750280 1.118484 2.534731
    54 1.546661 3.404217 1.915585 -3.076191 1.031499 2.824457
    55 0.000004 -1.437820 0.000000 0.424958 0.000000 0.000000
    56 -0.000021 1.437870 0.000031 -0.074280 0.000000 0.000000
    57 -0.000002 -1.059402 0.000000 0.322075 0.000000 0.000000
    58 0.000006 1.059372 0.000008 0.911714 0.000000 0.000000
    59 -0.000004 -13.013485 -0.000004 0.010936 -0.284121 -0.076428
    60 0.161133 -10.812500 0.023087 0.010936 -0.284121 -0.076428
  time 66
    0 0.000000 0.826660 0.000001 -1.559900 -0.000006 -0.000006
    1 -10.723376 4.021813 0.943485 -0.734376 -0.056972 1.587762
    2 0.000000 14.313023 0.000003 -1.577368 0.000000 0.000000
    3 -0.000011 13.013483 -0.000005 2.946642 1.385580 2.503850
    4 8.648438 7.792969 3.429688 2.222705 0.399521 -1.404265
    5 0.000000 -14.313034 0.000000 -1.556552 0.000000 0.000000
    6 -0.000004 -13.013485 -0.000004 0.538394 0.815277 0.754107
    7 -1.330879 -2.698427 0.462449 -0.194886 -0.547260 3.056712
    8 1.330910 2.698444 -0.462436 0.194890 0.547268 -0.084879
    9 7.226192 4.554650 -2.960350 -1.937239 -0.275294 -3.272498
    10 10.562500 2.281250 -6.339844 -2.460934 -0.275417 3.010575
    11 1.807617 7.578125 -7.230469 -1.550988 -0.382996 1.806934
    12 1.376953 7.875000 -12.054688 -1.277176 -0.488708 1.819244
    13 4.527344 3.457031 -3.605469 -1.647836 -0.580608 1.782439
    14 5.974704 2.920219 -4.391550 -1.937293 -0.275375 -3.272526
    15 7.558525 6.997282 -2.354134 -1.937336 -0.275393 3.010581
    16 7.558525 6.997282 -2.354134 1.937336 0.275393 -0.131011
    17 -2.867767 -2.740969 0.531125 2.051196 0.577049 -0.321829
    18 8.367188 1.621094 -7.535156 -1.937333 -0.275414 3.010565
    19 2.614002 2.377790 -5.879168 -1.937294 -0.275355 -3.272537
    20 5.595486 4.607124 0.422674 -1.090396 0.577049 -0.321829
    21 6.233833 5.542564 0.898426 -1.090396 0.577049 -0.321829
    22 6.946648 6.587124 1.429667 -1.090396 0.577049 -0.321829
    23 7.537933 7.453606 1.870349 -1.090396 0.577049 -0.321829
    24 8.154472 8.357077 2.329839 -1.090396 0.577049 -0.321829
    25 8.874294 9.411907 2.866308 -1.090396 0.577049 -0.321829
    26 -4.125858 -2.321501 1.394414 2.051196 0.577049 -0.321829
    27 -4.826813 -3.348669 0.872014 2.051196 0.577049 -0.321829
    28 -5.441669 -4.249685 0.413772 2.051196 0.577049 -0.321829
    29 -0.552532 -1.343527 1.604446 -0.531397 0.349107 -0.535250
    30 0.552589 1.343534 -1.604463 -0.572352 0.200762 -0.519412
    31 0.000000 -2.021618 -0.000004 -0.140762 0.000000 0.000000
    32 -0.000021 2.021633 0.000027 -0.182286 0.000000 0.000000
    33 -0.000004 -1.136217 -0.000004 -0.537682 0.000000 0.000000
    34 -0.000011 1.136200 -0.000019 -0.591471 0.000000 0.000000
    35 -0.032677 -4.587727 1.352317 2.444718 1.216159 2.484986
    36 0.032719 4.587772 -1.352291 2.844703 1.216154 2.484990
    37 0.000000 -1.754536 -0.000002 0.193351 0.000000 0.000000
    38 -0.000006 1.754520 -0.000034 0.301016 0.000000 0.000000
    39 0.000000 -1.227020 -0.000002 0.955670 0.000000 0.000000
    40 0.000002 1.227070 0.000032 0.655020 0.000000 0.000000
    41 -0.367996 -4.208406 0.173244 2.475865 1.091695 2.536227
    42 0.368011 4.208412 -0.173239 2.894879 1.091697 2.536230
    43 0.000000 -2.372318 -0.000004 0.834666 0.000000 0.000000
    44 -0.000006 2.372318 -0.000032 0.737827 0.000000 0.000000
    45 0.000004 -1.580070 -0.000001 0.495055 0.000000 0.000000
    46 -0.000002 1.580170 0.000030 0.744518 0.000000 0.000000
    47 -0.937645 -3.860697 -0.959317 2.205251 0.797005 2.273736
    48 0.937672 3.860714 0.959333 2.990775 1.016697 2.713704
    49 0.000000 -1.690632 0.000000 0.848242 0.000000 0.000000
    50 -0.000013 1.690666 0.000021 0.568265 0.000000 0.000000
    51 -0.000002 -1.423443 0.000002 0.234212 0.000000 0.000000
    52 0.000008 1.423420 0.000028 0.761965 0.000000 0.000000
    53 -1.546646 -3.404194 -1.915569 2.750280 1.118484 2.534731
    54 1.546661 3.404217 1.915585 -3.076191 1.031499 2.824457
    55 0.000004 -1.437820 0.000000 0.424958 0.000000 0.000000
    56 -0.000021 1.437870 0.000031 -0.074280 0.000000 0.000000
    57 -0.000002 -1.059402 0.000000 0.322075 0.000000 0.000000
    58 0.000006 1.059372 0.000008 0.911714 0.000000 0.000000
    59 -0.000004 -13.013485 -0.000004 0.010936 -0.284121 -0.076428
    60 0.161133 -10.812500 0.023087 0.010936 -0.284121 -0.076428
  time 67
    0 0.000000 0.826660 0.000001 -1.559900 -0.000006 -0.000006
    1 -10.723376 4.021813 0.943485 -0.726175 -0.020013 1.633286
    2 0.000000 14.313023 0.000003 -1.608833 0.000000 0.000000
    3 -0.000011 13.013483 -0.000005 -3.051651 1.355204 2.734288
    4 8.648438 7.792969 3.429688 2.222705 0.399521 -1.404265
    5 0.000000 -14.313034 0.000000 -1.556552 0.000000 0.000000
    6 -0.000004 -13.013485 -0.000004 0.538394 0.815277 0.754107
    7 -1.330879 -2.698427 0.462449 -0.194886 -0.547260 3.056712
    8 1.330910 2.698444 -0.462436 0.194890 0.547268 -0.084879
    9 7.226192 4.554650 -2.960350 -1.937239 -0.275294 -3.272498
    10 10.562500 2.281250 -6.339844 -2.460934 -0.275417 3.010575
    11 1.807617 7.578125 -7.230469 -1.550988 -0.382996 1.806934
    12 1.376953 7.875000 -12.054688 -1.277176 -0.488708 1.819244
    13 4.527344 3.457031 -3.605469 -1.647836 -0.580608 1.782439
    14 5.974704 2.920219 -4.391550 -1.937293 -0.275375 -3.272526
    15 7.558525 6.997282 -2.354134 -1.937336 -0.275393 3.010581
    16 7.558525 6.997282 -2.354134 1.937336 0.275393 -0.131011
    17 -2.867767 -2.740969 0.531125 2.051196 0.577049 -0.321829
    18 8.367188 1.621094 -7.535156 -1.937333 -0.275414 3.010565
    19 2.614002 2.377790 -5.879168 -1.937294 -0.275355 -3.272537
    20 5.595486 4.607124 0.422674 -1.090396 0.577049 -0.321829
    21 6.233833 5.542564 0.898426 -1.090396 0.577049 -0.321829
    22 6.946648 6.587124 1.429667 -1.090396 0.577049 -0.321829
    23 7.537933 7.453606 1.870349 -1.090396 0.577049 -0.321829
    24 8.154472 8.357077 2.329839 -1.090396 0.577049 -0.321829
    25 8.874294 9.411907 2.866308 -1.090396 0.577049 -0.321829
    26 -4.125858 -2.321501 1.394414 2.051196 0.577049 -0.321829
    27 -4.826813 -3.348669 0.872014 2.051196 0.577049 -0.321829
    28 -5.441669 -4.249685 0.413772 2.051196 0.577049 -0.321829
    29 -0.552532 -1.343527 1.604446 -0.531397 0.349107 -0.535250
    30 0.552589 1.343534 -1.604463 -0.572352 0.200762 -0.519412
    31 0.000000 -2.021618 -0.000004 -0.140762 0.000000 0.000000
    32 -0.000021 2.021633 0.000027 -0.182286 0.000000 0.000000
    33 -0.000004 -1.136217 -0.000004 -0.537682 0.000000 0.000000
    34 -0.000011 1.136200 -0.000019 -0.591471 0.000000 0.000000
    35 -0.032677 -4.587727 1.352317 2.444718 1.216159 2.484986
    36 0.032719 4.587772 -1.352291 2.844703 1.216154 2.484990
    37 0.000000 -1.754536 -0.000002 0.193351 0.000000 0.000000
    38 -0.000006 1.754520 -0.000034 0.301016 0.000000 0.000000
    39 0.000000 -1.227020 -0.000002 0.955670 0.000000 0.000000
    40 0.000002 1.227070 0.000032 0.655020 0.000000 0.000000
    41 -0.367996 -4.208406 0.173244 2.475865 1.091695 2.536227
    42 0.368011 4.208412 -0.173239 2.894879 1.091697 2.536230
    43 0.000000 -2.372318 -0.000004 0.834666 0.000000 0.000000
    44 -0.000006 2.372318 -0.000032 0.737827 0.000000 0.000000
    45 0.000004 -1.580070 -0.000001 0.495055 0.000000 0.000000
    46 -0.000002 1.580170 0.000030 0.744518 0.000000 0.000000
    47 -0.937645 -3.860697 -0.959317 2.205251 0.797005 2.273736
    48 0.937672 3.860714 0.959333 2.990775 1.016697 2.713704
    49 0.000000 -1.690632 0.000000 0.848242 0.000000 0.000000
    50 -0.000013 1.690666 0.000021 0.568265 0.000000 0.000000
    51 -0.000002 -1.423443 0.000002 0.234212 0.000000 0.000000
    52 0.000008 1.423420 0.000028 0.761965 0.000000 0.000000
    53 -1.546646 -3.404194 -1.915569 2.750280 1.118484 2.534731
    54 1.546661 3.404217 1.915585 -3.076191 1.031499 2.824457
    55 0.000004 -1.437820 0.000000 0.424958 0.000000 0.000000
    56 -0.000021 1.437870 0.000031 -0.074280 0.000000 0.000000
    57 -0.000002 -1.059402 0.000000 0.322075 0.000000 0.000000
    58 0.000006 1.059372 0.000008 0.911714 0.000000 0.000000
    59 -0.000004 -13.013485 -0.000004 0.010936 -0.284121 -0.076428
    60 0.161133 -10.812500 0.023087 0.010936 -0.284121 -0.076428
  time 68
    0 0.000000 0.826660 0.000001 -1.559900 -0.000006 -0.000006
    1 -10.723376 4.021813 0.943485 -0.719448 0.015276 1.674226
    2 0.000000 14.313023 0.000003 -1.632906 0.000000 0.000000
    3 -0.000011 13.013483 -0.000005 -2.843258 1.319168 2.895326
    4 8.648438 7.792969 3.429688 2.222705 0.399521 -1.404265
    5 0.000000 -14.313034 0.000000 -1.556552 0.000000 0.000000
    6 -0.000004 -13.013485 -0.000004 0.538394 0.815277 0.754107
    7 -1.330879 -2.698427 0.462449 -0.194886 -0.547260 3.056712
    8 1.330910 2.698444 -0.462436 0.194890 0.547268 -0.084879
    9 7.226192 4.554650 -2.960350 -1.937239 -0.275294 -3.272498
    10 10.562500 2.281250 -6.339844 -2.460934 -0.275417 3.010575
    11 1.807617 7.578125 -7.230469 -1.550988 -0.382996 1.806934
    12 1.376953 7.875000 -12.054688 -1.277176 -0.488708 1.819244
    13 4.527344 3.457031 -3.605469 -1.647836 -0.580608 1.782439
    14 5.974704 2.920219 -4.391550 -1.937293 -0.275375 -3.272526
    15 7.558525 6.997282 -2.354134 -1.937336 -0.275393 3.010581
    16 7.558525 6.997282 -2.354134 1.937336 0.275393 -0.131011
    17 -2.867767 -2.740969 0.531125 2.051196 0.577049 -0.321829
    18 8.367188 1.621094 -7.535156 -1.937333 -0.275414 3.010565
    19 2.614002 2.377790 -5.879168 -1.937294 -0.275355 -3.272537
    20 5.595486 4.607124 0.422674 -1.090396 0.577049 -0.321829
    21 6.233833 5.542564 0.898426 -1.090396 0.577049 -0.321829
    22 6.946648 6.587124 1.429667 -1.090396 0.577049 -0.321829
    23 7.537933 7.453606 1.870349 -1.090396 0.577049 -0.321829
    24 8.154472 8.357077 2.329839 -1.090396 0.577049 -0.321829
    25 8.874294 9.411907 2.866308 -1.090396 0.577049 -0.321829
    26 -4.125858 -2.321501 1.394414 2.051196 0.577049 -0.321829
    27 -4.826813 -3.348669 0.872014 2.051196 0.577049 -0.321829
    28 -5.441669 -4.249685 0.413772 2.051196 0.577049 -0.321829
    29 -0.552532 -1.343527 1.604446 -0.531397 0.349107 -0.535250
    30 0.552589 1.343534 -1.604463 -0.572352 0.200762 -0.519412
    31 0.000000 -2.021618 -0.000004 -0.140762 0.000000 0.000000
    32 -0.000021 2.021633 0.000027 -0.182286 0.000000 0.000000
    33 -0.000004 -1.136217 -0.000004 -0.537682 0.000000 0.000000
    34 -0.000011 1.136200 -0.000019 -0.591471 0.000000 0.000000
    35 -0.032677 -4.587727 1.352317 2.444718 1.216159 2.484986
    36 0.032719 4.587772 -1.352291 2.844703 1.216154 2.484990
    37 0.000000 -1.754536 -0.000002 0.193351 0.000000 0.000000
    38 -0.000006 1.754520 -0.000034 0.301016 0.000000 0.000000
    39 0.000000 -1.227020 -0.000002 0.955670 0.000000 0.000000
    40 0.000002 1.227070 0.000032 0.655020 0.000000 0.000000
    41 -0.367996 -4.208406 0.173244 2.475865 1.091695 2.536227
    42 0.368011 4.208412 -0.173239 2.894879 1.091697 2.536230
    43 0.000000 -2.372318 -0.000004 0.834666 0.000000 0.000000
    44 -0.000006 2.372318 -0.000032 0.737827 0.000000 0.000000
    45 0.000004 -1.580070 -0.000001 0.495055 0.000000 0.000000
    46 -0.000002 1.580170 0.000030 0.744518 0.000000 0.000000
    47 -0.937645 -3.860697 -0.959317 2.205251 0.797005 2.273736
    48 0.937672 3.860714 0.959333 2.990775 1.016697 2.713704
    49 0.000000 -1.690632 0.000000 0.848242 0.000000 0.000000
    50 -0.000013 1.690666 0.000021 0.568265 0.000000 0.000000
    51 -0.000002 -1.423443 0.000002 0.234212 0.000000 0.000000
    52 0.000008 1.423420 0.000028 0.761965 0.000000 0.000000
    53 -1.546646 -3.404194 -1.915569 2.750280 1.118484 2.534731
    54 1.546661 3.404217 1.915585 -3.076191 1.031499 2.824457
    55 0.000004 -1.437820 0.000000 0.424958 0.000000 0.000000
    56 -0.000021 1.437870 0.000031 -0.074280 0.000000 0.000000
    57 -0.000002 -1.059402 0.000000 0.322075 0.000000 0.000000
    58 0.000006 1.059372 0.000008 0.911714 0.000000 0.000000
    59 -0.000004 -13.013485 -0.000004 0.010936 -0.284121 -0.076428
    60 0.161133 -10.812500 0.023087 0.010936 -0.284121 -0.076428
  time 69
    0 0.000000 0.826660 0.000001 -1.559900 -0.000006 -0.000006
    1 -10.723376 4.021813 0.943485 -0.714749 0.046847 1.711194
    2 0.000000 14.313023 0.000003 -1.649647 0.000000 0.000000
    3 -0.000011 13.013483 -0.000005 -2.692863 1.281906 3.007477
    4 8.648438 7.792969 3.429688 2.222705 0.399521 -1.404265
    5 0.000000 -14.313034 0.000000 -1.556552 0.000000 0.000000
    6 -0.000004 -13.013485 -0.000004 0.538394 0.815277 0.754107
    7 -1.330879 -2.698427 0.462449 -0.194886 -0.547260 3.056712
    8 1.330910 2.698444 -0.462436 0.194890 0.547268 -0.084879
    9 7.226192 4.554650 -2.960350 -1.937335 -0.275294 -3.272498
    10 10.562500 2.281250 -6.339844 -2.460934 -0.275417 3.010575
    11 1.807617 7.578125 -7.230469 -1.550988 -0.382996 1.806934
    12 1.376953 7.875000 -12.054688 -1.277176 -0.488708 1.819244
    13 4.527344 3.457031 -3.605469 -1.647836 -0.580608 1.782439
    14 5.974704 2.920219 -4.391550 -1.937293 -0.275375 -3.272526
    15 7.558525 6.997282 -2.354134 -1.937336 -0.275393 3.010581
    16 7.558525 6.997282 -2.354134 1.937336 0.275393 -0.131011
    17 -2.867767 -2.740969 0.531125 2.051196 0.577049 -0.321829
    18 8.367188 1.621094 -7.535156 -1.937333 -0.275414 3.010565
    19 2.614002 2.377790 -5.879168 -1.937294 -0.275355 -3.272537
    20 5.595486 4.607124 0.422674 -1.090396 0.577049 -0.321829
    21 6.233833 5.542564 0.898426 -1.090396 0.577049 -0.321829
    22 6.946648 6.587124 1.429667 -1.090396 0.577049 -0.321829
    23 7.537933 7.453606 1.870349 -1.090396 0.577049 -0.321829
    24 8.154472 8.357077 2.329839 -1.090396 0.577049 -0.321829
    25 8.874294 9.411907 2.866308 -1.090396 0.577049 -0.321829
    26 -4.125858 -2.321501 1.394414 2.051196 0.577049 -0.321829
    27 -4.826813 -3.348669 0.872014 2.051196 0.577049 -0.321829
    28 -5.441669 -4.249685 0.413772 2.051196 0.577049 -0.321829
    29 -0.552532 -1.343527 1.604446 -0.531397 0.349107 -0.535250
    30 0.552589 1.343534 -1.604463 -0.572352 0.200762 -0.519412
    31 0.000000 -2.021618 -0.000004 -0.140762 0.000000 0.000000
    32 -0.000021 2.021633 0.000027 -0.182286 0.000000 0.000000
    33 -0.000004 -1.136217 -0.000004 -0.537682 0.000000 0.000000
    34 -0.000011 1.136200 -0.000019 -0.591471 0.000000 0.000000
    35 -0.032677 -4.587727 1.352317 2.444718 1.216159 2.484986
    36 0.032719 4.587772 -1.352291 2.844703 1.216154 2.484990
    37 0.000000 -1.754536 -0.000002 0.193351 0.000000 0.000000
    38 -0.000006 1.754520 -0.000034 0.301016 0.000000 0.000000
    39 0.000000 -1.227020 -0.000002 0.955670 0.000000 0.000000
    40 0.000002 1.227070 0.000032 0.655020 0.000000 0.000000
    41 -0.367996 -4.208406 0.173244 2.475865 1.091695 2.536227
    42 0.368011 4.208412 -0.173239 2.894879 1.091697 2.536230
    43 0.000000 -2.372318 -0.000004 0.834666 0.000000 0.000000
    44 -0.000006 2.372318 -0.000032 0.737827 0.000000 0.000000
    45 0.000004 -1.580070 -0.000001 0.495055 0.000000 0.000000
    46 -0.000002 1.580170 0.000030 0.744518 0.000000 0.000000
    47 -0.937645 -3.860697 -0.959317 2.205251 0.797005 2.273736
    48 0.937672 3.860714 0.959333 2.990775 1.016697 2.713704
    49 0.000000 -1.690632 0.000000 0.848242 0.000000 0.000000
    50 -0.000013 1.690666 0.000021 0.568265 0.000000 0.000000
    51 -0.000002 -1.423443 0.000002 0.234212 0.000000 0.000000
    52 0.000008 1.423420 0.000028 0.761965 0.000000 0.000000
    53 -1.546646 -3.404194 -1.915569 2.750280 1.118484 2.534731
    54 1.546661 3.404217 1.915585 -3.076191 1.031499 2.824457
    55 0.000004 -1.437820 0.000000 0.424958 0.000000 0.000000
    56 -0.000021 1.437870 0.000031 -0.074280 0.000000 0.000000
    57 -0.000002 -1.059402 0.000000 0.322075 0.000000 0.000000
    58 0.000006 1.059372 0.000008 0.911714 0.000000 0.000000
    59 -0.000004 -13.013485 -0.000004 0.010936 -0.284121 -0.076428
    60 0.161133 -10.812500 0.023087 0.010936 -0.284121 -0.076428
  time 70
    0 0.000000 0.826660 0.000001 -1.559900 -0.000006 -0.000006
    1 -10.723376 4.021813 0.943485 -0.711616 0.073218 1.746177
    2 0.000000 14.313023 0.000003 -1.659056 0.000000 0.000000
    3 -0.000011 13.013483 -0.000005 -2.584128 1.245541 3.089050
    4 8.648438 7.792969 3.429688 2.222705 0.399521 -1.404265
    5 0.000000 -14.313034 0.000000 -1.556552 0.000000 0.000000
    6 -0.000004 -13.013485 -0.000004 0.538394 0.815277 0.754107
    7 -1.330879 -2.698427 0.462449 -0.194886 -0.547260 3.056712
    8 1.330910 2.698444 -0.462436 0.194890 0.547268 -0.084879
    9 7.226192 4.554650 -2.960350 -1.937239 -0.275294 -3.272498
    10 10.562500 2.281250 -6.339844 -2.460934 -0.275417 3.010575
    11 1.807617 7.578125 -7.230469 -1.550988 -0.382996 1.806934
    12 1.376953 7.875000 -12.054688 -1.277176 -0.488708 1.819244
    13 4.527344 3.457031 -3.605469 -1.647836 -0.580608 1.782439
    14 5.974704 2.920219 -4.391550 -1.937293 -0.275375 -3.272526
    15 7.558525 6.997282 -2.354134 -1.937336 -0.275393 3.010581
    16 7.558525 6.997282 -2.354134 1.937336 0.275393 -0.131011
    17 -2.867767 -2.740969 0.531125 2.051196 0.577049 -0.321829
    18 8.367188 1.621094 -7.535156 -1.937333 -0.275414 3.010565
    19 2.614002 2.377790 -5.879168 -1.937294 -0.275355 -3.272537
    20 5.595486 4.607124 0.422674 -1.090396 0.577049 -0.321829
    21 6.233833 5.542564 0.898426 -1.090396 0.577049 -0.321829
    22 6.946648 6.587124 1.429667 -1.090396 0.577049 -0.321829
    23 7.537933 7.453606 1.870349 -1.090396 0.577049 -0.321829
    24 8.154472 8.357077 2.329839 -1.090396 0.577049 -0.321829
    25 8.874294 9.411907 2.866308 -1.090396 0.577049 -0.321829
    26 -4.125858 -2.321501 1.394414 2.051196 0.577049 -0.321829
    27 -4.826813 -3.348669 0.872014 2.051196 0.577049 -0.321829
    28 -5.441669 -4.249685 0.413772 2.051196 0.577049 -0.321829
    29 -0.552532 -1.343527 1.604446 -0.531397 0.349107 -0.535250
    30 0.552589 1.343534 -1.604463 -0.572352 0.200762 -0.519412
    31 0.000000 -2.021618 -0.000004 -0.140762 0.000000 0.000000
    32 -0.000021 2.021633 0.000027 -0.182286 0.000000 0.000000
    33 -0.000004 -1.136217 -0.000004 -0.537682 0.000000 0.000000
    34 -0.000011 1.136200 -0.000019 -0.591471 0.000000 0.000000
    35 -0.032677 -4.587727 1.352317 2.444718 1.216159 2.484986
    36 0.032719 4.587772 -1.352291 2.844703 1.216154 2.484990
    37 0.000000 -1.754536 -0.000002 0.193351 0.000000 0.000000
    38 -0.000006 1.754520 -0.000034 0.301016 0.000000 0.000000
    39 0.000000 -1.227020 -0.000002 0.955670 0.000000 0.000000
    40 0.000002 1.227070 0.000032 0.655020 0.000000 0.000000
    41 -0.367996 -4.208406 0.173244 2.475865 1.091695 2.536227
    42 0.368011 4.208412 -0.173239 2.894879 1.091697 2.536230
    43 0.000000 -2.372318 -0.000004 0.834666 0.000000 0.000000
    44 -0.000006 2.372318 -0.000032 0.737827 0.000000 0.000000
    45 0.000004 -1.580070 -0.000001 0.495055 0.000000 0.000000
    46 -0.000002 1.580170 0.000030 0.744518 0.000000 0.000000
    47 -0.937645 -3.860697 -0.959317 2.205251 0.797005 2.273736
    48 0.937672 3.860714 0.959333 2.990775 1.016697 2.713704
    49 0.000000 -1.690632 0.000000 0.848242 0.000000 0.000000
    50 -0.000013 1.690666 0.000021 0.568265 0.000000 0.000000
    51 -0.000002 -1.423443 0.000002 0.234212 0.000000 0.000000
    52 0.000008 1.423420 0.000028 0.761965 0.000000 0.000000
    53 -1.546646 -3.404194 -1.915569 2.750280 1.118484 2.534731
    54 1.546661 3.404217 1.915585 -3.076191 1.031499 2.824457
    55 0.000004 -1.437820 0.000000 0.424958 0.000000 0.000000
    56 -0.000021 1.437870 0.000031 -0.074280 0.000000 0.000000
    57 -0.000002 -1.059402 0.000000 0.322075 0.000000 0.000000
    58 0.000006 1.059372 0.000008 0.911714 0.000000 0.000000
    59 -0.000004 -13.013485 -0.000004 0.010936 -0.284121 -0.076428
    60 0.161133 -10.812500 0.023087 0.010936 -0.284121 -0.076428
  time 71
    0 0.000000 0.826660 0.000001 -1.559900 -0.000006 -0.000006
    1 -10.723376 4.021813 0.943485 -0.709957 0.092437 1.780854
    2 0.000000 14.313023 0.000003 -1.661378 0.000000 0.000000
    3 -0.000011 13.013483 -0.000005 -2.508453 1.211439 -3.131706
    4 8.648438 7.792969 3.429688 2.222705 0.399521 -1.404265
    5 0.000000 -14.313034 0.000000 -1.556552 0.000000 0.000000
    6 -0.000004 -13.013485 -0.000004 0.538394 0.815277 0.754107
    7 -1.330879 -2.698427 0.462449 -0.194886 -0.547260 3.056712
    8 1.330910 2.698444 -0.462436 0.194890 0.547268 -0.084879
    9 7.226192 4.554650 -2.960350 -1.937239 -0.275357 -3.272498
    10 10.562500 2.281250 -6.339844 -2.460934 -0.275417 3.010575
    11 1.807617 7.578125 -7.230469 -1.550988 -0.382996 1.806934
    12 1.376953 7.875000 -12.054688 -1.277176 -0.488708 1.819244
    13 4.527344 3.457031 -3.605469 -1.647836 -0.580608 1.782439
    14 5.974704 2.920219 -4.391550 -1.937293 -0.275375 -3.272526
    15 7.558525 6.997282 -2.354134 -1.937336 -0.275393 3.010581
    16 7.558525 6.997282 -2.354134 1.937336 0.275393 -0.131011
    17 -2.867767 -2.740969 0.531125 2.051196 0.577049 -0.321829
    18 8.367188 1.621094 -7.535156 -1.937333 -0.275414 3.010565
    19 2.614002 2.377790 -5.879168 -1.937294 -0.275355 -3.272537
    20 5.595486 4.607124 0.422674 -1.090396 0.577049 -0.321829
    21 6.233833 5.542564 0.898426 -1.090396 0.577049 -0.321829
    22 6.946648 6.587124 1.429667 -1.090396 0.577049 -0.321829
    23 7.537933 7.453606 1.870349 -1.090396 0.577049 -0.321829
    24 8.154472 8.357077 2.329839 -1.090396 0.577049 -0.321829
    25 8.874294 9.411907 2.866308 -1.090396 0.577049 -0.321829
    26 -4.125858 -2.321501 1.394414 2.051196 0.577049 -0.321829
    27 -4.826813 -3.348669 0.872014 2.051196 0.577049 -0.321829
    28 -5.441669 -4.249685 0.413772 2.051196 0.577049 -0.321829
    29 -0.552532 -1.343527 1.604446 -0.531397 0.349107 -0.535250
    30 0.552589 1.343534 -1.604463 -0.572352 0.200762 -0.519412
    31 0.000000 -2.021618 -0.000004 -0.140762 0.000000 0.000000
    32 -0.000021 2.021633 0.000027 -0.182286 0.000000 0.000000
    33 -0.000004 -1.136217 -0.000004 -0.537682 0.000000 0.000000
    34 -0.000011 1.136200 -0.000019 -0.591471 0.000000 0.000000
    35 -0.032677 -4.587727 1.352317 2.444718 1.216159 2.484986
    36 0.032719 4.587772 -1.352291 2.844703 1.216154 2.484990
    37 0.000000 -1.754536 -0.000002 0.193351 0.000000 0.000000
    38 -0.000006 1.754520 -0.000034 0.301016 0.000000 0.000000
    39 0.000000 -1.227020 -0.000002 0.955670 0.000000 0.000000
    40 0.000002 1.227070 0.000032 0.655020 0.000000 0.000000
    41 -0.367996 -4.208406 0.173244 2.475865 1.091695 2.536227
    42 0.368011 4.208412 -0.173239 2.894879 1.091697 2.536230
    43 0.000000 -2.372318 -0.000004 0.834666 0.000000 0.000000
    44 -0.000006 2.372318 -0.000032 0.737827 0.000000 0.000000
    45 0.000004 -1.580070 -0.000001 0.495055 0.000000 0.000000
    46 -0.000002 1.580170 0.000030 0.744518 0.000000 0.000000
    47 -0.937645 -3.860697 -0.959317 2.205251 0.797005 2.273736
    48 0.937672 3.860714 0.959333 2.990775 1.016697 2.713704
    49 0.000000 -1.690632 0.000000 0.848242 0.000000 0.000000
    50 -0.000013 1.690666 0.000021 0.568265 0.000000 0.000000
    51 -0.000002 -1.423443 0.000002 0.234212 0.000000 0.000000
    52 0.000008 1.423420 0.000028 0.761965 0.000000 0.000000
    53 -1.546646 -3.404194 -1.915569 2.750280 1.118484 2.534731
    54 1.546661 3.404217 1.915585 -3.076191 1.031499 2.824457
    55 0.000004 -1.437820 0.000000 0.424958 0.000000 0.000000
    56 -0.000021 1.437870 0.000031 -0.074280 0.000000 0.000000
    57 -0.000002 -1.059402 0.000000 0.322075 0.000000 0.000000
    58 0.000006 1.059372 0.000008 0.911714 0.000000 0.000000
    59 -0.000004 -13.013485 -0.000004 0.010936 -0.284121 -0.076428
    60 0.161133 -10.812500 0.023087 0.010936 -0.284121 -0.076428
  time 72
    0 0.000000 0.826660 0.000001 -1.559900 -0.000006 -0.000006
    1 -10.723376 4.021813 0.943485 -0.709957 0.102881 1.816600
    2 0.000000 14.313023 0.000003 -1.656368 0.000000 0.000000
    3 -0.000011 13.013483 -0.000005 -2.461443 1.180639 -3.081765
    4 8.648438 7.792969 3.429688 2.222705 0.399521 -1.404265
    5 0.000000 -14.313034 0.000000 -1.556552 0.000000 0.000000
    6 -0.000004 -13.013485 -0.000004 0.538394 0.815277 0.754107
    7 -1.330879 -2.698427 0.462449 -0.194886 -0.547260 3.056712
    8 1.330910 2.698444 -0.462436 0.194890 0.547268 -0.084879
    9 7.226192 4.554650 -2.960350 -1.937239 -0.275294 -3.272498
    10 10.562500 2.281250 -6.339844 -2.460934 -0.275417 3.010575
    11 1.807617 7.578125 -7.230469 -1.550988 -0.382996 1.806934
    12 1.376953 7.875000 -12.054688 -1.277176 -0.488708 1.819244
    13 4.527344 3.457031 -3.605469 -1.647836 -0.580608 1.782439
    14 5.974704 2.920219 -4.391550 -1.937293 -0.275375 -3.272526
    15 7.558525 6.997282 -2.354134 -1.937336 -0.275393 3.010581
    16 7.558525 6.997282 -2.354134 1.937336 0.275393 -0.131011
    17 -2.867767 -2.740969 0.531125 2.051196 0.577049 -0.321829
    18 8.367188 1.621094 -7.535156 -1.937333 -0.275414 3.010565
    19 2.614002 2.377790 -5.879168 -1.937294 -0.275355 -3.272537
    20 5.595486 4.607124 0.422674 -1.090396 0.577049 -0.321829
    21 6.233833 5.542564 0.898426 -1.090396 0.577049 -0.321829
    22 6.946648 6.587124 1.429667 -1.090396 0.577049 -0.321829
    23 7.537933 7.453606 1.870349 -1.090396 0.577049 -0.321829
    24 8.154472 8.357077 2.329839 -1.090396 0.577049 -0.321829
    25 8.874294 9.411907 2.866308 -1.090396 0.577049 -0.321829
    26 -4.125858 -2.321501 1.394414 2.051196 0.577049 -0.321829
    27 -4.826813 -3.348669 0.872014 2.051196 0.577049 -0.321829
    28 -5.441669 -4.249685 0.413772 2.051196 0.577049 -0.321829
    29 -0.552532 -1.343527 1.604446 -0.531397 0.349107 -0.535250
    30 0.552589 1.343534 -1.604463 -0.572352 0.200762 -0.519412
    31 0.000000 -2.021618 -0.000004 -0.140762 0.000000 0.000000
    32 -0.000021 2.021633 0.000027 -0.182286 0.000000 0.000000
    33 -0.000004 -1.136217 -0.000004 -0.537682 0.000000 0.000000
    34 -0.000011 1.136200 -0.000019 -0.591471 0.000000 0.000000
    35 -0.032677 -4.587727 1.352317 2.444718 1.216159 2.484986
    36 0.032719 4.587772 -1.352291 2.844703 1.216154 2.484990
    37 0.000000 -1.754536 -0.000002 0.193351 0.000000 0.000000
    38 -0.000006 1.754520 -0.000034 0.301016 0.000000 0.000000
    39 0.000000 -1.227020 -0.000002 0.955670 0.000000 0.000000
    40 0.000002 1.227070 0.000032 0.655020 0.000000 0.000000
    41 -0.367996 -4.208406 0.173244 2.475865 1.091695 2.536227
    42 0.368011 4.208412 -0.173239 2.894879 1.091697 2.536230
    43 0.000000 -2.372318 -0.000004 0.834666 0.000000 0.000000
    44 -0.000006 2.372318 -0.000032 0.737827 0.000000 0.000000
    45 0.000004 -1.580070 -0.000001 0.495055 0.000000 0.000000
    46 -0.000002 1.580170 0.000030 0.744518 0.000000 0.000000
    47 -0.937645 -3.860697 -0.959317 2.205251 0.797005 2.273736
    48 0.937672 3.860714 0.959333 2.990775 1.016697 2.713704
    49 0.000000 -1.690632 0.000000 0.848242 0.000000 0.000000
    50 -0.000013 1.690666 0.000021 0.568265 0.000000 0.000000
    51 -0.000002 -1.423443 0.000002 0.234212 0.000000 0.000000
    52 0.000008 1.423420 0.000028 0.761965 0.000000 0.000000
    53 -1.546646 -3.404194 -1.915569 2.750280 1.118484 2.534731
    54 1.546661 3.404217 1.915585 -3.076191 1.031499 2.824457
    55 0.000004 -1.437820 0.000000 0.424958 0.000000 0.000000
    56 -0.000021 1.437870 0.000031 -0.074280 0.000000 0.000000
    57 -0.000002 -1.059402 0.000000 0.322075 0.000000 0.000000
    58 0.000006 1.059372 0.000008 0.911714 0.000000 0.000000
    59 -0.000004 -13.013485 -0.000004 0.010936 -0.284121 -0.076428
    60 0.161133 -10.812500 0.023087 0.010936 -0.284121 -0.076428
  time 73
    0 0.000000 0.826660 0.000001 -1.559900 -0.000006 -0.000006
    1 -10.723376 4.021813 0.943485 -0.710418 0.107316 1.850055
    2 0.000000 14.313023 0.000003 -1.648853 0.000000 0.000000
    3 -0.000011 13.013483 -0.000005 -2.434498 1.154084 -3.043135
    4 8.648438 7.792969 3.429688 2.222705 0.399521 -1.404265
    5 0.000000 -14.313034 0.000000 -1.556552 0.000000 0.000000
    6 -0.000004 -13.013485 -0.000004 0.538394 0.815277 0.754107
    7 -1.330879 -2.698427 0.462449 -0.194886 -0.547260 3.056712
    8 1.330910 2.698444 -0.462436 0.194890 0.547268 -0.084879
    9 7.226192 4.554650 -2.960350 -1.937239 -0.275294 -3.272498
    10 10.562500 2.281250 -6.339844 -2.460934 -0.275417 3.010575
    11 1.807617 7.578125 -7.230469 -1.550988 -0.382996 1.806934
    12 1.376953 7.875000 -12.054688 -1.277176 -0.488708 1.819244
    13 4.527344 3.457031 -3.605469 -1.647836 -0.580608 1.782439
    14 5.974704 2.920219 -4.391550 -1.937293 -0.275375 -3.272526
    15 7.558525 6.997282 -2.354134 -1.937336 -0.275393 3.010581
    16 7.558525 6.997282 -2.354134 1.937336 0.275393 -0.131011
    17 -2.867767 -2.740969 0.531125 2.051196 0.577049 -0.321829
    18 8.367188 1.621094 -7.535156 -1.937333 -0.275414 3.010565
    19 2.614002 2.377790 -5.879168 -1.937294 -0.275355 -3.272537
    20 5.595486 4.607124 0.422674 -1.090396 0.577049 -0.321829
    21 6.233833 5.542564 0.898426 -1.090396 0.577049 -0.321829
    22 6.946648 6.587124 1.429667 -1.090396 0.577049 -0.321829
    23 7.537933 7.453606 1.870349 -1.090396 0.577049 -0.321829
    24 8.154472 8.357077 2.329839 -1.090396 0.577049 -0.321829
    25 8.874294 9.411907 2.866308 -1.090396 0.577049 -0.321829
    26 -4.125858 -2.321501 1.394414 2.051196 0.577049 -0.321829
    27 -4.826813 -3.348669 0.872014 2.051196 0.577049 -0.321829
    28 -5.441669 -4.249685 0.413772 2.051196 0.577049 -0.321829
    29 -0.552532 -1.343527 1.604446 -0.531397 0.349107 -0.535250
    30 0.552589 1.343534 -1.604463 -0.572352 0.200762 -0.519412
    31 0.000000 -2.021618 -0.000004 -0.140762 0.000000 0.000000
    32 -0.000021 2.021633 0.000027 -0.182286 0.000000 0.000000
    33 -0.000004 -1.136217 -0.000004 -0.537682 0.000000 0.000000
    34 -0.000011 1.136200 -0.000019 -0.591471 0.000000 0.000000
    35 -0.032677 -4.587727 1.352317 2.444718 1.216159 2.484986
    36 0.032719 4.587772 -1.352291 2.844703 1.216154 2.484990
    37 0.000000 -1.754536 -0.000002 0.193351 0.000000 0.000000
    38 -0.000006 1.754520 -0.000034 0.301016 0.000000 0.000000
    39 0.000000 -1.227020 -0.000002 0.955670 0.000000 0.000000
    40 0.000002 1.227070 0.000032 0.655020 0.000000 0.000000
    41 -0.367996 -4.208406 0.173244 2.475865 1.091695 2.536227
    42 0.368011 4.208412 -0.173239 2.894879 1.091697 2.536230
    43 0.000000 -2.372318 -0.000004 0.834666 0.000000 0.000000
    44 -0.000006 2.372318 -0.000032 0.737827 0.000000 0.000000
    45 0.000004 -1.580070 -0.000001 0.495055 0.000000 0.000000
    46 -0.000002 1.580170 0.000030 0.744518 0.000000 0.000000
    47 -0.937645 -3.860697 -0.959317 2.205251 0.797005 2.273736
    48 0.937672 3.860714 0.959333 2.990775 1.016697 2.713704
    49 0.000000 -1.690632 0.000000 0.848242 0.000000 0.000000
    50 -0.000013 1.690666 0.000021 0.568265 0.000000 0.000000
    51 -0.000002 -1.423443 0.000002 0.234212 0.000000 0.000000
    52 0.000008 1.423420 0.000028 0.761965 0.000000 0.000000
    53 -1.546646 -3.404194 -1.915569 2.750280 1.118484 2.534731
    54 1.546661 3.404217 1.915585 -3.076191 1.031499 2.824457
    55 0.000004 -1.437820 0.000000 0.424958 0.000000 0.000000
    56 -0.000021 1.437870 0.000031 -0.074280 0.000000 0.000000
    57 -0.000002 -1.059402 0.000000 0.322075 0.000000 0.000000
    58 0.000006 1.059372 0.000008 0.911714 0.000000 0.000000
    59 -0.000004 -13.013485 -0.000004 0.010936 -0.284121 -0.076428
    60 0.161133 -10.812500 0.023087 0.010936 -0.284121 -0.076428
  time 74
    0 0.000000 0.826660 0.000001 -1.559900 -0.000006 -0.000006
    1 -10.723376 4.021813 0.943485 -0.710234 0.110034 1.875414
    2 0.000000 14.313023 0.000003 -1.643659 0.000000 0.000000
    3 -0.000011 13.013483 -0.000005 -2.418064 1.133755 -3.016775
    4 8.648438 7.792969 3.429688 2.222705 0.399521 -1.404265
    5 0.000000 -14.313034 0.000000 -1.556552 0.000000 0.000000
    6 -0.000004 -13.013485 -0.000004 0.538394 0.815277 0.754107
    7 -1.330879 -2.698427 0.462449 -0.194886 -0.547260 3.056712
    8 1.330910 2.698444 -0.462436 0.194890 0.547268 -0.084879
    9 7.226192 4.554650 -2.960350 -1.937239 -0.275357 -3.272498
    10 10.562500 2.281250 -6.339844 -2.460934 -0.275417 3.010575
    11 1.807617 7.578125 -7.230469 -1.550988 -0.382996 1.806934
    12 1.376953 7.875000 -12.054688 -1.277176 -0.488708 1.819244
    13 4.527344 3.457031 -3.605469 -1.647836 -0.580608 1.782439
    14 5.974704 2.920219 -4.391550 -1.937293 -0.275375 -3.272526
    15 7.558525 6.997282 -2.354134 -1.937336 -0.275393 3.010581
    16 7.558525 6.997282 -2.354134 1.937336 0.275393 -0.131011
    17 -2.867767 -2.740969 0.531125 2.051196 0.577049 -0.321829
    18 8.367188 1.621094 -7.535156 -1.937333 -0.275414 3.010565
    19 2.614002 2.377790 -5.879168 -1.937294 -0.275355 -3.272537
    20 5.595486 4.607124 0.422674 -1.090396 0.577049 -0.321829
    21 6.233833 5.542564 0.898426 -1.090396 0.577049 -0.321829
    22 6.946648 6.587124 1.429667 -1.090396 0.577049 -0.321829
    23 7.537933 7.453606 1.870349 -1.090396 0.577049 -0.321829
    24 8.154472 8.357077 2.329839 -1.090396 0.577049 -0.321829
    25 8.874294 9.411907 2.866308 -1.090396 0.577049 -0.321829
    26 -4.125858 -2.321501 1.394414 2.051196 0.577049 -0.321829
    27 -4.826813 -3.348669 0.872014 2.051196 0.577049 -0.321829
    28 -5.441669 -4.249685 0.413772 2.051196 0.577049 -0.321829
    29 -0.552532 -1.343527 1.604446 -0.531397 0.349107 -0.535250
    30 0.552589 1.343534 -1.604463 -0.572352 0.200762 -0.519412
    31 0.000000 -2.021618 -0.000004 -0.140762 0.000000 0.000000
    32 -0.000021 2.021633 0.000027 -0.182286 0.000000 0.000000
    33 -0.000004 -1.136217 -0.000004 -0.537682 0.000000 0.000000
    34 -0.000011 1.136200 -0.000019 -0.591471 0.000000 0.000000
    35 -0.032677 -4.587727 1.352317 2.444718 1.216159 2.484986
    36 0.032719 4.587772 -1.352291 2.844703 1.216154 2.484990
    37 0.000000 -1.754536 -0.000002 0.193351 0.000000 0.000000
    38 -0.000006 1.754520 -0.000034 0.301016 0.000000 0.000000
    39 0.000000 -1.227020 -0.000002 0.955670 0.000000 0.000000
    40 0.000002 1.227070 0.000032 0.655020 0.000000 0.000000
    41 -0.367996 -4.208406 0.173244 2.475865 1.091695 2.536227
    42 0.368011 4.208412 -0.173239 2.894879 1.091697 2.536230
    43 0.000000 -2.372318 -0.000004 0.834666 0.000000 0.000000
    44 -0.000006 2.372318 -0.000032 0.737827 0.000000 0.000000
    45 0.000004 -1.580070 -0.000001 0.495055 0.000000 0.000000
    46 -0.000002 1.580170 0.000030 0.744518 0.000000 0.000000
    47 -0.937645 -3.860697 -0.959317 2.205251 0.797005 2.273736
    48 0.937672 3.860714 0.959333 2.990775 1.016697 2.713704
    49 0.000000 -1.690632 0.000000 0.848242 0.000000 0.000000
    50 -0.000013 1.690666 0.000021 0.568265 0.000000 0.000000
    51 -0.000002 -1.423443 0.000002 0.234212 0.000000 0.000000
    52 0.000008 1.423420 0.000028 0.761965 0.000000 0.000000
    53 -1.546646 -3.404194 -1.915569 2.750280 1.118484 2.534731
    54 1.546661 3.404217 1.915585 -3.076191 1.031499 2.824457
    55 0.000004 -1.437820 0.000000 0.424958 0.000000 0.000000
    56 -0.000021 1.437870 0.000031 -0.074280 0.000000 0.000000
    57 -0.000002 -1.059402 0.000000 0.322075 0.000000 0.000000
    58 0.000006 1.059372 0.000008 0.911714 0.000000 0.000000
    59 -0.000004 -13.013485 -0.000004 0.010936 -0.284121 -0.076428
    60 0.161133 -10.812500 0.023087 0.010936 -0.284121 -0.076428
  time 75
    0 0.000000 0.826660 0.000001 -1.559900 -0.000006 -0.000006
    1 -10.723376 4.021813 0.943485 -0.709957 0.111608 1.890843
    2 0.000000 14.313023 0.000003 -1.640299 0.000000 0.000000
    3 -0.000011 13.013483 -0.000005 -2.408318 1.120831 -3.000863
    4 8.648438 7.792969 3.429688 2.222705 0.399521 -1.404265
    5 0.000000 -14.313034 0.000000 -1.556552 0.000000 0.000000
    6 -0.000004 -13.013485 -0.000004 0.538394 0.815277 0.754107
    7 -1.330879 -2.698427 0.462449 -0.194886 -0.547260 3.056712
    8 1.330910 2.698444 -0.462436 0.194890 0.547268 -0.084879
    9 7.226192 4.554650 -2.960350 -1.937239 -0.275294 -3.272498
    10 10.562500 2.281250 -6.339844 -2.460934 -0.275417 3.010575
    11 1.807617 7.578125 -7.230469 -1.550988 -0.382996 1.806934
    12 1.376953 7.875000 -12.054688 -1.277176 -0.488708 1.819244
    13 4.527344 3.457031 -3.605469 -1.647836 -0.580608 1.782439
    14 5.974704 2.920219 -4.391550 -1.937293 -0.275375 -3.272526
    15 7.558525 6.997282 -2.354134 -1.937336 -0.275393 3.010581
    16 7.558525 6.997282 -2.354134 1.937336 0.275393 -0.131011
    17 -2.867767 -2.740969 0.531125 2.051196 0.577049 -0.321829
    18 8.367188 1.621094 -7.535156 -1.937333 -0.275414 3.010565
    19 2.614002 2.377790 -5.879168 -1.937294 -0.275355 -3.272537
    20 5.595486 4.607124 0.422674 -1.090396 0.577049 -0.321829
    21 6.233833 5.542564 0.898426 -1.090396 0.577049 -0.321829
    22 6.946648 6.587124 1.429667 -1.090396 0.577049 -0.321829
    23 7.537933 7.453606 1.870349 -1.090396 0.577049 -0.321829
    24 8.154472 8.357077 2.329839 -1.090396 0.577049 -0.321829
    25 8.874294 9.411907 2.866308 -1.090396 0.577049 -0.321829
    26 -4.125858 -2.321501 1.394414 2.051196 0.577049 -0.321829
    27 -4.826813 -3.348669 0.872014 2.051196 0.577049 -0.321829
    28 -5.441669 -4.249685 0.413772 2.051196 0.577049 -0.321829
    29 -0.552532 -1.343527 1.604446 -0.531397 0.349107 -0.535250
    30 0.552589 1.343534 -1.604463 -0.572352 0.200762 -0.519412
    31 0.000000 -2.021618 -0.000004 -0.140762 0.000000 0.000000
    32 -0.000021 2.021633 0.000027 -0.182286 0.000000 0.000000
    33 -0.000004 -1.136217 -0.000004 -0.537682 0.000000 0.000000
    34 -0.000011 1.136200 -0.000019 -0.591471 0.000000 0.000000
    35 -0.032677 -4.587727 1.352317 2.444718 1.216159 2.484986
    36 0.032719 4.587772 -1.352291 2.844703 1.216154 2.484990
    37 0.000000 -1.754536 -0.000002 0.193351 0.000000 0.000000
    38 -0.000006 1.754520 -0.000034 0.301016 0.000000 0.000000
    39 0.000000 -1.227020 -0.000002 0.955670 0.000000 0.000000
    40 0.000002 1.227070 0.000032 0.655020 0.000000 0.000000
    41 -0.367996 -4.208406 0.173244 2.475865 1.091695 2.536227
    42 0.368011 4.208412 -0.173239 2.894879 1.091697 2.536230
    43 0.000000 -2.372318 -0.000004 0.834666 0.000000 0.000000
    44 -0.000006 2.372318 -0.000032 0.737827 0.000000 0.000000
    45 0.000004 -1.580070 -0.000001 0.495055 0.000000 0.000000
    46 -0.000002 1.580170 0.000030 0.744518 0.000000 0.000000
    47 -0.937645 -3.860697 -0.959317 2.205251 0.797005 2.273736
    48 0.937672 3.860714 0.959333 2.990775 1.016697 2.713704
    49 0.000000 -1.690632 0.000000 0.848242 0.000000 0.000000
    50 -0.000013 1.690666 0.000021 0.568265 0.000000 0.000000
    51 -0.000002 -1.423443 0.000002 0.234212 0.000000 0.000000
    52 0.000008 1.423420 0.000028 0.761965 0.000000 0.000000
    53 -1.546646 -3.404194 -1.915569 2.750280 1.118484 2.534731
    54 1.546661 3.404217 1.915585 -3.076191 1.031499 2.824457
    55 0.000004 -1.437820 0.000000 0.424958 0.000000 0.000000
    56 -0.000021 1.437870 0.000031 -0.074280 0.000000 0.000000
    57 -0.000002 -1.059402 0.000000 0.322075 0.000000 0.000000
    58 0.000006 1.059372 0.000008 0.911714 0.000000 0.000000
    59 -0.000004 -13.013485 -0.000004 0.010936 -0.284121 -0.076428
    60 0.161133 -10.812500 0.023087 0.010936 -0.284121 -0.076428
  time 76
    0 0.000000 0.826660 0.000001 -1.559900 -0.000006 -0.000006
    1 -10.723376 4.021813 0.943485 -0.710602 0.112896 1.894815
    2 0.000000 14.313023 0.000003 -1.638405 0.000000 0.000000
    3 -0.000011 13.013483 -0.000005 -2.401916 1.116208 -2.994440
    4 8.648438 7.792969 3.429688 2.222705 0.399521 -1.404265
    5 0.000000 -14.313034 0.000000 -1.556552 0.000000 0.000000
    6 -0.000004 -13.013485 -0.000004 0.538394 0.815277 0.754107
    7 -1.330879 -2.698427 0.462449 -0.194886 -0.547260 3.056712
    8 1.330910 2.698444 -0.462436 0.194890 0.547268 -0.084879
    9 7.226192 4.554650 -2.960350 -1.937239 -0.275294 -3.272498
    10 10.562500 2.281250 -6.339844 -2.460934 -0.275417 3.010575
    11 1.807617 7.578125 -7.230469 -1.550988 -0.382996 1.806934
    12 1.376953 7.875000 -12.054688 -1.277176 -0.488708 1.819244
    13 4.527344 3.457031 -3.605469 -1.647836 -0.580608 1.782439
    14 5.974704 2.920219 -4.391550 -1.937293 -0.275375 -3.272526
    15 7.558525 6.997282 -2.354134 -1.937336 -0.275393 3.010581
    16 7.558525 6.997282 -2.354134 1.937336 0.275393 -0.131011
    17 -2.867767 -2.740969 0.531125 2.051196 0.577049 -0.321829
    18 8.367188 1.621094 -7.535156 -1.937333 -0.275414 3.010565
    19 2.614002 2.377790 -5.879168 -1.937294 -0.275355 -3.272537
    20 5.595486 4.607124 0.422674 -1.090396 0.577049 -0.321829
    21 6.233833 5.542564 0.898426 -1.090396 0.577049 -0.321829
    22 6.946648 6.587124 1.429667 -1.090396 0.577049 -0.321829
    23 7.537933 7.453606 1.870349 -1.090396 0.577049 -0.321829
    24 8.154472 8.357077 2.329839 -1.090396 0.577049 -0.321829
    25 8.874294 9.411907 2.866308 -1.090396 0.577049 -0.321829
    26 -4.125858 -2.321501 1.394414 2.051196 0.577049 -0.321829
    27 -4.826813 -3.348669 0.872014 2.051196 0.577049 -0.321829
    28 -5.441669 -4.249685 0.413772 2.051196 0.577049 -0.321829
    29 -0.552532 -1.343527 1.604446 -0.531397 0.349107 -0.535250
    30 0.552589 1.343534 -1.604463 -0.572352 0.200762 -0.519412
    31 0.000000 -2.021618 -0.000004 -0.140762 0.000000 0.000000
    32 -0.000021 2.021633 0.000027 -0.182286 0.000000 0.000000
    33 -0.000004 -1.136217 -0.000004 -0.537682 0.000000 0.000000
    34 -0.000011 1.136200 -0.000019 -0.591471 0.000000 0.000000
    35 -0.032677 -4.587727 1.352317 2.444718 1.216159 2.484986
    36 0.032719 4.587772 -1.352291 2.844703 1.216154 2.484990
    37 0.000000 -1.754536 -0.000002 0.193351 0.000000 0.000000
    38 -0.000006 1.754520 -0.000034 0.301016 0.000000 0.000000
    39 0.000000 -1.227020 -0.000002 0.955670 0.000000 0.000000
    40 0.000002 1.227070 0.000032 0.655020 0.000000 0.000000
    41 -0.367996 -4.208406 0.173244 2.475865 1.091695 2.536227
    42 0.368011 4.208412 -0.173239 2.894879 1.091697 2.536230
    43 0.000000 -2.372318 -0.000004 0.834666 0.000000 0.000000
    44 -0.000006 2.372318 -0.000032 0.737827 0.000000 0.000000
    45 0.000004 -1.580070 -0.000001 0.495055 0.000000 0.000000
    46 -0.000002 1.580170 0.000030 0.744518 0.000000 0.000000
    47 -0.937645 -3.860697 -0.959317 2.205251 0.797005 2.273736
    48 0.937672 3.860714 0.959333 2.990775 1.016697 2.713704
    49 0.000000 -1.690632 0.000000 0.848242 0.000000 0.000000
    50 -0.000013 1.690666 0.000021 0.568265 0.000000 0.000000
    51 -0.000002 -1.423443 0.000002 0.234212 0.000000 0.000000
    52 0.000008 1.423420 0.000028 0.761965 0.000000 0.000000
    53 -1.546646 -3.404194 -1.915569 2.750280 1.118484 2.534731
    54 1.546661 3.404217 1.915585 -3.076191 1.031499 2.824457
    55 0.000004 -1.437820 0.000000 0.424958 0.000000 0.000000
    56 -0.000021 1.437870 0.000031 -0.074280 0.000000 0.000000
    57 -0.000002 -1.059402 0.000000 0.322075 0.000000 0.000000
    58 0.000006 1.059372 0.000008 0.911714 0.000000 0.000000
    59 -0.000004 -13.013485 -0.000004 0.010936 -0.284121 -0.076428
    60 0.161133 -10.812500 0.023087 0.010936 -0.284121 -0.076428
  time 77
    0 0.000000 0.826660 0.000001 -1.559900 -0.000006 -0.000006
    1 -10.723376 4.021813 0.943485 -0.711339 0.113659 1.893134
    2 0.000000 14.313023 0.000003 -1.637366 0.000000 0.000000
    3 -0.000011 13.013483 -0.000005 -2.398094 1.116161 -2.993098
    4 8.648438 7.792969 3.429688 2.222705 0.399521 -1.404265
    5 0.000000 -14.313034 0.000000 -1.556552 0.000000 0.000000
    6 -0.000004 -13.013485 -0.000004 0.538394 0.815277 0.754107
    7 -1.330879 -2.698427 0.462449 -0.194886 -0.547260 3.056712
    8 1.330910 2.698444 -0.462436 0.194890 0.547268 -0.084879
    9 7.226192 4.554650 -2.960350 -1.937239 -0.275294 -3.272498
    10 10.562500 2.281250 -6.339844 -2.460934 -0.275417 3.010575
    11 1.807617 7.578125 -7.230469 -1.550988 -0.382996 1.806934
    12 1.376953 7.875000 -12.054688 -1.277176 -0.488708 1.819244
    13 4.527344 3.457031 -3.605469 -1.647836 -0.580608 1.782439
    14 5.974704 2.920219 -4.391550 -1.937293 -0.275375 -3.272526
    15 7.558525 6.997282 -2.354134 -1.937336 -0.275393 3.010581
    16 7.558525 6.997282 -2.354134 1.937336 0.275393 -0.131011
    17 -2.867767 -2.740969 0.531125 2.051196 0.577049 -0.321829
    18 8.367188 1.621094 -7.535156 -1.937333 -0.275414 3.010565
    19 2.614002 2.377790 -5.879168 -1.937294 -0.275355 -3.272537
    20 5.595486 4.607124 0.422674 -1.090396 0.577049 -0.321829
    21 6.233833 5.542564 0.898426 -1.090396 0.577049 -0.321829
    22 6.946648 6.587124 1.429667 -1.090396 0.577049 -0.321829
    23 7.537933 7.453606 1.870349 -1.090396 0.577049 -0.321829
    24 8.154472 8.357077 2.329839 -1.090396 0.577049 -0.321829
    25 8.874294 9.411907 2.866308 -1.090396 0.577049 -0.321829
    26 -4.125858 -2.321501 1.394414 2.051196 0.577049 -0.321829
    27 -4.826813 -3.348669 0.872014 2.051196 0.577049 -0.321829
    28 -5.441669 -4.249685 0.413772 2.051196 0.577049 -0.321829
    29 -0.552532 -1.343527 1.604446 -0.531397 0.349107 -0.535250
    30 0.552589 1.343534 -1.604463 -0.572352 0.200762 -0.519412
    31 0.000000 -2.021618 -0.000004 -0.140762 0.000000 0.000000
    32 -0.000021 2.021633 0.000027 -0.182286 0.000000 0.000000
    33 -0.000004 -1.136217 -0.000004 -0.537682 0.000000 0.000000
    34 -0.000011 1.136200 -0.000019 -0.591471 0.000000 0.000000
    35 -0.032677 -4.587727 1.352317 2.444718 1.216159 2.484986
    36 0.032719 4.587772 -1.352291 2.844703 1.216154 2.484990
    37 0.000000 -1.754536 -0.000002 0.193351 0.000000 0.000000
    38 -0.000006 1.754520 -0.000034 0.301016 0.000000 0.000000
    39 0.000000 -1.227020 -0.000002 0.955670 0.000000 0.000000
    40 0.000002 1.227070 0.000032 0.655020 0.000000 0.000000
    41 -0.367996 -4.208406 0.173244 2.475865 1.091695 2.536227
    42 0.368011 4.208412 -0.173239 2.894879 1.091697 2.536230
    43 0.000000 -2.372318 -0.000004 0.834666 0.000000 0.000000
    44 -0.000006 2.372318 -0.000032 0.737827 0.000000 0.000000
    45 0.000004 -1.580070 -0.000001 0.495055 0.000000 0.000000
    46 -0.000002 1.580170 0.000030 0.744518 0.000000 0.000000
    47 -0.937645 -3.860697 -0.959317 2.205251 0.797005 2.273736
    48 0.937672 3.860714 0.959333 2.990775 1.016697 2.713704
    49 0.000000 -1.690632 0.000000 0.848242 0.000000 0.000000
    50 -0.000013 1.690666 0.000021 0.568265 0.000000 0.000000
    51 -0.000002 -1.423443 0.000002 0.234212 0.000000 0.000000
    52 0.000008 1.423420 0.000028 0.761965 0.000000 0.000000
    53 -1.546646 -3.404194 -1.915569 2.750280 1.118484 2.534731
    54 1.546661 3.404217 1.915585 -3.076191 1.031499 2.824457
    55 0.000004 -1.437820 0.000000 0.424958 0.000000 0.000000
    56 -0.000021 1.437870 0.000031 -0.074280 0.000000 0.000000
    57 -0.000002 -1.059402 0.000000 0.322075 0.000000 0.000000
    58 0.000006 1.059372 0.000008 0.911714 0.000000 0.000000
    59 -0.000004 -13.013485 -0.000004 0.010936 -0.284121 -0.076428
    60 0.161133 -10.812500 0.023087 0.010936 -0.284121 -0.076428
  time 78
    0 0.000000 0.826660 0.000001 -1.559900 -0.000006 -0.000006
    1 -10.723376 4.021813 0.943485 -0.712169 0.113897 1.892065
    2 0.000000 14.313023 0.000003 -1.636633 0.000000 0.000000
    3 -0.000011 13.013483 -0.000005 -2.396279 1.116350 -2.992140
    4 8.648438 7.792969 3.429688 2.222705 0.399521 -1.404265
    5 0.000000 -14.313034 0.000000 -1.556552 0.000000 0.000000
    6 -0.000004 -13.013485 -0.000004 0.538394 0.815277 0.754107
    7 -1.330879 -2.698427 0.462449 -0.194886 -0.547260 3.056712
    8 1.330910 2.698444 -0.462436 0.194890 0.547268 -0.084879
    9 7.226192 4.554650 -2.960350 -1.937239 -0.275294 -3.272498
    10 10.562500 2.281250 -6.339844 -2.460934 -0.275417 3.010575
    11 1.807617 7.578125 -7.230469 -1.550988 -0.382996 1.806934
    12 1.376953 7.875000 -12.054688 -1.277176 -0.488708 1.819244
    13 4.527344 3.457031 -3.605469 -1.647836 -0.580608 1.782439
    14 5.974704 2.920219 -4.391550 -1.937293 -0.275375 -3.272526
    15 7.558525 6.997282 -2.354134 -1.937336 -0.275393 3.010581
    16 7.558525 6.997282 -2.354134 1.937336 0.275393 -0.131011
    17 -2.867767 -2.740969 0.531125 2.051196 0.577049 -0.321829
    18 8.367188 1.621094 -7.535156 -1.937333 -0.275414 3.010565
    19 2.614002 2.377790 -5.879168 -1.937294 -0.275355 -3.272537
    20 5.595486 4.607124 0.422674 -1.090396 0.577049 -0.321829
    21 6.233833 5.542564 0.898426 -1.090396 0.577049 -0.321829
    22 6.946648 6.587124 1.429667 -1.090396 0.577049 -0.321829
    23 7.537933 7.453606 1.870349 -1.090396 0.577049 -0.321829
    24 8.154472 8.357077 2.329839 -1.090396 0.577049 -0.321829
    25 8.874294 9.411907 2.866308 -1.090396 0.577049 -0.321829
    26 -4.125858 -2.321501 1.394414 2.051196 0.577049 -0.321829
    27 -4.826813 -3.348669 0.872014 2.051196 0.577049 -0.321829
    28 -5.441669 -4.249685 0.413772 2.051196 0.577049 -0.321829
    29 -0.552532 -1.343527 1.604446 -0.531397 0.349107 -0.535250
    30 0.552589 1.343534 -1.604463 -0.572352 0.200762 -0.519412
    31 0.000000 -2.021618 -0.000004 -0.140762 0.000000 0.000000
    32 -0.000021 2.021633 0.000027 -0.182286 0.000000 0.000000
    33 -0.000004 -1.136217 -0.000004 -0.537682 0.000000 0.000000
    34 -0.000011 1.136200 -0.000019 -0.591471 0.000000 0.000000
    35 -0.032677 -4.587727 1.352317 2.444718 1.216159 2.484986
    36 0.032719 4.587772 -1.352291 2.844703 1.216154 2.484990
    37 0.000000 -1.754536 -0.000002 0.193351 0.000000 0.000000
    38 -0.000006 1.754520 -0.000034 0.301016 0.000000 0.000000
    39 0.000000 -1.227020 -0.000002 0.955670 0.000000 0.000000
    40 0.000002 1.227070 0.000032 0.655020 0.000000 0.000000
    41 -0.367996 -4.208406 0.173244 2.475865 1.091695 2.536227
    42 0.368011 4.208412 -0.173239 2.894879 1.091697 2.536230
    43 0.000000 -2.372318 -0.000004 0.834666 0.000000 0.000000
    44 -0.000006 2.372318 -0.000032 0.737827 0.000000 0.000000
    45 0.000004 -1.580070 -0.000001 0.495055 0.000000 0.000000
    46 -0.000002 1.580170 0.000030 0.744518 0.000000 0.000000
    47 -0.937645 -3.860697 -0.959317 2.205251 0.797005 2.273736
    48 0.937672 3.860714 0.959333 2.990775 1.016697 2.713704
    49 0.000000 -1.690632 0.000000 0.848242 0.000000 0.000000
    50 -0.000013 1.690666 0.000021 0.568265 0.000000 0.000000
    51 -0.000002 -1.423443 0.000002 0.234212 0.000000 0.000000
    52 0.000008 1.423420 0.000028 0.761965 0.000000 0.000000
    53 -1.546646 -3.404194 -1.915569 2.750280 1.118484 2.534731
    54 1.546661 3.404217 1.915585 -3.076191 1.031499 2.824457
    55 0.000004 -1.437820 0.000000 0.424958 0.000000 0.000000
    56 -0.000021 1.437870 0.000031 -0.074280 0.000000 0.000000
    57 -0.000002 -1.059402 0.000000 0.322075 0.000000 0.000000
    58 0.000006 1.059372 0.000008 0.911714 0.000000 0.000000
    59 -0.000004 -13.013485 -0.000004 0.010936 -0.284121 -0.076428
    60 0.161133 -10.812500 0.023087 0.010936 -0.284121 -0.076428
  time 79
    0 0.000000 0.826660 0.000001 -1.559900 -0.000006 -0.000006
    1 -10.723376 4.021813 0.943485 -0.713182 0.114183 1.890614
    2 0.000000 14.313023 0.000003 -1.635900 0.000000 0.000000
    3 -0.000011 13.013483 -0.000005 -2.394654 1.117435 -2.990894
    4 8.648438 7.792969 3.429688 2.222705 0.399521 -1.404265
    5 0.000000 -14.313034 0.000000 -1.556552 0.000000 0.000000
    6 -0.000004 -13.013485 -0.000004 0.538394 0.815277 0.754107
    7 -1.330879 -2.698427 0.462449 -0.194886 -0.547260 3.056712
    8 1.330910 2.698444 -0.462436 0.194890 0.547268 -0.084879
    9 7.226192 4.554650 -2.960350 -1.937239 -0.275294 -3.272498
    10 10.562500 2.281250 -6.339844 -2.460934 -0.275417 3.010575
    11 1.807617 7.578125 -7.230469 -1.550988 -0.382996 1.806934
    12 1.376953 7.875000 -12.054688 -1.277176 -0.488708 1.819244
    13 4.527344 3.457031 -3.605469 -1.647836 -0.580608 1.782439
    14 5.974704 2.920219 -4.391550 -1.937293 -0.275375 -3.272526
    15 7.558525 6.997282 -2.354134 -1.937336 -0.275393 3.010581
    16 7.558525 6.997282 -2.354134 1.937336 0.275393 -0.131011
    17 -2.867767 -2.740969 0.531125 2.051196 0.577049 -0.321829
    18 8.367188 1.621094 -7.535156 -1.937333 -0.275414 3.010565
    19 2.614002 2.377790 -5.879168 -1.937294 -0.275355 -3.272537
    20 5.595486 4.607124 0.422674 -1.090396 0.577049 -0.321829
    21 6.233833 5.542564 0.898426 -1.090396 0.577049 -0.321829
    22 6.946648 6.587124 1.429667 -1.090396 0.577049 -0.321829
    23 7.537933 7.453606 1.870349 -1.090396 0.577049 -0.321829
    24 8.154472 8.357077 2.329839 -1.090396 0.577049 -0.321829
    25 8.874294 9.411907 2.866308 -1.090396 0.577049 -0.321829
    26 -4.125858 -2.321501 1.394414 2.051196 0.577049 -0.321829
    27 -4.826813 -3.348669 0.872014 2.051196 0.577049 -0.321829
    28 -5.441669 -4.249685 0.413772 2.051196 0.577049 -0.321829
    29 -0.552532 -1.343527 1.604446 -0.531397 0.349107 -0.535250
    30 0.552589 1.343534 -1.604463 -0.572352 0.200762 -0.519412
    31 0.000000 -2.021618 -0.000004 -0.140762 0.000000 0.000000
    32 -0.000021 2.021633 0.000027 -0.182286 0.000000 0.000000
    33 -0.000004 -1.136217 -0.000004 -0.537682 0.000000 0.000000
    34 -0.000011 1.136200 -0.000019 -0.591471 0.000000 0.000000
    35 -0.032677 -4.587727 1.352317 2.444718 1.216159 2.484986
    36 0.032719 4.587772 -1.352291 2.844703 1.216154 2.484990
    37 0.000000 -1.754536 -0.000002 0.193351 0.000000 0.000000
    38 -0.000006 1.754520 -0.000034 0.301016 0.000000 0.000000
    39 0.000000 -1.227020 -0.000002 0.955670 0.000000 0.000000
    40 0.000002 1.227070 0.000032 0.655020 0.000000 0.000000
    41 -0.367996 -4.208406 0.173244 2.475865 1.091695 2.536227
    42 0.368011 4.208412 -0.173239 2.894879 1.091697 2.536230
    43 0.000000 -2.372318 -0.000004 0.834666 0.000000 0.000000
    44 -0.000006 2.372318 -0.000032 0.737827 0.000000 0.000000
    45 0.000004 -1.580070 -0.000001 0.495055 0.000000 0.000000
    46 -0.000002 1.580170 0.000030 0.744518 0.000000 0.000000
    47 -0.937645 -3.860697 -0.959317 2.205251 0.797005 2.273736
    48 0.937672 3.860714 0.959333 2.990775 1.016697 2.713704
    49 0.000000 -1.690632 0.000000 0.848242 0.000000 0.000000
    50 -0.000013 1.690666 0.000021 0.568265 0.000000 0.000000
    51 -0.000002 -1.423443 0.000002 0.234212 0.000000 0.000000
    52 0.000008 1.423420 0.000028 0.761965 0.000000 0.000000
    53 -1.546646 -3.404194 -1.915569 2.750280 1.118484 2.534731
    54 1.546661 3.404217 1.915585 -3.076191 1.031499 2.824457
    55 0.000004 -1.437820 0.000000 0.424958 0.000000 0.000000
    56 -0.000021 1.437870 0.000031 -0.074280 0.000000 0.000000
    57 -0.000002 -1.059402 0.000000 0.322075 0.000000 0.000000
    58 0.000006 1.059372 0.000008 0.911714 0.000000 0.000000
    59 -0.000004 -13.013485 -0.000004 0.010936 -0.284121 -0.076428
    60 0.161133 -10.812500 0.023087 0.010936 -0.284121 -0.076428
  time 80
    0 0.000000 0.826660 0.000001 -1.559900 -0.000006 -0.000006
    1 -10.723376 4.021813 0.943485 -0.714749 0.114565 1.888170
    2 0.000000 14.313023 0.000003 -1.634678 0.000000 0.000000
    3 -0.000011 13.013483 -0.000005 -2.391597 1.119557 -2.989073
    4 8.648438 7.792969 3.429688 2.222705 0.399521 -1.404265
    5 0.000000 -14.313034 0.000000 -1.556552 0.000000 0.000000
    6 -0.000004 -13.013485 -0.000004 0.538394 0.815277 0.754107
    7 -1.330879 -2.698427 0.462449 -0.194886 -0.547260 3.056712
    8 1.330910 2.698444 -0.462436 0.194890 0.547268 -0.084879
    9 7.226192 4.554650 -2.960350 -1.937239 -0.275294 -3.272498
    10 10.562500 2.281250 -6.339844 -2.460934 -0.275417 3.010575
    11 1.807617 7.578125 -7.230469 -1.550988 -0.382996 1.806934
    12 1.376953 7.875000 -12.054688 -1.277176 -0.488708 1.819244
    13 4.527344 3.457031 -3.605469 -1.647836 -0.580608 1.782439
    14 5.974704 2.920219 -4.391550 -1.937293 -0.275375 -3.272526
    15 7.558525 6.997282 -2.354134 -1.937336 -0.275393 3.010581
    16 7.558525 6.997282 -2.354134 1.937336 0.275393 -0.131011
    17 -2.867767 -2.740969 0.531125 2.051196 0.577049 -0.321829
    18 8.367188 1.621094 -7.535156 -1.937333 -0.275414 3.010565
    19 2.614002 2.377790 -5.879168 -1.937294 -0.275355 -3.272537
    20 5.595486 4.607124 0.422674 -1.090396 0.577049 -0.321829
    21 6.233833 5.542564 0.898426 -1.090396 0.577049 -0.321829
    22 6.946648 6.587124 1.429667 -1.090396 0.577049 -0.321829
    23 7.537933 7.453606 1.870349 -1.090396 0.577049 -0.321829
    24 8.154472 8.357077 2.329839 -1.090396 0.577049 -0.321829
    25 8.874294 9.411907 2.866308 -1.090396 0.577049 -0.321829
    26 -4.125858 -2.321501 1.394414 2.051196 0.577049 -0.321829
    27 -4.826813 -3.348669 0.872014 2.051196 0.577049 -0.321829
    28 -5.441669 -4.249685 0.413772 2.051196 0.577049 -0.321829
    29 -0.552532 -1.343527 1.604446 -0.531397 0.349107 -0.535250
    30 0.552589 1.343534 -1.604463 -0.572352 0.200762 -0.519412
    31 0.000000 -2.021618 -0.000004 -0.140762 0.000000 0.000000
    32 -0.000021 2.021633 0.000027 -0.182286 0.000000 0.000000
    33 -0.000004 -1.136217 -0.000004 -0.537682 0.000000 0.000000
    34 -0.000011 1.136200 -0.000019 -0.591471 0.000000 0.000000
    35 -0.032677 -4.587727 1.352317 2.444718 1.216159 2.484986
    36 0.032719 4.587772 -1.352291 2.844703 1.216154 2.484990
    37 0.000000 -1.754536 -0.000002 0.193351 0.000000 0.000000
    38 -0.000006 1.754520 -0.000034 0.301016 0.000000 0.000000
    39 0.000000 -1.227020 -0.000002 0.955670 0.000000 0.000000
    40 0.000002 1.227070 0.000032 0.655020 0.000000 0.000000
    41 -0.367996 -4.208406 0.173244 2.475865 1.091695 2.536227
    42 0.368011 4.208412 -0.173239 2.894879 1.091697 2.536230
    43 0.000000 -2.372318 -0.000004 0.834666 0.000000 0.000000
    44 -0.000006 2.372318 -0.000032 0.737827 0.000000 0.000000
    45 0.000004 -1.580070 -0.000001 0.495055 0.000000 0.000000
    46 -0.000002 1.580170 0.000030 0.744518 0.000000 0.000000
    47 -0.937645 -3.860697 -0.959317 2.205251 0.797005 2.273736
    48 0.937672 3.860714 0.959333 2.990775 1.016697 2.713704
    49 0.000000 -1.690632 0.000000 0.848242 0.000000 0.000000
    50 -0.000013 1.690666 0.000021 0.568265 0.000000 0.000000
    51 -0.000002 -1.423443 0.000002 0.234212 0.000000 0.000000
    52 0.000008 1.423420 0.000028 0.761965 0.000000 0.000000
    53 -1.546646 -3.404194 -1.915569 2.750280 1.118484 2.534731
    54 1.546661 3.404217 1.915585 -3.076191 1.031499 2.824457
    55 0.000004 -1.437820 0.000000 0.424958 0.000000 0.000000
    56 -0.000021 1.437870 0.000031 -0.074280 0.000000 0.000000
    57 -0.000002 -1.059402 0.000000 0.322075 0.000000 0.000000
    58 0.000006 1.059372 0.000008 0.911714 0.000000 0.000000
    59 -0.000004 -13.013485 -0.000004 0.010936 -0.284121 -0.076428
    60 0.161133 -10.812500 0.023087 0.010936 -0.284121 -0.076428
  time 81
    0 0.000000 0.826660 0.000001 -1.559900 -0.000006 -0.000006
    1 -10.723376 4.021813 0.943485 -0.716223 0.114946 1.884656
    2 0.000000 14.313023 0.000003 -1.633273 0.000000 0.000000
    3 -0.000011 13.013483 -0.000005 -2.387392 1.122576 -2.986868
    4 8.648438 7.792969 3.429688 2.222705 0.399521 -1.404265
    5 0.000000 -14.313034 0.000000 -1.556552 0.000000 0.000000
    6 -0.000004 -13.013485 -0.000004 0.538394 0.815277 0.754107
    7 -1.330879 -2.698427 0.462449 -0.194886 -0.547260 3.056712
    8 1.330910 2.698444 -0.462436 0.194890 0.547268 -0.084879
    9 7.226192 4.554650 -2.960350 -1.937239 -0.275294 -3.272498
    10 10.562500 2.281250 -6.339844 -2.460934 -0.275417 3.010575
    11 1.807617 7.578125 -7.230469 -1.550988 -0.382996 1.806934
    12 1.376953 7.875000 -12.054688 -1.277176 -0.488708 1.819244
    13 4.527344 3.457031 -3.605469 -1.647836 -0.580608 1.782439
    14 5.974704 2.920219 -4.391550 -1.937293 -0.275375 -3.272526
    15 7.558525 6.997282 -2.354134 -1.937336 -0.275393 3.010581
    16 7.558525 6.997282 -2.354134 1.937336 0.275393 -0.131011
    17 -2.867767 -2.740969 0.531125 2.051196 0.577049 -0.321829
    18 8.367188 1.621094 -7.535156 -1.937333 -0.275414 3.010565
    19 2.614002 2.377790 -5.879168 -1.937294 -0.275355 -3.272537
    20 5.595486 4.607124 0.422674 -1.090396 0.577049 -0.321829
    21 6.233833 5.542564 0.898426 -1.090396 0.577049 -0.321829
    22 6.946648 6.587124 1.429667 -1.090396 0.577049 -0.321829
    23 7.537933 7.453606 1.870349 -1.090396 0.577049 -0.321829
    24 8.154472 8.357077 2.329839 -1.090396 0.577049 -0.321829
    25 8.874294 9.411907 2.866308 -1.090396 0.577049 -0.321829
    26 -4.125858 -2.321501 1.394414 2.051196 0.577049 -0.321829
    27 -4.826813 -3.348669 0.872014 2.051196 0.577049 -0.321829
    28 -5.441669 -4.249685 0.413772 2.051196 0.577049 -0.321829
    29 -0.552532 -1.343527 1.604446 -0.531397 0.349107 -0.535250
    30 0.552589 1.343534 -1.604463 -0.572352 0.200762 -0.519412
    31 0.000000 -2.021618 -0.000004 -0.140762 0.000000 0.000000
    32 -0.000021 2.021633 0.000027 -0.182286 0.000000 0.000000
    33 -0.000004 -1.136217 -0.000004 -0.537682 0.000000 0.000000
    34 -0.000011 1.136200 -0.000019 -0.591471 0.000000 0.000000
    35 -0.032677 -4.587727 1.352317 2.444718 1.216159 2.484986
    36 0.032719 4.587772 -1.352291 2.844703 1.216154 2.484990
    37 0.000000 -1.754536 -0.000002 0.193351 0.000000 0.000000
    38 -0.000006 1.754520 -0.000034 0.301016 0.000000 0.000000
    39 0.000000 -1.227020 -0.000002 0.955670 0.000000 0.000000
    40 0.000002 1.227070 0.000032 0.655020 0.000000 0.000000
    41 -0.367996 -4.208406 0.173244 2.475865 1.091695 2.536227
    42 0.368011 4.208412 -0.173239 2.894879 1.091697 2.536230
    43 0.000000 -2.372318 -0.000004 0.834666 0.000000 0.000000
    44 -0.000006 2.372318 -0.000032 0.737827 0.000000 0.000000
    45 0.000004 -1.580070 -0.000001 0.495055 0.000000 0.000000
    46 -0.000002 1.580170 0.000030 0.744518 0.000000 0.000000
    47 -0.937645 -3.860697 -0.959317 2.205251 0.797005 2.273736
    48 0.937672 3.860714 0.959333 2.990775 1.016697 2.713704
    49 0.000000 -1.690632 0.000000 0.848242 0.000000 0.000000
    50 -0.000013 1.690666 0.000021 0.568265 0.000000 0.000000
    51 -0.000002 -1.423443 0.000002 0.234212 0.000000 0.000000
    52 0.000008 1.423420 0.000028 0.761965 0.000000 0.000000
    53 -1.546646 -3.404194 -1.915569 2.750280 1.118484 2.534731
    54 1.546661 3.404217 1.915585 -3.076191 1.031499 2.824457
    55 0.000004 -1.437820 0.000000 0.424958 0.000000 0.000000
    56 -0.000021 1.437870 0.000031 -0.074280 0.000000 0.000000
    57 -0.000002 -1.059402 0.000000 0.322075 0.000000 0.000000
    58 0.000006 1.059372 0.000008 0.911714 0.000000 0.000000
    59 -0.000004 -13.013485 -0.000004 0.010936 -0.284121 -0.076428
    60 0.161133 -10.812500 0.023087 0.010936 -0.284121 -0.076428
  time 82
    0 0.000000 0.826660 0.000001 -1.559900 -0.000006 -0.000006
    1 -10.723376 4.021813 0.943485 -0.717974 0.115185 1.879615
    2 0.000000 14.313023 0.000003 -1.631867 0.000000 0.000000
    3 -0.000011 13.013483 -0.000005 -2.382615 1.126821 -2.984855
    4 8.648438 7.792969 3.429688 2.222705 0.399521 -1.404265
    5 0.000000 -14.313034 0.000000 -1.556552 0.000000 0.000000
    6 -0.000004 -13.013485 -0.000004 0.538394 0.815277 0.754107
    7 -1.330879 -2.698427 0.462449 -0.194886 -0.547260 3.056712
    8 1.330910 2.698444 -0.462436 0.194890 0.547268 -0.084879
    9 7.226192 4.554650 -2.960350 -1.937239 -0.275294 -3.272498
    10 10.562500 2.281250 -6.339844 -2.460934 -0.275417 3.010575
    11 1.807617 7.578125 -7.230469 -1.550988 -0.382996 1.806934
    12 1.376953 7.875000 -12.054688 -1.277176 -0.488708 1.819244
    13 4.527344 3.457031 -3.605469 -1.647836 -0.580608 1.782439
    14 5.974704 2.920219 -4.391550 -1.937293 -0.275375 -3.272526
    15 7.558525 6.997282 -2.354134 -1.937336 -0.275393 3.010581
    16 7.558525 6.997282 -2.354134 1.937336 0.275393 -0.131011
    17 -2.867767 -2.740969 0.531125 2.051196 0.577049 -0.321829
    18 8.367188 1.621094 -7.535156 -1.937333 -0.275414 3.010565
    19 2.614002 2.377790 -5.879168 -1.937294 -0.275355 -3.272537
    20 5.595486 4.607124 0.422674 -1.090396 0.577049 -0.321829
    21 6.233833 5.542564 0.898426 -1.090396 0.577049 -0.321829
    22 6.946648 6.587124 1.429667 -1.090396 0.577049 -0.321829
    23 7.537933 7.453606 1.870349 -1.090396 0.577049 -0.321829
    24 8.154472 8.357077 2.329839 -1.090396 0.577049 -0.321829
    25 8.874294 9.411907 2.866308 -1.090396 0.577049 -0.321829
    26 -4.125858 -2.321501 1.394414 2.051196 0.577049 -0.321829
    27 -4.826813 -3.348669 0.872014 2.051196 0.577049 -0.321829
    28 -5.441669 -4.249685 0.413772 2.051196 0.577049 -0.321829
    29 -0.552532 -1.343527 1.604446 -0.531397 0.349107 -0.535250
    30 0.552589 1.343534 -1.604463 -0.572352 0.200762 -0.519412
    31 0.000000 -2.021618 -0.000004 -0.140762 0.000000 0.000000
    32 -0.000021 2.021633 0.000027 -0.182286 0.000000 0.000000
    33 -0.000004 -1.136217 -0.000004 -0.537682 0.000000 0.000000
    34 -0.000011 1.136200 -0.000019 -0.591471 0.000000 0.000000
    35 -0.032677 -4.587727 1.352317 2.444718 1.216159 2.484986
    36 0.032719 4.587772 -1.352291 2.844703 1.216154 2.484990
    37 0.000000 -1.754536 -0.000002 0.193351 0.000000 0.000000
    38 -0.000006 1.754520 -0.000034 0.301016 0.000000 0.000000
    39 0.000000 -1.227020 -0.000002 0.955670 0.000000 0.000000
    40 0.000002 1.227070 0.000032 0.655020 0.000000 0.000000
    41 -0.367996 -4.208406 0.173244 2.475865 1.091695 2.536227
    42 0.368011 4.208412 -0.173239 2.894879 1.091697 2.536230
    43 0.000000 -2.372318 -0.000004 0.834666 0.000000 0.000000
    44 -0.000006 2.372318 -0.000032 0.737827 0.000000 0.000000
    45 0.000004 -1.580070 -0.000001 0.495055 0.000000 0.000000
    46 -0.000002 1.580170 0.000030 0.744518 0.000000 0.000000
    47 -0.937645 -3.860697 -0.959317 2.205251 0.797005 2.273736
    48 0.937672 3.860714 0.959333 2.990775 1.016697 2.713704
    49 0.000000 -1.690632 0.000000 0.848242 0.000000 0.000000
    50 -0.000013 1.690666 0.000021 0.568265 0.000000 0.000000
    51 -0.000002 -1.423443 0.000002 0.234212 0.000000 0.000000
    52 0.000008 1.423420 0.000028 0.761965 0.000000 0.000000
    53 -1.546646 -3.404194 -1.915569 2.750280 1.118484 2.534731
    54 1.546661 3.404217 1.915585 -3.076191 1.031499 2.824457
    55 0.000004 -1.437820 0.000000 0.424958 0.000000 0.000000
    56 -0.000021 1.437870 0.000031 -0.074280 0.000000 0.000000
    57 -0.000002 -1.059402 0.000000 0.322075 0.000000 0.000000
    58 0.000006 1.059372 0.000008 0.911714 0.000000 0.000000
    59 -0.000004 -13.013485 -0.000004 0.010936 -0.284121 -0.076428
    60 0.161133 -10.812500 0.023087 0.010936 -0.284121 -0.076428
  time 83
    0 0.000000 0.826660 0.000001 -1.559900 -0.000006 -0.000006
    1 -10.723376 4.021813 0.943485 -0.719909 0.115280 1.872817
    2 0.000000 14.313023 0.000003 -1.630645 0.000000 0.000000
    3 -0.000011 13.013483 -0.000005 -2.377933 1.132717 -2.983992
    4 8.648438 7.792969 3.429688 2.222705 0.399521 -1.404265
    5 0.000000 -14.313034 0.000000 -1.556552 0.000000 0.000000
    6 -0.000004 -13.013485 -0.000004 0.538394 0.815277 0.754107
    7 -1.330879 -2.698427 0.462449 -0.194886 -0.547260 3.056712
    8 1.330910 2.698444 -0.462436 0.194890 0.547268 -0.084879
    9 7.226192 4.554650 -2.960350 -1.937144 -0.275294 -3.272498
    10 10.562500 2.281250 -6.339844 -2.460934 -0.275417 3.010575
    11 1.807617 7.578125 -7.230469 -1.550988 -0.382996 1.806934
    12 1.376953 7.875000 -12.054688 -1.277176 -0.488708 1.819244
    13 4.527344 3.457031 -3.605469 -1.647836 -0.580608 1.782439
    14 5.974704 2.920219 -4.391550 -1.937293 -0.275375 -3.272526
    15 7.558525 6.997282 -2.354134 -1.937336 -0.275393 3.010581
    16 7.558525 6.997282 -2.354134 1.937336 0.275393 -0.131011
    17 -2.867767 -2.740969 0.531125 2.051196 0.577049 -0.321829
    18 8.367188 1.621094 -7.535156 -1.937333 -0.275414 3.010565
    19 2.614002 2.377790 -5.879168 -1.937294 -0.275355 -3.272537
    20 5.595486 4.607124 0.422674 -1.090396 0.577049 -0.321829
    21 6.233833 5.542564 0.898426 -1.090396 0.577049 -0.321829
    22 6.946648 6.587124 1.429667 -1.090396 0.577049 -0.321829
    23 7.537933 7.453606 1.870349 -1.090396 0.577049 -0.321829
    24 8.154472 8.357077 2.329839 -1.090396 0.577049 -0.321829
    25 8.874294 9.411907 2.866308 -1.090396 0.577049 -0.321829
    26 -4.125858 -2.321501 1.394414 2.051196 0.577049 -0.321829
    27 -4.826813 -3.348669 0.872014 2.051196 0.577049 -0.321829
    28 -5.441669 -4.249685 0.413772 2.051196 0.577049 -0.321829
    29 -0.552532 -1.343527 1.604446 -0.531397 0.349107 -0.535250
    30 0.552589 1.343534 -1.604463 -0.572352 0.200762 -0.519412
    31 0.000000 -2.021618 -0.000004 -0.140762 0.000000 0.000000
    32 -0.000021 2.021633 0.000027 -0.182286 0.000000 0.000000
    33 -0.000004 -1.136217 -0.000004 -0.537682 0.000000 0.000000
    34 -0.000011 1.136200 -0.000019 -0.591471 0.000000 0.000000
    35 -0.032677 -4.587727 1.352317 2.444718 1.216159 2.484986
    36 0.032719 4.587772 -1.352291 2.844703 1.216154 2.484990
    37 0.000000 -1.754536 -0.000002 0.193351 0.000000 0.000000
    38 -0.000006 1.754520 -0.000034 0.301016 0.000000 0.000000
    39 0.000000 -1.227020 -0.000002 0.955670 0.000000 0.000000
    40 0.000002 1.227070 0.000032 0.655020 0.000000 0.000000
    41 -0.367996 -4.208406 0.173244 2.475865 1.091695 2.536227
    42 0.368011 4.208412 -0.173239 2.894879 1.091697 2.536230
    43 0.000000 -2.372318 -0.000004 0.834666 0.000000 0.000000
    44 -0.000006 2.372318 -0.000032 0.737827 0.000000 0.000000
    45 0.000004 -1.580070 -0.000001 0.495055 0.000000 0.000000
    46 -0.000002 1.580170 0.000030 0.744518 0.000000 0.000000
    47 -0.937645 -3.860697 -0.959317 2.205251 0.797005 2.273736
    48 0.937672 3.860714 0.959333 2.990775 1.016697 2.713704
    49 0.000000 -1.690632 0.000000 0.848242 0.000000 0.000000
    50 -0.000013 1.690666 0.000021 0.568265 0.000000 0.000000
    51 -0.000002 -1.423443 0.000002 0.234212 0.000000 0.000000
    52 0.000008 1.423420 0.000028 0.761965 0.000000 0.000000
    53 -1.546646 -3.404194 -1.915569 2.750280 1.118484 2.534731
    54 1.546661 3.404217 1.915585 -3.076191 1.031499 2.824457
    55 0.000004 -1.437820 0.000000 0.424958 0.000000 0.000000
    56 -0.000021 1.437870 0.000031 -0.074280 0.000000 0.000000
    57 -0.000002 -1.059402 0.000000 0.322075 0.000000 0.000000
    58 0.000006 1.059372 0.000008 0.911714 0.000000 0.000000
    59 -0.000004 -13.013485 -0.000004 0.010936 -0.284121 -0.076428
    60 0.161133 -10.812500 0.023087 0.010936 -0.284121 -0.076428
  time 84
    0 0.000000 0.826660 0.000001 -1.559900 -0.000006 -0.000006
    1 -10.723376 4.021813 0.943485 -0.721660 0.114946 1.866706
    2 0.000000 14.313023 0.000003 -1.629668 0.000000 0.000000
    3 -0.000011 13.013483 -0.000005 -2.374589 1.138754 -2.983417
    4 8.648438 7.792969 3.429688 2.222705 0.399521 -1.404265
    5 0.000000 -14.313034 0.000000 -1.556552 0.000000 0.000000
    6 -0.000004 -13.013485 -0.000004 0.538394 0.815277 0.754107
    7 -1.330879 -2.698427 0.462449 -0.194886 -0.547260 3.056712
    8 1.330910 2.698444 -0.462436 0.194890 0.547268 -0.084879
    9 7.226192 4.554650 -2.960350 -1.937335 -0.275294 -3.272498
    10 10.562500 2.281250 -6.339844 -2.460934 -0.275417 3.010575
    11 1.807617 7.578125 -7.230469 -1.550988 -0.382996 1.806934
    12 1.376953 7.875000 -12.054688 -1.277176 -0.488708 1.819244
    13 4.527344 3.457031 -3.605469 -1.647836 -0.580608 1.782439
    14 5.974704 2.920219 -4.391550 -1.937293 -0.275375 -3.272526
    15 7.558525 6.997282 -2.354134 -1.937336 -0.275393 3.010581
    16 7.558525 6.997282 -2.354134 1.937336 0.275393 -0.131011
    17 -2.867767 -2.740969 0.531125 2.051196 0.577049 -0.321829
    18 8.367188 1.621094 -7.535156 -1.937333 -0.275414 3.010565
    19 2.614002 2.377790 -5.879168 -1.937294 -0.275355 -3.272537
    20 5.595486 4.607124 0.422674 -1.090396 0.577049 -0.321829
    21 6.233833 5.542564 0.898426 -1.090396 0.577049 -0.321829
    22 6.946648 6.587124 1.429667 -1.090396 0.577049 -0.321829
    23 7.537933 7.453606 1.870349 -1.090396 0.577049 -0.321829
    24 8.154472 8.357077 2.329839 -1.090396 0.577049 -0.321829
    25 8.874294 9.411907 2.866308 -1.090396 0.577049 -0.321829
    26 -4.125858 -2.321501 1.394414 2.051196 0.577049 -0.321829
    27 -4.826813 -3.348669 0.872014 2.051196 0.577049 -0.321829
    28 -5.441669 -4.249685 0.413772 2.051196 0.577049 -0.321829
    29 -0.552532 -1.343527 1.604446 -0.531397 0.349107 -0.535250
    30 0.552589 1.343534 -1.604463 -0.572352 0.200762 -0.519412
    31 0.000000 -2.021618 -0.000004 -0.140762 0.000000 0.000000
    32 -0.000021 2.021633 0.000027 -0.182286 0.000000 0.000000
    33 -0.000004 -1.136217 -0.000004 -0.537682 0.000000 0.000000
    34 -0.000011 1.136200 -0.000019 -0.591471 0.000000 0.000000
    35 -0.032677 -4.587727 1.352317 2.444718 1.216159 2.484986
    36 0.032719 4.587772 -1.352291 2.844703 1.216154 2.484990
    37 0.000000 -1.754536 -0.000002 0.193351 0.000000 0.000000
    38 -0.000006 1.754520 -0.000034 0.301016 0.000000 0.000000
    39 0.000000 -1.227020 -0.000002 0.955670 0.000000 0.000000
    40 0.000002 1.227070 0.000032 0.655020 0.000000 0.000000
    41 -0.367996 -4.208406 0.173244 2.475865 1.091695 2.536227
    42 0.368011 4.208412 -0.173239 2.894879 1.091697 2.536230
    43 0.000000 -2.372318 -0.000004 0.834666 0.000000 0.000000
    44 -0.000006 2.372318 -0.000032 0.737827 0.000000 0.000000
    45 0.000004 -1.580070 -0.000001 0.495055 0.000000 0.000000
    46 -0.000002 1.580170 0.000030 0.744518 0.000000 0.000000
    47 -0.937645 -3.860697 -0.959317 2.205251 0.797005 2.273736
    48 0.937672 3.860714 0.959333 2.990775 1.016697 2.713704
    49 0.000000 -1.690632 0.000000 0.848242 0.000000 0.000000
    50 -0.000013 1.690666 0.000021 0.568265 0.000000 0.000000
    51 -0.000002 -1.423443 0.000002 0.234212 0.000000 0.000000
    52 0.000008 1.423420 0.000028 0.761965 0.000000 0.000000
    53 -1.546646 -3.404194 -1.915569 2.750280 1.118484 2.534731
    54 1.546661 3.404217 1.915585 -3.076191 1.031499 2.824457
    55 0.000004 -1.437820 0.000000 0.424958 0.000000 0.000000
    56 -0.000021 1.437870 0.000031 -0.074280 0.000000 0.000000
    57 -0.000002 -1.059402 0.000000 0.322075 0.000000 0.000000
    58 0.000006 1.059372 0.000008 0.911714 0.000000 0.000000
    59 -0.000004 -13.013485 -0.000004 0.010936 -0.284121 -0.076428
    60 0.161133 -10.812500 0.023087 0.010936 -0.284121 -0.076428
  time 85
    0 0.000000 0.826660 0.000001 -1.559900 -0.000006 -0.000006
    1 -10.723376 4.021813 0.943485 -0.723134 0.114040 1.862582
    2 0.000000 14.313023 0.000003 -1.629179 0.000000 0.000000
    3 -0.000011 13.013483 -0.000005 -2.373824 1.144179 -2.983034
    4 8.648438 7.792969 3.429688 2.222705 0.399521 -1.404265
    5 0.000000 -14.313034 0.000000 -1.556552 0.000000 0.000000
    6 -0.000004 -13.013485 -0.000004 0.538394 0.815277 0.754107
    7 -1.330879 -2.698427 0.462449 -0.194886 -0.547260 3.056712
    8 1.330910 2.698444 -0.462436 0.194890 0.547268 -0.084879
    9 7.226192 4.554650 -2.960350 -1.937239 -0.275294 -3.272498
    10 10.562500 2.281250 -6.339844 -2.460934 -0.275417 3.010575
    11 1.807617 7.578125 -7.230469 -1.550988 -0.382996 1.806934
    12 1.376953 7.875000 -12.054688 -1.277176 -0.488708 1.819244
    13 4.527344 3.457031 -3.605469 -1.647836 -0.580608 1.782439
    14 5.974704 2.920219 -4.391550 -1.937293 -0.275375 -3.272526
    15 7.558525 6.997282 -2.354134 -1.937336 -0.275393 3.010581
    16 7.558525 6.997282 -2.354134 1.937336 0.275393 -0.131011
    17 -2.867767 -2.740969 0.531125 2.051196 0.577049 -0.321829
    18 8.367188 1.621094 -7.535156 -1.937333 -0.275414 3.010565
    19 2.614002 2.377790 -5.879168 -1.937294 -0.275355 -3.272537
    20 5.595486 4.607124 0.422674 -1.090396 0.577049 -0.321829
    21 6.233833 5.542564 0.898426 -1.090396 0.577049 -0.321829
    22 6.946648 6.587124 1.429667 -1.090396 0.577049 -0.321829
    23 7.537933 7.453606 1.870349 -1.090396 0.577049 -0.321829
    24 8.154472 8.357077 2.329839 -1.090396 0.577049 -0.321829
    25 8.874294 9.411907 2.866308 -1.090396 0.577049 -0.321829
    26 -4.125858 -2.321501 1.394414 2.051196 0.577049 -0.321829
    27 -4.826813 -3.348669 0.872014 2.051196 0.577049 -0.321829
    28 -5.441669 -4.249685 0.413772 2.051196 0.577049 -0.321829
    29 -0.552532 -1.343527 1.604446 -0.531397 0.349107 -0.535250
    30 0.552589 1.343534 -1.604463 -0.572352 0.200762 -0.519412
    31 0.000000 -2.021618 -0.000004 -0.140762 0.000000 0.000000
    32 -0.000021 2.021633 0.000027 -0.182286 0.000000 0.000000
    33 -0.000004 -1.136217 -0.000004 -0.537682 0.000000 0.000000
    34 -0.000011 1.136200 -0.000019 -0.591471 0.000000 0.000000
    35 -0.032677 -4.587727 1.352317 2.444718 1.216159 2.484986
    36 0.032719 4.587772 -1.352291 2.844703 1.216154 2.484990
    37 0.000000 -1.754536 -0.000002 0.193351 0.000000 0.000000
    38 -0.000006 1.754520 -0.000034 0.301016 0.000000 0.000000
    39 0.000000 -1.227020 -0.000002 0.955670 0.000000 0.000000
    40 0.000002 1.227070 0.000032 0.655020 0.000000 0.000000
    41 -0.367996 -4.208406 0.173244 2.475865 1.091695 2.536227
    42 0.368011 4.208412 -0.173239 2.894879 1.091697 2.536230
    43 0.000000 -2.372318 -0.000004 0.834666 0.000000 0.000000
    44 -0.000006 2.372318 -0.000032 0.737827 0.000000 0.000000
    45 0.000004 -1.580070 -0.000001 0.495055 0.000000 0.000000
    46 -0.000002 1.580170 0.000030 0.744518 0.000000 0.000000
    47 -0.937645 -3.860697 -0.959317 2.205251 0.797005 2.273736
    48 0.937672 3.860714 0.959333 2.990775 1.016697 2.713704
    49 0.000000 -1.690632 0.000000 0.848242 0.000000 0.000000
    50 -0.000013 1.690666 0.000021 0.568265 0.000000 0.000000
    51 -0.000002 -1.423443 0.000002 0.234212 0.000000 0.000000
    52 0.000008 1.423420 0.000028 0.761965 0.000000 0.000000
    53 -1.546646 -3.404194 -1.915569 2.750280 1.118484 2.534731
    54 1.546661 3.404217 1.915585 -3.076191 1.031499 2.824457
    55 0.000004 -1.437820 0.000000 0.424958 0.000000 0.000000
    56 -0.000021 1.437870 0.000031 -0.074280 0.000000 0.000000
    57 -0.000002 -1.059402 0.000000 0.322075 0.000000 0.000000
    58 0.000006 1.059372 0.000008 0.911714 0.000000 0.000000
    59 -0.000004 -13.013485 -0.000004 0.010936 -0.284121 -0.076428
    60 0.161133 -10.812500 0.023087 0.010936 -0.284121 -0.076428
  time 86
    0 0.000000 0.826660 0.000001 -1.559900 -0.000006 -0.000006
    1 -10.723376 4.021813 0.943485 -0.724701 0.112514 1.858763
    2 0.000000 14.313023 0.000003 -1.629362 0.000000 0.000000
    3 -0.000011 13.013483 -0.000005 -2.375831 1.150216 -2.984567
    4 8.648438 7.792969 3.429688 2.222705 0.399521 -1.404265
    5 0.000000 -14.313034 0.000000 -1.556552 0.000000 0.000000
    6 -0.000004 -13.013485 -0.000004 0.538394 0.815277 0.754107
    7 -1.330879 -2.698427 0.462449 -0.194886 -0.547260 3.056712
    8 1.330910 2.698444 -0.462436 0.194890 0.547268 -0.084879
    9 7.226192 4.554650 -2.960350 -1.937239 -0.275294 -3.272498
    10 10.562500 2.281250 -6.339844 -2.460934 -0.275417 3.010575
    11 1.807617 7.578125 -7.230469 -1.550988 -0.382996 1.806934
    12 1.376953 7.875000 -12.054688 -1.277176 -0.488708 1.819244
    13 4.527344 3.457031 -3.605469 -1.647836 -0.580608 1.782439
    14 5.974704 2.920219 -4.391550 -1.937293 -0.275375 -3.272526
    15 7.558525 6.997282 -2.354134 -1.937336 -0.275393 3.010581
    16 7.558525 6.997282 -2.354134 1.937336 0.275393 -0.131011
    17 -2.867767 -2.740969 0.531125 2.051196 0.577049 -0.321829
    18 8.367188 1.621094 -7.535156 -1.937333 -0.275414 3.010565
    19 2.614002 2.377790 -5.879168 -1.937294 -0.275355 -3.272537
    20 5.595486 4.607124 0.422674 -1.090396 0.577049 -0.321829
    21 6.233833 5.542564 0.898426 -1.090396 0.577049 -0.321829
    22 6.946648 6.587124 1.429667 -1.090396 0.577049 -0.321829
    23 7.537933 7.453606 1.870349 -1.090396 0.577049 -0.321829
    24 8.154472 8.357077 2.329839 -1.090396 0.577049 -0.321829
    25 8.874294 9.411907 2.866308 -1.090396 0.577049 -0.321829
    26 -4.125858 -2.321501 1.394414 2.051196 0.577049 -0.321829
    27 -4.826813 -3.348669 0.872014 2.051196 0.577049 -0.321829
    28 -5.441669 -4.249685 0.413772 2.051196 0.577049 -0.321829
    29 -0.552532 -1.343527 1.604446 -0.531397 0.349107 -0.535250
    30 0.552589 1.343534 -1.604463 -0.572352 0.200762 -0.519412
    31 0.000000 -2.021618 -0.000004 -0.140762 0.000000 0.000000
    32 -0.000021 2.021633 0.000027 -0.182286 0.000000 0.000000
    33 -0.000004 -1.136217 -0.000004 -0.537682 0.000000 0.000000
    34 -0.000011 1.136200 -0.000019 -0.591471 0.000000 0.000000
    35 -0.032677 -4.587727 1.352317 2.444718 1.216159 2.484986
    36 0.032719 4.587772 -1.352291 2.844703 1.216154 2.484990
    37 0.000000 -1.754536 -0.000002 0.193351 0.000000 0.000000
    38 -0.000006 1.754520 -0.000034 0.301016 0.000000 0.000000
    39 0.000000 -1.227020 -0.000002 0.955670 0.000000 0.000000
    40 0.000002 1.227070 0.000032 0.655020 0.000000 0.000000
    41 -0.367996 -4.208406 0.173244 2.475865 1.091695 2.536227
    42 0.368011 4.208412 -0.173239 2.894879 1.091697 2.536230
    43 0.000000 -2.372318 -0.000004 0.834666 0.000000 0.000000
    44 -0.000006 2.372318 -0.000032 0.737827 0.000000 0.000000
    45 0.000004 -1.580070 -0.000001 0.495055 0.000000 0.000000
    46 -0.000002 1.580170 0.000030 0.744518 0.000000 0.000000
    47 -0.937645 -3.860697 -0.959317 2.205251 0.797005 2.273736
    48 0.937672 3.860714 0.959333 2.990775 1.016697 2.713704
    49 0.000000 -1.690632 0.000000 0.848242 0.000000 0.000000
    50 -0.000013 1.690666 0.000021 0.568265 0.000000 0.000000
    51 -0.000002 -1.423443 0.000002 0.234212 0.000000 0.000000
    52 0.000008 1.423420 0.000028 0.761965 0.000000 0.000000
    53 -1.546646 -3.404194 -1.915569 2.750280 1.118484 2.534731
    54 1.546661 3.404217 1.915585 -3.076191 1.031499 2.824457
    55 0.000004 -1.437820 0.000000 0.424958 0.000000 0.000000
    56 -0.000021 1.437870 0.000031 -0.074280 0.000000 0.000000
    57 -0.000002 -1.059402 0.000000 0.322075 0.000000 0.000000
    58 0.000006 1.059372 0.000008 0.911714 0.000000 0.000000
    59 -0.000004 -13.013485 -0.000004 0.010936 -0.284121 -0.076428
    60 0.161133 -10.812500 0.023087 0.010936 -0.284121 -0.076428
  time 87
    0 0.000000 0.826660 0.000001 -1.559900 -0.000006 -0.000006
    1 -10.723376 4.021813 0.943485 -0.726267 0.110464 1.853416
    2 0.000000 14.313023 0.000003 -1.630279 0.000000 0.000000
    3 -0.000011 13.013483 -0.000005 -2.380991 1.158046 -2.989648
    4 8.648438 7.792969 3.429688 2.222705 0.399521 -1.404265
    5 0.000000 -14.313034 0.000000 -1.556552 0.000000 0.000000
    6 -0.000004 -13.013485 -0.000004 0.538394 0.815277 0.754107
    7 -1.330879 -2.698427 0.462449 -0.194886 -0.547260 3.056712
    8 1.330910 2.698444 -0.462436 0.194890 0.547268 -0.084879
    9 7.226192 4.554650 -2.960350 -1.937239 -0.275294 -3.272498
    10 10.562500 2.281250 -6.339844 -2.460934 -0.275417 3.010575
    11 1.807617 7.578125 -7.230469 -1.550988 -0.382996 1.806934
    12 1.376953 7.875000 -12.054688 -1.277176 -0.488708 1.819244
    13 4.527344 3.457031 -3.605469 -1.647836 -0.580608 1.782439
    14 5.974704 2.920219 -4.391550 -1.937293 -0.275375 -3.272526
    15 7.558525 6.997282 -2.354134 -1.937336 -0.275393 3.010581
    16 7.558525 6.997282 -2.354134 1.937336 0.275393 -0.131011
    17 -2.867767 -2.740969 0.531125 2.051196 0.577049 -0.321829
    18 8.367188 1.621094 -7.535156 -1.937333 -0.275414 3.010565
    19 2.614002 2.377790 -5.879168 -1.937294 -0.275355 -3.272537
    20 5.595486 4.607124 0.422674 -1.090396 0.577049 -0.321829
    21 6.233833 5.542564 0.898426 -1.090396 0.577049 -0.321829
    22 6.946648 6.587124 1.429667 -1.090396 0.577049 -0.321829
    23 7.537933 7.453606 1.870349 -1.090396 0.577049 -0.321829
    24 8.154472 8.357077 2.329839 -1.090396 0.577049 -0.321829
    25 8.874294 9.411907 2.866308 -1.090396 0.577049 -0.321829
    26 -4.125858 -2.321501 1.394414 2.051196 0.577049 -0.321829
    27 -4.826813 -3.348669 0.872014 2.051196 0.577049 -0.321829
    28 -5.441669 -4.249685 0.413772 2.051196 0.577049 -0.321829
    29 -0.552532 -1.343527 1.604446 -0.531397 0.349107 -0.535250
    30 0.552589 1.343534 -1.604463 -0.572352 0.200762 -0.519412
    31 0.000000 -2.021618 -0.000004 -0.140762 0.000000 0.000000
    32 -0.000021 2.021633 0.000027 -0.182286 0.000000 0.000000
    33 -0.000004 -1.136217 -0.000004 -0.537682 0.000000 0.000000
    34 -0.000011 1.136200 -0.000019 -0.591471 0.000000 0.000000
    35 -0.032677 -4.587727 1.352317 2.444718 1.216159 2.484986
    36 0.032719 4.587772 -1.352291 2.844703 1.216154 2.484990
    37 0.000000 -1.754536 -0.000002 0.193351 0.000000 0.000000
    38 -0.000006 1.754520 -0.000034 0.301016 0.000000 0.000000
    39 0.000000 -1.227020 -0.000002 0.955670 0.000000 0.000000
    40 0.000002 1.227070 0.000032 0.655020 0.000000 0.000000
    41 -0.367996 -4.208406 0.173244 2.475865 1.091695 2.536227
    42 0.368011 4.208412 -0.173239 2.894879 1.091697 2.536230
    43 0.000000 -2.372318 -0.000004 0.834666 0.000000 0.000000
    44 -0.000006 2.372318 -0.000032 0.737827 0.000000 0.000000
    45 0.000004 -1.580070 -0.000001 0.495055 0.000000 0.000000
    46 -0.000002 1.580170 0.000030 0.744518 0.000000 0.000000
    47 -0.937645 -3.860697 -0.959317 2.205251 0.797005 2.273736
    48 0.937672 3.860714 0.959333 2.990775 1.016697 2.713704
    49 0.000000 -1.690632 0.000000 0.848242 0.000000 0.000000
    50 -0.000013 1.690666 0.000021 0.568265 0.000000 0.000000
    51 -0.000002 -1.423443 0.000002 0.234212 0.000000 0.000000
    52 0.000008 1.423420 0.000028 0.761965 0.000000 0.000000
    53 -1.546646 -3.404194 -1.915569 2.750280 1.118484 2.534731
    54 1.546661 3.404217 1.915585 -3.076191 1.031499 2.824457
    55 0.000004 -1.437820 0.000000 0.424958 0.000000 0.000000
    56 -0.000021 1.437870 0.000031 -0.074280 0.000000 0.000000
    57 -0.000002 -1.059402 0.000000 0.322075 0.000000 0.000000
    58 0.000006 1.059372 0.000008 0.911714 0.000000 0.000000
    59 -0.000004 -13.013485 -0.000004 0.010936 -0.284121 -0.076428
    60 0.161133 -10.812500 0.023087 0.010936 -0.284121 -0.076428
  time 88
    0 0.000000 0.826660 0.000001 -1.559900 -0.000006 -0.000006
    1 -10.723376 4.021813 0.943485 -0.728294 0.107984 1.844861
    2 0.000000 14.313023 0.000003 -1.632112 0.000000 0.000000
    3 -0.000011 13.013483 -0.000005 -2.390163 1.168941 -3.000192
    4 8.648438 7.792969 3.429688 2.222705 0.399521 -1.404265
    5 0.000000 -14.313034 0.000000 -1.556552 0.000000 0.000000
    6 -0.000004 -13.013485 -0.000004 0.538394 0.815277 0.754107
    7 -1.330879 -2.698427 0.462449 -0.194886 -0.547260 3.056712
    8 1.330910 2.698444 -0.462436 0.194890 0.547268 -0.084879
    9 7.226192 4.554650 -2.960350 -1.937239 -0.275294 -3.272498
    10 10.562500 2.281250 -6.339844 -2.460934 -0.275417 3.010575
    11 1.807617 7.578125 -7.230469 -1.550988 -0.382996 1.806934
    12 1.376953 7.875000 -12.054688 -1.277176 -0.488708 1.819244
    13 4.527344 3.457031 -3.605469 -1.647836 -0.580608 1.782439
    14 5.974704 2.920219 -4.391550 -1.937293 -0.275375 -3.272526
    15 7.558525 6.997282 -2.354134 -1.937336 -0.275393 3.010581
    16 7.558525 6.997282 -2.354134 1.937336 0.275393 -0.131011
    17 -2.867767 -2.740969 0.531125 2.051196 0.577049 -0.321829
    18 8.367188 1.621094 -7.535156 -1.937333 -0.275414 3.010565
    19 2.614002 2.377790 -5.879168 -1.937294 -0.275355 -3.272537
    20 5.595486 4.607124 0.422674 -1.090396 0.577049 -0.321829
    21 6.233833 5.542564 0.898426 -1.090396 0.577049 -0.321829
    22 6.946648 6.587124 1.429667 -1.090396 0.577049 -0.321829
    23 7.537933 7.453606 1.870349 -1.090396 0.577049 -0.321829
    24 8.154472 8.357077 2.329839 -1.090396 0.577049 -0.321829
    25 8.874294 9.411907 2.866308 -1.090396 0.577049 -0.321829
    26 -4.125858 -2.321501 1.394414 2.051196 0.577049 -0.321829
    27 -4.826813 -3.348669 0.872014 2.051196 0.577049 -0.321829
    28 -5.441669 -4.249685 0.413772 2.051196 0.577049 -0.321829
    29 -0.552532 -1.343527 1.604446 -0.531397 0.349107 -0.535250
    30 0.552589 1.343534 -1.604463 -0.572352 0.200762 -0.519412
    31 0.000000 -2.021618 -0.000004 -0.140762 0.000000 0.000000
    32 -0.000021 2.021633 0.000027 -0.182286 0.000000 0.000000
    33 -0.000004 -1.136217 -0.000004 -0.537682 0.000000 0.000000
    34 -0.000011 1.136200 -0.000019 -0.591471 0.000000 0.000000
    35 -0.032677 -4.587727 1.352317 2.444718 1.216159 2.484986
    36 0.032719 4.587772 -1.352291 2.844703 1.216154 2.484990
    37 0.000000 -1.754536 -0.000002 0.193351 0.000000 0.000000
    38 -0.000006 1.754520 -0.000034 0.301016 0.000000 0.000000
    39 0.000000 -1.227020 -0.000002 0.955670 0.000000 0.000000
    40 0.000002 1.227070 0.000032 0.655020 0.000000 0.000000
    41 -0.367996 -4.208406 0.173244 2.475865 1.091695 2.536227
    42 0.368011 4.208412 -0.173239 2.894879 1.091697 2.536230
    43 0.000000 -2.372318 -0.000004 0.834666 0.000000 0.000000
    44 -0.000006 2.372318 -0.000032 0.737827 0.000000 0.000000
    45 0.000004 -1.580070 -0.000001 0.495055 0.000000 0.000000
    46 -0.000002 1.580170 0.000030 0.744518 0.000000 0.000000
    47 -0.937645 -3.860697 -0.959317 2.205251 0.797005 2.273736
    48 0.937672 3.860714 0.959333 2.990775 1.016697 2.713704
    49 0.000000 -1.690632 0.000000 0.848242 0.000000 0.000000
    50 -0.000013 1.690666 0.000021 0.568265 0.000000 0.000000
    51 -0.000002 -1.423443 0.000002 0.234212 0.000000 0.000000
    52 0.000008 1.423420 0.000028 0.761965 0.000000 0.000000
    53 -1.546646 -3.404194 -1.915569 2.750280 1.118484 2.534731
    54 1.546661 3.404217 1.915585 -3.076191 1.031499 2.824457
    55 0.000004 -1.437820 0.000000 0.424958 0.000000 0.000000
    56 -0.000021 1.437870 0.000031 -0.074280 0.000000 0.000000
    57 -0.000002 -1.059402 0.000000 0.322075 0.000000 0.000000
    58 0.000006 1.059372 0.000008 0.911714 0.000000 0.000000
    59 -0.000004 -13.013485 -0.000004 0.010936 -0.284121 -0.076428
    60 0.161133 -10.812500 0.023087 0.010936 -0.284121 -0.076428
  time 89
    0 0.000000 0.826660 0.000001 -1.559900 -0.000006 -0.000006
    1 -10.723376 4.021813 0.943485 -0.730967 0.105027 1.831266
    2 0.000000 14.313023 0.000003 -1.634983 0.000000 0.000000
    3 -0.000011 13.013483 -0.000005 -2.403922 1.184129 -3.018404
    4 8.648438 7.792969 3.429688 2.222705 0.399521 -1.404265
    5 0.000000 -14.313034 0.000000 -1.556552 0.000000 0.000000
    6 -0.000004 -13.013485 -0.000004 0.538394 0.815277 0.754107
    7 -1.330879 -2.698427 0.462449 -0.194886 -0.547260 3.056712
    8 1.330910 2.698444 -0.462436 0.194890 0.547268 -0.084879
    9 7.226192 4.554650 -2.960350 -1.937239 -0.275294 -3.272498
    10 10.562500 2.281250 -6.339844 -2.460934 -0.275417 3.010575
    11 1.807617 7.578125 -7.230469 -1.550988 -0.382996 1.806934
    12 1.376953 7.875000 -12.054688 -1.277176 -0.488708 1.819244
    13 4.527344 3.457031 -3.605469 -1.647836 -0.580608 1.782439
    14 5.974704 2.920219 -4.391550 -1.937293 -0.275375 -3.272526
    15 7.558525 6.997282 -2.354134 -1.937336 -0.275393 3.010581
    16 7.558525 6.997282 -2.354134 1.937336 0.275393 -0.131011
    17 -2.867767 -2.740969 0.531125 2.051196 0.577049 -0.321829
    18 8.367188 1.621094 -7.535156 -1.937333 -0.275414 3.010565
    19 2.614002 2.377790 -5.879168 -1.937294 -0.275355 -3.272537
    20 5.595486 4.607124 0.422674 -1.090396 0.577049 -0.321829
    21 6.233833 5.542564 0.898426 -1.090396 0.577049 -0.321829
    22 6.946648 6.587124 1.429667 -1.090396 0.577049 -0.321829
    23 7.537933 7.453606 1.870349 -1.090396 0.577049 -0.321829
    24 8.154472 8.357077 2.329839 -1.090396 0.577049 -0.321829
    25 8.874294 9.411907 2.866308 -1.090396 0.577049 -0.321829
    26 -4.125858 -2.321501 1.394414 2.051196 0.577049 -0.321829
    27 -4.826813 -3.348669 0.872014 2.051196 0.577049 -0.321829
    28 -5.441669 -4.249685 0.413772 2.051196 0.577049 -0.321829
    29 -0.552532 -1.343527 1.604446 -0.531397 0.349107 -0.535250
    30 0.552589 1.343534 -1.604463 -0.572352 0.200762 -0.519412
    31 0.000000 -2.021618 -0.000004 -0.140762 0.000000 0.000000
    32 -0.000021 2.021633 0.000027 -0.182286 0.000000 0.000000
    33 -0.000004 -1.136217 -0.000004 -0.537682 0.000000 0.000000
    34 -0.000011 1.136200 -0.000019 -0.591471 0.000000 0.000000
    35 -0.032677 -4.587727 1.352317 2.444718 1.216159 2.484986
    36 0.032719 4.587772 -1.352291 2.844703 1.216154 2.484990
    37 0.000000 -1.754536 -0.000002 0.193351 0.000000 0.000000
    38 -0.000006 1.754520 -0.000034 0.301016 0.000000 0.000000
    39 0.000000 -1.227020 -0.000002 0.955670 0.000000 0.000000
    40 0.000002 1.227070 0.000032 0.655020 0.000000 0.000000
    41 -0.367996 -4.208406 0.173244 2.475865 1.091695 2.536227
    42 0.368011 4.208412 -0.173239 2.894879 1.091697 2.536230
    43 0.000000 -2.372318 -0.000004 0.834666 0.000000 0.000000
    44 -0.000006 2.372318 -0.000032 0.737827 0.000000 0.000000
    45 0.000004 -1.580070 -0.000001 0.495055 0.000000 0.000000
    46 -0.000002 1.580170 0.000030 0.744518 0.000000 0.000000
    47 -0.937645 -3.860697 -0.959317 2.205251 0.797005 2.273736
    48 0.937672 3.860714 0.959333 2.990775 1.016697 2.713704
    49 0.000000 -1.690632 0.000000 0.848242 0.000000 0.000000
    50 -0.000013 1.690666 0.000021 0.568265 0.000000 0.000000
    51 -0.000002 -1.423443 0.000002 0.234212 0.000000 0.000000
    52 0.000008 1.423420 0.000028 0.761965 0.000000 0.000000
    53 -1.546646 -3.404194 -1.915569 2.750280 1.118484 2.534731
    54 1.546661 3.404217 1.915585 -3.076191 1.031499 2.824457
    55 0.000004 -1.437820 0.000000 0.424958 0.000000 0.000000
    56 -0.000021 1.437870 0.000031 -0.074280 0.000000 0.000000
    57 -0.000002 -1.059402 0.000000 0.322075 0.000000 0.000000
    58 0.000006 1.059372 0.000008 0.911714 0.000000 0.000000
    59 -0.000004 -13.013485 -0.000004 0.010936 -0.284121 -0.076428
    60 0.161133 -10.812500 0.023087 0.010936 -0.284121 -0.076428
  time 90
    0 0.000000 0.826660 0.000001 -1.559900 -0.000006 -0.000006
    1 -10.723376 4.021813 0.943485 -0.733270 0.101212 1.811330
    2 0.000000 14.313023 0.000003 -1.640177 0.000000 0.000000
    3 -0.000011 13.013483 -0.000005 -2.436314 1.207477 -3.055596
    4 8.648438 7.792969 3.429688 2.222705 0.399521 -1.404265
    5 0.000000 -14.313034 0.000000 -1.556552 0.000000 0.000000
    6 -0.000004 -13.013485 -0.000004 0.538394 0.815277 0.754107
    7 -1.330879 -2.698427 0.462449 -0.194886 -0.547260 3.056712
    8 1.330910 2.698444 -0.462436 0.194890 0.547268 -0.084879
    9 7.285156 4.597656 -3.041016 -1.937331 -0.275423 3.010558
    10 10.570313 2.281250 -6.343750 -2.460934 -0.275417 3.010575
    11 1.806641 7.582031 -7.234375 -1.550988 -0.382996 1.806934
    12 1.376953 7.875000 -12.054688 -1.277176 -0.488708 1.819244
    13 4.531250 3.457031 -3.607422 -1.647836 -0.580608 1.782439
    14 5.974704 2.920219 -4.391550 -1.937293 -0.275375 -3.272616
    15 7.558525 6.997282 -2.354134 -1.937336 -0.275393 3.010581
    16 7.558525 6.997282 -2.354134 1.937336 0.275393 -0.131011
    17 -2.867767 -2.740969 0.531125 2.051196 0.577049 -0.321829
    18 8.375000 1.621094 -7.539063 -1.937331 -0.275423 3.010558
    19 2.614002 2.377790 -5.879168 -1.937294 -0.275294 -3.272537
    20 5.595486 4.607124 0.422674 -1.090396 0.577049 -0.321829
    21 6.233833 5.542564 0.898426 -1.090396 0.577049 -0.321829
    22 6.946648 6.587124 1.429667 -1.090396 0.577049 -0.321829
    23 7.537933 7.453606 1.870349 -1.090396 0.577049 -0.321829
    24 8.154472 8.357077 2.329839 -1.090396 0.577049 -0.321829
    25 8.874294 9.411907 2.866308 -1.090396 0.577049 -0.321829
    26 -4.125858 -2.321501 1.394414 2.051196 0.577049 -0.321829
    27 -4.826813 -3.348669 0.872014 2.051196 0.577049 -0.321829
    28 -5.441669 -4.249685 0.413772 2.051196 0.577049 -0.321829
    29 -0.552532 -1.343527 1.604446 -0.531397 0.349107 -0.535250
    30 0.552589 1.343534 -1.604463 -0.572351 0.200763 -0.519410
    31 0.000000 -2.021618 -0.000004 -0.140762 0.000000 0.000000
    32 -0.000021 2.021633 0.000027 -0.182286 0.000000 0.000000
    33 -0.000004 -1.136217 -0.000004 -0.537682 0.000000 0.000000
    34 -0.000011 1.136200 -0.000019 -0.591471 0.000000 0.000000
    35 -0.032677 -4.587727 1.352317 2.444718 1.216159 2.484986
    36 0.032719 4.587772 -1.352291 2.844703 1.216154 2.484990
    37 0.000000 -1.754536 -0.000002 0.193351 0.000000 0.000000
    38 -0.000006 1.754520 -0.000034 0.301016 0.000000 0.000000
    39 0.000000 -1.227020 -0.000002 0.955670 0.000000 0.000000
    40 0.000002 1.227070 0.000032 0.655020 0.000000 0.000000
    41 -0.367996 -4.208406 0.173244 2.475865 1.091695 2.536227
    42 0.368011 4.208412 -0.173239 2.894872 1.091696 2.536226
    43 0.000000 -2.372318 -0.000004 0.834666 0.000000 0.000000
    44 -0.000006 2.372318 -0.000032 0.737827 0.000000 0.000000
    45 0.000004 -1.580070 -0.000001 0.495055 0.000000 0.000000
    46 -0.000002 1.580170 0.000030 0.744518 0.000000 0.000000
    47 -0.937645 -3.860697 -0.959317 2.205251 0.797005 2.273736
    48 0.937672 3.860714 0.959333 2.990775 1.016697 2.713704
    49 0.000000 -1.690632 0.000000 0.848242 0.000000 0.000000
    50 -0.000013 1.690666 0.000021 0.568265 0.000000 0.000000
    51 -0.000002 -1.423443 0.000002 0.234212 0.000000 0.000000
    52 0.000008 1.423420 0.000028 0.761967 0.000000 0.000000
    53 -1.546646 -3.404194 -1.915569 2.750280 1.118484 2.534731
    54 1.546661 3.404217 1.915585 -3.076191 1.031499 2.824457
    55 0.000004 -1.437820 0.000000 0.424958 0.000000 0.000000
    56 -0.000021 1.437870 0.000031 -0.074282 0.000000 0.000000
    57 -0.000002 -1.059402 0.000000 0.322075 0.000000 0.000000
    58 0.000006 1.059372 0.000008 0.911714 0.000000 0.000000
    59 -0.000004 -13.013485 -0.000004 0.010936 -0.284121 -0.076428
    60 0.161133 -10.812500 0.023087 0.010936 -0.284121 -0.076428
  time 91
    0 0.000000 0.826660 0.000001 -1.559900 -0.000006 -0.000006
    1 -10.723376 4.021813 0.943485 -0.734837 0.096300 1.783145
    2 0.000000 14.313023 0.000003 -1.648425 0.000000 0.000000
    3 -0.000011 13.013483 -0.000005 -2.504345 1.242145 -3.128063
    4 8.648438 7.792969 3.429688 2.222705 0.399521 -1.404265
    5 0.000000 -14.313034 0.000000 -1.556552 0.000000 0.000000
    6 -0.000004 -13.013485 -0.000004 0.538394 0.815277 0.754107
    7 -1.330879 -2.698427 0.462449 -0.194886 -0.547260 3.056712
    8 1.330910 2.698444 -0.462436 0.194890 0.547268 -0.084879
    9 7.285156 4.597656 -3.041016 -1.937331 -0.275423 3.010558
    10 10.570313 2.281250 -6.343750 -2.460934 -0.275417 3.010575
    11 1.806641 7.582031 -7.234375 -1.550988 -0.382996 1.806934
    12 1.376953 7.875000 -12.054688 -1.277176 -0.488708 1.819244
    13 4.531250 3.457031 -3.607422 -1.647836 -0.580608 1.782439
    14 5.974704 2.920219 -4.391550 -1.937293 -0.275375 -3.272616
    15 7.558525 6.997282 -2.354134 -1.937336 -0.275393 3.010581
    16 7.558525 6.997282 -2.354134 1.937336 0.275393 -0.131011
    17 -2.867767 -2.740969 0.531125 2.051196 0.577049 -0.321829
    18 8.375000 1.621094 -7.539063 -1.937331 -0.275423 3.010558
    19 2.614002 2.377790 -5.879168 -1.937294 -0.275294 -3.272537
    20 5.595486 4.607124 0.422674 -1.090396 0.577049 -0.321829
    21 6.233833 5.542564 0.898426 -1.090396 0.577049 -0.321829
    22 6.946648 6.587124 1.429667 -1.090396 0.577049 -0.321829
    23 7.537933 7.453606 1.870349 -1.090396 0.577049 -0.321829
    24 8.154472 8.357077 2.329839 -1.090396 0.577049 -0.321829
    25 8.874294 9.411907 2.866308 -1.090396 0.577049 -0.321829
    26 -4.125858 -2.321501 1.394414 2.051196 0.577049 -0.321829
    27 -4.826813 -3.348669 0.872014 2.051196 0.577049 -0.321829
    28 -5.441669 -4.249685 0.413772 2.051196 0.577049 -0.321829
    29 -0.552532 -1.343527 1.604446 -0.531397 0.349107 -0.535250
    30 0.552589 1.343534 -1.604463 -0.572351 0.200763 -0.519410
    31 0.000000 -2.021618 -0.000004 -0.140762 0.000000 0.000000
    32 -0.000021 2.021633 0.000027 -0.182286 0.000000 0.000000
    33 -0.000004 -1.136217 -0.000004 -0.537682 0.000000 0.000000
    34 -0.000011 1.136200 -0.000019 -0.591471 0.000000 0.000000
    35 -0.032677 -4.587727 1.352317 2.444718 1.216159 2.484986
    36 0.032719 4.587772 -1.352291 2.844703 1.216154 2.484990
    37 0.000000 -1.754536 -0.000002 0.193351 0.000000 0.000000
    38 -0.000006 1.754520 -0.000034 0.301016 0.000000 0.000000
    39 0.000000 -1.227020 -0.000002 0.955670 0.000000 0.000000
    40 0.000002 1.227070 0.000032 0.655020 0.000000 0.000000
    41 -0.367996 -4.208406 0.173244 2.475865 1.091695 2.536227
    42 0.368011 4.208412 -0.173239 2.894872 1.091696 2.536226
    43 0.000000 -2.372318 -0.000004 0.834666 0.000000 0.000000
    44 -0.000006 2.372318 -0.000032 0.737827 0.000000 0.000000
    45 0.000004 -1.580070 -0.000001 0.495055 0.000000 0.000000
    46 -0.000002 1.580170 0.000030 0.744518 0.000000 0.000000
    47 -0.937645 -3.860697 -0.959317 2.205251 0.797005 2.273736
    48 0.937672 3.860714 0.959333 2.990775 1.016697 2.713704
    49 0.000000 -1.690632 0.000000 0.848242 0.000000 0.000000
    50 -0.000013 1.690666 0.000021 0.568265 0.000000 0.000000
    51 -0.000002 -1.423443 0.000002 0.234212 0.000000 0.000000
    52 0.000008 1.423420 0.000028 0.761967 0.000000 0.000000
    53 -1.546646 -3.404194 -1.915569 2.750280 1.118484 2.534731
    54 1.546661 3.404217 1.915585 -3.076191 1.031499 2.824457
    55 0.000004 -1.437820 0.000000 0.424958 0.000000 0.000000
    56 -0.000021 1.437870 0.000031 -0.074282 0.000000 0.000000
    57 -0.000002 -1.059402 0.000000 0.322075 0.000000 0.000000
    58 0.000006 1.059372 0.000008 0.911714 0.000000 0.000000
    59 -0.000004 -13.013485 -0.000004 0.010936 -0.284121 -0.076428
    60 0.161133 -10.812500 0.023087 0.010936 -0.284121 -0.076428
  time 92
    0 0.000000 0.826660 0.000001 -1.559900 -0.000006 -0.000006
    1 -10.723376 4.021813 0.943485 -0.736035 0.090291 1.744191
    2 0.000000 14.313023 0.000003 -1.659056 0.000000 0.000000
    3 -0.000011 13.013483 -0.000005 -2.623112 1.287472 3.030195
    4 8.648438 7.792969 3.429688 2.222705 0.399521 -1.404265
    5 0.000000 -14.313034 0.000000 -1.556552 0.000000 0.000000
    6 -0.000004 -13.013485 -0.000004 0.538394 0.815277 0.754107
    7 -1.330879 -2.698427 0.462449 -0.194886 -0.547260 3.056712
    8 1.330910 2.698444 -0.462436 0.194890 0.547268 -0.084879
    9 7.285156 4.597656 -3.041016 -1.937331 -0.275423 3.010558
    10 10.570313 2.281250 -6.343750 -2.460934 -0.275417 3.010575
    11 1.806641 7.582031 -7.234375 -1.550988 -0.382996 1.806934
    12 1.376953 7.875000 -12.054688 -1.277176 -0.488708 1.819244
    13 4.531250 3.457031 -3.607422 -1.647836 -0.580608 1.782439
    14 5.974704 2.920219 -4.391550 -1.937293 -0.275375 -3.272616
    15 7.558525 6.997282 -2.354134 -1.937336 -0.275393 3.010581
    16 7.558525 6.997282 -2.354134 1.937336 0.275393 -0.131011
    17 -2.867767 -2.740969 0.531125 2.051196 0.577049 -0.321829
    18 8.375000 1.621094 -7.539063 -1.937331 -0.275423 3.010558
    19 2.614002 2.381697 -5.883075 -1.937294 -0.275294 -3.272537
    20 5.595486 4.607124 0.422674 -1.090396 0.577049 -0.321829
    21 6.233833 5.542564 0.898426 -1.090396 0.577049 -0.321829
    22 6.946648 6.587124 1.429667 -1.090396 0.577049 -0.321829
    23 7.537933 7.453606 1.870349 -1.090396 0.577049 -0.321829
    24 8.154472 8.357077 2.329839 -1.090396 0.577049 -0.321829
    25 8.874294 9.411907 2.866308 -1.090396 0.577049 -0.321829
    26 -4.125858 -2.321501 1.394414 2.051196 0.577049 -0.321829
    27 -4.826813 -3.348669 0.872014 2.051196 0.577049 -0.321829
    28 -5.441669 -4.249685 0.413772 2.051196 0.577049 -0.321829
    29 -0.552532 -1.343527 1.604446 -0.531397 0.349107 -0.535250
    30 0.552589 1.343534 -1.604463 -0.572351 0.200763 -0.519410
    31 0.000000 -2.021618 -0.000004 -0.140762 0.000000 0.000000
    32 -0.000021 2.021633 0.000027 -0.182286 0.000000 0.000000
    33 -0.000004 -1.136217 -0.000004 -0.537682 0.000000 0.000000
    34 -0.000011 1.136200 -0.000019 -0.591471 0.000000 0.000000
    35 -0.032677 -4.587727 1.352317 2.444718 1.216159 2.484986
    36 0.032719 4.587772 -1.352291 2.844703 1.216154 2.484990
    37 0.000000 -1.754536 -0.000002 0.193351 0.000000 0.000000
    38 -0.000006 1.754520 -0.000034 0.301016 0.000000 0.000000
    39 0.000000 -1.227020 -0.000002 0.955670 0.000000 0.000000
    40 0.000002 1.227070 0.000032 0.655020 0.000000 0.000000
    41 -0.367996 -4.208406 0.173244 2.475865 1.091695 2.536227
    42 0.368011 4.208412 -0.173239 2.894872 1.091696 2.536226
    43 0.000000 -2.372318 -0.000004 0.834666 0.000000 0.000000
    44 -0.000006 2.372318 -0.000032 0.737827 0.000000 0.000000
    45 0.000004 -1.580070 -0.000001 0.495055 0.000000 0.000000
    46 -0.000002 1.580170 0.000030 0.744518 0.000000 0.000000
    47 -0.937645 -3.860697 -0.959317 2.205251 0.797005 2.273736
    48 0.937672 3.860714 0.959333 2.990775 1.016697 2.713704
    49 0.000000 -1.690632 0.000000 0.848242 0.000000 0.000000
    50 -0.000013 1.690666 0.000021 0.568265 0.000000 0.000000
    51 -0.000002 -1.423443 0.000002 0.234212 0.000000 0.000000
    52 0.000008 1.423420 0.000028 0.761967 0.000000 0.000000
    53 -1.546646 -3.404194 -1.915569 2.750280 1.118484 2.534731
    54 1.546661 3.404217 1.915585 -3.076191 1.031499 2.824457
    55 0.000004 -1.437820 0.000000 0.424958 0.000000 0.000000
    56 -0.000021 1.437870 0.000031 -0.074282 0.000000 0.000000
    57 -0.000002 -1.059402 0.000000 0.322075 0.000000 0.000000
    58 0.000006 1.059372 0.000008 0.911714 0.000000 0.000000
    59 -0.000004 -13.013485 -0.000004 0.010936 -0.284121 -0.076428
    60 0.161133 -10.812500 0.023087 0.010936 -0.284121 -0.076428
  time 93
    0 0.000000 0.826660 0.000001 -1.559900 -0.000006 -0.000006
    1 -10.723376 4.021813 0.943485 -0.737601 0.083519 1.688204
    2 0.000000 14.313023 0.000003 -1.671276 0.000000 0.000000
    3 -0.000011 13.013483 -0.000005 -2.831601 1.342139 2.809055
    4 8.648438 7.792969 3.429688 2.222705 0.399521 -1.404265
    5 0.000000 -14.313034 0.000000 -1.556552 0.000000 0.000000
    6 -0.000004 -13.013485 -0.000004 0.538394 0.815277 0.754107
    7 -1.330879 -2.698427 0.462449 -0.194886 -0.547260 3.056712
    8 1.330910 2.698444 -0.462436 0.194890 0.547268 -0.084879
    9 7.285156 4.597656 -3.041016 -1.937331 -0.275423 3.010558
    10 10.570313 2.281250 -6.343750 -2.460934 -0.275417 3.010575
    11 1.806641 7.582031 -7.234375 -1.550988 -0.382996 1.806934
    12 1.376953 7.875000 -12.054688 -1.277176 -0.488708 1.819244
    13 4.531250 3.457031 -3.607422 -1.647836 -0.580608 1.782439
    14 5.974704 2.920219 -4.391550 -1.937293 -0.275375 -3.272526
    15 7.558525 6.997282 -2.354134 -1.937336 -0.275393 3.010581
    16 7.558525 6.997282 -2.354134 1.937336 0.275393 -0.131011
    17 -2.867767 -2.740969 0.531125 2.051196 0.577049 -0.321829
    18 8.375000 1.621094 -7.539063 -1.937331 -0.275423 3.010558
    19 2.617908 2.377790 -5.879168 -1.937294 -0.275294 -3.272441
    20 5.595486 4.607124 0.422674 -1.090396 0.577049 -0.321829
    21 6.233833 5.542564 0.898426 -1.090396 0.577049 -0.321829
    22 6.946648 6.587124 1.429667 -1.090396 0.577049 -0.321829
    23 7.537933 7.453606 1.870349 -1.090396 0.577049 -0.321829
    24 8.154472 8.357077 2.329839 -1.090396 0.577049 -0.321829
    25 8.874294 9.411907 2.866308 -1.090396 0.577049 -0.321829
    26 -4.125858 -2.321501 1.394414 2.051196 0.577049 -0.321829
    27 -4.826813 -3.348669 0.872014 2.051196 0.577049 -0.321829
    28 -5.441669 -4.249685 0.413772 2.051196 0.577049 -0.321829
    29 -0.552532 -1.343527 1.604446 -0.531397 0.349107 -0.535250
    30 0.552589 1.343534 -1.604463 -0.572351 0.200763 -0.519410
    31 0.000000 -2.021618 -0.000004 -0.140762 0.000000 0.000000
    32 -0.000021 2.021633 0.000027 -0.182286 0.000000 0.000000
    33 -0.000004 -1.136217 -0.000004 -0.537682 0.000000 0.000000
    34 -0.000011 1.136200 -0.000019 -0.591471 0.000000 0.000000
    35 -0.032677 -4.587727 1.352317 2.444718 1.216159 2.484986
    36 0.032719 4.587772 -1.352291 2.844703 1.216154 2.484990
    37 0.000000 -1.754536 -0.000002 0.193351 0.000000 0.000000
    38 -0.000006 1.754520 -0.000034 0.301016 0.000000 0.000000
    39 0.000000 -1.227020 -0.000002 0.955670 0.000000 0.000000
    40 0.000002 1.227070 0.000032 0.655020 0.000000 0.000000
    41 -0.367996 -4.208406 0.173244 2.475865 1.091695 2.536227
    42 0.368011 4.208412 -0.173239 2.894872 1.091696 2.536226
    43 0.000000 -2.372318 -0.000004 0.834666 0.000000 0.000000
    44 -0.000006 2.372318 -0.000032 0.737827 0.000000 0.000000
    45 0.000004 -1.580070 -0.000001 0.495055 0.000000 0.000000
    46 -0.000002 1.580170 0.000030 0.744518 0.000000 0.000000
    47 -0.937645 -3.860697 -0.959317 2.205251 0.797005 2.273736
    48 0.937672 3.860714 0.959333 2.990775 1.016697 2.713704
    49 0.000000 -1.690632 0.000000 0.848242 0.000000 0.000000
    50 -0.000013 1.690666 0.000021 0.568265 0.000000 0.000000
    51 -0.000002 -1.423443 0.000002 0.234212 0.000000 0.000000
    52 0.000008 1.423420 0.000028 0.761967 0.000000 0.000000
    53 -1.546646 -3.404194 -1.915569 2.750280 1.118484 2.534731
    54 1.546661 3.404217 1.915585 -3.076191 1.031499 2.824457
    55 0.000004 -1.437820 0.000000 0.424958 0.000000 0.000000
    56 -0.000021 1.437870 0.000031 -0.074282 0.000000 0.000000
    57 -0.000002 -1.059402 0.000000 0.322075 0.000000 0.000000
    58 0.000006 1.059372 0.000008 0.911714 0.000000 0.000000
    59 -0.000004 -13.013485 -0.000004 0.010936 -0.284121 -0.076428
    60 0.161133 -10.812500 0.023087 0.010936 -0.284121 -0.076428
  time 94
    0 0.000000 0.826660 0.000001 -1.559900 -0.000006 -0.000006
    1 -10.723376 4.021813 0.943485 -0.739997 0.075794 1.610600
    2 0.000000 14.313023 0.000003 -1.684351 0.000000 0.000000
    3 -0.000011 13.013483 -0.000005 3.044962 1.394636 2.380580
    4 8.648438 7.792969 3.429688 2.222705 0.399521 -1.404265
    5 0.000000 -14.313034 0.000000 -1.556552 0.000000 0.000000
    6 -0.000004 -13.013485 -0.000004 0.538394 0.815277 0.754107
    7 -1.330879 -2.698427 0.462449 -0.194886 -0.547260 3.056712
    8 1.330910 2.698444 -0.462436 0.194890 0.547268 -0.084879
    9 7.285156 4.597656 -3.041016 -1.937331 -0.275423 3.010558
    10 10.570313 2.281250 -6.343750 -2.460934 -0.275417 3.010575
    11 1.806641 7.582031 -7.234375 -1.550988 -0.382996 1.806934
    12 1.376953 7.875000 -12.054688 -1.277176 -0.488708 1.819244
    13 4.531250 3.457031 -3.607422 -1.647836 -0.580608 1.782439
    14 5.974704 2.920219 -4.391550 -1.937293 -0.275375 -3.272616
    15 7.558525 6.997282 -2.354134 -1.937336 -0.275393 3.010581
    16 7.558525 6.997282 -2.354134 1.937336 0.275393 -0.131011
    17 -2.867767 -2.740969 0.531125 2.051196 0.577049 -0.321829
    18 8.375000 1.621094 -7.539063 -1.937331 -0.275423 3.010558
    19 2.614002 2.377790 -5.883075 -1.937294 -0.275294 -3.272537
    20 5.595486 4.607124 0.422674 -1.090396 0.577049 -0.321829
    21 6.233833 5.542564 0.898426 -1.090396 0.577049 -0.321829
    22 6.946648 6.587124 1.429667 -1.090396 0.577049 -0.321829
    23 7.537933 7.453606 1.870349 -1.090396 0.577049 -0.321829
    24 8.154472 8.357077 2.329839 -1.090396 0.577049 -0.321829
    25 8.874294 9.411907 2.866308 -1.090396 0.577049 -0.321829
    26 -4.125858 -2.321501 1.394414 2.051196 0.577049 -0.321829
    27 -4.826813 -3.348669 0.872014 2.051196 0.577049 -0.321829
    28 -5.441669 -4.249685 0.413772 2.051196 0.577049 -0.321829
    29 -0.552532 -1.343527 1.604446 -0.531397 0.349107 -0.535250
    30 0.552589 1.343534 -1.604463 -0.572351 0.200763 -0.519410
    31 0.000000 -2.021618 -0.000004 -0.140762 0.000000 0.000000
    32 -0.000021 2.021633 0.000027 -0.182286 0.000000 0.000000
    33 -0.000004 -1.136217 -0.000004 -0.537682 0.000000 0.000000
    34 -0.000011 1.136200 -0.000019 -0.591471 0.000000 0.000000
    35 -0.032677 -4.587727 1.352317 2.444718 1.216159 2.484986
    36 0.032719 4.587772 -1.352291 2.844703 1.216154 2.484990
    37 0.000000 -1.754536 -0.000002 0.193351 0.000000 0.000000
    38 -0.000006 1.754520 -0.000034 0.301016 0.000000 0.000000
    39 0.000000 -1.227020 -0.000002 0.955670 0.000000 0.000000
    40 0.000002 1.227070 0.000032 0.655020 0.000000 0.000000
    41 -0.367996 -4.208406 0.173244 2.475865 1.091695 2.536227
    42 0.368011 4.208412 -0.173239 2.894872 1.091696 2.536226
    43 0.000000 -2.372318 -0.000004 0.834666 0.000000 0.000000
    44 -0.000006 2.372318 -0.000032 0.737827 0.000000 0.000000
    45 0.000004 -1.580070 -0.000001 0.495055 0.000000 0.000000
    46 -0.000002 1.580170 0.000030 0.744518 0.000000 0.000000
    47 -0.937645 -3.860697 -0.959317 2.205251 0.797005 2.273736
    48 0.937672 3.860714 0.959333 2.990775 1.016697 2.713704
    49 0.000000 -1.690632 0.000000 0.848242 0.000000 0.000000
    50 -0.000013 1.690666 0.000021 0.568265 0.000000 0.000000
    51 -0.000002 -1.423443 0.000002 0.234212 0.000000 0.000000
    52 0.000008 1.423420 0.000028 0.761967 0.000000 0.000000
    53 -1.546646 -3.404194 -1.915569 2.750280 1.118484 2.534731
    54 1.546661 3.404217 1.915585 -3.076191 1.031499 2.824457
    55 0.000004 -1.437820 0.000000 0.424958 0.000000 0.000000
    56 -0.000021 1.437870 0.000031 -0.074282 0.000000 0.000000
    57 -0.000002 -1.059402 0.000000 0.322075 0.000000 0.000000
    58 0.000006 1.059372 0.000008 0.911714 0.000000 0.000000
    59 -0.000004 -13.013485 -0.000004 0.010936 -0.284121 -0.076428
    60 0.161133 -10.812500 0.023087 0.010936 -0.284121 -0.076428
  time 95
    0 0.000000 0.826660 0.000001 -1.559900 -0.000006 -0.000006
    1 -10.723376 4.021813 0.943485 -0.742669 0.066494 1.513367
    2 0.000000 14.313023 0.000003 -1.697487 0.000000 0.000000
    3 -0.000011 13.013483 -0.000005 2.359110 1.404399 1.664824
    4 8.648438 7.792969 3.429688 2.222705 0.399521 -1.404265
    5 0.000000 -14.313034 0.000000 -1.556552 0.000000 0.000000
    6 -0.000004 -13.013485 -0.000004 0.538394 0.815277 0.754107
    7 -1.330879 -2.698427 0.462449 -0.194886 -0.547260 3.056712
    8 1.330910 2.698444 -0.462436 0.194890 0.547268 -0.084879
    9 7.285156 4.597656 -3.041016 -1.937331 -0.275423 3.010558
    10 10.570313 2.281250 -6.343750 -2.460934 -0.275417 3.010575
    11 1.806641 7.582031 -7.234375 -1.550988 -0.382996 1.806934
    12 1.376953 7.875000 -12.054688 -1.277176 -0.488708 1.819244
    13 4.531250 3.457031 -3.607422 -1.647836 -0.580608 1.782439
    14 5.974704 2.920219 -4.391550 -1.937293 -0.275375 -3.272616
    15 7.558525 6.997282 -2.354134 -1.937336 -0.275393 3.010581
    16 7.558525 6.997282 -2.354134 1.937336 0.275393 -0.131011
    17 -2.867767 -2.740969 0.531125 2.051196 0.577049 -0.321829
    18 8.375000 1.621094 -7.539063 -1.937331 -0.275423 3.010558
    19 2.614002 2.377790 -5.879168 -1.937294 -0.275294 -3.272537
    20 5.595486 4.607124 0.422674 -1.090396 0.577049 -0.321829
    21 6.233833 5.542564 0.898426 -1.090396 0.577049 -0.321829
    22 6.946648 6.587124 1.429667 -1.090396 0.577049 -0.321829
    23 7.537933 7.453606 1.870349 -1.090396 0.577049 -0.321829
    24 8.154472 8.357077 2.329839 -1.090396 0.577049 -0.321829
    25 8.874294 9.411907 2.866308 -1.090396 0.577049 -0.321829
    26 -4.125858 -2.321501 1.394414 2.051196 0.577049 -0.321829
    27 -4.826813 -3.348669 0.872014 2.051196 0.577049 -0.321829
    28 -5.441669 -4.249685 0.413772 2.051196 0.577049 -0.321829
    29 -0.552532 -1.343527 1.604446 -0.531397 0.349107 -0.535250
    30 0.552589 1.343534 -1.604463 -0.572351 0.200763 -0.519410
    31 0.000000 -2.021618 -0.000004 -0.140762 0.000000 0.000000
    32 -0.000021 2.021633 0.000027 -0.182286 0.000000 0.000000
    33 -0.000004 -1.136217 -0.000004 -0.537682 0.000000 0.000000
    34 -0.000011 1.136200 -0.000019 -0.591471 0.000000 0.000000
    35 -0.032677 -4.587727 1.352317 2.444718 1.216159 2.484986
    36 0.032719 4.587772 -1.352291 2.844703 1.216154 2.484990
    37 0.000000 -1.754536 -0.000002 0.193351 0.000000 0.000000
    38 -0.000006 1.754520 -0.000034 0.301016 0.000000 0.000000
    39 0.000000 -1.227020 -0.000002 0.955670 0.000000 0.000000
    40 0.000002 1.227070 0.000032 0.655020 0.000000 0.000000
    41 -0.367996 -4.208406 0.173244 2.475865 1.091695 2.536227
    42 0.368011 4.208412 -0.173239 2.894872 1.091696 2.536226
    43 0.000000 -2.372318 -0.000004 0.834666 0.000000 0.000000
    44 -0.000006 2.372318 -0.000032 0.737827 0.000000 0.000000
    45 0.000004 -1.580070 -0.000001 0.495055 0.000000 0.000000
    46 -0.000002 1.580170 0.000030 0.744518 0.000000 0.000000
    47 -0.937645 -3.860697 -0.959317 2.205251 0.797005 2.273736
    48 0.937672 3.860714 0.959333 2.990775 1.016697 2.713704
    49 0.000000 -1.690632 0.000000 0.848242 0.000000 0.000000
    50 -0.000013 1.690666 0.000021 0.568265 0.000000 0.000000
    51 -0.000002 -1.423443 0.000002 0.234212 0.000000 0.000000
    52 0.000008 1.423420 0.000028 0.761967 0.000000 0.000000
    53 -1.546646 -3.404194 -1.915569 2.750280 1.118484 2.534731
    54 1.546661 3.404217 1.915585 -3.076191 1.031499 2.824457
    55 0.000004 -1.437820 0.000000 0.424958 0.000000 0.000000
    56 -0.000021 1.437870 0.000031 -0.074282 0.000000 0.000000
    57 -0.000002 -1.059402 0.000000 0.322075 0.000000 0.000000
    58 0.000006 1.059372 0.000008 0.911714 0.000000 0.000000
    59 -0.000004 -13.013485 -0.000004 0.010936 -0.284121 -0.076428
    60 0.161133 -10.812500 0.023087 0.010936 -0.284121 -0.076428
  time 96
    0 0.000000 0.826660 0.000001 -1.559900 -0.000006 -0.000006
    1 -10.723376 4.021813 0.943485 -0.744973 0.055335 1.401087
    2 0.000000 14.313023 0.000003 -1.709462 0.000000 0.000000
    3 -0.000011 13.013483 -0.000005 1.773202 1.339309 1.044158
    4 8.648438 7.792969 3.429688 2.222705 0.399521 -1.404265
    5 0.000000 -14.313034 0.000000 -1.556552 0.000000 0.000000
    6 -0.000004 -13.013485 -0.000004 0.538394 0.815277 0.754107
    7 -1.330879 -2.698427 0.462449 -0.194886 -0.547260 3.056712
    8 1.330910 2.698444 -0.462436 0.194890 0.547268 -0.084879
    9 7.285156 4.597656 -3.041016 -1.937331 -0.275423 3.010558
    10 10.570313 2.281250 -6.343750 -2.460934 -0.275417 3.010575
    11 1.806641 7.582031 -7.234375 -1.550988 -0.382996 1.806934
    12 1.376953 7.875000 -12.054688 -1.277176 -0.488708 1.819244
    13 4.531250 3.457031 -3.607422 -1.647836 -0.580608 1.782439
    14 5.974704 2.920219 -4.391550 -1.937293 -0.275375 -3.272616
    15 7.558525 6.997282 -2.354134 -1.937336 -0.275393 3.010581
    16 7.558525 6.997282 -2.354134 1.937336 0.275393 -0.131011
    17 -2.867767 -2.740969 0.531125 2.051196 0.577049 -0.321829
    18 8.375000 1.621094 -7.539063 -1.937331 -0.275423 3.010558
    19 2.614002 2.377790 -5.883075 -1.937294 -0.275294 -3.272537
    20 5.595486 4.607124 0.422674 -1.090396 0.577049 -0.321829
    21 6.233833 5.542564 0.898426 -1.090396 0.577049 -0.321829
    22 6.946648 6.587124 1.429667 -1.090396 0.577049 -0.321829
    23 7.537933 7.453606 1.870349 -1.090396 0.577049 -0.321829
    24 8.154472 8.357077 2.329839 -1.090396 0.577049 -0.321829
    25 8.874294 9.411907 2.866308 -1.090396 0.577049 -0.321829
    26 -4.125858 -2.321501 1.394414 2.051196 0.577049 -0.321829
    27 -4.826813 -3.348669 0.872014 2.051196 0.577049 -0.321829
    28 -5.441669 -4.249685 0.413772 2.051196 0.577049 -0.321829
    29 -0.552532 -1.343527 1.604446 -0.531397 0.349107 -0.535250
    30 0.552589 1.343534 -1.604463 -0.572351 0.200763 -0.519410
    31 0.000000 -2.021618 -0.000004 -0.140762 0.000000 0.000000
    32 -0.000021 2.021633 0.000027 -0.182286 0.000000 0.000000
    33 -0.000004 -1.136217 -0.000004 -0.537682 0.000000 0.000000
    34 -0.000011 1.136200 -0.000019 -0.591471 0.000000 0.000000
    35 -0.032677 -4.587727 1.352317 2.444718 1.216159 2.484986
    36 0.032719 4.587772 -1.352291 2.844703 1.216154 2.484990
    37 0.000000 -1.754536 -0.000002 0.193351 0.000000 0.000000
    38 -0.000006 1.754520 -0.000034 0.301016 0.000000 0.000000
    39 0.000000 -1.227020 -0.000002 0.955670 0.000000 0.000000
    40 0.000002 1.227070 0.000032 0.655020 0.000000 0.000000
    41 -0.367996 -4.208406 0.173244 2.475865 1.091695 2.536227
    42 0.368011 4.208412 -0.173239 2.894872 1.091696 2.536226
    43 0.000000 -2.372318 -0.000004 0.834666 0.000000 0.000000
    44 -0.000006 2.372318 -0.000032 0.737827 0.000000 0.000000
    45 0.000004 -1.580070 -0.000001 0.495055 0.000000 0.000000
    46 -0.000002 1.580170 0.000030 0.744518 0.000000 0.000000
    47 -0.937645 -3.860697 -0.959317 2.205251 0.797005 2.273736
    48 0.937672 3.860714 0.959333 2.990775 1.016697 2.713704
    49 0.000000 -1.690632 0.000000 0.848242 0.000000 0.000000
    50 -0.000013 1.690666 0.000021 0.568265 0.000000 0.000000
    51 -0.000002 -1.423443 0.000002 0.234212 0.000000 0.000000
    52 0.000008 1.423420 0.000028 0.761967 0.000000 0.000000
    53 -1.546646 -3.404194 -1.915569 2.750280 1.118484 2.534731
    54 1.546661 3.404217 1.915585 -3.076191 1.031499 2.824457
    55 0.000004 -1.437820 0.000000 0.424958 0.000000 0.000000
    56 -0.000021 1.437870 0.000031 -0.074282 0.000000 0.000000
    57 -0.000002 -1.059402 0.000000 0.322075 0.000000 0.000000
    58 0.000006 1.059372 0.000008 0.911714 0.000000 0.000000
    59 -0.000004 -13.013485 -0.000004 0.010936 -0.284121 -0.076428
    60 0.161133 -10.812500 0.023087 0.010936 -0.284121 -0.076428
  time 97
    0 0.000000 0.826660 0.000001 -1.559900 -0.000006 -0.000006
    1 -10.723376 4.021813 0.943485 -0.745894 0.042125 1.278190
    2 0.000000 14.313023 0.000003 -1.719788 0.000000 0.000000
    3 -0.000011 13.013483 -0.000005 1.456934 1.227287 0.691696
    4 8.648438 7.792969 3.429688 2.222705 0.399521 -1.404265
    5 0.000000 -14.313034 0.000000 -1.556552 0.000000 0.000000
    6 -0.000004 -13.013485 -0.000004 0.538394 0.815277 0.754107
    7 -1.330879 -2.698427 0.462449 -0.194886 -0.547260 3.056712
    8 1.330910 2.698444 -0.462436 0.194890 0.547268 -0.084879
    9 7.285156 4.597656 -3.041016 -1.937331 -0.275423 3.010558
    10 10.570313 2.281250 -6.343750 -2.460934 -0.275417 3.010575
    11 1.806641 7.582031 -7.234375 -1.550988 -0.382996 1.806934
    12 1.376953 7.875000 -12.054688 -1.277176 -0.488708 1.819244
    13 4.531250 3.457031 -3.607422 -1.647836 -0.580608 1.782439
    14 5.974704 2.920219 -4.391550 -1.937293 -0.275375 -3.272616
    15 7.558525 6.997282 -2.354134 -1.937336 -0.275393 3.010581
    16 7.558525 6.997282 -2.354134 1.937336 0.275393 -0.131011
    17 -2.867767 -2.740969 0.531125 2.051196 0.577049 -0.321829
    18 8.375000 1.621094 -7.539063 -1.937331 -0.275423 3.010558
    19 2.614002 2.381697 -5.879168 -1.937294 -0.275294 -3.272537
    20 5.595486 4.607124 0.422674 -1.090396 0.577049 -0.321829
    21 6.233833 5.542564 0.898426 -1.090396 0.577049 -0.321829
    22 6.946648 6.587124 1.429667 -1.090396 0.577049 -0.321829
    23 7.537933 7.453606 1.870349 -1.090396 0.577049 -0.321829
    24 8.154472 8.357077 2.329839 -1.090396 0.577049 -0.321829
    25 8.874294 9.411907 2.866308 -1.090396 0.577049 -0.321829
    26 -4.125858 -2.321501 1.394414 2.051196 0.577049 -0.321829
    27 -4.826813 -3.348669 0.872014 2.051196 0.577049 -0.321829
    28 -5.441669 -4.249685 0.413772 2.051196 0.577049 -0.321829
    29 -0.552532 -1.343527 1.604446 -0.531397 0.349107 -0.535250
    30 0.552589 1.343534 -1.604463 -0.572351 0.200763 -0.519410
    31 0.000000 -2.021618 -0.000004 -0.140762 0.000000 0.000000
    32 -0.000021 2.021633 0.000027 -0.182286 0.000000 0.000000
    33 -0.000004 -1.136217 -0.000004 -0.537682 0.000000 0.000000
    34 -0.000011 1.136200 -0.000019 -0.591471 0.000000 0.000000
    35 -0.032677 -4.587727 1.352317 2.444718 1.216159 2.484986
    36 0.032719 4.587772 -1.352291 2.844703 1.216154 2.484990
    37 0.000000 -1.754536 -0.000002 0.193351 0.000000 0.000000
    38 -0.000006 1.754520 -0.000034 0.301016 0.000000 0.000000
    39 0.000000 -1.227020 -0.000002 0.955670 0.000000 0.000000
    40 0.000002 1.227070 0.000032 0.655020 0.000000 0.000000
    41 -0.367996 -4.208406 0.173244 2.475865 1.091695 2.536227
    42 0.368011 4.208412 -0.173239 2.894872 1.091696 2.536226
    43 0.000000 -2.372318 -0.000004 0.834666 0.000000 0.000000
    44 -0.000006 2.372318 -0.000032 0.737827 0.000000 0.000000
    45 0.000004 -1.580070 -0.000001 0.495055 0.000000 0.000000
    46 -0.000002 1.580170 0.000030 0.744518 0.000000 0.000000
    47 -0.937645 -3.860697 -0.959317 2.205251 0.797005 2.273736
    48 0.937672 3.860714 0.959333 2.990775 1.016697 2.713704
    49 0.000000 -1.690632 0.000000 0.848242 0.000000 0.000000
    50 -0.000013 1.690666 0.000021 0.568265 0.000000 0.000000
    51 -0.000002 -1.423443 0.000002 0.234212 0.000000 0.000000
    52 0.000008 1.423420 0.000028 0.761967 0.000000 0.000000
    53 -1.546646 -3.404194 -1.915569 2.750280 1.118484 2.534731
    54 1.546661 3.404217 1.915585 -3.076191 1.031499 2.824457
    55 0.000004 -1.437820 0.000000 0.424958 0.000000 0.000000
    56 -0.000021 1.437870 0.000031 -0.074282 0.000000 0.000000
    57 -0.000002 -1.059402 0.000000 0.322075 0.000000 0.000000
    58 0.000006 1.059372 0.000008 0.911714 0.000000 0.000000
    59 -0.000004 -13.013485 -0.000004 0.010936 -0.284121 -0.076428
    60 0.161133 -10.812500 0.023087 0.010936 -0.284121 -0.076428
  time 98
    0 0.000000 0.826660 0.000001 -1.559900 -0.000006 -0.000006
    1 -10.723376 4.021813 0.943485 -0.744881 0.027246 1.151244
    2 0.000000 14.313023 0.000003 -1.727364 0.000000 0.000000
    3 -0.000011 13.013483 -0.000005 1.277684 1.095266 0.478896
    4 8.648438 7.792969 3.429688 2.222705 0.399521 -1.404265
    5 0.000000 -14.313034 0.000000 -1.556552 0.000000 0.000000
    6 -0.000004 -13.013485 -0.000004 0.538394 0.815277 0.754107
    7 -1.330879 -2.698427 0.462449 -0.194886 -0.547260 3.056712
    8 1.330910 2.698444 -0.462436 0.194890 0.547268 -0.084879
    9 7.285156 4.597656 -3.041016 -1.937331 -0.275423 3.010558
    10 10.570313 2.281250 -6.343750 -2.460934 -0.275417 3.010575
    11 1.806641 7.582031 -7.234375 -1.550988 -0.382996 1.806934
    12 1.376953 7.875000 -12.054688 -1.277176 -0.488708 1.819244
    13 4.531250 3.457031 -3.607422 -1.647836 -0.580608 1.782439
    14 5.974704 2.920219 -4.391550 -1.937293 -0.275375 -3.272616
    15 7.558525 6.997282 -2.354134 -1.937336 -0.275393 3.010581
    16 7.558525 6.997282 -2.354134 1.937336 0.275393 -0.131011
    17 -2.867767 -2.740969 0.531125 2.051196 0.577049 -0.321829
    18 8.375000 1.621094 -7.539063 -1.937331 -0.275423 3.010558
    19 2.614002 2.377790 -5.875262 -1.937294 -0.275294 -3.272537
    20 5.595486 4.607124 0.422674 -1.090396 0.577049 -0.321829
    21 6.233833 5.542564 0.898426 -1.090396 0.577049 -0.321829
    22 6.946648 6.587124 1.429667 -1.090396 0.577049 -0.321829
    23 7.537933 7.453606 1.870349 -1.090396 0.577049 -0.321829
    24 8.154472 8.357077 2.329839 -1.090396 0.577049 -0.321829
    25 8.874294 9.411907 2.866308 -1.090396 0.577049 -0.321829
    26 -4.125858 -2.321501 1.394414 2.051196 0.577049 -0.321829
    27 -4.826813 -3.348669 0.872014 2.051196 0.577049 -0.321829
    28 -5.441669 -4.249685 0.413772 2.051196 0.577049 -0.321829
    29 -0.552532 -1.343527 1.604446 -0.531397 0.349107 -0.535250
    30 0.552589 1.343534 -1.604463 -0.572351 0.200763 -0.519410
    31 0.000000 -2.021618 -0.000004 -0.140762 0.000000 0.000000
    32 -0.000021 2.021633 0.000027 -0.182286 0.000000 0.000000
    33 -0.000004 -1.136217 -0.000004 -0.537682 0.000000 0.000000
    34 -0.000011 1.136200 -0.000019 -0.591471 0.000000 0.000000
    35 -0.032677 -4.587727 1.352317 2.444718 1.216159 2.484986
    36 0.032719 4.587772 -1.352291 2.844703 1.216154 2.484990
    37 0.000000 -1.754536 -0.000002 0.193351 0.000000 0.000000
    38 -0.000006 1.754520 -0.000034 0.301016 0.000000 0.000000
    39 0.000000 -1.227020 -0.000002 0.955670 0.000000 0.000000
    40 0.000002 1.227070 0.000032 0.655020 0.000000 0.000000
    41 -0.367996 -4.208406 0.173244 2.475865 1.091695 2.536227
    42 0.368011 4.208412 -0.173239 2.894872 1.091696 2.536226
    43 0.000000 -2.372318 -0.000004 0.834666 0.000000 0.000000
    44 -0.000006 2.372318 -0.000032 0.737827 0.000000 0.000000
    45 0.000004 -1.580070 -0.000001 0.495055 0.000000 0.000000
    46 -0.000002 1.580170 0.000030 0.744518 0.000000 0.000000
    47 -0.937645 -3.860697 -0.959317 2.205251 0.797005 2.273736
    48 0.937672 3.860714 0.959333 2.990775 1.016697 2.713704
    49 0.000000 -1.690632 0.000000 0.848242 0.000000 0.000000
    50 -0.000013 1.690666 0.000021 0.568265 0.000000 0.000000
    51 -0.000002 -1.423443 0.000002 0.234212 0.000000 0.000000
    52 0.000008 1.423420 0.000028 0.761967 0.000000 0.000000
    53 -1.546646 -3.404194 -1.915569 2.750280 1.118484 2.534731
    54 1.546661 3.404217 1.915585 -3.076191 1.031499 2.824457
    55 0.000004 -1.437820 0.000000 0.424958 0.000000 0.000000
    56 -0.000021 1.437870 0.000031 -0.074282 0.000000 0.000000
    57 -0.000002 -1.059402 0.000000 0.322075 0.000000 0.000000
    58 0.000006 1.059372 0.000008 0.911714 0.000000 0.000000
    59 -0.000004 -13.013485 -0.000004 0.010936 -0.284121 -0.076428
    60 0.161133 -10.812500 0.023087 0.010936 -0.284121 -0.076428
  time 99
    0 0.000000 0.826660 0.000001 -1.559900 -0.000006 -0.000006
    1 -10.723376 4.021813 0.943485 -0.741379 0.011604 1.027965
    2 0.000000 14.313023 0.000003 -1.731457 0.000000 0.000000
    3 -0.000011 13.013483 -0.000005 1.158152 0.957774 0.332428
    4 8.648438 7.792969 3.429688 2.222705 0.399521 -1.404265
    5 0.000000 -14.313034 0.000000 -1.556552 0.000000 0.000000
    6 -0.000004 -13.013485 -0.000004 0.538394 0.815277 0.754107
    7 -1.330879 -2.698427 0.462449 -0.194886 -0.547260 3.056712
    8 1.330910 2.698444 -0.462436 0.194890 0.547268 -0.084879
    9 7.285156 4.597656 -3.041016 -1.937331 -0.275423 3.010558
    10 10.570313 2.281250 -6.343750 -2.460934 -0.275417 3.010575
    11 1.806641 7.582031 -7.234375 -1.550988 -0.382996 1.806934
    12 1.376953 7.875000 -12.054688 -1.277176 -0.488708 1.819244
    13 4.531250 3.457031 -3.607422 -1.647836 -0.580608 1.782439
    14 5.974704 2.920219 -4.391550 -1.937293 -0.275375 -3.272616
    15 7.558525 6.997282 -2.354134 -1.937336 -0.275393 3.010581
    16 7.558525 6.997282 -2.354134 1.937336 0.275393 -0.131011
    17 -2.867767 -2.740969 0.531125 2.051196 0.577049 -0.321829
    18 8.375000 1.621094 -7.539063 -1.937331 -0.275423 3.010558
    19 2.614002 2.377790 -5.875262 -1.937294 -0.275294 -3.272537
    20 5.595486 4.607124 0.422674 -1.090396 0.577049 -0.321829
    21 6.233833 5.542564 0.898426 -1.090396 0.577049 -0.321829
    22 6.946648 6.587124 1.429667 -1.090396 0.577049 -0.321829
    23 7.537933 7.453606 1.870349 -1.090396 0.577049 -0.321829
    24 8.154472 8.357077 2.329839 -1.090396 0.577049 -0.321829
    25 8.874294 9.411907 2.866308 -1.090396 0.577049 -0.321829
    26 -4.125858 -2.321501 1.394414 2.051196 0.577049 -0.321829
    27 -4.826813 -3.348669 0.872014 2.051196 0.577049 -0.321829
    28 -5.441669 -4.249685 0.413772 2.051196 0.577049 -0.321829
    29 -0.552532 -1.343527 1.604446 -0.531397 0.349107 -0.535250
    30 0.552589 1.343534 -1.604463 -0.572351 0.200763 -0.519410
    31 0.000000 -2.021618 -0.000004 -0.140762 0.000000 0.000000
    32 -0.000021 2.021633 0.000027 -0.182286 0.000000 0.000000
    33 -0.000004 -1.136217 -0.000004 -0.537682 0.000000 0.000000
    34 -0.000011 1.136200 -0.000019 -0.591471 0.000000 0.000000
    35 -0.032677 -4.587727 1.352317 2.444718 1.216159 2.484986
    36 0.032719 4.587772 -1.352291 2.844703 1.216154 2.484990
    37 0.000000 -1.754536 -0.000002 0.193351 0.000000 0.000000
    38 -0.000006 1.754520 -0.000034 0.301016 0.000000 0.000000
    39 0.000000 -1.227020 -0.000002 0.955670 0.000000 0.000000
    40 0.000002 1.227070 0.000032 0.655020 0.000000 0.000000
    41 -0.367996 -4.208406 0.173244 2.475865 1.091695 2.536227
    42 0.368011 4.208412 -0.173239 2.894872 1.091696 2.536226
    43 0.000000 -2.372318 -0.000004 0.834666 0.000000 0.000000
    44 -0.000006 2.372318 -0.000032 0.737827 0.000000 0.000000
    45 0.000004 -1.580070 -0.000001 0.495055 0.000000 0.000000
    46 -0.000002 1.580170 0.000030 0.744518 0.000000 0.000000
    47 -0.937645 -3.860697 -0.959317 2.205251 0.797005 2.273736
    48 0.937672 3.860714 0.959333 2.990775 1.016697 2.713704
    49 0.000000 -1.690632 0.000000 0.848242 0.000000 0.000000
    50 -0.000013 1.690666 0.000021 0.568265 0.000000 0.000000
    51 -0.000002 -1.423443 0.000002 0.234212 0.000000 0.000000
    52 0.000008 1.423420 0.000028 0.761894 0.000000 0.000000
    53 -1.546646 -3.404194 -1.915569 2.750280 1.118484 2.534731
    54 1.546661 3.404217 1.915585 -3.076191 1.031499 2.824457
    55 0.000004 -1.437820 0.000000 0.424958 0.000000 0.000000
    56 -0.000021 1.437870 0.000031 -0.074282 0.000000 0.000000
    57 -0.000002 -1.059402 0.000000 0.322075 0.000000 0.000000
    58 0.000006 1.059372 0.000008 0.911714 0.000000 0.000000
    59 -0.000004 -13.013485 -0.000004 0.010936 -0.284121 -0.076428
    60 0.161133 -10.812500 0.023087 0.010936 -0.284121 -0.076428
  time 100
    0 0.000000 0.826660 0.000001 -1.559900 -0.000006 -0.000006
    1 -10.723376 4.021813 0.943485 -0.735574 -0.003990 0.912400
    2 0.000000 14.313023 0.000003 -1.731518 0.000000 0.000000
    3 -0.000011 13.013483 -0.000005 1.064323 0.820990 0.221619
    4 8.648438 7.792969 3.429688 2.222705 0.399521 -1.404265
    5 0.000000 -14.313034 0.000000 -1.556552 0.000000 0.000000
    6 -0.000004 -13.013485 -0.000004 0.538394 0.815277 0.754107
    7 -1.330879 -2.698427 0.462449 -0.194886 -0.547260 3.056712
    8 1.330910 2.698444 -0.462436 0.194890 0.547268 -0.084879
    9 7.285156 4.597656 -3.041016 -1.937331 -0.275423 3.010558
    10 10.570313 2.281250 -6.343750 -2.460934 -0.275417 3.010575
    11 1.806641 7.582031 -7.234375 -1.550988 -0.382996 1.806934
    12 1.376953 7.875000 -12.054688 -1.277176 -0.488708 1.819244
    13 4.531250 3.457031 -3.607422 -1.647836 -0.580608 1.782439
    14 5.974704 2.920219 -4.391550 -1.937293 -0.275375 -3.272616
    15 7.558525 6.997282 -2.354134 -1.937336 -0.275393 3.010581
    16 7.558525 6.997282 -2.354134 1.937336 0.275393 -0.131011
    17 -2.867767 -2.740969 0.531125 2.051196 0.577049 -0.321829
    18 8.375000 1.621094 -7.539063 -1.937331 -0.275423 3.010558
    19 2.614002 2.381697 -5.883075 -1.937294 -0.275294 -3.272537
    20 5.595486 4.607124 0.422674 -1.090396 0.577049 -0.321829
    21 6.233833 5.542564 0.898426 -1.090396 0.577049 -0.321829
    22 6.946648 6.587124 1.429667 -1.090396 0.577049 -0.321829
    23 7.537933 7.453606 1.870349 -1.090396 0.577049 -0.321829
    24 8.154472 8.357077 2.329839 -1.090396 0.577049 -0.321829
    25 8.874294 9.411907 2.866308 -1.090396 0.577049 -0.321829
    26 -4.125858 -2.321501 1.394414 2.051196 0.577049 -0.321829
    27 -4.826813 -3.348669 0.872014 2.051196 0.577049 -0.321829
    28 -5.441669 -4.249685 0.413772 2.051196 0.577049 -0.321829
    29 -0.552532 -1.343527 1.604446 -0.531397 0.349107 -0.535250
    30 0.552589 1.343534 -1.604463 -0.572351 0.200763 -0.519410
    31 0.000000 -2.021618 -0.000004 -0.140762 0.000000 0.000000
    32 -0.000021 2.021633 0.000027 -0.182286 0.000000 0.000000
    33 -0.000004 -1.136217 -0.000004 -0.537682 0.000000 0.000000
    34 -0.000011 1.136200 -0.000019 -0.591471 0.000000 0.000000
    35 -0.032677 -4.587727 1.352317 2.444718 1.216159 2.484986
    36 0.032719 4.587772 -1.352291 2.844703 1.216154 2.484990
    37 0.000000 -1.754536 -0.000002 0.193351 0.000000 0.000000
    38 -0.000006 1.754520 -0.000034 0.301016 0.000000 0.000000
    39 0.000000 -1.227020 -0.000002 0.955670 0.000000 0.000000
    40 0.000002 1.227070 0.000032 0.655020 0.000000 0.000000
    41 -0.367996 -4.208406 0.173244 2.475865 1.091695 2.536227
    42 0.368011 4.208412 -0.173239 2.894872 1.091696 2.536226
    43 0.000000 -2.372318 -0.000004 0.834666 0.000000 0.000000
    44 -0.000006 2.372318 -0.000032 0.737827 0.000000 0.000000
    45 0.000004 -1.580070 -0.000001 0.495055 0.000000 0.000000
    46 -0.000002 1.580170 0.000030 0.744518 0.000000 0.000000
    47 -0.937645 -3.860697 -0.959317 2.205251 0.797005 2.273736
    48 0.937672 3.860714 0.959333 2.990775 1.016697 2.713704
    49 0.000000 -1.690632 0.000000 0.848242 0.000000 0.000000
    50 -0.000013 1.690666 0.000021 0.568265 0.000000 0.000000
    51 -0.000002 -1.423443 0.000002 0.234212 0.000000 0.000000
    52 0.000008 1.423420 0.000028 0.761967 0.000000 0.000000
    53 -1.546646 -3.404194 -1.915569 2.750280 1.118484 2.534731
    54 1.546661 3.404217 1.915585 -3.076191 1.031499 2.824457
    55 0.000004 -1.437820 0.000000 0.424958 0.000000 0.000000
    56 -0.000021 1.437870 0.000031 -0.074282 0.000000 0.000000
    57 -0.000002 -1.059402 0.000000 0.322075 0.000000 0.000000
    58 0.000006 1.059372 0.000008 0.911714 0.000000 0.000000
    59 -0.000004 -13.013485 -0.000004 0.010936 -0.284121 -0.076428
    60 0.161133 -10.812500 0.023087 0.010936 -0.284121 -0.076428
  time 101
    0 0.000000 0.826660 0.000001 -1.559900 -0.000006 -0.000006
    1 -10.723376 4.021813 0.943485 -0.728294 -0.018583 0.807758
    2 0.000000 14.313023 0.000003 -1.727119 0.000000 0.000000
    3 -0.000011 13.013483 -0.000005 0.982437 0.689488 0.134007
    4 8.648438 7.792969 3.429688 2.222705 0.399521 -1.404265
    5 0.000000 -14.313034 0.000000 -1.556552 0.000000 0.000000
    6 -0.000004 -13.013485 -0.000004 0.538394 0.815277 0.754107
    7 -1.330879 -2.698427 0.462449 -0.194886 -0.547260 3.056712
    8 1.330910 2.698444 -0.462436 0.194890 0.547268 -0.084879
    9 7.285156 4.597656 -3.041016 -1.937331 -0.275423 3.010558
    10 10.570313 2.281250 -6.343750 -2.460934 -0.275417 3.010575
    11 1.806641 7.582031 -7.234375 -1.550988 -0.382996 1.806934
    12 1.376953 7.875000 -12.054688 -1.277176 -0.488708 1.819244
    13 4.531250 3.457031 -3.607422 -1.647836 -0.580608 1.782439
    14 5.974704 2.920219 -4.391550 -1.937293 -0.275375 -3.272616
    15 7.558525 6.997282 -2.354134 -1.937336 -0.275393 3.010581
    16 7.558525 6.997282 -2.354134 1.937336 0.275393 -0.131011
    17 -2.867767 -2.740969 0.531125 2.051196 0.577049 -0.321829
    18 8.375000 1.621094 -7.539063 -1.937331 -0.275423 3.010558
    19 2.614002 2.381697 -5.879168 -1.937294 -0.275294 -3.272537
    20 5.595486 4.607124 0.422674 -1.090396 0.577049 -0.321829
    21 6.233833 5.542564 0.898426 -1.090396 0.577049 -0.321829
    22 6.946648 6.587124 1.429667 -1.090396 0.577049 -0.321829
    23 7.537933 7.453606 1.870349 -1.090396 0.577049 -0.321829
    24 8.154472 8.357077 2.329839 -1.090396 0.577049 -0.321829
    25 8.874294 9.411907 2.866308 -1.090396 0.577049 -0.321829
    26 -4.125858 -2.321501 1.394414 2.051196 0.577049 -0.321829
    27 -4.826813 -3.348669 0.872014 2.051196 0.577049 -0.321829
    28 -5.441669 -4.249685 0.413772 2.051196 0.577049 -0.321829
    29 -0.552532 -1.343527 1.604446 -0.531397 0.349107 -0.535250
    30 0.552589 1.343534 -1.604463 -0.572351 0.200763 -0.519410
    31 0.000000 -2.021618 -0.000004 -0.140762 0.000000 0.000000
    32 -0.000021 2.021633 0.000027 -0.182286 0.000000 0.000000
    33 -0.000004 -1.136217 -0.000004 -0.537682 0.000000 0.000000
    34 -0.000011 1.136200 -0.000019 -0.591471 0.000000 0.000000
    35 -0.032677 -4.587727 1.352317 2.444718 1.216159 2.484986
    36 0.032719 4.587772 -1.352291 2.844703 1.216154 2.484990
    37 0.000000 -1.754536 -0.000002 0.193351 0.000000 0.000000
    38 -0.000006 1.754520 -0.000034 0.301016 0.000000 0.000000
    39 0.000000 -1.227020 -0.000002 0.955670 0.000000 0.000000
    40 0.000002 1.227070 0.000032 0.655020 0.000000 0.000000
    41 -0.367996 -4.208406 0.173244 2.475865 1.091695 2.536227
    42 0.368011 4.208412 -0.173239 2.894872 1.091696 2.536226
    43 0.000000 -2.372318 -0.000004 0.834666 0.000000 0.000000
    44 -0.000006 2.372318 -0.000032 0.737827 0.000000 0.000000
    45 0.000004 -1.580070 -0.000001 0.495055 0.000000 0.000000
    46 -0.000002 1.580170 0.000030 0.744518 0.000000 0.000000
    47 -0.937645 -3.860697 -0.959317 2.205251 0.797005 2.273736
    48 0.937672 3.860714 0.959333 2.990775 1.016697 2.713704
    49 0.000000 -1.690632 0.000000 0.848242 0.000000 0.000000
    50 -0.000013 1.690666 0.000021 0.568265 0.000000 0.000000
    51 -0.000002 -1.423443 0.000002 0.234212 0.000000 0.000000
    52 0.000008 1.423420 0.000028 0.761967 0.000000 0.000000
    53 -1.546646 -3.404194 -1.915569 2.750280 1.118484 2.534731
    54 1.546661 3.404217 1.915585 -3.076191 1.031499 2.824457
    55 0.000004 -1.437820 0.000000 0.424958 0.000000 0.000000
    56 -0.000021 1.437870 0.000031 -0.074282 0.000000 0.000000
    57 -0.000002 -1.059402 0.000000 0.322075 0.000000 0.000000
    58 0.000006 1.059372 0.000008 0.911714 0.000000 0.000000
    59 -0.000004 -13.013485 -0.000004 0.010936 -0.284121 -0.076428
    60 0.161133 -10.812500 0.023087 0.010936 -0.284121 -0.076428
  time 102
    0 0.000000 0.826660 0.000001 -1.559900 -0.000006 -0.000006
    1 -10.723376 4.021813 0.943485 -0.720646 -0.031459 0.716406
    2 0.000000 14.313023 0.000003 -1.718138 0.000000 0.000000
    3 -0.000011 13.013483 -0.000005 0.907049 0.566948 0.064894
    4 8.648438 7.792969 3.429688 2.222705 0.399521 -1.404265
    5 0.000000 -14.313034 0.000000 -1.556552 0.000000 0.000000
    6 -0.000004 -13.013485 -0.000004 0.538394 0.815277 0.754107
    7 -1.330879 -2.698427 0.462449 -0.194886 -0.547260 3.056712
    8 1.330910 2.698444 -0.462436 0.194890 0.547268 -0.084879
    9 7.285156 4.597656 -3.041016 -1.937331 -0.275423 3.010558
    10 10.570313 2.281250 -6.343750 -2.460934 -0.275417 3.010575
    11 1.806641 7.582031 -7.234375 -1.550988 -0.382996 1.806934
    12 1.376953 7.875000 -12.054688 -1.277176 -0.488708 1.819244
    13 4.531250 3.457031 -3.607422 -1.647836 -0.580608 1.782439
    14 5.974704 2.920219 -4.391550 -1.937293 -0.275375 -3.272616
    15 7.558525 6.997282 -2.354134 -1.937336 -0.275393 3.010581
    16 7.558525 6.997282 -2.354134 1.937336 0.275393 -0.131011
    17 -2.867767 -2.740969 0.531125 2.051196 0.577049 -0.321829
    18 8.375000 1.621094 -7.539063 -1.937331 -0.275423 3.010558
    19 2.614002 2.377790 -5.879168 -1.937294 -0.275294 -3.272537
    20 5.595486 4.607124 0.422674 -1.090396 0.577049 -0.321829
    21 6.233833 5.542564 0.898426 -1.090396 0.577049 -0.321829
    22 6.946648 6.587124 1.429667 -1.090396 0.577049 -0.321829
    23 7.537933 7.453606 1.870349 -1.090396 0.577049 -0.321829
    24 8.154472 8.357077 2.329839 -1.090396 0.577049 -0.321829
    25 8.874294 9.411907 2.866308 -1.090396 0.577049 -0.321829
    26 -4.125858 -2.321501 1.394414 2.051196 0.577049 -0.321829
    27 -4.826813 -3.348669 0.872014 2.051196 0.577049 -0.321829
    28 -5.441669 -4.249685 0.413772 2.051196 0.577049 -0.321829
    29 -0.552532 -1.343527 1.604446 -0.531397 0.349107 -0.535250
    30 0.552589 1.343534 -1.604463 -0.572351 0.200763 -0.519410
    31 0.000000 -2.021618 -0.000004 -0.140762 0.000000 0.000000
    32 -0.000021 2.021633 0.000027 -0.182286 0.000000 0.000000
    33 -0.000004 -1.136217 -0.000004 -0.537682 0.000000 0.000000
    34 -0.000011 1.136200 -0.000019 -0.591471 0.000000 0.000000
    35 -0.032677 -4.587727 1.352317 2.444718 1.216159 2.484986
    36 0.032719 4.587772 -1.352291 2.844703 1.216154 2.484990
    37 0.000000 -1.754536 -0.000002 0.193351 0.000000 0.000000
    38 -0.000006 1.754520 -0.000034 0.301016 0.000000 0.000000
    39 0.000000 -1.227020 -0.000002 0.955670 0.000000 0.000000
    40 0.000002 1.227070 0.000032 0.655020 0.000000 0.000000
    41 -0.367996 -4.208406 0.173244 2.475865 1.091695 2.536227
    42 0.368011 4.208412 -0.173239 2.894872 1.091696 2.536226
    43 0.000000 -2.372318 -0.000004 0.834666 0.000000 0.000000
    44 -0.000006 2.372318 -0.000032 0.737827 0.000000 0.000000
    45 0.000004 -1.580070 -0.000001 0.495055 0.000000 0.000000
    46 -0.000002 1.580170 0.000030 0.744518 0.000000 0.000000
    47 -0.937645 -3.860697 -0.959317 2.205251 0.797005 2.273736
    48 0.937672 3.860714 0.959333 2.990775 1.016697 2.713704
    49 0.000000 -1.690632 0.000000 0.848242 0.000000 0.000000
    50 -0.000013 1.690666 0.000021 0.568265 0.000000 0.000000
    51 -0.000002 -1.423443 0.000002 0.234212 0.000000 0.000000
    52 0.000008 1.423420 0.000028 0.761967 0.000000 0.000000
    53 -1.546646 -3.404194 -1.915569 2.750280 1.118484 2.534731
    54 1.546661 3.404217 1.915585 -3.076191 1.031499 2.824457
    55 0.000004 -1.437820 0.000000 0.424958 0.000000 0.000000
    56 -0.000021 1.437870 0.000031 -0.074282 0.000000 0.000000
    57 -0.000002 -1.059402 0.000000 0.322075 0.000000 0.000000
    58 0.000006 1.059372 0.000008 0.911714 0.000000 0.000000
    59 -0.000004 -13.013485 -0.000004 0.010936 -0.284121 -0.076428
    60 0.161133 -10.812500 0.023087 0.010936 -0.284121 -0.076428
  time 103
    0 0.000000 0.826660 0.000001 -1.559900 -0.000006 -0.000006
    1 -10.723376 4.021813 0.943485 -0.713459 -0.042427 0.637657
    2 0.000000 14.313023 0.000003 -1.704757 0.000000 0.000000
    3 -0.000011 13.013483 -0.000005 0.834527 0.453606 0.010161
    4 8.648438 7.792969 3.429688 2.222705 0.399521 -1.404265
    5 0.000000 -14.313034 0.000000 -1.556552 0.000000 0.000000
    6 -0.000004 -13.013485 -0.000004 0.538394 0.815277 0.754107
    7 -1.330879 -2.698427 0.462449 -0.194886 -0.547260 3.056712
    8 1.330910 2.698444 -0.462436 0.194890 0.547268 -0.084879
    9 7.285156 4.597656 -3.041016 -1.937331 -0.275423 3.010558
    10 10.570313 2.281250 -6.343750 -2.460934 -0.275417 3.010575
    11 1.806641 7.582031 -7.234375 -1.550988 -0.382996 1.806934
    12 1.376953 7.875000 -12.054688 -1.277176 -0.488708 1.819244
    13 4.531250 3.457031 -3.607422 -1.647836 -0.580608 1.782439
    14 5.974704 2.920219 -4.391550 -1.937293 -0.275375 -3.272616
    15 7.558525 6.997282 -2.354134 -1.937336 -0.275393 3.010581
    16 7.558525 6.997282 -2.354134 1.937336 0.275393 -0.131011
    17 -2.867767 -2.740969 0.531125 2.051196 0.577049 -0.321829
    18 8.375000 1.621094 -7.539063 -1.937331 -0.275423 3.010558
    19 2.614002 2.377790 -5.883075 -1.937294 -0.275294 -3.272537
    20 5.595486 4.607124 0.422674 -1.090396 0.577049 -0.321829
    21 6.233833 5.542564 0.898426 -1.090396 0.577049 -0.321829
    22 6.946648 6.587124 1.429667 -1.090396 0.577049 -0.321829
    23 7.537933 7.453606 1.870349 -1.090396 0.577049 -0.321829
    24 8.154472 8.357077 2.329839 -1.090396 0.577049 -0.321829
    25 8.874294 9.411907 2.866308 -1.090396 0.577049 -0.321829
    26 -4.125858 -2.321501 1.394414 2.051196 0.577049 -0.321829
    27 -4.826813 -3.348669 0.872014 2.051196 0.577049 -0.321829
    28 -5.441669 -4.249685 0.413772 2.051196 0.577049 -0.321829
    29 -0.552532 -1.343527 1.604446 -0.531397 0.349107 -0.535250
    30 0.552589 1.343534 -1.604463 -0.572351 0.200763 -0.519410
    31 0.000000 -2.021618 -0.000004 -0.140762 0.000000 0.000000
    32 -0.000021 2.021633 0.000027 -0.182286 0.000000 0.000000
    33 -0.000004 -1.136217 -0.000004 -0.537682 0.000000 0.000000
    34 -0.000011 1.136200 -0.000019 -0.591471 0.000000 0.000000
    35 -0.032677 -4.587727 1.352317 2.444718 1.216159 2.484986
    36 0.032719 4.587772 -1.352291 2.844703 1.216154 2.484990
    37 0.000000 -1.754536 -0.000002 0.193351 0.000000 0.000000
    38 -0.000006 1.754520 -0.000034 0.301016 0.000000 0.000000
    39 0.000000 -1.227020 -0.000002 0.955670 0.000000 0.000000
    40 0.000002 1.227070 0.000032 0.655020 0.000000 0.000000
    41 -0.367996 -4.208406 0.173244 2.475865 1.091695 2.536227
    42 0.368011 4.208412 -0.173239 2.894872 1.091696 2.536226
    43 0.000000 -2.372318 -0.000004 0.834666 0.000000 0.000000
    44 -0.000006 2.372318 -0.000032 0.737827 0.000000 0.000000
    45 0.000004 -1.580070 -0.000001 0.495055 0.000000 0.000000
    46 -0.000002 1.580170 0.000030 0.744518 0.000000 0.000000
    47 -0.937645 -3.860697 -0.959317 2.205251 0.797005 2.273736
    48 0.937672 3.860714 0.959333 2.990775 1.016697 2.713704
    49 0.000000 -1.690632 0.000000 0.848242 0.000000 0.000000
    50 -0.000013 1.690666 0.000021 0.568265 0.000000 0.000000
    51 -0.000002 -1.423443 0.000002 0.234212 0.000000 0.000000
    52 0.000008 1.423420 0.000028 0.761967 0.000000 0.000000
    53 -1.546646 -3.404194 -1.915569 2.750280 1.118484 2.534731
    54 1.546661 3.404217 1.915585 -3.076191 1.031499 2.824457
    55 0.000004 -1.437820 0.000000 0.424958 0.000000 0.000000
    56 -0.000021 1.437870 0.000031 -0.074282 0.000000 0.000000
    57 -0.000002 -1.059402 0.000000 0.322075 0.000000 0.000000
    58 0.000006 1.059372 0.000008 0.911714 0.000000 0.000000
    59 -0.000004 -13.013485 -0.000004 0.010936 -0.284121 -0.076428
    60 0.161133 -10.812500 0.023087 0.010936 -0.284121 -0.076428
  time 104
    0 0.000000 0.826660 0.000001 -1.559900 -0.000006 -0.000006
    1 -10.723376 4.021813 0.943485 -0.707469 -0.051297 0.570976
    2 0.000000 14.313023 0.000003 -1.687344 0.000000 0.000000
    3 -0.000011 13.013483 -0.000005 0.764394 0.350263 -0.032112
    4 8.648438 7.792969 3.429688 2.222705 0.399521 -1.404265
    5 0.000000 -14.313034 0.000000 -1.556552 0.000000 0.000000
    6 -0.000004 -13.013485 -0.000004 0.538394 0.815277 0.754107
    7 -1.330879 -2.698427 0.462449 -0.194886 -0.547260 3.056712
    8 1.330910 2.698444 -0.462436 0.194890 0.547268 -0.084879
    9 7.285156 4.597656 -3.041016 -1.937331 -0.275423 3.010558
    10 10.570313 2.281250 -6.343750 -2.460934 -0.275417 3.010575
    11 1.806641 7.582031 -7.234375 -1.550988 -0.382996 1.806934
    12 1.376953 7.875000 -12.054688 -1.277176 -0.488708 1.819244
    13 4.531250 3.457031 -3.607422 -1.647836 -0.580608 1.782439
    14 5.974704 2.920219 -4.391550 -1.937293 -0.275375 -3.272616
    15 7.558525 6.997282 -2.354134 -1.937336 -0.275393 3.010581
    16 7.558525 6.997282 -2.354134 1.937336 0.275393 -0.131011
    17 -2.867767 -2.740969 0.531125 2.051196 0.577049 -0.321829
    18 8.375000 1.621094 -7.539063 -1.937331 -0.275423 3.010558
    19 2.614002 2.377790 -5.879168 -1.937294 -0.275294 -3.272537
    20 5.595486 4.607124 0.422674 -1.090396 0.577049 -0.321829
    21 6.233833 5.542564 0.898426 -1.090396 0.577049 -0.321829
    22 6.946648 6.587124 1.429667 -1.090396 0.577049 -0.321829
    23 7.537933 7.453606 1.870349 -1.090396 0.577049 -0.321829
    24 8.154472 8.357077 2.329839 -1.090396 0.577049 -0.321829
    25 8.874294 9.411907 2.866308 -1.090396 0.577049 -0.321829
    26 -4.125858 -2.321501 1.394414 2.051196 0.577049 -0.321829
    27 -4.826813 -3.348669 0.872014 2.051196 0.577049 -0.321829
    28 -5.441669 -4.249685 0.413772 2.051196 0.577049 -0.321829
    29 -0.552532 -1.343527 1.604446 -0.531397 0.349107 -0.535250
    30 0.552589 1.343534 -1.604463 -0.572351 0.200763 -0.519410
    31 0.000000 -2.021618 -0.000004 -0.140762 0.000000 0.000000
    32 -0.000021 2.021633 0.000027 -0.182286 0.000000 0.000000
    33 -0.000004 -1.136217 -0.000004 -0.537682 0.000000 0.000000
    34 -0.000011 1.136200 -0.000019 -0.591471 0.000000 0.000000
    35 -0.032677 -4.587727 1.352317 2.444718 1.216159 2.484986
    36 0.032719 4.587772 -1.352291 2.844703 1.216154 2.484990
    37 0.000000 -1.754536 -0.000002 0.193351 0.000000 0.000000
    38 -0.000006 1.754520 -0.000034 0.301016 0.000000 0.000000
    39 0.000000 -1.227020 -0.000002 0.955670 0.000000 0.000000
    40 0.000002 1.227070 0.000032 0.655020 0.000000 0.000000
    41 -0.367996 -4.208406 0.173244 2.475865 1.091695 2.536227
    42 0.368011 4.208412 -0.173239 2.894872 1.091696 2.536226
    43 0.000000 -2.372318 -0.000004 0.834666 0.000000 0.000000
    44 -0.000006 2.372318 -0.000032 0.737827 0.000000 0.000000
    45 0.000004 -1.580070 -0.000001 0.495055 0.000000 0.000000
    46 -0.000002 1.580170 0.000030 0.744518 0.000000 0.000000
    47 -0.937645 -3.860697 -0.959317 2.205251 0.797005 2.273736
    48 0.937672 3.860714 0.959333 2.990775 1.016697 2.713704
    49 0.000000 -1.690632 0.000000 0.848242 0.000000 0.000000
    50 -0.000013 1.690666 0.000021 0.568265 0.000000 0.000000
    51 -0.000002 -1.423443 0.000002 0.234212 0.000000 0.000000
    52 0.000008 1.423420 0.000028 0.761967 0.000000 0.000000
    53 -1.546646 -3.404194 -1.915569 2.750280 1.118484 2.534731
    54 1.546661 3.404217 1.915585 -3.076191 1.031499 2.824457
    55 0.000004 -1.437820 0.000000 0.424958 0.000000 0.000000
    56 -0.000021 1.437870 0.000031 -0.074282 0.000000 0.000000
    57 -0.000002 -1.059402 0.000000 0.322075 0.000000 0.000000
    58 0.000006 1.059372 0.000008 0.911714 0.000000 0.000000
    59 -0.000004 -13.013485 -0.000004 0.010936 -0.284121 -0.076428
    60 0.161133 -10.812500 0.023087 0.010936 -0.284121 -0.076428
  time 105
    0 0.000000 0.826660 0.000001 -1.559900 -0.000006 -0.000006
    1 -10.723376 4.021813 0.943485 -0.703691 -0.058212 0.515447
    2 0.000000 14.313023 0.000003 -1.666877 0.000000 0.000000
    3 -0.000011 13.013483 -0.000005 0.697700 0.257957 -0.063457
    4 8.648438 7.792969 3.429688 2.222705 0.399521 -1.404265
    5 0.000000 -14.313034 0.000000 -1.556552 0.000000 0.000000
    6 -0.000004 -13.013485 -0.000004 0.538394 0.815277 0.754107
    7 -1.330879 -2.698427 0.462449 -0.194886 -0.547260 3.056712
    8 1.330910 2.698444 -0.462436 0.194890 0.547268 -0.084879
    9 7.285156 4.597656 -3.041016 -1.937331 -0.275423 3.010558
    10 10.570313 2.281250 -6.343750 -2.460934 -0.275417 3.010575
    11 1.806641 7.582031 -7.234375 -1.550988 -0.382996 1.806934
    12 1.376953 7.875000 -12.054688 -1.277176 -0.488708 1.819244
    13 4.531250 3.457031 -3.607422 -1.647836 -0.580608 1.782439
    14 5.974704 2.920219 -4.391550 -1.937293 -0.275375 -3.272616
    15 7.558525 6.997282 -2.354134 -1.937336 -0.275393 3.010581
    16 7.558525 6.997282 -2.354134 1.937336 0.275393 -0.131011
    17 -2.867767 -2.740969 0.531125 2.051196 0.577049 -0.321829
    18 8.375000 1.621094 -7.539063 -1.937331 -0.275423 3.010558
    19 2.614002 2.377790 -5.879168 -1.937294 -0.275294 -3.272537
    20 5.595486 4.607124 0.422674 -1.090396 0.577049 -0.321829
    21 6.233833 5.542564 0.898426 -1.090396 0.577049 -0.321829
    22 6.946648 6.587124 1.429667 -1.090396 0.577049 -0.321829
    23 7.537933 7.453606 1.870349 -1.090396 0.577049 -0.321829
    24 8.154472 8.357077 2.329839 -1.090396 0.577049 -0.321829
    25 8.874294 9.411907 2.866308 -1.090396 0.577049 -0.321829
    26 -4.125858 -2.321501 1.394414 2.051196 0.577049 -0.321829
    27 -4.826813 -3.348669 0.872014 2.051196 0.577049 -0.321829
    28 -5.441669 -4.249685 0.413772 2.051196 0.577049 -0.321829
    29 -0.552532 -1.343527 1.604446 -0.531397 0.349107 -0.535250
    30 0.552589 1.343534 -1.604463 -0.572351 0.200763 -0.519410
    31 0.000000 -2.021618 -0.000004 -0.140762 0.000000 0.000000
    32 -0.000021 2.021633 0.000027 -0.182286 0.000000 0.000000
    33 -0.000004 -1.136217 -0.000004 -0.537682 0.000000 0.000000
    34 -0.000011 1.136200 -0.000019 -0.591471 0.000000 0.000000
    35 -0.032677 -4.587727 1.352317 2.444718 1.216159 2.484986
    36 0.032719 4.587772 -1.352291 2.844703 1.216154 2.484990
    37 0.000000 -1.754536 -0.000002 0.193351 0.000000 0.000000
    38 -0.000006 1.754520 -0.000034 0.301016 0.000000 0.000000
    39 0.000000 -1.227020 -0.000002 0.955670 0.000000 0.000000
    40 0.000002 1.227070 0.000032 0.655020 0.000000 0.000000
    41 -0.367996 -4.208406 0.173244 2.475865 1.091695 2.536227
    42 0.368011 4.208412 -0.173239 2.894872 1.091696 2.536226
    43 0.000000 -2.372318 -0.000004 0.834666 0.000000 0.000000
    44 -0.000006 2.372318 -0.000032 0.737827 0.000000 0.000000
    45 0.000004 -1.580070 -0.000001 0.495055 0.000000 0.000000
    46 -0.000002 1.580170 0.000030 0.744518 0.000000 0.000000
    47 -0.937645 -3.860697 -0.959317 2.205251 0.797005 2.273736
    48 0.937672 3.860714 0.959333 2.990775 1.016697 2.713704
    49 0.000000 -1.690632 0.000000 0.848242 0.000000 0.000000
    50 -0.000013 1.690666 0.000021 0.568265 0.000000 0.000000
    51 -0.000002 -1.423443 0.000002 0.234212 0.000000 0.000000
    52 0.000008 1.423420 0.000028 0.761967 0.000000 0.000000
    53 -1.546646 -3.404194 -1.915569 2.750280 1.118484 2.534731
    54 1.546661 3.404217 1.915585 -3.076191 1.031499 2.824457
    55 0.000004 -1.437820 0.000000 0.424958 0.000000 0.000000
    56 -0.000021 1.437870 0.000031 -0.074282 0.000000 0.000000
    57 -0.000002 -1.059402 0.000000 0.322075 0.000000 0.000000
    58 0.000006 1.059372 0.000008 0.911714 0.000000 0.000000
    59 -0.000004 -13.013485 -0.000004 0.010936 -0.284121 -0.076428
    60 0.161133 -10.812500 0.023087 0.010936 -0.284121 -0.076428
  time 106
    0 0.000000 0.826660 0.000001 -1.559900 -0.000006 -0.000006
    1 -10.723376 4.021813 0.943485 -0.702309 -0.063410 0.469542
    2 0.000000 14.313023 0.000003 -1.644026 0.000000 0.000000
    3 -0.000011 13.013483 -0.000005 0.635116 0.176075 -0.085312
    4 8.648438 7.792969 3.429688 2.222705 0.399521 -1.404265
    5 0.000000 -14.313034 0.000000 -1.556552 0.000000 0.000000
    6 -0.000004 -13.013485 -0.000004 0.538394 0.815277 0.754107
    7 -1.330879 -2.698427 0.462449 -0.194886 -0.547260 3.056712
    8 1.330910 2.698444 -0.462436 0.194890 0.547268 -0.084879
    9 7.285156 4.597656 -3.041016 -1.937331 -0.275423 3.010558
    10 10.570313 2.281250 -6.343750 -2.460934 -0.275417 3.010575
    11 1.806641 7.582031 -7.234375 -1.550988 -0.382996 1.806934
    12 1.376953 7.875000 -12.054688 -1.277176 -0.488708 1.819244
    13 4.531250 3.457031 -3.607422 -1.647836 -0.580608 1.782439
    14 5.974704 2.920219 -4.391550 -1.937293 -0.275375 -3.272616
    15 7.558525 6.997282 -2.354134 -1.937336 -0.275393 3.010581
    16 7.558525 6.997282 -2.354134 1.937336 0.275393 -0.131011
    17 -2.867767 -2.740969 0.531125 2.051196 0.577049 -0.321829
    18 8.375000 1.621094 -7.539063 -1.937331 -0.275423 3.010558
    19 2.614002 2.377790 -5.879168 -1.937294 -0.275294 -3.272537
    20 5.595486 4.607124 0.422674 -1.090396 0.577049 -0.321829
    21 6.233833 5.542564 0.898426 -1.090396 0.577049 -0.321829
    22 6.946648 6.587124 1.429667 -1.090396 0.577049 -0.321829
    23 7.537933 7.453606 1.870349 -1.090396 0.577049 -0.321829
    24 8.154472 8.357077 2.329839 -1.090396 0.577049 -0.321829
    25 8.874294 9.411907 2.866308 -1.090396 0.577049 -0.321829
    26 -4.125858 -2.321501 1.394414 2.051196 0.577049 -0.321829
    27 -4.826813 -3.348669 0.872014 2.051196 0.577049 -0.321829
    28 -5.441669 -4.249685 0.413772 2.051196 0.577049 -0.321829
    29 -0.552532 -1.343527 1.604446 -0.531397 0.349107 -0.535250
    30 0.552589 1.343534 -1.604463 -0.572351 0.200763 -0.519410
    31 0.000000 -2.021618 -0.000004 -0.140762 0.000000 0.000000
    32 -0.000021 2.021633 0.000027 -0.182286 0.000000 0.000000
    33 -0.000004 -1.136217 -0.000004 -0.537682 0.000000 0.000000
    34 -0.000011 1.136200 -0.000019 -0.591471 0.000000 0.000000
    35 -0.032677 -4.587727 1.352317 2.444718 1.216159 2.484986
    36 0.032719 4.587772 -1.352291 2.844703 1.216154 2.484990
    37 0.000000 -1.754536 -0.000002 0.193351 0.000000 0.000000
    38 -0.000006 1.754520 -0.000034 0.301016 0.000000 0.000000
    39 0.000000 -1.227020 -0.000002 0.955670 0.000000 0.000000
    40 0.000002 1.227070 0.000032 0.655020 0.000000 0.000000
    41 -0.367996 -4.208406 0.173244 2.475865 1.091695 2.536227
    42 0.368011 4.208412 -0.173239 2.894872 1.091696 2.536226
    43 0.000000 -2.372318 -0.000004 0.834666 0.000000 0.000000
    44 -0.000006 2.372318 -0.000032 0.737827 0.000000 0.000000
    45 0.000004 -1.580070 -0.000001 0.495055 0.000000 0.000000
    46 -0.000002 1.580170 0.000030 0.744518 0.000000 0.000000
    47 -0.937645 -3.860697 -0.959317 2.205251 0.797005 2.273736
    48 0.937672 3.860714 0.959333 2.990775 1.016697 2.713704
    49 0.000000 -1.690632 0.000000 0.848242 0.000000 0.000000
    50 -0.000013 1.690666 0.000021 0.568265 0.000000 0.000000
    51 -0.000002 -1.423443 0.000002 0.234212 0.000000 0.000000
    52 0.000008 1.423420 0.000028 0.761967 0.000000 0.000000
    53 -1.546646 -3.404194 -1.915569 2.750280 1.118484 2.534731
    54 1.546661 3.404217 1.915585 -3.076191 1.031499 2.824457
    55 0.000004 -1.437820 0.000000 0.424958 0.000000 0.000000
    56 -0.000021 1.437870 0.000031 -0.074282 0.000000 0.000000
    57 -0.000002 -1.059402 0.000000 0.322075 0.000000 0.000000
    58 0.000006 1.059372 0.000008 0.911714 0.000000 0.000000
    59 -0.000004 -13.013485 -0.000004 0.010936 -0.284121 -0.076428
    60 0.161133 -10.812500 0.023087 0.010936 -0.284121 -0.076428
  time 107
    0 0.000000 0.826660 0.000001 -1.559900 -0.000006 -0.000006
    1 -10.723376 4.021813 0.943485 -0.702954 -0.067273 0.431886
    2 0.000000 14.313023 0.000003 -1.619953 0.000000 0.000000
    3 -0.000011 13.013483 -0.000005 0.578550 0.104617 -0.098923
    4 8.648438 7.792969 3.429688 2.222705 0.399521 -1.404265
    5 0.000000 -14.313034 0.000000 -1.556552 0.000000 0.000000
    6 -0.000004 -13.013485 -0.000004 0.538394 0.815277 0.754107
    7 -1.330879 -2.698427 0.462449 -0.194886 -0.547260 3.056712
    8 1.330910 2.698444 -0.462436 0.194890 0.547268 -0.084879
    9 7.285156 4.597656 -3.041016 -1.937331 -0.275423 3.010558
    10 10.570313 2.281250 -6.343750 -2.460934 -0.275417 3.010575
    11 1.806641 7.582031 -7.234375 -1.550988 -0.382996 1.806934
    12 1.376953 7.875000 -12.054688 -1.277176 -0.488708 1.819244
    13 4.531250 3.457031 -3.607422 -1.647836 -0.580608 1.782439
    14 5.974704 2.920219 -4.391550 -1.937293 -0.275375 -3.272616
    15 7.558525 6.997282 -2.354134 -1.937336 -0.275393 3.010581
    16 7.558525 6.997282 -2.354134 1.937336 0.275393 -0.131011
    17 -2.867767 -2.740969 0.531125 2.051196 0.577049 -0.321829
    18 8.375000 1.621094 -7.539063 -1.937331 -0.275423 3.010558
    19 2.614002 2.377790 -5.879168 -1.937294 -0.275294 -3.272537
    20 5.595486 4.607124 0.422674 -1.090396 0.577049 -0.321829
    21 6.233833 5.542564 0.898426 -1.090396 0.577049 -0.321829
    22 6.946648 6.587124 1.429667 -1.090396 0.577049 -0.321829
    23 7.537933 7.453606 1.870349 -1.090396 0.577049 -0.321829
    24 8.154472 8.357077 2.329839 -1.090396 0.577049 -0.321829
    25 8.874294 9.411907 2.866308 -1.090396 0.577049 -0.321829
    26 -4.125858 -2.321501 1.394414 2.051196 0.577049 -0.321829
    27 -4.826813 -3.348669 0.872014 2.051196 0.577049 -0.321829
    28 -5.441669 -4.249685 0.413772 2.051196 0.577049 -0.321829
    29 -0.552532 -1.343527 1.604446 -0.531397 0.349107 -0.535250
    30 0.552589 1.343534 -1.604463 -0.572351 0.200763 -0.519410
    31 0.000000 -2.021618 -0.000004 -0.140762 0.000000 0.000000
    32 -0.000021 2.021633 0.000027 -0.182286 0.000000 0.000000
    33 -0.000004 -1.136217 -0.000004 -0.537682 0.000000 0.000000
    34 -0.000011 1.136200 -0.000019 -0.591471 0.000000 0.000000
    35 -0.032677 -4.587727 1.352317 2.444718 1.216159 2.484986
    36 0.032719 4.587772 -1.352291 2.844703 1.216154 2.484990
    37 0.000000 -1.754536 -0.000002 0.193351 0.000000 0.000000
    38 -0.000006 1.754520 -0.000034 0.301016 0.000000 0.000000
    39 0.000000 -1.227020 -0.000002 0.955670 0.000000 0.000000
    40 0.000002 1.227070 0.000032 0.655020 0.000000 0.000000
    41 -0.367996 -4.208406 0.173244 2.475865 1.091695 2.536227
    42 0.368011 4.208412 -0.173239 2.894872 1.091696 2.536226
    43 0.000000 -2.372318 -0.000004 0.834666 0.000000 0.000000
    44 -0.000006 2.372318 -0.000032 0.737827 0.000000 0.000000
    45 0.000004 -1.580070 -0.000001 0.495055 0.000000 0.000000
    46 -0.000002 1.580170 0.000030 0.744518 0.000000 0.000000
    47 -0.937645 -3.860697 -0.959317 2.205251 0.797005 2.273736
    48 0.937672 3.860714 0.959333 2.990775 1.016697 2.713704
    49 0.000000 -1.690632 0.000000 0.848242 0.000000 0.000000
    50 -0.000013 1.690666 0.000021 0.568265 0.000000 0.000000
    51 -0.000002 -1.423443 0.000002 0.234212 0.000000 0.000000
    52 0.000008 1.423420 0.000028 0.761894 0.000000 0.000000
    53 -1.546646 -3.404194 -1.915569 2.750280 1.118484 2.534731
    54 1.546661 3.404217 1.915585 -3.076191 1.031499 2.824457
    55 0.000004 -1.437820 0.000000 0.424958 0.000000 0.000000
    56 -0.000021 1.437870 0.000031 -0.074282 0.000000 0.000000
    57 -0.000002 -1.059402 0.000000 0.322075 0.000000 0.000000
    58 0.000006 1.059372 0.000008 0.911714 0.000000 0.000000
    59 -0.000004 -13.013485 -0.000004 0.010936 -0.284121 -0.076428
    60 0.161133 -10.812500 0.023087 0.010936 -0.284121 -0.076428
  time 108
    0 0.000000 0.826660 0.000001 -1.559900 -0.000006 -0.000006
    1 -10.723376 4.021813 0.943485 -0.705810 -0.070039 0.401792
    2 0.000000 14.313023 0.000003 -1.596125 0.000000 0.000000
    3 -0.000011 13.013483 -0.000005 0.530298 0.044290 -0.105441
    4 8.648438 7.792969 3.429688 2.222705 0.399521 -1.404265
    5 0.000000 -14.313034 0.000000 -1.556552 0.000000 0.000000
    6 -0.000004 -13.013485 -0.000004 0.538394 0.815277 0.754107
    7 -1.330879 -2.698427 0.462449 -0.194886 -0.547260 3.056712
    8 1.330910 2.698444 -0.462436 0.194890 0.547268 -0.084879
    9 7.285156 4.597656 -3.041016 -1.937331 -0.275423 3.010558
    10 10.570313 2.281250 -6.343750 -2.460934 -0.275417 3.010575
    11 1.806641 7.582031 -7.234375 -1.550988 -0.382996 1.806934
    12 1.376953 7.875000 -12.054688 -1.277176 -0.488708 1.819244
    13 4.531250 3.457031 -3.607422 -1.647836 -0.580608 1.782439
    14 5.974704 2.920219 -4.391550 -1.937293 -0.275375 -3.272616
    15 7.558525 6.997282 -2.354134 -1.937336 -0.275393 3.010581
    16 7.558525 6.997282 -2.354134 1.937336 0.275393 -0.131011
    17 -2.867767 -2.740969 0.531125 2.051196 0.577049 -0.321829
    18 8.375000 1.621094 -7.539063 -1.937331 -0.275423 3.010558
    19 2.614002 2.377790 -5.879168 -1.937294 -0.275294 -3.272537
    20 5.595486 4.607124 0.422674 -1.090396 0.577049 -0.321829
    21 6.233833 5.542564 0.898426 -1.090396 0.577049 -0.321829
    22 6.946648 6.587124 1.429667 -1.090396 0.577049 -0.321829
    23 7.537933 7.453606 1.870349 -1.090396 0.577049 -0.321829
    24 8.154472 8.357077 2.329839 -1.090396 0.577049 -0.321829
    25 8.874294 9.411907 2.866308 -1.090396 0.577049 -0.321829
    26 -4.125858 -2.321501 1.394414 2.051196 0.577049 -0.321829
    27 -4.826813 -3.348669 0.872014 2.051196 0.577049 -0.321829
    28 -5.441669 -4.249685 0.413772 2.051196 0.577049 -0.321829
    29 -0.552532 -1.343527 1.604446 -0.531397 0.349107 -0.535250
    30 0.552589 1.343534 -1.604463 -0.572351 0.200763 -0.519410
    31 0.000000 -2.021618 -0.000004 -0.140762 0.000000 0.000000
    32 -0.000021 2.021633 0.000027 -0.182286 0.000000 0.000000
    33 -0.000004 -1.136217 -0.000004 -0.537682 0.000000 0.000000
    34 -0.000011 1.136200 -0.000019 -0.591471 0.000000 0.000000
    35 -0.032677 -4.587727 1.352317 2.444718 1.216159 2.484986
    36 0.032719 4.587772 -1.352291 2.844703 1.216154 2.484990
    37 0.000000 -1.754536 -0.000002 0.193351 0.000000 0.000000
    38 -0.000006 1.754520 -0.000034 0.301016 0.000000 0.000000
    39 0.000000 -1.227020 -0.000002 0.955670 0.000000 0.000000
    40 0.000002 1.227070 0.000032 0.655020 0.000000 0.000000
    41 -0.367996 -4.208406 0.173244 2.475865 1.091695 2.536227
    42 0.368011 4.208412 -0.173239 2.894872 1.091696 2.536226
    43 0.000000 -2.372318 -0.000004 0.834666 0.000000 0.000000
    44 -0.000006 2.372318 -0.000032 0.737827 0.000000 0.000000
    45 0.000004 -1.580070 -0.000001 0.495055 0.000000 0.000000
    46 -0.000002 1.580170 0.000030 0.744518 0.000000 0.000000
    47 -0.937645 -3.860697 -0.959317 2.205251 0.797005 2.273736
    48 0.937672 3.860714 0.959333 2.990775 1.016697 2.713704
    49 0.000000 -1.690632 0.000000 0.848242 0.000000 0.000000
    50 -0.000013 1.690666 0.000021 0.568265 0.000000 0.000000
    51 -0.000002 -1.423443 0.000002 0.234212 0.000000 0.000000
    52 0.000008 1.423420 0.000028 0.761967 0.000000 0.000000
    53 -1.546646 -3.404194 -1.915569 2.750280 1.118484 2.534731
    54 1.546661 3.404217 1.915585 -3.076191 1.031499 2.824457
    55 0.000004 -1.437820 0.000000 0.424958 0.000000 0.000000
    56 -0.000021 1.437870 0.000031 -0.074282 0.000000 0.000000
    57 -0.000002 -1.059402 0.000000 0.322075 0.000000 0.000000
    58 0.000006 1.059372 0.000008 0.911714 0.000000 0.000000
    59 -0.000004 -13.013485 -0.000004 0.010936 -0.284121 -0.076428
    60 0.161133 -10.812500 0.023087 0.010936 -0.284121 -0.076428
  time 109
    0 0.000000 0.826660 0.000001 -1.559900 -0.000006 -0.000006
    1 -10.723376 4.021813 0.943485 -0.710326 -0.072090 0.378038
    2 0.000000 14.313023 0.000003 -1.573641 0.000000 0.000000
    3 -0.000011 13.013483 -0.000005 0.492078 -0.005424 -0.106016
    4 8.648438 7.792969 3.429688 2.222705 0.399521 -1.404265
    5 0.000000 -14.313034 0.000000 -1.556552 0.000000 0.000000
    6 -0.000004 -13.013485 -0.000004 0.538394 0.815277 0.754107
    7 -1.330879 -2.698427 0.462449 -0.194886 -0.547260 3.056712
    8 1.330910 2.698444 -0.462436 0.194890 0.547268 -0.084879
    9 7.285156 4.597656 -3.041016 -1.937331 -0.275423 3.010558
    10 10.570313 2.281250 -6.343750 -2.460934 -0.275417 3.010575
    11 1.806641 7.582031 -7.234375 -1.550988 -0.382996 1.806934
    12 1.376953 7.875000 -12.054688 -1.277176 -0.488708 1.819244
    13 4.531250 3.457031 -3.607422 -1.647836 -0.580608 1.782439
    14 5.974704 2.920219 -4.391550 -1.937293 -0.275375 -3.272616
    15 7.558525 6.997282 -2.354134 -1.937336 -0.275393 3.010581
    16 7.558525 6.997282 -2.354134 1.937336 0.275393 -0.131011
    17 -2.867767 -2.740969 0.531125 2.051196 0.577049 -0.321829
    18 8.375000 1.621094 -7.539063 -1.937331 -0.275423 3.010558
    19 2.614002 2.377790 -5.883075 -1.937294 -0.275294 -3.272537
    20 5.595486 4.607124 0.422674 -1.090396 0.577049 -0.321829
    21 6.233833 5.542564 0.898426 -1.090396 0.577049 -0.321829
    22 6.946648 6.587124 1.429667 -1.090396 0.577049 -0.321829
    23 7.537933 7.453606 1.870349 -1.090396 0.577049 -0.321829
    24 8.154472 8.357077 2.329839 -1.090396 0.577049 -0.321829
    25 8.874294 9.411907 2.866308 -1.090396 0.577049 -0.321829
    26 -4.125858 -2.321501 1.394414 2.051196 0.577049 -0.321829
    27 -4.826813 -3.348669 0.872014 2.051196 0.577049 -0.321829
    28 -5.441669 -4.249685 0.413772 2.051196 0.577049 -0.321829
    29 -0.552532 -1.343527 1.604446 -0.531397 0.349107 -0.535250
    30 0.552589 1.343534 -1.604463 -0.572351 0.200763 -0.519410
    31 0.000000 -2.021618 -0.000004 -0.140762 0.000000 0.000000
    32 -0.000021 2.021633 0.000027 -0.182286 0.000000 0.000000
    33 -0.000004 -1.136217 -0.000004 -0.537682 0.000000 0.000000
    34 -0.000011 1.136200 -0.000019 -0.591471 0.000000 0.000000
    35 -0.032677 -4.587727 1.352317 2.444718 1.216159 2.484986
    36 0.032719 4.587772 -1.352291 2.844703 1.216154 2.484990
    37 0.000000 -1.754536 -0.000002 0.193351 0.000000 0.000000
    38 -0.000006 1.754520 -0.000034 0.301016 0.000000 0.000000
    39 0.000000 -1.227020 -0.000002 0.955670 0.000000 0.000000
    40 0.000002 1.227070 0.000032 0.655020 0.000000 0.000000
    41 -0.367996 -4.208406 0.173244 2.475865 1.091695 2.536227
    42 0.368011 4.208412 -0.173239 2.894872 1.091696 2.536226
    43 0.000000 -2.372318 -0.000004 0.834666 0.000000 0.000000
    44 -0.000006 2.372318 -0.000032 0.737827 0.000000 0.000000
    45 0.000004 -1.580070 -0.000001 0.495055 0.000000 0.000000
    46 -0.000002 1.580170 0.000030 0.744518 0.000000 0.000000
    47 -0.937645 -3.860697 -0.959317 2.205251 0.797005 2.273736
    48 0.937672 3.860714 0.959333 2.990775 1.016697 2.713704
    49 0.000000 -1.690632 0.000000 0.848242 0.000000 0.000000
    50 -0.000013 1.690666 0.000021 0.568265 0.000000 0.000000
    51 -0.000002 -1.423443 0.000002 0.234212 0.000000 0.000000
    52 0.000008 1.423420 0.000028 0.761967 0.000000 0.000000
    53 -1.546646 -3.404194 -1.915569 2.750280 1.118484 2.534731
    54 1.546661 3.404217 1.915585 -3.076191 1.031499 2.824457
    55 0.000004 -1.437820 0.000000 0.424958 0.000000 0.000000
    56 -0.000021 1.437870 0.000031 -0.074282 0.000000 0.000000
    57 -0.000002 -1.059402 0.000000 0.322075 0.000000 0.000000
    58 0.000006 1.059372 0.000008 0.911714 0.000000 0.000000
    59 -0.000004 -13.013485 -0.000004 0.010936 -0.284121 -0.076428
    60 0.161133 -10.812500 0.023087 0.010936 -0.284121 -0.076428
  time 110
    0 0.000000 0.826660 0.000001 -1.559900 -0.000006 -0.000006
    1 -10.723376 4.021813 0.943485 -0.716039 -0.073616 0.359859
    2 0.000000 14.313023 0.000003 -1.553662 0.000000 0.000000
    3 -0.000011 13.013483 -0.000005 0.466758 -0.044384 -0.101415
    4 8.648438 7.792969 3.429688 2.222705 0.399521 -1.404265
    5 0.000000 -14.313034 0.000000 -1.556552 0.000000 0.000000
    6 -0.000004 -13.013485 -0.000004 0.538394 0.815277 0.754107
    7 -1.330879 -2.698427 0.462449 -0.194886 -0.547260 3.056712
    8 1.330910 2.698444 -0.462436 0.194890 0.547268 -0.084879
    9 7.285156 4.597656 -3.041016 -1.937331 -0.275423 3.010558
    10 10.570313 2.281250 -6.343750 -2.460934 -0.275417 3.010575
    11 1.806641 7.582031 -7.234375 -1.550988 -0.382996 1.806934
    12 1.376953 7.875000 -12.054688 -1.277176 -0.488708 1.819244
    13 4.531250 3.457031 -3.607422 -1.647836 -0.580608 1.782439
    14 5.974704 2.920219 -4.391550 -1.937293 -0.275375 -3.272616
    15 7.558525 6.997282 -2.354134 -1.937336 -0.275393 3.010581
    16 7.558525 6.997282 -2.354134 1.937336 0.275393 -0.131011
    17 -2.867767 -2.740969 0.531125 2.051196 0.577049 -0.321829
    18 8.375000 1.621094 -7.539063 -1.937331 -0.275423 3.010558
    19 2.614002 2.377790 -5.879168 -1.937294 -0.275294 -3.272537
    20 5.595486 4.607124 0.422674 -1.090396 0.577049 -0.321829
    21 6.233833 5.542564 0.898426 -1.090396 0.577049 -0.321829
    22 6.946648 6.587124 1.429667 -1.090396 0.577049 -0.321829
    23 7.537933 7.453606 1.870349 -1.090396 0.577049 -0.321829
    24 8.154472 8.357077 2.329839 -1.090396 0.577049 -0.321829
    25 8.874294 9.411907 2.866308 -1.090396 0.577049 -0.321829
    26 -4.125858 -2.321501 1.394414 2.051196 0.577049 -0.321829
    27 -4.826813 -3.348669 0.872014 2.051196 0.577049 -0.321829
    28 -5.441669 -4.249685 0.413772 2.051196 0.577049 -0.321829
    29 -0.552532 -1.343527 1.604446 -0.531397 0.349107 -0.535250
    30 0.552589 1.343534 -1.604463 -0.572351 0.200763 -0.519410
    31 0.000000 -2.021618 -0.000004 -0.140762 0.000000 0.000000
    32 -0.000021 2.021633 0.000027 -0.182286 0.000000 0.000000
    33 -0.000004 -1.136217 -0.000004 -0.537682 0.000000 0.000000
    34 -0.000011 1.136200 -0.000019 -0.591471 0.000000 0.000000
    35 -0.032677 -4.587727 1.352317 2.444718 1.216159 2.484986
    36 0.032719 4.587772 -1.352291 2.844703 1.216154 2.484990
    37 0.000000 -1.754536 -0.000002 0.193351 0.000000 0.000000
    38 -0.000006 1.754520 -0.000034 0.301016 0.000000 0.000000
    39 0.000000 -1.227020 -0.000002 0.955670 0.000000 0.000000
    40 0.000002 1.227070 0.000032 0.655020 0.000000 0.000000
    41 -0.367996 -4.208406 0.173244 2.475865 1.091695 2.536227
    42 0.368011 4.208412 -0.173239 2.894872 1.091696 2.536226
    43 0.000000 -2.372318 -0.000004 0.834666 0.000000 0.000000
    44 -0.000006 2.372318 -0.000032 0.737827 0.000000 0.000000
    45 0.000004 -1.580070 -0.000001 0.495055 0.000000 0.000000
    46 -0.000002 1.580170 0.000030 0.744518 0.000000 0.000000
    47 -0.937645 -3.860697 -0.959317 2.205251 0.797005 2.273736
    48 0.937672 3.860714 0.959333 2.990775 1.016697 2.713704
    49 0.000000 -1.690632 0.000000 0.848242 0.000000 0.000000
    50 -0.000013 1.690666 0.000021 0.568265 0.000000 0.000000
    51 -0.000002 -1.423443 0.000002 0.234212 0.000000 0.000000
    52 0.000008 1.423420 0.000028 0.761967 0.000000 0.000000
    53 -1.546646 -3.404194 -1.915569 2.750280 1.118484 2.534731
    54 1.546661 3.404217 1.915585 -3.076191 1.031499 2.824457
    55 0.000004 -1.437820 0.000000 0.424958 0.000000 0.000000
    56 -0.000021 1.437870 0.000031 -0.074282 0.000000 0.000000
    57 -0.000002 -1.059402 0.000000 0.322075 0.000000 0.000000
    58 0.000006 1.059372 0.000008 0.911714 0.000000 0.000000
    59 -0.000004 -13.013485 -0.000004 0.010936 -0.284121 -0.076428
    60 0.161133 -10.812500 0.023087 0.010936 -0.284121 -0.076428
  time 111
    0 0.000000 0.826660 0.000001 -1.559900 -0.000006 -0.000006
    1 -10.723376 4.021813 0.943485 -0.722489 -0.074999 0.346874
    2 0.000000 14.313023 0.000003 -1.537532 0.000000 0.000000
    3 -0.000011 13.013483 -0.000005 0.456725 -0.071930 -0.092788
    4 8.648438 7.792969 3.429688 2.222705 0.399521 -1.404265
    5 0.000000 -14.313034 0.000000 -1.556552 0.000000 0.000000
    6 -0.000004 -13.013485 -0.000004 0.538394 0.815277 0.754107
    7 -1.330879 -2.698427 0.462449 -0.194886 -0.547260 3.056712
    8 1.330910 2.698444 -0.462436 0.194890 0.547268 -0.084879
    9 7.285156 4.597656 -3.041016 -1.937331 -0.275423 3.010558
    10 10.570313 2.281250 -6.343750 -2.460934 -0.275417 3.010575
    11 1.806641 7.582031 -7.234375 -1.550988 -0.382996 1.806934
    12 1.376953 7.875000 -12.054688 -1.277176 -0.488708 1.819244
    13 4.531250 3.457031 -3.607422 -1.647836 -0.580608 1.782439
    14 5.974704 2.920219 -4.391550 -1.937293 -0.275375 -3.272616
    15 7.558525 6.997282 -2.354134 -1.937336 -0.275393 3.010581
    16 7.558525 6.997282 -2.354134 1.937336 0.275393 -0.131011
    17 -2.867767 -2.740969 0.531125 2.051196 0.577049 -0.321829
    18 8.375000 1.621094 -7.539063 -1.937331 -0.275423 3.010558
    19 2.614002 2.377790 -5.883075 -1.937294 -0.275294 -3.272537
    20 5.595486 4.607124 0.422674 -1.090396 0.577049 -0.321829
    21 6.233833 5.542564 0.898426 -1.090396 0.577049 -0.321829
    22 6.946648 6.587124 1.429667 -1.090396 0.577049 -0.321829
    23 7.537933 7.453606 1.870349 -1.090396 0.577049 -0.321829
    24 8.154472 8.357077 2.329839 -1.090396 0.577049 -0.321829
    25 8.874294 9.411907 2.866308 -1.090396 0.577049 -0.321829
    26 -4.125858 -2.321501 1.394414 2.051196 0.577049 -0.321829
    27 -4.826813 -3.348669 0.872014 2.051196 0.577049 -0.321829
    28 -5.441669 -4.249685 0.413772 2.051196 0.577049 -0.321829
    29 -0.552532 -1.343527 1.604446 -0.531397 0.349107 -0.535250
    30 0.552589 1.343534 -1.604463 -0.572351 0.200763 -0.519410
    31 0.000000 -2.021618 -0.000004 -0.140762 0.000000 0.000000
    32 -0.000021 2.021633 0.000027 -0.182286 0.000000 0.000000
    33 -0.000004 -1.136217 -0.000004 -0.537682 0.000000 0.000000
    34 -0.000011 1.136200 -0.000019 -0.591471 0.000000 0.000000
    35 -0.032677 -4.587727 1.352317 2.444718 1.216159 2.484986
    36 0.032719 4.587772 -1.352291 2.844703 1.216154 2.484990
    37 0.000000 -1.754536 -0.000002 0.193351 0.000000 0.000000
    38 -0.000006 1.754520 -0.000034 0.301016 0.000000 0.000000
    39 0.000000 -1.227020 -0.000002 0.955670 0.000000 0.000000
    40 0.000002 1.227070 0.000032 0.655020 0.000000 0.000000
    41 -0.367996 -4.208406 0.173244 2.475865 1.091695 2.536227
    42 0.368011 4.208412 -0.173239 2.894872 1.091696 2.536226
    43 0.000000 -2.372318 -0.000004 0.834666 0.000000 0.000000
    44 -0.000006 2.372318 -0.000032 0.737827 0.000000 0.000000
    45 0.000004 -1.580070 -0.000001 0.495055 0.000000 0.000000
    46 -0.000002 1.580170 0.000030 0.744518 0.000000 0.000000
    47 -0.937645 -3.860697 -0.959317 2.205251 0.797005 2.273736
    48 0.937672 3.860714 0.959333 2.990775 1.016697 2.713704
    49 0.000000 -1.690632 0.000000 0.848242 0.000000 0.000000
    50 -0.000013 1.690666 0.000021 0.568265 0.000000 0.000000
    51 -0.000002 -1.423443 0.000002 0.234212 0.000000 0.000000
    52 0.000008 1.423420 0.000028 0.761894 0.000000 0.000000
    53 -1.546646 -3.404194 -1.915569 2.750280 1.118484 2.534731
    54 1.546661 3.404217 1.915585 -3.076191 1.031499 2.824457
    55 0.000004 -1.437820 0.000000 0.424958 0.000000 0.000000
    56 -0.000021 1.437870 0.000031 -0.074282 0.000000 0.000000
    57 -0.000002 -1.059402 0.000000 0.322075 0.000000 0.000000
    58 0.000006 1.059372 0.000008 0.911714 0.000000 0.000000
    59 -0.000004 -13.013485 -0.000004 0.010936 -0.284121 -0.076428
    60 0.161133 -10.812500 0.023087 0.010936 -0.284121 -0.076428
  time 112
    0 0.000000 0.826660 0.000001 -1.559900 -0.000006 -0.000006
    1 -10.723376 4.021813 0.943485 -0.730045 -0.075857 0.339007
    2 0.000000 14.313023 0.000003 -1.521035 0.000000 0.000000
    3 -0.000011 13.013483 -0.000005 0.452712 -0.090089 -0.077356
    4 8.648438 7.792969 3.429688 2.222705 0.399521 -1.404265
    5 0.000000 -14.313034 0.000000 -1.556552 0.000000 0.000000
    6 -0.000004 -13.013485 -0.000004 0.538394 0.815277 0.754107
    7 -1.330879 -2.698427 0.462449 -0.194886 -0.547260 3.056712
    8 1.330910 2.698444 -0.462436 0.194890 0.547268 -0.084879
    9 7.285156 4.597656 -3.041016 -1.937331 -0.275423 3.010558
    10 10.570313 2.281250 -6.343750 -2.460934 -0.275417 3.010575
    11 1.806641 7.582031 -7.234375 -1.550988 -0.382996 1.806934
    12 1.376953 7.875000 -12.054688 -1.277176 -0.488708 1.819244
    13 4.531250 3.457031 -3.607422 -1.647836 -0.580608 1.782439
    14 5.974704 2.920219 -4.391550 -1.937293 -0.275375 -3.272616
    15 7.558525 6.997282 -2.354134 -1.937336 -0.275393 3.010581
    16 7.558525 6.997282 -2.354134 1.937336 0.275393 -0.131011
    17 -2.867767 -2.740969 0.531125 2.051196 0.577049 -0.321829
    18 8.375000 1.621094 -7.539063 -1.937331 -0.275423 3.010558
    19 2.614002 2.377790 -5.879168 -1.937294 -0.275294 -3.272537
    20 5.595486 4.607124 0.422674 -1.090396 0.577049 -0.321829
    21 6.233833 5.542564 0.898426 -1.090396 0.577049 -0.321829
    22 6.946648 6.587124 1.429667 -1.090396 0.577049 -0.321829
    23 7.537933 7.453606 1.870349 -1.090396 0.577049 -0.321829
    24 8.154472 8.357077 2.329839 -1.090396 0.577049 -0.321829
    25 8.874294 9.411907 2.866308 -1.090396 0.577049 -0.321829
    26 -4.125858 -2.321501 1.394414 2.051196 0.577049 -0.321829
    27 -4.826813 -3.348669 0.872014 2.051196 0.577049 -0.321829
    28 -5.441669 -4.249685 0.413772 2.051196 0.577049 -0.321829
    29 -0.552532 -1.343527 1.604446 -0.531397 0.349107 -0.535250
    30 0.552589 1.343534 -1.604463 -0.572351 0.200763 -0.519410
    31 0.000000 -2.021618 -0.000004 -0.140762 0.000000 0.000000
    32 -0.000021 2.021633 0.000027 -0.182286 0.000000 0.000000
    33 -0.000004 -1.136217 -0.000004 -0.537682 0.000000 0.000000
    34 -0.000011 1.136200 -0.000019 -0.591471 0.000000 0.000000
    35 -0.032677 -4.587727 1.352317 2.444718 1.216159 2.484986
    36 0.032719 4.587772 -1.352291 2.844703 1.216154 2.484990
    37 0.000000 -1.754536 -0.000002 0.193351 0.000000 0.000000
    38 -0.000006 1.754520 -0.000034 0.301016 0.000000 0.000000
    39 0.000000 -1.227020 -0.000002 0.955670 0.000000 0.000000
    40 0.000002 1.227070 0.000032 0.655020 0.000000 0.000000
    41 -0.367996 -4.208406 0.173244 2.475865 1.091695 2.536227
    42 0.368011 4.208412 -0.173239 2.894872 1.091696 2.536226
    43 0.000000 -2.372318 -0.000004 0.834666 0.000000 0.000000
    44 -0.000006 2.372318 -0.000032 0.737827 0.000000 0.000000
    45 0.000004 -1.580070 -0.000001 0.495055 0.000000 0.000000
    46 -0.000002 1.580170 0.000030 0.744518 0.000000 0.000000
    47 -0.937645 -3.860697 -0.959317 2.205251 0.797005 2.273736
    48 0.937672 3.860714 0.959333 2.990775 1.016697 2.713704
    49 0.000000 -1.690632 0.000000 0.848242 0.000000 0.000000
    50 -0.000013 1.690666 0.000021 0.568265 0.000000 0.000000
    51 -0.000002 -1.423443 0.000002 0.234212 0.000000 0.000000
    52 0.000008 1.423420 0.000028 0.761967 0.000000 0.000000
    53 -1.546646 -3.404194 -1.915569 2.750280 1.118484 2.534731
    54 1.546661 3.404217 1.915585 -3.076191 1.031499 2.824457
    55 0.000004 -1.437820 0.000000 0.424958 0.000000 0.000000
    56 -0.000021 1.437870 0.000031 -0.074282 0.000000 0.000000
    57 -0.000002 -1.059402 0.000000 0.322075 0.000000 0.000000
    58 0.000006 1.059372 0.000008 0.911714 0.000000 0.000000
    59 -0.000004 -13.013485 -0.000004 0.010936 -0.284121 -0.076428
    60 0.161133 -10.812500 0.023087 0.010936 -0.284121 -0.076428
  time 113
    0 0.000000 0.826660 0.000001 -1.559900 -0.000006 -0.000006
    1 -10.723376 4.021813 0.943485 -0.738983 -0.076334 0.336181
    2 0.000000 14.313023 0.000003 -1.500018 0.000000 0.000000
    3 -0.000011 13.013483 -0.000005 0.444304 -0.100796 -0.052529
    4 8.648438 7.792969 3.429688 2.222705 0.399521 -1.404265
    5 0.000000 -14.313034 0.000000 -1.556552 0.000000 0.000000
    6 -0.000004 -13.013485 -0.000004 0.538394 0.815277 0.754107
    7 -1.330879 -2.698427 0.462449 -0.194886 -0.547260 3.056712
    8 1.330910 2.698444 -0.462436 0.194890 0.547268 -0.084879
    9 7.285156 4.597656 -3.041016 -1.937331 -0.275423 3.010558
    10 10.570313 2.281250 -6.343750 -2.460934 -0.275417 3.010575
    11 1.806641 7.582031 -7.234375 -1.550988 -0.382996 1.806934
    12 1.376953 7.875000 -12.054688 -1.277176 -0.488708 1.819244
    13 4.531250 3.457031 -3.607422 -1.647836 -0.580608 1.782439
    14 5.974704 2.920219 -4.391550 -1.937293 -0.275375 -3.272616
    15 7.558525 6.997282 -2.354134 -1.937336 -0.275393 3.010581
    16 7.558525 6.997282 -2.354134 1.937336 0.275393 -0.131011
    17 -2.867767 -2.740969 0.531125 2.051196 0.577049 -0.321829
    18 8.375000 1.621094 -7.539063 -1.937331 -0.275423 3.010558
    19 2.614002 2.381697 -5.883075 -1.937294 -0.275294 -3.272537
    20 5.595486 4.607124 0.422674 -1.090396 0.577049 -0.321829
    21 6.233833 5.542564 0.898426 -1.090396 0.577049 -0.321829
    22 6.946648 6.587124 1.429667 -1.090396 0.577049 -0.321829
    23 7.537933 7.453606 1.870349 -1.090396 0.577049 -0.321829
    24 8.154472 8.357077 2.329839 -1.090396 0.577049 -0.321829
    25 8.874294 9.411907 2.866308 -1.090396 0.577049 -0.321829
    26 -4.125858 -2.321501 1.394414 2.051196 0.577049 -0.321829
    27 -4.826813 -3.348669 0.872014 2.051196 0.577049 -0.321829
    28 -5.441669 -4.249685 0.413772 2.051196 0.577049 -0.321829
    29 -0.552532 -1.343527 1.604446 -0.531397 0.349107 -0.535250
    30 0.552589 1.343534 -1.604463 -0.572351 0.200763 -0.519410
    31 0.000000 -2.021618 -0.000004 -0.140762 0.000000 0.000000
    32 -0.000021 2.021633 0.000027 -0.182286 0.000000 0.000000
    33 -0.000004 -1.136217 -0.000004 -0.537682 0.000000 0.000000
    34 -0.000011 1.136200 -0.000019 -0.591471 0.000000 0.000000
    35 -0.032677 -4.587727 1.352317 2.444718 1.216159 2.484986
    36 0.032719 4.587772 -1.352291 2.844703 1.216154 2.484990
    37 0.000000 -1.754536 -0.000002 0.193351 0.000000 0.000000
    38 -0.000006 1.754520 -0.000034 0.301016 0.000000 0.000000
    39 0.000000 -1.227020 -0.000002 0.955670 0.000000 0.000000
    40 0.000002 1.227070 0.000032 0.655020 0.000000 0.000000
    41 -0.367996 -4.208406 0.173244 2.475865 1.091695 2.536227
    42 0.368011 4.208412 -0.173239 2.894872 1.091696 2.536226
    43 0.000000 -2.372318 -0.000004 0.834666 0.000000 0.000000
    44 -0.000006 2.372318 -0.000032 0.737827 0.000000 0.000000
    45 0.000004 -1.580070 -0.000001 0.495055 0.000000 0.000000
    46 -0.000002 1.580170 0.000030 0.744518 0.000000 0.000000
    47 -0.937645 -3.860697 -0.959317 2.205251 0.797005 2.273736
    48 0.937672 3.860714 0.959333 2.990775 1.016697 2.713704
    49 0.000000 -1.690632 0.000000 0.848242 0.000000 0.000000
    50 -0.000013 1.690666 0.000021 0.568265 0.000000 0.000000
    51 -0.000002 -1.423443 0.000002 0.234212 0.000000 0.000000
    52 0.000008 1.423420 0.000028 0.761967 0.000000 0.000000
    53 -1.546646 -3.404194 -1.915569 2.750280 1.118484 2.534731
    54 1.546661 3.404217 1.915585 -3.076191 1.031499 2.824457
    55 0.000004 -1.437820 0.000000 0.424958 0.000000 0.000000
    56 -0.000021 1.437870 0.000031 -0.074282 0.000000 0.000000
    57 -0.000002 -1.059402 0.000000 0.322075 0.000000 0.000000
    58 0.000006 1.059372 0.000008 0.911714 0.000000 0.000000
    59 -0.000004 -13.013485 -0.000004 0.010936 -0.284121 -0.076428
    60 0.161133 -10.812500 0.023087 0.010936 -0.284121 -0.076428
  time 114
    0 0.000000 0.826660 0.000001 -1.559900 -0.000006 -0.000006
    1 -10.723376 4.021813 0.943485 -0.749027 -0.076286 0.336181
    2 0.000000 14.313023 0.000003 -1.475456 0.000000 0.000000
    3 -0.000011 13.013483 -0.000005 0.432933 -0.105749 -0.020992
    4 8.648438 7.792969 3.429688 2.222705 0.399521 -1.404265
    5 0.000000 -14.313034 0.000000 -1.556552 0.000000 0.000000
    6 -0.000004 -13.013485 -0.000004 0.538394 0.815277 0.754107
    7 -1.330879 -2.698427 0.462449 -0.194886 -0.547260 3.056712
    8 1.330910 2.698444 -0.462436 0.194890 0.547268 -0.084879
    9 7.285156 4.597656 -3.041016 -1.937331 -0.275423 3.010558
    10 10.570313 2.281250 -6.343750 -2.460934 -0.275417 3.010575
    11 1.806641 7.582031 -7.234375 -1.550988 -0.382996 1.806934
    12 1.376953 7.875000 -12.054688 -1.277176 -0.488708 1.819244
    13 4.531250 3.457031 -3.607422 -1.647836 -0.580608 1.782439
    14 5.974704 2.920219 -4.391550 -1.937293 -0.275375 -3.272616
    15 7.558525 6.997282 -2.354134 -1.937336 -0.275393 3.010581
    16 7.558525 6.997282 -2.354134 1.937336 0.275393 -0.131011
    17 -2.867767 -2.740969 0.531125 2.051196 0.577049 -0.321829
    18 8.375000 1.621094 -7.539063 -1.937331 -0.275423 3.010558
    19 2.614002 2.377790 -5.879168 -1.937294 -0.275294 -3.272537
    20 5.595486 4.607124 0.422674 -1.090396 0.577049 -0.321829
    21 6.233833 5.542564 0.898426 -1.090396 0.577049 -0.321829
    22 6.946648 6.587124 1.429667 -1.090396 0.577049 -0.321829
    23 7.537933 7.453606 1.870349 -1.090396 0.577049 -0.321829
    24 8.154472 8.357077 2.329839 -1.090396 0.577049 -0.321829
    25 8.874294 9.411907 2.866308 -1.090396 0.577049 -0.321829
    26 -4.125858 -2.321501 1.394414 2.051196 0.577049 -0.321829
    27 -4.826813 -3.348669 0.872014 2.051196 0.577049 -0.321829
    28 -5.441669 -4.249685 0.413772 2.051196 0.577049 -0.321829
    29 -0.552532 -1.343527 1.604446 -0.531397 0.349107 -0.535250
    30 0.552589 1.343534 -1.604463 -0.572351 0.200763 -0.519410
    31 0.000000 -2.021618 -0.000004 -0.140762 0.000000 0.000000
    32 -0.000021 2.021633 0.000027 -0.182286 0.000000 0.000000
    33 -0.000004 -1.136217 -0.000004 -0.537682 0.000000 0.000000
    34 -0.000011 1.136200 -0.000019 -0.591471 0.000000 0.000000
    35 -0.032677 -4.587727 1.352317 2.444718 1.216159 2.484986
    36 0.032719 4.587772 -1.352291 2.844703 1.216154 2.484990
    37 0.000000 -1.754536 -0.000002 0.193351 0.000000 0.000000
    38 -0.000006 1.754520 -0.000034 0.301016 0.000000 0.000000
    39 0.000000 -1.227020 -0.000002 0.955670 0.000000 0.000000
    40 0.000002 1.227070 0.000032 0.655020 0.000000 0.000000
    41 -0.367996 -4.208406 0.173244 2.475865 1.091695 2.536227
    42 0.368011 4.208412 -0.173239 2.894872 1.091696 2.536226
    43 0.000000 -2.372318 -0.000004 0.834666 0.000000 0.000000
    44 -0.000006 2.372318 -0.000032 0.737827 0.000000 0.000000
    45 0.000004 -1.580070 -0.000001 0.495055 0.000000 0.000000
    46 -0.000002 1.580170 0.000030 0.744518 0.000000 0.000000
    47 -0.937645 -3.860697 -0.959317 2.205251 0.797005 2.273736
    48 0.937672 3.860714 0.959333 2.990775 1.016697 2.713704
    49 0.000000 -1.690632 0.000000 0.848242 0.000000 0.000000
    50 -0.000013 1.690666 0.000021 0.568265 0.000000 0.000000
    51 -0.000002 -1.423443 0.000002 0.234212 0.000000 0.000000
    52 0.000008 1.423420 0.000028 0.761894 0.000000 0.000000
    53 -1.546646 -3.404194 -1.915569 2.750280 1.118484 2.534731
    54 1.546661 3.404217 1.915585 -3.076191 1.031499 2.824457
    55 0.000004 -1.437820 0.000000 0.424958 0.000000 0.000000
    56 -0.000021 1.437870 0.000031 -0.074282 0.000000 0.000000
    57 -0.000002 -1.059402 0.000000 0.322075 0.000000 0.000000
    58 0.000006 1.059372 0.000008 0.911714 0.000000 0.000000
    59 -0.000004 -13.013485 -0.000004 0.010936 -0.284121 -0.076428
    60 0.161133 -10.812500 0.023087 0.010936 -0.284121 -0.076428
  time 115
    0 0.000000 0.826660 0.000001 -1.559900 -0.000006 -0.000006
    1 -10.723376 4.021813 0.943485 -0.760177 -0.075762 0.336486
    2 0.000000 14.313023 0.000003 -1.447779 0.000000 0.000000
    3 -0.000011 13.013483 -0.000005 0.419843 -0.106928 0.014378
    4 8.648438 7.792969 3.429688 2.222705 0.399521 -1.404265
    5 0.000000 -14.313034 0.000000 -1.556552 0.000000 0.000000
    6 -0.000004 -13.013485 -0.000004 0.538394 0.815277 0.754107
    7 -1.330879 -2.698427 0.462449 -0.194886 -0.547260 3.056712
    8 1.330910 2.698444 -0.462436 0.194890 0.547268 -0.084879
    9 7.285156 4.597656 -3.041016 -1.937331 -0.275423 3.010558
    10 10.570313 2.281250 -6.343750 -2.460934 -0.275417 3.010575
    11 1.806641 7.582031 -7.234375 -1.550988 -0.382996 1.806934
    12 1.376953 7.875000 -12.054688 -1.277176 -0.488708 1.819244
    13 4.531250 3.457031 -3.607422 -1.647836 -0.580608 1.782439
    14 5.974704 2.920219 -4.391550 -1.937293 -0.275375 -3.272616
    15 7.558525 6.997282 -2.354134 -1.937336 -0.275393 3.010581
    16 7.558525 6.997282 -2.354134 1.937336 0.275393 -0.131011
    17 -2.867767 -2.740969 0.531125 2.051196 0.577049 -0.321829
    18 8.375000 1.621094 -7.539063 -1.937331 -0.275423 3.010558
    19 2.614002 2.377790 -5.879168 -1.937294 -0.275294 -3.272537
    20 5.595486 4.607124 0.422674 -1.090396 0.577049 -0.321829
    21 6.233833 5.542564 0.898426 -1.090396 0.577049 -0.321829
    22 6.946648 6.587124 1.429667 -1.090396 0.577049 -0.321829
    23 7.537933 7.453606 1.870349 -1.090396 0.577049 -0.321829
    24 8.154472 8.357077 2.329839 -1.090396 0.577049 -0.321829
    25 8.874294 9.411907 2.866308 -1.090396 0.577049 -0.321829
    26 -4.125858 -2.321501 1.394414 2.051196 0.577049 -0.321829
    27 -4.826813 -3.348669 0.872014 2.051196 0.577049 -0.321829
    28 -5.441669 -4.249685 0.413772 2.051196 0.577049 -0.321829
    29 -0.552532 -1.343527 1.604446 -0.531397 0.349107 -0.535250
    30 0.552589 1.343534 -1.604463 -0.572351 0.200763 -0.519410
    31 0.000000 -2.021618 -0.000004 -0.140762 0.000000 0.000000
    32 -0.000021 2.021633 0.000027 -0.182286 0.000000 0.000000
    33 -0.000004 -1.136217 -0.000004 -0.537682 0.000000 0.000000
    34 -0.000011 1.136200 -0.000019 -0.591471 0.000000 0.000000
    35 -0.032677 -4.587727 1.352317 2.444718 1.216159 2.484986
    36 0.032719 4.587772 -1.352291 2.844703 1.216154 2.484990
    37 0.000000 -1.754536 -0.000002 0.193351 0.000000 0.000000
    38 -0.000006 1.754520 -0.000034 0.301016 0.000000 0.000000
    39 0.000000 -1.227020 -0.000002 0.955670 0.000000 0.000000
    40 0.000002 1.227070 0.000032 0.655020 0.000000 0.000000
    41 -0.367996 -4.208406 0.173244 2.475865 1.091695 2.536227
    42 0.368011 4.208412 -0.173239 2.894872 1.091696 2.536226
    43 0.000000 -2.372318 -0.000004 0.834666 0.000000 0.000000
    44 -0.000006 2.372318 -0.000032 0.737827 0.000000 0.000000
    45 0.000004 -1.580070 -0.000001 0.495055 0.000000 0.000000
    46 -0.000002 1.580170 0.000030 0.744518 0.000000 0.000000
    47 -0.937645 -3.860697 -0.959317 2.205251 0.797005 2.273736
    48 0.937672 3.860714 0.959333 2.990775 1.016697 2.713704
    49 0.000000 -1.690632 0.000000 0.848242 0.000000 0.000000
    50 -0.000013 1.690666 0.000021 0.568265 0.000000 0.000000
    51 -0.000002 -1.423443 0.000002 0.234212 0.000000 0.000000
    52 0.000008 1.423420 0.000028 0.761967 0.000000 0.000000
    53 -1.546646 -3.404194 -1.915569 2.750280 1.118484 2.534731
    54 1.546661 3.404217 1.915585 -3.076191 1.031499 2.824457
    55 0.000004 -1.437820 0.000000 0.424958 0.000000 0.000000
    56 -0.000021 1.437870 0.000031 -0.074282 0.000000 0.000000
    57 -0.000002 -1.059402 0.000000 0.322075 0.000000 0.000000
    58 0.000006 1.059372 0.000008 0.911714 0.000000 0.000000
    59 -0.000004 -13.013485 -0.000004 0.010936 -0.284121 -0.076428
    60 0.161133 -10.812500 0.023087 0.010936 -0.284121 -0.076428
  time 116
    0 0.000000 0.826660 0.000001 -1.559900 -0.000006 -0.000006
    1 -10.723376 4.021813 0.943485 -0.772064 -0.075142 0.336944
    2 0.000000 14.313023 0.000003 -1.417780 0.000000 0.000000
    3 -0.000011 13.013483 -0.000005 0.406084 -0.104664 0.053104
    4 8.648438 7.792969 3.429688 2.222705 0.399521 -1.404265
    5 0.000000 -14.313034 0.000000 -1.556552 0.000000 0.000000
    6 -0.000004 -13.013485 -0.000004 0.538394 0.815277 0.754107
    7 -1.330879 -2.698427 0.462449 -0.194886 -0.547260 3.056712
    8 1.330910 2.698444 -0.462436 0.194890 0.547268 -0.084879
    9 7.285156 4.597656 -3.041016 -1.937331 -0.275423 3.010558
    10 10.570313 2.281250 -6.343750 -2.460934 -0.275417 3.010575
    11 1.806641 7.582031 -7.234375 -1.550988 -0.382996 1.806934
    12 1.376953 7.875000 -12.054688 -1.277176 -0.488708 1.819244
    13 4.531250 3.457031 -3.607422 -1.647836 -0.580608 1.782439
    14 5.974704 2.920219 -4.391550 -1.937293 -0.275375 -3.272616
    15 7.558525 6.997282 -2.354134 -1.937336 -0.275393 3.010581
    16 7.558525 6.997282 -2.354134 1.937336 0.275393 -0.131011
    17 -2.867767 -2.740969 0.531125 2.051196 0.577049 -0.321829
    18 8.375000 1.621094 -7.539063 -1.937331 -0.275423 3.010558
    19 2.614002 2.377790 -5.879168 -1.937294 -0.275294 -3.272537
    20 5.595486 4.607124 0.422674 -1.090396 0.577049 -0.321829
    21 6.233833 5.542564 0.898426 -1.090396 0.577049 -0.321829
    22 6.946648 6.587124 1.429667 -1.090396 0.577049 -0.321829
    23 7.537933 7.453606 1.870349 -1.090396 0.577049 -0.321829
    24 8.154472 8.357077 2.329839 -1.090396 0.577049 -0.321829
    25 8.874294 9.411907 2.866308 -1.090396 0.577049 -0.321829
    26 -4.125858 -2.321501 1.394414 2.051196 0.577049 -0.321829
    27 -4.826813 -3.348669 0.872014 2.051196 0.577049 -0.321829
    28 -5.441669 -4.249685 0.413772 2.051196 0.577049 -0.321829
    29 -0.552532 -1.343527 1.604446 -0.531397 0.349107 -0.535250
    30 0.552589 1.343534 -1.604463 -0.572351 0.200763 -0.519410
    31 0.000000 -2.021618 -0.000004 -0.140762 0.000000 0.000000
    32 -0.000021 2.021633 0.000027 -0.182286 0.000000 0.000000
    33 -0.000004 -1.136217 -0.000004 -0.537682 0.000000 0.000000
    34 -0.000011 1.136200 -0.000019 -0.591471 0.000000 0.000000
    35 -0.032677 -4.587727 1.352317 2.444718 1.216159 2.484986
    36 0.032719 4.587772 -1.352291 2.844703 1.216154 2.484990
    37 0.000000 -1.754536 -0.000002 0.193351 0.000000 0.000000
    38 -0.000006 1.754520 -0.000034 0.301016 0.000000 0.000000
    39 0.000000 -1.227020 -0.000002 0.955670 0.000000 0.000000
    40 0.000002 1.227070 0.000032 0.655020 0.000000 0.000000
    41 -0.367996 -4.208406 0.173244 2.475865 1.091695 2.536227
    42 0.368011 4.208412 -0.173239 2.894872 1.091696 2.536226
    43 0.000000 -2.372318 -0.000004 0.834666 0.000000 0.000000
    44 -0.000006 2.372318 -0.000032 0.737827 0.000000 0.000000
    45 0.000004 -1.580070 -0.000001 0.495055 0.000000 0.000000
    46 -0.000002 1.580170 0.000030 0.744518 0.000000 0.000000
    47 -0.937645 -3.860697 -0.959317 2.205251 0.797005 2.273736
    48 0.937672 3.860714 0.959333 2.990775 1.016697 2.713704
    49 0.000000 -1.690632 0.000000 0.848242 0.000000 0.000000
    50 -0.000013 1.690666 0.000021 0.568265 0.000000 0.000000
    51 -0.000002 -1.423443 0.000002 0.234212 0.000000 0.000000
    52 0.000008 1.423420 0.000028 0.761967 0.000000 0.000000
    53 -1.546646 -3.404194 -1.915569 2.750280 1.118484 2.534731
    54 1.546661 3.404217 1.915585 -3.076191 1.031499 2.824457
    55 0.000004 -1.437820 0.000000 0.424958 0.000000 0.000000
    56 -0.000021 1.437870 0.000031 -0.074282 0.000000 0.000000
    57 -0.000002 -1.059402 0.000000 0.322075 0.000000 0.000000
    58 0.000006 1.059372 0.000008 0.911714 0.000000 0.000000
    59 -0.000004 -13.013485 -0.000004 0.010936 -0.284121 -0.076428
    60 0.161133 -10.812500 0.023087 0.010936 -0.284121 -0.076428
  time 117
    0 0.000000 0.826660 0.000001 -1.559900 -0.000006 -0.000006
    1 -10.723376 4.021813 0.943485 -0.784596 -0.074665 0.337326
    2 0.000000 14.313023 0.000003 -1.386498 0.000000 0.000000
    3 -0.000011 13.013483 -0.000005 0.392707 -0.099570 0.093460
    4 8.648438 7.792969 3.429688 2.222705 0.399521 -1.404265
    5 0.000000 -14.313034 0.000000 -1.556552 0.000000 0.000000
    6 -0.000004 -13.013485 -0.000004 0.538394 0.815277 0.754107
    7 -1.330879 -2.698427 0.462449 -0.194886 -0.547260 3.056712
    8 1.330910 2.698444 -0.462436 0.194890 0.547268 -0.084879
    9 7.285156 4.597656 -3.041016 -1.937331 -0.275423 3.010558
    10 10.570313 2.281250 -6.343750 -2.460934 -0.275417 3.010575
    11 1.806641 7.582031 -7.234375 -1.550988 -0.382996 1.806934
    12 1.376953 7.875000 -12.054688 -1.277176 -0.488708 1.819244
    13 4.531250 3.457031 -3.607422 -1.647836 -0.580608 1.782439
    14 5.974704 2.920219 -4.391550 -1.937293 -0.275375 -3.272616
    15 7.558525 6.997282 -2.354134 -1.937336 -0.275393 3.010581
    16 7.558525 6.997282 -2.354134 1.937336 0.275393 -0.131011
    17 -2.867767 -2.740969 0.531125 2.051196 0.577049 -0.321829
    18 8.375000 1.621094 -7.539063 -1.937331 -0.275423 3.010558
    19 2.614002 2.381697 -5.879168 -1.937294 -0.275294 -3.272537
    20 5.595486 4.607124 0.422674 -1.090396 0.577049 -0.321829
    21 6.233833 5.542564 0.898426 -1.090396 0.577049 -0.321829
    22 6.946648 6.587124 1.429667 -1.090396 0.577049 -0.321829
    23 7.537933 7.453606 1.870349 -1.090396 0.577049 -0.321829
    24 8.154472 8.357077 2.329839 -1.090396 0.577049 -0.321829
    25 8.874294 9.411907 2.866308 -1.090396 0.577049 -0.321829
    26 -4.125858 -2.321501 1.394414 2.051196 0.577049 -0.321829
    27 -4.826813 -3.348669 0.872014 2.051196 0.577049 -0.321829
    28 -5.441669 -4.249685 0.413772 2.051196 0.577049 -0.321829
    29 -0.552532 -1.343527 1.604446 -0.531397 0.349107 -0.535250
    30 0.552589 1.343534 -1.604463 -0.572351 0.200763 -0.519410
    31 0.000000 -2.021618 -0.000004 -0.140762 0.000000 0.000000
    32 -0.000021 2.021633 0.000027 -0.182286 0.000000 0.000000
    33 -0.000004 -1.136217 -0.000004 -0.537682 0.000000 0.000000
    34 -0.000011 1.136200 -0.000019 -0.591471 0.000000 0.000000
    35 -0.032677 -4.587727 1.352317 2.444718 1.216159 2.484986
    36 0.032719 4.587772 -1.352291 2.844703 1.216154 2.484990
    37 0.000000 -1.754536 -0.000002 0.193351 0.000000 0.000000
    38 -0.000006 1.754520 -0.000034 0.301016 0.000000 0.000000
    39 0.000000 -1.227020 -0.000002 0.955670 0.000000 0.000000
    40 0.000002 1.227070 0.000032 0.655020 0.000000 0.000000
    41 -0.367996 -4.208406 0.173244 2.475865 1.091695 2.536227
    42 0.368011 4.208412 -0.173239 2.894872 1.091696 2.536226
    43 0.000000 -2.372318 -0.000004 0.834666 0.000000 0.000000
    44 -0.000006 2.372318 -0.000032 0.737827 0.000000 0.000000
    45 0.000004 -1.580070 -0.000001 0.495055 0.000000 0.000000
    46 -0.000002 1.580170 0.000030 0.744518 0.000000 0.000000
    47 -0.937645 -3.860697 -0.959317 2.205251 0.797005 2.273736
    48 0.937672 3.860714 0.959333 2.990775 1.016697 2.713704
    49 0.000000 -1.690632 0.000000 0.848242 0.000000 0.000000
    50 -0.000013 1.690666 0.000021 0.568265 0.000000 0.000000
    51 -0.000002 -1.423443 0.000002 0.234212 0.000000 0.000000
    52 0.000008 1.423420 0.000028 0.761967 0.000000 0.000000
    53 -1.546646 -3.404194 -1.915569 2.750280 1.118484 2.534731
    54 1.546661 3.404217 1.915585 -3.076191 1.031499 2.824457
    55 0.000004 -1.437820 0.000000 0.424958 0.000000 0.000000
    56 -0.000021 1.437870 0.000031 -0.074282 0.000000 0.000000
    57 -0.000002 -1.059402 0.000000 0.322075 0.000000 0.000000
    58 0.000006 1.059372 0.000008 0.911714 0.000000 0.000000
    59 -0.000004 -13.013485 -0.000004 0.010936 -0.284121 -0.076428
    60 0.161133 -10.812500 0.023087 0.010936 -0.284121 -0.076428
  time 118
    0 0.000000 0.826660 0.000001 -1.559900 -0.000006 -0.000006
    1 -10.723376 4.021813 0.943485 -0.797773 -0.074379 0.337479
    2 0.000000 14.313023 0.000003 -1.354482 0.000000 0.000000
    3 -0.000011 13.013483 -0.000005 0.380573 -0.092259 0.134869
    4 8.648438 7.792969 3.429688 2.222705 0.399521 -1.404265
    5 0.000000 -14.313034 0.000000 -1.556552 0.000000 0.000000
    6 -0.000004 -13.013485 -0.000004 0.538394 0.815277 0.754107
    7 -1.330879 -2.698427 0.462449 -0.194886 -0.547260 3.056712
    8 1.330910 2.698444 -0.462436 0.194890 0.547268 -0.084879
    9 7.285156 4.597656 -3.041016 -1.937331 -0.275423 3.010558
    10 10.570313 2.281250 -6.343750 -2.460934 -0.275417 3.010575
    11 1.806641 7.582031 -7.234375 -1.550988 -0.382996 1.806934
    12 1.376953 7.875000 -12.054688 -1.277176 -0.488708 1.819244
    13 4.531250 3.457031 -3.607422 -1.647836 -0.580608 1.782439
    14 5.974704 2.920219 -4.391550 -1.937293 -0.275375 -3.272616
    15 7.558525 6.997282 -2.354134 -1.937336 -0.275393 3.010581
    16 7.558525 6.997282 -2.354134 1.937336 0.275393 -0.131011
    17 -2.867767 -2.740969 0.531125 2.051196 0.577049 -0.321829
    18 8.375000 1.621094 -7.539063 -1.937331 -0.275423 3.010558
    19 2.614002 2.377790 -5.879168 -1.937294 -0.275294 -3.272537
    20 5.595486 4.607124 0.422674 -1.090396 0.577049 -0.321829
    21 6.233833 5.542564 0.898426 -1.090396 0.577049 -0.321829
    22 6.946648 6.587124 1.429667 -1.090396 0.577049 -0.321829
    23 7.537933 7.453606 1.870349 -1.090396 0.577049 -0.321829
    24 8.154472 8.357077 2.329839 -1.090396 0.577049 -0.321829
    25 8.874294 9.411907 2.866308 -1.090396 0.577049 -0.321829
    26 -4.125858 -2.321501 1.394414 2.051196 0.577049 -0.321829
    27 -4.826813 -3.348669 0.872014 2.051196 0.577049 -0.321829
    28 -5.441669 -4.249685 0.413772 2.051196 0.577049 -0.321829
    29 -0.552532 -1.343527 1.604446 -0.531397 0.349107 -0.535250
    30 0.552589 1.343534 -1.604463 -0.572351 0.200763 -0.519410
    31 0.000000 -2.021618 -0.000004 -0.140762 0.000000 0.000000
    32 -0.000021 2.021633 0.000027 -0.182286 0.000000 0.000000
    33 -0.000004 -1.136217 -0.000004 -0.537682 0.000000 0.000000
    34 -0.000011 1.136200 -0.000019 -0.591471 0.000000 0.000000
    35 -0.032677 -4.587727 1.352317 2.444718 1.216159 2.484986
    36 0.032719 4.587772 -1.352291 2.844703 1.216154 2.484990
    37 0.000000 -1.754536 -0.000002 0.193351 0.000000 0.000000
    38 -0.000006 1.754520 -0.000034 0.301016 0.000000 0.000000
    39 0.000000 -1.227020 -0.000002 0.955670 0.000000 0.000000
    40 0.000002 1.227070 0.000032 0.655020 0.000000 0.000000
    41 -0.367996 -4.208406 0.173244 2.475865 1.091695 2.536227
    42 0.368011 4.208412 -0.173239 2.894872 1.091696 2.536226
    43 0.000000 -2.372318 -0.000004 0.834666 0.000000 0.000000
    44 -0.000006 2.372318 -0.000032 0.737827 0.000000 0.000000
    45 0.000004 -1.580070 -0.000001 0.495055 0.000000 0.000000
    46 -0.000002 1.580170 0.000030 0.744518 0.000000 0.000000
    47 -0.937645 -3.860697 -0.959317 2.205251 0.797005 2.273736
    48 0.937672 3.860714 0.959333 2.990775 1.016697 2.713704
    49 0.000000 -1.690632 0.000000 0.848242 0.000000 0.000000
    50 -0.000013 1.690666 0.000021 0.568265 0.000000 0.000000
    51 -0.000002 -1.423443 0.000002 0.234212 0.000000 0.000000
    52 0.000008 1.423420 0.000028 0.761967 0.000000 0.000000
    53 -1.546646 -3.404194 -1.915569 2.750280 1.118484 2.534731
    54 1.546661 3.404217 1.915585 -3.076191 1.031499 2.824457
    55 0.000004 -1.437820 0.000000 0.424958 0.000000 0.000000
    56 -0.000021 1.437870 0.000031 -0.074282 0.000000 0.000000
    57 -0.000002 -1.059402 0.000000 0.322075 0.000000 0.000000
    58 0.000006 1.059372 0.000008 0.911714 0.000000 0.000000
    59 -0.000004 -13.013485 -0.000004 0.010936 -0.284121 -0.076428
    60 0.161133 -10.812500 0.023087 0.010936 -0.284121 -0.076428
  time 119
    0 0.000000 0.826660 0.000001 -1.559900 -0.000006 -0.000006
    1 -10.723376 4.021813 0.943485 -0.811042 -0.074522 0.337403
    2 0.000000 14.313023 0.000003 -1.322955 0.000000 0.000000
    3 -0.000011 13.013483 -0.000005 0.370158 -0.083533 0.176471
    4 8.648438 7.792969 3.429688 2.222705 0.399521 -1.404265
    5 0.000000 -14.313034 0.000000 -1.556552 0.000000 0.000000
    6 -0.000004 -13.013485 -0.000004 0.538394 0.815277 0.754107
    7 -1.330879 -2.698427 0.462449 -0.194886 -0.547260 3.056712
    8 1.330910 2.698444 -0.462436 0.194890 0.547268 -0.084879
    9 7.285156 4.597656 -3.041016 -1.937331 -0.275423 3.010558
    10 10.570313 2.281250 -6.343750 -2.460934 -0.275417 3.010575
    11 1.806641 7.582031 -7.234375 -1.550988 -0.382996 1.806934
    12 1.376953 7.875000 -12.054688 -1.277176 -0.488708 1.819244
    13 4.531250 3.457031 -3.607422 -1.647836 -0.580608 1.782439
    14 5.974704 2.920219 -4.391550 -1.937293 -0.275375 -3.272616
    15 7.558525 6.997282 -2.354134 -1.937336 -0.275393 3.010581
    16 7.558525 6.997282 -2.354134 1.937336 0.275393 -0.131011
    17 -2.867767 -2.740969 0.531125 2.051196 0.577049 -0.321829
    18 8.375000 1.621094 -7.539063 -1.937331 -0.275423 3.010558
    19 2.614002 2.377790 -5.879168 -1.937294 -0.275294 -3.272537
    20 5.595486 4.607124 0.422674 -1.090396 0.577049 -0.321829
    21 6.233833 5.542564 0.898426 -1.090396 0.577049 -0.321829
    22 6.946648 6.587124 1.429667 -1.090396 0.577049 -0.321829
    23 7.537933 7.453606 1.870349 -1.090396 0.577049 -0.321829
    24 8.154472 8.357077 2.329839 -1.090396 0.577049 -0.321829
    25 8.874294 9.411907 2.866308 -1.090396 0.577049 -0.321829
    26 -4.125858 -2.321501 1.394414 2.051196 0.577049 -0.321829
    27 -4.826813 -3.348669 0.872014 2.051196 0.577049 -0.321829
    28 -5.441669 -4.249685 0.413772 2.051196 0.577049 -0.321829
    29 -0.552532 -1.343527 1.604446 -0.531397 0.349107 -0.535250
    30 0.552589 1.343534 -1.604463 -0.572351 0.200763 -0.519410
    31 0.000000 -2.021618 -0.000004 -0.140762 0.000000 0.000000
    32 -0.000021 2.021633 0.000027 -0.182286 0.000000 0.000000
    33 -0.000004 -1.136217 -0.000004 -0.537682 0.000000 0.000000
    34 -0.000011 1.136200 -0.000019 -0.591471 0.000000 0.000000
    35 -0.032677 -4.587727 1.352317 2.444718 1.216159 2.484986
    36 0.032719 4.587772 -1.352291 2.844703 1.216154 2.484990
    37 0.000000 -1.754536 -0.000002 0.193351 0.000000 0.000000
    38 -0.000006 1.754520 -0.000034 0.301016 0.000000 0.000000
    39 0.000000 -1.227020 -0.000002 0.955670 0.000000 0.000000
    40 0.000002 1.227070 0.000032 0.655020 0.000000 0.000000
    41 -0.367996 -4.208406 0.173244 2.475865 1.091695 2.536227
    42 0.368011 4.208412 -0.173239 2.894872 1.091696 2.536226
    43 0.000000 -2.372318 -0.000004 0.834666 0.000000 0.000000
    44 -0.000006 2.372318 -0.000032 0.737827 0.000000 0.000000
    45 0.000004 -1.580070 -0.000001 0.495055 0.000000 0.000000
    46 -0.000002 1.580170 0.000030 0.744518 0.000000 0.000000
    47 -0.937645 -3.860697 -0.959317 2.205251 0.797005 2.273736
    48 0.937672 3.860714 0.959333 2.990775 1.016697 2.713704
    49 0.000000 -1.690632 0.000000 0.848242 0.000000 0.000000
    50 -0.000013 1.690666 0.000021 0.568265 0.000000 0.000000
    51 -0.000002 -1.423443 0.000002 0.234212 0.000000 0.000000
    52 0.000008 1.423420 0.000028 0.761967 0.000000 0.000000
    53 -1.546646 -3.404194 -1.915569 2.750280 1.118484 2.534731
    54 1.546661 3.404217 1.915585 -3.076191 1.031499 2.824457
    55 0.000004 -1.437820 0.000000 0.424958 0.000000 0.000000
    56 -0.000021 1.437870 0.000031 -0.074282 0.000000 0.000000
    57 -0.000002 -1.059402 0.000000 0.322075 0.000000 0.000000
    58 0.000006 1.059372 0.000008 0.911714 0.000000 0.000000
    59 -0.000004 -13.013485 -0.000004 0.010936 -0.284121 -0.076428
    60 0.161133 -10.812500 0.023087 0.010936 -0.284121 -0.076428
  time 120
    0 0.000000 0.826660 0.000001 -1.559900 -0.000006 -0.000006
    1 -10.723376 4.021813 0.943485 -0.824127 -0.075094 0.336944
    2 0.000000 14.313023 0.000003 -1.293017 0.000000 0.000000
    3 -0.000011 13.013483 -0.000005 0.362132 -0.074241 0.216634
    4 8.648438 7.792969 3.429688 2.222705 0.399521 -1.404265
    5 0.000000 -14.313034 0.000000 -1.556552 0.000000 0.000000
    6 -0.000004 -13.013485 -0.000004 0.538394 0.815277 0.754107
    7 -1.330879 -2.698427 0.462449 -0.194886 -0.547260 3.056712
    8 1.330910 2.698444 -0.462436 0.194890 0.547268 -0.084879
    9 7.285156 4.593750 -3.041016 -1.937331 -0.275423 3.010558
    10 10.570313 2.279297 -6.343750 -2.460934 -0.275417 3.010575
    11 1.806641 7.578125 -7.230469 -1.550989 -0.382994 1.806934
    12 1.376953 7.875000 -12.046875 -1.277176 -0.488708 1.819244
    13 4.531250 3.457031 -3.605469 -1.647836 -0.580608 1.782439
    14 5.968750 2.916016 -4.390625 -1.937331 -0.275423 3.010558
    15 7.558525 6.997282 -2.354134 -1.937336 -0.275393 3.010581
    16 7.558525 6.997282 -2.354134 1.937336 0.275393 -0.131011
    17 -2.867767 -2.740969 0.531125 2.051196 0.577049 -0.321829
    18 8.375000 1.621094 -7.539063 -1.937331 -0.275423 3.010558
    19 2.609375 2.376953 -5.882813 -1.937331 -0.275423 3.010558
    20 5.595486 4.607124 0.422674 -1.090396 0.577049 -0.321829
    21 6.233833 5.542564 0.898426 -1.090396 0.577049 -0.321829
    22 6.946648 6.587124 1.429667 -1.090396 0.577049 -0.321829
    23 7.537933 7.453606 1.870349 -1.090396 0.577049 -0.321829
    24 8.154472 8.357077 2.329839 -1.090396 0.577049 -0.321829
    25 8.874294 9.411907 2.866308 -1.090396 0.577049 -0.321829
    26 -4.125858 -2.321501 1.394414 2.051196 0.577049 -0.321829
    27 -4.826813 -3.348669 0.872014 2.051196 0.577049 -0.321829
    28 -5.441669 -4.249685 0.413772 2.051196 0.577049 -0.321829
    29 -0.552532 -1.343527 1.604446 -0.531397 0.349107 -0.535250
    30 0.552589 1.343534 -1.604463 -0.572351 0.200763 -0.519410
    31 0.000000 -2.021618 -0.000004 -0.140762 0.000000 0.000000
    32 -0.000021 2.021633 0.000027 -0.182284 0.000000 0.000000
    33 -0.000004 -1.136217 -0.000004 -0.537682 0.000000 0.000000
    34 -0.000011 1.136200 -0.000019 -0.591471 0.000000 0.000000
    35 -0.032677 -4.587727 1.352317 2.444718 1.216159 2.484986
    36 0.032719 4.587772 -1.352291 2.844703 1.216154 2.484990
    37 0.000000 -1.754536 -0.000002 0.193351 0.000000 0.000000
    38 -0.000006 1.754520 -0.000034 0.301016 0.000000 0.000000
    39 0.000000 -1.227020 -0.000002 0.955670 0.000000 0.000000
    40 0.000002 1.227070 0.000032 0.655020 0.000000 0.000000
    41 -0.367996 -4.208406 0.173244 2.475865 1.091695 2.536227
    42 0.368011 4.208412 -0.173239 2.894876 1.091697 2.536228
    43 0.000000 -2.372318 -0.000004 0.834666 0.000000 0.000000
    44 -0.000006 2.372318 -0.000032 0.737827 0.000000 0.000000
    45 0.000004 -1.580070 -0.000001 0.495055 0.000000 0.000000
    46 -0.000002 1.580170 0.000030 0.744518 0.000000 0.000000
    47 -0.937645 -3.860697 -0.959317 2.205251 0.797005 2.273736
    48 0.937672 3.860714 0.959333 2.990775 1.016697 2.713704
    49 0.000000 -1.690632 0.000000 0.848242 0.000000 0.000000
    50 -0.000013 1.690666 0.000021 0.568265 0.000000 0.000000
    51 -0.000002 -1.423443 0.000002 0.234212 0.000000 0.000000
    52 0.000008 1.423420 0.000028 0.761967 0.000000 0.000000
    53 -1.546646 -3.404194 -1.915569 2.750280 1.118484 2.534731
    54 1.546661 3.404217 1.915585 -3.076191 1.031499 2.824457
    55 0.000004 -1.437820 0.000000 0.424958 0.000000 0.000000
    56 -0.000021 1.437870 0.000031 -0.074280 0.000000 0.000000
    57 -0.000002 -1.059402 0.000000 0.322075 0.000000 0.000000
    58 0.000006 1.059372 0.000008 0.911714 0.000000 0.000000
    59 -0.000004 -13.013485 -0.000004 0.010936 -0.284121 -0.076428
    60 0.161133 -10.812500 0.023087 0.010936 -0.284121 -0.076428
  time 121
    0 0.000000 0.826660 0.000001 -1.559900 -0.000006 -0.000006
    1 -10.723376 4.021813 0.943485 -0.836290 -0.076239 0.336181
    2 0.000000 14.313023 0.000003 -1.265707 0.000000 0.000000
    3 -0.000011 13.013483 -0.000005 0.356781 -0.065374 0.255456
    4 8.648438 7.792969 3.429688 2.222705 0.399521 -1.404265
    5 0.000000 -14.313034 0.000000 -1.556552 0.000000 0.000000
    6 -0.000004 -13.013485 -0.000004 0.538394 0.815277 0.754107
    7 -1.330879 -2.698427 0.462449 -0.194886 -0.547260 3.056712
    8 1.330910 2.698444 -0.462436 0.194890 0.547268 -0.084879
    9 7.285156 4.593750 -3.041016 -1.937331 -0.275423 3.010558
    10 10.570313 2.279297 -6.343750 -2.460934 -0.275417 3.010575
    11 1.806641 7.578125 -7.230469 -1.550989 -0.382994 1.806934
    12 1.376953 7.875000 -12.046875 -1.277176 -0.488708 1.819244
    13 4.531250 3.457031 -3.605469 -1.647836 -0.580608 1.782439
    14 5.968750 2.916016 -4.390625 -1.937331 -0.275423 3.010558
    15 7.558525 6.997282 -2.354134 -1.937336 -0.275393 3.010581
    16 7.558525 6.997282 -2.354134 1.937336 0.275393 -0.131011
    17 -2.867767 -2.740969 0.531125 2.051196 0.577049 -0.321829
    18 8.375000 1.621094 -7.539063 -1.937331 -0.275423 3.010558
    19 2.609375 2.376953 -5.882813 -1.937331 -0.275423 3.010558
    20 5.595486 4.607124 0.422674 -1.090396 0.577049 -0.321829
    21 6.233833 5.542564 0.898426 -1.090396 0.577049 -0.321829
    22 6.946648 6.587124 1.429667 -1.090396 0.577049 -0.321829
    23 7.537933 7.453606 1.870349 -1.090396 0.577049 -0.321829
    24 8.154472 8.357077 2.329839 -1.090396 0.577049 -0.321829
    25 8.874294 9.411907 2.866308 -1.090396 0.577049 -0.321829
    26 -4.125858 -2.321501 1.394414 2.051196 0.577049 -0.321829
    27 -4.826813 -3.348669 0.872014 2.051196 0.577049 -0.321829
    28 -5.441669 -4.249685 0.413772 2.051196 0.577049 -0.321829
    29 -0.552532 -1.343527 1.604446 -0.531397 0.349107 -0.535250
    30 0.552589 1.343534 -1.604463 -0.572351 0.200763 -0.519410
    31 0.000000 -2.021618 -0.000004 -0.140762 0.000000 0.000000
    32 -0.000021 2.021633 0.000027 -0.182284 0.000000 0.000000
    33 -0.000004 -1.136217 -0.000004 -0.537682 0.000000 0.000000
    34 -0.000011 1.136200 -0.000019 -0.591471 0.000000 0.000000
    35 -0.032677 -4.587727 1.352317 2.444718 1.216159 2.484986
    36 0.032719 4.587772 -1.352291 2.844703 1.216154 2.484990
    37 0.000000 -1.754536 -0.000002 0.193351 0.000000 0.000000
    38 -0.000006 1.754520 -0.000034 0.301016 0.000000 0.000000
    39 0.000000 -1.227020 -0.000002 0.955670 0.000000 0.000000
    40 0.000002 1.227070 0.000032 0.655020 0.000000 0.000000
    41 -0.367996 -4.208406 0.173244 2.475865 1.091695 2.536227
    42 0.368011 4.208412 -0.173239 2.894876 1.091697 2.536228
    43 0.000000 -2.372318 -0.000004 0.834666 0.000000 0.000000
    44 -0.000006 2.372318 -0.000032 0.737827 0.000000 0.000000
    45 0.000004 -1.580070 -0.000001 0.495055 0.000000 0.000000
    46 -0.000002 1.580170 0.000030 0.744518 0.000000 0.000000
    47 -0.937645 -3.860697 -0.959317 2.205251 0.797005 2.273736
    48 0.937672 3.860714 0.959333 2.990775 1.016697 2.713704
    49 0.000000 -1.690632 0.000000 0.848242 0.000000 0.000000
    50 -0.000013 1.690666 0.000021 0.568265 0.000000 0.000000
    51 -0.000002 -1.423443 0.000002 0.234212 0.000000 0.000000
    52 0.000008 1.423420 0.000028 0.761967 0.000000 0.000000
    53 -1.546646 -3.404194 -1.915569 2.750280 1.118484 2.534731
    54 1.546661 3.404217 1.915585 -3.076191 1.031499 2.824457
    55 0.000004 -1.437820 0.000000 0.424958 0.000000 0.000000
    56 -0.000021 1.437870 0.000031 -0.074280 0.000000 0.000000
    57 -0.000002 -1.059402 0.000000 0.322075 0.000000 0.000000
    58 0.000006 1.059372 0.000008 0.911714 0.000000 0.000000
    59 -0.000004 -13.013485 -0.000004 0.010936 -0.284121 -0.076428
    60 0.161133 -10.812500 0.023087 0.010936 -0.284121 -0.076428
  time 122
    0 0.000000 0.826660 0.000001 -1.559900 -0.000006 -0.000006
    1 -10.723376 4.021813 0.943485 -0.847256 -0.077812 0.335188
    2 0.000000 14.313023 0.000003 -1.242306 0.000000 0.000000
    3 -0.000011 13.013483 -0.000005 0.354201 -0.057874 0.291689
    4 8.648438 7.792969 3.429688 2.222705 0.399521 -1.404265
    5 0.000000 -14.313034 0.000000 -1.556552 0.000000 0.000000
    6 -0.000004 -13.013485 -0.000004 0.538394 0.815277 0.754107
    7 -1.330879 -2.698427 0.462449 -0.194886 -0.547260 3.056712
    8 1.330910 2.698444 -0.462436 0.194890 0.547268 -0.084879
    9 7.285156 4.593750 -3.041016 -1.937331 -0.275423 3.010558
    10 10.570313 2.279297 -6.343750 -2.460934 -0.275417 3.010575
    11 1.806641 7.578125 -7.230469 -1.550989 -0.382994 1.806934
    12 1.376953 7.875000 -12.046875 -1.277176 -0.488708 1.819244
    13 4.531250 3.457031 -3.605469 -1.647836 -0.580608 1.782439
    14 5.968750 2.916016 -4.390625 -1.937331 -0.275423 3.010558
    15 7.558525 6.997282 -2.354134 -1.937336 -0.275393 3.010581
    16 7.558525 6.997282 -2.354134 1.937336 0.275393 -0.131011
    17 -2.867767 -2.740969 0.531125 2.051196 0.577049 -0.321829
    18 8.375000 1.621094 -7.539063 -1.937331 -0.275423 3.010558
    19 2.609375 2.376953 -5.882813 -1.937331 -0.275423 3.010558
    20 5.595486 4.607124 0.422674 -1.090396 0.577049 -0.321829
    21 6.233833 5.542564 0.898426 -1.090396 0.577049 -0.321829
    22 6.946648 6.587124 1.429667 -1.090396 0.577049 -0.321829
    23 7.537933 7.453606 1.870349 -1.090396 0.577049 -0.321829
    24 8.154472 8.357077 2.329839 -1.090396 0.577049 -0.321829
    25 8.874294 9.411907 2.866308 -1.090396 0.577049 -0.321829
    26 -4.125858 -2.321501 1.394414 2.051196 0.577049 -0.321829
    27 -4.826813 -3.348669 0.872014 2.051196 0.577049 -0.321829
    28 -5.441669 -4.249685 0.413772 2.051196 0.577049 -0.321829
    29 -0.552532 -1.343527 1.604446 -0.531397 0.349107 -0.535250
    30 0.552589 1.343534 -1.604463 -0.572351 0.200763 -0.519410
    31 0.000000 -2.021618 -0.000004 -0.140762 0.000000 0.000000
    32 -0.000021 2.021633 0.000027 -0.182284 0.000000 0.000000
    33 -0.000004 -1.136217 -0.000004 -0.537682 0.000000 0.000000
    34 -0.000011 1.136200 -0.000019 -0.591471 0.000000 0.000000
    35 -0.032677 -4.587727 1.352317 2.444718 1.216159 2.484986
    36 0.032719 4.587772 -1.352291 2.844703 1.216154 2.484990
    37 0.000000 -1.754536 -0.000002 0.193351 0.000000 0.000000
    38 -0.000006 1.754520 -0.000034 0.301016 0.000000 0.000000
    39 0.000000 -1.227020 -0.000002 0.955670 0.000000 0.000000
    40 0.000002 1.227070 0.000032 0.655020 0.000000 0.000000
    41 -0.367996 -4.208406 0.173244 2.475865 1.091695 2.536227
    42 0.368011 4.208412 -0.173239 2.894876 1.091697 2.536228
    43 0.000000 -2.372318 -0.000004 0.834666 0.000000 0.000000
    44 -0.000006 2.372318 -0.000032 0.737827 0.000000 0.000000
    45 0.000004 -1.580070 -0.000001 0.495055 0.000000 0.000000
    46 -0.000002 1.580170 0.000030 0.744518 0.000000 0.000000
    47 -0.937645 -3.860697 -0.959317 2.205251 0.797005 2.273736
    48 0.937672 3.860714 0.959333 2.990775 1.016697 2.713704
    49 0.000000 -1.690632 0.000000 0.848242 0.000000 0.000000
    50 -0.000013 1.690666 0.000021 0.568265 0.000000 0.000000
    51 -0.000002 -1.423443 0.000002 0.234212 0.000000 0.000000
    52 0.000008 1.423420 0.000028 0.761967 0.000000 0.000000
    53 -1.546646 -3.404194 -1.915569 2.750280 1.118484 2.534731
    54 1.546661 3.404217 1.915585 -3.076191 1.031499 2.824457
    55 0.000004 -1.437820 0.000000 0.424958 0.000000 0.000000
    56 -0.000021 1.437870 0.000031 -0.074280 0.000000 0.000000
    57 -0.000002 -1.059402 0.000000 0.322075 0.000000 0.000000
    58 0.000006 1.059372 0.000008 0.911714 0.000000 0.000000
    59 -0.000004 -13.013485 -0.000004 0.010936 -0.284121 -0.076428
    60 0.161133 -10.812500 0.023087 0.010936 -0.284121 -0.076428
  time 123
    0 0.000000 0.826660 0.000001 -1.559900 -0.000006 -0.000006
    1 -10.723376 4.021813 0.943485 -0.855641 -0.080006 0.333660
    2 0.000000 14.313023 0.000003 -1.224282 0.000000 0.000000
    3 -0.000011 13.013483 -0.000005 0.354296 -0.052780 0.324664
    4 8.648438 7.792969 3.429688 2.222705 0.399521 -1.404265
    5 0.000000 -14.313034 0.000000 -1.556552 0.000000 0.000000
    6 -0.000004 -13.013485 -0.000004 0.538394 0.815277 0.754107
    7 -1.330879 -2.698427 0.462449 -0.194886 -0.547260 3.056712
    8 1.330910 2.698444 -0.462436 0.194890 0.547268 -0.084879
    9 7.285156 4.593750 -3.041016 -1.937331 -0.275423 3.010558
    10 10.570313 2.279297 -6.343750 -2.460934 -0.275417 3.010575
    11 1.806641 7.578125 -7.230469 -1.550989 -0.382994 1.806934
    12 1.376953 7.875000 -12.046875 -1.277176 -0.488708 1.819244
    13 4.531250 3.457031 -3.605469 -1.647836 -0.580608 1.782439
    14 5.968750 2.916016 -4.390625 -1.937331 -0.275423 3.010558
    15 7.558525 6.997282 -2.354134 -1.937336 -0.275393 3.010581
    16 7.558525 6.997282 -2.354134 1.937336 0.275393 -0.131011
    17 -2.867767 -2.740969 0.531125 2.051196 0.577049 -0.321829
    18 8.375000 1.621094 -7.539063 -1.937331 -0.275423 3.010558
    19 2.609375 2.376953 -5.882813 -1.937331 -0.275423 3.010558
    20 5.595486 4.607124 0.422674 -1.090396 0.577049 -0.321829
    21 6.233833 5.542564 0.898426 -1.090396 0.577049 -0.321829
    22 6.946648 6.587124 1.429667 -1.090396 0.577049 -0.321829
    23 7.537933 7.453606 1.870349 -1.090396 0.577049 -0.321829
    24 8.154472 8.357077 2.329839 -1.090396 0.577049 -0.321829
    25 8.874294 9.411907 2.866308 -1.090396 0.577049 -0.321829
    26 -4.125858 -2.321501 1.394414 2.051196 0.577049 -0.321829
    27 -4.826813 -3.348669 0.872014 2.051196 0.577049 -0.321829
    28 -5.441669 -4.249685 0.413772 2.051196 0.577049 -0.321829
    29 -0.552532 -1.343527 1.604446 -0.531397 0.349107 -0.535250
    30 0.552589 1.343534 -1.604463 -0.572351 0.200763 -0.519410
    31 0.000000 -2.021618 -0.000004 -0.140762 0.000000 0.000000
    32 -0.000021 2.021633 0.000027 -0.182284 0.000000 0.000000
    33 -0.000004 -1.136217 -0.000004 -0.537682 0.000000 0.000000
    34 -0.000011 1.136200 -0.000019 -0.591471 0.000000 0.000000
    35 -0.032677 -4.587727 1.352317 2.444718 1.216159 2.484986
    36 0.032719 4.587772 -1.352291 2.844703 1.216154 2.484990
    37 0.000000 -1.754536 -0.000002 0.193351 0.000000 0.000000
    38 -0.000006 1.754520 -0.000034 0.301016 0.000000 0.000000
    39 0.000000 -1.227020 -0.000002 0.955670 0.000000 0.000000
    40 0.000002 1.227070 0.000032 0.655020 0.000000 0.000000
    41 -0.367996 -4.208406 0.173244 2.475865 1.091695 2.536227
    42 0.368011 4.208412 -0.173239 2.894876 1.091697 2.536228
    43 0.000000 -2.372318 -0.000004 0.834666 0.000000 0.000000
    44 -0.000006 2.372318 -0.000032 0.737827 0.000000 0.000000
    45 0.000004 -1.580070 -0.000001 0.495055 0.000000 0.000000
    46 -0.000002 1.580170 0.000030 0.744518 0.000000 0.000000
    47 -0.937645 -3.860697 -0.959317 2.205251 0.797005 2.273736
    48 0.937672 3.860714 0.959333 2.990775 1.016697 2.713704
    49 0.000000 -1.690632 0.000000 0.848242 0.000000 0.000000
    50 -0.000013 1.690666 0.000021 0.568265 0.000000 0.000000
    51 -0.000002 -1.423443 0.000002 0.234212 0.000000 0.000000
    52 0.000008 1.423420 0.000028 0.761967 0.000000 0.000000
    53 -1.546646 -3.404194 -1.915569 2.750280 1.118484 2.534731
    54 1.546661 3.404217 1.915585 -3.076191 1.031499 2.824457
    55 0.000004 -1.437820 0.000000 0.424958 0.000000 0.000000
    56 -0.000021 1.437870 0.000031 -0.074280 0.000000 0.000000
    57 -0.000002 -1.059402 0.000000 0.322075 0.000000 0.000000
    58 0.000006 1.059372 0.000008 0.911714 0.000000 0.000000
    59 -0.000004 -13.013485 -0.000004 0.010936 -0.284121 -0.076428
    60 0.161133 -10.812500 0.023087 0.010936 -0.284121 -0.076428
  time 124
    0 0.000000 0.826660 0.000001 -1.559900 -0.000006 -0.000006
    1 -10.723376 4.021813 0.943485 -0.861354 -0.082724 0.331827
    2 0.000000 14.313023 0.000003 -1.213040 0.000000 0.000000
    3 -0.000011 13.013483 -0.000005 0.356972 -0.051318 0.353900
    4 8.648438 7.792969 3.429688 2.222705 0.399521 -1.404265
    5 0.000000 -14.313034 0.000000 -1.556552 0.000000 0.000000
    6 -0.000004 -13.013485 -0.000004 0.538394 0.815277 0.754107
    7 -1.330879 -2.698427 0.462449 -0.194886 -0.547260 3.056712
    8 1.330910 2.698444 -0.462436 0.194890 0.547268 -0.084879
    9 7.285156 4.593750 -3.041016 -1.937331 -0.275423 3.010558
    10 10.570313 2.279297 -6.343750 -2.460934 -0.275417 3.010575
    11 1.806641 7.578125 -7.230469 -1.550989 -0.382994 1.806934
    12 1.376953 7.875000 -12.046875 -1.277176 -0.488708 1.819244
    13 4.531250 3.457031 -3.605469 -1.647836 -0.580608 1.782439
    14 5.968750 2.916016 -4.390625 -1.937331 -0.275423 3.010558
    15 7.558525 6.997282 -2.354134 -1.937336 -0.275393 3.010581
    16 7.558525 6.997282 -2.354134 1.937336 0.275393 -0.131011
    17 -2.867767 -2.740969 0.531125 2.051196 0.577049 -0.321829
    18 8.375000 1.621094 -7.539063 -1.937331 -0.275423 3.010558
    19 2.609375 2.376953 -5.882813 -1.937331 -0.275423 3.010558
    20 5.595486 4.607124 0.422674 -1.090396 0.577049 -0.321829
    21 6.233833 5.542564 0.898426 -1.090396 0.577049 -0.321829
    22 6.946648 6.587124 1.429667 -1.090396 0.577049 -0.321829
    23 7.537933 7.453606 1.870349 -1.090396 0.577049 -0.321829
    24 8.154472 8.357077 2.329839 -1.090396 0.577049 -0.321829
    25 8.874294 9.411907 2.866308 -1.090396 0.577049 -0.321829
    26 -4.125858 -2.321501 1.394414 2.051196 0.577049 -0.321829
    27 -4.826813 -3.348669 0.872014 2.051196 0.577049 -0.321829
    28 -5.441669 -4.249685 0.413772 2.051196 0.577049 -0.321829
    29 -0.552532 -1.343527 1.604446 -0.531397 0.349107 -0.535250
    30 0.552589 1.343534 -1.604463 -0.572351 0.200763 -0.519410
    31 0.000000 -2.021618 -0.000004 -0.140762 0.000000 0.000000
    32 -0.000021 2.021633 0.000027 -0.182284 0.000000 0.000000
    33 -0.000004 -1.136217 -0.000004 -0.537682 0.000000 0.000000
    34 -0.000011 1.136200 -0.000019 -0.591471 0.000000 0.000000
    35 -0.032677 -4.587727 1.352317 2.444718 1.216159 2.484986
    36 0.032719 4.587772 -1.352291 2.844703 1.216154 2.484990
    37 0.000000 -1.754536 -0.000002 0.193351 0.000000 0.000000
    38 -0.000006 1.754520 -0.000034 0.301016 0.000000 0.000000
    39 0.000000 -1.227020 -0.000002 0.955670 0.000000 0.000000
    40 0.000002 1.227070 0.000032 0.655020 0.000000 0.000000
    41 -0.367996 -4.208406 0.173244 2.475865 1.091695 2.536227
    42 0.368011 4.208412 -0.173239 2.894876 1.091697 2.536228
    43 0.000000 -2.372318 -0.000004 0.834666 0.000000 0.000000
    44 -0.000006 2.372318 -0.000032 0.737827 0.000000 0.000000
    45 0.000004 -1.580070 -0.000001 0.495055 0.000000 0.000000
    46 -0.000002 1.580170 0.000030 0.744518 0.000000 0.000000
    47 -0.937645 -3.860697 -0.959317 2.205251 0.797005 2.273736
    48 0.937672 3.860714 0.959333 2.990775 1.016697 2.713704
    49 0.000000 -1.690632 0.000000 0.848242 0.000000 0.000000
    50 -0.000013 1.690666 0.000021 0.568265 0.000000 0.000000
    51 -0.000002 -1.423443 0.000002 0.234212 0.000000 0.000000
    52 0.000008 1.423420 0.000028 0.761967 0.000000 0.000000
    53 -1.546646 -3.404194 -1.915569 2.750280 1.118484 2.534731
    54 1.546661 3.404217 1.915585 -3.076191 1.031499 2.824457
    55 0.000004 -1.437820 0.000000 0.424958 0.000000 0.000000
    56 -0.000021 1.437870 0.000031 -0.074280 0.000000 0.000000
    57 -0.000002 -1.059402 0.000000 0.322075 0.000000 0.000000
    58 0.000006 1.059372 0.000008 0.911714 0.000000 0.000000
    59 -0.000004 -13.013485 -0.000004 0.010936 -0.284121 -0.076428
    60 0.161133 -10.812500 0.023087 0.010936 -0.284121 -0.076428
  time 125
    0 0.000000 0.826660 0.000001 -1.559900 -0.000006 -0.000006
    1 -10.723376 4.021813 0.943485 -0.863013 -0.086062 0.329536
    2 0.000000 14.313023 0.000003 -1.210046 0.000000 0.000000
    3 -0.000011 13.013483 -0.000005 0.361940 -0.054289 0.378535
    4 8.648438 7.792969 3.429688 2.222705 0.399521 -1.404265
    5 0.000000 -14.313034 0.000000 -1.556552 0.000000 0.000000
    6 -0.000004 -13.013485 -0.000004 0.538394 0.815277 0.754107
    7 -1.330879 -2.698427 0.462449 -0.194886 -0.547260 3.056712
    8 1.330910 2.698444 -0.462436 0.194890 0.547268 -0.084879
    9 7.285156 4.593750 -3.041016 -1.937331 -0.275423 3.010558
    10 10.570313 2.279297 -6.343750 -2.460934 -0.275417 3.010575
    11 1.806641 7.578125 -7.230469 -1.550989 -0.382994 1.806934
    12 1.376953 7.875000 -12.046875 -1.277176 -0.488708 1.819244
    13 4.531250 3.457031 -3.605469 -1.647836 -0.580608 1.782439
    14 5.968750 2.916016 -4.390625 -1.937331 -0.275423 3.010558
    15 7.558525 6.997282 -2.354134 -1.937336 -0.275393 3.010581
    16 7.558525 6.997282 -2.354134 1.937336 0.275393 -0.131011
    17 -2.867767 -2.740969 0.531125 2.051196 0.577049 -0.321829
    18 8.375000 1.621094 -7.539063 -1.937331 -0.275423 3.010558
    19 2.609375 2.376953 -5.882813 -1.937331 -0.275423 3.010558
    20 5.595486 4.607124 0.422674 -1.090396 0.577049 -0.321829
    21 6.233833 5.542564 0.898426 -1.090396 0.577049 -0.321829
    22 6.946648 6.587124 1.429667 -1.090396 0.577049 -0.321829
    23 7.537933 7.453606 1.870349 -1.090396 0.577049 -0.321829
    24 8.154472 8.357077 2.329839 -1.090396 0.577049 -0.321829
    25 8.874294 9.411907 2.866308 -1.090396 0.577049 -0.321829
    26 -4.125858 -2.321501 1.394414 2.051196 0.577049 -0.321829
    27 -4.826813 -3.348669 0.872014 2.051196 0.577049 -0.321829
    28 -5.441669 -4.249685 0.413772 2.051196 0.577049 -0.321829
    29 -0.552532 -1.343527 1.604446 -0.531397 0.349107 -0.535250
    30 0.552589 1.343534 -1.604463 -0.572351 0.200763 -0.519410
    31 0.000000 -2.021618 -0.000004 -0.140762 0.000000 0.000000
    32 -0.000021 2.021633 0.000027 -0.182284 0.000000 0.000000
    33 -0.000004 -1.136217 -0.000004 -0.537682 0.000000 0.000000
    34 -0.000011 1.136200 -0.000019 -0.591471 0.000000 0.000000
    35 -0.032677 -4.587727 1.352317 2.444718 1.216159 2.484986
    36 0.032719 4.587772 -1.352291 2.844703 1.216154 2.484990
    37 0.000000 -1.754536 -0.000002 0.193351 0.000000 0.000000
    38 -0.000006 1.754520 -0.000034 0.301016 0.000000 0.000000
    39 0.000000 -1.227020 -0.000002 0.955670 0.000000 0.000000
    40 0.000002 1.227070 0.000032 0.655020 0.000000 0.000000
    41 -0.367996 -4.208406 0.173244 2.475865 1.091695 2.536227
    42 0.368011 4.208412 -0.173239 2.894876 1.091697 2.536228
    43 0.000000 -2.372318 -0.000004 0.834666 0.000000 0.000000
    44 -0.000006 2.372318 -0.000032 0.737827 0.000000 0.000000
    45 0.000004 -1.580070 -0.000001 0.495055 0.000000 0.000000
    46 -0.000002 1.580170 0.000030 0.744518 0.000000 0.000000
    47 -0.937645 -3.860697 -0.959317 2.205251 0.797005 2.273736
    48 0.937672 3.860714 0.959333 2.990775 1.016697 2.713704
    49 0.000000 -1.690632 0.000000 0.848242 0.000000 0.000000
    50 -0.000013 1.690666 0.000021 0.568265 0.000000 0.000000
    51 -0.000002 -1.423443 0.000002 0.234212 0.000000 0.000000
    52 0.000008 1.423420 0.000028 0.761967 0.000000 0.000000
    53 -1.546646 -3.404194 -1.915569 2.750280 1.118484 2.534731
    54 1.546661 3.404217 1.915585 -3.076191 1.031499 2.824457
    55 0.000004 -1.437820 0.000000 0.424958 0.000000 0.000000
    56 -0.000021 1.437870 0.000031 -0.074280 0.000000 0.000000
    57 -0.000002 -1.059402 0.000000 0.322075 0.000000 0.000000
    58 0.000006 1.059372 0.000008 0.911714 0.000000 0.000000
    59 -0.000004 -13.013485 -0.000004 0.010936 -0.284121 -0.076428
    60 0.161133 -10.812500 0.023087 0.010936 -0.284121 -0.076428
  time 126
    0 0.000000 0.826660 0.000001 -1.559900 -0.000006 -0.000006
    1 -10.723376 4.021813 0.943485 -0.859972 -0.090068 0.326786
    2 0.000000 14.313023 0.000003 -1.216217 0.000000 0.000000
    3 -0.000011 13.013483 -0.000005 0.368820 -0.062685 0.397802
    4 8.648438 7.792969 3.429688 2.222705 0.399521 -1.404265
    5 0.000000 -14.313034 0.000000 -1.556552 0.000000 0.000000
    6 -0.000004 -13.013485 -0.000004 0.538394 0.815277 0.754107
    7 -1.330879 -2.698427 0.462449 -0.194886 -0.547260 3.056712
    8 1.330910 2.698444 -0.462436 0.194890 0.547268 -0.084879
    9 7.285156 4.593750 -3.041016 -1.937331 -0.275423 3.010558
    10 10.570313 2.279297 -6.343750 -2.460934 -0.275417 3.010575
    11 1.806641 7.578125 -7.230469 -1.550989 -0.382994 1.806934
    12 1.376953 7.875000 -12.046875 -1.277176 -0.488708 1.819244
    13 4.531250 3.457031 -3.605469 -1.647836 -0.580608 1.782439
    14 5.968750 2.916016 -4.390625 -1.937331 -0.275423 3.010558
    15 7.558525 6.997282 -2.354134 -1.937336 -0.275393 3.010581
    16 7.558525 6.997282 -2.354134 1.937336 0.275393 -0.131011
    17 -2.867767 -2.740969 0.531125 2.051196 0.577049 -0.321829
    18 8.375000 1.621094 -7.539063 -1.937331 -0.275423 3.010558
    19 2.609375 2.376953 -5.882813 -1.937331 -0.275423 3.010558
    20 5.595486 4.607124 0.422674 -1.090396 0.577049 -0.321829
    21 6.233833 5.542564 0.898426 -1.090396 0.577049 -0.321829
    22 6.946648 6.587124 1.429667 -1.090396 0.577049 -0.321829
    23 7.537933 7.453606 1.870349 -1.090396 0.577049 -0.321829
    24 8.154472 8.357077 2.329839 -1.090396 0.577049 -0.321829
    25 8.874294 9.411907 2.866308 -1.090396 0.577049 -0.321829
    26 -4.125858 -2.321501 1.394414 2.051196 0.577049 -0.321829
    27 -4.826813 -3.348669 0.872014 2.051196 0.577049 -0.321829
    28 -5.441669 -4.249685 0.413772 2.051196 0.577049 -0.321829
    29 -0.552532 -1.343527 1.604446 -0.531397 0.349107 -0.535250
    30 0.552589 1.343534 -1.604463 -0.572351 0.200763 -0.519410
    31 0.000000 -2.021618 -0.000004 -0.140762 0.000000 0.000000
    32 -0.000021 2.021633 0.000027 -0.182284 0.000000 0.000000
    33 -0.000004 -1.136217 -0.000004 -0.537682 0.000000 0.000000
    34 -0.000011 1.136200 -0.000019 -0.591471 0.000000 0.000000
    35 -0.032677 -4.587727 1.352317 2.444718 1.216159 2.484986
    36 0.032719 4.587772 -1.352291 2.844703 1.216154 2.484990
    37 0.000000 -1.754536 -0.000002 0.193351 0.000000 0.000000
    38 -0.000006 1.754520 -0.000034 0.301016 0.000000 0.000000
    39 0.000000 -1.227020 -0.000002 0.955670 0.000000 0.000000
    40 0.000002 1.227070 0.000032 0.655020 0.000000 0.000000
    41 -0.367996 -4.208406 0.173244 2.475865 1.091695 2.536227
    42 0.368011 4.208412 -0.173239 2.894876 1.091697 2.536228
    43 0.000000 -2.372318 -0.000004 0.834666 0.000000 0.000000
    44 -0.000006 2.372318 -0.000032 0.737827 0.000000 0.000000
    45 0.000004 -1.580070 -0.000001 0.495055 0.000000 0.000000
    46 -0.000002 1.580170 0.000030 0.744518 0.000000 0.000000
    47 -0.937645 -3.860697 -0.959317 2.205251 0.797005 2.273736
    48 0.937672 3.860714 0.959333 2.990775 1.016697 2.713704
    49 0.000000 -1.690632 0.000000 0.848242 0.000000 0.000000
    50 -0.000013 1.690666 0.000021 0.568265 0.000000 0.000000
    51 -0.000002 -1.423443 0.000002 0.234212 0.000000 0.000000
    52 0.000008 1.423420 0.000028 0.761967 0.000000 0.000000
    53 -1.546646 -3.404194 -1.915569 2.750280 1.118484 2.534731
    54 1.546661 3.404217 1.915585 -3.076191 1.031499 2.824457
    55 0.000004 -1.437820 0.000000 0.424958 0.000000 0.000000
    56 -0.000021 1.437870 0.000031 -0.074280 0.000000 0.000000
    57 -0.000002 -1.059402 0.000000 0.322075 0.000000 0.000000
    58 0.000006 1.059372 0.000008 0.911714 0.000000 0.000000
    59 -0.000004 -13.013485 -0.000004 0.010936 -0.284121 -0.076428
    60 0.161133 -10.812500 0.023087 0.010936 -0.284121 -0.076428
  time 127
    0 0.000000 0.826660 0.000001 -1.559900 -0.000006 -0.000006
    1 -10.723376 4.021813 0.943485 -0.854627 -0.094170 0.324036
    2 0.000000 14.313023 0.000003 -1.225504 0.000000 0.000000
    3 -0.000011 13.013483 -0.000005 0.373789 -0.072637 0.412564
    4 8.648438 7.792969 3.429688 2.222705 0.399521 -1.404265
    5 0.000000 -14.313034 0.000000 -1.556552 0.000000 0.000000
    6 -0.000004 -13.013485 -0.000004 0.538394 0.815277 0.754107
    7 -1.330879 -2.698427 0.462449 -0.194886 -0.547260 3.056712
    8 1.330910 2.698444 -0.462436 0.194890 0.547268 -0.084879
    9 7.285156 4.593750 -3.041016 -1.937331 -0.275423 3.010558
    10 10.570313 2.279297 -6.343750 -2.460934 -0.275417 3.010575
    11 1.806641 7.578125 -7.230469 -1.550989 -0.382994 1.806934
    12 1.376953 7.875000 -12.046875 -1.277176 -0.488708 1.819244
    13 4.531250 3.457031 -3.605469 -1.647836 -0.580608 1.782439
    14 5.968750 2.916016 -4.390625 -1.937331 -0.275423 3.010558
    15 7.558525 6.997282 -2.354134 -1.937336 -0.275393 3.010581
    16 7.558525 6.997282 -2.354134 1.937336 0.275393 -0.131011
    17 -2.867767 -2.740969 0.531125 2.051196 0.577049 -0.321829
    18 8.375000 1.621094 -7.539063 -1.937331 -0.275423 3.010558
    19 2.609375 2.376953 -5.882813 -1.937331 -0.275423 3.010558
    20 5.595486 4.607124 0.422674 -1.090396 0.577049 -0.321829
    21 6.233833 5.542564 0.898426 -1.090396 0.577049 -0.321829
    22 6.946648 6.587124 1.429667 -1.090396 0.577049 -0.321829
    23 7.537933 7.453606 1.870349 -1.090396 0.577049 -0.321829
    24 8.154472 8.357077 2.329839 -1.090396 0.577049 -0.321829
    25 8.874294 9.411907 2.866308 -1.090396 0.577049 -0.321829
    26 -4.125858 -2.321501 1.394414 2.051196 0.577049 -0.321829
    27 -4.826813 -3.348669 0.872014 2.051196 0.577049 -0.321829
    28 -5.441669 -4.249685 0.413772 2.051196 0.577049 -0.321829
    29 -0.552532 -1.343527 1.604446 -0.531397 0.349107 -0.535250
    30 0.552589 1.343534 -1.604463 -0.572351 0.200763 -0.519410
    31 0.000000 -2.021618 -0.000004 -0.140762 0.000000 0.000000
    32 -0.000021 2.021633 0.000027 -0.182284 0.000000 0.000000
    33 -0.000004 -1.136217 -0.000004 -0.537682 0.000000 0.000000
    34 -0.000011 1.136200 -0.000019 -0.591471 0.000000 0.000000
    35 -0.032677 -4.587727 1.352317 2.444718 1.216159 2.484986
    36 0.032719 4.587772 -1.352291 2.844703 1.216154 2.484990
    37 0.000000 -1.754536 -0.000002 0.193351 0.000000 0.000000
    38 -0.000006 1.754520 -0.000034 0.301016 0.000000 0.000000
    39 0.000000 -1.227020 -0.000002 0.955670 0.000000 0.000000
    40 0.000002 1.227070 0.000032 0.655020 0.000000 0.000000
    41 -0.367996 -4.208406 0.173244 2.475865 1.091695 2.536227
    42 0.368011 4.208412 -0.173239 2.894876 1.091697 2.536228
    43 0.000000 -2.372318 -0.000004 0.834666 0.000000 0.000000
    44 -0.000006 2.372318 -0.000032 0.737827 0.000000 0.000000
    45 0.000004 -1.580070 -0.000001 0.495055 0.000000 0.000000
    46 -0.000002 1.580170 0.000030 0.744518 0.000000 0.000000
    47 -0.937645 -3.860697 -0.959317 2.205251 0.797005 2.273736
    48 0.937672 3.860714 0.959333 2.990775 1.016697 2.713704
    49 0.000000 -1.690632 0.000000 0.848242 0.000000 0.000000
    50 -0.000013 1.690666 0.000021 0.568265 0.000000 0.000000
    51 -0.000002 -1.423443 0.000002 0.234212 0.000000 0.000000
    52 0.000008 1.423420 0.000028 0.761967 0.000000 0.000000
    53 -1.546646 -3.404194 -1.915569 2.750280 1.118484 2.534731
    54 1.546661 3.404217 1.915585 -3.076191 1.031499 2.824457
    55 0.000004 -1.437820 0.000000 0.424958 0.000000 0.000000
    56 -0.000021 1.437870 0.000031 -0.074280 0.000000 0.000000
    57 -0.000002 -1.059402 0.000000 0.322075 0.000000 0.000000
    58 0.000006 1.059372 0.000008 0.911714 0.000000 0.000000
    59 -0.000004 -13.013485 -0.000004 0.010936 -0.284121 -0.076428
    60 0.161133 -10.812500 0.023087 0.010936 -0.284121 -0.076428
  time 128
    0 0.000000 0.826660 0.000001 -1.559900 -0.000006 -0.000006
    1 -10.723376 4.021813 0.943485 -0.849375 -0.097842 0.321592
    2 0.000000 14.313023 0.000003 -1.231125 0.000000 0.000000
    3 -0.000011 13.013483 -0.000005 0.373884 -0.079807 0.424546
    4 8.648438 7.792969 3.429688 2.222705 0.399521 -1.404265
    5 0.000000 -14.313034 0.000000 -1.556552 0.000000 0.000000
    6 -0.000004 -13.013485 -0.000004 0.538394 0.815277 0.754107
    7 -1.330879 -2.698427 0.462449 -0.194886 -0.547260 3.056712
    8 1.330910 2.698444 -0.462436 0.194890 0.547268 -0.084879
    9 7.285156 4.593750 -3.041016 -1.937331 -0.275423 3.010558
    10 10.570313 2.279297 -6.343750 -2.460934 -0.275417 3.010575
    11 1.806641 7.578125 -7.230469 -1.550989 -0.382994 1.806934
    12 1.376953 7.875000 -12.046875 -1.277176 -0.488708 1.819244
    13 4.531250 3.457031 -3.605469 -1.647836 -0.580608 1.782439
    14 5.968750 2.916016 -4.390625 -1.937331 -0.275423 3.010558
    15 7.558525 6.997282 -2.354134 -1.937336 -0.275393 3.010581
    16 7.558525 6.997282 -2.354134 1.937336 0.275393 -0.131011
    17 -2.867767 -2.740969 0.531125 2.051196 0.577049 -0.321829
    18 8.375000 1.621094 -7.539063 -1.937331 -0.275423 3.010558
    19 2.609375 2.376953 -5.882813 -1.937331 -0.275423 3.010558
    20 5.595486 4.607124 0.422674 -1.090396 0.577049 -0.321829
    21 6.233833 5.542564 0.898426 -1.090396 0.577049 -0.321829
    22 6.946648 6.587124 1.429667 -1.090396 0.577049 -0.321829
    23 7.537933 7.453606 1.870349 -1.090396 0.577049 -0.321829
    24 8.154472 8.357077 2.329839 -1.090396 0.577049 -0.321829
    25 8.874294 9.411907 2.866308 -1.090396 0.577049 -0.321829
    26 -4.125858 -2.321501 1.394414 2.051196 0.577049 -0.321829
    27 -4.826813 -3.348669 0.872014 2.051196 0.577049 -0.321829
    28 -5.441669 -4.249685 0.413772 2.051196 0.577049 -0.321829
    29 -0.552532 -1.343527 1.604446 -0.531397 0.349107 -0.535250
    30 0.552589 1.343534 -1.604463 -0.572351 0.200763 -0.519410
    31 0.000000 -2.021618 -0.000004 -0.140762 0.000000 0.000000
    32 -0.000021 2.021633 0.000027 -0.182284 0.000000 0.000000
    33 -0.000004 -1.136217 -0.000004 -0.537682 0.000000 0.000000
    34 -0.000011 1.136200 -0.000019 -0.591471 0.000000 0.000000
    35 -0.032677 -4.587727 1.352317 2.444718 1.216159 2.484986
    36 0.032719 4.587772 -1.352291 2.844703 1.216154 2.484990
    37 0.000000 -1.754536 -0.000002 0.193351 0.000000 0.000000
    38 -0.000006 1.754520 -0.000034 0.301016 0.000000 0.000000
    39 0.000000 -1.227020 -0.000002 0.955670 0.000000 0.000000
    40 0.000002 1.227070 0.000032 0.655020 0.000000 0.000000
    41 -0.367996 -4.208406 0.173244 2.475865 1.091695 2.536227
    42 0.368011 4.208412 -0.173239 2.894876 1.091697 2.536228
    43 0.000000 -2.372318 -0.000004 0.834666 0.000000 0.000000
    44 -0.000006 2.372318 -0.000032 0.737827 0.000000 0.000000
    45 0.000004 -1.580070 -0.000001 0.495055 0.000000 0.000000
    46 -0.000002 1.580170 0.000030 0.744518 0.000000 0.000000
    47 -0.937645 -3.860697 -0.959317 2.205251 0.797005 2.273736
    48 0.937672 3.860714 0.959333 2.990775 1.016697 2.713704
    49 0.000000 -1.690632 0.000000 0.848242 0.000000 0.000000
    50 -0.000013 1.690666 0.000021 0.568265 0.000000 0.000000
    51 -0.000002 -1.423443 0.000002 0.234212 0.000000 0.000000
    52 0.000008 1.423420 0.000028 0.761967 0.000000 0.000000
    53 -1.546646 -3.404194 -1.915569 2.750280 1.118484 2.534731
    54 1.546661 3.404217 1.915585 -3.076191 1.031499 2.824457
    55 0.000004 -1.437820 0.000000 0.424958 0.000000 0.000000
    56 -0.000021 1.437870 0.000031 -0.074280 0.000000 0.000000
    57 -0.000002 -1.059402 0.000000 0.322075 0.000000 0.000000
    58 0.000006 1.059372 0.000008 0.911714 0.000000 0.000000
    59 -0.000004 -13.013485 -0.000004 0.010936 -0.284121 -0.076428
    60 0.161133 -10.812500 0.023087 0.010936 -0.284121 -0.076428
  time 129
    0 0.000000 0.826660 0.000001 -1.559900 -0.000006 -0.000006
    1 -10.723376 4.021813 0.943485 -0.844583 -0.100989 0.319377
    2 0.000000 14.313023 0.000003 -1.233936 0.000000 0.000000
    3 -0.000011 13.013483 -0.000005 0.370635 -0.084382 0.433844
    4 8.648438 7.792969 3.429688 2.222705 0.399521 -1.404265
    5 0.000000 -14.313034 0.000000 -1.556552 0.000000 0.000000
    6 -0.000004 -13.013485 -0.000004 0.538394 0.815277 0.754107
    7 -1.330879 -2.698427 0.462449 -0.194886 -0.547260 3.056712
    8 1.330910 2.698444 -0.462436 0.194890 0.547268 -0.084879
    9 7.285156 4.593750 -3.041016 -1.937331 -0.275423 3.010558
    10 10.570313 2.279297 -6.343750 -2.460934 -0.275417 3.010575
    11 1.806641 7.578125 -7.230469 -1.550989 -0.382994 1.806934
    12 1.376953 7.875000 -12.046875 -1.277176 -0.488708 1.819244
    13 4.531250 3.457031 -3.605469 -1.647836 -0.580608 1.782439
    14 5.968750 2.916016 -4.390625 -1.937331 -0.275423 3.010558
    15 7.558525 6.997282 -2.354134 -1.937336 -0.275393 3.010581
    16 7.558525 6.997282 -2.354134 1.937336 0.275393 -0.131011
    17 -2.867767 -2.740969 0.531125 2.051196 0.577049 -0.321829
    18 8.375000 1.621094 -7.539063 -1.937331 -0.275423 3.010558
    19 2.609375 2.376953 -5.882813 -1.937331 -0.275423 3.010558
    20 5.595486 4.607124 0.422674 -1.090396 0.577049 -0.321829
    21 6.233833 5.542564 0.898426 -1.090396 0.577049 -0.321829
    22 6.946648 6.587124 1.429667 -1.090396 0.577049 -0.321829
    23 7.537933 7.453606 1.870349 -1.090396 0.577049 -0.321829
    24 8.154472 8.357077 2.329839 -1.090396 0.577049 -0.321829
    25 8.874294 9.411907 2.866308 -1.090396 0.577049 -0.321829
    26 -4.125858 -2.321501 1.394414 2.051196 0.577049 -0.321829
    27 -4.826813 -3.348669 0.872014 2.051196 0.577049 -0.321829
    28 -5.441669 -4.249685 0.413772 2.051196 0.577049 -0.321829
    29 -0.552532 -1.343527 1.604446 -0.531397 0.349107 -0.535250
    30 0.552589 1.343534 -1.604463 -0.572351 0.200763 -0.519410
    31 0.000000 -2.021618 -0.000004 -0.140762 0.000000 0.000000
    32 -0.000021 2.021633 0.000027 -0.182284 0.000000 0.000000
    33 -0.000004 -1.136217 -0.000004 -0.537682 0.000000 0.000000
    34 -0.000011 1.136200 -0.000019 -0.591471 0.000000 0.000000
    35 -0.032677 -4.587727 1.352317 2.444718 1.216159 2.484986
    36 0.032719 4.587772 -1.352291 2.844703 1.216154 2.484990
    37 0.000000 -1.754536 -0.000002 0.193351 0.000000 0.000000
    38 -0.000006 1.754520 -0.000034 0.301016 0.000000 0.000000
    39 0.000000 -1.227020 -0.000002 0.955670 0.000000 0.000000
    40 0.000002 1.227070 0.000032 0.655020 0.000000 0.000000
    41 -0.367996 -4.208406 0.173244 2.475865 1.091695 2.536227
    42 0.368011 4.208412 -0.173239 2.894876 1.091697 2.536228
    43 0.000000 -2.372318 -0.000004 0.834666 0.000000 0.000000
    44 -0.000006 2.372318 -0.000032 0.737827 0.000000 0.000000
    45 0.000004 -1.580070 -0.000001 0.495055 0.000000 0.000000
    46 -0.000002 1.580170 0.000030 0.744518 0.000000 0.000000
    47 -0.937645 -3.860697 -0.959317 2.205251 0.797005 2.273736
    48 0.937672 3.860714 0.959333 2.990775 1.016697 2.713704
    49 0.000000 -1.690632 0.000000 0.848242 0.000000 0.000000
    50 -0.000013 1.690666 0.000021 0.568265 0.000000 0.000000
    51 -0.000002 -1.423443 0.000002 0.234212 0.000000 0.000000
    52 0.000008 1.423420 0.000028 0.761967 0.000000 0.000000
    53 -1.546646 -3.404194 -1.915569 2.750280 1.118484 2.534731
    54 1.546661 3.404217 1.915585 -3.076191 1.031499 2.824457
    55 0.000004 -1.437820 0.000000 0.424958 0.000000 0.000000
    56 -0.000021 1.437870 0.000031 -0.074280 0.000000 0.000000
    57 -0.000002 -1.059402 0.000000 0.322075 0.000000 0.000000
    58 0.000006 1.059372 0.000008 0.911714 0.000000 0.000000
    59 -0.000004 -13.013485 -0.000004 0.010936 -0.284121 -0.076428
    60 0.161133 -10.812500 0.023087 0.010936 -0.284121 -0.076428
  time 130
    0 0.000000 0.826660 0.000001 -1.559900 -0.000006 -0.000006
    1 -10.723376 4.021813 0.943485 -0.840437 -0.103564 0.317620
    2 0.000000 14.313023 0.000003 -1.234669 0.000000 0.000000
    3 -0.000011 13.013483 -0.000005 0.365285 -0.086929 0.440937
    4 8.648438 7.792969 3.429688 2.222705 0.399521 -1.404265
    5 0.000000 -14.313034 0.000000 -1.556552 0.000000 0.000000
    6 -0.000004 -13.013485 -0.000004 0.538394 0.815277 0.754107
    7 -1.330879 -2.698427 0.462449 -0.194886 -0.547260 3.056712
    8 1.330910 2.698444 -0.462436 0.194890 0.547268 -0.084879
    9 7.285156 4.593750 -3.041016 -1.937331 -0.275423 3.010558
    10 10.570313 2.279297 -6.343750 -2.460934 -0.275417 3.010575
    11 1.806641 7.578125 -7.230469 -1.550989 -0.382994 1.806934
    12 1.376953 7.875000 -12.046875 -1.277176 -0.488708 1.819244
    13 4.531250 3.457031 -3.605469 -1.647836 -0.580608 1.782439
    14 5.968750 2.916016 -4.390625 -1.937331 -0.275423 3.010558
    15 7.558525 6.997282 -2.354134 -1.937336 -0.275393 3.010581
    16 7.558525 6.997282 -2.354134 1.937336 0.275393 -0.131011
    17 -2.867767 -2.740969 0.531125 2.051196 0.577049 -0.321829
    18 8.375000 1.621094 -7.539063 -1.937331 -0.275423 3.010558
    19 2.609375 2.376953 -5.882813 -1.937331 -0.275423 3.010558
    20 5.595486 4.607124 0.422674 -1.090396 0.577049 -0.321829
    21 6.233833 5.542564 0.898426 -1.090396 0.577049 -0.321829
    22 6.946648 6.587124 1.429667 -1.090396 0.577049 -0.321829
    23 7.537933 7.453606 1.870349 -1.090396 0.577049 -0.321829
    24 8.154472 8.357077 2.329839 -1.090396 0.577049 -0.321829
    25 8.874294 9.411907 2.866308 -1.090396 0.577049 -0.321829
    26 -4.125858 -2.321501 1.394414 2.051196 0.577049 -0.321829
    27 -4.826813 -3.348669 0.872014 2.051196 0.577049 -0.321829
    28 -5.441669 -4.249685 0.413772 2.051196 0.577049 -0.321829
    29 -0.552532 -1.343527 1.604446 -0.531397 0.349107 -0.535250
    30 0.552589 1.343534 -1.604463 -0.572351 0.200763 -0.519410
    31 0.000000 -2.021618 -0.000004 -0.140762 0.000000 0.000000
    32 -0.000021 2.021633 0.000027 -0.182284 0.000000 0.000000
    33 -0.000004 -1.136217 -0.000004 -0.537682 0.000000 0.000000
    34 -0.000011 1.136200 -0.000019 -0.591471 0.000000 0.000000
    35 -0.032677 -4.587727 1.352317 2.444718 1.216159 2.484986
    36 0.032719 4.587772 -1.352291 2.844703 1.216154 2.484990
    37 0.000000 -1.754536 -0.000002 0.193351 0.000000 0.000000
    38 -0.000006 1.754520 -0.000034 0.301016 0.000000 0.000000
    39 0.000000 -1.227020 -0.000002 0.955670 0.000000 0.000000
    40 0.000002 1.227070 0.000032 0.655020 0.000000 0.000000
    41 -0.367996 -4.208406 0.173244 2.475865 1.091695 2.536227
    42 0.368011 4.208412 -0.173239 2.894876 1.091697 2.536228
    43 0.000000 -2.372318 -0.000004 0.834666 0.000000 0.000000
    44 -0.000006 2.372318 -0.000032 0.737827 0.000000 0.000000
    45 0.000004 -1.580070 -0.000001 0.495055 0.000000 0.000000
    46 -0.000002 1.580170 0.000030 0.744518 0.000000 0.000000
    47 -0.937645 -3.860697 -0.959317 2.205251 0.797005 2.273736
    48 0.937672 3.860714 0.959333 2.990775 1.016697 2.713704
    49 0.000000 -1.690632 0.000000 0.848242 0.000000 0.000000
    50 -0.000013 1.690666 0.000021 0.568265 0.000000 0.000000
    51 -0.000002 -1.423443 0.000002 0.234212 0.000000 0.000000
    52 0.000008 1.423420 0.000028 0.761894 0.000000 0.000000
    53 -1.546646 -3.404194 -1.915569 2.750280 1.118484 2.534731
    54 1.546661 3.404217 1.915585 -3.076191 1.031499 2.824457
    55 0.000004 -1.437820 0.000000 0.424958 0.000000 0.000000
    56 -0.000021 1.437870 0.000031 -0.074280 0.000000 0.000000
    57 -0.000002 -1.059402 0.000000 0.322075 0.000000 0.000000
    58 0.000006 1.059372 0.000008 0.911714 0.000000 0.000000
    59 -0.000004 -13.013485 -0.000004 0.010936 -0.284121 -0.076428
    60 0.161133 -10.812500 0.023087 0.010936 -0.284121 -0.076428
  time 131
    0 0.000000 0.826660 0.000001 -1.559900 -0.000006 -0.000006
    1 -10.723376 4.021813 0.943485 -0.836751 -0.105615 0.316245
    2 0.000000 14.313023 0.000003 -1.233936 0.000000 0.000000
    3 -0.000011 13.013483 -0.000005 0.358978 -0.088014 0.445826
    4 8.648438 7.792969 3.429688 2.222705 0.399521 -1.404265
    5 0.000000 -14.313034 0.000000 -1.556552 0.000000 0.000000
    6 -0.000004 -13.013485 -0.000004 0.538394 0.815277 0.754107
    7 -1.330879 -2.698427 0.462449 -0.194886 -0.547260 3.056712
    8 1.330910 2.698444 -0.462436 0.194890 0.547268 -0.084879
    9 7.285156 4.593750 -3.041016 -1.937331 -0.275423 3.010558
    10 10.570313 2.279297 -6.343750 -2.460934 -0.275417 3.010575
    11 1.806641 7.578125 -7.230469 -1.550989 -0.382994 1.806934
    12 1.376953 7.875000 -12.046875 -1.277176 -0.488708 1.819244
    13 4.531250 3.457031 -3.605469 -1.647836 -0.580608 1.782439
    14 5.968750 2.916016 -4.390625 -1.937331 -0.275423 3.010558
    15 7.558525 6.997282 -2.354134 -1.937336 -0.275393 3.010581
    16 7.558525 6.997282 -2.354134 1.937336 0.275393 -0.131011
    17 -2.867767 -2.740969 0.531125 2.051196 0.577049 -0.321829
    18 8.375000 1.621094 -7.539063 -1.937331 -0.275423 3.010558
    19 2.609375 2.376953 -5.882813 -1.937331 -0.275423 3.010558
    20 5.595486 4.607124 0.422674 -1.090396 0.577049 -0.321829
    21 6.233833 5.542564 0.898426 -1.090396 0.577049 -0.321829
    22 6.946648 6.587124 1.429667 -1.090396 0.577049 -0.321829
    23 7.537933 7.453606 1.870349 -1.090396 0.577049 -0.321829
    24 8.154472 8.357077 2.329839 -1.090396 0.577049 -0.321829
    25 8.874294 9.411907 2.866308 -1.090396 0.577049 -0.321829
    26 -4.125858 -2.321501 1.394414 2.051196 0.577049 -0.321829
    27 -4.826813 -3.348669 0.872014 2.051196 0.577049 -0.321829
    28 -5.441669 -4.249685 0.413772 2.051196 0.577049 -0.321829
    29 -0.552532 -1.343527 1.604446 -0.531397 0.349107 -0.535250
    30 0.552589 1.343534 -1.604463 -0.572351 0.200763 -0.519410
    31 0.000000 -2.021618 -0.000004 -0.140762 0.000000 0.000000
    32 -0.000021 2.021633 0.000027 -0.182284 0.000000 0.000000
    33 -0.000004 -1.136217 -0.000004 -0.537682 0.000000 0.000000
    34 -0.000011 1.136200 -0.000019 -0.591471 0.000000 0.000000
    35 -0.032677 -4.587727 1.352317 2.444718 1.216159 2.484986
    36 0.032719 4.587772 -1.352291 2.844703 1.216154 2.484990
    37 0.000000 -1.754536 -0.000002 0.193351 0.000000 0.000000
    38 -0.000006 1.754520 -0.000034 0.301016 0.000000 0.000000
    39 0.000000 -1.227020 -0.000002 0.955670 0.000000 0.000000
    40 0.000002 1.227070 0.000032 0.655020 0.000000 0.000000
    41 -0.367996 -4.208406 0.173244 2.475865 1.091695 2.536227
    42 0.368011 4.208412 -0.173239 2.894876 1.091697 2.536228
    43 0.000000 -2.372318 -0.000004 0.834666 0.000000 0.000000
    44 -0.000006 2.372318 -0.000032 0.737827 0.000000 0.000000
    45 0.000004 -1.580070 -0.000001 0.495055 0.000000 0.000000
    46 -0.000002 1.580170 0.000030 0.744518 0.000000 0.000000
    47 -0.937645 -3.860697 -0.959317 2.205251 0.797005 2.273736
    48 0.937672 3.860714 0.959333 2.990775 1.016697 2.713704
    49 0.000000 -1.690632 0.000000 0.848242 0.000000 0.000000
    50 -0.000013 1.690666 0.000021 0.568265 0.000000 0.000000
    51 -0.000002 -1.423443 0.000002 0.234212 0.000000 0.000000
    52 0.000008 1.423420 0.000028 0.761967 0.000000 0.000000
    53 -1.546646 -3.404194 -1.915569 2.750280 1.118484 2.534731
    54 1.546661 3.404217 1.915585 -3.076191 1.031499 2.824457
    55 0.000004 -1.437820 0.000000 0.424958 0.000000 0.000000
    56 -0.000021 1.437870 0.000031 -0.074280 0.000000 0.000000
    57 -0.000002 -1.059402 0.000000 0.322075 0.000000 0.000000
    58 0.000006 1.059372 0.000008 0.911714 0.000000 0.000000
    59 -0.000004 -13.013485 -0.000004 0.010936 -0.284121 -0.076428
    60 0.161133 -10.812500 0.023087 0.010936 -0.284121 -0.076428
  time 132
    0 0.000000 0.826660 0.000001 -1.559900 -0.000006 -0.000006
    1 -10.723376 4.021813 0.943485 -0.833894 -0.107046 0.315252
    2 0.000000 14.313023 0.000003 -1.232591 0.000000 0.000000
    3 -0.000011 13.013483 -0.000005 0.352959 -0.088061 0.449085
    4 8.648438 7.792969 3.429688 2.222705 0.399521 -1.404265
    5 0.000000 -14.313034 0.000000 -1.556552 0.000000 0.000000
    6 -0.000004 -13.013485 -0.000004 0.538394 0.815277 0.754107
    7 -1.330879 -2.698427 0.462449 -0.194886 -0.547260 3.056712
    8 1.330910 2.698444 -0.462436 0.194890 0.547268 -0.084879
    9 7.285156 4.593750 -3.041016 -1.937331 -0.275423 3.010558
    10 10.570313 2.279297 -6.343750 -2.460934 -0.275417 3.010575
    11 1.806641 7.578125 -7.230469 -1.550989 -0.382994 1.806934
    12 1.376953 7.875000 -12.046875 -1.277176 -0.488708 1.819244
    13 4.531250 3.457031 -3.605469 -1.647836 -0.580608 1.782439
    14 5.968750 2.916016 -4.390625 -1.937331 -0.275423 3.010558
    15 7.558525 6.997282 -2.354134 -1.937336 -0.275393 3.010581
    16 7.558525 6.997282 -2.354134 1.937336 0.275393 -0.131011
    17 -2.867767 -2.740969 0.531125 2.051196 0.577049 -0.321829
    18 8.375000 1.621094 -7.539063 -1.937331 -0.275423 3.010558
    19 2.609375 2.376953 -5.882813 -1.937331 -0.275423 3.010558
    20 5.595486 4.607124 0.422674 -1.090396 0.577049 -0.321829
    21 6.233833 5.542564 0.898426 -1.090396 0.577049 -0.321829
    22 6.946648 6.587124 1.429667 -1.090396 0.577049 -0.321829
    23 7.537933 7.453606 1.870349 -1.090396 0.577049 -0.321829
    24 8.154472 8.357077 2.329839 -1.090396 0.577049 -0.321829
    25 8.874294 9.411907 2.866308 -1.090396 0.577049 -0.321829
    26 -4.125858 -2.321501 1.394414 2.051196 0.577049 -0.321829
    27 -4.826813 -3.348669 0.872014 2.051196 0.577049 -0.321829
    28 -5.441669 -4.249685 0.413772 2.051196 0.577049 -0.321829
    29 -0.552532 -1.343527 1.604446 -0.531397 0.349107 -0.535250
    30 0.552589 1.343534 -1.604463 -0.572351 0.200763 -0.519410
    31 0.000000 -2.021618 -0.000004 -0.140762 0.000000 0.000000
    32 -0.000021 2.021633 0.000027 -0.182284 0.000000 0.000000
    33 -0.000004 -1.136217 -0.000004 -0.537682 0.000000 0.000000
    34 -0.000011 1.136200 -0.000019 -0.591471 0.000000 0.000000
    35 -0.032677 -4.587727 1.352317 2.444718 1.216159 2.484986
    36 0.032719 4.587772 -1.352291 2.844703 1.216154 2.484990
    37 0.000000 -1.754536 -0.000002 0.193351 0.000000 0.000000
    38 -0.000006 1.754520 -0.000034 0.301016 0.000000 0.000000
    39 0.000000 -1.227020 -0.000002 0.955670 0.000000 0.000000
    40 0.000002 1.227070 0.000032 0.655020 0.000000 0.000000
    41 -0.367996 -4.208406 0.173244 2.475865 1.091695 2.536227
    42 0.368011 4.208412 -0.173239 2.894876 1.091697 2.536228
    43 0.000000 -2.372318 -0.000004 0.834666 0.000000 0.000000
    44 -0.000006 2.372318 -0.000032 0.737827 0.000000 0.000000
    45 0.000004 -1.580070 -0.000001 0.495055 0.000000 0.000000
    46 -0.000002 1.580170 0.000030 0.744518 0.000000 0.000000
    47 -0.937645 -3.860697 -0.959317 2.205251 0.797005 2.273736
    48 0.937672 3.860714 0.959333 2.990775 1.016697 2.713704
    49 0.000000 -1.690632 0.000000 0.848242 0.000000 0.000000
    50 -0.000013 1.690666 0.000021 0.568265 0.000000 0.000000
    51 -0.000002 -1.423443 0.000002 0.234212 0.000000 0.000000
    52 0.000008 1.423420 0.000028 0.761967 0.000000 0.000000
    53 -1.546646 -3.404194 -1.915569 2.750280 1.118484 2.534731
    54 1.546661 3.404217 1.915585 -3.076191 1.031499 2.824457
    55 0.000004 -1.437820 0.000000 0.424958 0.000000 0.000000
    56 -0.000021 1.437870 0.000031 -0.074280 0.000000 0.000000
    57 -0.000002 -1.059402 0.000000 0.322075 0.000000 0.000000
    58 0.000006 1.059372 0.000008 0.911714 0.000000 0.000000
    59 -0.000004 -13.013485 -0.000004 0.010936 -0.284121 -0.076428
    60 0.161133 -10.812500 0.023087 0.010936 -0.284121 -0.076428
  time 133
    0 0.000000 0.826660 0.000001 -1.559900 -0.000006 -0.000006
    1 -10.723376 4.021813 0.943485 -0.832144 -0.107904 0.314641
    2 0.000000 14.313023 0.000003 -1.231186 0.000000 0.000000
    3 -0.000011 13.013483 -0.000005 0.348468 -0.087731 0.450714
    4 8.648438 7.792969 3.429688 2.222705 0.399521 -1.404265
    5 0.000000 -14.313034 0.000000 -1.556552 0.000000 0.000000
    6 -0.000004 -13.013485 -0.000004 0.538394 0.815277 0.754107
    7 -1.330879 -2.698427 0.462449 -0.194886 -0.547260 3.056712
    8 1.330910 2.698444 -0.462436 0.194890 0.547268 -0.084879
    9 7.285156 4.593750 -3.041016 -1.937331 -0.275423 3.010558
    10 10.570313 2.279297 -6.343750 -2.460934 -0.275417 3.010575
    11 1.806641 7.578125 -7.230469 -1.550989 -0.382994 1.806934
    12 1.376953 7.875000 -12.046875 -1.277176 -0.488708 1.819244
    13 4.531250 3.457031 -3.605469 -1.647836 -0.580608 1.782439
    14 5.968750 2.916016 -4.390625 -1.937331 -0.275423 3.010558
    15 7.558525 6.997282 -2.354134 -1.937336 -0.275393 3.010581
    16 7.558525 6.997282 -2.354134 1.937336 0.275393 -0.131011
    17 -2.867767 -2.740969 0.531125 2.051196 0.577049 -0.321829
    18 8.375000 1.621094 -7.539063 -1.937331 -0.275423 3.010558
    19 2.609375 2.376953 -5.882813 -1.937331 -0.275423 3.010558
    20 5.595486 4.607124 0.422674 -1.090396 0.577049 -0.321829
    21 6.233833 5.542564 0.898426 -1.090396 0.577049 -0.321829
    22 6.946648 6.587124 1.429667 -1.090396 0.577049 -0.321829
    23 7.537933 7.453606 1.870349 -1.090396 0.577049 -0.321829
    24 8.154472 8.357077 2.329839 -1.090396 0.577049 -0.321829
    25 8.874294 9.411907 2.866308 -1.090396 0.577049 -0.321829
    26 -4.125858 -2.321501 1.394414 2.051196 0.577049 -0.321829
    27 -4.826813 -3.348669 0.872014 2.051196 0.577049 -0.321829
    28 -5.441669 -4.249685 0.413772 2.051196 0.577049 -0.321829
    29 -0.552532 -1.343527 1.604446 -0.531397 0.349107 -0.535250
    30 0.552589 1.343534 -1.604463 -0.572351 0.200763 -0.519410
    31 0.000000 -2.021618 -0.000004 -0.140762 0.000000 0.000000
    32 -0.000021 2.021633 0.000027 -0.182284 0.000000 0.000000
    33 -0.000004 -1.136217 -0.000004 -0.537682 0.000000 0.000000
    34 -0.000011 1.136200 -0.000019 -0.591471 0.000000 0.000000
    35 -0.032677 -4.587727 1.352317 2.444718 1.216159 2.484986
    36 0.032719 4.587772 -1.352291 2.844703 1.216154 2.484990
    37 0.000000 -1.754536 -0.000002 0.193351 0.000000 0.000000
    38 -0.000006 1.754520 -0.000034 0.301016 0.000000 0.000000
    39 0.000000 -1.227020 -0.000002 0.955670 0.000000 0.000000
    40 0.000002 1.227070 0.000032 0.655020 0.000000 0.000000
    41 -0.367996 -4.208406 0.173244 2.475865 1.091695 2.536227
    42 0.368011 4.208412 -0.173239 2.894876 1.091697 2.536228
    43 0.000000 -2.372318 -0.000004 0.834666 0.000000 0.000000
    44 -0.000006 2.372318 -0.000032 0.737827 0.000000 0.000000
    45 0.000004 -1.580070 -0.000001 0.495055 0.000000 0.000000
    46 -0.000002 1.580170 0.000030 0.744518 0.000000 0.000000
    47 -0.937645 -3.860697 -0.959317 2.205251 0.797005 2.273736
    48 0.937672 3.860714 0.959333 2.990775 1.016697 2.713704
    49 0.000000 -1.690632 0.000000 0.848242 0.000000 0.000000
    50 -0.000013 1.690666 0.000021 0.568265 0.000000 0.000000
    51 -0.000002 -1.423443 0.000002 0.234212 0.000000 0.000000
    52 0.000008 1.423420 0.000028 0.761967 0.000000 0.000000
    53 -1.546646 -3.404194 -1.915569 2.750280 1.118484 2.534731
    54 1.546661 3.404217 1.915585 -3.076191 1.031499 2.824457
    55 0.000004 -1.437820 0.000000 0.424958 0.000000 0.000000
    56 -0.000021 1.437870 0.000031 -0.074280 0.000000 0.000000
    57 -0.000002 -1.059402 0.000000 0.322075 0.000000 0.000000
    58 0.000006 1.059372 0.000008 0.911714 0.000000 0.000000
    59 -0.000004 -13.013485 -0.000004 0.010936 -0.284121 -0.076428
    60 0.161133 -10.812500 0.023087 0.010936 -0.284121 -0.076428
  time 134
    0 0.000000 0.826660 0.000001 -1.559900 -0.000006 -0.000006
    1 -10.723376 4.021813 0.943485 -0.831591 -0.108190 0.314412
    2 0.000000 14.313023 0.000003 -1.230514 0.000000 0.000000
    3 -0.000011 13.013483 -0.000005 0.346748 -0.087495 0.451193
    4 8.648438 7.792969 3.429688 2.222705 0.399521 -1.404265
    5 0.000000 -14.313034 0.000000 -1.556552 0.000000 0.000000
    6 -0.000004 -13.013485 -0.000004 0.538394 0.815277 0.754107
    7 -1.330879 -2.698427 0.462449 -0.194886 -0.547260 3.056712
    8 1.330910 2.698444 -0.462436 0.194890 0.547268 -0.084879
    9 7.285156 4.593750 -3.041016 -1.937331 -0.275423 3.010558
    10 10.570313 2.279297 -6.343750 -2.460934 -0.275417 3.010575
    11 1.806641 7.578125 -7.230469 -1.550989 -0.382994 1.806934
    12 1.376953 7.875000 -12.046875 -1.277176 -0.488708 1.819244
    13 4.531250 3.457031 -3.605469 -1.647836 -0.580608 1.782439
    14 5.968750 2.916016 -4.390625 -1.937331 -0.275423 3.010558
    15 7.558525 6.997282 -2.354134 -1.937336 -0.275393 3.010581
    16 7.558525 6.997282 -2.354134 1.937336 0.275393 -0.131011
    17 -2.867767 -2.740969 0.531125 2.051196 0.577049 -0.321829
    18 8.375000 1.621094 -7.539063 -1.937331 -0.275423 3.010558
    19 2.609375 2.376953 -5.882813 -1.937331 -0.275423 3.010558
    20 5.595486 4.607124 0.422674 -1.090396 0.577049 -0.321829
    21 6.233833 5.542564 0.898426 -1.090396 0.577049 -0.321829
    22 6.946648 6.587124 1.429667 -1.090396 0.577049 -0.321829
    23 7.537933 7.453606 1.870349 -1.090396 0.577049 -0.321829
    24 8.154472 8.357077 2.329839 -1.090396 0.577049 -0.321829
    25 8.874294 9.411907 2.866308 -1.090396 0.577049 -0.321829
    26 -4.125858 -2.321501 1.394414 2.051196 0.577049 -0.321829
    27 -4.826813 -3.348669 0.872014 2.051196 0.577049 -0.321829
    28 -5.441669 -4.249685 0.413772 2.051196 0.577049 -0.321829
    29 -0.552532 -1.343527 1.604446 -0.531397 0.349107 -0.535250
    30 0.552589 1.343534 -1.604463 -0.572351 0.200763 -0.519410
    31 0.000000 -2.021618 -0.000004 -0.140762 0.000000 0.000000
    32 -0.000021 2.021633 0.000027 -0.182284 0.000000 0.000000
    33 -0.000004 -1.136217 -0.000004 -0.537682 0.000000 0.000000
    34 -0.000011 1.136200 -0.000019 -0.591471 0.000000 0.000000
    35 -0.032677 -4.587727 1.352317 2.444718 1.216159 2.484986
    36 0.032719 4.587772 -1.352291 2.844703 1.216154 2.484990
    37 0.000000 -1.754536 -0.000002 0.193351 0.000000 0.000000
    38 -0.000006 1.754520 -0.000034 0.301016 0.000000 0.000000
    39 0.000000 -1.227020 -0.000002 0.955670 0.000000 0.000000
    40 0.000002 1.227070 0.000032 0.655020 0.000000 0.000000
    41 -0.367996 -4.208406 0.173244 2.475865 1.091695 2.536227
    42 0.368011 4.208412 -0.173239 2.894876 1.091697 2.536228
    43 0.000000 -2.372318 -0.000004 0.834666 0.000000 0.000000
    44 -0.000006 2.372318 -0.000032 0.737827 0.000000 0.000000
    45 0.000004 -1.580070 -0.000001 0.495055 0.000000 0.000000
    46 -0.000002 1.580170 0.000030 0.744518 0.000000 0.000000
    47 -0.937645 -3.860697 -0.959317 2.205251 0.797005 2.273736
    48 0.937672 3.860714 0.959333 2.990775 1.016697 2.713704
    49 0.000000 -1.690632 0.000000 0.848242 0.000000 0.000000
    50 -0.000013 1.690666 0.000021 0.568265 0.000000 0.000000
    51 -0.000002 -1.423443 0.000002 0.234212 0.000000 0.000000
    52 0.000008 1.423420 0.000028 0.761894 0.000000 0.000000
    53 -1.546646 -3.404194 -1.915569 2.750280 1.118484 2.534731
    54 1.546661 3.404217 1.915585 -3.076191 1.031499 2.824457
    55 0.000004 -1.437820 0.000000 0.424958 0.000000 0.000000
    56 -0.000021 1.437870 0.000031 -0.074280 0.000000 0.000000
    57 -0.000002 -1.059402 0.000000 0.322075 0.000000 0.000000
    58 0.000006 1.059372 0.000008 0.911714 0.000000 0.000000
    59 -0.000004 -13.013485 -0.000004 0.010936 -0.284121 -0.076428
    60 0.161133 -10.812500 0.023087 0.010936 -0.284121 -0.076428
end
