// Created by Crowbar 0.74
version 1
nodes
  0 "root" -1
  1 "bip_upperArm_R" 0
  2 "bip_lowerArm_R" 1
  3 "bip_hand_R" 2
  4 "bip_upperArm_L" 0
  5 "bip_lowerArm_L" 4
  6 "bip_hand_L" 5
  7 "effect_hand_L" 6
  8 "effect_hand_R" 3
  9 "weapon_bone" 3
  10 "weapon_bone_1" 3
  11 "weapon_bone_2" 3
  12 "weapon_bone_3" 3
  13 "weapon_bone_4" 3
  14 "weapon_bone_5" 3
  15 "weapon_bone_6" 3
  16 "weapon_bone_7" 3
  17 "weapon_bone_L" 6
  18 "vm_weapon_bone" 3
  19 "vm_weapon_bone_1" 3
  20 "vm_weapon_bone_2" 3
  21 "vm_weapon_bone_3" 3
  22 "vm_weapon_bone_4" 3
  23 "vm_weapon_bone_5" 3
  24 "vm_weapon_bone_6" 3
  25 "vm_weapon_bone_7" 3
  26 "vm_weapon_bone_L" 6
  27 "vm_weapon_bone_L_1" 6
  28 "vm_weapon_bone_L_2" 6
  29 "bip_thumb_0_L" 6
  30 "bip_thumb_0_R" 3
  31 "bip_thumb_1_L" 29
  32 "bip_thumb_1_R" 30
  33 "bip_thumb_2_L" 31
  34 "bip_thumb_2_R" 32
  35 "bip_index_0_L" 6
  36 "bip_index_0_R" 3
  37 "bip_index_1_L" 35
  38 "bip_index_1_R" 36
  39 "bip_index_2_L" 37
  40 "bip_index_2_R" 38
  41 "bip_middle_0_L" 6
  42 "bip_middle_0_R" 3
  43 "bip_middle_1_L" 41
  44 "bip_middle_1_R" 42
  45 "bip_middle_2_L" 43
  46 "bip_middle_2_R" 44
  47 "bip_ring_0_L" 6
  48 "bip_ring_0_R" 3
  49 "bip_ring_1_L" 47
  50 "bip_ring_1_R" 48
  51 "bip_ring_2_L" 49
  52 "bip_ring_2_R" 50
  53 "bip_pinky_0_L" 6
  54 "bip_pinky_0_R" 3
  55 "bip_pinky_1_L" 53
  56 "bip_pinky_1_R" 54
  57 "bip_pinky_2_L" 55
  58 "bip_pinky_2_R" 56
  59 "Sleeve_Control" 5
  60 "Wrist_Control" 5
end
skeleton
  time 0
    0 0.000000 0.826660 0.000001 -1.559900 -0.000006 -0.000006
    1 -10.723376 4.021813 0.943485 -0.588784 -0.360989 0.130639
    2 0.000000 14.313023 0.000003 -1.553784 0.000000 0.000000
    3 -0.000011 13.013483 -0.000005 -0.483479 0.032687 1.157843
    4 8.648438 7.792969 3.429688 2.222705 0.399521 -1.404265
    5 0.000000 -14.313034 0.000000 -1.556552 0.000000 0.000000
    6 -0.000004 -13.013485 -0.000004 0.538394 0.815277 0.754107
    7 -1.330879 -2.698427 0.462449 -0.194886 -0.547260 3.056712
    8 1.330910 2.698444 -0.462436 0.194890 0.547268 -0.084879
    9 7.281250 4.593750 -3.041016 -1.937331 -0.275423 3.010558
    10 10.570313 2.279297 -6.339844 -2.460934 -0.275417 3.010575
    11 1.806641 7.578125 -7.230469 -1.550988 -0.382996 1.806934
    12 1.376953 7.875000 -12.046875 -1.277176 -0.488708 1.819244
    13 4.531250 3.457031 -3.605469 -1.647836 -0.580608 1.782439
    14 5.968750 2.916016 -4.390625 -1.937333 -0.275414 3.010565
    15 7.558525 6.997282 -2.354134 -1.937336 -0.275393 3.010581
    16 7.558525 6.997282 -2.354134 1.937336 0.275393 -0.131011
    17 -2.867767 -2.740969 0.531125 2.051196 0.577049 -0.321829
    18 8.375000 1.621094 -7.535156 -1.937333 -0.275414 3.010565
    19 2.609375 2.375000 -5.878906 -1.937333 -0.275414 3.010565
    20 5.595486 4.607124 0.422674 -1.090396 0.577049 -0.321829
    21 6.233833 5.542564 0.898426 -1.090396 0.577049 -0.321829
    22 6.946648 6.587124 1.429667 -1.090396 0.577049 -0.321829
    23 7.537933 7.453606 1.870349 -1.090396 0.577049 -0.321829
    24 8.154472 8.357077 2.329839 -1.090396 0.577049 -0.321829
    25 8.874294 9.411907 2.866308 -1.090396 0.577049 -0.321829
    26 -4.125858 -2.321501 1.394414 2.051196 0.577049 -0.321829
    27 -4.826813 -3.348669 0.872014 2.051196 0.577049 -0.321829
    28 -5.441669 -4.249685 0.413772 2.051196 0.577049 -0.321829
    29 -0.552532 -1.343527 1.604446 -0.531397 0.349107 -0.535250
    30 0.552589 1.343534 -1.604463 -0.572352 0.200762 -0.519412
    31 0.000000 -2.021618 -0.000004 -0.140762 0.000000 0.000000
    32 -0.000021 2.021633 0.000027 -0.182286 0.000000 0.000000
    33 -0.000004 -1.136217 -0.000004 -0.537682 0.000000 0.000000
    34 -0.000011 1.136200 -0.000019 -0.591471 0.000000 0.000000
    35 -0.032677 -4.587727 1.352317 2.444718 1.216159 2.484986
    36 0.032719 4.587772 -1.352291 2.844703 1.216154 2.484990
    37 0.000000 -1.754536 -0.000002 0.193351 0.000000 0.000000
    38 -0.000006 1.754520 -0.000034 0.301016 0.000000 0.000000
    39 0.000000 -1.227020 -0.000002 0.955670 0.000000 0.000000
    40 0.000002 1.227070 0.000032 0.655020 0.000000 0.000000
    41 -0.367996 -4.208406 0.173244 2.475865 1.091695 2.536227
    42 0.368011 4.208412 -0.173239 2.894876 1.091697 2.536228
    43 0.000000 -2.372318 -0.000004 0.834666 0.000000 0.000000
    44 -0.000006 2.372318 -0.000032 0.737827 0.000000 0.000000
    45 0.000004 -1.580070 -0.000001 0.495055 0.000000 0.000000
    46 -0.000002 1.580170 0.000030 0.744518 0.000000 0.000000
    47 -0.937645 -3.860697 -0.959317 2.205251 0.797005 2.273736
    48 0.937672 3.860714 0.959333 2.990775 1.016697 2.713704
    49 0.000000 -1.690632 0.000000 0.848242 0.000000 0.000000
    50 -0.000013 1.690666 0.000021 0.568265 0.000000 0.000000
    51 -0.000002 -1.423443 0.000002 0.234212 0.000000 0.000000
    52 0.000008 1.423420 0.000028 0.761967 0.000000 0.000000
    53 -1.546646 -3.404194 -1.915569 2.750280 1.118484 2.534731
    54 1.546661 3.404217 1.915585 -3.076191 1.031499 2.824457
    55 0.000004 -1.437820 0.000000 0.424958 0.000000 0.000000
    56 -0.000021 1.437870 0.000031 -0.074280 0.000000 0.000000
    57 -0.000002 -1.059402 0.000000 0.322075 0.000000 0.000000
    58 0.000006 1.059372 0.000008 0.911714 0.000000 0.000000
    59 -0.000004 -13.013485 -0.000004 0.010936 -0.284121 -0.076428
    60 0.161133 -10.812500 0.023087 0.010936 -0.284121 -0.076428
  time 1
    0 0.000000 0.826660 0.000001 -1.559900 -0.000006 -0.000006
    1 -10.723376 4.021813 0.943485 -0.588784 -0.360989 0.130639
    2 0.000000 14.313023 0.000003 -1.553784 0.000000 0.000000
    3 -0.000011 13.013483 -0.000005 -0.483479 0.032734 1.157843
    4 8.648438 7.792969 3.429688 2.222705 0.399521 -1.404265
    5 0.000000 -14.313034 0.000000 -1.556552 0.000000 0.000000
    6 -0.000004 -13.013485 -0.000004 0.538394 0.815277 0.754107
    7 -1.330879 -2.698427 0.462449 -0.194886 -0.547260 3.056712
    8 1.330910 2.698444 -0.462436 0.194890 0.547268 -0.084879
    9 7.281250 4.593750 -3.041016 -1.937331 -0.275423 3.010558
    10 10.570313 2.279297 -6.339844 -2.460934 -0.275417 3.010575
    11 1.806641 7.578125 -7.230469 -1.550988 -0.382996 1.806934
    12 1.376953 7.875000 -12.046875 -1.277176 -0.488708 1.819244
    13 4.531250 3.457031 -3.605469 -1.647836 -0.580608 1.782439
    14 5.968750 2.916016 -4.390625 -1.937333 -0.275414 3.010565
    15 7.558525 6.997282 -2.354134 -1.937336 -0.275393 3.010581
    16 7.558525 6.997282 -2.354134 1.937336 0.275393 -0.131011
    17 -2.867767 -2.740969 0.531125 2.051196 0.577049 -0.321829
    18 8.375000 1.621094 -7.535156 -1.937333 -0.275414 3.010565
    19 2.609375 2.375000 -5.878906 -1.937333 -0.275414 3.010565
    20 5.595486 4.607124 0.422674 -1.090396 0.577049 -0.321829
    21 6.233833 5.542564 0.898426 -1.090396 0.577049 -0.321829
    22 6.946648 6.587124 1.429667 -1.090396 0.577049 -0.321829
    23 7.537933 7.453606 1.870349 -1.090396 0.577049 -0.321829
    24 8.154472 8.357077 2.329839 -1.090396 0.577049 -0.321829
    25 8.874294 9.411907 2.866308 -1.090396 0.577049 -0.321829
    26 -4.125858 -2.321501 1.394414 2.051196 0.577049 -0.321829
    27 -4.826813 -3.348669 0.872014 2.051196 0.577049 -0.321829
    28 -5.441669 -4.249685 0.413772 2.051196 0.577049 -0.321829
    29 -0.552532 -1.343527 1.604446 -0.531397 0.349107 -0.535250
    30 0.552589 1.343534 -1.604463 -0.572352 0.200762 -0.519412
    31 0.000000 -2.021618 -0.000004 -0.140762 0.000000 0.000000
    32 -0.000021 2.021633 0.000027 -0.182286 0.000000 0.000000
    33 -0.000004 -1.136217 -0.000004 -0.537682 0.000000 0.000000
    34 -0.000011 1.136200 -0.000019 -0.591471 0.000000 0.000000
    35 -0.032677 -4.587727 1.352317 2.444718 1.216159 2.484986
    36 0.032719 4.587772 -1.352291 2.844703 1.216154 2.484990
    37 0.000000 -1.754536 -0.000002 0.193351 0.000000 0.000000
    38 -0.000006 1.754520 -0.000034 0.301016 0.000000 0.000000
    39 0.000000 -1.227020 -0.000002 0.955670 0.000000 0.000000
    40 0.000002 1.227070 0.000032 0.655020 0.000000 0.000000
    41 -0.367996 -4.208406 0.173244 2.475865 1.091695 2.536227
    42 0.368011 4.208412 -0.173239 2.894876 1.091697 2.536228
    43 0.000000 -2.372318 -0.000004 0.834666 0.000000 0.000000
    44 -0.000006 2.372318 -0.000032 0.737827 0.000000 0.000000
    45 0.000004 -1.580070 -0.000001 0.495055 0.000000 0.000000
    46 -0.000002 1.580170 0.000030 0.744518 0.000000 0.000000
    47 -0.937645 -3.860697 -0.959317 2.205251 0.797005 2.273736
    48 0.937672 3.860714 0.959333 2.990775 1.016697 2.713704
    49 0.000000 -1.690632 0.000000 0.848242 0.000000 0.000000
    50 -0.000013 1.690666 0.000021 0.568265 0.000000 0.000000
    51 -0.000002 -1.423443 0.000002 0.234212 0.000000 0.000000
    52 0.000008 1.423420 0.000028 0.761967 0.000000 0.000000
    53 -1.546646 -3.404194 -1.915569 2.750280 1.118484 2.534731
    54 1.546661 3.404217 1.915585 -3.076191 1.031499 2.824457
    55 0.000004 -1.437820 0.000000 0.424958 0.000000 0.000000
    56 -0.000021 1.437870 0.000031 -0.074280 0.000000 0.000000
    57 -0.000002 -1.059402 0.000000 0.322075 0.000000 0.000000
    58 0.000006 1.059372 0.000008 0.911714 0.000000 0.000000
    59 -0.000004 -13.013485 -0.000004 0.010936 -0.284121 -0.076428
    60 0.161133 -10.812500 0.023087 0.010936 -0.284121 -0.076428
  time 2
    0 0.000000 0.826660 0.000001 -1.559900 -0.000006 -0.000006
    1 -10.723376 4.021813 0.943485 -0.588784 -0.360989 0.130639
    2 0.000000 14.313023 0.000003 -1.553723 0.000000 0.000000
    3 -0.000011 13.013483 -0.000005 -0.483383 0.032734 1.157747
    4 8.648438 7.792969 3.429688 2.222705 0.399521 -1.404265
    5 0.000000 -14.313034 0.000000 -1.556552 0.000000 0.000000
    6 -0.000004 -13.013485 -0.000004 0.538394 0.815277 0.754107
    7 -1.330879 -2.698427 0.462449 -0.194886 -0.547260 3.056712
    8 1.330910 2.698444 -0.462436 0.194890 0.547268 -0.084879
    9 7.281250 4.593750 -3.041016 -1.937331 -0.275423 3.010558
    10 10.570313 2.279297 -6.339844 -2.460934 -0.275417 3.010575
    11 1.806641 7.578125 -7.230469 -1.550988 -0.382996 1.806934
    12 1.376953 7.875000 -12.046875 -1.277176 -0.488708 1.819244
    13 4.531250 3.457031 -3.605469 -1.647836 -0.580608 1.782439
    14 5.968750 2.916016 -4.390625 -1.937333 -0.275414 3.010565
    15 7.558525 6.997282 -2.354134 -1.937336 -0.275393 3.010581
    16 7.558525 6.997282 -2.354134 1.937336 0.275393 -0.131011
    17 -2.867767 -2.740969 0.531125 2.051196 0.577049 -0.321829
    18 8.375000 1.621094 -7.535156 -1.937333 -0.275414 3.010565
    19 2.609375 2.375000 -5.878906 -1.937333 -0.275414 3.010565
    20 5.595486 4.607124 0.422674 -1.090396 0.577049 -0.321829
    21 6.233833 5.542564 0.898426 -1.090396 0.577049 -0.321829
    22 6.946648 6.587124 1.429667 -1.090396 0.577049 -0.321829
    23 7.537933 7.453606 1.870349 -1.090396 0.577049 -0.321829
    24 8.154472 8.357077 2.329839 -1.090396 0.577049 -0.321829
    25 8.874294 9.411907 2.866308 -1.090396 0.577049 -0.321829
    26 -4.125858 -2.321501 1.394414 2.051196 0.577049 -0.321829
    27 -4.826813 -3.348669 0.872014 2.051196 0.577049 -0.321829
    28 -5.441669 -4.249685 0.413772 2.051196 0.577049 -0.321829
    29 -0.552532 -1.343527 1.604446 -0.531397 0.349107 -0.535250
    30 0.552589 1.343534 -1.604463 -0.572352 0.200762 -0.519412
    31 0.000000 -2.021618 -0.000004 -0.140762 0.000000 0.000000
    32 -0.000021 2.021633 0.000027 -0.182286 0.000000 0.000000
    33 -0.000004 -1.136217 -0.000004 -0.537682 0.000000 0.000000
    34 -0.000011 1.136200 -0.000019 -0.591471 0.000000 0.000000
    35 -0.032677 -4.587727 1.352317 2.444718 1.216159 2.484986
    36 0.032719 4.587772 -1.352291 2.844703 1.216154 2.484990
    37 0.000000 -1.754536 -0.000002 0.193351 0.000000 0.000000
    38 -0.000006 1.754520 -0.000034 0.301016 0.000000 0.000000
    39 0.000000 -1.227020 -0.000002 0.955670 0.000000 0.000000
    40 0.000002 1.227070 0.000032 0.655020 0.000000 0.000000
    41 -0.367996 -4.208406 0.173244 2.475865 1.091695 2.536227
    42 0.368011 4.208412 -0.173239 2.894876 1.091697 2.536228
    43 0.000000 -2.372318 -0.000004 0.834666 0.000000 0.000000
    44 -0.000006 2.372318 -0.000032 0.737827 0.000000 0.000000
    45 0.000004 -1.580070 -0.000001 0.495055 0.000000 0.000000
    46 -0.000002 1.580170 0.000030 0.744518 0.000000 0.000000
    47 -0.937645 -3.860697 -0.959317 2.205251 0.797005 2.273736
    48 0.937672 3.860714 0.959333 2.990775 1.016697 2.713704
    49 0.000000 -1.690632 0.000000 0.848242 0.000000 0.000000
    50 -0.000013 1.690666 0.000021 0.568265 0.000000 0.000000
    51 -0.000002 -1.423443 0.000002 0.234212 0.000000 0.000000
    52 0.000008 1.423420 0.000028 0.761894 0.000000 0.000000
    53 -1.546646 -3.404194 -1.915569 2.750280 1.118484 2.534731
    54 1.546661 3.404217 1.915585 -3.076191 1.031499 2.824457
    55 0.000004 -1.437820 0.000000 0.424958 0.000000 0.000000
    56 -0.000021 1.437870 0.000031 -0.074280 0.000000 0.000000
    57 -0.000002 -1.059402 0.000000 0.322075 0.000000 0.000000
    58 0.000006 1.059372 0.000008 0.911714 0.000000 0.000000
    59 -0.000004 -13.013485 -0.000004 0.010936 -0.284121 -0.076428
    60 0.161133 -10.812500 0.023087 0.010936 -0.284121 -0.076428
  time 3
    0 0.000000 0.826660 0.000001 -1.559900 -0.000006 -0.000006
    1 -10.723376 4.021813 0.943485 -0.588784 -0.360941 0.130639
    2 0.000000 14.313023 0.000003 -1.553723 0.000000 0.000000
    3 -0.000011 13.013483 -0.000005 -0.483288 0.032923 1.157747
    4 8.648438 7.792969 3.429688 2.222705 0.399521 -1.404265
    5 0.000000 -14.313034 0.000000 -1.556552 0.000000 0.000000
    6 -0.000004 -13.013485 -0.000004 0.538394 0.815277 0.754107
    7 -1.330879 -2.698427 0.462449 -0.194886 -0.547260 3.056712
    8 1.330910 2.698444 -0.462436 0.194890 0.547268 -0.084879
    9 7.281250 4.593750 -3.041016 -1.937331 -0.275423 3.010558
    10 10.570313 2.279297 -6.339844 -2.460934 -0.275417 3.010575
    11 1.806641 7.578125 -7.230469 -1.550988 -0.382996 1.806934
    12 1.376953 7.875000 -12.046875 -1.277176 -0.488708 1.819244
    13 4.531250 3.457031 -3.605469 -1.647836 -0.580608 1.782439
    14 5.968750 2.916016 -4.390625 -1.937333 -0.275414 3.010565
    15 7.558525 6.997282 -2.354134 -1.937336 -0.275393 3.010581
    16 7.558525 6.997282 -2.354134 1.937336 0.275393 -0.131011
    17 -2.867767 -2.740969 0.531125 2.051196 0.577049 -0.321829
    18 8.375000 1.621094 -7.535156 -1.937333 -0.275414 3.010565
    19 2.609375 2.375000 -5.878906 -1.937333 -0.275414 3.010565
    20 5.595486 4.607124 0.422674 -1.090396 0.577049 -0.321829
    21 6.233833 5.542564 0.898426 -1.090396 0.577049 -0.321829
    22 6.946648 6.587124 1.429667 -1.090396 0.577049 -0.321829
    23 7.537933 7.453606 1.870349 -1.090396 0.577049 -0.321829
    24 8.154472 8.357077 2.329839 -1.090396 0.577049 -0.321829
    25 8.874294 9.411907 2.866308 -1.090396 0.577049 -0.321829
    26 -4.125858 -2.321501 1.394414 2.051196 0.577049 -0.321829
    27 -4.826813 -3.348669 0.872014 2.051196 0.577049 -0.321829
    28 -5.441669 -4.249685 0.413772 2.051196 0.577049 -0.321829
    29 -0.552532 -1.343527 1.604446 -0.531397 0.349107 -0.535250
    30 0.552589 1.343534 -1.604463 -0.572352 0.200762 -0.519412
    31 0.000000 -2.021618 -0.000004 -0.140762 0.000000 0.000000
    32 -0.000021 2.021633 0.000027 -0.182286 0.000000 0.000000
    33 -0.000004 -1.136217 -0.000004 -0.537682 0.000000 0.000000
    34 -0.000011 1.136200 -0.000019 -0.591471 0.000000 0.000000
    35 -0.032677 -4.587727 1.352317 2.444718 1.216159 2.484986
    36 0.032719 4.587772 -1.352291 2.844703 1.216154 2.484990
    37 0.000000 -1.754536 -0.000002 0.193351 0.000000 0.000000
    38 -0.000006 1.754520 -0.000034 0.301016 0.000000 0.000000
    39 0.000000 -1.227020 -0.000002 0.955670 0.000000 0.000000
    40 0.000002 1.227070 0.000032 0.655020 0.000000 0.000000
    41 -0.367996 -4.208406 0.173244 2.475865 1.091695 2.536227
    42 0.368011 4.208412 -0.173239 2.894876 1.091697 2.536228
    43 0.000000 -2.372318 -0.000004 0.834666 0.000000 0.000000
    44 -0.000006 2.372318 -0.000032 0.737827 0.000000 0.000000
    45 0.000004 -1.580070 -0.000001 0.495055 0.000000 0.000000
    46 -0.000002 1.580170 0.000030 0.744518 0.000000 0.000000
    47 -0.937645 -3.860697 -0.959317 2.205251 0.797005 2.273736
    48 0.937672 3.860714 0.959333 2.990775 1.016697 2.713704
    49 0.000000 -1.690632 0.000000 0.848242 0.000000 0.000000
    50 -0.000013 1.690666 0.000021 0.568265 0.000000 0.000000
    51 -0.000002 -1.423443 0.000002 0.234212 0.000000 0.000000
    52 0.000008 1.423420 0.000028 0.761967 0.000000 0.000000
    53 -1.546646 -3.404194 -1.915569 2.750280 1.118484 2.534731
    54 1.546661 3.404217 1.915585 -3.076191 1.031499 2.824457
    55 0.000004 -1.437820 0.000000 0.424958 0.000000 0.000000
    56 -0.000021 1.437870 0.000031 -0.074280 0.000000 0.000000
    57 -0.000002 -1.059402 0.000000 0.322075 0.000000 0.000000
    58 0.000006 1.059372 0.000008 0.911714 0.000000 0.000000
    59 -0.000004 -13.013485 -0.000004 0.010936 -0.284121 -0.076428
    60 0.161133 -10.812500 0.023087 0.010936 -0.284121 -0.076428
  time 4
    0 0.000000 0.826660 0.000001 -1.559900 -0.000006 -0.000006
    1 -10.723376 4.021813 0.943485 -0.588784 -0.360941 0.130639
    2 0.000000 14.313023 0.000003 -1.553662 0.000000 0.000000
    3 -0.000011 13.013483 -0.000005 -0.483192 0.033064 1.157651
    4 8.648438 7.792969 3.429688 2.222705 0.399521 -1.404265
    5 0.000000 -14.313034 0.000000 -1.556552 0.000000 0.000000
    6 -0.000004 -13.013485 -0.000004 0.538394 0.815277 0.754107
    7 -1.330879 -2.698427 0.462449 -0.194886 -0.547260 3.056712
    8 1.330910 2.698444 -0.462436 0.194890 0.547268 -0.084879
    9 7.281250 4.593750 -3.041016 -1.937331 -0.275423 3.010558
    10 10.570313 2.279297 -6.339844 -2.460934 -0.275417 3.010575
    11 1.806641 7.578125 -7.230469 -1.550988 -0.382996 1.806934
    12 1.376953 7.875000 -12.046875 -1.277176 -0.488708 1.819244
    13 4.531250 3.457031 -3.605469 -1.647836 -0.580608 1.782439
    14 5.968750 2.916016 -4.390625 -1.937333 -0.275414 3.010565
    15 7.558525 6.997282 -2.354134 -1.937336 -0.275393 3.010581
    16 7.558525 6.997282 -2.354134 1.937336 0.275393 -0.131011
    17 -2.867767 -2.740969 0.531125 2.051196 0.577049 -0.321829
    18 8.375000 1.621094 -7.535156 -1.937333 -0.275414 3.010565
    19 2.609375 2.375000 -5.878906 -1.937333 -0.275414 3.010565
    20 5.595486 4.607124 0.422674 -1.090396 0.577049 -0.321829
    21 6.233833 5.542564 0.898426 -1.090396 0.577049 -0.321829
    22 6.946648 6.587124 1.429667 -1.090396 0.577049 -0.321829
    23 7.537933 7.453606 1.870349 -1.090396 0.577049 -0.321829
    24 8.154472 8.357077 2.329839 -1.090396 0.577049 -0.321829
    25 8.874294 9.411907 2.866308 -1.090396 0.577049 -0.321829
    26 -4.125858 -2.321501 1.394414 2.051196 0.577049 -0.321829
    27 -4.826813 -3.348669 0.872014 2.051196 0.577049 -0.321829
    28 -5.441669 -4.249685 0.413772 2.051196 0.577049 -0.321829
    29 -0.552532 -1.343527 1.604446 -0.531397 0.349107 -0.535250
    30 0.552589 1.343534 -1.604463 -0.572352 0.200762 -0.519412
    31 0.000000 -2.021618 -0.000004 -0.140762 0.000000 0.000000
    32 -0.000021 2.021633 0.000027 -0.182286 0.000000 0.000000
    33 -0.000004 -1.136217 -0.000004 -0.537682 0.000000 0.000000
    34 -0.000011 1.136200 -0.000019 -0.591471 0.000000 0.000000
    35 -0.032677 -4.587727 1.352317 2.444718 1.216159 2.484986
    36 0.032719 4.587772 -1.352291 2.844703 1.216154 2.484990
    37 0.000000 -1.754536 -0.000002 0.193351 0.000000 0.000000
    38 -0.000006 1.754520 -0.000034 0.301016 0.000000 0.000000
    39 0.000000 -1.227020 -0.000002 0.955670 0.000000 0.000000
    40 0.000002 1.227070 0.000032 0.655020 0.000000 0.000000
    41 -0.367996 -4.208406 0.173244 2.475865 1.091695 2.536227
    42 0.368011 4.208412 -0.173239 2.894876 1.091697 2.536228
    43 0.000000 -2.372318 -0.000004 0.834666 0.000000 0.000000
    44 -0.000006 2.372318 -0.000032 0.737827 0.000000 0.000000
    45 0.000004 -1.580070 -0.000001 0.495055 0.000000 0.000000
    46 -0.000002 1.580170 0.000030 0.744518 0.000000 0.000000
    47 -0.937645 -3.860697 -0.959317 2.205251 0.797005 2.273736
    48 0.937672 3.860714 0.959333 2.990775 1.016697 2.713704
    49 0.000000 -1.690632 0.000000 0.848242 0.000000 0.000000
    50 -0.000013 1.690666 0.000021 0.568265 0.000000 0.000000
    51 -0.000002 -1.423443 0.000002 0.234212 0.000000 0.000000
    52 0.000008 1.423420 0.000028 0.761967 0.000000 0.000000
    53 -1.546646 -3.404194 -1.915569 2.750280 1.118484 2.534731
    54 1.546661 3.404217 1.915585 -3.076191 1.031499 2.824457
    55 0.000004 -1.437820 0.000000 0.424958 0.000000 0.000000
    56 -0.000021 1.437870 0.000031 -0.074280 0.000000 0.000000
    57 -0.000002 -1.059402 0.000000 0.322075 0.000000 0.000000
    58 0.000006 1.059372 0.000008 0.911714 0.000000 0.000000
    59 -0.000004 -13.013485 -0.000004 0.010936 -0.284121 -0.076428
    60 0.161133 -10.812500 0.023087 0.010936 -0.284121 -0.076428
  time 5
    0 0.000000 0.826660 0.000001 -1.559900 -0.000006 -0.000006
    1 -10.723376 4.021813 0.943485 -0.588784 -0.360941 0.130639
    2 0.000000 14.313023 0.000003 -1.553601 0.000000 0.000000
    3 -0.000011 13.013483 -0.000005 -0.483097 0.033300 1.157651
    4 8.648438 7.792969 3.429688 2.222705 0.399521 -1.404265
    5 0.000000 -14.313034 0.000000 -1.556552 0.000000 0.000000
    6 -0.000004 -13.013485 -0.000004 0.538394 0.815277 0.754107
    7 -1.330879 -2.698427 0.462449 -0.194886 -0.547260 3.056712
    8 1.330910 2.698444 -0.462436 0.194890 0.547268 -0.084879
    9 7.281250 4.593750 -3.041016 -1.937331 -0.275423 3.010558
    10 10.570313 2.279297 -6.339844 -2.460934 -0.275417 3.010575
    11 1.806641 7.578125 -7.230469 -1.550988 -0.382996 1.806934
    12 1.376953 7.875000 -12.046875 -1.277176 -0.488708 1.819244
    13 4.531250 3.457031 -3.605469 -1.647836 -0.580608 1.782439
    14 5.968750 2.916016 -4.390625 -1.937333 -0.275414 3.010565
    15 7.558525 6.997282 -2.354134 -1.937336 -0.275393 3.010581
    16 7.558525 6.997282 -2.354134 1.937336 0.275393 -0.131011
    17 -2.867767 -2.740969 0.531125 2.051196 0.577049 -0.321829
    18 8.375000 1.621094 -7.535156 -1.937333 -0.275414 3.010565
    19 2.609375 2.375000 -5.878906 -1.937333 -0.275414 3.010565
    20 5.595486 4.607124 0.422674 -1.090396 0.577049 -0.321829
    21 6.233833 5.542564 0.898426 -1.090396 0.577049 -0.321829
    22 6.946648 6.587124 1.429667 -1.090396 0.577049 -0.321829
    23 7.537933 7.453606 1.870349 -1.090396 0.577049 -0.321829
    24 8.154472 8.357077 2.329839 -1.090396 0.577049 -0.321829
    25 8.874294 9.411907 2.866308 -1.090396 0.577049 -0.321829
    26 -4.125858 -2.321501 1.394414 2.051196 0.577049 -0.321829
    27 -4.826813 -3.348669 0.872014 2.051196 0.577049 -0.321829
    28 -5.441669 -4.249685 0.413772 2.051196 0.577049 -0.321829
    29 -0.552532 -1.343527 1.604446 -0.531397 0.349107 -0.535250
    30 0.552589 1.343534 -1.604463 -0.572352 0.200762 -0.519412
    31 0.000000 -2.021618 -0.000004 -0.140762 0.000000 0.000000
    32 -0.000021 2.021633 0.000027 -0.182286 0.000000 0.000000
    33 -0.000004 -1.136217 -0.000004 -0.537682 0.000000 0.000000
    34 -0.000011 1.136200 -0.000019 -0.591471 0.000000 0.000000
    35 -0.032677 -4.587727 1.352317 2.444718 1.216159 2.484986
    36 0.032719 4.587772 -1.352291 2.844703 1.216154 2.484990
    37 0.000000 -1.754536 -0.000002 0.193351 0.000000 0.000000
    38 -0.000006 1.754520 -0.000034 0.301016 0.000000 0.000000
    39 0.000000 -1.227020 -0.000002 0.955670 0.000000 0.000000
    40 0.000002 1.227070 0.000032 0.655020 0.000000 0.000000
    41 -0.367996 -4.208406 0.173244 2.475865 1.091695 2.536227
    42 0.368011 4.208412 -0.173239 2.894876 1.091697 2.536228
    43 0.000000 -2.372318 -0.000004 0.834666 0.000000 0.000000
    44 -0.000006 2.372318 -0.000032 0.737827 0.000000 0.000000
    45 0.000004 -1.580070 -0.000001 0.495055 0.000000 0.000000
    46 -0.000002 1.580170 0.000030 0.744518 0.000000 0.000000
    47 -0.937645 -3.860697 -0.959317 2.205251 0.797005 2.273736
    48 0.937672 3.860714 0.959333 2.990775 1.016697 2.713704
    49 0.000000 -1.690632 0.000000 0.848242 0.000000 0.000000
    50 -0.000013 1.690666 0.000021 0.568265 0.000000 0.000000
    51 -0.000002 -1.423443 0.000002 0.234212 0.000000 0.000000
    52 0.000008 1.423420 0.000028 0.761967 0.000000 0.000000
    53 -1.546646 -3.404194 -1.915569 2.750280 1.118484 2.534731
    54 1.546661 3.404217 1.915585 -3.076191 1.031499 2.824457
    55 0.000004 -1.437820 0.000000 0.424958 0.000000 0.000000
    56 -0.000021 1.437870 0.000031 -0.074280 0.000000 0.000000
    57 -0.000002 -1.059402 0.000000 0.322075 0.000000 0.000000
    58 0.000006 1.059372 0.000008 0.911714 0.000000 0.000000
    59 -0.000004 -13.013485 -0.000004 0.010936 -0.284121 -0.076428
    60 0.161133 -10.812500 0.023087 0.010936 -0.284121 -0.076428
  time 6
    0 0.000000 0.826660 0.000001 -1.559900 -0.000006 -0.000006
    1 -10.723376 4.021813 0.943485 -0.588692 -0.360894 0.130639
    2 0.000000 14.313023 0.000003 -1.553601 0.000000 0.000000
    3 -0.000011 13.013483 -0.000005 -0.483001 0.033536 1.157459
    4 8.648438 7.792969 3.429688 2.222705 0.399521 -1.404265
    5 0.000000 -14.313034 0.000000 -1.556552 0.000000 0.000000
    6 -0.000004 -13.013485 -0.000004 0.538394 0.815277 0.754107
    7 -1.330879 -2.698427 0.462449 -0.194886 -0.547260 3.056712
    8 1.330910 2.698444 -0.462436 0.194890 0.547268 -0.084879
    9 7.281250 4.593750 -3.041016 -1.937331 -0.275423 3.010558
    10 10.570313 2.279297 -6.339844 -2.460934 -0.275417 3.010575
    11 1.806641 7.578125 -7.230469 -1.550988 -0.382996 1.806934
    12 1.376953 7.875000 -12.046875 -1.277176 -0.488708 1.819244
    13 4.531250 3.457031 -3.605469 -1.647836 -0.580608 1.782439
    14 5.968750 2.916016 -4.390625 -1.937333 -0.275414 3.010565
    15 7.558525 6.997282 -2.354134 -1.937336 -0.275393 3.010581
    16 7.558525 6.997282 -2.354134 1.937336 0.275393 -0.131011
    17 -2.867767 -2.740969 0.531125 2.051196 0.577049 -0.321829
    18 8.375000 1.621094 -7.535156 -1.937333 -0.275414 3.010565
    19 2.609375 2.375000 -5.878906 -1.937333 -0.275414 3.010565
    20 5.595486 4.607124 0.422674 -1.090396 0.577049 -0.321829
    21 6.233833 5.542564 0.898426 -1.090396 0.577049 -0.321829
    22 6.946648 6.587124 1.429667 -1.090396 0.577049 -0.321829
    23 7.537933 7.453606 1.870349 -1.090396 0.577049 -0.321829
    24 8.154472 8.357077 2.329839 -1.090396 0.577049 -0.321829
    25 8.874294 9.411907 2.866308 -1.090396 0.577049 -0.321829
    26 -4.125858 -2.321501 1.394414 2.051196 0.577049 -0.321829
    27 -4.826813 -3.348669 0.872014 2.051196 0.577049 -0.321829
    28 -5.441669 -4.249685 0.413772 2.051196 0.577049 -0.321829
    29 -0.552532 -1.343527 1.604446 -0.531397 0.349107 -0.535250
    30 0.552589 1.343534 -1.604463 -0.572352 0.200762 -0.519412
    31 0.000000 -2.021618 -0.000004 -0.140762 0.000000 0.000000
    32 -0.000021 2.021633 0.000027 -0.182286 0.000000 0.000000
    33 -0.000004 -1.136217 -0.000004 -0.537682 0.000000 0.000000
    34 -0.000011 1.136200 -0.000019 -0.591471 0.000000 0.000000
    35 -0.032677 -4.587727 1.352317 2.444718 1.216159 2.484986
    36 0.032719 4.587772 -1.352291 2.844703 1.216154 2.484990
    37 0.000000 -1.754536 -0.000002 0.193351 0.000000 0.000000
    38 -0.000006 1.754520 -0.000034 0.301016 0.000000 0.000000
    39 0.000000 -1.227020 -0.000002 0.955670 0.000000 0.000000
    40 0.000002 1.227070 0.000032 0.655020 0.000000 0.000000
    41 -0.367996 -4.208406 0.173244 2.475865 1.091695 2.536227
    42 0.368011 4.208412 -0.173239 2.894876 1.091697 2.536228
    43 0.000000 -2.372318 -0.000004 0.834666 0.000000 0.000000
    44 -0.000006 2.372318 -0.000032 0.737827 0.000000 0.000000
    45 0.000004 -1.580070 -0.000001 0.495055 0.000000 0.000000
    46 -0.000002 1.580170 0.000030 0.744518 0.000000 0.000000
    47 -0.937645 -3.860697 -0.959317 2.205251 0.797005 2.273736
    48 0.937672 3.860714 0.959333 2.990775 1.016697 2.713704
    49 0.000000 -1.690632 0.000000 0.848242 0.000000 0.000000
    50 -0.000013 1.690666 0.000021 0.568265 0.000000 0.000000
    51 -0.000002 -1.423443 0.000002 0.234212 0.000000 0.000000
    52 0.000008 1.423420 0.000028 0.761967 0.000000 0.000000
    53 -1.546646 -3.404194 -1.915569 2.750280 1.118484 2.534731
    54 1.546661 3.404217 1.915585 -3.076191 1.031499 2.824457
    55 0.000004 -1.437820 0.000000 0.424958 0.000000 0.000000
    56 -0.000021 1.437870 0.000031 -0.074280 0.000000 0.000000
    57 -0.000002 -1.059402 0.000000 0.322075 0.000000 0.000000
    58 0.000006 1.059372 0.000008 0.911714 0.000000 0.000000
    59 -0.000004 -13.013485 -0.000004 0.010936 -0.284121 -0.076428
    60 0.161133 -10.812500 0.023087 0.010936 -0.284121 -0.076428
  time 7
    0 0.000000 0.826660 0.000001 -1.559900 -0.000006 -0.000006
    1 -10.723376 4.021813 0.943485 -0.588692 -0.360894 0.130715
    2 0.000000 14.313023 0.000003 -1.553540 0.000000 0.000000
    3 -0.000011 13.013483 -0.000005 -0.482810 0.033819 1.157363
    4 8.648438 7.792969 3.429688 2.222705 0.399521 -1.404265
    5 0.000000 -14.313034 0.000000 -1.556552 0.000000 0.000000
    6 -0.000004 -13.013485 -0.000004 0.538394 0.815277 0.754107
    7 -1.330879 -2.698427 0.462449 -0.194886 -0.547260 3.056712
    8 1.330910 2.698444 -0.462436 0.194890 0.547268 -0.084879
    9 7.281250 4.593750 -3.041016 -1.937331 -0.275423 3.010558
    10 10.570313 2.279297 -6.339844 -2.460934 -0.275417 3.010575
    11 1.806641 7.578125 -7.230469 -1.550988 -0.382996 1.806934
    12 1.376953 7.875000 -12.046875 -1.277176 -0.488708 1.819244
    13 4.531250 3.457031 -3.605469 -1.647836 -0.580608 1.782439
    14 5.968750 2.916016 -4.390625 -1.937333 -0.275414 3.010565
    15 7.558525 6.997282 -2.354134 -1.937336 -0.275393 3.010581
    16 7.558525 6.997282 -2.354134 1.937336 0.275393 -0.131011
    17 -2.867767 -2.740969 0.531125 2.051196 0.577049 -0.321829
    18 8.375000 1.621094 -7.535156 -1.937333 -0.275414 3.010565
    19 2.609375 2.375000 -5.878906 -1.937333 -0.275414 3.010565
    20 5.595486 4.607124 0.422674 -1.090396 0.577049 -0.321829
    21 6.233833 5.542564 0.898426 -1.090396 0.577049 -0.321829
    22 6.946648 6.587124 1.429667 -1.090396 0.577049 -0.321829
    23 7.537933 7.453606 1.870349 -1.090396 0.577049 -0.321829
    24 8.154472 8.357077 2.329839 -1.090396 0.577049 -0.321829
    25 8.874294 9.411907 2.866308 -1.090396 0.577049 -0.321829
    26 -4.125858 -2.321501 1.394414 2.051196 0.577049 -0.321829
    27 -4.826813 -3.348669 0.872014 2.051196 0.577049 -0.321829
    28 -5.441669 -4.249685 0.413772 2.051196 0.577049 -0.321829
    29 -0.552532 -1.343527 1.604446 -0.531397 0.349107 -0.535250
    30 0.552589 1.343534 -1.604463 -0.572352 0.200762 -0.519412
    31 0.000000 -2.021618 -0.000004 -0.140762 0.000000 0.000000
    32 -0.000021 2.021633 0.000027 -0.182286 0.000000 0.000000
    33 -0.000004 -1.136217 -0.000004 -0.537682 0.000000 0.000000
    34 -0.000011 1.136200 -0.000019 -0.591471 0.000000 0.000000
    35 -0.032677 -4.587727 1.352317 2.444718 1.216159 2.484986
    36 0.032719 4.587772 -1.352291 2.844703 1.216154 2.484990
    37 0.000000 -1.754536 -0.000002 0.193351 0.000000 0.000000
    38 -0.000006 1.754520 -0.000034 0.301016 0.000000 0.000000
    39 0.000000 -1.227020 -0.000002 0.955670 0.000000 0.000000
    40 0.000002 1.227070 0.000032 0.655020 0.000000 0.000000
    41 -0.367996 -4.208406 0.173244 2.475865 1.091695 2.536227
    42 0.368011 4.208412 -0.173239 2.894876 1.091697 2.536228
    43 0.000000 -2.372318 -0.000004 0.834666 0.000000 0.000000
    44 -0.000006 2.372318 -0.000032 0.737827 0.000000 0.000000
    45 0.000004 -1.580070 -0.000001 0.495055 0.000000 0.000000
    46 -0.000002 1.580170 0.000030 0.744518 0.000000 0.000000
    47 -0.937645 -3.860697 -0.959317 2.205251 0.797005 2.273736
    48 0.937672 3.860714 0.959333 2.990775 1.016697 2.713704
    49 0.000000 -1.690632 0.000000 0.848242 0.000000 0.000000
    50 -0.000013 1.690666 0.000021 0.568265 0.000000 0.000000
    51 -0.000002 -1.423443 0.000002 0.234212 0.000000 0.000000
    52 0.000008 1.423420 0.000028 0.761967 0.000000 0.000000
    53 -1.546646 -3.404194 -1.915569 2.750280 1.118484 2.534731
    54 1.546661 3.404217 1.915585 -3.076191 1.031499 2.824457
    55 0.000004 -1.437820 0.000000 0.424958 0.000000 0.000000
    56 -0.000021 1.437870 0.000031 -0.074280 0.000000 0.000000
    57 -0.000002 -1.059402 0.000000 0.322075 0.000000 0.000000
    58 0.000006 1.059372 0.000008 0.911714 0.000000 0.000000
    59 -0.000004 -13.013485 -0.000004 0.010936 -0.284121 -0.076428
    60 0.161133 -10.812500 0.023087 0.010936 -0.284121 -0.076428
  time 8
    0 0.000000 0.826660 0.000001 -1.559900 -0.000006 -0.000006
    1 -10.723376 4.021813 0.943485 -0.588600 -0.360894 0.130715
    2 0.000000 14.313023 0.000003 -1.553479 0.000000 0.000000
    3 -0.000011 13.013483 -0.000005 -0.482619 0.034102 1.157268
    4 8.648438 7.792969 3.429688 2.222705 0.399521 -1.404265
    5 0.000000 -14.313034 0.000000 -1.556552 0.000000 0.000000
    6 -0.000004 -13.013485 -0.000004 0.538394 0.815277 0.754107
    7 -1.330879 -2.698427 0.462449 -0.194886 -0.547260 3.056712
    8 1.330910 2.698444 -0.462436 0.194890 0.547268 -0.084879
    9 7.281250 4.593750 -3.041016 -1.937331 -0.275423 3.010558
    10 10.570313 2.279297 -6.339844 -2.460934 -0.275417 3.010575
    11 1.806641 7.578125 -7.230469 -1.550988 -0.382996 1.806934
    12 1.376953 7.875000 -12.046875 -1.277176 -0.488708 1.819244
    13 4.531250 3.457031 -3.605469 -1.647836 -0.580608 1.782439
    14 5.968750 2.916016 -4.390625 -1.937333 -0.275414 3.010565
    15 7.558525 6.997282 -2.354134 -1.937336 -0.275393 3.010581
    16 7.558525 6.997282 -2.354134 1.937336 0.275393 -0.131011
    17 -2.867767 -2.740969 0.531125 2.051196 0.577049 -0.321829
    18 8.375000 1.621094 -7.535156 -1.937333 -0.275414 3.010565
    19 2.609375 2.375000 -5.878906 -1.937333 -0.275414 3.010565
    20 5.595486 4.607124 0.422674 -1.090396 0.577049 -0.321829
    21 6.233833 5.542564 0.898426 -1.090396 0.577049 -0.321829
    22 6.946648 6.587124 1.429667 -1.090396 0.577049 -0.321829
    23 7.537933 7.453606 1.870349 -1.090396 0.577049 -0.321829
    24 8.154472 8.357077 2.329839 -1.090396 0.577049 -0.321829
    25 8.874294 9.411907 2.866308 -1.090396 0.577049 -0.321829
    26 -4.125858 -2.321501 1.394414 2.051196 0.577049 -0.321829
    27 -4.826813 -3.348669 0.872014 2.051196 0.577049 -0.321829
    28 -5.441669 -4.249685 0.413772 2.051196 0.577049 -0.321829
    29 -0.552532 -1.343527 1.604446 -0.531397 0.349107 -0.535250
    30 0.552589 1.343534 -1.604463 -0.572352 0.200762 -0.519412
    31 0.000000 -2.021618 -0.000004 -0.140762 0.000000 0.000000
    32 -0.000021 2.021633 0.000027 -0.182286 0.000000 0.000000
    33 -0.000004 -1.136217 -0.000004 -0.537682 0.000000 0.000000
    34 -0.000011 1.136200 -0.000019 -0.591471 0.000000 0.000000
    35 -0.032677 -4.587727 1.352317 2.444718 1.216159 2.484986
    36 0.032719 4.587772 -1.352291 2.844703 1.216154 2.484990
    37 0.000000 -1.754536 -0.000002 0.193351 0.000000 0.000000
    38 -0.000006 1.754520 -0.000034 0.301016 0.000000 0.000000
    39 0.000000 -1.227020 -0.000002 0.955670 0.000000 0.000000
    40 0.000002 1.227070 0.000032 0.655020 0.000000 0.000000
    41 -0.367996 -4.208406 0.173244 2.475865 1.091695 2.536227
    42 0.368011 4.208412 -0.173239 2.894876 1.091697 2.536228
    43 0.000000 -2.372318 -0.000004 0.834666 0.000000 0.000000
    44 -0.000006 2.372318 -0.000032 0.737827 0.000000 0.000000
    45 0.000004 -1.580070 -0.000001 0.495055 0.000000 0.000000
    46 -0.000002 1.580170 0.000030 0.744518 0.000000 0.000000
    47 -0.937645 -3.860697 -0.959317 2.205251 0.797005 2.273736
    48 0.937672 3.860714 0.959333 2.990775 1.016697 2.713704
    49 0.000000 -1.690632 0.000000 0.848242 0.000000 0.000000
    50 -0.000013 1.690666 0.000021 0.568265 0.000000 0.000000
    51 -0.000002 -1.423443 0.000002 0.234212 0.000000 0.000000
    52 0.000008 1.423420 0.000028 0.761967 0.000000 0.000000
    53 -1.546646 -3.404194 -1.915569 2.750280 1.118484 2.534731
    54 1.546661 3.404217 1.915585 -3.076191 1.031499 2.824457
    55 0.000004 -1.437820 0.000000 0.424958 0.000000 0.000000
    56 -0.000021 1.437870 0.000031 -0.074280 0.000000 0.000000
    57 -0.000002 -1.059402 0.000000 0.322075 0.000000 0.000000
    58 0.000006 1.059372 0.000008 0.911714 0.000000 0.000000
    59 -0.000004 -13.013485 -0.000004 0.010936 -0.284121 -0.076428
    60 0.161133 -10.812500 0.023087 0.010936 -0.284121 -0.076428
  time 9
    0 0.000000 0.826660 0.000001 -1.559900 -0.000006 -0.000006
    1 -10.723376 4.021813 0.943485 -0.588600 -0.360894 0.130715
    2 0.000000 14.313023 0.000003 -1.553479 0.000000 0.000000
    3 -0.000011 13.013483 -0.000005 -0.482428 0.034385 1.157268
    4 8.648438 7.792969 3.429688 2.222705 0.399521 -1.404265
    5 0.000000 -14.313034 0.000000 -1.556552 0.000000 0.000000
    6 -0.000004 -13.013485 -0.000004 0.538394 0.815277 0.754107
    7 -1.330879 -2.698427 0.462449 -0.194886 -0.547260 3.056712
    8 1.330910 2.698444 -0.462436 0.194890 0.547268 -0.084879
    9 7.281250 4.593750 -3.041016 -1.937331 -0.275423 3.010558
    10 10.570313 2.279297 -6.339844 -2.460934 -0.275417 3.010575
    11 1.806641 7.578125 -7.230469 -1.550988 -0.382996 1.806934
    12 1.376953 7.875000 -12.046875 -1.277176 -0.488708 1.819244
    13 4.531250 3.457031 -3.605469 -1.647836 -0.580608 1.782439
    14 5.968750 2.916016 -4.390625 -1.937333 -0.275414 3.010565
    15 7.558525 6.997282 -2.354134 -1.937336 -0.275393 3.010581
    16 7.558525 6.997282 -2.354134 1.937336 0.275393 -0.131011
    17 -2.867767 -2.740969 0.531125 2.051196 0.577049 -0.321829
    18 8.375000 1.621094 -7.535156 -1.937333 -0.275414 3.010565
    19 2.609375 2.375000 -5.878906 -1.937333 -0.275414 3.010565
    20 5.595486 4.607124 0.422674 -1.090396 0.577049 -0.321829
    21 6.233833 5.542564 0.898426 -1.090396 0.577049 -0.321829
    22 6.946648 6.587124 1.429667 -1.090396 0.577049 -0.321829
    23 7.537933 7.453606 1.870349 -1.090396 0.577049 -0.321829
    24 8.154472 8.357077 2.329839 -1.090396 0.577049 -0.321829
    25 8.874294 9.411907 2.866308 -1.090396 0.577049 -0.321829
    26 -4.125858 -2.321501 1.394414 2.051196 0.577049 -0.321829
    27 -4.826813 -3.348669 0.872014 2.051196 0.577049 -0.321829
    28 -5.441669 -4.249685 0.413772 2.051196 0.577049 -0.321829
    29 -0.552532 -1.343527 1.604446 -0.531397 0.349107 -0.535250
    30 0.552589 1.343534 -1.604463 -0.572352 0.200762 -0.519412
    31 0.000000 -2.021618 -0.000004 -0.140762 0.000000 0.000000
    32 -0.000021 2.021633 0.000027 -0.182286 0.000000 0.000000
    33 -0.000004 -1.136217 -0.000004 -0.537682 0.000000 0.000000
    34 -0.000011 1.136200 -0.000019 -0.591471 0.000000 0.000000
    35 -0.032677 -4.587727 1.352317 2.444718 1.216159 2.484986
    36 0.032719 4.587772 -1.352291 2.844703 1.216154 2.484990
    37 0.000000 -1.754536 -0.000002 0.193351 0.000000 0.000000
    38 -0.000006 1.754520 -0.000034 0.301016 0.000000 0.000000
    39 0.000000 -1.227020 -0.000002 0.955670 0.000000 0.000000
    40 0.000002 1.227070 0.000032 0.655020 0.000000 0.000000
    41 -0.367996 -4.208406 0.173244 2.475865 1.091695 2.536227
    42 0.368011 4.208412 -0.173239 2.894876 1.091697 2.536228
    43 0.000000 -2.372318 -0.000004 0.834666 0.000000 0.000000
    44 -0.000006 2.372318 -0.000032 0.737827 0.000000 0.000000
    45 0.000004 -1.580070 -0.000001 0.495055 0.000000 0.000000
    46 -0.000002 1.580170 0.000030 0.744518 0.000000 0.000000
    47 -0.937645 -3.860697 -0.959317 2.205251 0.797005 2.273736
    48 0.937672 3.860714 0.959333 2.990775 1.016697 2.713704
    49 0.000000 -1.690632 0.000000 0.848242 0.000000 0.000000
    50 -0.000013 1.690666 0.000021 0.568265 0.000000 0.000000
    51 -0.000002 -1.423443 0.000002 0.234212 0.000000 0.000000
    52 0.000008 1.423420 0.000028 0.761967 0.000000 0.000000
    53 -1.546646 -3.404194 -1.915569 2.750280 1.118484 2.534731
    54 1.546661 3.404217 1.915585 -3.076191 1.031499 2.824457
    55 0.000004 -1.437820 0.000000 0.424958 0.000000 0.000000
    56 -0.000021 1.437870 0.000031 -0.074280 0.000000 0.000000
    57 -0.000002 -1.059402 0.000000 0.322075 0.000000 0.000000
    58 0.000006 1.059372 0.000008 0.911714 0.000000 0.000000
    59 -0.000004 -13.013485 -0.000004 0.010936 -0.284121 -0.076428
    60 0.161133 -10.812500 0.023087 0.010936 -0.284121 -0.076428
  time 10
    0 0.000000 0.826660 0.000001 -1.559900 -0.000006 -0.000006
    1 -10.723376 4.021813 0.943485 -0.588508 -0.360894 0.130715
    2 0.000000 14.313023 0.000003 -1.553479 0.000000 0.000000
    3 -0.000011 13.013483 -0.000005 -0.482237 0.034715 1.157172
    4 8.648438 7.792969 3.429688 2.222705 0.399521 -1.404265
    5 0.000000 -14.313034 0.000000 -1.556552 0.000000 0.000000
    6 -0.000004 -13.013485 -0.000004 0.538394 0.815277 0.754107
    7 -1.330879 -2.698427 0.462449 -0.194886 -0.547260 3.056712
    8 1.330910 2.698444 -0.462436 0.194890 0.547268 -0.084879
    9 7.281250 4.593750 -3.041016 -1.937331 -0.275423 3.010558
    10 10.570313 2.279297 -6.339844 -2.460934 -0.275417 3.010575
    11 1.806641 7.578125 -7.230469 -1.550988 -0.382996 1.806934
    12 1.376953 7.875000 -12.046875 -1.277176 -0.488708 1.819244
    13 4.531250 3.457031 -3.605469 -1.647836 -0.580608 1.782439
    14 5.968750 2.916016 -4.390625 -1.937333 -0.275414 3.010565
    15 7.558525 6.997282 -2.354134 -1.937336 -0.275393 3.010581
    16 7.558525 6.997282 -2.354134 1.937336 0.275393 -0.131011
    17 -2.867767 -2.740969 0.531125 2.051196 0.577049 -0.321829
    18 8.375000 1.621094 -7.535156 -1.937333 -0.275414 3.010565
    19 2.609375 2.375000 -5.878906 -1.937333 -0.275414 3.010565
    20 5.595486 4.607124 0.422674 -1.090396 0.577049 -0.321829
    21 6.233833 5.542564 0.898426 -1.090396 0.577049 -0.321829
    22 6.946648 6.587124 1.429667 -1.090396 0.577049 -0.321829
    23 7.537933 7.453606 1.870349 -1.090396 0.577049 -0.321829
    24 8.154472 8.357077 2.329839 -1.090396 0.577049 -0.321829
    25 8.874294 9.411907 2.866308 -1.090396 0.577049 -0.321829
    26 -4.125858 -2.321501 1.394414 2.051196 0.577049 -0.321829
    27 -4.826813 -3.348669 0.872014 2.051196 0.577049 -0.321829
    28 -5.441669 -4.249685 0.413772 2.051196 0.577049 -0.321829
    29 -0.552532 -1.343527 1.604446 -0.531397 0.349107 -0.535250
    30 0.552589 1.343534 -1.604463 -0.572352 0.200762 -0.519412
    31 0.000000 -2.021618 -0.000004 -0.140762 0.000000 0.000000
    32 -0.000021 2.021633 0.000027 -0.182286 0.000000 0.000000
    33 -0.000004 -1.136217 -0.000004 -0.537682 0.000000 0.000000
    34 -0.000011 1.136200 -0.000019 -0.591471 0.000000 0.000000
    35 -0.032677 -4.587727 1.352317 2.444718 1.216159 2.484986
    36 0.032719 4.587772 -1.352291 2.844703 1.216154 2.484990
    37 0.000000 -1.754536 -0.000002 0.193351 0.000000 0.000000
    38 -0.000006 1.754520 -0.000034 0.301016 0.000000 0.000000
    39 0.000000 -1.227020 -0.000002 0.955670 0.000000 0.000000
    40 0.000002 1.227070 0.000032 0.655020 0.000000 0.000000
    41 -0.367996 -4.208406 0.173244 2.475865 1.091695 2.536227
    42 0.368011 4.208412 -0.173239 2.894876 1.091697 2.536228
    43 0.000000 -2.372318 -0.000004 0.834666 0.000000 0.000000
    44 -0.000006 2.372318 -0.000032 0.737827 0.000000 0.000000
    45 0.000004 -1.580070 -0.000001 0.495055 0.000000 0.000000
    46 -0.000002 1.580170 0.000030 0.744518 0.000000 0.000000
    47 -0.937645 -3.860697 -0.959317 2.205251 0.797005 2.273736
    48 0.937672 3.860714 0.959333 2.990775 1.016697 2.713704
    49 0.000000 -1.690632 0.000000 0.848242 0.000000 0.000000
    50 -0.000013 1.690666 0.000021 0.568265 0.000000 0.000000
    51 -0.000002 -1.423443 0.000002 0.234212 0.000000 0.000000
    52 0.000008 1.423420 0.000028 0.761967 0.000000 0.000000
    53 -1.546646 -3.404194 -1.915569 2.750280 1.118484 2.534731
    54 1.546661 3.404217 1.915585 -3.076191 1.031499 2.824457
    55 0.000004 -1.437820 0.000000 0.424958 0.000000 0.000000
    56 -0.000021 1.437870 0.000031 -0.074280 0.000000 0.000000
    57 -0.000002 -1.059402 0.000000 0.322075 0.000000 0.000000
    58 0.000006 1.059372 0.000008 0.911714 0.000000 0.000000
    59 -0.000004 -13.013485 -0.000004 0.010936 -0.284121 -0.076428
    60 0.161133 -10.812500 0.023087 0.010936 -0.284121 -0.076428
  time 11
    0 0.000000 0.826660 0.000001 -1.559900 -0.000006 -0.000006
    1 -10.723376 4.021813 0.943485 -0.588416 -0.360894 0.130639
    2 0.000000 14.313023 0.000003 -1.553479 0.000000 0.000000
    3 -0.000011 13.013483 -0.000005 -0.482141 0.034998 1.157172
    4 8.648438 7.792969 3.429688 2.222705 0.399521 -1.404265
    5 0.000000 -14.313034 0.000000 -1.556552 0.000000 0.000000
    6 -0.000004 -13.013485 -0.000004 0.538394 0.815277 0.754107
    7 -1.330879 -2.698427 0.462449 -0.194886 -0.547260 3.056712
    8 1.330910 2.698444 -0.462436 0.194890 0.547268 -0.084879
    9 7.281250 4.593750 -3.041016 -1.937331 -0.275423 3.010558
    10 10.570313 2.279297 -6.339844 -2.460934 -0.275417 3.010575
    11 1.806641 7.578125 -7.230469 -1.550988 -0.382996 1.806934
    12 1.376953 7.875000 -12.046875 -1.277176 -0.488708 1.819244
    13 4.531250 3.457031 -3.605469 -1.647836 -0.580608 1.782439
    14 5.968750 2.916016 -4.390625 -1.937333 -0.275414 3.010565
    15 7.558525 6.997282 -2.354134 -1.937336 -0.275393 3.010581
    16 7.558525 6.997282 -2.354134 1.937336 0.275393 -0.131011
    17 -2.867767 -2.740969 0.531125 2.051196 0.577049 -0.321829
    18 8.375000 1.621094 -7.535156 -1.937333 -0.275414 3.010565
    19 2.609375 2.375000 -5.878906 -1.937333 -0.275414 3.010565
    20 5.595486 4.607124 0.422674 -1.090396 0.577049 -0.321829
    21 6.233833 5.542564 0.898426 -1.090396 0.577049 -0.321829
    22 6.946648 6.587124 1.429667 -1.090396 0.577049 -0.321829
    23 7.537933 7.453606 1.870349 -1.090396 0.577049 -0.321829
    24 8.154472 8.357077 2.329839 -1.090396 0.577049 -0.321829
    25 8.874294 9.411907 2.866308 -1.090396 0.577049 -0.321829
    26 -4.125858 -2.321501 1.394414 2.051196 0.577049 -0.321829
    27 -4.826813 -3.348669 0.872014 2.051196 0.577049 -0.321829
    28 -5.441669 -4.249685 0.413772 2.051196 0.577049 -0.321829
    29 -0.552532 -1.343527 1.604446 -0.531397 0.349107 -0.535250
    30 0.552589 1.343534 -1.604463 -0.572352 0.200762 -0.519412
    31 0.000000 -2.021618 -0.000004 -0.140762 0.000000 0.000000
    32 -0.000021 2.021633 0.000027 -0.182286 0.000000 0.000000
    33 -0.000004 -1.136217 -0.000004 -0.537682 0.000000 0.000000
    34 -0.000011 1.136200 -0.000019 -0.591471 0.000000 0.000000
    35 -0.032677 -4.587727 1.352317 2.444718 1.216159 2.484986
    36 0.032719 4.587772 -1.352291 2.844703 1.216154 2.484990
    37 0.000000 -1.754536 -0.000002 0.193351 0.000000 0.000000
    38 -0.000006 1.754520 -0.000034 0.301016 0.000000 0.000000
    39 0.000000 -1.227020 -0.000002 0.955670 0.000000 0.000000
    40 0.000002 1.227070 0.000032 0.655020 0.000000 0.000000
    41 -0.367996 -4.208406 0.173244 2.475865 1.091695 2.536227
    42 0.368011 4.208412 -0.173239 2.894876 1.091697 2.536228
    43 0.000000 -2.372318 -0.000004 0.834666 0.000000 0.000000
    44 -0.000006 2.372318 -0.000032 0.737827 0.000000 0.000000
    45 0.000004 -1.580070 -0.000001 0.495055 0.000000 0.000000
    46 -0.000002 1.580170 0.000030 0.744518 0.000000 0.000000
    47 -0.937645 -3.860697 -0.959317 2.205251 0.797005 2.273736
    48 0.937672 3.860714 0.959333 2.990775 1.016697 2.713704
    49 0.000000 -1.690632 0.000000 0.848242 0.000000 0.000000
    50 -0.000013 1.690666 0.000021 0.568265 0.000000 0.000000
    51 -0.000002 -1.423443 0.000002 0.234212 0.000000 0.000000
    52 0.000008 1.423420 0.000028 0.761967 0.000000 0.000000
    53 -1.546646 -3.404194 -1.915569 2.750280 1.118484 2.534731
    54 1.546661 3.404217 1.915585 -3.076191 1.031499 2.824457
    55 0.000004 -1.437820 0.000000 0.424958 0.000000 0.000000
    56 -0.000021 1.437870 0.000031 -0.074280 0.000000 0.000000
    57 -0.000002 -1.059402 0.000000 0.322075 0.000000 0.000000
    58 0.000006 1.059372 0.000008 0.911714 0.000000 0.000000
    59 -0.000004 -13.013485 -0.000004 0.010936 -0.284121 -0.076428
    60 0.161133 -10.812500 0.023087 0.010936 -0.284121 -0.076428
  time 12
    0 0.000000 0.826660 0.000001 -1.559900 -0.000006 -0.000006
    1 -10.723376 4.021813 0.943485 -0.588324 -0.360941 0.130639
    2 0.000000 14.313023 0.000003 -1.553540 0.000000 0.000000
    3 -0.000011 13.013483 -0.000005 -0.481950 0.035328 1.157172
    4 8.648438 7.792969 3.429688 2.222705 0.399521 -1.404265
    5 0.000000 -14.313034 0.000000 -1.556552 0.000000 0.000000
    6 -0.000004 -13.013485 -0.000004 0.538394 0.815277 0.754107
    7 -1.330879 -2.698427 0.462449 -0.194886 -0.547260 3.056712
    8 1.330910 2.698444 -0.462436 0.194890 0.547268 -0.084879
    9 7.281250 4.593750 -3.041016 -1.937331 -0.275423 3.010558
    10 10.570313 2.279297 -6.339844 -2.460934 -0.275417 3.010575
    11 1.806641 7.578125 -7.230469 -1.550988 -0.382996 1.806934
    12 1.376953 7.875000 -12.046875 -1.277176 -0.488708 1.819244
    13 4.531250 3.457031 -3.605469 -1.647836 -0.580608 1.782439
    14 5.968750 2.916016 -4.390625 -1.937333 -0.275414 3.010565
    15 7.558525 6.997282 -2.354134 -1.937336 -0.275393 3.010581
    16 7.558525 6.997282 -2.354134 1.937336 0.275393 -0.131011
    17 -2.867767 -2.740969 0.531125 2.051196 0.577049 -0.321829
    18 8.375000 1.621094 -7.535156 -1.937333 -0.275414 3.010565
    19 2.609375 2.375000 -5.878906 -1.937333 -0.275414 3.010565
    20 5.595486 4.607124 0.422674 -1.090396 0.577049 -0.321829
    21 6.233833 5.542564 0.898426 -1.090396 0.577049 -0.321829
    22 6.946648 6.587124 1.429667 -1.090396 0.577049 -0.321829
    23 7.537933 7.453606 1.870349 -1.090396 0.577049 -0.321829
    24 8.154472 8.357077 2.329839 -1.090396 0.577049 -0.321829
    25 8.874294 9.411907 2.866308 -1.090396 0.577049 -0.321829
    26 -4.125858 -2.321501 1.394414 2.051196 0.577049 -0.321829
    27 -4.826813 -3.348669 0.872014 2.051196 0.577049 -0.321829
    28 -5.441669 -4.249685 0.413772 2.051196 0.577049 -0.321829
    29 -0.552532 -1.343527 1.604446 -0.531397 0.349107 -0.535250
    30 0.552589 1.343534 -1.604463 -0.572352 0.200762 -0.519412
    31 0.000000 -2.021618 -0.000004 -0.140762 0.000000 0.000000
    32 -0.000021 2.021633 0.000027 -0.182286 0.000000 0.000000
    33 -0.000004 -1.136217 -0.000004 -0.537682 0.000000 0.000000
    34 -0.000011 1.136200 -0.000019 -0.591471 0.000000 0.000000
    35 -0.032677 -4.587727 1.352317 2.444718 1.216159 2.484986
    36 0.032719 4.587772 -1.352291 2.844703 1.216154 2.484990
    37 0.000000 -1.754536 -0.000002 0.193351 0.000000 0.000000
    38 -0.000006 1.754520 -0.000034 0.301016 0.000000 0.000000
    39 0.000000 -1.227020 -0.000002 0.955670 0.000000 0.000000
    40 0.000002 1.227070 0.000032 0.655020 0.000000 0.000000
    41 -0.367996 -4.208406 0.173244 2.475865 1.091695 2.536227
    42 0.368011 4.208412 -0.173239 2.894876 1.091697 2.536228
    43 0.000000 -2.372318 -0.000004 0.834666 0.000000 0.000000
    44 -0.000006 2.372318 -0.000032 0.737827 0.000000 0.000000
    45 0.000004 -1.580070 -0.000001 0.495055 0.000000 0.000000
    46 -0.000002 1.580170 0.000030 0.744518 0.000000 0.000000
    47 -0.937645 -3.860697 -0.959317 2.205251 0.797005 2.273736
    48 0.937672 3.860714 0.959333 2.990775 1.016697 2.713704
    49 0.000000 -1.690632 0.000000 0.848242 0.000000 0.000000
    50 -0.000013 1.690666 0.000021 0.568265 0.000000 0.000000
    51 -0.000002 -1.423443 0.000002 0.234212 0.000000 0.000000
    52 0.000008 1.423420 0.000028 0.761967 0.000000 0.000000
    53 -1.546646 -3.404194 -1.915569 2.750280 1.118484 2.534731
    54 1.546661 3.404217 1.915585 -3.076191 1.031499 2.824457
    55 0.000004 -1.437820 0.000000 0.424958 0.000000 0.000000
    56 -0.000021 1.437870 0.000031 -0.074280 0.000000 0.000000
    57 -0.000002 -1.059402 0.000000 0.322075 0.000000 0.000000
    58 0.000006 1.059372 0.000008 0.911714 0.000000 0.000000
    59 -0.000004 -13.013485 -0.000004 0.010936 -0.284121 -0.076428
    60 0.161133 -10.812500 0.023087 0.010936 -0.284121 -0.076428
  time 13
    0 0.000000 0.826660 0.000001 -1.559900 -0.000006 -0.000006
    1 -10.723376 4.021813 0.943485 -0.588047 -0.360989 0.130639
    2 0.000000 14.313023 0.000003 -1.553601 0.000000 0.000000
    3 -0.000011 13.013483 -0.000005 -0.481759 0.035611 1.157172
    4 8.648438 7.792969 3.429688 2.222705 0.399521 -1.404265
    5 0.000000 -14.313034 0.000000 -1.556552 0.000000 0.000000
    6 -0.000004 -13.013485 -0.000004 0.538394 0.815277 0.754107
    7 -1.330879 -2.698427 0.462449 -0.194886 -0.547260 3.056712
    8 1.330910 2.698444 -0.462436 0.194890 0.547268 -0.084879
    9 7.281250 4.593750 -3.041016 -1.937331 -0.275423 3.010558
    10 10.570313 2.279297 -6.339844 -2.460934 -0.275417 3.010575
    11 1.806641 7.578125 -7.230469 -1.550988 -0.382996 1.806934
    12 1.376953 7.875000 -12.046875 -1.277176 -0.488708 1.819244
    13 4.531250 3.457031 -3.605469 -1.647836 -0.580608 1.782439
    14 5.968750 2.916016 -4.390625 -1.937333 -0.275414 3.010565
    15 7.558525 6.997282 -2.354134 -1.937336 -0.275393 3.010581
    16 7.558525 6.997282 -2.354134 1.937336 0.275393 -0.131011
    17 -2.867767 -2.740969 0.531125 2.051196 0.577049 -0.321829
    18 8.375000 1.621094 -7.535156 -1.937333 -0.275414 3.010565
    19 2.609375 2.375000 -5.878906 -1.937333 -0.275414 3.010565
    20 5.595486 4.607124 0.422674 -1.090396 0.577049 -0.321829
    21 6.233833 5.542564 0.898426 -1.090396 0.577049 -0.321829
    22 6.946648 6.587124 1.429667 -1.090396 0.577049 -0.321829
    23 7.537933 7.453606 1.870349 -1.090396 0.577049 -0.321829
    24 8.154472 8.357077 2.329839 -1.090396 0.577049 -0.321829
    25 8.874294 9.411907 2.866308 -1.090396 0.577049 -0.321829
    26 -4.125858 -2.321501 1.394414 2.051196 0.577049 -0.321829
    27 -4.826813 -3.348669 0.872014 2.051196 0.577049 -0.321829
    28 -5.441669 -4.249685 0.413772 2.051196 0.577049 -0.321829
    29 -0.552532 -1.343527 1.604446 -0.531397 0.349107 -0.535250
    30 0.552589 1.343534 -1.604463 -0.572352 0.200762 -0.519412
    31 0.000000 -2.021618 -0.000004 -0.140762 0.000000 0.000000
    32 -0.000021 2.021633 0.000027 -0.182286 0.000000 0.000000
    33 -0.000004 -1.136217 -0.000004 -0.537682 0.000000 0.000000
    34 -0.000011 1.136200 -0.000019 -0.591471 0.000000 0.000000
    35 -0.032677 -4.587727 1.352317 2.444718 1.216159 2.484986
    36 0.032719 4.587772 -1.352291 2.844703 1.216154 2.484990
    37 0.000000 -1.754536 -0.000002 0.193351 0.000000 0.000000
    38 -0.000006 1.754520 -0.000034 0.301016 0.000000 0.000000
    39 0.000000 -1.227020 -0.000002 0.955670 0.000000 0.000000
    40 0.000002 1.227070 0.000032 0.655020 0.000000 0.000000
    41 -0.367996 -4.208406 0.173244 2.475865 1.091695 2.536227
    42 0.368011 4.208412 -0.173239 2.894876 1.091697 2.536228
    43 0.000000 -2.372318 -0.000004 0.834666 0.000000 0.000000
    44 -0.000006 2.372318 -0.000032 0.737827 0.000000 0.000000
    45 0.000004 -1.580070 -0.000001 0.495055 0.000000 0.000000
    46 -0.000002 1.580170 0.000030 0.744518 0.000000 0.000000
    47 -0.937645 -3.860697 -0.959317 2.205251 0.797005 2.273736
    48 0.937672 3.860714 0.959333 2.990775 1.016697 2.713704
    49 0.000000 -1.690632 0.000000 0.848242 0.000000 0.000000
    50 -0.000013 1.690666 0.000021 0.568265 0.000000 0.000000
    51 -0.000002 -1.423443 0.000002 0.234212 0.000000 0.000000
    52 0.000008 1.423420 0.000028 0.761967 0.000000 0.000000
    53 -1.546646 -3.404194 -1.915569 2.750280 1.118484 2.534731
    54 1.546661 3.404217 1.915585 -3.076191 1.031499 2.824457
    55 0.000004 -1.437820 0.000000 0.424958 0.000000 0.000000
    56 -0.000021 1.437870 0.000031 -0.074280 0.000000 0.000000
    57 -0.000002 -1.059402 0.000000 0.322075 0.000000 0.000000
    58 0.000006 1.059372 0.000008 0.911714 0.000000 0.000000
    59 -0.000004 -13.013485 -0.000004 0.010936 -0.284121 -0.076428
    60 0.161133 -10.812500 0.023087 0.010936 -0.284121 -0.076428
  time 14
    0 0.000000 0.826660 0.000001 -1.559900 -0.000006 -0.000006
    1 -10.723376 4.021813 0.943485 -0.587955 -0.361037 0.130563
    2 0.000000 14.313023 0.000003 -1.553723 0.000000 0.000000
    3 -0.000011 13.013483 -0.000005 -0.481568 0.035941 1.157172
    4 8.648438 7.792969 3.429688 2.222705 0.399521 -1.404265
    5 0.000000 -14.313034 0.000000 -1.556552 0.000000 0.000000
    6 -0.000004 -13.013485 -0.000004 0.538394 0.815277 0.754107
    7 -1.330879 -2.698427 0.462449 -0.194886 -0.547260 3.056712
    8 1.330910 2.698444 -0.462436 0.194890 0.547268 -0.084879
    9 7.281250 4.593750 -3.041016 -1.937331 -0.275423 3.010558
    10 10.570313 2.279297 -6.339844 -2.460934 -0.275417 3.010575
    11 1.806641 7.578125 -7.230469 -1.550988 -0.382996 1.806934
    12 1.376953 7.875000 -12.046875 -1.277176 -0.488708 1.819244
    13 4.531250 3.457031 -3.605469 -1.647836 -0.580608 1.782439
    14 5.968750 2.916016 -4.390625 -1.937333 -0.275414 3.010565
    15 7.558525 6.997282 -2.354134 -1.937336 -0.275393 3.010581
    16 7.558525 6.997282 -2.354134 1.937336 0.275393 -0.131011
    17 -2.867767 -2.740969 0.531125 2.051196 0.577049 -0.321829
    18 8.375000 1.621094 -7.535156 -1.937333 -0.275414 3.010565
    19 2.609375 2.375000 -5.878906 -1.937333 -0.275414 3.010565
    20 5.595486 4.607124 0.422674 -1.090396 0.577049 -0.321829
    21 6.233833 5.542564 0.898426 -1.090396 0.577049 -0.321829
    22 6.946648 6.587124 1.429667 -1.090396 0.577049 -0.321829
    23 7.537933 7.453606 1.870349 -1.090396 0.577049 -0.321829
    24 8.154472 8.357077 2.329839 -1.090396 0.577049 -0.321829
    25 8.874294 9.411907 2.866308 -1.090396 0.577049 -0.321829
    26 -4.125858 -2.321501 1.394414 2.051196 0.577049 -0.321829
    27 -4.826813 -3.348669 0.872014 2.051196 0.577049 -0.321829
    28 -5.441669 -4.249685 0.413772 2.051196 0.577049 -0.321829
    29 -0.552532 -1.343527 1.604446 -0.531397 0.349107 -0.535250
    30 0.552589 1.343534 -1.604463 -0.572352 0.200762 -0.519412
    31 0.000000 -2.021618 -0.000004 -0.140762 0.000000 0.000000
    32 -0.000021 2.021633 0.000027 -0.182286 0.000000 0.000000
    33 -0.000004 -1.136217 -0.000004 -0.537682 0.000000 0.000000
    34 -0.000011 1.136200 -0.000019 -0.591471 0.000000 0.000000
    35 -0.032677 -4.587727 1.352317 2.444718 1.216159 2.484986
    36 0.032719 4.587772 -1.352291 2.844703 1.216154 2.484990
    37 0.000000 -1.754536 -0.000002 0.193351 0.000000 0.000000
    38 -0.000006 1.754520 -0.000034 0.301016 0.000000 0.000000
    39 0.000000 -1.227020 -0.000002 0.955670 0.000000 0.000000
    40 0.000002 1.227070 0.000032 0.655020 0.000000 0.000000
    41 -0.367996 -4.208406 0.173244 2.475865 1.091695 2.536227
    42 0.368011 4.208412 -0.173239 2.894876 1.091697 2.536228
    43 0.000000 -2.372318 -0.000004 0.834666 0.000000 0.000000
    44 -0.000006 2.372318 -0.000032 0.737827 0.000000 0.000000
    45 0.000004 -1.580070 -0.000001 0.495055 0.000000 0.000000
    46 -0.000002 1.580170 0.000030 0.744518 0.000000 0.000000
    47 -0.937645 -3.860697 -0.959317 2.205251 0.797005 2.273736
    48 0.937672 3.860714 0.959333 2.990775 1.016697 2.713704
    49 0.000000 -1.690632 0.000000 0.848242 0.000000 0.000000
    50 -0.000013 1.690666 0.000021 0.568265 0.000000 0.000000
    51 -0.000002 -1.423443 0.000002 0.234212 0.000000 0.000000
    52 0.000008 1.423420 0.000028 0.761967 0.000000 0.000000
    53 -1.546646 -3.404194 -1.915569 2.750280 1.118484 2.534731
    54 1.546661 3.404217 1.915585 -3.076191 1.031499 2.824457
    55 0.000004 -1.437820 0.000000 0.424958 0.000000 0.000000
    56 -0.000021 1.437870 0.000031 -0.074280 0.000000 0.000000
    57 -0.000002 -1.059402 0.000000 0.322075 0.000000 0.000000
    58 0.000006 1.059372 0.000008 0.911714 0.000000 0.000000
    59 -0.000004 -13.013485 -0.000004 0.010936 -0.284121 -0.076428
    60 0.161133 -10.812500 0.023087 0.010936 -0.284121 -0.076428
  time 15
    0 0.000000 0.826660 0.000001 -1.559900 -0.000006 -0.000006
    1 -10.723376 4.021813 0.943485 -0.587771 -0.361132 0.130486
    2 0.000000 14.313023 0.000003 -1.553784 0.000000 0.000000
    3 -0.000011 13.013483 -0.000005 -0.481377 0.036224 1.157172
    4 8.648438 7.792969 3.429688 2.222705 0.399521 -1.404265
    5 0.000000 -14.313034 0.000000 -1.556552 0.000000 0.000000
    6 -0.000004 -13.013485 -0.000004 0.538394 0.815277 0.754107
    7 -1.330879 -2.698427 0.462449 -0.194886 -0.547260 3.056712
    8 1.330910 2.698444 -0.462436 0.194890 0.547268 -0.084879
    9 7.281250 4.593750 -3.041016 -1.937331 -0.275423 3.010558
    10 10.570313 2.279297 -6.339844 -2.460934 -0.275417 3.010575
    11 1.806641 7.578125 -7.230469 -1.550988 -0.382996 1.806934
    12 1.376953 7.875000 -12.046875 -1.277176 -0.488708 1.819244
    13 4.531250 3.457031 -3.605469 -1.647836 -0.580608 1.782439
    14 5.968750 2.916016 -4.390625 -1.937333 -0.275414 3.010565
    15 7.558525 6.997282 -2.354134 -1.937336 -0.275393 3.010581
    16 7.558525 6.997282 -2.354134 1.937336 0.275393 -0.131011
    17 -2.867767 -2.740969 0.531125 2.051196 0.577049 -0.321829
    18 8.375000 1.621094 -7.535156 -1.937333 -0.275414 3.010565
    19 2.609375 2.375000 -5.878906 -1.937333 -0.275414 3.010565
    20 5.595486 4.607124 0.422674 -1.090396 0.577049 -0.321829
    21 6.233833 5.542564 0.898426 -1.090396 0.577049 -0.321829
    22 6.946648 6.587124 1.429667 -1.090396 0.577049 -0.321829
    23 7.537933 7.453606 1.870349 -1.090396 0.577049 -0.321829
    24 8.154472 8.357077 2.329839 -1.090396 0.577049 -0.321829
    25 8.874294 9.411907 2.866308 -1.090396 0.577049 -0.321829
    26 -4.125858 -2.321501 1.394414 2.051196 0.577049 -0.321829
    27 -4.826813 -3.348669 0.872014 2.051196 0.577049 -0.321829
    28 -5.441669 -4.249685 0.413772 2.051196 0.577049 -0.321829
    29 -0.552532 -1.343527 1.604446 -0.531397 0.349107 -0.535250
    30 0.552589 1.343534 -1.604463 -0.572352 0.200762 -0.519412
    31 0.000000 -2.021618 -0.000004 -0.140762 0.000000 0.000000
    32 -0.000021 2.021633 0.000027 -0.182286 0.000000 0.000000
    33 -0.000004 -1.136217 -0.000004 -0.537682 0.000000 0.000000
    34 -0.000011 1.136200 -0.000019 -0.591471 0.000000 0.000000
    35 -0.032677 -4.587727 1.352317 2.444718 1.216159 2.484986
    36 0.032719 4.587772 -1.352291 2.844703 1.216154 2.484990
    37 0.000000 -1.754536 -0.000002 0.193351 0.000000 0.000000
    38 -0.000006 1.754520 -0.000034 0.301016 0.000000 0.000000
    39 0.000000 -1.227020 -0.000002 0.955670 0.000000 0.000000
    40 0.000002 1.227070 0.000032 0.655020 0.000000 0.000000
    41 -0.367996 -4.208406 0.173244 2.475865 1.091695 2.536227
    42 0.368011 4.208412 -0.173239 2.894876 1.091697 2.536228
    43 0.000000 -2.372318 -0.000004 0.834666 0.000000 0.000000
    44 -0.000006 2.372318 -0.000032 0.737827 0.000000 0.000000
    45 0.000004 -1.580070 -0.000001 0.495055 0.000000 0.000000
    46 -0.000002 1.580170 0.000030 0.744518 0.000000 0.000000
    47 -0.937645 -3.860697 -0.959317 2.205251 0.797005 2.273736
    48 0.937672 3.860714 0.959333 2.990775 1.016697 2.713704
    49 0.000000 -1.690632 0.000000 0.848242 0.000000 0.000000
    50 -0.000013 1.690666 0.000021 0.568265 0.000000 0.000000
    51 -0.000002 -1.423443 0.000002 0.234212 0.000000 0.000000
    52 0.000008 1.423420 0.000028 0.761967 0.000000 0.000000
    53 -1.546646 -3.404194 -1.915569 2.750280 1.118484 2.534731
    54 1.546661 3.404217 1.915585 -3.076191 1.031499 2.824457
    55 0.000004 -1.437820 0.000000 0.424958 0.000000 0.000000
    56 -0.000021 1.437870 0.000031 -0.074280 0.000000 0.000000
    57 -0.000002 -1.059402 0.000000 0.322075 0.000000 0.000000
    58 0.000006 1.059372 0.000008 0.911714 0.000000 0.000000
    59 -0.000004 -13.013485 -0.000004 0.010936 -0.284121 -0.076428
    60 0.161133 -10.812500 0.023087 0.010936 -0.284121 -0.076428
  time 16
    0 0.000000 0.826660 0.000001 -1.559900 -0.000006 -0.000006
    1 -10.723376 4.021813 0.943485 -0.587402 -0.361227 0.130410
    2 0.000000 14.313023 0.000003 -1.554028 0.000000 0.000000
    3 -0.000011 13.013483 -0.000005 -0.481186 0.036507 1.157172
    4 8.648438 7.792969 3.429688 2.222705 0.399521 -1.404265
    5 0.000000 -14.313034 0.000000 -1.556552 0.000000 0.000000
    6 -0.000004 -13.013485 -0.000004 0.538394 0.815277 0.754107
    7 -1.330879 -2.698427 0.462449 -0.194886 -0.547260 3.056712
    8 1.330910 2.698444 -0.462436 0.194890 0.547268 -0.084879
    9 7.281250 4.593750 -3.041016 -1.937331 -0.275423 3.010558
    10 10.570313 2.279297 -6.339844 -2.460934 -0.275417 3.010575
    11 1.806641 7.578125 -7.230469 -1.550988 -0.382996 1.806934
    12 1.376953 7.875000 -12.046875 -1.277176 -0.488708 1.819244
    13 4.531250 3.457031 -3.605469 -1.647836 -0.580608 1.782439
    14 5.968750 2.916016 -4.390625 -1.937333 -0.275414 3.010565
    15 7.558525 6.997282 -2.354134 -1.937336 -0.275393 3.010581
    16 7.558525 6.997282 -2.354134 1.937336 0.275393 -0.131011
    17 -2.867767 -2.740969 0.531125 2.051196 0.577049 -0.321829
    18 8.375000 1.621094 -7.535156 -1.937333 -0.275414 3.010565
    19 2.609375 2.375000 -5.878906 -1.937333 -0.275414 3.010565
    20 5.595486 4.607124 0.422674 -1.090396 0.577049 -0.321829
    21 6.233833 5.542564 0.898426 -1.090396 0.577049 -0.321829
    22 6.946648 6.587124 1.429667 -1.090396 0.577049 -0.321829
    23 7.537933 7.453606 1.870349 -1.090396 0.577049 -0.321829
    24 8.154472 8.357077 2.329839 -1.090396 0.577049 -0.321829
    25 8.874294 9.411907 2.866308 -1.090396 0.577049 -0.321829
    26 -4.125858 -2.321501 1.394414 2.051196 0.577049 -0.321829
    27 -4.826813 -3.348669 0.872014 2.051196 0.577049 -0.321829
    28 -5.441669 -4.249685 0.413772 2.051196 0.577049 -0.321829
    29 -0.552532 -1.343527 1.604446 -0.531397 0.349107 -0.535250
    30 0.552589 1.343534 -1.604463 -0.572352 0.200762 -0.519412
    31 0.000000 -2.021618 -0.000004 -0.140762 0.000000 0.000000
    32 -0.000021 2.021633 0.000027 -0.182286 0.000000 0.000000
    33 -0.000004 -1.136217 -0.000004 -0.537682 0.000000 0.000000
    34 -0.000011 1.136200 -0.000019 -0.591471 0.000000 0.000000
    35 -0.032677 -4.587727 1.352317 2.444718 1.216159 2.484986
    36 0.032719 4.587772 -1.352291 2.844703 1.216154 2.484990
    37 0.000000 -1.754536 -0.000002 0.193351 0.000000 0.000000
    38 -0.000006 1.754520 -0.000034 0.301016 0.000000 0.000000
    39 0.000000 -1.227020 -0.000002 0.955670 0.000000 0.000000
    40 0.000002 1.227070 0.000032 0.655020 0.000000 0.000000
    41 -0.367996 -4.208406 0.173244 2.475865 1.091695 2.536227
    42 0.368011 4.208412 -0.173239 2.894876 1.091697 2.536228
    43 0.000000 -2.372318 -0.000004 0.834666 0.000000 0.000000
    44 -0.000006 2.372318 -0.000032 0.737827 0.000000 0.000000
    45 0.000004 -1.580070 -0.000001 0.495055 0.000000 0.000000
    46 -0.000002 1.580170 0.000030 0.744518 0.000000 0.000000
    47 -0.937645 -3.860697 -0.959317 2.205251 0.797005 2.273736
    48 0.937672 3.860714 0.959333 2.990775 1.016697 2.713704
    49 0.000000 -1.690632 0.000000 0.848242 0.000000 0.000000
    50 -0.000013 1.690666 0.000021 0.568265 0.000000 0.000000
    51 -0.000002 -1.423443 0.000002 0.234212 0.000000 0.000000
    52 0.000008 1.423420 0.000028 0.761967 0.000000 0.000000
    53 -1.546646 -3.404194 -1.915569 2.750280 1.118484 2.534731
    54 1.546661 3.404217 1.915585 -3.076191 1.031499 2.824457
    55 0.000004 -1.437820 0.000000 0.424958 0.000000 0.000000
    56 -0.000021 1.437870 0.000031 -0.074280 0.000000 0.000000
    57 -0.000002 -1.059402 0.000000 0.322075 0.000000 0.000000
    58 0.000006 1.059372 0.000008 0.911714 0.000000 0.000000
    59 -0.000004 -13.013485 -0.000004 0.010936 -0.284121 -0.076428
    60 0.161133 -10.812500 0.023087 0.010936 -0.284121 -0.076428
  time 17
    0 0.000000 0.826660 0.000001 -1.559900 -0.000006 -0.000006
    1 -10.723376 4.021813 0.943485 -0.587218 -0.361323 0.130333
    2 0.000000 14.313023 0.000003 -1.554273 0.000000 0.000000
    3 -0.000011 13.013483 -0.000005 -0.481090 0.036743 1.157268
    4 8.648438 7.792969 3.429688 2.222705 0.399521 -1.404265
    5 0.000000 -14.313034 0.000000 -1.556552 0.000000 0.000000
    6 -0.000004 -13.013485 -0.000004 0.538394 0.815277 0.754107
    7 -1.330879 -2.698427 0.462449 -0.194886 -0.547260 3.056712
    8 1.330910 2.698444 -0.462436 0.194890 0.547268 -0.084879
    9 7.281250 4.593750 -3.041016 -1.937331 -0.275423 3.010558
    10 10.570313 2.279297 -6.339844 -2.460934 -0.275417 3.010575
    11 1.806641 7.578125 -7.230469 -1.550988 -0.382996 1.806934
    12 1.376953 7.875000 -12.046875 -1.277176 -0.488708 1.819244
    13 4.531250 3.457031 -3.605469 -1.647836 -0.580608 1.782439
    14 5.968750 2.916016 -4.390625 -1.937333 -0.275414 3.010565
    15 7.558525 6.997282 -2.354134 -1.937336 -0.275393 3.010581
    16 7.558525 6.997282 -2.354134 1.937336 0.275393 -0.131011
    17 -2.867767 -2.740969 0.531125 2.051196 0.577049 -0.321829
    18 8.375000 1.621094 -7.535156 -1.937333 -0.275414 3.010565
    19 2.609375 2.375000 -5.878906 -1.937333 -0.275414 3.010565
    20 5.595486 4.607124 0.422674 -1.090396 0.577049 -0.321829
    21 6.233833 5.542564 0.898426 -1.090396 0.577049 -0.321829
    22 6.946648 6.587124 1.429667 -1.090396 0.577049 -0.321829
    23 7.537933 7.453606 1.870349 -1.090396 0.577049 -0.321829
    24 8.154472 8.357077 2.329839 -1.090396 0.577049 -0.321829
    25 8.874294 9.411907 2.866308 -1.090396 0.577049 -0.321829
    26 -4.125858 -2.321501 1.394414 2.051196 0.577049 -0.321829
    27 -4.826813 -3.348669 0.872014 2.051196 0.577049 -0.321829
    28 -5.441669 -4.249685 0.413772 2.051196 0.577049 -0.321829
    29 -0.552532 -1.343527 1.604446 -0.531397 0.349107 -0.535250
    30 0.552589 1.343534 -1.604463 -0.572352 0.200762 -0.519412
    31 0.000000 -2.021618 -0.000004 -0.140762 0.000000 0.000000
    32 -0.000021 2.021633 0.000027 -0.182286 0.000000 0.000000
    33 -0.000004 -1.136217 -0.000004 -0.537682 0.000000 0.000000
    34 -0.000011 1.136200 -0.000019 -0.591471 0.000000 0.000000
    35 -0.032677 -4.587727 1.352317 2.444718 1.216159 2.484986
    36 0.032719 4.587772 -1.352291 2.844703 1.216154 2.484990
    37 0.000000 -1.754536 -0.000002 0.193351 0.000000 0.000000
    38 -0.000006 1.754520 -0.000034 0.301016 0.000000 0.000000
    39 0.000000 -1.227020 -0.000002 0.955670 0.000000 0.000000
    40 0.000002 1.227070 0.000032 0.655020 0.000000 0.000000
    41 -0.367996 -4.208406 0.173244 2.475865 1.091695 2.536227
    42 0.368011 4.208412 -0.173239 2.894876 1.091697 2.536228
    43 0.000000 -2.372318 -0.000004 0.834666 0.000000 0.000000
    44 -0.000006 2.372318 -0.000032 0.737827 0.000000 0.000000
    45 0.000004 -1.580070 -0.000001 0.495055 0.000000 0.000000
    46 -0.000002 1.580170 0.000030 0.744518 0.000000 0.000000
    47 -0.937645 -3.860697 -0.959317 2.205251 0.797005 2.273736
    48 0.937672 3.860714 0.959333 2.990775 1.016697 2.713704
    49 0.000000 -1.690632 0.000000 0.848242 0.000000 0.000000
    50 -0.000013 1.690666 0.000021 0.568265 0.000000 0.000000
    51 -0.000002 -1.423443 0.000002 0.234212 0.000000 0.000000
    52 0.000008 1.423420 0.000028 0.761967 0.000000 0.000000
    53 -1.546646 -3.404194 -1.915569 2.750280 1.118484 2.534731
    54 1.546661 3.404217 1.915585 -3.076191 1.031499 2.824457
    55 0.000004 -1.437820 0.000000 0.424958 0.000000 0.000000
    56 -0.000021 1.437870 0.000031 -0.074280 0.000000 0.000000
    57 -0.000002 -1.059402 0.000000 0.322075 0.000000 0.000000
    58 0.000006 1.059372 0.000008 0.911714 0.000000 0.000000
    59 -0.000004 -13.013485 -0.000004 0.010936 -0.284121 -0.076428
    60 0.161133 -10.812500 0.023087 0.010936 -0.284121 -0.076428
  time 18
    0 0.000000 0.826660 0.000001 -1.559900 -0.000006 -0.000006
    1 -10.723376 4.021813 0.943485 -0.586757 -0.361514 0.130181
    2 0.000000 14.313023 0.000003 -1.554578 0.000000 0.000000
    3 -0.000011 13.013483 -0.000005 -0.480995 0.036979 1.157459
    4 8.648438 7.792969 3.429688 2.222705 0.399521 -1.404265
    5 0.000000 -14.313034 0.000000 -1.556552 0.000000 0.000000
    6 -0.000004 -13.013485 -0.000004 0.538394 0.815277 0.754107
    7 -1.330879 -2.698427 0.462449 -0.194886 -0.547260 3.056712
    8 1.330910 2.698444 -0.462436 0.194890 0.547268 -0.084879
    9 7.281250 4.593750 -3.041016 -1.937331 -0.275423 3.010558
    10 10.570313 2.279297 -6.339844 -2.460934 -0.275417 3.010575
    11 1.806641 7.578125 -7.230469 -1.550988 -0.382996 1.806934
    12 1.376953 7.875000 -12.046875 -1.277176 -0.488708 1.819244
    13 4.531250 3.457031 -3.605469 -1.647836 -0.580608 1.782439
    14 5.968750 2.916016 -4.390625 -1.937333 -0.275414 3.010565
    15 7.558525 6.997282 -2.354134 -1.937336 -0.275393 3.010581
    16 7.558525 6.997282 -2.354134 1.937336 0.275393 -0.131011
    17 -2.867767 -2.740969 0.531125 2.051196 0.577049 -0.321829
    18 8.375000 1.621094 -7.535156 -1.937333 -0.275414 3.010565
    19 2.609375 2.375000 -5.878906 -1.937333 -0.275414 3.010565
    20 5.595486 4.607124 0.422674 -1.090396 0.577049 -0.321829
    21 6.233833 5.542564 0.898426 -1.090396 0.577049 -0.321829
    22 6.946648 6.587124 1.429667 -1.090396 0.577049 -0.321829
    23 7.537933 7.453606 1.870349 -1.090396 0.577049 -0.321829
    24 8.154472 8.357077 2.329839 -1.090396 0.577049 -0.321829
    25 8.874294 9.411907 2.866308 -1.090396 0.577049 -0.321829
    26 -4.125858 -2.321501 1.394414 2.051196 0.577049 -0.321829
    27 -4.826813 -3.348669 0.872014 2.051196 0.577049 -0.321829
    28 -5.441669 -4.249685 0.413772 2.051196 0.577049 -0.321829
    29 -0.552532 -1.343527 1.604446 -0.531397 0.349107 -0.535250
    30 0.552589 1.343534 -1.604463 -0.572352 0.200762 -0.519412
    31 0.000000 -2.021618 -0.000004 -0.140762 0.000000 0.000000
    32 -0.000021 2.021633 0.000027 -0.182286 0.000000 0.000000
    33 -0.000004 -1.136217 -0.000004 -0.537682 0.000000 0.000000
    34 -0.000011 1.136200 -0.000019 -0.591471 0.000000 0.000000
    35 -0.032677 -4.587727 1.352317 2.444718 1.216159 2.484986
    36 0.032719 4.587772 -1.352291 2.844703 1.216154 2.484990
    37 0.000000 -1.754536 -0.000002 0.193351 0.000000 0.000000
    38 -0.000006 1.754520 -0.000034 0.301016 0.000000 0.000000
    39 0.000000 -1.227020 -0.000002 0.955670 0.000000 0.000000
    40 0.000002 1.227070 0.000032 0.655020 0.000000 0.000000
    41 -0.367996 -4.208406 0.173244 2.475865 1.091695 2.536227
    42 0.368011 4.208412 -0.173239 2.894876 1.091697 2.536228
    43 0.000000 -2.372318 -0.000004 0.834666 0.000000 0.000000
    44 -0.000006 2.372318 -0.000032 0.737827 0.000000 0.000000
    45 0.000004 -1.580070 -0.000001 0.495055 0.000000 0.000000
    46 -0.000002 1.580170 0.000030 0.744518 0.000000 0.000000
    47 -0.937645 -3.860697 -0.959317 2.205251 0.797005 2.273736
    48 0.937672 3.860714 0.959333 2.990775 1.016697 2.713704
    49 0.000000 -1.690632 0.000000 0.848242 0.000000 0.000000
    50 -0.000013 1.690666 0.000021 0.568265 0.000000 0.000000
    51 -0.000002 -1.423443 0.000002 0.234212 0.000000 0.000000
    52 0.000008 1.423420 0.000028 0.761967 0.000000 0.000000
    53 -1.546646 -3.404194 -1.915569 2.750280 1.118484 2.534731
    54 1.546661 3.404217 1.915585 -3.076191 1.031499 2.824457
    55 0.000004 -1.437820 0.000000 0.424958 0.000000 0.000000
    56 -0.000021 1.437870 0.000031 -0.074280 0.000000 0.000000
    57 -0.000002 -1.059402 0.000000 0.322075 0.000000 0.000000
    58 0.000006 1.059372 0.000008 0.911714 0.000000 0.000000
    59 -0.000004 -13.013485 -0.000004 0.010936 -0.284121 -0.076428
    60 0.161133 -10.812500 0.023087 0.010936 -0.284121 -0.076428
  time 19
    0 0.000000 0.826660 0.000001 -1.559900 -0.000006 -0.000006
    1 -10.723376 4.021813 0.943485 -0.586481 -0.361657 0.130028
    2 0.000000 14.313023 0.000003 -1.554945 0.000000 0.000000
    3 -0.000011 13.013483 -0.000005 -0.480899 0.037215 1.157651
    4 8.648438 7.792969 3.429688 2.222705 0.399521 -1.404265
    5 0.000000 -14.313034 0.000000 -1.556552 0.000000 0.000000
    6 -0.000004 -13.013485 -0.000004 0.538394 0.815277 0.754107
    7 -1.330879 -2.698427 0.462449 -0.194886 -0.547260 3.056712
    8 1.330910 2.698444 -0.462436 0.194890 0.547268 -0.084879
    9 7.281250 4.593750 -3.041016 -1.937331 -0.275423 3.010558
    10 10.570313 2.279297 -6.339844 -2.460934 -0.275417 3.010575
    11 1.806641 7.578125 -7.230469 -1.550988 -0.382996 1.806934
    12 1.376953 7.875000 -12.046875 -1.277176 -0.488708 1.819244
    13 4.531250 3.457031 -3.605469 -1.647836 -0.580608 1.782439
    14 5.968750 2.916016 -4.390625 -1.937333 -0.275414 3.010565
    15 7.558525 6.997282 -2.354134 -1.937336 -0.275393 3.010581
    16 7.558525 6.997282 -2.354134 1.937336 0.275393 -0.131011
    17 -2.867767 -2.740969 0.531125 2.051196 0.577049 -0.321829
    18 8.375000 1.621094 -7.535156 -1.937333 -0.275414 3.010565
    19 2.609375 2.375000 -5.878906 -1.937333 -0.275414 3.010565
    20 5.595486 4.607124 0.422674 -1.090396 0.577049 -0.321829
    21 6.233833 5.542564 0.898426 -1.090396 0.577049 -0.321829
    22 6.946648 6.587124 1.429667 -1.090396 0.577049 -0.321829
    23 7.537933 7.453606 1.870349 -1.090396 0.577049 -0.321829
    24 8.154472 8.357077 2.329839 -1.090396 0.577049 -0.321829
    25 8.874294 9.411907 2.866308 -1.090396 0.577049 -0.321829
    26 -4.125858 -2.321501 1.394414 2.051196 0.577049 -0.321829
    27 -4.826813 -3.348669 0.872014 2.051196 0.577049 -0.321829
    28 -5.441669 -4.249685 0.413772 2.051196 0.577049 -0.321829
    29 -0.552532 -1.343527 1.604446 -0.531397 0.349107 -0.535250
    30 0.552589 1.343534 -1.604463 -0.572352 0.200762 -0.519412
    31 0.000000 -2.021618 -0.000004 -0.140762 0.000000 0.000000
    32 -0.000021 2.021633 0.000027 -0.182286 0.000000 0.000000
    33 -0.000004 -1.136217 -0.000004 -0.537682 0.000000 0.000000
    34 -0.000011 1.136200 -0.000019 -0.591471 0.000000 0.000000
    35 -0.032677 -4.587727 1.352317 2.444718 1.216159 2.484986
    36 0.032719 4.587772 -1.352291 2.844703 1.216154 2.484990
    37 0.000000 -1.754536 -0.000002 0.193351 0.000000 0.000000
    38 -0.000006 1.754520 -0.000034 0.301016 0.000000 0.000000
    39 0.000000 -1.227020 -0.000002 0.955670 0.000000 0.000000
    40 0.000002 1.227070 0.000032 0.655020 0.000000 0.000000
    41 -0.367996 -4.208406 0.173244 2.475865 1.091695 2.536227
    42 0.368011 4.208412 -0.173239 2.894876 1.091697 2.536228
    43 0.000000 -2.372318 -0.000004 0.834666 0.000000 0.000000
    44 -0.000006 2.372318 -0.000032 0.737827 0.000000 0.000000
    45 0.000004 -1.580070 -0.000001 0.495055 0.000000 0.000000
    46 -0.000002 1.580170 0.000030 0.744518 0.000000 0.000000
    47 -0.937645 -3.860697 -0.959317 2.205251 0.797005 2.273736
    48 0.937672 3.860714 0.959333 2.990775 1.016697 2.713704
    49 0.000000 -1.690632 0.000000 0.848242 0.000000 0.000000
    50 -0.000013 1.690666 0.000021 0.568265 0.000000 0.000000
    51 -0.000002 -1.423443 0.000002 0.234212 0.000000 0.000000
    52 0.000008 1.423420 0.000028 0.761967 0.000000 0.000000
    53 -1.546646 -3.404194 -1.915569 2.750280 1.118484 2.534731
    54 1.546661 3.404217 1.915585 -3.076191 1.031499 2.824457
    55 0.000004 -1.437820 0.000000 0.424958 0.000000 0.000000
    56 -0.000021 1.437870 0.000031 -0.074280 0.000000 0.000000
    57 -0.000002 -1.059402 0.000000 0.322075 0.000000 0.000000
    58 0.000006 1.059372 0.000008 0.911714 0.000000 0.000000
    59 -0.000004 -13.013485 -0.000004 0.010936 -0.284121 -0.076428
    60 0.161133 -10.812500 0.023087 0.010936 -0.284121 -0.076428
  time 20
    0 0.000000 0.826660 0.000001 -1.559900 -0.000006 -0.000006
    1 -10.723376 4.021813 0.943485 -0.586020 -0.361895 0.129875
    2 0.000000 14.313023 0.000003 -1.555373 0.000000 0.000000
    3 -0.000011 13.013483 -0.000005 -0.480804 0.037309 1.157843
    4 8.648438 7.792969 3.429688 2.222705 0.399521 -1.404265
    5 0.000000 -14.313034 0.000000 -1.556552 0.000000 0.000000
    6 -0.000004 -13.013485 -0.000004 0.538394 0.815277 0.754107
    7 -1.330879 -2.698427 0.462449 -0.194886 -0.547260 3.056712
    8 1.330910 2.698444 -0.462436 0.194890 0.547268 -0.084879
    9 7.281250 4.593750 -3.041016 -1.937331 -0.275423 3.010558
    10 10.570313 2.279297 -6.339844 -2.460934 -0.275417 3.010575
    11 1.806641 7.578125 -7.230469 -1.550988 -0.382996 1.806934
    12 1.376953 7.875000 -12.046875 -1.277176 -0.488708 1.819244
    13 4.531250 3.457031 -3.605469 -1.647836 -0.580608 1.782439
    14 5.968750 2.916016 -4.390625 -1.937333 -0.275414 3.010565
    15 7.558525 6.997282 -2.354134 -1.937336 -0.275393 3.010581
    16 7.558525 6.997282 -2.354134 1.937336 0.275393 -0.131011
    17 -2.867767 -2.740969 0.531125 2.051196 0.577049 -0.321829
    18 8.375000 1.621094 -7.535156 -1.937333 -0.275414 3.010565
    19 2.609375 2.375000 -5.878906 -1.937333 -0.275414 3.010565
    20 5.595486 4.607124 0.422674 -1.090396 0.577049 -0.321829
    21 6.233833 5.542564 0.898426 -1.090396 0.577049 -0.321829
    22 6.946648 6.587124 1.429667 -1.090396 0.577049 -0.321829
    23 7.537933 7.453606 1.870349 -1.090396 0.577049 -0.321829
    24 8.154472 8.357077 2.329839 -1.090396 0.577049 -0.321829
    25 8.874294 9.411907 2.866308 -1.090396 0.577049 -0.321829
    26 -4.125858 -2.321501 1.394414 2.051196 0.577049 -0.321829
    27 -4.826813 -3.348669 0.872014 2.051196 0.577049 -0.321829
    28 -5.441669 -4.249685 0.413772 2.051196 0.577049 -0.321829
    29 -0.552532 -1.343527 1.604446 -0.531397 0.349107 -0.535250
    30 0.552589 1.343534 -1.604463 -0.572352 0.200762 -0.519412
    31 0.000000 -2.021618 -0.000004 -0.140762 0.000000 0.000000
    32 -0.000021 2.021633 0.000027 -0.182286 0.000000 0.000000
    33 -0.000004 -1.136217 -0.000004 -0.537682 0.000000 0.000000
    34 -0.000011 1.136200 -0.000019 -0.591471 0.000000 0.000000
    35 -0.032677 -4.587727 1.352317 2.444718 1.216159 2.484986
    36 0.032719 4.587772 -1.352291 2.844703 1.216154 2.484990
    37 0.000000 -1.754536 -0.000002 0.193351 0.000000 0.000000
    38 -0.000006 1.754520 -0.000034 0.301016 0.000000 0.000000
    39 0.000000 -1.227020 -0.000002 0.955670 0.000000 0.000000
    40 0.000002 1.227070 0.000032 0.655020 0.000000 0.000000
    41 -0.367996 -4.208406 0.173244 2.475865 1.091695 2.536227
    42 0.368011 4.208412 -0.173239 2.894876 1.091697 2.536228
    43 0.000000 -2.372318 -0.000004 0.834666 0.000000 0.000000
    44 -0.000006 2.372318 -0.000032 0.737827 0.000000 0.000000
    45 0.000004 -1.580070 -0.000001 0.495055 0.000000 0.000000
    46 -0.000002 1.580170 0.000030 0.744518 0.000000 0.000000
    47 -0.937645 -3.860697 -0.959317 2.205251 0.797005 2.273736
    48 0.937672 3.860714 0.959333 2.990775 1.016697 2.713704
    49 0.000000 -1.690632 0.000000 0.848242 0.000000 0.000000
    50 -0.000013 1.690666 0.000021 0.568265 0.000000 0.000000
    51 -0.000002 -1.423443 0.000002 0.234212 0.000000 0.000000
    52 0.000008 1.423420 0.000028 0.761967 0.000000 0.000000
    53 -1.546646 -3.404194 -1.915569 2.750280 1.118484 2.534731
    54 1.546661 3.404217 1.915585 -3.076191 1.031499 2.824457
    55 0.000004 -1.437820 0.000000 0.424958 0.000000 0.000000
    56 -0.000021 1.437870 0.000031 -0.074280 0.000000 0.000000
    57 -0.000002 -1.059402 0.000000 0.322075 0.000000 0.000000
    58 0.000006 1.059372 0.000008 0.911714 0.000000 0.000000
    59 -0.000004 -13.013485 -0.000004 0.010936 -0.284121 -0.076428
    60 0.161133 -10.812500 0.023087 0.010936 -0.284121 -0.076428
  time 21
    0 0.000000 0.826660 0.000001 -1.559900 -0.000006 -0.000006
    1 -10.723376 4.021813 0.943485 -0.585467 -0.362134 0.129646
    2 0.000000 14.313023 0.000003 -1.555861 0.000000 0.000000
    3 -0.000011 13.013483 -0.000005 -0.480708 0.037451 1.158226
    4 8.648438 7.792969 3.429688 2.222705 0.399521 -1.404265
    5 0.000000 -14.313034 0.000000 -1.556552 0.000000 0.000000
    6 -0.000004 -13.013485 -0.000004 0.538394 0.815277 0.754107
    7 -1.330879 -2.698427 0.462449 -0.194886 -0.547260 3.056712
    8 1.330910 2.698444 -0.462436 0.194890 0.547268 -0.084879
    9 7.281250 4.593750 -3.041016 -1.937331 -0.275423 3.010558
    10 10.570313 2.279297 -6.339844 -2.460934 -0.275417 3.010575
    11 1.806641 7.578125 -7.230469 -1.550988 -0.382996 1.806934
    12 1.376953 7.875000 -12.046875 -1.277176 -0.488708 1.819244
    13 4.531250 3.457031 -3.605469 -1.647836 -0.580608 1.782439
    14 5.968750 2.916016 -4.390625 -1.937333 -0.275414 3.010565
    15 7.558525 6.997282 -2.354134 -1.937336 -0.275393 3.010581
    16 7.558525 6.997282 -2.354134 1.937336 0.275393 -0.131011
    17 -2.867767 -2.740969 0.531125 2.051196 0.577049 -0.321829
    18 8.375000 1.621094 -7.535156 -1.937333 -0.275414 3.010565
    19 2.609375 2.375000 -5.878906 -1.937333 -0.275414 3.010565
    20 5.595486 4.607124 0.422674 -1.090396 0.577049 -0.321829
    21 6.233833 5.542564 0.898426 -1.090396 0.577049 -0.321829
    22 6.946648 6.587124 1.429667 -1.090396 0.577049 -0.321829
    23 7.537933 7.453606 1.870349 -1.090396 0.577049 -0.321829
    24 8.154472 8.357077 2.329839 -1.090396 0.577049 -0.321829
    25 8.874294 9.411907 2.866308 -1.090396 0.577049 -0.321829
    26 -4.125858 -2.321501 1.394414 2.051196 0.577049 -0.321829
    27 -4.826813 -3.348669 0.872014 2.051196 0.577049 -0.321829
    28 -5.441669 -4.249685 0.413772 2.051196 0.577049 -0.321829
    29 -0.552532 -1.343527 1.604446 -0.531397 0.349107 -0.535250
    30 0.552589 1.343534 -1.604463 -0.572352 0.200762 -0.519412
    31 0.000000 -2.021618 -0.000004 -0.140762 0.000000 0.000000
    32 -0.000021 2.021633 0.000027 -0.182286 0.000000 0.000000
    33 -0.000004 -1.136217 -0.000004 -0.537682 0.000000 0.000000
    34 -0.000011 1.136200 -0.000019 -0.591471 0.000000 0.000000
    35 -0.032677 -4.587727 1.352317 2.444718 1.216159 2.484986
    36 0.032719 4.587772 -1.352291 2.844703 1.216154 2.484990
    37 0.000000 -1.754536 -0.000002 0.193351 0.000000 0.000000
    38 -0.000006 1.754520 -0.000034 0.301016 0.000000 0.000000
    39 0.000000 -1.227020 -0.000002 0.955670 0.000000 0.000000
    40 0.000002 1.227070 0.000032 0.655020 0.000000 0.000000
    41 -0.367996 -4.208406 0.173244 2.475865 1.091695 2.536227
    42 0.368011 4.208412 -0.173239 2.894876 1.091697 2.536228
    43 0.000000 -2.372318 -0.000004 0.834666 0.000000 0.000000
    44 -0.000006 2.372318 -0.000032 0.737827 0.000000 0.000000
    45 0.000004 -1.580070 -0.000001 0.495055 0.000000 0.000000
    46 -0.000002 1.580170 0.000030 0.744518 0.000000 0.000000
    47 -0.937645 -3.860697 -0.959317 2.205251 0.797005 2.273736
    48 0.937672 3.860714 0.959333 2.990775 1.016697 2.713704
    49 0.000000 -1.690632 0.000000 0.848242 0.000000 0.000000
    50 -0.000013 1.690666 0.000021 0.568265 0.000000 0.000000
    51 -0.000002 -1.423443 0.000002 0.234212 0.000000 0.000000
    52 0.000008 1.423420 0.000028 0.761967 0.000000 0.000000
    53 -1.546646 -3.404194 -1.915569 2.750280 1.118484 2.534731
    54 1.546661 3.404217 1.915585 -3.076191 1.031499 2.824457
    55 0.000004 -1.437820 0.000000 0.424958 0.000000 0.000000
    56 -0.000021 1.437870 0.000031 -0.074280 0.000000 0.000000
    57 -0.000002 -1.059402 0.000000 0.322075 0.000000 0.000000
    58 0.000006 1.059372 0.000008 0.911714 0.000000 0.000000
    59 -0.000004 -13.013485 -0.000004 0.010936 -0.284121 -0.076428
    60 0.161133 -10.812500 0.023087 0.010936 -0.284121 -0.076428
  time 22
    0 0.000000 0.826660 0.000001 -1.559900 -0.000006 -0.000006
    1 -10.723376 4.021813 0.943485 -0.584914 -0.362420 0.129417
    2 0.000000 14.313023 0.000003 -1.556472 0.000000 0.000000
    3 -0.000011 13.013483 -0.000005 -0.480708 0.037498 1.158514
    4 8.648438 7.792969 3.429688 2.222705 0.399521 -1.404265
    5 0.000000 -14.313034 0.000000 -1.556552 0.000000 0.000000
    6 -0.000004 -13.013485 -0.000004 0.538394 0.815277 0.754107
    7 -1.330879 -2.698427 0.462449 -0.194886 -0.547260 3.056712
    8 1.330910 2.698444 -0.462436 0.194890 0.547268 -0.084879
    9 7.281250 4.593750 -3.041016 -1.937331 -0.275423 3.010558
    10 10.570313 2.279297 -6.339844 -2.460934 -0.275417 3.010575
    11 1.806641 7.578125 -7.230469 -1.550988 -0.382996 1.806934
    12 1.376953 7.875000 -12.046875 -1.277176 -0.488708 1.819244
    13 4.531250 3.457031 -3.605469 -1.647836 -0.580608 1.782439
    14 5.968750 2.916016 -4.390625 -1.937333 -0.275414 3.010565
    15 7.558525 6.997282 -2.354134 -1.937336 -0.275393 3.010581
    16 7.558525 6.997282 -2.354134 1.937336 0.275393 -0.131011
    17 -2.867767 -2.740969 0.531125 2.051196 0.577049 -0.321829
    18 8.375000 1.621094 -7.535156 -1.937333 -0.275414 3.010565
    19 2.609375 2.375000 -5.878906 -1.937333 -0.275414 3.010565
    20 5.595486 4.607124 0.422674 -1.090396 0.577049 -0.321829
    21 6.233833 5.542564 0.898426 -1.090396 0.577049 -0.321829
    22 6.946648 6.587124 1.429667 -1.090396 0.577049 -0.321829
    23 7.537933 7.453606 1.870349 -1.090396 0.577049 -0.321829
    24 8.154472 8.357077 2.329839 -1.090396 0.577049 -0.321829
    25 8.874294 9.411907 2.866308 -1.090396 0.577049 -0.321829
    26 -4.125858 -2.321501 1.394414 2.051196 0.577049 -0.321829
    27 -4.826813 -3.348669 0.872014 2.051196 0.577049 -0.321829
    28 -5.441669 -4.249685 0.413772 2.051196 0.577049 -0.321829
    29 -0.552532 -1.343527 1.604446 -0.531397 0.349107 -0.535250
    30 0.552589 1.343534 -1.604463 -0.572352 0.200762 -0.519412
    31 0.000000 -2.021618 -0.000004 -0.140762 0.000000 0.000000
    32 -0.000021 2.021633 0.000027 -0.182286 0.000000 0.000000
    33 -0.000004 -1.136217 -0.000004 -0.537682 0.000000 0.000000
    34 -0.000011 1.136200 -0.000019 -0.591471 0.000000 0.000000
    35 -0.032677 -4.587727 1.352317 2.444718 1.216159 2.484986
    36 0.032719 4.587772 -1.352291 2.844703 1.216154 2.484990
    37 0.000000 -1.754536 -0.000002 0.193351 0.000000 0.000000
    38 -0.000006 1.754520 -0.000034 0.301016 0.000000 0.000000
    39 0.000000 -1.227020 -0.000002 0.955670 0.000000 0.000000
    40 0.000002 1.227070 0.000032 0.655020 0.000000 0.000000
    41 -0.367996 -4.208406 0.173244 2.475865 1.091695 2.536227
    42 0.368011 4.208412 -0.173239 2.894876 1.091697 2.536228
    43 0.000000 -2.372318 -0.000004 0.834666 0.000000 0.000000
    44 -0.000006 2.372318 -0.000032 0.737827 0.000000 0.000000
    45 0.000004 -1.580070 -0.000001 0.495055 0.000000 0.000000
    46 -0.000002 1.580170 0.000030 0.744518 0.000000 0.000000
    47 -0.937645 -3.860697 -0.959317 2.205251 0.797005 2.273736
    48 0.937672 3.860714 0.959333 2.990775 1.016697 2.713704
    49 0.000000 -1.690632 0.000000 0.848242 0.000000 0.000000
    50 -0.000013 1.690666 0.000021 0.568265 0.000000 0.000000
    51 -0.000002 -1.423443 0.000002 0.234212 0.000000 0.000000
    52 0.000008 1.423420 0.000028 0.761967 0.000000 0.000000
    53 -1.546646 -3.404194 -1.915569 2.750280 1.118484 2.534731
    54 1.546661 3.404217 1.915585 -3.076191 1.031499 2.824457
    55 0.000004 -1.437820 0.000000 0.424958 0.000000 0.000000
    56 -0.000021 1.437870 0.000031 -0.074280 0.000000 0.000000
    57 -0.000002 -1.059402 0.000000 0.322075 0.000000 0.000000
    58 0.000006 1.059372 0.000008 0.911714 0.000000 0.000000
    59 -0.000004 -13.013485 -0.000004 0.010936 -0.284121 -0.076428
    60 0.161133 -10.812500 0.023087 0.010936 -0.284121 -0.076428
  time 23
    0 0.000000 0.826660 0.000001 -1.559900 -0.000006 -0.000006
    1 -10.723376 4.021813 0.943485 -0.584545 -0.362754 0.129264
    2 0.000000 14.313023 0.000003 -1.557083 0.000000 0.000000
    3 -0.000011 13.013483 -0.000005 -0.480708 0.037498 1.158801
    4 8.648438 7.792969 3.429688 2.222705 0.399521 -1.404265
    5 0.000000 -14.313034 0.000000 -1.556552 0.000000 0.000000
    6 -0.000004 -13.013485 -0.000004 0.538394 0.815277 0.754107
    7 -1.330879 -2.698427 0.462449 -0.194886 -0.547260 3.056712
    8 1.330910 2.698444 -0.462436 0.194890 0.547268 -0.084879
    9 7.281250 4.593750 -3.041016 -1.937331 -0.275423 3.010558
    10 10.570313 2.279297 -6.339844 -2.460934 -0.275417 3.010575
    11 1.806641 7.578125 -7.230469 -1.550988 -0.382996 1.806934
    12 1.376953 7.875000 -12.046875 -1.277176 -0.488708 1.819244
    13 4.531250 3.457031 -3.605469 -1.647836 -0.580608 1.782439
    14 5.968750 2.916016 -4.390625 -1.937333 -0.275414 3.010565
    15 7.558525 6.997282 -2.354134 -1.937336 -0.275393 3.010581
    16 7.558525 6.997282 -2.354134 1.937336 0.275393 -0.131011
    17 -2.867767 -2.740969 0.531125 2.051196 0.577049 -0.321829
    18 8.375000 1.621094 -7.535156 -1.937333 -0.275414 3.010565
    19 2.609375 2.375000 -5.878906 -1.937333 -0.275414 3.010565
    20 5.595486 4.607124 0.422674 -1.090396 0.577049 -0.321829
    21 6.233833 5.542564 0.898426 -1.090396 0.577049 -0.321829
    22 6.946648 6.587124 1.429667 -1.090396 0.577049 -0.321829
    23 7.537933 7.453606 1.870349 -1.090396 0.577049 -0.321829
    24 8.154472 8.357077 2.329839 -1.090396 0.577049 -0.321829
    25 8.874294 9.411907 2.866308 -1.090396 0.577049 -0.321829
    26 -4.125858 -2.321501 1.394414 2.051196 0.577049 -0.321829
    27 -4.826813 -3.348669 0.872014 2.051196 0.577049 -0.321829
    28 -5.441669 -4.249685 0.413772 2.051196 0.577049 -0.321829
    29 -0.552532 -1.343527 1.604446 -0.531397 0.349107 -0.535250
    30 0.552589 1.343534 -1.604463 -0.572352 0.200762 -0.519412
    31 0.000000 -2.021618 -0.000004 -0.140762 0.000000 0.000000
    32 -0.000021 2.021633 0.000027 -0.182286 0.000000 0.000000
    33 -0.000004 -1.136217 -0.000004 -0.537682 0.000000 0.000000
    34 -0.000011 1.136200 -0.000019 -0.591471 0.000000 0.000000
    35 -0.032677 -4.587727 1.352317 2.444718 1.216159 2.484986
    36 0.032719 4.587772 -1.352291 2.844703 1.216154 2.484990
    37 0.000000 -1.754536 -0.000002 0.193351 0.000000 0.000000
    38 -0.000006 1.754520 -0.000034 0.301016 0.000000 0.000000
    39 0.000000 -1.227020 -0.000002 0.955670 0.000000 0.000000
    40 0.000002 1.227070 0.000032 0.655020 0.000000 0.000000
    41 -0.367996 -4.208406 0.173244 2.475865 1.091695 2.536227
    42 0.368011 4.208412 -0.173239 2.894876 1.091697 2.536228
    43 0.000000 -2.372318 -0.000004 0.834666 0.000000 0.000000
    44 -0.000006 2.372318 -0.000032 0.737827 0.000000 0.000000
    45 0.000004 -1.580070 -0.000001 0.495055 0.000000 0.000000
    46 -0.000002 1.580170 0.000030 0.744518 0.000000 0.000000
    47 -0.937645 -3.860697 -0.959317 2.205251 0.797005 2.273736
    48 0.937672 3.860714 0.959333 2.990775 1.016697 2.713704
    49 0.000000 -1.690632 0.000000 0.848242 0.000000 0.000000
    50 -0.000013 1.690666 0.000021 0.568265 0.000000 0.000000
    51 -0.000002 -1.423443 0.000002 0.234212 0.000000 0.000000
    52 0.000008 1.423420 0.000028 0.761967 0.000000 0.000000
    53 -1.546646 -3.404194 -1.915569 2.750280 1.118484 2.534731
    54 1.546661 3.404217 1.915585 -3.076191 1.031499 2.824457
    55 0.000004 -1.437820 0.000000 0.424958 0.000000 0.000000
    56 -0.000021 1.437870 0.000031 -0.074280 0.000000 0.000000
    57 -0.000002 -1.059402 0.000000 0.322075 0.000000 0.000000
    58 0.000006 1.059372 0.000008 0.911714 0.000000 0.000000
    59 -0.000004 -13.013485 -0.000004 0.010936 -0.284121 -0.076428
    60 0.161133 -10.812500 0.023087 0.010936 -0.284121 -0.076428
  time 24
    0 0.000000 0.826660 0.000001 -1.559900 -0.000006 -0.000006
    1 -10.723376 4.021813 0.943485 -0.584177 -0.362944 0.129111
    2 0.000000 14.313023 0.000003 -1.557511 0.000000 0.000000
    3 -0.000011 13.013483 -0.000005 -0.480708 0.037356 1.159089
    4 8.648438 7.792969 3.429688 2.222705 0.399521 -1.404265
    5 0.000000 -14.313034 0.000000 -1.556552 0.000000 0.000000
    6 -0.000004 -13.013485 -0.000004 0.538394 0.815277 0.754107
    7 -1.330879 -2.698427 0.462449 -0.194886 -0.547260 3.056712
    8 1.330910 2.698444 -0.462436 0.194890 0.547268 -0.084879
    9 7.281250 4.593750 -3.041016 -1.937331 -0.275423 3.010558
    10 10.570313 2.279297 -6.339844 -2.460934 -0.275417 3.010575
    11 1.806641 7.578125 -7.230469 -1.550988 -0.382996 1.806934
    12 1.376953 7.875000 -12.046875 -1.277176 -0.488708 1.819244
    13 4.531250 3.457031 -3.605469 -1.647836 -0.580608 1.782439
    14 5.968750 2.916016 -4.390625 -1.937333 -0.275414 3.010565
    15 7.558525 6.997282 -2.354134 -1.937336 -0.275393 3.010581
    16 7.558525 6.997282 -2.354134 1.937336 0.275393 -0.131011
    17 -2.867767 -2.740969 0.531125 2.051196 0.577049 -0.321829
    18 8.375000 1.621094 -7.535156 -1.937333 -0.275414 3.010565
    19 2.609375 2.375000 -5.878906 -1.937333 -0.275414 3.010565
    20 5.595486 4.607124 0.422674 -1.090396 0.577049 -0.321829
    21 6.233833 5.542564 0.898426 -1.090396 0.577049 -0.321829
    22 6.946648 6.587124 1.429667 -1.090396 0.577049 -0.321829
    23 7.537933 7.453606 1.870349 -1.090396 0.577049 -0.321829
    24 8.154472 8.357077 2.329839 -1.090396 0.577049 -0.321829
    25 8.874294 9.411907 2.866308 -1.090396 0.577049 -0.321829
    26 -4.125858 -2.321501 1.394414 2.051196 0.577049 -0.321829
    27 -4.826813 -3.348669 0.872014 2.051196 0.577049 -0.321829
    28 -5.441669 -4.249685 0.413772 2.051196 0.577049 -0.321829
    29 -0.552532 -1.343527 1.604446 -0.531397 0.349107 -0.535250
    30 0.552589 1.343534 -1.604463 -0.572352 0.200762 -0.519412
    31 0.000000 -2.021618 -0.000004 -0.140762 0.000000 0.000000
    32 -0.000021 2.021633 0.000027 -0.182286 0.000000 0.000000
    33 -0.000004 -1.136217 -0.000004 -0.537682 0.000000 0.000000
    34 -0.000011 1.136200 -0.000019 -0.591471 0.000000 0.000000
    35 -0.032677 -4.587727 1.352317 2.444718 1.216159 2.484986
    36 0.032719 4.587772 -1.352291 2.844703 1.216154 2.484990
    37 0.000000 -1.754536 -0.000002 0.193351 0.000000 0.000000
    38 -0.000006 1.754520 -0.000034 0.301016 0.000000 0.000000
    39 0.000000 -1.227020 -0.000002 0.955670 0.000000 0.000000
    40 0.000002 1.227070 0.000032 0.655020 0.000000 0.000000
    41 -0.367996 -4.208406 0.173244 2.475865 1.091695 2.536227
    42 0.368011 4.208412 -0.173239 2.894876 1.091697 2.536228
    43 0.000000 -2.372318 -0.000004 0.834666 0.000000 0.000000
    44 -0.000006 2.372318 -0.000032 0.737827 0.000000 0.000000
    45 0.000004 -1.580070 -0.000001 0.495055 0.000000 0.000000
    46 -0.000002 1.580170 0.000030 0.744518 0.000000 0.000000
    47 -0.937645 -3.860697 -0.959317 2.205251 0.797005 2.273736
    48 0.937672 3.860714 0.959333 2.990775 1.016697 2.713704
    49 0.000000 -1.690632 0.000000 0.848242 0.000000 0.000000
    50 -0.000013 1.690666 0.000021 0.568265 0.000000 0.000000
    51 -0.000002 -1.423443 0.000002 0.234212 0.000000 0.000000
    52 0.000008 1.423420 0.000028 0.761967 0.000000 0.000000
    53 -1.546646 -3.404194 -1.915569 2.750280 1.118484 2.534731
    54 1.546661 3.404217 1.915585 -3.076191 1.031499 2.824457
    55 0.000004 -1.437820 0.000000 0.424958 0.000000 0.000000
    56 -0.000021 1.437870 0.000031 -0.074280 0.000000 0.000000
    57 -0.000002 -1.059402 0.000000 0.322075 0.000000 0.000000
    58 0.000006 1.059372 0.000008 0.911714 0.000000 0.000000
    59 -0.000004 -13.013485 -0.000004 0.010936 -0.284121 -0.076428
    60 0.161133 -10.812500 0.023087 0.010936 -0.284121 -0.076428
  time 25
    0 0.000000 0.826660 0.000001 -1.559900 -0.000006 -0.000006
    1 -10.723376 4.021813 0.943485 -0.583993 -0.363040 0.129035
    2 0.000000 14.313023 0.000003 -1.557878 0.000000 0.000000
    3 -0.000011 13.013483 -0.000005 -0.480804 0.037262 1.159185
    4 8.648438 7.792969 3.429688 2.222705 0.399521 -1.404265
    5 0.000000 -14.313034 0.000000 -1.556552 0.000000 0.000000
    6 -0.000004 -13.013485 -0.000004 0.538394 0.815277 0.754107
    7 -1.330879 -2.698427 0.462449 -0.194886 -0.547260 3.056712
    8 1.330910 2.698444 -0.462436 0.194890 0.547268 -0.084879
    9 7.281250 4.593750 -3.041016 -1.937331 -0.275423 3.010558
    10 10.570313 2.279297 -6.339844 -2.460934 -0.275417 3.010575
    11 1.806641 7.578125 -7.230469 -1.550988 -0.382996 1.806934
    12 1.376953 7.875000 -12.046875 -1.277176 -0.488708 1.819244
    13 4.531250 3.457031 -3.605469 -1.647836 -0.580608 1.782439
    14 5.968750 2.916016 -4.390625 -1.937333 -0.275414 3.010565
    15 7.558525 6.997282 -2.354134 -1.937336 -0.275393 3.010581
    16 7.558525 6.997282 -2.354134 1.937336 0.275393 -0.131011
    17 -2.867767 -2.740969 0.531125 2.051196 0.577049 -0.321829
    18 8.375000 1.621094 -7.535156 -1.937333 -0.275414 3.010565
    19 2.609375 2.375000 -5.878906 -1.937333 -0.275414 3.010565
    20 5.595486 4.607124 0.422674 -1.090396 0.577049 -0.321829
    21 6.233833 5.542564 0.898426 -1.090396 0.577049 -0.321829
    22 6.946648 6.587124 1.429667 -1.090396 0.577049 -0.321829
    23 7.537933 7.453606 1.870349 -1.090396 0.577049 -0.321829
    24 8.154472 8.357077 2.329839 -1.090396 0.577049 -0.321829
    25 8.874294 9.411907 2.866308 -1.090396 0.577049 -0.321829
    26 -4.125858 -2.321501 1.394414 2.051196 0.577049 -0.321829
    27 -4.826813 -3.348669 0.872014 2.051196 0.577049 -0.321829
    28 -5.441669 -4.249685 0.413772 2.051196 0.577049 -0.321829
    29 -0.552532 -1.343527 1.604446 -0.531397 0.349107 -0.535250
    30 0.552589 1.343534 -1.604463 -0.572352 0.200762 -0.519412
    31 0.000000 -2.021618 -0.000004 -0.140762 0.000000 0.000000
    32 -0.000021 2.021633 0.000027 -0.182286 0.000000 0.000000
    33 -0.000004 -1.136217 -0.000004 -0.537682 0.000000 0.000000
    34 -0.000011 1.136200 -0.000019 -0.591471 0.000000 0.000000
    35 -0.032677 -4.587727 1.352317 2.444718 1.216159 2.484986
    36 0.032719 4.587772 -1.352291 2.844703 1.216154 2.484990
    37 0.000000 -1.754536 -0.000002 0.193351 0.000000 0.000000
    38 -0.000006 1.754520 -0.000034 0.301016 0.000000 0.000000
    39 0.000000 -1.227020 -0.000002 0.955670 0.000000 0.000000
    40 0.000002 1.227070 0.000032 0.655020 0.000000 0.000000
    41 -0.367996 -4.208406 0.173244 2.475865 1.091695 2.536227
    42 0.368011 4.208412 -0.173239 2.894876 1.091697 2.536228
    43 0.000000 -2.372318 -0.000004 0.834666 0.000000 0.000000
    44 -0.000006 2.372318 -0.000032 0.737827 0.000000 0.000000
    45 0.000004 -1.580070 -0.000001 0.495055 0.000000 0.000000
    46 -0.000002 1.580170 0.000030 0.744518 0.000000 0.000000
    47 -0.937645 -3.860697 -0.959317 2.205251 0.797005 2.273736
    48 0.937672 3.860714 0.959333 2.990775 1.016697 2.713704
    49 0.000000 -1.690632 0.000000 0.848242 0.000000 0.000000
    50 -0.000013 1.690666 0.000021 0.568265 0.000000 0.000000
    51 -0.000002 -1.423443 0.000002 0.234212 0.000000 0.000000
    52 0.000008 1.423420 0.000028 0.761967 0.000000 0.000000
    53 -1.546646 -3.404194 -1.915569 2.750280 1.118484 2.534731
    54 1.546661 3.404217 1.915585 -3.076191 1.031499 2.824457
    55 0.000004 -1.437820 0.000000 0.424958 0.000000 0.000000
    56 -0.000021 1.437870 0.000031 -0.074280 0.000000 0.000000
    57 -0.000002 -1.059402 0.000000 0.322075 0.000000 0.000000
    58 0.000006 1.059372 0.000008 0.911714 0.000000 0.000000
    59 -0.000004 -13.013485 -0.000004 0.010936 -0.284121 -0.076428
    60 0.161133 -10.812500 0.023087 0.010936 -0.284121 -0.076428
  time 26
    0 0.000000 0.826660 0.000001 -1.559900 -0.000006 -0.000006
    1 -10.723376 4.021813 0.943485 -0.583716 -0.363135 0.128959
    2 0.000000 14.313023 0.000003 -1.558122 0.000000 0.000000
    3 -0.000011 13.013483 -0.000005 -0.480804 0.037026 1.159281
    4 8.648438 7.792969 3.429688 2.222705 0.399521 -1.404265
    5 0.000000 -14.313034 0.000000 -1.556552 0.000000 0.000000
    6 -0.000004 -13.013485 -0.000004 0.538394 0.815277 0.754107
    7 -1.330879 -2.698427 0.462449 -0.194886 -0.547260 3.056712
    8 1.330910 2.698444 -0.462436 0.194890 0.547268 -0.084879
    9 7.281250 4.593750 -3.041016 -1.937331 -0.275423 3.010558
    10 10.570313 2.279297 -6.339844 -2.460934 -0.275417 3.010575
    11 1.806641 7.578125 -7.230469 -1.550988 -0.382996 1.806934
    12 1.376953 7.875000 -12.046875 -1.277176 -0.488708 1.819244
    13 4.531250 3.457031 -3.605469 -1.647836 -0.580608 1.782439
    14 5.968750 2.916016 -4.390625 -1.937333 -0.275414 3.010565
    15 7.558525 6.997282 -2.354134 -1.937336 -0.275393 3.010581
    16 7.558525 6.997282 -2.354134 1.937336 0.275393 -0.131011
    17 -2.867767 -2.740969 0.531125 2.051196 0.577049 -0.321829
    18 8.375000 1.621094 -7.535156 -1.937333 -0.275414 3.010565
    19 2.609375 2.375000 -5.878906 -1.937333 -0.275414 3.010565
    20 5.595486 4.607124 0.422674 -1.090396 0.577049 -0.321829
    21 6.233833 5.542564 0.898426 -1.090396 0.577049 -0.321829
    22 6.946648 6.587124 1.429667 -1.090396 0.577049 -0.321829
    23 7.537933 7.453606 1.870349 -1.090396 0.577049 -0.321829
    24 8.154472 8.357077 2.329839 -1.090396 0.577049 -0.321829
    25 8.874294 9.411907 2.866308 -1.090396 0.577049 -0.321829
    26 -4.125858 -2.321501 1.394414 2.051196 0.577049 -0.321829
    27 -4.826813 -3.348669 0.872014 2.051196 0.577049 -0.321829
    28 -5.441669 -4.249685 0.413772 2.051196 0.577049 -0.321829
    29 -0.552532 -1.343527 1.604446 -0.531397 0.349107 -0.535250
    30 0.552589 1.343534 -1.604463 -0.572352 0.200762 -0.519412
    31 0.000000 -2.021618 -0.000004 -0.140762 0.000000 0.000000
    32 -0.000021 2.021633 0.000027 -0.182286 0.000000 0.000000
    33 -0.000004 -1.136217 -0.000004 -0.537682 0.000000 0.000000
    34 -0.000011 1.136200 -0.000019 -0.591471 0.000000 0.000000
    35 -0.032677 -4.587727 1.352317 2.444718 1.216159 2.484986
    36 0.032719 4.587772 -1.352291 2.844703 1.216154 2.484990
    37 0.000000 -1.754536 -0.000002 0.193351 0.000000 0.000000
    38 -0.000006 1.754520 -0.000034 0.301016 0.000000 0.000000
    39 0.000000 -1.227020 -0.000002 0.955670 0.000000 0.000000
    40 0.000002 1.227070 0.000032 0.655020 0.000000 0.000000
    41 -0.367996 -4.208406 0.173244 2.475865 1.091695 2.536227
    42 0.368011 4.208412 -0.173239 2.894876 1.091697 2.536228
    43 0.000000 -2.372318 -0.000004 0.834666 0.000000 0.000000
    44 -0.000006 2.372318 -0.000032 0.737827 0.000000 0.000000
    45 0.000004 -1.580070 -0.000001 0.495055 0.000000 0.000000
    46 -0.000002 1.580170 0.000030 0.744518 0.000000 0.000000
    47 -0.937645 -3.860697 -0.959317 2.205251 0.797005 2.273736
    48 0.937672 3.860714 0.959333 2.990775 1.016697 2.713704
    49 0.000000 -1.690632 0.000000 0.848242 0.000000 0.000000
    50 -0.000013 1.690666 0.000021 0.568265 0.000000 0.000000
    51 -0.000002 -1.423443 0.000002 0.234212 0.000000 0.000000
    52 0.000008 1.423420 0.000028 0.761967 0.000000 0.000000
    53 -1.546646 -3.404194 -1.915569 2.750280 1.118484 2.534731
    54 1.546661 3.404217 1.915585 -3.076191 1.031499 2.824457
    55 0.000004 -1.437820 0.000000 0.424958 0.000000 0.000000
    56 -0.000021 1.437870 0.000031 -0.074280 0.000000 0.000000
    57 -0.000002 -1.059402 0.000000 0.322075 0.000000 0.000000
    58 0.000006 1.059372 0.000008 0.911714 0.000000 0.000000
    59 -0.000004 -13.013485 -0.000004 0.010936 -0.284121 -0.076428
    60 0.161133 -10.812500 0.023087 0.010936 -0.284121 -0.076428
  time 27
    0 0.000000 0.826660 0.000001 -1.559900 -0.000006 -0.000006
    1 -10.723376 4.021813 0.943485 -0.583716 -0.363183 0.128959
    2 0.000000 14.313023 0.000003 -1.558244 0.000000 0.000000
    3 -0.000011 13.013483 -0.000005 -0.480899 0.036885 1.159376
    4 8.648438 7.792969 3.429688 2.222705 0.399521 -1.404265
    5 0.000000 -14.313034 0.000000 -1.556552 0.000000 0.000000
    6 -0.000004 -13.013485 -0.000004 0.538394 0.815277 0.754107
    7 -1.330879 -2.698427 0.462449 -0.194886 -0.547260 3.056712
    8 1.330910 2.698444 -0.462436 0.194890 0.547268 -0.084879
    9 7.281250 4.593750 -3.041016 -1.937331 -0.275423 3.010558
    10 10.570313 2.279297 -6.339844 -2.460934 -0.275417 3.010575
    11 1.806641 7.578125 -7.230469 -1.550988 -0.382996 1.806934
    12 1.376953 7.875000 -12.046875 -1.277176 -0.488708 1.819244
    13 4.531250 3.457031 -3.605469 -1.647836 -0.580608 1.782439
    14 5.968750 2.916016 -4.390625 -1.937333 -0.275414 3.010565
    15 7.558525 6.997282 -2.354134 -1.937336 -0.275393 3.010581
    16 7.558525 6.997282 -2.354134 1.937336 0.275393 -0.131011
    17 -2.867767 -2.740969 0.531125 2.051196 0.577049 -0.321829
    18 8.375000 1.621094 -7.535156 -1.937333 -0.275414 3.010565
    19 2.609375 2.375000 -5.878906 -1.937333 -0.275414 3.010565
    20 5.595486 4.607124 0.422674 -1.090396 0.577049 -0.321829
    21 6.233833 5.542564 0.898426 -1.090396 0.577049 -0.321829
    22 6.946648 6.587124 1.429667 -1.090396 0.577049 -0.321829
    23 7.537933 7.453606 1.870349 -1.090396 0.577049 -0.321829
    24 8.154472 8.357077 2.329839 -1.090396 0.577049 -0.321829
    25 8.874294 9.411907 2.866308 -1.090396 0.577049 -0.321829
    26 -4.125858 -2.321501 1.394414 2.051196 0.577049 -0.321829
    27 -4.826813 -3.348669 0.872014 2.051196 0.577049 -0.321829
    28 -5.441669 -4.249685 0.413772 2.051196 0.577049 -0.321829
    29 -0.552532 -1.343527 1.604446 -0.531397 0.349107 -0.535250
    30 0.552589 1.343534 -1.604463 -0.572352 0.200762 -0.519412
    31 0.000000 -2.021618 -0.000004 -0.140762 0.000000 0.000000
    32 -0.000021 2.021633 0.000027 -0.182286 0.000000 0.000000
    33 -0.000004 -1.136217 -0.000004 -0.537682 0.000000 0.000000
    34 -0.000011 1.136200 -0.000019 -0.591471 0.000000 0.000000
    35 -0.032677 -4.587727 1.352317 2.444718 1.216159 2.484986
    36 0.032719 4.587772 -1.352291 2.844703 1.216154 2.484990
    37 0.000000 -1.754536 -0.000002 0.193351 0.000000 0.000000
    38 -0.000006 1.754520 -0.000034 0.301016 0.000000 0.000000
    39 0.000000 -1.227020 -0.000002 0.955670 0.000000 0.000000
    40 0.000002 1.227070 0.000032 0.655020 0.000000 0.000000
    41 -0.367996 -4.208406 0.173244 2.475865 1.091695 2.536227
    42 0.368011 4.208412 -0.173239 2.894876 1.091697 2.536228
    43 0.000000 -2.372318 -0.000004 0.834666 0.000000 0.000000
    44 -0.000006 2.372318 -0.000032 0.737827 0.000000 0.000000
    45 0.000004 -1.580070 -0.000001 0.495055 0.000000 0.000000
    46 -0.000002 1.580170 0.000030 0.744518 0.000000 0.000000
    47 -0.937645 -3.860697 -0.959317 2.205251 0.797005 2.273736
    48 0.937672 3.860714 0.959333 2.990775 1.016697 2.713704
    49 0.000000 -1.690632 0.000000 0.848242 0.000000 0.000000
    50 -0.000013 1.690666 0.000021 0.568265 0.000000 0.000000
    51 -0.000002 -1.423443 0.000002 0.234212 0.000000 0.000000
    52 0.000008 1.423420 0.000028 0.761967 0.000000 0.000000
    53 -1.546646 -3.404194 -1.915569 2.750280 1.118484 2.534731
    54 1.546661 3.404217 1.915585 -3.076191 1.031499 2.824457
    55 0.000004 -1.437820 0.000000 0.424958 0.000000 0.000000
    56 -0.000021 1.437870 0.000031 -0.074280 0.000000 0.000000
    57 -0.000002 -1.059402 0.000000 0.322075 0.000000 0.000000
    58 0.000006 1.059372 0.000008 0.911714 0.000000 0.000000
    59 -0.000004 -13.013485 -0.000004 0.010936 -0.284121 -0.076428
    60 0.161133 -10.812500 0.023087 0.010936 -0.284121 -0.076428
  time 28
    0 0.000000 0.826660 0.000001 -1.559900 -0.000006 -0.000006
    1 -10.723376 4.021813 0.943485 -0.583716 -0.363183 0.128959
    2 0.000000 14.313023 0.000003 -1.558244 0.000000 0.000000
    3 -0.000011 13.013483 -0.000005 -0.480995 0.036696 1.159376
    4 8.648438 7.792969 3.429688 2.222705 0.399521 -1.404265
    5 0.000000 -14.313034 0.000000 -1.556552 0.000000 0.000000
    6 -0.000004 -13.013485 -0.000004 0.538394 0.815277 0.754107
    7 -1.330879 -2.698427 0.462449 -0.194886 -0.547260 3.056712
    8 1.330910 2.698444 -0.462436 0.194890 0.547268 -0.084879
    9 7.281250 4.593750 -3.041016 -1.937331 -0.275423 3.010558
    10 10.570313 2.279297 -6.339844 -2.460934 -0.275417 3.010575
    11 1.806641 7.578125 -7.230469 -1.550988 -0.382996 1.806934
    12 1.376953 7.875000 -12.046875 -1.277176 -0.488708 1.819244
    13 4.531250 3.457031 -3.605469 -1.647836 -0.580608 1.782439
    14 5.968750 2.916016 -4.390625 -1.937333 -0.275414 3.010565
    15 7.558525 6.997282 -2.354134 -1.937336 -0.275393 3.010581
    16 7.558525 6.997282 -2.354134 1.937336 0.275393 -0.131011
    17 -2.867767 -2.740969 0.531125 2.051196 0.577049 -0.321829
    18 8.375000 1.621094 -7.535156 -1.937333 -0.275414 3.010565
    19 2.609375 2.375000 -5.878906 -1.937333 -0.275414 3.010565
    20 5.595486 4.607124 0.422674 -1.090396 0.577049 -0.321829
    21 6.233833 5.542564 0.898426 -1.090396 0.577049 -0.321829
    22 6.946648 6.587124 1.429667 -1.090396 0.577049 -0.321829
    23 7.537933 7.453606 1.870349 -1.090396 0.577049 -0.321829
    24 8.154472 8.357077 2.329839 -1.090396 0.577049 -0.321829
    25 8.874294 9.411907 2.866308 -1.090396 0.577049 -0.321829
    26 -4.125858 -2.321501 1.394414 2.051196 0.577049 -0.321829
    27 -4.826813 -3.348669 0.872014 2.051196 0.577049 -0.321829
    28 -5.441669 -4.249685 0.413772 2.051196 0.577049 -0.321829
    29 -0.552532 -1.343527 1.604446 -0.531397 0.349107 -0.535250
    30 0.552589 1.343534 -1.604463 -0.572352 0.200762 -0.519412
    31 0.000000 -2.021618 -0.000004 -0.140762 0.000000 0.000000
    32 -0.000021 2.021633 0.000027 -0.182286 0.000000 0.000000
    33 -0.000004 -1.136217 -0.000004 -0.537682 0.000000 0.000000
    34 -0.000011 1.136200 -0.000019 -0.591471 0.000000 0.000000
    35 -0.032677 -4.587727 1.352317 2.444718 1.216159 2.484986
    36 0.032719 4.587772 -1.352291 2.844703 1.216154 2.484990
    37 0.000000 -1.754536 -0.000002 0.193351 0.000000 0.000000
    38 -0.000006 1.754520 -0.000034 0.301016 0.000000 0.000000
    39 0.000000 -1.227020 -0.000002 0.955670 0.000000 0.000000
    40 0.000002 1.227070 0.000032 0.655020 0.000000 0.000000
    41 -0.367996 -4.208406 0.173244 2.475865 1.091695 2.536227
    42 0.368011 4.208412 -0.173239 2.894876 1.091697 2.536228
    43 0.000000 -2.372318 -0.000004 0.834666 0.000000 0.000000
    44 -0.000006 2.372318 -0.000032 0.737827 0.000000 0.000000
    45 0.000004 -1.580070 -0.000001 0.495055 0.000000 0.000000
    46 -0.000002 1.580170 0.000030 0.744518 0.000000 0.000000
    47 -0.937645 -3.860697 -0.959317 2.205251 0.797005 2.273736
    48 0.937672 3.860714 0.959333 2.990775 1.016697 2.713704
    49 0.000000 -1.690632 0.000000 0.848242 0.000000 0.000000
    50 -0.000013 1.690666 0.000021 0.568265 0.000000 0.000000
    51 -0.000002 -1.423443 0.000002 0.234212 0.000000 0.000000
    52 0.000008 1.423420 0.000028 0.761967 0.000000 0.000000
    53 -1.546646 -3.404194 -1.915569 2.750280 1.118484 2.534731
    54 1.546661 3.404217 1.915585 -3.076191 1.031499 2.824457
    55 0.000004 -1.437820 0.000000 0.424958 0.000000 0.000000
    56 -0.000021 1.437870 0.000031 -0.074280 0.000000 0.000000
    57 -0.000002 -1.059402 0.000000 0.322075 0.000000 0.000000
    58 0.000006 1.059372 0.000008 0.911714 0.000000 0.000000
    59 -0.000004 -13.013485 -0.000004 0.010936 -0.284121 -0.076428
    60 0.161133 -10.812500 0.023087 0.010936 -0.284121 -0.076428
  time 29
    0 0.000000 0.826660 0.000001 -1.559900 -0.000006 -0.000006
    1 -10.723376 4.021813 0.943485 -0.583993 -0.363135 0.128959
    2 0.000000 14.313023 0.000003 -1.558244 0.000000 0.000000
    3 -0.000011 13.013483 -0.000005 -0.481090 0.036413 1.159376
    4 8.648438 7.792969 3.429688 2.222705 0.399521 -1.404265
    5 0.000000 -14.313034 0.000000 -1.556552 0.000000 0.000000
    6 -0.000004 -13.013485 -0.000004 0.538394 0.815277 0.754107
    7 -1.330879 -2.698427 0.462449 -0.194886 -0.547260 3.056712
    8 1.330910 2.698444 -0.462436 0.194890 0.547268 -0.084879
    9 7.281250 4.593750 -3.041016 -1.937331 -0.275423 3.010558
    10 10.570313 2.279297 -6.339844 -2.460934 -0.275417 3.010575
    11 1.806641 7.578125 -7.230469 -1.550988 -0.382996 1.806934
    12 1.376953 7.875000 -12.046875 -1.277176 -0.488708 1.819244
    13 4.531250 3.457031 -3.605469 -1.647836 -0.580608 1.782439
    14 5.968750 2.916016 -4.390625 -1.937333 -0.275414 3.010565
    15 7.558525 6.997282 -2.354134 -1.937336 -0.275393 3.010581
    16 7.558525 6.997282 -2.354134 1.937336 0.275393 -0.131011
    17 -2.867767 -2.740969 0.531125 2.051196 0.577049 -0.321829
    18 8.375000 1.621094 -7.535156 -1.937333 -0.275414 3.010565
    19 2.609375 2.375000 -5.878906 -1.937333 -0.275414 3.010565
    20 5.595486 4.607124 0.422674 -1.090396 0.577049 -0.321829
    21 6.233833 5.542564 0.898426 -1.090396 0.577049 -0.321829
    22 6.946648 6.587124 1.429667 -1.090396 0.577049 -0.321829
    23 7.537933 7.453606 1.870349 -1.090396 0.577049 -0.321829
    24 8.154472 8.357077 2.329839 -1.090396 0.577049 -0.321829
    25 8.874294 9.411907 2.866308 -1.090396 0.577049 -0.321829
    26 -4.125858 -2.321501 1.394414 2.051196 0.577049 -0.321829
    27 -4.826813 -3.348669 0.872014 2.051196 0.577049 -0.321829
    28 -5.441669 -4.249685 0.413772 2.051196 0.577049 -0.321829
    29 -0.552532 -1.343527 1.604446 -0.531397 0.349107 -0.535250
    30 0.552589 1.343534 -1.604463 -0.572352 0.200762 -0.519412
    31 0.000000 -2.021618 -0.000004 -0.140762 0.000000 0.000000
    32 -0.000021 2.021633 0.000027 -0.182286 0.000000 0.000000
    33 -0.000004 -1.136217 -0.000004 -0.537682 0.000000 0.000000
    34 -0.000011 1.136200 -0.000019 -0.591471 0.000000 0.000000
    35 -0.032677 -4.587727 1.352317 2.444718 1.216159 2.484986
    36 0.032719 4.587772 -1.352291 2.844703 1.216154 2.484990
    37 0.000000 -1.754536 -0.000002 0.193351 0.000000 0.000000
    38 -0.000006 1.754520 -0.000034 0.301016 0.000000 0.000000
    39 0.000000 -1.227020 -0.000002 0.955670 0.000000 0.000000
    40 0.000002 1.227070 0.000032 0.655020 0.000000 0.000000
    41 -0.367996 -4.208406 0.173244 2.475865 1.091695 2.536227
    42 0.368011 4.208412 -0.173239 2.894876 1.091697 2.536228
    43 0.000000 -2.372318 -0.000004 0.834666 0.000000 0.000000
    44 -0.000006 2.372318 -0.000032 0.737827 0.000000 0.000000
    45 0.000004 -1.580070 -0.000001 0.495055 0.000000 0.000000
    46 -0.000002 1.580170 0.000030 0.744518 0.000000 0.000000
    47 -0.937645 -3.860697 -0.959317 2.205251 0.797005 2.273736
    48 0.937672 3.860714 0.959333 2.990775 1.016697 2.713704
    49 0.000000 -1.690632 0.000000 0.848242 0.000000 0.000000
    50 -0.000013 1.690666 0.000021 0.568265 0.000000 0.000000
    51 -0.000002 -1.423443 0.000002 0.234212 0.000000 0.000000
    52 0.000008 1.423420 0.000028 0.761967 0.000000 0.000000
    53 -1.546646 -3.404194 -1.915569 2.750280 1.118484 2.534731
    54 1.546661 3.404217 1.915585 -3.076191 1.031499 2.824457
    55 0.000004 -1.437820 0.000000 0.424958 0.000000 0.000000
    56 -0.000021 1.437870 0.000031 -0.074280 0.000000 0.000000
    57 -0.000002 -1.059402 0.000000 0.322075 0.000000 0.000000
    58 0.000006 1.059372 0.000008 0.911714 0.000000 0.000000
    59 -0.000004 -13.013485 -0.000004 0.010936 -0.284121 -0.076428
    60 0.161133 -10.812500 0.023087 0.010936 -0.284121 -0.076428
  time 30
    0 0.000000 0.826660 0.000001 -1.559900 -0.000006 -0.000006
    1 -10.723376 4.021813 0.943485 -0.584085 -0.363087 0.129035
    2 0.000000 14.313023 0.000003 -1.558122 0.000000 0.000000
    3 -0.000011 13.013483 -0.000005 -0.481186 0.036177 1.159376
    4 8.648438 7.792969 3.429688 2.222705 0.399521 -1.404265
    5 0.000000 -14.313034 0.000000 -1.556552 0.000000 0.000000
    6 -0.000004 -13.013485 -0.000004 0.538394 0.815277 0.754107
    7 -1.330879 -2.698427 0.462449 -0.194886 -0.547260 3.056712
    8 1.330910 2.698444 -0.462436 0.194890 0.547268 -0.084879
    9 7.281250 4.593750 -3.041016 -1.937331 -0.275423 3.010558
    10 10.570313 2.279297 -6.339844 -2.460934 -0.275417 3.010575
    11 1.806641 7.578125 -7.230469 -1.550988 -0.382996 1.806934
    12 1.376953 7.875000 -12.046875 -1.277176 -0.488708 1.819244
    13 4.531250 3.457031 -3.605469 -1.647836 -0.580608 1.782439
    14 5.968750 2.916016 -4.390625 -1.937333 -0.275414 3.010565
    15 7.558525 6.997282 -2.354134 -1.937336 -0.275393 3.010581
    16 7.558525 6.997282 -2.354134 1.937336 0.275393 -0.131011
    17 -2.867767 -2.740969 0.531125 2.051196 0.577049 -0.321829
    18 8.375000 1.621094 -7.535156 -1.937333 -0.275414 3.010565
    19 2.609375 2.375000 -5.878906 -1.937333 -0.275414 3.010565
    20 5.595486 4.607124 0.422674 -1.090396 0.577049 -0.321829
    21 6.233833 5.542564 0.898426 -1.090396 0.577049 -0.321829
    22 6.946648 6.587124 1.429667 -1.090396 0.577049 -0.321829
    23 7.537933 7.453606 1.870349 -1.090396 0.577049 -0.321829
    24 8.154472 8.357077 2.329839 -1.090396 0.577049 -0.321829
    25 8.874294 9.411907 2.866308 -1.090396 0.577049 -0.321829
    26 -4.125858 -2.321501 1.394414 2.051196 0.577049 -0.321829
    27 -4.826813 -3.348669 0.872014 2.051196 0.577049 -0.321829
    28 -5.441669 -4.249685 0.413772 2.051196 0.577049 -0.321829
    29 -0.552532 -1.343527 1.604446 -0.531397 0.349107 -0.535250
    30 0.552589 1.343534 -1.604463 -0.572352 0.200762 -0.519412
    31 0.000000 -2.021618 -0.000004 -0.140762 0.000000 0.000000
    32 -0.000021 2.021633 0.000027 -0.182286 0.000000 0.000000
    33 -0.000004 -1.136217 -0.000004 -0.537682 0.000000 0.000000
    34 -0.000011 1.136200 -0.000019 -0.591471 0.000000 0.000000
    35 -0.032677 -4.587727 1.352317 2.444718 1.216159 2.484986
    36 0.032719 4.587772 -1.352291 2.844703 1.216154 2.484990
    37 0.000000 -1.754536 -0.000002 0.193351 0.000000 0.000000
    38 -0.000006 1.754520 -0.000034 0.301016 0.000000 0.000000
    39 0.000000 -1.227020 -0.000002 0.955670 0.000000 0.000000
    40 0.000002 1.227070 0.000032 0.655020 0.000000 0.000000
    41 -0.367996 -4.208406 0.173244 2.475865 1.091695 2.536227
    42 0.368011 4.208412 -0.173239 2.894876 1.091697 2.536228
    43 0.000000 -2.372318 -0.000004 0.834666 0.000000 0.000000
    44 -0.000006 2.372318 -0.000032 0.737827 0.000000 0.000000
    45 0.000004 -1.580070 -0.000001 0.495055 0.000000 0.000000
    46 -0.000002 1.580170 0.000030 0.744518 0.000000 0.000000
    47 -0.937645 -3.860697 -0.959317 2.205251 0.797005 2.273736
    48 0.937672 3.860714 0.959333 2.990775 1.016697 2.713704
    49 0.000000 -1.690632 0.000000 0.848242 0.000000 0.000000
    50 -0.000013 1.690666 0.000021 0.568265 0.000000 0.000000
    51 -0.000002 -1.423443 0.000002 0.234212 0.000000 0.000000
    52 0.000008 1.423420 0.000028 0.761967 0.000000 0.000000
    53 -1.546646 -3.404194 -1.915569 2.750280 1.118484 2.534731
    54 1.546661 3.404217 1.915585 -3.076191 1.031499 2.824457
    55 0.000004 -1.437820 0.000000 0.424958 0.000000 0.000000
    56 -0.000021 1.437870 0.000031 -0.074280 0.000000 0.000000
    57 -0.000002 -1.059402 0.000000 0.322075 0.000000 0.000000
    58 0.000006 1.059372 0.000008 0.911714 0.000000 0.000000
    59 -0.000004 -13.013485 -0.000004 0.010936 -0.284121 -0.076428
    60 0.161133 -10.812500 0.023087 0.010936 -0.284121 -0.076428
  time 31
    0 0.000000 0.826660 0.000001 -1.559900 -0.000006 -0.000006
    1 -10.723376 4.021813 0.943485 -0.584269 -0.362992 0.129111
    2 0.000000 14.313023 0.000003 -1.558000 0.000000 0.000000
    3 -0.000011 13.013483 -0.000005 -0.481377 0.035941 1.159281
    4 8.648438 7.792969 3.429688 2.222705 0.399521 -1.404265
    5 0.000000 -14.313034 0.000000 -1.556552 0.000000 0.000000
    6 -0.000004 -13.013485 -0.000004 0.538394 0.815277 0.754107
    7 -1.330879 -2.698427 0.462449 -0.194886 -0.547260 3.056712
    8 1.330910 2.698444 -0.462436 0.194890 0.547268 -0.084879
    9 7.281250 4.593750 -3.041016 -1.937331 -0.275423 3.010558
    10 10.570313 2.279297 -6.339844 -2.460934 -0.275417 3.010575
    11 1.806641 7.578125 -7.230469 -1.550988 -0.382996 1.806934
    12 1.376953 7.875000 -12.046875 -1.277176 -0.488708 1.819244
    13 4.531250 3.457031 -3.605469 -1.647836 -0.580608 1.782439
    14 5.968750 2.916016 -4.390625 -1.937333 -0.275414 3.010565
    15 7.558525 6.997282 -2.354134 -1.937336 -0.275393 3.010581
    16 7.558525 6.997282 -2.354134 1.937336 0.275393 -0.131011
    17 -2.867767 -2.740969 0.531125 2.051196 0.577049 -0.321829
    18 8.375000 1.621094 -7.535156 -1.937333 -0.275414 3.010565
    19 2.609375 2.375000 -5.878906 -1.937333 -0.275414 3.010565
    20 5.595486 4.607124 0.422674 -1.090396 0.577049 -0.321829
    21 6.233833 5.542564 0.898426 -1.090396 0.577049 -0.321829
    22 6.946648 6.587124 1.429667 -1.090396 0.577049 -0.321829
    23 7.537933 7.453606 1.870349 -1.090396 0.577049 -0.321829
    24 8.154472 8.357077 2.329839 -1.090396 0.577049 -0.321829
    25 8.874294 9.411907 2.866308 -1.090396 0.577049 -0.321829
    26 -4.125858 -2.321501 1.394414 2.051196 0.577049 -0.321829
    27 -4.826813 -3.348669 0.872014 2.051196 0.577049 -0.321829
    28 -5.441669 -4.249685 0.413772 2.051196 0.577049 -0.321829
    29 -0.552532 -1.343527 1.604446 -0.531397 0.349107 -0.535250
    30 0.552589 1.343534 -1.604463 -0.572352 0.200762 -0.519412
    31 0.000000 -2.021618 -0.000004 -0.140762 0.000000 0.000000
    32 -0.000021 2.021633 0.000027 -0.182286 0.000000 0.000000
    33 -0.000004 -1.136217 -0.000004 -0.537682 0.000000 0.000000
    34 -0.000011 1.136200 -0.000019 -0.591471 0.000000 0.000000
    35 -0.032677 -4.587727 1.352317 2.444718 1.216159 2.484986
    36 0.032719 4.587772 -1.352291 2.844703 1.216154 2.484990
    37 0.000000 -1.754536 -0.000002 0.193351 0.000000 0.000000
    38 -0.000006 1.754520 -0.000034 0.301016 0.000000 0.000000
    39 0.000000 -1.227020 -0.000002 0.955670 0.000000 0.000000
    40 0.000002 1.227070 0.000032 0.655020 0.000000 0.000000
    41 -0.367996 -4.208406 0.173244 2.475865 1.091695 2.536227
    42 0.368011 4.208412 -0.173239 2.894876 1.091697 2.536228
    43 0.000000 -2.372318 -0.000004 0.834666 0.000000 0.000000
    44 -0.000006 2.372318 -0.000032 0.737827 0.000000 0.000000
    45 0.000004 -1.580070 -0.000001 0.495055 0.000000 0.000000
    46 -0.000002 1.580170 0.000030 0.744518 0.000000 0.000000
    47 -0.937645 -3.860697 -0.959317 2.205251 0.797005 2.273736
    48 0.937672 3.860714 0.959333 2.990775 1.016697 2.713704
    49 0.000000 -1.690632 0.000000 0.848242 0.000000 0.000000
    50 -0.000013 1.690666 0.000021 0.568265 0.000000 0.000000
    51 -0.000002 -1.423443 0.000002 0.234212 0.000000 0.000000
    52 0.000008 1.423420 0.000028 0.761967 0.000000 0.000000
    53 -1.546646 -3.404194 -1.915569 2.750280 1.118484 2.534731
    54 1.546661 3.404217 1.915585 -3.076191 1.031499 2.824457
    55 0.000004 -1.437820 0.000000 0.424958 0.000000 0.000000
    56 -0.000021 1.437870 0.000031 -0.074280 0.000000 0.000000
    57 -0.000002 -1.059402 0.000000 0.322075 0.000000 0.000000
    58 0.000006 1.059372 0.000008 0.911714 0.000000 0.000000
    59 -0.000004 -13.013485 -0.000004 0.010936 -0.284121 -0.076428
    60 0.161133 -10.812500 0.023087 0.010936 -0.284121 -0.076428
  time 32
    0 0.000000 0.826660 0.000001 -1.559900 -0.000006 -0.000006
    1 -10.723376 4.021813 0.943485 -0.584545 -0.362897 0.129188
    2 0.000000 14.313023 0.000003 -1.557817 0.000000 0.000000
    3 -0.000011 13.013483 -0.000005 -0.481472 0.035658 1.159281
    4 8.648438 7.792969 3.429688 2.222705 0.399521 -1.404265
    5 0.000000 -14.313034 0.000000 -1.556552 0.000000 0.000000
    6 -0.000004 -13.013485 -0.000004 0.538394 0.815277 0.754107
    7 -1.330879 -2.698427 0.462449 -0.194886 -0.547260 3.056712
    8 1.330910 2.698444 -0.462436 0.194890 0.547268 -0.084879
    9 7.281250 4.593750 -3.041016 -1.937331 -0.275423 3.010558
    10 10.570313 2.279297 -6.339844 -2.460934 -0.275417 3.010575
    11 1.806641 7.578125 -7.230469 -1.550988 -0.382996 1.806934
    12 1.376953 7.875000 -12.046875 -1.277176 -0.488708 1.819244
    13 4.531250 3.457031 -3.605469 -1.647836 -0.580608 1.782439
    14 5.968750 2.916016 -4.390625 -1.937333 -0.275414 3.010565
    15 7.558525 6.997282 -2.354134 -1.937336 -0.275393 3.010581
    16 7.558525 6.997282 -2.354134 1.937336 0.275393 -0.131011
    17 -2.867767 -2.740969 0.531125 2.051196 0.577049 -0.321829
    18 8.375000 1.621094 -7.535156 -1.937333 -0.275414 3.010565
    19 2.609375 2.375000 -5.878906 -1.937333 -0.275414 3.010565
    20 5.595486 4.607124 0.422674 -1.090396 0.577049 -0.321829
    21 6.233833 5.542564 0.898426 -1.090396 0.577049 -0.321829
    22 6.946648 6.587124 1.429667 -1.090396 0.577049 -0.321829
    23 7.537933 7.453606 1.870349 -1.090396 0.577049 -0.321829
    24 8.154472 8.357077 2.329839 -1.090396 0.577049 -0.321829
    25 8.874294 9.411907 2.866308 -1.090396 0.577049 -0.321829
    26 -4.125858 -2.321501 1.394414 2.051196 0.577049 -0.321829
    27 -4.826813 -3.348669 0.872014 2.051196 0.577049 -0.321829
    28 -5.441669 -4.249685 0.413772 2.051196 0.577049 -0.321829
    29 -0.552532 -1.343527 1.604446 -0.531397 0.349107 -0.535250
    30 0.552589 1.343534 -1.604463 -0.572352 0.200762 -0.519412
    31 0.000000 -2.021618 -0.000004 -0.140762 0.000000 0.000000
    32 -0.000021 2.021633 0.000027 -0.182286 0.000000 0.000000
    33 -0.000004 -1.136217 -0.000004 -0.537682 0.000000 0.000000
    34 -0.000011 1.136200 -0.000019 -0.591471 0.000000 0.000000
    35 -0.032677 -4.587727 1.352317 2.444718 1.216159 2.484986
    36 0.032719 4.587772 -1.352291 2.844703 1.216154 2.484990
    37 0.000000 -1.754536 -0.000002 0.193351 0.000000 0.000000
    38 -0.000006 1.754520 -0.000034 0.301016 0.000000 0.000000
    39 0.000000 -1.227020 -0.000002 0.955670 0.000000 0.000000
    40 0.000002 1.227070 0.000032 0.655020 0.000000 0.000000
    41 -0.367996 -4.208406 0.173244 2.475865 1.091695 2.536227
    42 0.368011 4.208412 -0.173239 2.894876 1.091697 2.536228
    43 0.000000 -2.372318 -0.000004 0.834666 0.000000 0.000000
    44 -0.000006 2.372318 -0.000032 0.737827 0.000000 0.000000
    45 0.000004 -1.580070 -0.000001 0.495055 0.000000 0.000000
    46 -0.000002 1.580170 0.000030 0.744518 0.000000 0.000000
    47 -0.937645 -3.860697 -0.959317 2.205251 0.797005 2.273736
    48 0.937672 3.860714 0.959333 2.990775 1.016697 2.713704
    49 0.000000 -1.690632 0.000000 0.848242 0.000000 0.000000
    50 -0.000013 1.690666 0.000021 0.568265 0.000000 0.000000
    51 -0.000002 -1.423443 0.000002 0.234212 0.000000 0.000000
    52 0.000008 1.423420 0.000028 0.761967 0.000000 0.000000
    53 -1.546646 -3.404194 -1.915569 2.750280 1.118484 2.534731
    54 1.546661 3.404217 1.915585 -3.076191 1.031499 2.824457
    55 0.000004 -1.437820 0.000000 0.424958 0.000000 0.000000
    56 -0.000021 1.437870 0.000031 -0.074280 0.000000 0.000000
    57 -0.000002 -1.059402 0.000000 0.322075 0.000000 0.000000
    58 0.000006 1.059372 0.000008 0.911714 0.000000 0.000000
    59 -0.000004 -13.013485 -0.000004 0.010936 -0.284121 -0.076428
    60 0.161133 -10.812500 0.023087 0.010936 -0.284121 -0.076428
  time 33
    0 0.000000 0.826660 0.000001 -1.559900 -0.000006 -0.000006
    1 -10.723376 4.021813 0.943485 -0.584822 -0.362754 0.129264
    2 0.000000 14.313023 0.000003 -1.557633 0.000000 0.000000
    3 -0.000011 13.013483 -0.000005 -0.481664 0.035470 1.159185
    4 8.648438 7.792969 3.429688 2.222705 0.399521 -1.404265
    5 0.000000 -14.313034 0.000000 -1.556552 0.000000 0.000000
    6 -0.000004 -13.013485 -0.000004 0.538394 0.815277 0.754107
    7 -1.330879 -2.698427 0.462449 -0.194886 -0.547260 3.056712
    8 1.330910 2.698444 -0.462436 0.194890 0.547268 -0.084879
    9 7.281250 4.593750 -3.041016 -1.937331 -0.275423 3.010558
    10 10.570313 2.279297 -6.339844 -2.460934 -0.275417 3.010575
    11 1.806641 7.578125 -7.230469 -1.550988 -0.382996 1.806934
    12 1.376953 7.875000 -12.046875 -1.277176 -0.488708 1.819244
    13 4.531250 3.457031 -3.605469 -1.647836 -0.580608 1.782439
    14 5.968750 2.916016 -4.390625 -1.937333 -0.275414 3.010565
    15 7.558525 6.997282 -2.354134 -1.937336 -0.275393 3.010581
    16 7.558525 6.997282 -2.354134 1.937336 0.275393 -0.131011
    17 -2.867767 -2.740969 0.531125 2.051196 0.577049 -0.321829
    18 8.375000 1.621094 -7.535156 -1.937333 -0.275414 3.010565
    19 2.609375 2.375000 -5.878906 -1.937333 -0.275414 3.010565
    20 5.595486 4.607124 0.422674 -1.090396 0.577049 -0.321829
    21 6.233833 5.542564 0.898426 -1.090396 0.577049 -0.321829
    22 6.946648 6.587124 1.429667 -1.090396 0.577049 -0.321829
    23 7.537933 7.453606 1.870349 -1.090396 0.577049 -0.321829
    24 8.154472 8.357077 2.329839 -1.090396 0.577049 -0.321829
    25 8.874294 9.411907 2.866308 -1.090396 0.577049 -0.321829
    26 -4.125858 -2.321501 1.394414 2.051196 0.577049 -0.321829
    27 -4.826813 -3.348669 0.872014 2.051196 0.577049 -0.321829
    28 -5.441669 -4.249685 0.413772 2.051196 0.577049 -0.321829
    29 -0.552532 -1.343527 1.604446 -0.531397 0.349107 -0.535250
    30 0.552589 1.343534 -1.604463 -0.572352 0.200762 -0.519412
    31 0.000000 -2.021618 -0.000004 -0.140762 0.000000 0.000000
    32 -0.000021 2.021633 0.000027 -0.182286 0.000000 0.000000
    33 -0.000004 -1.136217 -0.000004 -0.537682 0.000000 0.000000
    34 -0.000011 1.136200 -0.000019 -0.591471 0.000000 0.000000
    35 -0.032677 -4.587727 1.352317 2.444718 1.216159 2.484986
    36 0.032719 4.587772 -1.352291 2.844703 1.216154 2.484990
    37 0.000000 -1.754536 -0.000002 0.193351 0.000000 0.000000
    38 -0.000006 1.754520 -0.000034 0.301016 0.000000 0.000000
    39 0.000000 -1.227020 -0.000002 0.955670 0.000000 0.000000
    40 0.000002 1.227070 0.000032 0.655020 0.000000 0.000000
    41 -0.367996 -4.208406 0.173244 2.475865 1.091695 2.536227
    42 0.368011 4.208412 -0.173239 2.894876 1.091697 2.536228
    43 0.000000 -2.372318 -0.000004 0.834666 0.000000 0.000000
    44 -0.000006 2.372318 -0.000032 0.737827 0.000000 0.000000
    45 0.000004 -1.580070 -0.000001 0.495055 0.000000 0.000000
    46 -0.000002 1.580170 0.000030 0.744518 0.000000 0.000000
    47 -0.937645 -3.860697 -0.959317 2.205251 0.797005 2.273736
    48 0.937672 3.860714 0.959333 2.990775 1.016697 2.713704
    49 0.000000 -1.690632 0.000000 0.848242 0.000000 0.000000
    50 -0.000013 1.690666 0.000021 0.568265 0.000000 0.000000
    51 -0.000002 -1.423443 0.000002 0.234212 0.000000 0.000000
    52 0.000008 1.423420 0.000028 0.761967 0.000000 0.000000
    53 -1.546646 -3.404194 -1.915569 2.750280 1.118484 2.534731
    54 1.546661 3.404217 1.915585 -3.076191 1.031499 2.824457
    55 0.000004 -1.437820 0.000000 0.424958 0.000000 0.000000
    56 -0.000021 1.437870 0.000031 -0.074280 0.000000 0.000000
    57 -0.000002 -1.059402 0.000000 0.322075 0.000000 0.000000
    58 0.000006 1.059372 0.000008 0.911714 0.000000 0.000000
    59 -0.000004 -13.013485 -0.000004 0.010936 -0.284121 -0.076428
    60 0.161133 -10.812500 0.023087 0.010936 -0.284121 -0.076428
  time 34
    0 0.000000 0.826660 0.000001 -1.559900 -0.000006 -0.000006
    1 -10.723376 4.021813 0.943485 -0.585006 -0.362658 0.129340
    2 0.000000 14.313023 0.000003 -1.557328 0.000000 0.000000
    3 -0.000011 13.013483 -0.000005 -0.481759 0.035234 1.159185
    4 8.648438 7.792969 3.429688 2.222705 0.399521 -1.404265
    5 0.000000 -14.313034 0.000000 -1.556552 0.000000 0.000000
    6 -0.000004 -13.013485 -0.000004 0.538394 0.815277 0.754107
    7 -1.330879 -2.698427 0.462449 -0.194886 -0.547260 3.056712
    8 1.330910 2.698444 -0.462436 0.194890 0.547268 -0.084879
    9 7.281250 4.593750 -3.041016 -1.937331 -0.275423 3.010558
    10 10.570313 2.279297 -6.339844 -2.460934 -0.275417 3.010575
    11 1.806641 7.578125 -7.230469 -1.550988 -0.382996 1.806934
    12 1.376953 7.875000 -12.046875 -1.277176 -0.488708 1.819244
    13 4.531250 3.457031 -3.605469 -1.647836 -0.580608 1.782439
    14 5.968750 2.916016 -4.390625 -1.937333 -0.275414 3.010565
    15 7.558525 6.997282 -2.354134 -1.937336 -0.275393 3.010581
    16 7.558525 6.997282 -2.354134 1.937336 0.275393 -0.131011
    17 -2.867767 -2.740969 0.531125 2.051196 0.577049 -0.321829
    18 8.375000 1.621094 -7.535156 -1.937333 -0.275414 3.010565
    19 2.609375 2.375000 -5.878906 -1.937333 -0.275414 3.010565
    20 5.595486 4.607124 0.422674 -1.090396 0.577049 -0.321829
    21 6.233833 5.542564 0.898426 -1.090396 0.577049 -0.321829
    22 6.946648 6.587124 1.429667 -1.090396 0.577049 -0.321829
    23 7.537933 7.453606 1.870349 -1.090396 0.577049 -0.321829
    24 8.154472 8.357077 2.329839 -1.090396 0.577049 -0.321829
    25 8.874294 9.411907 2.866308 -1.090396 0.577049 -0.321829
    26 -4.125858 -2.321501 1.394414 2.051196 0.577049 -0.321829
    27 -4.826813 -3.348669 0.872014 2.051196 0.577049 -0.321829
    28 -5.441669 -4.249685 0.413772 2.051196 0.577049 -0.321829
    29 -0.552532 -1.343527 1.604446 -0.531397 0.349107 -0.535250
    30 0.552589 1.343534 -1.604463 -0.572352 0.200762 -0.519412
    31 0.000000 -2.021618 -0.000004 -0.140762 0.000000 0.000000
    32 -0.000021 2.021633 0.000027 -0.182286 0.000000 0.000000
    33 -0.000004 -1.136217 -0.000004 -0.537682 0.000000 0.000000
    34 -0.000011 1.136200 -0.000019 -0.591471 0.000000 0.000000
    35 -0.032677 -4.587727 1.352317 2.444718 1.216159 2.484986
    36 0.032719 4.587772 -1.352291 2.844703 1.216154 2.484990
    37 0.000000 -1.754536 -0.000002 0.193351 0.000000 0.000000
    38 -0.000006 1.754520 -0.000034 0.301016 0.000000 0.000000
    39 0.000000 -1.227020 -0.000002 0.955670 0.000000 0.000000
    40 0.000002 1.227070 0.000032 0.655020 0.000000 0.000000
    41 -0.367996 -4.208406 0.173244 2.475865 1.091695 2.536227
    42 0.368011 4.208412 -0.173239 2.894876 1.091697 2.536228
    43 0.000000 -2.372318 -0.000004 0.834666 0.000000 0.000000
    44 -0.000006 2.372318 -0.000032 0.737827 0.000000 0.000000
    45 0.000004 -1.580070 -0.000001 0.495055 0.000000 0.000000
    46 -0.000002 1.580170 0.000030 0.744518 0.000000 0.000000
    47 -0.937645 -3.860697 -0.959317 2.205251 0.797005 2.273736
    48 0.937672 3.860714 0.959333 2.990775 1.016697 2.713704
    49 0.000000 -1.690632 0.000000 0.848242 0.000000 0.000000
    50 -0.000013 1.690666 0.000021 0.568265 0.000000 0.000000
    51 -0.000002 -1.423443 0.000002 0.234212 0.000000 0.000000
    52 0.000008 1.423420 0.000028 0.761967 0.000000 0.000000
    53 -1.546646 -3.404194 -1.915569 2.750280 1.118484 2.534731
    54 1.546661 3.404217 1.915585 -3.076191 1.031499 2.824457
    55 0.000004 -1.437820 0.000000 0.424958 0.000000 0.000000
    56 -0.000021 1.437870 0.000031 -0.074280 0.000000 0.000000
    57 -0.000002 -1.059402 0.000000 0.322075 0.000000 0.000000
    58 0.000006 1.059372 0.000008 0.911714 0.000000 0.000000
    59 -0.000004 -13.013485 -0.000004 0.010936 -0.284121 -0.076428
    60 0.161133 -10.812500 0.023087 0.010936 -0.284121 -0.076428
  time 35
    0 0.000000 0.826660 0.000001 -1.559900 -0.000006 -0.000006
    1 -10.723376 4.021813 0.943485 -0.585467 -0.362467 0.129417
    2 0.000000 14.313023 0.000003 -1.557083 0.000000 0.000000
    3 -0.000011 13.013483 -0.000005 -0.481950 0.034951 1.159089
    4 8.648438 7.792969 3.429688 2.222705 0.399521 -1.404265
    5 0.000000 -14.313034 0.000000 -1.556552 0.000000 0.000000
    6 -0.000004 -13.013485 -0.000004 0.538394 0.815277 0.754107
    7 -1.330879 -2.698427 0.462449 -0.194886 -0.547260 3.056712
    8 1.330910 2.698444 -0.462436 0.194890 0.547268 -0.084879
    9 7.281250 4.593750 -3.041016 -1.937331 -0.275423 3.010558
    10 10.570313 2.279297 -6.339844 -2.460934 -0.275417 3.010575
    11 1.806641 7.578125 -7.230469 -1.550988 -0.382996 1.806934
    12 1.376953 7.875000 -12.046875 -1.277176 -0.488708 1.819244
    13 4.531250 3.457031 -3.605469 -1.647836 -0.580608 1.782439
    14 5.968750 2.916016 -4.390625 -1.937333 -0.275414 3.010565
    15 7.558525 6.997282 -2.354134 -1.937336 -0.275393 3.010581
    16 7.558525 6.997282 -2.354134 1.937336 0.275393 -0.131011
    17 -2.867767 -2.740969 0.531125 2.051196 0.577049 -0.321829
    18 8.375000 1.621094 -7.535156 -1.937333 -0.275414 3.010565
    19 2.609375 2.375000 -5.878906 -1.937333 -0.275414 3.010565
    20 5.595486 4.607124 0.422674 -1.090396 0.577049 -0.321829
    21 6.233833 5.542564 0.898426 -1.090396 0.577049 -0.321829
    22 6.946648 6.587124 1.429667 -1.090396 0.577049 -0.321829
    23 7.537933 7.453606 1.870349 -1.090396 0.577049 -0.321829
    24 8.154472 8.357077 2.329839 -1.090396 0.577049 -0.321829
    25 8.874294 9.411907 2.866308 -1.090396 0.577049 -0.321829
    26 -4.125858 -2.321501 1.394414 2.051196 0.577049 -0.321829
    27 -4.826813 -3.348669 0.872014 2.051196 0.577049 -0.321829
    28 -5.441669 -4.249685 0.413772 2.051196 0.577049 -0.321829
    29 -0.552532 -1.343527 1.604446 -0.531397 0.349107 -0.535250
    30 0.552589 1.343534 -1.604463 -0.572352 0.200762 -0.519412
    31 0.000000 -2.021618 -0.000004 -0.140762 0.000000 0.000000
    32 -0.000021 2.021633 0.000027 -0.182286 0.000000 0.000000
    33 -0.000004 -1.136217 -0.000004 -0.537682 0.000000 0.000000
    34 -0.000011 1.136200 -0.000019 -0.591471 0.000000 0.000000
    35 -0.032677 -4.587727 1.352317 2.444718 1.216159 2.484986
    36 0.032719 4.587772 -1.352291 2.844703 1.216154 2.484990
    37 0.000000 -1.754536 -0.000002 0.193351 0.000000 0.000000
    38 -0.000006 1.754520 -0.000034 0.301016 0.000000 0.000000
    39 0.000000 -1.227020 -0.000002 0.955670 0.000000 0.000000
    40 0.000002 1.227070 0.000032 0.655020 0.000000 0.000000
    41 -0.367996 -4.208406 0.173244 2.475865 1.091695 2.536227
    42 0.368011 4.208412 -0.173239 2.894876 1.091697 2.536228
    43 0.000000 -2.372318 -0.000004 0.834666 0.000000 0.000000
    44 -0.000006 2.372318 -0.000032 0.737827 0.000000 0.000000
    45 0.000004 -1.580070 -0.000001 0.495055 0.000000 0.000000
    46 -0.000002 1.580170 0.000030 0.744518 0.000000 0.000000
    47 -0.937645 -3.860697 -0.959317 2.205251 0.797005 2.273736
    48 0.937672 3.860714 0.959333 2.990775 1.016697 2.713704
    49 0.000000 -1.690632 0.000000 0.848242 0.000000 0.000000
    50 -0.000013 1.690666 0.000021 0.568265 0.000000 0.000000
    51 -0.000002 -1.423443 0.000002 0.234212 0.000000 0.000000
    52 0.000008 1.423420 0.000028 0.761967 0.000000 0.000000
    53 -1.546646 -3.404194 -1.915569 2.750280 1.118484 2.534731
    54 1.546661 3.404217 1.915585 -3.076191 1.031499 2.824457
    55 0.000004 -1.437820 0.000000 0.424958 0.000000 0.000000
    56 -0.000021 1.437870 0.000031 -0.074280 0.000000 0.000000
    57 -0.000002 -1.059402 0.000000 0.322075 0.000000 0.000000
    58 0.000006 1.059372 0.000008 0.911714 0.000000 0.000000
    59 -0.000004 -13.013485 -0.000004 0.010936 -0.284121 -0.076428
    60 0.161133 -10.812500 0.023087 0.010936 -0.284121 -0.076428
  time 36
    0 0.000000 0.826660 0.000001 -1.559900 -0.000006 -0.000006
    1 -10.723376 4.021813 0.943485 -0.585651 -0.362324 0.129493
    2 0.000000 14.313023 0.000003 -1.556778 0.000000 0.000000
    3 -0.000011 13.013483 -0.000005 -0.482046 0.034668 1.158993
    4 8.648438 7.792969 3.429688 2.222705 0.399521 -1.404265
    5 0.000000 -14.313034 0.000000 -1.556552 0.000000 0.000000
    6 -0.000004 -13.013485 -0.000004 0.538394 0.815277 0.754107
    7 -1.330879 -2.698427 0.462449 -0.194886 -0.547260 3.056712
    8 1.330910 2.698444 -0.462436 0.194890 0.547268 -0.084879
    9 7.281250 4.593750 -3.041016 -1.937331 -0.275423 3.010558
    10 10.570313 2.279297 -6.339844 -2.460934 -0.275417 3.010575
    11 1.806641 7.578125 -7.230469 -1.550988 -0.382996 1.806934
    12 1.376953 7.875000 -12.046875 -1.277176 -0.488708 1.819244
    13 4.531250 3.457031 -3.605469 -1.647836 -0.580608 1.782439
    14 5.968750 2.916016 -4.390625 -1.937333 -0.275414 3.010565
    15 7.558525 6.997282 -2.354134 -1.937336 -0.275393 3.010581
    16 7.558525 6.997282 -2.354134 1.937336 0.275393 -0.131011
    17 -2.867767 -2.740969 0.531125 2.051196 0.577049 -0.321829
    18 8.375000 1.621094 -7.535156 -1.937333 -0.275414 3.010565
    19 2.609375 2.375000 -5.878906 -1.937333 -0.275414 3.010565
    20 5.595486 4.607124 0.422674 -1.090396 0.577049 -0.321829
    21 6.233833 5.542564 0.898426 -1.090396 0.577049 -0.321829
    22 6.946648 6.587124 1.429667 -1.090396 0.577049 -0.321829
    23 7.537933 7.453606 1.870349 -1.090396 0.577049 -0.321829
    24 8.154472 8.357077 2.329839 -1.090396 0.577049 -0.321829
    25 8.874294 9.411907 2.866308 -1.090396 0.577049 -0.321829
    26 -4.125858 -2.321501 1.394414 2.051196 0.577049 -0.321829
    27 -4.826813 -3.348669 0.872014 2.051196 0.577049 -0.321829
    28 -5.441669 -4.249685 0.413772 2.051196 0.577049 -0.321829
    29 -0.552532 -1.343527 1.604446 -0.531397 0.349107 -0.535250
    30 0.552589 1.343534 -1.604463 -0.572352 0.200762 -0.519412
    31 0.000000 -2.021618 -0.000004 -0.140762 0.000000 0.000000
    32 -0.000021 2.021633 0.000027 -0.182286 0.000000 0.000000
    33 -0.000004 -1.136217 -0.000004 -0.537682 0.000000 0.000000
    34 -0.000011 1.136200 -0.000019 -0.591471 0.000000 0.000000
    35 -0.032677 -4.587727 1.352317 2.444718 1.216159 2.484986
    36 0.032719 4.587772 -1.352291 2.844703 1.216154 2.484990
    37 0.000000 -1.754536 -0.000002 0.193351 0.000000 0.000000
    38 -0.000006 1.754520 -0.000034 0.301016 0.000000 0.000000
    39 0.000000 -1.227020 -0.000002 0.955670 0.000000 0.000000
    40 0.000002 1.227070 0.000032 0.655020 0.000000 0.000000
    41 -0.367996 -4.208406 0.173244 2.475865 1.091695 2.536227
    42 0.368011 4.208412 -0.173239 2.894876 1.091697 2.536228
    43 0.000000 -2.372318 -0.000004 0.834666 0.000000 0.000000
    44 -0.000006 2.372318 -0.000032 0.737827 0.000000 0.000000
    45 0.000004 -1.580070 -0.000001 0.495055 0.000000 0.000000
    46 -0.000002 1.580170 0.000030 0.744518 0.000000 0.000000
    47 -0.937645 -3.860697 -0.959317 2.205251 0.797005 2.273736
    48 0.937672 3.860714 0.959333 2.990775 1.016697 2.713704
    49 0.000000 -1.690632 0.000000 0.848242 0.000000 0.000000
    50 -0.000013 1.690666 0.000021 0.568265 0.000000 0.000000
    51 -0.000002 -1.423443 0.000002 0.234212 0.000000 0.000000
    52 0.000008 1.423420 0.000028 0.761967 0.000000 0.000000
    53 -1.546646 -3.404194 -1.915569 2.750280 1.118484 2.534731
    54 1.546661 3.404217 1.915585 -3.076191 1.031499 2.824457
    55 0.000004 -1.437820 0.000000 0.424958 0.000000 0.000000
    56 -0.000021 1.437870 0.000031 -0.074280 0.000000 0.000000
    57 -0.000002 -1.059402 0.000000 0.322075 0.000000 0.000000
    58 0.000006 1.059372 0.000008 0.911714 0.000000 0.000000
    59 -0.000004 -13.013485 -0.000004 0.010936 -0.284121 -0.076428
    60 0.161133 -10.812500 0.023087 0.010936 -0.284121 -0.076428
  time 37
    0 0.000000 0.826660 0.000001 -1.559900 -0.000006 -0.000006
    1 -10.723376 4.021813 0.943485 -0.586112 -0.362181 0.129646
    2 0.000000 14.313023 0.000003 -1.556472 0.000000 0.000000
    3 -0.000011 13.013483 -0.000005 -0.482237 0.034432 1.158801
    4 8.648438 7.792969 3.429688 2.222705 0.399521 -1.404265
    5 0.000000 -14.313034 0.000000 -1.556552 0.000000 0.000000
    6 -0.000004 -13.013485 -0.000004 0.538394 0.815277 0.754107
    7 -1.330879 -2.698427 0.462449 -0.194886 -0.547260 3.056712
    8 1.330910 2.698444 -0.462436 0.194890 0.547268 -0.084879
    9 7.281250 4.593750 -3.041016 -1.937331 -0.275423 3.010558
    10 10.570313 2.279297 -6.339844 -2.460934 -0.275417 3.010575
    11 1.806641 7.578125 -7.230469 -1.550988 -0.382996 1.806934
    12 1.376953 7.875000 -12.046875 -1.277176 -0.488708 1.819244
    13 4.531250 3.457031 -3.605469 -1.647836 -0.580608 1.782439
    14 5.968750 2.916016 -4.390625 -1.937333 -0.275414 3.010565
    15 7.558525 6.997282 -2.354134 -1.937336 -0.275393 3.010581
    16 7.558525 6.997282 -2.354134 1.937336 0.275393 -0.131011
    17 -2.867767 -2.740969 0.531125 2.051196 0.577049 -0.321829
    18 8.375000 1.621094 -7.535156 -1.937333 -0.275414 3.010565
    19 2.609375 2.375000 -5.878906 -1.937333 -0.275414 3.010565
    20 5.595486 4.607124 0.422674 -1.090396 0.577049 -0.321829
    21 6.233833 5.542564 0.898426 -1.090396 0.577049 -0.321829
    22 6.946648 6.587124 1.429667 -1.090396 0.577049 -0.321829
    23 7.537933 7.453606 1.870349 -1.090396 0.577049 -0.321829
    24 8.154472 8.357077 2.329839 -1.090396 0.577049 -0.321829
    25 8.874294 9.411907 2.866308 -1.090396 0.577049 -0.321829
    26 -4.125858 -2.321501 1.394414 2.051196 0.577049 -0.321829
    27 -4.826813 -3.348669 0.872014 2.051196 0.577049 -0.321829
    28 -5.441669 -4.249685 0.413772 2.051196 0.577049 -0.321829
    29 -0.552532 -1.343527 1.604446 -0.531397 0.349107 -0.535250
    30 0.552589 1.343534 -1.604463 -0.572352 0.200762 -0.519412
    31 0.000000 -2.021618 -0.000004 -0.140762 0.000000 0.000000
    32 -0.000021 2.021633 0.000027 -0.182286 0.000000 0.000000
    33 -0.000004 -1.136217 -0.000004 -0.537682 0.000000 0.000000
    34 -0.000011 1.136200 -0.000019 -0.591471 0.000000 0.000000
    35 -0.032677 -4.587727 1.352317 2.444718 1.216159 2.484986
    36 0.032719 4.587772 -1.352291 2.844703 1.216154 2.484990
    37 0.000000 -1.754536 -0.000002 0.193351 0.000000 0.000000
    38 -0.000006 1.754520 -0.000034 0.301016 0.000000 0.000000
    39 0.000000 -1.227020 -0.000002 0.955670 0.000000 0.000000
    40 0.000002 1.227070 0.000032 0.655020 0.000000 0.000000
    41 -0.367996 -4.208406 0.173244 2.475865 1.091695 2.536227
    42 0.368011 4.208412 -0.173239 2.894876 1.091697 2.536228
    43 0.000000 -2.372318 -0.000004 0.834666 0.000000 0.000000
    44 -0.000006 2.372318 -0.000032 0.737827 0.000000 0.000000
    45 0.000004 -1.580070 -0.000001 0.495055 0.000000 0.000000
    46 -0.000002 1.580170 0.000030 0.744518 0.000000 0.000000
    47 -0.937645 -3.860697 -0.959317 2.205251 0.797005 2.273736
    48 0.937672 3.860714 0.959333 2.990775 1.016697 2.713704
    49 0.000000 -1.690632 0.000000 0.848242 0.000000 0.000000
    50 -0.000013 1.690666 0.000021 0.568265 0.000000 0.000000
    51 -0.000002 -1.423443 0.000002 0.234212 0.000000 0.000000
    52 0.000008 1.423420 0.000028 0.761967 0.000000 0.000000
    53 -1.546646 -3.404194 -1.915569 2.750280 1.118484 2.534731
    54 1.546661 3.404217 1.915585 -3.076191 1.031499 2.824457
    55 0.000004 -1.437820 0.000000 0.424958 0.000000 0.000000
    56 -0.000021 1.437870 0.000031 -0.074280 0.000000 0.000000
    57 -0.000002 -1.059402 0.000000 0.322075 0.000000 0.000000
    58 0.000006 1.059372 0.000008 0.911714 0.000000 0.000000
    59 -0.000004 -13.013485 -0.000004 0.010936 -0.284121 -0.076428
    60 0.161133 -10.812500 0.023087 0.010936 -0.284121 -0.076428
  time 38
    0 0.000000 0.826660 0.000001 -1.559900 -0.000006 -0.000006
    1 -10.723376 4.021813 0.943485 -0.586296 -0.362038 0.129722
    2 0.000000 14.313023 0.000003 -1.556167 0.000000 0.000000
    3 -0.000011 13.013483 -0.000005 -0.482428 0.034196 1.158610
    4 8.648438 7.792969 3.429688 2.222705 0.399521 -1.404265
    5 0.000000 -14.313034 0.000000 -1.556552 0.000000 0.000000
    6 -0.000004 -13.013485 -0.000004 0.538394 0.815277 0.754107
    7 -1.330879 -2.698427 0.462449 -0.194886 -0.547260 3.056712
    8 1.330910 2.698444 -0.462436 0.194890 0.547268 -0.084879
    9 7.281250 4.593750 -3.041016 -1.937331 -0.275423 3.010558
    10 10.570313 2.279297 -6.339844 -2.460934 -0.275417 3.010575
    11 1.806641 7.578125 -7.230469 -1.550988 -0.382996 1.806934
    12 1.376953 7.875000 -12.046875 -1.277176 -0.488708 1.819244
    13 4.531250 3.457031 -3.605469 -1.647836 -0.580608 1.782439
    14 5.968750 2.916016 -4.390625 -1.937333 -0.275414 3.010565
    15 7.558525 6.997282 -2.354134 -1.937336 -0.275393 3.010581
    16 7.558525 6.997282 -2.354134 1.937336 0.275393 -0.131011
    17 -2.867767 -2.740969 0.531125 2.051196 0.577049 -0.321829
    18 8.375000 1.621094 -7.535156 -1.937333 -0.275414 3.010565
    19 2.609375 2.375000 -5.878906 -1.937333 -0.275414 3.010565
    20 5.595486 4.607124 0.422674 -1.090396 0.577049 -0.321829
    21 6.233833 5.542564 0.898426 -1.090396 0.577049 -0.321829
    22 6.946648 6.587124 1.429667 -1.090396 0.577049 -0.321829
    23 7.537933 7.453606 1.870349 -1.090396 0.577049 -0.321829
    24 8.154472 8.357077 2.329839 -1.090396 0.577049 -0.321829
    25 8.874294 9.411907 2.866308 -1.090396 0.577049 -0.321829
    26 -4.125858 -2.321501 1.394414 2.051196 0.577049 -0.321829
    27 -4.826813 -3.348669 0.872014 2.051196 0.577049 -0.321829
    28 -5.441669 -4.249685 0.413772 2.051196 0.577049 -0.321829
    29 -0.552532 -1.343527 1.604446 -0.531397 0.349107 -0.535250
    30 0.552589 1.343534 -1.604463 -0.572352 0.200762 -0.519412
    31 0.000000 -2.021618 -0.000004 -0.140762 0.000000 0.000000
    32 -0.000021 2.021633 0.000027 -0.182286 0.000000 0.000000
    33 -0.000004 -1.136217 -0.000004 -0.537682 0.000000 0.000000
    34 -0.000011 1.136200 -0.000019 -0.591471 0.000000 0.000000
    35 -0.032677 -4.587727 1.352317 2.444718 1.216159 2.484986
    36 0.032719 4.587772 -1.352291 2.844703 1.216154 2.484990
    37 0.000000 -1.754536 -0.000002 0.193351 0.000000 0.000000
    38 -0.000006 1.754520 -0.000034 0.301016 0.000000 0.000000
    39 0.000000 -1.227020 -0.000002 0.955670 0.000000 0.000000
    40 0.000002 1.227070 0.000032 0.655020 0.000000 0.000000
    41 -0.367996 -4.208406 0.173244 2.475865 1.091695 2.536227
    42 0.368011 4.208412 -0.173239 2.894876 1.091697 2.536228
    43 0.000000 -2.372318 -0.000004 0.834666 0.000000 0.000000
    44 -0.000006 2.372318 -0.000032 0.737827 0.000000 0.000000
    45 0.000004 -1.580070 -0.000001 0.495055 0.000000 0.000000
    46 -0.000002 1.580170 0.000030 0.744518 0.000000 0.000000
    47 -0.937645 -3.860697 -0.959317 2.205251 0.797005 2.273736
    48 0.937672 3.860714 0.959333 2.990775 1.016697 2.713704
    49 0.000000 -1.690632 0.000000 0.848242 0.000000 0.000000
    50 -0.000013 1.690666 0.000021 0.568265 0.000000 0.000000
    51 -0.000002 -1.423443 0.000002 0.234212 0.000000 0.000000
    52 0.000008 1.423420 0.000028 0.761967 0.000000 0.000000
    53 -1.546646 -3.404194 -1.915569 2.750280 1.118484 2.534731
    54 1.546661 3.404217 1.915585 -3.076191 1.031499 2.824457
    55 0.000004 -1.437820 0.000000 0.424958 0.000000 0.000000
    56 -0.000021 1.437870 0.000031 -0.074280 0.000000 0.000000
    57 -0.000002 -1.059402 0.000000 0.322075 0.000000 0.000000
    58 0.000006 1.059372 0.000008 0.911714 0.000000 0.000000
    59 -0.000004 -13.013485 -0.000004 0.010936 -0.284121 -0.076428
    60 0.161133 -10.812500 0.023087 0.010936 -0.284121 -0.076428
  time 39
    0 0.000000 0.826660 0.000001 -1.559900 -0.000006 -0.000006
    1 -10.723376 4.021813 0.943485 -0.586757 -0.361895 0.129875
    2 0.000000 14.313023 0.000003 -1.555861 0.000000 0.000000
    3 -0.000011 13.013483 -0.000005 -0.482523 0.033960 1.158514
    4 8.648438 7.792969 3.429688 2.222705 0.399521 -1.404265
    5 0.000000 -14.313034 0.000000 -1.556552 0.000000 0.000000
    6 -0.000004 -13.013485 -0.000004 0.538394 0.815277 0.754107
    7 -1.330879 -2.698427 0.462449 -0.194886 -0.547260 3.056712
    8 1.330910 2.698444 -0.462436 0.194890 0.547268 -0.084879
    9 7.281250 4.593750 -3.041016 -1.937331 -0.275423 3.010558
    10 10.570313 2.279297 -6.339844 -2.460934 -0.275417 3.010575
    11 1.806641 7.578125 -7.230469 -1.550988 -0.382996 1.806934
    12 1.376953 7.875000 -12.046875 -1.277176 -0.488708 1.819244
    13 4.531250 3.457031 -3.605469 -1.647836 -0.580608 1.782439
    14 5.968750 2.916016 -4.390625 -1.937333 -0.275414 3.010565
    15 7.558525 6.997282 -2.354134 -1.937336 -0.275393 3.010581
    16 7.558525 6.997282 -2.354134 1.937336 0.275393 -0.131011
    17 -2.867767 -2.740969 0.531125 2.051196 0.577049 -0.321829
    18 8.375000 1.621094 -7.535156 -1.937333 -0.275414 3.010565
    19 2.609375 2.375000 -5.878906 -1.937333 -0.275414 3.010565
    20 5.595486 4.607124 0.422674 -1.090396 0.577049 -0.321829
    21 6.233833 5.542564 0.898426 -1.090396 0.577049 -0.321829
    22 6.946648 6.587124 1.429667 -1.090396 0.577049 -0.321829
    23 7.537933 7.453606 1.870349 -1.090396 0.577049 -0.321829
    24 8.154472 8.357077 2.329839 -1.090396 0.577049 -0.321829
    25 8.874294 9.411907 2.866308 -1.090396 0.577049 -0.321829
    26 -4.125858 -2.321501 1.394414 2.051196 0.577049 -0.321829
    27 -4.826813 -3.348669 0.872014 2.051196 0.577049 -0.321829
    28 -5.441669 -4.249685 0.413772 2.051196 0.577049 -0.321829
    29 -0.552532 -1.343527 1.604446 -0.531397 0.349107 -0.535250
    30 0.552589 1.343534 -1.604463 -0.572352 0.200762 -0.519412
    31 0.000000 -2.021618 -0.000004 -0.140762 0.000000 0.000000
    32 -0.000021 2.021633 0.000027 -0.182286 0.000000 0.000000
    33 -0.000004 -1.136217 -0.000004 -0.537682 0.000000 0.000000
    34 -0.000011 1.136200 -0.000019 -0.591471 0.000000 0.000000
    35 -0.032677 -4.587727 1.352317 2.444718 1.216159 2.484986
    36 0.032719 4.587772 -1.352291 2.844703 1.216154 2.484990
    37 0.000000 -1.754536 -0.000002 0.193351 0.000000 0.000000
    38 -0.000006 1.754520 -0.000034 0.301016 0.000000 0.000000
    39 0.000000 -1.227020 -0.000002 0.955670 0.000000 0.000000
    40 0.000002 1.227070 0.000032 0.655020 0.000000 0.000000
    41 -0.367996 -4.208406 0.173244 2.475865 1.091695 2.536227
    42 0.368011 4.208412 -0.173239 2.894876 1.091697 2.536228
    43 0.000000 -2.372318 -0.000004 0.834666 0.000000 0.000000
    44 -0.000006 2.372318 -0.000032 0.737827 0.000000 0.000000
    45 0.000004 -1.580070 -0.000001 0.495055 0.000000 0.000000
    46 -0.000002 1.580170 0.000030 0.744518 0.000000 0.000000
    47 -0.937645 -3.860697 -0.959317 2.205251 0.797005 2.273736
    48 0.937672 3.860714 0.959333 2.990775 1.016697 2.713704
    49 0.000000 -1.690632 0.000000 0.848242 0.000000 0.000000
    50 -0.000013 1.690666 0.000021 0.568265 0.000000 0.000000
    51 -0.000002 -1.423443 0.000002 0.234212 0.000000 0.000000
    52 0.000008 1.423420 0.000028 0.761967 0.000000 0.000000
    53 -1.546646 -3.404194 -1.915569 2.750280 1.118484 2.534731
    54 1.546661 3.404217 1.915585 -3.076191 1.031499 2.824457
    55 0.000004 -1.437820 0.000000 0.424958 0.000000 0.000000
    56 -0.000021 1.437870 0.000031 -0.074280 0.000000 0.000000
    57 -0.000002 -1.059402 0.000000 0.322075 0.000000 0.000000
    58 0.000006 1.059372 0.000008 0.911714 0.000000 0.000000
    59 -0.000004 -13.013485 -0.000004 0.010936 -0.284121 -0.076428
    60 0.161133 -10.812500 0.023087 0.010936 -0.284121 -0.076428
  time 40
    0 0.000000 0.826660 0.000001 -1.559900 -0.000006 -0.000006
    1 -10.723376 4.021813 0.943485 -0.587126 -0.361752 0.129952
    2 0.000000 14.313023 0.000003 -1.555556 0.000000 0.000000
    3 -0.000011 13.013483 -0.000005 -0.482715 0.033772 1.158514
    4 8.648438 7.792969 3.429688 2.222705 0.399521 -1.404265
    5 0.000000 -14.313034 0.000000 -1.556552 0.000000 0.000000
    6 -0.000004 -13.013485 -0.000004 0.538394 0.815277 0.754107
    7 -1.330879 -2.698427 0.462449 -0.194886 -0.547260 3.056712
    8 1.330910 2.698444 -0.462436 0.194890 0.547268 -0.084879
    9 7.281250 4.593750 -3.041016 -1.937331 -0.275423 3.010558
    10 10.570313 2.279297 -6.339844 -2.460934 -0.275417 3.010575
    11 1.806641 7.578125 -7.230469 -1.550988 -0.382996 1.806934
    12 1.376953 7.875000 -12.046875 -1.277176 -0.488708 1.819244
    13 4.531250 3.457031 -3.605469 -1.647836 -0.580608 1.782439
    14 5.968750 2.916016 -4.390625 -1.937333 -0.275414 3.010565
    15 7.558525 6.997282 -2.354134 -1.937336 -0.275393 3.010581
    16 7.558525 6.997282 -2.354134 1.937336 0.275393 -0.131011
    17 -2.867767 -2.740969 0.531125 2.051196 0.577049 -0.321829
    18 8.375000 1.621094 -7.535156 -1.937333 -0.275414 3.010565
    19 2.609375 2.375000 -5.878906 -1.937333 -0.275414 3.010565
    20 5.595486 4.607124 0.422674 -1.090396 0.577049 -0.321829
    21 6.233833 5.542564 0.898426 -1.090396 0.577049 -0.321829
    22 6.946648 6.587124 1.429667 -1.090396 0.577049 -0.321829
    23 7.537933 7.453606 1.870349 -1.090396 0.577049 -0.321829
    24 8.154472 8.357077 2.329839 -1.090396 0.577049 -0.321829
    25 8.874294 9.411907 2.866308 -1.090396 0.577049 -0.321829
    26 -4.125858 -2.321501 1.394414 2.051196 0.577049 -0.321829
    27 -4.826813 -3.348669 0.872014 2.051196 0.577049 -0.321829
    28 -5.441669 -4.249685 0.413772 2.051196 0.577049 -0.321829
    29 -0.552532 -1.343527 1.604446 -0.531397 0.349107 -0.535250
    30 0.552589 1.343534 -1.604463 -0.572352 0.200762 -0.519412
    31 0.000000 -2.021618 -0.000004 -0.140762 0.000000 0.000000
    32 -0.000021 2.021633 0.000027 -0.182286 0.000000 0.000000
    33 -0.000004 -1.136217 -0.000004 -0.537682 0.000000 0.000000
    34 -0.000011 1.136200 -0.000019 -0.591471 0.000000 0.000000
    35 -0.032677 -4.587727 1.352317 2.444718 1.216159 2.484986
    36 0.032719 4.587772 -1.352291 2.844703 1.216154 2.484990
    37 0.000000 -1.754536 -0.000002 0.193351 0.000000 0.000000
    38 -0.000006 1.754520 -0.000034 0.301016 0.000000 0.000000
    39 0.000000 -1.227020 -0.000002 0.955670 0.000000 0.000000
    40 0.000002 1.227070 0.000032 0.655020 0.000000 0.000000
    41 -0.367996 -4.208406 0.173244 2.475865 1.091695 2.536227
    42 0.368011 4.208412 -0.173239 2.894876 1.091697 2.536228
    43 0.000000 -2.372318 -0.000004 0.834666 0.000000 0.000000
    44 -0.000006 2.372318 -0.000032 0.737827 0.000000 0.000000
    45 0.000004 -1.580070 -0.000001 0.495055 0.000000 0.000000
    46 -0.000002 1.580170 0.000030 0.744518 0.000000 0.000000
    47 -0.937645 -3.860697 -0.959317 2.205251 0.797005 2.273736
    48 0.937672 3.860714 0.959333 2.990775 1.016697 2.713704
    49 0.000000 -1.690632 0.000000 0.848242 0.000000 0.000000
    50 -0.000013 1.690666 0.000021 0.568265 0.000000 0.000000
    51 -0.000002 -1.423443 0.000002 0.234212 0.000000 0.000000
    52 0.000008 1.423420 0.000028 0.761967 0.000000 0.000000
    53 -1.546646 -3.404194 -1.915569 2.750280 1.118484 2.534731
    54 1.546661 3.404217 1.915585 -3.076191 1.031499 2.824457
    55 0.000004 -1.437820 0.000000 0.424958 0.000000 0.000000
    56 -0.000021 1.437870 0.000031 -0.074280 0.000000 0.000000
    57 -0.000002 -1.059402 0.000000 0.322075 0.000000 0.000000
    58 0.000006 1.059372 0.000008 0.911714 0.000000 0.000000
    59 -0.000004 -13.013485 -0.000004 0.010936 -0.284121 -0.076428
    60 0.161133 -10.812500 0.023087 0.010936 -0.284121 -0.076428
  time 41
    0 0.000000 0.826660 0.000001 -1.559900 -0.000006 -0.000006
    1 -10.723376 4.021813 0.943485 -0.587310 -0.361657 0.130104
    2 0.000000 14.313023 0.000003 -1.555250 0.000000 0.000000
    3 -0.000011 13.013483 -0.000005 -0.482810 0.033583 1.158418
    4 8.648438 7.792969 3.429688 2.222705 0.399521 -1.404265
    5 0.000000 -14.313034 0.000000 -1.556552 0.000000 0.000000
    6 -0.000004 -13.013485 -0.000004 0.538394 0.815277 0.754107
    7 -1.330879 -2.698427 0.462449 -0.194886 -0.547260 3.056712
    8 1.330910 2.698444 -0.462436 0.194890 0.547268 -0.084879
    9 7.281250 4.593750 -3.041016 -1.937331 -0.275423 3.010558
    10 10.570313 2.279297 -6.339844 -2.460934 -0.275417 3.010575
    11 1.806641 7.578125 -7.230469 -1.550988 -0.382996 1.806934
    12 1.376953 7.875000 -12.046875 -1.277176 -0.488708 1.819244
    13 4.531250 3.457031 -3.605469 -1.647836 -0.580608 1.782439
    14 5.968750 2.916016 -4.390625 -1.937333 -0.275414 3.010565
    15 7.558525 6.997282 -2.354134 -1.937336 -0.275393 3.010581
    16 7.558525 6.997282 -2.354134 1.937336 0.275393 -0.131011
    17 -2.867767 -2.740969 0.531125 2.051196 0.577049 -0.321829
    18 8.375000 1.621094 -7.535156 -1.937333 -0.275414 3.010565
    19 2.609375 2.375000 -5.878906 -1.937333 -0.275414 3.010565
    20 5.595486 4.607124 0.422674 -1.090396 0.577049 -0.321829
    21 6.233833 5.542564 0.898426 -1.090396 0.577049 -0.321829
    22 6.946648 6.587124 1.429667 -1.090396 0.577049 -0.321829
    23 7.537933 7.453606 1.870349 -1.090396 0.577049 -0.321829
    24 8.154472 8.357077 2.329839 -1.090396 0.577049 -0.321829
    25 8.874294 9.411907 2.866308 -1.090396 0.577049 -0.321829
    26 -4.125858 -2.321501 1.394414 2.051196 0.577049 -0.321829
    27 -4.826813 -3.348669 0.872014 2.051196 0.577049 -0.321829
    28 -5.441669 -4.249685 0.413772 2.051196 0.577049 -0.321829
    29 -0.552532 -1.343527 1.604446 -0.531397 0.349107 -0.535250
    30 0.552589 1.343534 -1.604463 -0.572352 0.200762 -0.519412
    31 0.000000 -2.021618 -0.000004 -0.140762 0.000000 0.000000
    32 -0.000021 2.021633 0.000027 -0.182286 0.000000 0.000000
    33 -0.000004 -1.136217 -0.000004 -0.537682 0.000000 0.000000
    34 -0.000011 1.136200 -0.000019 -0.591471 0.000000 0.000000
    35 -0.032677 -4.587727 1.352317 2.444718 1.216159 2.484986
    36 0.032719 4.587772 -1.352291 2.844703 1.216154 2.484990
    37 0.000000 -1.754536 -0.000002 0.193351 0.000000 0.000000
    38 -0.000006 1.754520 -0.000034 0.301016 0.000000 0.000000
    39 0.000000 -1.227020 -0.000002 0.955670 0.000000 0.000000
    40 0.000002 1.227070 0.000032 0.655020 0.000000 0.000000
    41 -0.367996 -4.208406 0.173244 2.475865 1.091695 2.536227
    42 0.368011 4.208412 -0.173239 2.894876 1.091697 2.536228
    43 0.000000 -2.372318 -0.000004 0.834666 0.000000 0.000000
    44 -0.000006 2.372318 -0.000032 0.737827 0.000000 0.000000
    45 0.000004 -1.580070 -0.000001 0.495055 0.000000 0.000000
    46 -0.000002 1.580170 0.000030 0.744518 0.000000 0.000000
    47 -0.937645 -3.860697 -0.959317 2.205251 0.797005 2.273736
    48 0.937672 3.860714 0.959333 2.990775 1.016697 2.713704
    49 0.000000 -1.690632 0.000000 0.848242 0.000000 0.000000
    50 -0.000013 1.690666 0.000021 0.568265 0.000000 0.000000
    51 -0.000002 -1.423443 0.000002 0.234212 0.000000 0.000000
    52 0.000008 1.423420 0.000028 0.761967 0.000000 0.000000
    53 -1.546646 -3.404194 -1.915569 2.750280 1.118484 2.534731
    54 1.546661 3.404217 1.915585 -3.076191 1.031499 2.824457
    55 0.000004 -1.437820 0.000000 0.424958 0.000000 0.000000
    56 -0.000021 1.437870 0.000031 -0.074280 0.000000 0.000000
    57 -0.000002 -1.059402 0.000000 0.322075 0.000000 0.000000
    58 0.000006 1.059372 0.000008 0.911714 0.000000 0.000000
    59 -0.000004 -13.013485 -0.000004 0.010936 -0.284121 -0.076428
    60 0.161133 -10.812500 0.023087 0.010936 -0.284121 -0.076428
  time 42
    0 0.000000 0.826660 0.000001 -1.559900 -0.000006 -0.000006
    1 -10.723376 4.021813 0.943485 -0.587678 -0.361514 0.130181
    2 0.000000 14.313023 0.000003 -1.554945 0.000000 0.000000
    3 -0.000011 13.013483 -0.000005 -0.483001 0.033347 1.158226
    4 8.648438 7.792969 3.429688 2.222705 0.399521 -1.404265
    5 0.000000 -14.313034 0.000000 -1.556552 0.000000 0.000000
    6 -0.000004 -13.013485 -0.000004 0.538394 0.815277 0.754107
    7 -1.330879 -2.698427 0.462449 -0.194886 -0.547260 3.056712
    8 1.330910 2.698444 -0.462436 0.194890 0.547268 -0.084879
    9 7.281250 4.593750 -3.041016 -1.937331 -0.275423 3.010558
    10 10.570313 2.279297 -6.339844 -2.460934 -0.275417 3.010575
    11 1.806641 7.578125 -7.230469 -1.550988 -0.382996 1.806934
    12 1.376953 7.875000 -12.046875 -1.277176 -0.488708 1.819244
    13 4.531250 3.457031 -3.605469 -1.647836 -0.580608 1.782439
    14 5.968750 2.916016 -4.390625 -1.937333 -0.275414 3.010565
    15 7.558525 6.997282 -2.354134 -1.937336 -0.275393 3.010581
    16 7.558525 6.997282 -2.354134 1.937336 0.275393 -0.131011
    17 -2.867767 -2.740969 0.531125 2.051196 0.577049 -0.321829
    18 8.375000 1.621094 -7.535156 -1.937333 -0.275414 3.010565
    19 2.609375 2.375000 -5.878906 -1.937333 -0.275414 3.010565
    20 5.595486 4.607124 0.422674 -1.090396 0.577049 -0.321829
    21 6.233833 5.542564 0.898426 -1.090396 0.577049 -0.321829
    22 6.946648 6.587124 1.429667 -1.090396 0.577049 -0.321829
    23 7.537933 7.453606 1.870349 -1.090396 0.577049 -0.321829
    24 8.154472 8.357077 2.329839 -1.090396 0.577049 -0.321829
    25 8.874294 9.411907 2.866308 -1.090396 0.577049 -0.321829
    26 -4.125858 -2.321501 1.394414 2.051196 0.577049 -0.321829
    27 -4.826813 -3.348669 0.872014 2.051196 0.577049 -0.321829
    28 -5.441669 -4.249685 0.413772 2.051196 0.577049 -0.321829
    29 -0.552532 -1.343527 1.604446 -0.531397 0.349107 -0.535250
    30 0.552589 1.343534 -1.604463 -0.572352 0.200762 -0.519412
    31 0.000000 -2.021618 -0.000004 -0.140762 0.000000 0.000000
    32 -0.000021 2.021633 0.000027 -0.182286 0.000000 0.000000
    33 -0.000004 -1.136217 -0.000004 -0.537682 0.000000 0.000000
    34 -0.000011 1.136200 -0.000019 -0.591471 0.000000 0.000000
    35 -0.032677 -4.587727 1.352317 2.444718 1.216159 2.484986
    36 0.032719 4.587772 -1.352291 2.844703 1.216154 2.484990
    37 0.000000 -1.754536 -0.000002 0.193351 0.000000 0.000000
    38 -0.000006 1.754520 -0.000034 0.301016 0.000000 0.000000
    39 0.000000 -1.227020 -0.000002 0.955670 0.000000 0.000000
    40 0.000002 1.227070 0.000032 0.655020 0.000000 0.000000
    41 -0.367996 -4.208406 0.173244 2.475865 1.091695 2.536227
    42 0.368011 4.208412 -0.173239 2.894876 1.091697 2.536228
    43 0.000000 -2.372318 -0.000004 0.834666 0.000000 0.000000
    44 -0.000006 2.372318 -0.000032 0.737827 0.000000 0.000000
    45 0.000004 -1.580070 -0.000001 0.495055 0.000000 0.000000
    46 -0.000002 1.580170 0.000030 0.744518 0.000000 0.000000
    47 -0.937645 -3.860697 -0.959317 2.205251 0.797005 2.273736
    48 0.937672 3.860714 0.959333 2.990775 1.016697 2.713704
    49 0.000000 -1.690632 0.000000 0.848242 0.000000 0.000000
    50 -0.000013 1.690666 0.000021 0.568265 0.000000 0.000000
    51 -0.000002 -1.423443 0.000002 0.234212 0.000000 0.000000
    52 0.000008 1.423420 0.000028 0.761967 0.000000 0.000000
    53 -1.546646 -3.404194 -1.915569 2.750280 1.118484 2.534731
    54 1.546661 3.404217 1.915585 -3.076191 1.031499 2.824457
    55 0.000004 -1.437820 0.000000 0.424958 0.000000 0.000000
    56 -0.000021 1.437870 0.000031 -0.074280 0.000000 0.000000
    57 -0.000002 -1.059402 0.000000 0.322075 0.000000 0.000000
    58 0.000006 1.059372 0.000008 0.911714 0.000000 0.000000
    59 -0.000004 -13.013485 -0.000004 0.010936 -0.284121 -0.076428
    60 0.161133 -10.812500 0.023087 0.010936 -0.284121 -0.076428
  time 43
    0 0.000000 0.826660 0.000001 -1.559900 -0.000006 -0.000006
    1 -10.723376 4.021813 0.943485 -0.587955 -0.361371 0.130257
    2 0.000000 14.313023 0.000003 -1.554701 0.000000 0.000000
    3 -0.000011 13.013483 -0.000005 -0.483097 0.033206 1.158226
    4 8.648438 7.792969 3.429688 2.222705 0.399521 -1.404265
    5 0.000000 -14.313034 0.000000 -1.556552 0.000000 0.000000
    6 -0.000004 -13.013485 -0.000004 0.538394 0.815277 0.754107
    7 -1.330879 -2.698427 0.462449 -0.194886 -0.547260 3.056712
    8 1.330910 2.698444 -0.462436 0.194890 0.547268 -0.084879
    9 7.281250 4.593750 -3.041016 -1.937331 -0.275423 3.010558
    10 10.570313 2.279297 -6.339844 -2.460934 -0.275417 3.010575
    11 1.806641 7.578125 -7.230469 -1.550988 -0.382996 1.806934
    12 1.376953 7.875000 -12.046875 -1.277176 -0.488708 1.819244
    13 4.531250 3.457031 -3.605469 -1.647836 -0.580608 1.782439
    14 5.968750 2.916016 -4.390625 -1.937333 -0.275414 3.010565
    15 7.558525 6.997282 -2.354134 -1.937336 -0.275393 3.010581
    16 7.558525 6.997282 -2.354134 1.937336 0.275393 -0.131011
    17 -2.867767 -2.740969 0.531125 2.051196 0.577049 -0.321829
    18 8.375000 1.621094 -7.535156 -1.937333 -0.275414 3.010565
    19 2.609375 2.375000 -5.878906 -1.937333 -0.275414 3.010565
    20 5.595486 4.607124 0.422674 -1.090396 0.577049 -0.321829
    21 6.233833 5.542564 0.898426 -1.090396 0.577049 -0.321829
    22 6.946648 6.587124 1.429667 -1.090396 0.577049 -0.321829
    23 7.537933 7.453606 1.870349 -1.090396 0.577049 -0.321829
    24 8.154472 8.357077 2.329839 -1.090396 0.577049 -0.321829
    25 8.874294 9.411907 2.866308 -1.090396 0.577049 -0.321829
    26 -4.125858 -2.321501 1.394414 2.051196 0.577049 -0.321829
    27 -4.826813 -3.348669 0.872014 2.051196 0.577049 -0.321829
    28 -5.441669 -4.249685 0.413772 2.051196 0.577049 -0.321829
    29 -0.552532 -1.343527 1.604446 -0.531397 0.349107 -0.535250
    30 0.552589 1.343534 -1.604463 -0.572352 0.200762 -0.519412
    31 0.000000 -2.021618 -0.000004 -0.140762 0.000000 0.000000
    32 -0.000021 2.021633 0.000027 -0.182286 0.000000 0.000000
    33 -0.000004 -1.136217 -0.000004 -0.537682 0.000000 0.000000
    34 -0.000011 1.136200 -0.000019 -0.591471 0.000000 0.000000
    35 -0.032677 -4.587727 1.352317 2.444718 1.216159 2.484986
    36 0.032719 4.587772 -1.352291 2.844703 1.216154 2.484990
    37 0.000000 -1.754536 -0.000002 0.193351 0.000000 0.000000
    38 -0.000006 1.754520 -0.000034 0.301016 0.000000 0.000000
    39 0.000000 -1.227020 -0.000002 0.955670 0.000000 0.000000
    40 0.000002 1.227070 0.000032 0.655020 0.000000 0.000000
    41 -0.367996 -4.208406 0.173244 2.475865 1.091695 2.536227
    42 0.368011 4.208412 -0.173239 2.894876 1.091697 2.536228
    43 0.000000 -2.372318 -0.000004 0.834666 0.000000 0.000000
    44 -0.000006 2.372318 -0.000032 0.737827 0.000000 0.000000
    45 0.000004 -1.580070 -0.000001 0.495055 0.000000 0.000000
    46 -0.000002 1.580170 0.000030 0.744518 0.000000 0.000000
    47 -0.937645 -3.860697 -0.959317 2.205251 0.797005 2.273736
    48 0.937672 3.860714 0.959333 2.990775 1.016697 2.713704
    49 0.000000 -1.690632 0.000000 0.848242 0.000000 0.000000
    50 -0.000013 1.690666 0.000021 0.568265 0.000000 0.000000
    51 -0.000002 -1.423443 0.000002 0.234212 0.000000 0.000000
    52 0.000008 1.423420 0.000028 0.761967 0.000000 0.000000
    53 -1.546646 -3.404194 -1.915569 2.750280 1.118484 2.534731
    54 1.546661 3.404217 1.915585 -3.076191 1.031499 2.824457
    55 0.000004 -1.437820 0.000000 0.424958 0.000000 0.000000
    56 -0.000021 1.437870 0.000031 -0.074280 0.000000 0.000000
    57 -0.000002 -1.059402 0.000000 0.322075 0.000000 0.000000
    58 0.000006 1.059372 0.000008 0.911714 0.000000 0.000000
    59 -0.000004 -13.013485 -0.000004 0.010936 -0.284121 -0.076428
    60 0.161133 -10.812500 0.023087 0.010936 -0.284121 -0.076428
  time 44
    0 0.000000 0.826660 0.000001 -1.559900 -0.000006 -0.000006
    1 -10.723376 4.021813 0.943485 -0.588139 -0.361275 0.130410
    2 0.000000 14.313023 0.000003 -1.554395 0.000000 0.000000
    3 -0.000011 13.013483 -0.000005 -0.483192 0.033017 1.158034
    4 8.648438 7.792969 3.429688 2.222705 0.399521 -1.404265
    5 0.000000 -14.313034 0.000000 -1.556552 0.000000 0.000000
    6 -0.000004 -13.013485 -0.000004 0.538394 0.815277 0.754107
    7 -1.330879 -2.698427 0.462449 -0.194886 -0.547260 3.056712
    8 1.330910 2.698444 -0.462436 0.194890 0.547268 -0.084879
    9 7.281250 4.593750 -3.041016 -1.937331 -0.275423 3.010558
    10 10.570313 2.279297 -6.339844 -2.460934 -0.275417 3.010575
    11 1.806641 7.578125 -7.230469 -1.550988 -0.382996 1.806934
    12 1.376953 7.875000 -12.046875 -1.277176 -0.488708 1.819244
    13 4.531250 3.457031 -3.605469 -1.647836 -0.580608 1.782439
    14 5.968750 2.916016 -4.390625 -1.937333 -0.275414 3.010565
    15 7.558525 6.997282 -2.354134 -1.937336 -0.275393 3.010581
    16 7.558525 6.997282 -2.354134 1.937336 0.275393 -0.131011
    17 -2.867767 -2.740969 0.531125 2.051196 0.577049 -0.321829
    18 8.375000 1.621094 -7.535156 -1.937333 -0.275414 3.010565
    19 2.609375 2.375000 -5.878906 -1.937333 -0.275414 3.010565
    20 5.595486 4.607124 0.422674 -1.090396 0.577049 -0.321829
    21 6.233833 5.542564 0.898426 -1.090396 0.577049 -0.321829
    22 6.946648 6.587124 1.429667 -1.090396 0.577049 -0.321829
    23 7.537933 7.453606 1.870349 -1.090396 0.577049 -0.321829
    24 8.154472 8.357077 2.329839 -1.090396 0.577049 -0.321829
    25 8.874294 9.411907 2.866308 -1.090396 0.577049 -0.321829
    26 -4.125858 -2.321501 1.394414 2.051196 0.577049 -0.321829
    27 -4.826813 -3.348669 0.872014 2.051196 0.577049 -0.321829
    28 -5.441669 -4.249685 0.413772 2.051196 0.577049 -0.321829
    29 -0.552532 -1.343527 1.604446 -0.531397 0.349107 -0.535250
    30 0.552589 1.343534 -1.604463 -0.572352 0.200762 -0.519412
    31 0.000000 -2.021618 -0.000004 -0.140762 0.000000 0.000000
    32 -0.000021 2.021633 0.000027 -0.182286 0.000000 0.000000
    33 -0.000004 -1.136217 -0.000004 -0.537682 0.000000 0.000000
    34 -0.000011 1.136200 -0.000019 -0.591471 0.000000 0.000000
    35 -0.032677 -4.587727 1.352317 2.444718 1.216159 2.484986
    36 0.032719 4.587772 -1.352291 2.844703 1.216154 2.484990
    37 0.000000 -1.754536 -0.000002 0.193351 0.000000 0.000000
    38 -0.000006 1.754520 -0.000034 0.301016 0.000000 0.000000
    39 0.000000 -1.227020 -0.000002 0.955670 0.000000 0.000000
    40 0.000002 1.227070 0.000032 0.655020 0.000000 0.000000
    41 -0.367996 -4.208406 0.173244 2.475865 1.091695 2.536227
    42 0.368011 4.208412 -0.173239 2.894876 1.091697 2.536228
    43 0.000000 -2.372318 -0.000004 0.834666 0.000000 0.000000
    44 -0.000006 2.372318 -0.000032 0.737827 0.000000 0.000000
    45 0.000004 -1.580070 -0.000001 0.495055 0.000000 0.000000
    46 -0.000002 1.580170 0.000030 0.744518 0.000000 0.000000
    47 -0.937645 -3.860697 -0.959317 2.205251 0.797005 2.273736
    48 0.937672 3.860714 0.959333 2.990775 1.016697 2.713704
    49 0.000000 -1.690632 0.000000 0.848242 0.000000 0.000000
    50 -0.000013 1.690666 0.000021 0.568265 0.000000 0.000000
    51 -0.000002 -1.423443 0.000002 0.234212 0.000000 0.000000
    52 0.000008 1.423420 0.000028 0.761967 0.000000 0.000000
    53 -1.546646 -3.404194 -1.915569 2.750280 1.118484 2.534731
    54 1.546661 3.404217 1.915585 -3.076191 1.031499 2.824457
    55 0.000004 -1.437820 0.000000 0.424958 0.000000 0.000000
    56 -0.000021 1.437870 0.000031 -0.074280 0.000000 0.000000
    57 -0.000002 -1.059402 0.000000 0.322075 0.000000 0.000000
    58 0.000006 1.059372 0.000008 0.911714 0.000000 0.000000
    59 -0.000004 -13.013485 -0.000004 0.010936 -0.284121 -0.076428
    60 0.161133 -10.812500 0.023087 0.010936 -0.284121 -0.076428
  time 45
    0 0.000000 0.826660 0.000001 -1.559900 -0.000006 -0.000006
    1 -10.723376 4.021813 0.943485 -0.588416 -0.361180 0.130486
    2 0.000000 14.313023 0.000003 -1.554212 0.000000 0.000000
    3 -0.000011 13.013483 -0.000005 -0.483288 0.032923 1.157939
    4 8.648438 7.792969 3.429688 2.222705 0.399521 -1.404265
    5 0.000000 -14.313034 0.000000 -1.556552 0.000000 0.000000
    6 -0.000004 -13.013485 -0.000004 0.538394 0.815277 0.754107
    7 -1.330879 -2.698427 0.462449 -0.194886 -0.547260 3.056712
    8 1.330910 2.698444 -0.462436 0.194890 0.547268 -0.084879
    9 7.281250 4.593750 -3.041016 -1.937331 -0.275423 3.010558
    10 10.570313 2.279297 -6.339844 -2.460934 -0.275417 3.010575
    11 1.806641 7.578125 -7.230469 -1.550988 -0.382996 1.806934
    12 1.376953 7.875000 -12.046875 -1.277176 -0.488708 1.819244
    13 4.531250 3.457031 -3.605469 -1.647836 -0.580608 1.782439
    14 5.968750 2.916016 -4.390625 -1.937333 -0.275414 3.010565
    15 7.558525 6.997282 -2.354134 -1.937336 -0.275393 3.010581
    16 7.558525 6.997282 -2.354134 1.937336 0.275393 -0.131011
    17 -2.867767 -2.740969 0.531125 2.051196 0.577049 -0.321829
    18 8.375000 1.621094 -7.535156 -1.937333 -0.275414 3.010565
    19 2.609375 2.375000 -5.878906 -1.937333 -0.275414 3.010565
    20 5.595486 4.607124 0.422674 -1.090396 0.577049 -0.321829
    21 6.233833 5.542564 0.898426 -1.090396 0.577049 -0.321829
    22 6.946648 6.587124 1.429667 -1.090396 0.577049 -0.321829
    23 7.537933 7.453606 1.870349 -1.090396 0.577049 -0.321829
    24 8.154472 8.357077 2.329839 -1.090396 0.577049 -0.321829
    25 8.874294 9.411907 2.866308 -1.090396 0.577049 -0.321829
    26 -4.125858 -2.321501 1.394414 2.051196 0.577049 -0.321829
    27 -4.826813 -3.348669 0.872014 2.051196 0.577049 -0.321829
    28 -5.441669 -4.249685 0.413772 2.051196 0.577049 -0.321829
    29 -0.552532 -1.343527 1.604446 -0.531397 0.349107 -0.535250
    30 0.552589 1.343534 -1.604463 -0.572352 0.200762 -0.519412
    31 0.000000 -2.021618 -0.000004 -0.140762 0.000000 0.000000
    32 -0.000021 2.021633 0.000027 -0.182286 0.000000 0.000000
    33 -0.000004 -1.136217 -0.000004 -0.537682 0.000000 0.000000
    34 -0.000011 1.136200 -0.000019 -0.591471 0.000000 0.000000
    35 -0.032677 -4.587727 1.352317 2.444718 1.216159 2.484986
    36 0.032719 4.587772 -1.352291 2.844703 1.216154 2.484990
    37 0.000000 -1.754536 -0.000002 0.193351 0.000000 0.000000
    38 -0.000006 1.754520 -0.000034 0.301016 0.000000 0.000000
    39 0.000000 -1.227020 -0.000002 0.955670 0.000000 0.000000
    40 0.000002 1.227070 0.000032 0.655020 0.000000 0.000000
    41 -0.367996 -4.208406 0.173244 2.475865 1.091695 2.536227
    42 0.368011 4.208412 -0.173239 2.894876 1.091697 2.536228
    43 0.000000 -2.372318 -0.000004 0.834666 0.000000 0.000000
    44 -0.000006 2.372318 -0.000032 0.737827 0.000000 0.000000
    45 0.000004 -1.580070 -0.000001 0.495055 0.000000 0.000000
    46 -0.000002 1.580170 0.000030 0.744518 0.000000 0.000000
    47 -0.937645 -3.860697 -0.959317 2.205251 0.797005 2.273736
    48 0.937672 3.860714 0.959333 2.990775 1.016697 2.713704
    49 0.000000 -1.690632 0.000000 0.848242 0.000000 0.000000
    50 -0.000013 1.690666 0.000021 0.568265 0.000000 0.000000
    51 -0.000002 -1.423443 0.000002 0.234212 0.000000 0.000000
    52 0.000008 1.423420 0.000028 0.761967 0.000000 0.000000
    53 -1.546646 -3.404194 -1.915569 2.750280 1.118484 2.534731
    54 1.546661 3.404217 1.915585 -3.076191 1.031499 2.824457
    55 0.000004 -1.437820 0.000000 0.424958 0.000000 0.000000
    56 -0.000021 1.437870 0.000031 -0.074280 0.000000 0.000000
    57 -0.000002 -1.059402 0.000000 0.322075 0.000000 0.000000
    58 0.000006 1.059372 0.000008 0.911714 0.000000 0.000000
    59 -0.000004 -13.013485 -0.000004 0.010936 -0.284121 -0.076428
    60 0.161133 -10.812500 0.023087 0.010936 -0.284121 -0.076428
  time 46
    0 0.000000 0.826660 0.000001 -1.559900 -0.000006 -0.000006
    1 -10.723376 4.021813 0.943485 -0.588508 -0.361084 0.130486
    2 0.000000 14.313023 0.000003 -1.554028 0.000000 0.000000
    3 -0.000011 13.013483 -0.000005 -0.483383 0.032781 1.157843
    4 8.648438 7.792969 3.429688 2.222705 0.399521 -1.404265
    5 0.000000 -14.313034 0.000000 -1.556552 0.000000 0.000000
    6 -0.000004 -13.013485 -0.000004 0.538394 0.815277 0.754107
    7 -1.330879 -2.698427 0.462449 -0.194886 -0.547260 3.056712
    8 1.330910 2.698444 -0.462436 0.194890 0.547268 -0.084879
    9 7.281250 4.593750 -3.041016 -1.937331 -0.275423 3.010558
    10 10.570313 2.279297 -6.339844 -2.460934 -0.275417 3.010575
    11 1.806641 7.578125 -7.230469 -1.550988 -0.382996 1.806934
    12 1.376953 7.875000 -12.046875 -1.277176 -0.488708 1.819244
    13 4.531250 3.457031 -3.605469 -1.647836 -0.580608 1.782439
    14 5.968750 2.916016 -4.390625 -1.937333 -0.275414 3.010565
    15 7.558525 6.997282 -2.354134 -1.937336 -0.275393 3.010581
    16 7.558525 6.997282 -2.354134 1.937336 0.275393 -0.131011
    17 -2.867767 -2.740969 0.531125 2.051196 0.577049 -0.321829
    18 8.375000 1.621094 -7.535156 -1.937333 -0.275414 3.010565
    19 2.609375 2.375000 -5.878906 -1.937333 -0.275414 3.010565
    20 5.595486 4.607124 0.422674 -1.090396 0.577049 -0.321829
    21 6.233833 5.542564 0.898426 -1.090396 0.577049 -0.321829
    22 6.946648 6.587124 1.429667 -1.090396 0.577049 -0.321829
    23 7.537933 7.453606 1.870349 -1.090396 0.577049 -0.321829
    24 8.154472 8.357077 2.329839 -1.090396 0.577049 -0.321829
    25 8.874294 9.411907 2.866308 -1.090396 0.577049 -0.321829
    26 -4.125858 -2.321501 1.394414 2.051196 0.577049 -0.321829
    27 -4.826813 -3.348669 0.872014 2.051196 0.577049 -0.321829
    28 -5.441669 -4.249685 0.413772 2.051196 0.577049 -0.321829
    29 -0.552532 -1.343527 1.604446 -0.531397 0.349107 -0.535250
    30 0.552589 1.343534 -1.604463 -0.572352 0.200762 -0.519412
    31 0.000000 -2.021618 -0.000004 -0.140762 0.000000 0.000000
    32 -0.000021 2.021633 0.000027 -0.182286 0.000000 0.000000
    33 -0.000004 -1.136217 -0.000004 -0.537682 0.000000 0.000000
    34 -0.000011 1.136200 -0.000019 -0.591471 0.000000 0.000000
    35 -0.032677 -4.587727 1.352317 2.444718 1.216159 2.484986
    36 0.032719 4.587772 -1.352291 2.844703 1.216154 2.484990
    37 0.000000 -1.754536 -0.000002 0.193351 0.000000 0.000000
    38 -0.000006 1.754520 -0.000034 0.301016 0.000000 0.000000
    39 0.000000 -1.227020 -0.000002 0.955670 0.000000 0.000000
    40 0.000002 1.227070 0.000032 0.655020 0.000000 0.000000
    41 -0.367996 -4.208406 0.173244 2.475865 1.091695 2.536227
    42 0.368011 4.208412 -0.173239 2.894876 1.091697 2.536228
    43 0.000000 -2.372318 -0.000004 0.834666 0.000000 0.000000
    44 -0.000006 2.372318 -0.000032 0.737827 0.000000 0.000000
    45 0.000004 -1.580070 -0.000001 0.495055 0.000000 0.000000
    46 -0.000002 1.580170 0.000030 0.744518 0.000000 0.000000
    47 -0.937645 -3.860697 -0.959317 2.205251 0.797005 2.273736
    48 0.937672 3.860714 0.959333 2.990775 1.016697 2.713704
    49 0.000000 -1.690632 0.000000 0.848242 0.000000 0.000000
    50 -0.000013 1.690666 0.000021 0.568265 0.000000 0.000000
    51 -0.000002 -1.423443 0.000002 0.234212 0.000000 0.000000
    52 0.000008 1.423420 0.000028 0.761967 0.000000 0.000000
    53 -1.546646 -3.404194 -1.915569 2.750280 1.118484 2.534731
    54 1.546661 3.404217 1.915585 -3.076191 1.031499 2.824457
    55 0.000004 -1.437820 0.000000 0.424958 0.000000 0.000000
    56 -0.000021 1.437870 0.000031 -0.074280 0.000000 0.000000
    57 -0.000002 -1.059402 0.000000 0.322075 0.000000 0.000000
    58 0.000006 1.059372 0.000008 0.911714 0.000000 0.000000
    59 -0.000004 -13.013485 -0.000004 0.010936 -0.284121 -0.076428
    60 0.161133 -10.812500 0.023087 0.010936 -0.284121 -0.076428
  time 47
    0 0.000000 0.826660 0.000001 -1.559900 -0.000006 -0.000006
    1 -10.723376 4.021813 0.943485 -0.588692 -0.361037 0.130563
    2 0.000000 14.313023 0.000003 -1.553906 0.000000 0.000000
    3 -0.000011 13.013483 -0.000005 -0.483383 0.032734 1.157843
    4 8.648438 7.792969 3.429688 2.222705 0.399521 -1.404265
    5 0.000000 -14.313034 0.000000 -1.556552 0.000000 0.000000
    6 -0.000004 -13.013485 -0.000004 0.538394 0.815277 0.754107
    7 -1.330879 -2.698427 0.462449 -0.194886 -0.547260 3.056712
    8 1.330910 2.698444 -0.462436 0.194890 0.547268 -0.084879
    9 7.281250 4.593750 -3.041016 -1.937331 -0.275423 3.010558
    10 10.570313 2.279297 -6.339844 -2.460934 -0.275417 3.010575
    11 1.806641 7.578125 -7.230469 -1.550988 -0.382996 1.806934
    12 1.376953 7.875000 -12.046875 -1.277176 -0.488708 1.819244
    13 4.531250 3.457031 -3.605469 -1.647836 -0.580608 1.782439
    14 5.968750 2.916016 -4.390625 -1.937333 -0.275414 3.010565
    15 7.558525 6.997282 -2.354134 -1.937336 -0.275393 3.010581
    16 7.558525 6.997282 -2.354134 1.937336 0.275393 -0.131011
    17 -2.867767 -2.740969 0.531125 2.051196 0.577049 -0.321829
    18 8.375000 1.621094 -7.535156 -1.937333 -0.275414 3.010565
    19 2.609375 2.375000 -5.878906 -1.937333 -0.275414 3.010565
    20 5.595486 4.607124 0.422674 -1.090396 0.577049 -0.321829
    21 6.233833 5.542564 0.898426 -1.090396 0.577049 -0.321829
    22 6.946648 6.587124 1.429667 -1.090396 0.577049 -0.321829
    23 7.537933 7.453606 1.870349 -1.090396 0.577049 -0.321829
    24 8.154472 8.357077 2.329839 -1.090396 0.577049 -0.321829
    25 8.874294 9.411907 2.866308 -1.090396 0.577049 -0.321829
    26 -4.125858 -2.321501 1.394414 2.051196 0.577049 -0.321829
    27 -4.826813 -3.348669 0.872014 2.051196 0.577049 -0.321829
    28 -5.441669 -4.249685 0.413772 2.051196 0.577049 -0.321829
    29 -0.552532 -1.343527 1.604446 -0.531397 0.349107 -0.535250
    30 0.552589 1.343534 -1.604463 -0.572352 0.200762 -0.519412
    31 0.000000 -2.021618 -0.000004 -0.140762 0.000000 0.000000
    32 -0.000021 2.021633 0.000027 -0.182286 0.000000 0.000000
    33 -0.000004 -1.136217 -0.000004 -0.537682 0.000000 0.000000
    34 -0.000011 1.136200 -0.000019 -0.591471 0.000000 0.000000
    35 -0.032677 -4.587727 1.352317 2.444718 1.216159 2.484986
    36 0.032719 4.587772 -1.352291 2.844703 1.216154 2.484990
    37 0.000000 -1.754536 -0.000002 0.193351 0.000000 0.000000
    38 -0.000006 1.754520 -0.000034 0.301016 0.000000 0.000000
    39 0.000000 -1.227020 -0.000002 0.955670 0.000000 0.000000
    40 0.000002 1.227070 0.000032 0.655020 0.000000 0.000000
    41 -0.367996 -4.208406 0.173244 2.475865 1.091695 2.536227
    42 0.368011 4.208412 -0.173239 2.894876 1.091697 2.536228
    43 0.000000 -2.372318 -0.000004 0.834666 0.000000 0.000000
    44 -0.000006 2.372318 -0.000032 0.737827 0.000000 0.000000
    45 0.000004 -1.580070 -0.000001 0.495055 0.000000 0.000000
    46 -0.000002 1.580170 0.000030 0.744518 0.000000 0.000000
    47 -0.937645 -3.860697 -0.959317 2.205251 0.797005 2.273736
    48 0.937672 3.860714 0.959333 2.990775 1.016697 2.713704
    49 0.000000 -1.690632 0.000000 0.848242 0.000000 0.000000
    50 -0.000013 1.690666 0.000021 0.568265 0.000000 0.000000
    51 -0.000002 -1.423443 0.000002 0.234212 0.000000 0.000000
    52 0.000008 1.423420 0.000028 0.761967 0.000000 0.000000
    53 -1.546646 -3.404194 -1.915569 2.750280 1.118484 2.534731
    54 1.546661 3.404217 1.915585 -3.076191 1.031499 2.824457
    55 0.000004 -1.437820 0.000000 0.424958 0.000000 0.000000
    56 -0.000021 1.437870 0.000031 -0.074280 0.000000 0.000000
    57 -0.000002 -1.059402 0.000000 0.322075 0.000000 0.000000
    58 0.000006 1.059372 0.000008 0.911714 0.000000 0.000000
    59 -0.000004 -13.013485 -0.000004 0.010936 -0.284121 -0.076428
    60 0.161133 -10.812500 0.023087 0.010936 -0.284121 -0.076428
  time 48
    0 0.000000 0.826660 0.000001 -1.559900 -0.000006 -0.000006
    1 -10.723376 4.021813 0.943485 -0.588784 -0.360989 0.130639
    2 0.000000 14.313023 0.000003 -1.553784 0.000000 0.000000
    3 -0.000011 13.013483 -0.000005 -0.483479 0.032687 1.157843
    4 8.648438 7.792969 3.429688 2.222705 0.399521 -1.404265
    5 0.000000 -14.313034 0.000000 -1.556552 0.000000 0.000000
    6 -0.000004 -13.013485 -0.000004 0.538394 0.815277 0.754107
    7 -1.330879 -2.698427 0.462449 -0.194886 -0.547260 3.056712
    8 1.330910 2.698444 -0.462436 0.194890 0.547268 -0.084879
    9 7.281250 4.593750 -3.041016 -1.937331 -0.275423 3.010558
    10 10.570313 2.279297 -6.339844 -2.460934 -0.275417 3.010575
    11 1.806641 7.578125 -7.230469 -1.550988 -0.382996 1.806934
    12 1.376953 7.875000 -12.046875 -1.277176 -0.488708 1.819244
    13 4.531250 3.457031 -3.605469 -1.647836 -0.580608 1.782439
    14 5.968750 2.916016 -4.390625 -1.937333 -0.275414 3.010565
    15 7.558525 6.997282 -2.354134 -1.937336 -0.275393 3.010581
    16 7.558525 6.997282 -2.354134 1.937336 0.275393 -0.131011
    17 -2.867767 -2.740969 0.531125 2.051196 0.577049 -0.321829
    18 8.375000 1.621094 -7.535156 -1.937333 -0.275414 3.010565
    19 2.609375 2.375000 -5.878906 -1.937333 -0.275414 3.010565
    20 5.595486 4.607124 0.422674 -1.090396 0.577049 -0.321829
    21 6.233833 5.542564 0.898426 -1.090396 0.577049 -0.321829
    22 6.946648 6.587124 1.429667 -1.090396 0.577049 -0.321829
    23 7.537933 7.453606 1.870349 -1.090396 0.577049 -0.321829
    24 8.154472 8.357077 2.329839 -1.090396 0.577049 -0.321829
    25 8.874294 9.411907 2.866308 -1.090396 0.577049 -0.321829
    26 -4.125858 -2.321501 1.394414 2.051196 0.577049 -0.321829
    27 -4.826813 -3.348669 0.872014 2.051196 0.577049 -0.321829
    28 -5.441669 -4.249685 0.413772 2.051196 0.577049 -0.321829
    29 -0.552532 -1.343527 1.604446 -0.531397 0.349107 -0.535250
    30 0.552589 1.343534 -1.604463 -0.572352 0.200762 -0.519412
    31 0.000000 -2.021618 -0.000004 -0.140762 0.000000 0.000000
    32 -0.000021 2.021633 0.000027 -0.182286 0.000000 0.000000
    33 -0.000004 -1.136217 -0.000004 -0.537682 0.000000 0.000000
    34 -0.000011 1.136200 -0.000019 -0.591471 0.000000 0.000000
    35 -0.032677 -4.587727 1.352317 2.444718 1.216159 2.484986
    36 0.032719 4.587772 -1.352291 2.844703 1.216154 2.484990
    37 0.000000 -1.754536 -0.000002 0.193351 0.000000 0.000000
    38 -0.000006 1.754520 -0.000034 0.301016 0.000000 0.000000
    39 0.000000 -1.227020 -0.000002 0.955670 0.000000 0.000000
    40 0.000002 1.227070 0.000032 0.655020 0.000000 0.000000
    41 -0.367996 -4.208406 0.173244 2.475865 1.091695 2.536227
    42 0.368011 4.208412 -0.173239 2.894876 1.091697 2.536228
    43 0.000000 -2.372318 -0.000004 0.834666 0.000000 0.000000
    44 -0.000006 2.372318 -0.000032 0.737827 0.000000 0.000000
    45 0.000004 -1.580070 -0.000001 0.495055 0.000000 0.000000
    46 -0.000002 1.580170 0.000030 0.744518 0.000000 0.000000
    47 -0.937645 -3.860697 -0.959317 2.205251 0.797005 2.273736
    48 0.937672 3.860714 0.959333 2.990775 1.016697 2.713704
    49 0.000000 -1.690632 0.000000 0.848242 0.000000 0.000000
    50 -0.000013 1.690666 0.000021 0.568265 0.000000 0.000000
    51 -0.000002 -1.423443 0.000002 0.234212 0.000000 0.000000
    52 0.000008 1.423420 0.000028 0.761967 0.000000 0.000000
    53 -1.546646 -3.404194 -1.915569 2.750280 1.118484 2.534731
    54 1.546661 3.404217 1.915585 -3.076191 1.031499 2.824457
    55 0.000004 -1.437820 0.000000 0.424958 0.000000 0.000000
    56 -0.000021 1.437870 0.000031 -0.074280 0.000000 0.000000
    57 -0.000002 -1.059402 0.000000 0.322075 0.000000 0.000000
    58 0.000006 1.059372 0.000008 0.911714 0.000000 0.000000
    59 -0.000004 -13.013485 -0.000004 0.010936 -0.284121 -0.076428
    60 0.161133 -10.812500 0.023087 0.010936 -0.284121 -0.076428
  time 49
    0 0.000000 0.826660 0.000001 -1.559900 -0.000006 -0.000006
    1 -10.723376 4.021813 0.943485 -0.588784 -0.360989 0.130639
    2 0.000000 14.313023 0.000003 -1.553784 0.000000 0.000000
    3 -0.000011 13.013483 -0.000005 -0.483479 0.032687 1.157843
    4 8.648438 7.792969 3.429688 2.222705 0.399521 -1.404265
    5 0.000000 -14.313034 0.000000 -1.556552 0.000000 0.000000
    6 -0.000004 -13.013485 -0.000004 0.538394 0.815277 0.754107
    7 -1.330879 -2.698427 0.462449 -0.194886 -0.547260 3.056712
    8 1.330910 2.698444 -0.462436 0.194890 0.547268 -0.084879
    9 7.281250 4.593750 -3.041016 -1.937331 -0.275423 3.010558
    10 10.570313 2.279297 -6.339844 -2.460934 -0.275417 3.010575
    11 1.806641 7.578125 -7.230469 -1.550988 -0.382996 1.806934
    12 1.376953 7.875000 -12.046875 -1.277176 -0.488708 1.819244
    13 4.531250 3.457031 -3.605469 -1.647836 -0.580608 1.782439
    14 5.968750 2.916016 -4.390625 -1.937333 -0.275414 3.010565
    15 7.558525 6.997282 -2.354134 -1.937336 -0.275393 3.010581
    16 7.558525 6.997282 -2.354134 1.937336 0.275393 -0.131011
    17 -2.867767 -2.740969 0.531125 2.051196 0.577049 -0.321829
    18 8.375000 1.621094 -7.535156 -1.937333 -0.275414 3.010565
    19 2.609375 2.375000 -5.878906 -1.937333 -0.275414 3.010565
    20 5.595486 4.607124 0.422674 -1.090396 0.577049 -0.321829
    21 6.233833 5.542564 0.898426 -1.090396 0.577049 -0.321829
    22 6.946648 6.587124 1.429667 -1.090396 0.577049 -0.321829
    23 7.537933 7.453606 1.870349 -1.090396 0.577049 -0.321829
    24 8.154472 8.357077 2.329839 -1.090396 0.577049 -0.321829
    25 8.874294 9.411907 2.866308 -1.090396 0.577049 -0.321829
    26 -4.125858 -2.321501 1.394414 2.051196 0.577049 -0.321829
    27 -4.826813 -3.348669 0.872014 2.051196 0.577049 -0.321829
    28 -5.441669 -4.249685 0.413772 2.051196 0.577049 -0.321829
    29 -0.552532 -1.343527 1.604446 -0.531397 0.349107 -0.535250
    30 0.552589 1.343534 -1.604463 -0.572352 0.200762 -0.519412
    31 0.000000 -2.021618 -0.000004 -0.140762 0.000000 0.000000
    32 -0.000021 2.021633 0.000027 -0.182286 0.000000 0.000000
    33 -0.000004 -1.136217 -0.000004 -0.537682 0.000000 0.000000
    34 -0.000011 1.136200 -0.000019 -0.591471 0.000000 0.000000
    35 -0.032677 -4.587727 1.352317 2.444718 1.216159 2.484986
    36 0.032719 4.587772 -1.352291 2.844703 1.216154 2.484990
    37 0.000000 -1.754536 -0.000002 0.193351 0.000000 0.000000
    38 -0.000006 1.754520 -0.000034 0.301016 0.000000 0.000000
    39 0.000000 -1.227020 -0.000002 0.955670 0.000000 0.000000
    40 0.000002 1.227070 0.000032 0.655020 0.000000 0.000000
    41 -0.367996 -4.208406 0.173244 2.475865 1.091695 2.536227
    42 0.368011 4.208412 -0.173239 2.894876 1.091697 2.536228
    43 0.000000 -2.372318 -0.000004 0.834666 0.000000 0.000000
    44 -0.000006 2.372318 -0.000032 0.737827 0.000000 0.000000
    45 0.000004 -1.580070 -0.000001 0.495055 0.000000 0.000000
    46 -0.000002 1.580170 0.000030 0.744518 0.000000 0.000000
    47 -0.937645 -3.860697 -0.959317 2.205251 0.797005 2.273736
    48 0.937672 3.860714 0.959333 2.990775 1.016697 2.713704
    49 0.000000 -1.690632 0.000000 0.848242 0.000000 0.000000
    50 -0.000013 1.690666 0.000021 0.568265 0.000000 0.000000
    51 -0.000002 -1.423443 0.000002 0.234212 0.000000 0.000000
    52 0.000008 1.423420 0.000028 0.761967 0.000000 0.000000
    53 -1.546646 -3.404194 -1.915569 2.750280 1.118484 2.534731
    54 1.546661 3.404217 1.915585 -3.076191 1.031499 2.824457
    55 0.000004 -1.437820 0.000000 0.424958 0.000000 0.000000
    56 -0.000021 1.437870 0.000031 -0.074280 0.000000 0.000000
    57 -0.000002 -1.059402 0.000000 0.322075 0.000000 0.000000
    58 0.000006 1.059372 0.000008 0.911714 0.000000 0.000000
    59 -0.000004 -13.013485 -0.000004 0.010936 -0.284121 -0.076428
    60 0.161133 -10.812500 0.023087 0.010936 -0.284121 -0.076428
end
