// Created by Crowbar 0.74
version 1
nodes
  0 "root" -1
  1 "bip_upperArm_R" 0
  2 "bip_lowerArm_R" 1
  3 "bip_hand_R" 2
  4 "bip_upperArm_L" 0
  5 "bip_lowerArm_L" 4
  6 "bip_hand_L" 5
  7 "effect_hand_L" 6
  8 "effect_hand_R" 3
  9 "weapon_bone" 3
  10 "weapon_bone_1" 3
  11 "weapon_bone_2" 3
  12 "weapon_bone_3" 3
  13 "weapon_bone_4" 3
  14 "weapon_bone_5" 3
  15 "weapon_bone_6" 3
  16 "weapon_bone_7" 3
  17 "weapon_bone_L" 6
  18 "vm_weapon_bone" 3
  19 "vm_weapon_bone_1" 3
  20 "vm_weapon_bone_2" 3
  21 "vm_weapon_bone_3" 3
  22 "vm_weapon_bone_4" 3
  23 "vm_weapon_bone_5" 3
  24 "vm_weapon_bone_6" 3
  25 "vm_weapon_bone_7" 3
  26 "vm_weapon_bone_L" 6
  27 "vm_weapon_bone_L_1" 6
  28 "vm_weapon_bone_L_2" 6
  29 "bip_thumb_0_L" 6
  30 "bip_thumb_0_R" 3
  31 "bip_thumb_1_L" 29
  32 "bip_thumb_1_R" 30
  33 "bip_thumb_2_L" 31
  34 "bip_thumb_2_R" 32
  35 "bip_index_0_L" 6
  36 "bip_index_0_R" 3
  37 "bip_index_1_L" 35
  38 "bip_index_1_R" 36
  39 "bip_index_2_L" 37
  40 "bip_index_2_R" 38
  41 "bip_middle_0_L" 6
  42 "bip_middle_0_R" 3
  43 "bip_middle_1_L" 41
  44 "bip_middle_1_R" 42
  45 "bip_middle_2_L" 43
  46 "bip_middle_2_R" 44
  47 "bip_ring_0_L" 6
  48 "bip_ring_0_R" 3
  49 "bip_ring_1_L" 47
  50 "bip_ring_1_R" 48
  51 "bip_ring_2_L" 49
  52 "bip_ring_2_R" 50
  53 "bip_pinky_0_L" 6
  54 "bip_pinky_0_R" 3
  55 "bip_pinky_1_L" 53
  56 "bip_pinky_1_R" 54
  57 "bip_pinky_2_L" 55
  58 "bip_pinky_2_R" 56
  59 "Sleeve_Control" 5
  60 "Wrist_Control" 5
end
skeleton
  time 0
    0 -0.024506 -3.468750 -0.000151 -1.559900 -0.000006 -0.000006
    1 -8.653000 -0.001747 3.740445 -1.009065 -0.089496 0.502386
    2 0.000000 14.313023 0.000003 -0.513406 0.000000 0.000000
    3 -0.000011 13.013483 -0.000005 -0.345124 0.279371 -0.060485
    4 8.652996 -0.001732 3.740448 4.817118 0.292146 2.445228
    5 0.000000 -14.313034 0.000000 0.000000 0.000000 0.000000
    6 -0.000004 -13.013485 -0.000004 0.920515 0.163608 2.520867
    7 -1.330879 -2.698427 0.462449 -0.194886 -0.547260 3.056712
    8 1.330910 2.698444 -0.462436 0.194890 0.547268 -0.084879
    9 1.187500 5.542969 -1.857422 -1.369523 0.272265 -0.038129
    10 1.106445 12.492188 -3.097656 -2.092381 -0.272298 3.103442
    11 -1.486328 1.665039 -11.968750 0.514784 0.295216 -0.297477
    12 0.707031 8.593750 -3.654297 -1.589811 0.272264 -0.038126
    13 19.953125 -11.593750 5.781250 -1.285310 0.960381 0.216270
    14 6.566406 8.648438 3.230469 -1.090396 0.577049 -0.321829
    15 7.558525 6.997282 -2.354134 -1.937336 -0.275393 3.010581
    16 7.558525 6.997282 -2.354134 1.937336 0.275393 -0.131011
    17 -2.867767 -2.740969 0.531125 2.051196 0.577049 -0.321829
    18 1.106445 12.492188 -3.097656 -1.772050 -0.272302 3.103433
    19 20.266884 -41.732931 -10.109766 1.142738 0.297328 -0.261045
    20 1.339844 7.753906 -1.613281 -0.496545 0.272264 -0.038127
    21 4.777344 6.027344 1.897461 -1.090396 0.577049 -0.321829
    22 5.488281 7.070313 2.425781 -1.090396 0.577049 -0.321829
    23 7.537933 7.453606 1.870349 -1.090396 0.577049 -0.321829
    24 8.154472 8.357077 2.329839 -1.090396 0.577049 -0.321829
    25 8.874294 9.411907 2.866308 -1.090396 0.577049 -0.321829
    26 -4.125858 -2.321501 1.394414 2.051196 0.577049 -0.321829
    27 -4.826813 -3.348669 0.872014 2.051196 0.577049 -0.321829
    28 -5.441669 -4.249685 0.413772 2.051196 0.577049 -0.321829
    29 -0.552532 -1.343527 1.604446 -0.415180 0.312114 -0.422073
    30 0.552589 1.343534 -1.604463 -0.465990 -0.876593 -0.438946
    31 0.000000 -2.021618 -0.000004 0.186809 0.000000 0.000000
    32 -0.000021 2.021633 0.000027 0.824136 0.000000 0.000000
    33 -0.000004 -1.136217 -0.000004 -0.210111 0.000000 0.000000
    34 -0.000011 1.136200 -0.000019 -0.096334 0.000000 0.000000
    35 -0.032677 -4.587727 1.352317 2.844703 1.216154 2.484990
    36 0.032719 4.587772 -1.352291 2.575583 1.208662 2.466384
    37 0.000000 -1.754536 -0.000002 0.662896 0.000000 0.000000
    38 -0.000006 1.754520 -0.000034 0.321814 0.000000 0.000000
    39 0.000000 -1.227020 -0.000002 0.092660 0.000000 0.000000
    40 0.000002 1.227070 0.000032 0.460562 0.000000 0.000000
    41 -0.367996 -4.208406 0.173244 2.943027 1.091688 2.536231
    42 0.368011 4.208412 -0.173239 2.581893 1.052111 2.159298
    43 0.000000 -2.372318 -0.000004 0.722081 0.000000 0.000000
    44 -0.000006 2.372318 -0.000032 1.885942 0.000000 0.000000
    45 0.000004 -1.580070 -0.000001 0.034255 0.000000 0.000000
    46 -0.000002 1.580170 0.000030 0.602823 0.000000 0.000000
    47 -0.937645 -3.860697 -0.959317 3.044205 1.001841 2.581100
    48 0.937672 3.860714 0.959333 2.709723 0.800473 2.318765
    49 0.000000 -1.690632 0.000000 0.491549 0.000000 0.000000
    50 -0.000013 1.690666 0.000021 1.759130 0.000000 0.000000
    51 -0.000002 -1.423443 0.000002 0.234212 0.000000 0.000000
    52 0.000008 1.423420 0.000028 0.817068 0.000000 0.000000
    53 -1.546646 -3.404194 -1.915569 3.024293 0.944156 2.514436
    54 1.546661 3.404217 1.915585 -3.027006 0.615473 2.392693
    55 0.000004 -1.437820 0.000000 0.424958 0.000000 0.000000
    56 -0.000021 1.437870 0.000031 1.336724 0.000000 0.000000
    57 -0.000002 -1.059402 0.000000 0.322075 0.000000 0.000000
    58 0.000006 1.059372 0.000008 0.795881 0.000000 0.000000
    59 -0.000004 -13.013485 -0.000004 0.010936 -0.284121 -0.076428
    60 0.161133 -10.804688 0.023087 0.010936 -0.284121 -0.076428
  time 1
    0 -0.024506 -3.468750 -0.000151 -1.559900 -0.000006 -0.000006
    1 -8.653000 -0.001747 3.740445 -1.009065 -0.089496 0.502386
    2 0.000000 14.313023 0.000003 -0.513406 0.000000 0.000000
    3 -0.000011 13.013483 -0.000005 -0.345315 0.279465 -0.060102
    4 8.652996 -0.001732 3.740448 4.817118 0.292146 2.445228
    5 0.000000 -14.313034 0.000000 0.000000 0.000000 0.000000
    6 -0.000004 -13.013485 -0.000004 0.920515 0.163608 2.520867
    7 -1.330879 -2.698427 0.462449 -0.194886 -0.547260 3.056712
    8 1.330910 2.698444 -0.462436 0.194890 0.547268 -0.084879
    9 1.187500 5.542969 -1.857422 -1.369523 0.272265 -0.038129
    10 1.106445 12.492188 -3.097656 -2.092381 -0.272298 3.103442
    11 -1.486328 1.665039 -11.968750 0.514784 0.295216 -0.297477
    12 0.707031 8.593750 -3.654297 -1.589811 0.272264 -0.038126
    13 19.953125 -11.593750 5.781250 -1.285310 0.960381 0.216270
    14 6.566406 8.648438 3.230469 -1.090396 0.577049 -0.321829
    15 7.558525 6.997282 -2.354134 -1.937336 -0.275393 3.010581
    16 7.558525 6.997282 -2.354134 1.937336 0.275393 -0.131011
    17 -2.867767 -2.740969 0.531125 2.051196 0.577049 -0.321829
    18 1.106445 12.492188 -3.097656 -1.772050 -0.272302 3.103433
    19 20.255165 -41.732931 -10.121485 1.143022 0.297389 -0.261045
    20 1.339844 7.753906 -1.613281 -0.496545 0.272264 -0.038127
    21 4.777344 6.027344 1.897461 -1.090396 0.577049 -0.321829
    22 5.488281 7.070313 2.425781 -1.090396 0.577049 -0.321829
    23 7.537933 7.453606 1.870349 -1.090396 0.577049 -0.321829
    24 8.154472 8.357077 2.329839 -1.090396 0.577049 -0.321829
    25 8.874294 9.411907 2.866308 -1.090396 0.577049 -0.321829
    26 -4.125858 -2.321501 1.394414 2.051196 0.577049 -0.321829
    27 -4.826813 -3.348669 0.872014 2.051196 0.577049 -0.321829
    28 -5.441669 -4.249685 0.413772 2.051196 0.577049 -0.321829
    29 -0.552532 -1.343527 1.604446 -0.415180 0.312114 -0.422073
    30 0.552589 1.343534 -1.604463 -0.465990 -0.876593 -0.438946
    31 0.000000 -2.021618 -0.000004 0.186809 0.000000 0.000000
    32 -0.000021 2.021633 0.000027 0.824136 0.000000 0.000000
    33 -0.000004 -1.136217 -0.000004 -0.210111 0.000000 0.000000
    34 -0.000011 1.136200 -0.000019 -0.096334 0.000000 0.000000
    35 -0.032677 -4.587727 1.352317 2.844703 1.216154 2.484990
    36 0.032719 4.587772 -1.352291 2.575583 1.208662 2.466384
    37 0.000000 -1.754536 -0.000002 0.662896 0.000000 0.000000
    38 -0.000006 1.754520 -0.000034 0.321814 0.000000 0.000000
    39 0.000000 -1.227020 -0.000002 0.092660 0.000000 0.000000
    40 0.000002 1.227070 0.000032 0.460562 0.000000 0.000000
    41 -0.367996 -4.208406 0.173244 2.943027 1.091688 2.536231
    42 0.368011 4.208412 -0.173239 2.581893 1.052111 2.159298
    43 0.000000 -2.372318 -0.000004 0.722081 0.000000 0.000000
    44 -0.000006 2.372318 -0.000032 1.885942 0.000000 0.000000
    45 0.000004 -1.580070 -0.000001 0.034255 0.000000 0.000000
    46 -0.000002 1.580170 0.000030 0.602823 0.000000 0.000000
    47 -0.937645 -3.860697 -0.959317 3.044205 1.001841 2.581100
    48 0.937672 3.860714 0.959333 2.709723 0.800473 2.318765
    49 0.000000 -1.690632 0.000000 0.491549 0.000000 0.000000
    50 -0.000013 1.690666 0.000021 1.759130 0.000000 0.000000
    51 -0.000002 -1.423443 0.000002 0.234212 0.000000 0.000000
    52 0.000008 1.423420 0.000028 0.817068 0.000000 0.000000
    53 -1.546646 -3.404194 -1.915569 3.024293 0.944156 2.514436
    54 1.546661 3.404217 1.915585 -3.027006 0.615473 2.392693
    55 0.000004 -1.437820 0.000000 0.424958 0.000000 0.000000
    56 -0.000021 1.437870 0.000031 1.336724 0.000000 0.000000
    57 -0.000002 -1.059402 0.000000 0.322075 0.000000 0.000000
    58 0.000006 1.059372 0.000008 0.795881 0.000000 0.000000
    59 -0.000004 -13.013485 -0.000004 0.010936 -0.284121 -0.076428
    60 0.161133 -10.804688 0.023087 0.010936 -0.284121 -0.076428
  time 2
    0 -0.024506 -3.468750 -0.000151 -1.559900 -0.000006 -0.000006
    1 -8.653000 -0.001747 3.740445 -1.009065 -0.089544 0.502386
    2 0.000000 14.313023 0.000003 -0.513345 0.000000 0.000000
    3 -0.000011 13.013483 -0.000005 -0.345601 0.279512 -0.060102
    4 8.652996 -0.001732 3.740448 4.817118 0.292146 2.445228
    5 0.000000 -14.313034 0.000000 0.000000 0.000000 0.000000
    6 -0.000004 -13.013485 -0.000004 0.920515 0.163608 2.520867
    7 -1.330879 -2.698427 0.462449 -0.194886 -0.547260 3.056712
    8 1.330910 2.698444 -0.462436 0.194890 0.547268 -0.084879
    9 1.187500 5.542969 -1.857422 -1.369523 0.272265 -0.038129
    10 1.106445 12.492188 -3.097656 -2.092381 -0.272298 3.103442
    11 -1.486328 1.665039 -11.968750 0.514784 0.295216 -0.297477
    12 0.707031 8.593750 -3.654297 -1.589811 0.272264 -0.038126
    13 19.953125 -11.593750 5.781250 -1.285310 0.960381 0.216270
    14 6.566406 8.648438 3.230469 -1.090396 0.577049 -0.321829
    15 7.558525 6.997282 -2.354134 -1.937336 -0.275393 3.010581
    16 7.558525 6.997282 -2.354134 1.937336 0.275393 -0.131011
    17 -2.867767 -2.740969 0.531125 2.051196 0.577049 -0.321829
    18 1.106445 12.492188 -3.097656 -1.772050 -0.272302 3.103433
    19 20.247352 -41.736837 -10.141017 1.143307 0.297450 -0.261141
    20 1.339844 7.753906 -1.613281 -0.496545 0.272264 -0.038127
    21 4.777344 6.027344 1.897461 -1.090396 0.577049 -0.321829
    22 5.488281 7.070313 2.425781 -1.090396 0.577049 -0.321829
    23 7.537933 7.453606 1.870349 -1.090396 0.577049 -0.321829
    24 8.154472 8.357077 2.329839 -1.090396 0.577049 -0.321829
    25 8.874294 9.411907 2.866308 -1.090396 0.577049 -0.321829
    26 -4.125858 -2.321501 1.394414 2.051196 0.577049 -0.321829
    27 -4.826813 -3.348669 0.872014 2.051196 0.577049 -0.321829
    28 -5.441669 -4.249685 0.413772 2.051196 0.577049 -0.321829
    29 -0.552532 -1.343527 1.604446 -0.415180 0.312114 -0.422073
    30 0.552589 1.343534 -1.604463 -0.465990 -0.876593 -0.438946
    31 0.000000 -2.021618 -0.000004 0.186809 0.000000 0.000000
    32 -0.000021 2.021633 0.000027 0.824136 0.000000 0.000000
    33 -0.000004 -1.136217 -0.000004 -0.210111 0.000000 0.000000
    34 -0.000011 1.136200 -0.000019 -0.096334 0.000000 0.000000
    35 -0.032677 -4.587727 1.352317 2.844703 1.216154 2.484990
    36 0.032719 4.587772 -1.352291 2.575583 1.208662 2.466384
    37 0.000000 -1.754536 -0.000002 0.662896 0.000000 0.000000
    38 -0.000006 1.754520 -0.000034 0.321814 0.000000 0.000000
    39 0.000000 -1.227020 -0.000002 0.092660 0.000000 0.000000
    40 0.000002 1.227070 0.000032 0.460562 0.000000 0.000000
    41 -0.367996 -4.208406 0.173244 2.943027 1.091688 2.536231
    42 0.368011 4.208412 -0.173239 2.581893 1.052111 2.159298
    43 0.000000 -2.372318 -0.000004 0.722081 0.000000 0.000000
    44 -0.000006 2.372318 -0.000032 1.885942 0.000000 0.000000
    45 0.000004 -1.580070 -0.000001 0.034255 0.000000 0.000000
    46 -0.000002 1.580170 0.000030 0.602823 0.000000 0.000000
    47 -0.937645 -3.860697 -0.959317 3.044205 1.001841 2.581100
    48 0.937672 3.860714 0.959333 2.709723 0.800473 2.318765
    49 0.000000 -1.690632 0.000000 0.491549 0.000000 0.000000
    50 -0.000013 1.690666 0.000021 1.759130 0.000000 0.000000
    51 -0.000002 -1.423443 0.000002 0.234212 0.000000 0.000000
    52 0.000008 1.423420 0.000028 0.817068 0.000000 0.000000
    53 -1.546646 -3.404194 -1.915569 3.024293 0.944156 2.514436
    54 1.546661 3.404217 1.915585 -3.027006 0.615473 2.392693
    55 0.000004 -1.437820 0.000000 0.424958 0.000000 0.000000
    56 -0.000021 1.437870 0.000031 1.336724 0.000000 0.000000
    57 -0.000002 -1.059402 0.000000 0.322075 0.000000 0.000000
    58 0.000006 1.059372 0.000008 0.795881 0.000000 0.000000
    59 -0.000004 -13.013485 -0.000004 0.010936 -0.284121 -0.076428
    60 0.161133 -10.804688 0.023087 0.010936 -0.284121 -0.076428
  time 3
    0 -0.024506 -3.468750 -0.000151 -1.559900 -0.000006 -0.000006
    1 -8.653000 -0.001747 3.740445 -1.009065 -0.089544 0.502386
    2 0.000000 14.313023 0.000003 -0.513284 0.000000 0.000000
    3 -0.000011 13.013483 -0.000005 -0.345888 0.279512 -0.059910
    4 8.652996 -0.001732 3.740448 4.817118 0.292146 2.445228
    5 0.000000 -14.313034 0.000000 0.000000 0.000000 0.000000
    6 -0.000004 -13.013485 -0.000004 0.920515 0.163608 2.520867
    7 -1.330879 -2.698427 0.462449 -0.194886 -0.547260 3.056712
    8 1.330910 2.698444 -0.462436 0.194890 0.547268 -0.084879
    9 1.187500 5.542969 -1.857422 -1.369523 0.272265 -0.038129
    10 1.106445 12.492188 -3.097656 -2.092381 -0.272298 3.103442
    11 -1.486328 1.665039 -11.968750 0.514784 0.295216 -0.297477
    12 0.707031 8.593750 -3.654297 -1.589811 0.272264 -0.038126
    13 19.953125 -11.593750 5.781250 -1.285310 0.960381 0.216270
    14 6.566406 8.648438 3.230469 -1.090396 0.577049 -0.321829
    15 7.558525 6.997282 -2.354134 -1.937336 -0.275393 3.010581
    16 7.558525 6.997282 -2.354134 1.937336 0.275393 -0.131011
    17 -2.867767 -2.740969 0.531125 2.051196 0.577049 -0.321829
    18 1.106445 12.492188 -3.097656 -1.772050 -0.272302 3.103433
    19 20.239539 -41.736837 -10.152736 1.143496 0.297511 -0.261237
    20 1.339844 7.753906 -1.613281 -0.496545 0.272264 -0.038127
    21 4.777344 6.027344 1.897461 -1.090396 0.577049 -0.321829
    22 5.488281 7.070313 2.425781 -1.090396 0.577049 -0.321829
    23 7.537933 7.453606 1.870349 -1.090396 0.577049 -0.321829
    24 8.154472 8.357077 2.329839 -1.090396 0.577049 -0.321829
    25 8.874294 9.411907 2.866308 -1.090396 0.577049 -0.321829
    26 -4.125858 -2.321501 1.394414 2.051196 0.577049 -0.321829
    27 -4.826813 -3.348669 0.872014 2.051196 0.577049 -0.321829
    28 -5.441669 -4.249685 0.413772 2.051196 0.577049 -0.321829
    29 -0.552532 -1.343527 1.604446 -0.415180 0.312114 -0.422073
    30 0.552589 1.343534 -1.604463 -0.465990 -0.876593 -0.438946
    31 0.000000 -2.021618 -0.000004 0.186809 0.000000 0.000000
    32 -0.000021 2.021633 0.000027 0.824136 0.000000 0.000000
    33 -0.000004 -1.136217 -0.000004 -0.210111 0.000000 0.000000
    34 -0.000011 1.136200 -0.000019 -0.096334 0.000000 0.000000
    35 -0.032677 -4.587727 1.352317 2.844703 1.216154 2.484990
    36 0.032719 4.587772 -1.352291 2.575583 1.208662 2.466384
    37 0.000000 -1.754536 -0.000002 0.662896 0.000000 0.000000
    38 -0.000006 1.754520 -0.000034 0.321814 0.000000 0.000000
    39 0.000000 -1.227020 -0.000002 0.092660 0.000000 0.000000
    40 0.000002 1.227070 0.000032 0.460562 0.000000 0.000000
    41 -0.367996 -4.208406 0.173244 2.943027 1.091688 2.536231
    42 0.368011 4.208412 -0.173239 2.581893 1.052111 2.159298
    43 0.000000 -2.372318 -0.000004 0.722081 0.000000 0.000000
    44 -0.000006 2.372318 -0.000032 1.885942 0.000000 0.000000
    45 0.000004 -1.580070 -0.000001 0.034255 0.000000 0.000000
    46 -0.000002 1.580170 0.000030 0.602823 0.000000 0.000000
    47 -0.937645 -3.860697 -0.959317 3.044205 1.001841 2.581100
    48 0.937672 3.860714 0.959333 2.709723 0.800473 2.318765
    49 0.000000 -1.690632 0.000000 0.491549 0.000000 0.000000
    50 -0.000013 1.690666 0.000021 1.759130 0.000000 0.000000
    51 -0.000002 -1.423443 0.000002 0.234212 0.000000 0.000000
    52 0.000008 1.423420 0.000028 0.817068 0.000000 0.000000
    53 -1.546646 -3.404194 -1.915569 3.024293 0.944156 2.514436
    54 1.546661 3.404217 1.915585 -3.027006 0.615473 2.392693
    55 0.000004 -1.437820 0.000000 0.424958 0.000000 0.000000
    56 -0.000021 1.437870 0.000031 1.336724 0.000000 0.000000
    57 -0.000002 -1.059402 0.000000 0.322075 0.000000 0.000000
    58 0.000006 1.059372 0.000008 0.795881 0.000000 0.000000
    59 -0.000004 -13.013485 -0.000004 0.010936 -0.284121 -0.076428
    60 0.161133 -10.804688 0.023087 0.010936 -0.284121 -0.076428
  time 4
    0 -0.024506 -3.468750 -0.000151 -1.559900 -0.000006 -0.000006
    1 -8.653000 -0.001747 3.740445 -1.009065 -0.089544 0.502386
    2 0.000000 14.313023 0.000003 -0.513223 0.000000 0.000000
    3 -0.000011 13.013483 -0.000005 -0.346175 0.279559 -0.059622
    4 8.652996 -0.001732 3.740448 4.817118 0.292146 2.445228
    5 0.000000 -14.313034 0.000000 0.000000 0.000000 0.000000
    6 -0.000004 -13.013485 -0.000004 0.920515 0.163608 2.520867
    7 -1.330879 -2.698427 0.462449 -0.194886 -0.547260 3.056712
    8 1.330910 2.698444 -0.462436 0.194890 0.547268 -0.084879
    9 1.187500 5.542969 -1.857422 -1.369523 0.272265 -0.038129
    10 1.106445 12.492188 -3.097656 -2.092381 -0.272298 3.103442
    11 -1.486328 1.665039 -11.968750 0.514784 0.295216 -0.297477
    12 0.707031 8.593750 -3.654297 -1.589811 0.272264 -0.038126
    13 19.953125 -11.593750 5.781250 -1.285310 0.960381 0.216270
    14 6.566406 8.648438 3.230469 -1.090396 0.577049 -0.321829
    15 7.558525 6.997282 -2.354134 -1.937336 -0.275393 3.010581
    16 7.558525 6.997282 -2.354134 1.937336 0.275393 -0.131011
    17 -2.867767 -2.740969 0.531125 2.051196 0.577049 -0.321829
    18 1.106445 12.492188 -3.097656 -1.772050 -0.272302 3.103433
    19 20.231727 -41.740743 -10.164455 1.143876 0.297695 -0.261333
    20 1.339844 7.753906 -1.613281 -0.496545 0.272264 -0.038127
    21 4.777344 6.027344 1.897461 -1.090396 0.577049 -0.321829
    22 5.488281 7.070313 2.425781 -1.090396 0.577049 -0.321829
    23 7.537933 7.453606 1.870349 -1.090396 0.577049 -0.321829
    24 8.154472 8.357077 2.329839 -1.090396 0.577049 -0.321829
    25 8.874294 9.411907 2.866308 -1.090396 0.577049 -0.321829
    26 -4.125858 -2.321501 1.394414 2.051196 0.577049 -0.321829
    27 -4.826813 -3.348669 0.872014 2.051196 0.577049 -0.321829
    28 -5.441669 -4.249685 0.413772 2.051196 0.577049 -0.321829
    29 -0.552532 -1.343527 1.604446 -0.415180 0.312114 -0.422073
    30 0.552589 1.343534 -1.604463 -0.465990 -0.876593 -0.438946
    31 0.000000 -2.021618 -0.000004 0.186809 0.000000 0.000000
    32 -0.000021 2.021633 0.000027 0.824136 0.000000 0.000000
    33 -0.000004 -1.136217 -0.000004 -0.210111 0.000000 0.000000
    34 -0.000011 1.136200 -0.000019 -0.096334 0.000000 0.000000
    35 -0.032677 -4.587727 1.352317 2.844703 1.216154 2.484990
    36 0.032719 4.587772 -1.352291 2.575583 1.208662 2.466384
    37 0.000000 -1.754536 -0.000002 0.662896 0.000000 0.000000
    38 -0.000006 1.754520 -0.000034 0.321814 0.000000 0.000000
    39 0.000000 -1.227020 -0.000002 0.092660 0.000000 0.000000
    40 0.000002 1.227070 0.000032 0.460562 0.000000 0.000000
    41 -0.367996 -4.208406 0.173244 2.943027 1.091688 2.536231
    42 0.368011 4.208412 -0.173239 2.581893 1.052111 2.159298
    43 0.000000 -2.372318 -0.000004 0.722081 0.000000 0.000000
    44 -0.000006 2.372318 -0.000032 1.885942 0.000000 0.000000
    45 0.000004 -1.580070 -0.000001 0.034255 0.000000 0.000000
    46 -0.000002 1.580170 0.000030 0.602823 0.000000 0.000000
    47 -0.937645 -3.860697 -0.959317 3.044205 1.001841 2.581100
    48 0.937672 3.860714 0.959333 2.709723 0.800473 2.318765
    49 0.000000 -1.690632 0.000000 0.491549 0.000000 0.000000
    50 -0.000013 1.690666 0.000021 1.759130 0.000000 0.000000
    51 -0.000002 -1.423443 0.000002 0.234212 0.000000 0.000000
    52 0.000008 1.423420 0.000028 0.817068 0.000000 0.000000
    53 -1.546646 -3.404194 -1.915569 3.024293 0.944156 2.514436
    54 1.546661 3.404217 1.915585 -3.027006 0.615473 2.392693
    55 0.000004 -1.437820 0.000000 0.424958 0.000000 0.000000
    56 -0.000021 1.437870 0.000031 1.336724 0.000000 0.000000
    57 -0.000002 -1.059402 0.000000 0.322075 0.000000 0.000000
    58 0.000006 1.059372 0.000008 0.795881 0.000000 0.000000
    59 -0.000004 -13.013485 -0.000004 0.010936 -0.284121 -0.076428
    60 0.161133 -10.804688 0.023087 0.010936 -0.284121 -0.076428
  time 5
    0 -0.024506 -3.468750 -0.000151 -1.559900 -0.000006 -0.000006
    1 -8.653000 -0.001747 3.740445 -1.009065 -0.089591 0.502386
    2 0.000000 14.313023 0.000003 -0.513039 0.000000 0.000000
    3 -0.000011 13.013483 -0.000005 -0.346557 0.279559 -0.059431
    4 8.652996 -0.001732 3.740448 4.817118 0.292146 2.445228
    5 0.000000 -14.313034 0.000000 0.000000 0.000000 0.000000
    6 -0.000004 -13.013485 -0.000004 0.920515 0.163608 2.520867
    7 -1.330879 -2.698427 0.462449 -0.194886 -0.547260 3.056712
    8 1.330910 2.698444 -0.462436 0.194890 0.547268 -0.084879
    9 1.187500 5.542969 -1.857422 -1.369523 0.272265 -0.038129
    10 1.106445 12.492188 -3.097656 -2.092381 -0.272298 3.103442
    11 -1.486328 1.665039 -11.968750 0.514784 0.295216 -0.297477
    12 0.707031 8.593750 -3.654297 -1.589811 0.272264 -0.038126
    13 19.953125 -11.593750 5.781250 -1.285310 0.960381 0.216270
    14 6.566406 8.648438 3.230469 -1.090396 0.577049 -0.321829
    15 7.558525 6.997282 -2.354134 -1.937336 -0.275393 3.010581
    16 7.558525 6.997282 -2.354134 1.937336 0.275393 -0.131011
    17 -2.867767 -2.740969 0.531125 2.051196 0.577049 -0.321829
    18 1.106445 12.492188 -3.097656 -1.772050 -0.272302 3.103433
    19 20.223914 -41.736837 -10.172268 1.144065 0.297756 -0.261429
    20 1.339844 7.753906 -1.613281 -0.496545 0.272264 -0.038127
    21 4.777344 6.027344 1.897461 -1.090396 0.577049 -0.321829
    22 5.488281 7.070313 2.425781 -1.090396 0.577049 -0.321829
    23 7.537933 7.453606 1.870349 -1.090396 0.577049 -0.321829
    24 8.154472 8.357077 2.329839 -1.090396 0.577049 -0.321829
    25 8.874294 9.411907 2.866308 -1.090396 0.577049 -0.321829
    26 -4.125858 -2.321501 1.394414 2.051196 0.577049 -0.321829
    27 -4.826813 -3.348669 0.872014 2.051196 0.577049 -0.321829
    28 -5.441669 -4.249685 0.413772 2.051196 0.577049 -0.321829
    29 -0.552532 -1.343527 1.604446 -0.415180 0.312114 -0.422073
    30 0.552589 1.343534 -1.604463 -0.465990 -0.876593 -0.438946
    31 0.000000 -2.021618 -0.000004 0.186809 0.000000 0.000000
    32 -0.000021 2.021633 0.000027 0.824136 0.000000 0.000000
    33 -0.000004 -1.136217 -0.000004 -0.210111 0.000000 0.000000
    34 -0.000011 1.136200 -0.000019 -0.096334 0.000000 0.000000
    35 -0.032677 -4.587727 1.352317 2.844703 1.216154 2.484990
    36 0.032719 4.587772 -1.352291 2.575583 1.208662 2.466384
    37 0.000000 -1.754536 -0.000002 0.662896 0.000000 0.000000
    38 -0.000006 1.754520 -0.000034 0.321814 0.000000 0.000000
    39 0.000000 -1.227020 -0.000002 0.092660 0.000000 0.000000
    40 0.000002 1.227070 0.000032 0.460562 0.000000 0.000000
    41 -0.367996 -4.208406 0.173244 2.943027 1.091688 2.536231
    42 0.368011 4.208412 -0.173239 2.581893 1.052111 2.159298
    43 0.000000 -2.372318 -0.000004 0.722081 0.000000 0.000000
    44 -0.000006 2.372318 -0.000032 1.885942 0.000000 0.000000
    45 0.000004 -1.580070 -0.000001 0.034255 0.000000 0.000000
    46 -0.000002 1.580170 0.000030 0.602823 0.000000 0.000000
    47 -0.937645 -3.860697 -0.959317 3.044205 1.001841 2.581100
    48 0.937672 3.860714 0.959333 2.709723 0.800473 2.318765
    49 0.000000 -1.690632 0.000000 0.491549 0.000000 0.000000
    50 -0.000013 1.690666 0.000021 1.759130 0.000000 0.000000
    51 -0.000002 -1.423443 0.000002 0.234212 0.000000 0.000000
    52 0.000008 1.423420 0.000028 0.817068 0.000000 0.000000
    53 -1.546646 -3.404194 -1.915569 3.024293 0.944156 2.514436
    54 1.546661 3.404217 1.915585 -3.027006 0.615473 2.392693
    55 0.000004 -1.437820 0.000000 0.424958 0.000000 0.000000
    56 -0.000021 1.437870 0.000031 1.336724 0.000000 0.000000
    57 -0.000002 -1.059402 0.000000 0.322075 0.000000 0.000000
    58 0.000006 1.059372 0.000008 0.795881 0.000000 0.000000
    59 -0.000004 -13.013485 -0.000004 0.010936 -0.284121 -0.076428
    60 0.161133 -10.804688 0.023087 0.010936 -0.284121 -0.076428
  time 6
    0 -0.024506 -3.468750 -0.000151 -1.559900 -0.000006 -0.000006
    1 -8.653000 -0.001747 3.740445 -1.009157 -0.089591 0.502386
    2 0.000000 14.313023 0.000003 -0.512917 0.000000 0.000000
    3 -0.000011 13.013483 -0.000005 -0.346844 0.279654 -0.059431
    4 8.652996 -0.001732 3.740448 4.817118 0.292146 2.445228
    5 0.000000 -14.313034 0.000000 0.000000 0.000000 0.000000
    6 -0.000004 -13.013485 -0.000004 0.920515 0.163608 2.520867
    7 -1.330879 -2.698427 0.462449 -0.194886 -0.547260 3.056712
    8 1.330910 2.698444 -0.462436 0.194890 0.547268 -0.084879
    9 1.187500 5.542969 -1.857422 -1.369523 0.272265 -0.038129
    10 1.106445 12.492188 -3.097656 -2.092381 -0.272298 3.103442
    11 -1.486328 1.665039 -11.968750 0.514784 0.295216 -0.297477
    12 0.707031 8.593750 -3.654297 -1.589811 0.272264 -0.038126
    13 19.953125 -11.593750 5.781250 -1.285310 0.960381 0.216270
    14 6.566406 8.648438 3.230469 -1.090396 0.577049 -0.321829
    15 7.558525 6.997282 -2.354134 -1.937336 -0.275393 3.010581
    16 7.558525 6.997282 -2.354134 1.937336 0.275393 -0.131011
    17 -2.867767 -2.740969 0.531125 2.051196 0.577049 -0.321829
    18 1.106445 12.492188 -3.097656 -1.772050 -0.272302 3.103433
    19 20.220008 -41.736837 -10.183987 1.144350 0.297817 -0.261621
    20 1.339844 7.753906 -1.613281 -0.496545 0.272264 -0.038127
    21 4.777344 6.027344 1.897461 -1.090396 0.577049 -0.321829
    22 5.488281 7.070313 2.425781 -1.090396 0.577049 -0.321829
    23 7.537933 7.453606 1.870349 -1.090396 0.577049 -0.321829
    24 8.154472 8.357077 2.329839 -1.090396 0.577049 -0.321829
    25 8.874294 9.411907 2.866308 -1.090396 0.577049 -0.321829
    26 -4.125858 -2.321501 1.394414 2.051196 0.577049 -0.321829
    27 -4.826813 -3.348669 0.872014 2.051196 0.577049 -0.321829
    28 -5.441669 -4.249685 0.413772 2.051196 0.577049 -0.321829
    29 -0.552532 -1.343527 1.604446 -0.415180 0.312114 -0.422073
    30 0.552589 1.343534 -1.604463 -0.465990 -0.876593 -0.438946
    31 0.000000 -2.021618 -0.000004 0.186809 0.000000 0.000000
    32 -0.000021 2.021633 0.000027 0.824136 0.000000 0.000000
    33 -0.000004 -1.136217 -0.000004 -0.210111 0.000000 0.000000
    34 -0.000011 1.136200 -0.000019 -0.096334 0.000000 0.000000
    35 -0.032677 -4.587727 1.352317 2.844703 1.216154 2.484990
    36 0.032719 4.587772 -1.352291 2.575583 1.208662 2.466384
    37 0.000000 -1.754536 -0.000002 0.662896 0.000000 0.000000
    38 -0.000006 1.754520 -0.000034 0.321814 0.000000 0.000000
    39 0.000000 -1.227020 -0.000002 0.092660 0.000000 0.000000
    40 0.000002 1.227070 0.000032 0.460562 0.000000 0.000000
    41 -0.367996 -4.208406 0.173244 2.943027 1.091688 2.536231
    42 0.368011 4.208412 -0.173239 2.581893 1.052111 2.159298
    43 0.000000 -2.372318 -0.000004 0.722081 0.000000 0.000000
    44 -0.000006 2.372318 -0.000032 1.885942 0.000000 0.000000
    45 0.000004 -1.580070 -0.000001 0.034255 0.000000 0.000000
    46 -0.000002 1.580170 0.000030 0.602823 0.000000 0.000000
    47 -0.937645 -3.860697 -0.959317 3.044205 1.001841 2.581100
    48 0.937672 3.860714 0.959333 2.709723 0.800473 2.318765
    49 0.000000 -1.690632 0.000000 0.491549 0.000000 0.000000
    50 -0.000013 1.690666 0.000021 1.759130 0.000000 0.000000
    51 -0.000002 -1.423443 0.000002 0.234212 0.000000 0.000000
    52 0.000008 1.423420 0.000028 0.817068 0.000000 0.000000
    53 -1.546646 -3.404194 -1.915569 3.024293 0.944156 2.514436
    54 1.546661 3.404217 1.915585 -3.027006 0.615473 2.392693
    55 0.000004 -1.437820 0.000000 0.424958 0.000000 0.000000
    56 -0.000021 1.437870 0.000031 1.336724 0.000000 0.000000
    57 -0.000002 -1.059402 0.000000 0.322075 0.000000 0.000000
    58 0.000006 1.059372 0.000008 0.795881 0.000000 0.000000
    59 -0.000004 -13.013485 -0.000004 0.010936 -0.284121 -0.076428
    60 0.161133 -10.804688 0.023087 0.010936 -0.284121 -0.076428
  time 7
    0 -0.024506 -3.468750 -0.000151 -1.559900 -0.000006 -0.000006
    1 -8.653000 -0.001747 3.740445 -1.009157 -0.089591 0.502386
    2 0.000000 14.313023 0.000003 -0.512856 0.000000 0.000000
    3 -0.000011 13.013483 -0.000005 -0.347130 0.279701 -0.059335
    4 8.652996 -0.001732 3.740448 4.817118 0.292146 2.445228
    5 0.000000 -14.313034 0.000000 0.000000 0.000000 0.000000
    6 -0.000004 -13.013485 -0.000004 0.920515 0.163608 2.520867
    7 -1.330879 -2.698427 0.462449 -0.194886 -0.547260 3.056712
    8 1.330910 2.698444 -0.462436 0.194890 0.547268 -0.084879
    9 1.187500 5.542969 -1.857422 -1.369523 0.272265 -0.038129
    10 1.106445 12.492188 -3.097656 -2.092381 -0.272298 3.103442
    11 -1.486328 1.665039 -11.968750 0.514784 0.295216 -0.297477
    12 0.707031 8.593750 -3.654297 -1.589811 0.272264 -0.038126
    13 19.953125 -11.593750 5.781250 -1.285310 0.960381 0.216270
    14 6.566406 8.648438 3.230469 -1.090396 0.577049 -0.321829
    15 7.558525 6.997282 -2.354134 -1.937336 -0.275393 3.010581
    16 7.558525 6.997282 -2.354134 1.937336 0.275393 -0.131011
    17 -2.867767 -2.740969 0.531125 2.051196 0.577049 -0.321829
    18 1.106445 12.492188 -3.097656 -1.772050 -0.272302 3.103433
    19 20.212195 -41.736837 -10.195706 1.144540 0.297878 -0.261621
    20 1.339844 7.753906 -1.613281 -0.496545 0.272264 -0.038127
    21 4.777344 6.027344 1.897461 -1.090396 0.577049 -0.321829
    22 5.488281 7.070313 2.425781 -1.090396 0.577049 -0.321829
    23 7.537933 7.453606 1.870349 -1.090396 0.577049 -0.321829
    24 8.154472 8.357077 2.329839 -1.090396 0.577049 -0.321829
    25 8.874294 9.411907 2.866308 -1.090396 0.577049 -0.321829
    26 -4.125858 -2.321501 1.394414 2.051196 0.577049 -0.321829
    27 -4.826813 -3.348669 0.872014 2.051196 0.577049 -0.321829
    28 -5.441669 -4.249685 0.413772 2.051196 0.577049 -0.321829
    29 -0.552532 -1.343527 1.604446 -0.415180 0.312114 -0.422073
    30 0.552589 1.343534 -1.604463 -0.465990 -0.876593 -0.438946
    31 0.000000 -2.021618 -0.000004 0.186809 0.000000 0.000000
    32 -0.000021 2.021633 0.000027 0.824136 0.000000 0.000000
    33 -0.000004 -1.136217 -0.000004 -0.210111 0.000000 0.000000
    34 -0.000011 1.136200 -0.000019 -0.096334 0.000000 0.000000
    35 -0.032677 -4.587727 1.352317 2.844703 1.216154 2.484990
    36 0.032719 4.587772 -1.352291 2.575583 1.208662 2.466384
    37 0.000000 -1.754536 -0.000002 0.662896 0.000000 0.000000
    38 -0.000006 1.754520 -0.000034 0.321814 0.000000 0.000000
    39 0.000000 -1.227020 -0.000002 0.092660 0.000000 0.000000
    40 0.000002 1.227070 0.000032 0.460562 0.000000 0.000000
    41 -0.367996 -4.208406 0.173244 2.943027 1.091688 2.536231
    42 0.368011 4.208412 -0.173239 2.581893 1.052111 2.159298
    43 0.000000 -2.372318 -0.000004 0.722081 0.000000 0.000000
    44 -0.000006 2.372318 -0.000032 1.885942 0.000000 0.000000
    45 0.000004 -1.580070 -0.000001 0.034255 0.000000 0.000000
    46 -0.000002 1.580170 0.000030 0.602823 0.000000 0.000000
    47 -0.937645 -3.860697 -0.959317 3.044205 1.001841 2.581100
    48 0.937672 3.860714 0.959333 2.709723 0.800473 2.318765
    49 0.000000 -1.690632 0.000000 0.491549 0.000000 0.000000
    50 -0.000013 1.690666 0.000021 1.759130 0.000000 0.000000
    51 -0.000002 -1.423443 0.000002 0.234212 0.000000 0.000000
    52 0.000008 1.423420 0.000028 0.817068 0.000000 0.000000
    53 -1.546646 -3.404194 -1.915569 3.024293 0.944156 2.514436
    54 1.546661 3.404217 1.915585 -3.027006 0.615473 2.392693
    55 0.000004 -1.437820 0.000000 0.424958 0.000000 0.000000
    56 -0.000021 1.437870 0.000031 1.336724 0.000000 0.000000
    57 -0.000002 -1.059402 0.000000 0.322075 0.000000 0.000000
    58 0.000006 1.059372 0.000008 0.795881 0.000000 0.000000
    59 -0.000004 -13.013485 -0.000004 0.010936 -0.284121 -0.076428
    60 0.161133 -10.804688 0.023087 0.010936 -0.284121 -0.076428
  time 8
    0 -0.024506 -3.468750 -0.000151 -1.559900 -0.000006 -0.000006
    1 -8.653000 -0.001747 3.740445 -1.009157 -0.089639 0.502310
    2 0.000000 14.313023 0.000003 -0.512734 0.000000 0.000000
    3 -0.000011 13.013483 -0.000005 -0.347512 0.279701 -0.059239
    4 8.652996 -0.001732 3.740448 4.817118 0.292146 2.445228
    5 0.000000 -14.313034 0.000000 0.000000 0.000000 0.000000
    6 -0.000004 -13.013485 -0.000004 0.920515 0.163608 2.520867
    7 -1.330879 -2.698427 0.462449 -0.194886 -0.547260 3.056712
    8 1.330910 2.698444 -0.462436 0.194890 0.547268 -0.084879
    9 1.187500 5.542969 -1.857422 -1.369523 0.272265 -0.038129
    10 1.106445 12.492188 -3.097656 -2.092381 -0.272298 3.103442
    11 -1.486328 1.665039 -11.968750 0.514784 0.295216 -0.297477
    12 0.707031 8.593750 -3.654297 -1.589811 0.272264 -0.038126
    13 19.953125 -11.593750 5.781250 -1.285310 0.960381 0.216270
    14 6.566406 8.648438 3.230469 -1.090396 0.577049 -0.321829
    15 7.558525 6.997282 -2.354134 -1.937336 -0.275393 3.010581
    16 7.558525 6.997282 -2.354134 1.937336 0.275393 -0.131011
    17 -2.867767 -2.740969 0.531125 2.051196 0.577049 -0.321829
    18 1.106445 12.492188 -3.097656 -1.772050 -0.272302 3.103433
    19 20.208288 -41.736837 -10.211332 1.144824 0.297939 -0.261717
    20 1.339844 7.753906 -1.613281 -0.496545 0.272264 -0.038127
    21 4.777344 6.027344 1.897461 -1.090396 0.577049 -0.321829
    22 5.488281 7.070313 2.425781 -1.090396 0.577049 -0.321829
    23 7.537933 7.453606 1.870349 -1.090396 0.577049 -0.321829
    24 8.154472 8.357077 2.329839 -1.090396 0.577049 -0.321829
    25 8.874294 9.411907 2.866308 -1.090396 0.577049 -0.321829
    26 -4.125858 -2.321501 1.394414 2.051196 0.577049 -0.321829
    27 -4.826813 -3.348669 0.872014 2.051196 0.577049 -0.321829
    28 -5.441669 -4.249685 0.413772 2.051196 0.577049 -0.321829
    29 -0.552532 -1.343527 1.604446 -0.415180 0.312114 -0.422073
    30 0.552589 1.343534 -1.604463 -0.465990 -0.876593 -0.438946
    31 0.000000 -2.021618 -0.000004 0.186809 0.000000 0.000000
    32 -0.000021 2.021633 0.000027 0.824136 0.000000 0.000000
    33 -0.000004 -1.136217 -0.000004 -0.210111 0.000000 0.000000
    34 -0.000011 1.136200 -0.000019 -0.096334 0.000000 0.000000
    35 -0.032677 -4.587727 1.352317 2.844703 1.216154 2.484990
    36 0.032719 4.587772 -1.352291 2.575583 1.208662 2.466384
    37 0.000000 -1.754536 -0.000002 0.662896 0.000000 0.000000
    38 -0.000006 1.754520 -0.000034 0.321814 0.000000 0.000000
    39 0.000000 -1.227020 -0.000002 0.092660 0.000000 0.000000
    40 0.000002 1.227070 0.000032 0.460562 0.000000 0.000000
    41 -0.367996 -4.208406 0.173244 2.943027 1.091688 2.536231
    42 0.368011 4.208412 -0.173239 2.581893 1.052111 2.159298
    43 0.000000 -2.372318 -0.000004 0.722081 0.000000 0.000000
    44 -0.000006 2.372318 -0.000032 1.885942 0.000000 0.000000
    45 0.000004 -1.580070 -0.000001 0.034255 0.000000 0.000000
    46 -0.000002 1.580170 0.000030 0.602823 0.000000 0.000000
    47 -0.937645 -3.860697 -0.959317 3.044205 1.001841 2.581100
    48 0.937672 3.860714 0.959333 2.709723 0.800473 2.318765
    49 0.000000 -1.690632 0.000000 0.491549 0.000000 0.000000
    50 -0.000013 1.690666 0.000021 1.759130 0.000000 0.000000
    51 -0.000002 -1.423443 0.000002 0.234212 0.000000 0.000000
    52 0.000008 1.423420 0.000028 0.817068 0.000000 0.000000
    53 -1.546646 -3.404194 -1.915569 3.024293 0.944156 2.514436
    54 1.546661 3.404217 1.915585 -3.027006 0.615473 2.392693
    55 0.000004 -1.437820 0.000000 0.424958 0.000000 0.000000
    56 -0.000021 1.437870 0.000031 1.336724 0.000000 0.000000
    57 -0.000002 -1.059402 0.000000 0.322075 0.000000 0.000000
    58 0.000006 1.059372 0.000008 0.795881 0.000000 0.000000
    59 -0.000004 -13.013485 -0.000004 0.010936 -0.284121 -0.076428
    60 0.161133 -10.804688 0.023087 0.010936 -0.284121 -0.076428
  time 9
    0 -0.024506 -3.468750 -0.000151 -1.559900 -0.000006 -0.000006
    1 -8.653000 -0.001747 3.740445 -1.009157 -0.089639 0.502310
    2 0.000000 14.313023 0.000003 -0.512612 0.000000 0.000000
    3 -0.000011 13.013483 -0.000005 -0.347799 0.279654 -0.059239
    4 8.652996 -0.001732 3.740448 4.817118 0.292146 2.445228
    5 0.000000 -14.313034 0.000000 0.000000 0.000000 0.000000
    6 -0.000004 -13.013485 -0.000004 0.920515 0.163608 2.520867
    7 -1.330879 -2.698427 0.462449 -0.194886 -0.547260 3.056712
    8 1.330910 2.698444 -0.462436 0.194890 0.547268 -0.084879
    9 1.187500 5.542969 -1.857422 -1.369523 0.272265 -0.038129
    10 1.106445 12.492188 -3.097656 -2.092381 -0.272298 3.103442
    11 -1.486328 1.665039 -11.968750 0.514784 0.295216 -0.297477
    12 0.707031 8.593750 -3.654297 -1.589811 0.272264 -0.038126
    13 19.953125 -11.593750 5.781250 -1.285310 0.960381 0.216270
    14 6.566406 8.648438 3.230469 -1.090396 0.577049 -0.321829
    15 7.558525 6.997282 -2.354134 -1.937336 -0.275393 3.010581
    16 7.558525 6.997282 -2.354134 1.937336 0.275393 -0.131011
    17 -2.867767 -2.740969 0.531125 2.051196 0.577049 -0.321829
    18 1.106445 12.492188 -3.097656 -1.772050 -0.272302 3.103433
    19 20.208288 -41.732931 -10.215238 1.145014 0.298000 -0.261717
    20 1.339844 7.753906 -1.613281 -0.496545 0.272264 -0.038127
    21 4.777344 6.027344 1.897461 -1.090396 0.577049 -0.321829
    22 5.488281 7.070313 2.425781 -1.090396 0.577049 -0.321829
    23 7.537933 7.453606 1.870349 -1.090396 0.577049 -0.321829
    24 8.154472 8.357077 2.329839 -1.090396 0.577049 -0.321829
    25 8.874294 9.411907 2.866308 -1.090396 0.577049 -0.321829
    26 -4.125858 -2.321501 1.394414 2.051196 0.577049 -0.321829
    27 -4.826813 -3.348669 0.872014 2.051196 0.577049 -0.321829
    28 -5.441669 -4.249685 0.413772 2.051196 0.577049 -0.321829
    29 -0.552532 -1.343527 1.604446 -0.415180 0.312114 -0.422073
    30 0.552589 1.343534 -1.604463 -0.465990 -0.876593 -0.438946
    31 0.000000 -2.021618 -0.000004 0.186809 0.000000 0.000000
    32 -0.000021 2.021633 0.000027 0.824136 0.000000 0.000000
    33 -0.000004 -1.136217 -0.000004 -0.210111 0.000000 0.000000
    34 -0.000011 1.136200 -0.000019 -0.096334 0.000000 0.000000
    35 -0.032677 -4.587727 1.352317 2.844703 1.216154 2.484990
    36 0.032719 4.587772 -1.352291 2.575583 1.208662 2.466384
    37 0.000000 -1.754536 -0.000002 0.662896 0.000000 0.000000
    38 -0.000006 1.754520 -0.000034 0.321814 0.000000 0.000000
    39 0.000000 -1.227020 -0.000002 0.092660 0.000000 0.000000
    40 0.000002 1.227070 0.000032 0.460562 0.000000 0.000000
    41 -0.367996 -4.208406 0.173244 2.943027 1.091688 2.536231
    42 0.368011 4.208412 -0.173239 2.581893 1.052111 2.159298
    43 0.000000 -2.372318 -0.000004 0.722081 0.000000 0.000000
    44 -0.000006 2.372318 -0.000032 1.885942 0.000000 0.000000
    45 0.000004 -1.580070 -0.000001 0.034255 0.000000 0.000000
    46 -0.000002 1.580170 0.000030 0.602823 0.000000 0.000000
    47 -0.937645 -3.860697 -0.959317 3.044205 1.001841 2.581100
    48 0.937672 3.860714 0.959333 2.709723 0.800473 2.318765
    49 0.000000 -1.690632 0.000000 0.491549 0.000000 0.000000
    50 -0.000013 1.690666 0.000021 1.759130 0.000000 0.000000
    51 -0.000002 -1.423443 0.000002 0.234212 0.000000 0.000000
    52 0.000008 1.423420 0.000028 0.817068 0.000000 0.000000
    53 -1.546646 -3.404194 -1.915569 3.024293 0.944156 2.514436
    54 1.546661 3.404217 1.915585 -3.027006 0.615473 2.392693
    55 0.000004 -1.437820 0.000000 0.424958 0.000000 0.000000
    56 -0.000021 1.437870 0.000031 1.336724 0.000000 0.000000
    57 -0.000002 -1.059402 0.000000 0.322075 0.000000 0.000000
    58 0.000006 1.059372 0.000008 0.795881 0.000000 0.000000
    59 -0.000004 -13.013485 -0.000004 0.010936 -0.284121 -0.076428
    60 0.161133 -10.804688 0.023087 0.010936 -0.284121 -0.076428
  time 10
    0 -0.024506 -3.468750 -0.000151 -1.559900 -0.000006 -0.000006
    1 -8.653000 -0.001747 3.740445 -1.009157 -0.089687 0.502310
    2 0.000000 14.313023 0.000003 -0.512367 0.000000 0.000000
    3 -0.000011 13.013483 -0.000005 -0.348086 0.279559 -0.059239
    4 8.652996 -0.001732 3.740448 4.817118 0.292146 2.445228
    5 0.000000 -14.313034 0.000000 0.000000 0.000000 0.000000
    6 -0.000004 -13.013485 -0.000004 0.920515 0.163608 2.520867
    7 -1.330879 -2.698427 0.462449 -0.194886 -0.547260 3.056712
    8 1.330910 2.698444 -0.462436 0.194890 0.547268 -0.084879
    9 1.187500 5.542969 -1.857422 -1.369523 0.272265 -0.038129
    10 1.106445 12.492188 -3.097656 -2.092381 -0.272298 3.103442
    11 -1.486328 1.665039 -11.968750 0.514784 0.295216 -0.297477
    12 0.707031 8.593750 -3.654297 -1.589811 0.272264 -0.038126
    13 19.953125 -11.593750 5.781250 -1.285310 0.960381 0.216270
    14 6.566406 8.648438 3.230469 -1.090396 0.577049 -0.321829
    15 7.558525 6.997282 -2.354134 -1.937336 -0.275393 3.010581
    16 7.558525 6.997282 -2.354134 1.937336 0.275393 -0.131011
    17 -2.867767 -2.740969 0.531125 2.051196 0.577049 -0.321829
    18 1.106445 12.492188 -3.097656 -1.772050 -0.272302 3.103433
    19 20.208288 -41.729024 -10.223051 1.145109 0.298061 -0.261621
    20 1.339844 7.753906 -1.613281 -0.496545 0.272264 -0.038127
    21 4.777344 6.027344 1.897461 -1.090396 0.577049 -0.321829
    22 5.488281 7.070313 2.425781 -1.090396 0.577049 -0.321829
    23 7.537933 7.453606 1.870349 -1.090396 0.577049 -0.321829
    24 8.154472 8.357077 2.329839 -1.090396 0.577049 -0.321829
    25 8.874294 9.411907 2.866308 -1.090396 0.577049 -0.321829
    26 -4.125858 -2.321501 1.394414 2.051196 0.577049 -0.321829
    27 -4.826813 -3.348669 0.872014 2.051196 0.577049 -0.321829
    28 -5.441669 -4.249685 0.413772 2.051196 0.577049 -0.321829
    29 -0.552532 -1.343527 1.604446 -0.415180 0.312114 -0.422073
    30 0.552589 1.343534 -1.604463 -0.465990 -0.876593 -0.438946
    31 0.000000 -2.021618 -0.000004 0.186809 0.000000 0.000000
    32 -0.000021 2.021633 0.000027 0.824136 0.000000 0.000000
    33 -0.000004 -1.136217 -0.000004 -0.210111 0.000000 0.000000
    34 -0.000011 1.136200 -0.000019 -0.096334 0.000000 0.000000
    35 -0.032677 -4.587727 1.352317 2.844703 1.216154 2.484990
    36 0.032719 4.587772 -1.352291 2.575583 1.208662 2.466384
    37 0.000000 -1.754536 -0.000002 0.662896 0.000000 0.000000
    38 -0.000006 1.754520 -0.000034 0.321814 0.000000 0.000000
    39 0.000000 -1.227020 -0.000002 0.092660 0.000000 0.000000
    40 0.000002 1.227070 0.000032 0.460562 0.000000 0.000000
    41 -0.367996 -4.208406 0.173244 2.943027 1.091688 2.536231
    42 0.368011 4.208412 -0.173239 2.581893 1.052111 2.159298
    43 0.000000 -2.372318 -0.000004 0.722081 0.000000 0.000000
    44 -0.000006 2.372318 -0.000032 1.885942 0.000000 0.000000
    45 0.000004 -1.580070 -0.000001 0.034255 0.000000 0.000000
    46 -0.000002 1.580170 0.000030 0.602823 0.000000 0.000000
    47 -0.937645 -3.860697 -0.959317 3.044205 1.001841 2.581100
    48 0.937672 3.860714 0.959333 2.709723 0.800473 2.318765
    49 0.000000 -1.690632 0.000000 0.491549 0.000000 0.000000
    50 -0.000013 1.690666 0.000021 1.759130 0.000000 0.000000
    51 -0.000002 -1.423443 0.000002 0.234212 0.000000 0.000000
    52 0.000008 1.423420 0.000028 0.817068 0.000000 0.000000
    53 -1.546646 -3.404194 -1.915569 3.024293 0.944156 2.514436
    54 1.546661 3.404217 1.915585 -3.027006 0.615473 2.392693
    55 0.000004 -1.437820 0.000000 0.424958 0.000000 0.000000
    56 -0.000021 1.437870 0.000031 1.336724 0.000000 0.000000
    57 -0.000002 -1.059402 0.000000 0.322075 0.000000 0.000000
    58 0.000006 1.059372 0.000008 0.795881 0.000000 0.000000
    59 -0.000004 -13.013485 -0.000004 0.010936 -0.284121 -0.076428
    60 0.161133 -10.804688 0.023087 0.010936 -0.284121 -0.076428
  time 11
    0 -0.024506 -3.468750 -0.000151 -1.559900 -0.000006 -0.000006
    1 -8.653000 -0.001747 3.740445 -1.009341 -0.089687 0.502310
    2 0.000000 14.313023 0.000003 -0.512245 0.000000 0.000000
    3 -0.000011 13.013483 -0.000005 -0.348277 0.279512 -0.059335
    4 8.652996 -0.001732 3.740448 4.817118 0.292146 2.445228
    5 0.000000 -14.313034 0.000000 0.000000 0.000000 0.000000
    6 -0.000004 -13.013485 -0.000004 0.920515 0.163608 2.520867
    7 -1.330879 -2.698427 0.462449 -0.194886 -0.547260 3.056712
    8 1.330910 2.698444 -0.462436 0.194890 0.547268 -0.084879
    9 1.187500 5.542969 -1.857422 -1.369523 0.272265 -0.038129
    10 1.106445 12.492188 -3.097656 -2.092381 -0.272298 3.103442
    11 -1.486328 1.665039 -11.968750 0.514784 0.295216 -0.297477
    12 0.707031 8.593750 -3.654297 -1.589811 0.272264 -0.038126
    13 19.953125 -11.593750 5.781250 -1.285310 0.960381 0.216270
    14 6.566406 8.648438 3.230469 -1.090396 0.577049 -0.321829
    15 7.558525 6.997282 -2.354134 -1.937336 -0.275393 3.010581
    16 7.558525 6.997282 -2.354134 1.937336 0.275393 -0.131011
    17 -2.867767 -2.740969 0.531125 2.051196 0.577049 -0.321829
    18 1.106445 12.492188 -3.097656 -1.772050 -0.272302 3.103433
    19 20.208288 -41.732931 -10.234770 1.145203 0.298122 -0.261525
    20 1.339844 7.753906 -1.613281 -0.496545 0.272264 -0.038127
    21 4.777344 6.027344 1.897461 -1.090396 0.577049 -0.321829
    22 5.488281 7.070313 2.425781 -1.090396 0.577049 -0.321829
    23 7.537933 7.453606 1.870349 -1.090396 0.577049 -0.321829
    24 8.154472 8.357077 2.329839 -1.090396 0.577049 -0.321829
    25 8.874294 9.411907 2.866308 -1.090396 0.577049 -0.321829
    26 -4.125858 -2.321501 1.394414 2.051196 0.577049 -0.321829
    27 -4.826813 -3.348669 0.872014 2.051196 0.577049 -0.321829
    28 -5.441669 -4.249685 0.413772 2.051196 0.577049 -0.321829
    29 -0.552532 -1.343527 1.604446 -0.415180 0.312114 -0.422073
    30 0.552589 1.343534 -1.604463 -0.465990 -0.876593 -0.438946
    31 0.000000 -2.021618 -0.000004 0.186809 0.000000 0.000000
    32 -0.000021 2.021633 0.000027 0.824136 0.000000 0.000000
    33 -0.000004 -1.136217 -0.000004 -0.210111 0.000000 0.000000
    34 -0.000011 1.136200 -0.000019 -0.096334 0.000000 0.000000
    35 -0.032677 -4.587727 1.352317 2.844703 1.216154 2.484990
    36 0.032719 4.587772 -1.352291 2.575583 1.208662 2.466384
    37 0.000000 -1.754536 -0.000002 0.662896 0.000000 0.000000
    38 -0.000006 1.754520 -0.000034 0.321814 0.000000 0.000000
    39 0.000000 -1.227020 -0.000002 0.092660 0.000000 0.000000
    40 0.000002 1.227070 0.000032 0.460562 0.000000 0.000000
    41 -0.367996 -4.208406 0.173244 2.943027 1.091688 2.536231
    42 0.368011 4.208412 -0.173239 2.581893 1.052111 2.159298
    43 0.000000 -2.372318 -0.000004 0.722081 0.000000 0.000000
    44 -0.000006 2.372318 -0.000032 1.885942 0.000000 0.000000
    45 0.000004 -1.580070 -0.000001 0.034255 0.000000 0.000000
    46 -0.000002 1.580170 0.000030 0.602823 0.000000 0.000000
    47 -0.937645 -3.860697 -0.959317 3.044205 1.001841 2.581100
    48 0.937672 3.860714 0.959333 2.709723 0.800473 2.318765
    49 0.000000 -1.690632 0.000000 0.491549 0.000000 0.000000
    50 -0.000013 1.690666 0.000021 1.759130 0.000000 0.000000
    51 -0.000002 -1.423443 0.000002 0.234212 0.000000 0.000000
    52 0.000008 1.423420 0.000028 0.817068 0.000000 0.000000
    53 -1.546646 -3.404194 -1.915569 3.024293 0.944156 2.514436
    54 1.546661 3.404217 1.915585 -3.027006 0.615473 2.392693
    55 0.000004 -1.437820 0.000000 0.424958 0.000000 0.000000
    56 -0.000021 1.437870 0.000031 1.336724 0.000000 0.000000
    57 -0.000002 -1.059402 0.000000 0.322075 0.000000 0.000000
    58 0.000006 1.059372 0.000008 0.795881 0.000000 0.000000
    59 -0.000004 -13.013485 -0.000004 0.010936 -0.284121 -0.076428
    60 0.161133 -10.804688 0.023087 0.010936 -0.284121 -0.076428
  time 12
    0 -0.024506 -3.468750 -0.000151 -1.559900 -0.000006 -0.000006
    1 -8.653000 -0.001747 3.740445 -1.009341 -0.089735 0.502310
    2 0.000000 14.313023 0.000003 -0.512184 0.000000 0.000000
    3 -0.000011 13.013483 -0.000005 -0.348468 0.279465 -0.059431
    4 8.652996 -0.001732 3.740448 4.817118 0.292146 2.445228
    5 0.000000 -14.313034 0.000000 0.000000 0.000000 0.000000
    6 -0.000004 -13.013485 -0.000004 0.920515 0.163608 2.520867
    7 -1.330879 -2.698427 0.462449 -0.194886 -0.547260 3.056712
    8 1.330910 2.698444 -0.462436 0.194890 0.547268 -0.084879
    9 1.187500 5.542969 -1.857422 -1.369523 0.272265 -0.038129
    10 1.106445 12.492188 -3.097656 -2.092381 -0.272298 3.103442
    11 -1.486328 1.665039 -11.968750 0.514784 0.295216 -0.297477
    12 0.707031 8.593750 -3.654297 -1.589811 0.272264 -0.038126
    13 19.953125 -11.593750 5.781250 -1.285310 0.960381 0.216270
    14 6.566406 8.648438 3.230469 -1.090396 0.577049 -0.321829
    15 7.558525 6.997282 -2.354134 -1.937336 -0.275393 3.010581
    16 7.558525 6.997282 -2.354134 1.937336 0.275393 -0.131011
    17 -2.867767 -2.740969 0.531125 2.051196 0.577049 -0.321829
    18 1.106445 12.492188 -3.097656 -1.772050 -0.272302 3.103433
    19 20.216101 -41.729024 -10.234770 1.145203 0.298183 -0.261237
    20 1.339844 7.753906 -1.613281 -0.496545 0.272264 -0.038127
    21 4.777344 6.027344 1.897461 -1.090396 0.577049 -0.321829
    22 5.488281 7.070313 2.425781 -1.090396 0.577049 -0.321829
    23 7.537933 7.453606 1.870349 -1.090396 0.577049 -0.321829
    24 8.154472 8.357077 2.329839 -1.090396 0.577049 -0.321829
    25 8.874294 9.411907 2.866308 -1.090396 0.577049 -0.321829
    26 -4.125858 -2.321501 1.394414 2.051196 0.577049 -0.321829
    27 -4.826813 -3.348669 0.872014 2.051196 0.577049 -0.321829
    28 -5.441669 -4.249685 0.413772 2.051196 0.577049 -0.321829
    29 -0.552532 -1.343527 1.604446 -0.415180 0.312114 -0.422073
    30 0.552589 1.343534 -1.604463 -0.465990 -0.876593 -0.438946
    31 0.000000 -2.021618 -0.000004 0.186809 0.000000 0.000000
    32 -0.000021 2.021633 0.000027 0.824136 0.000000 0.000000
    33 -0.000004 -1.136217 -0.000004 -0.210111 0.000000 0.000000
    34 -0.000011 1.136200 -0.000019 -0.096334 0.000000 0.000000
    35 -0.032677 -4.587727 1.352317 2.844703 1.216154 2.484990
    36 0.032719 4.587772 -1.352291 2.575583 1.208662 2.466384
    37 0.000000 -1.754536 -0.000002 0.662896 0.000000 0.000000
    38 -0.000006 1.754520 -0.000034 0.321814 0.000000 0.000000
    39 0.000000 -1.227020 -0.000002 0.092660 0.000000 0.000000
    40 0.000002 1.227070 0.000032 0.460562 0.000000 0.000000
    41 -0.367996 -4.208406 0.173244 2.943027 1.091688 2.536231
    42 0.368011 4.208412 -0.173239 2.581893 1.052111 2.159298
    43 0.000000 -2.372318 -0.000004 0.722081 0.000000 0.000000
    44 -0.000006 2.372318 -0.000032 1.885942 0.000000 0.000000
    45 0.000004 -1.580070 -0.000001 0.034255 0.000000 0.000000
    46 -0.000002 1.580170 0.000030 0.602823 0.000000 0.000000
    47 -0.937645 -3.860697 -0.959317 3.044205 1.001841 2.581100
    48 0.937672 3.860714 0.959333 2.709723 0.800473 2.318765
    49 0.000000 -1.690632 0.000000 0.491549 0.000000 0.000000
    50 -0.000013 1.690666 0.000021 1.759130 0.000000 0.000000
    51 -0.000002 -1.423443 0.000002 0.234212 0.000000 0.000000
    52 0.000008 1.423420 0.000028 0.817068 0.000000 0.000000
    53 -1.546646 -3.404194 -1.915569 3.024293 0.944156 2.514436
    54 1.546661 3.404217 1.915585 -3.027006 0.615473 2.392693
    55 0.000004 -1.437820 0.000000 0.424958 0.000000 0.000000
    56 -0.000021 1.437870 0.000031 1.336724 0.000000 0.000000
    57 -0.000002 -1.059402 0.000000 0.322075 0.000000 0.000000
    58 0.000006 1.059372 0.000008 0.795881 0.000000 0.000000
    59 -0.000004 -13.013485 -0.000004 0.010936 -0.284121 -0.076428
    60 0.161133 -10.804688 0.023087 0.010936 -0.284121 -0.076428
  time 13
    0 -0.024506 -3.468750 -0.000151 -1.559900 -0.000006 -0.000006
    1 -8.653000 -0.001747 3.740445 -1.009341 -0.089735 0.502310
    2 0.000000 14.313023 0.000003 -0.512001 0.000000 0.000000
    3 -0.000011 13.013483 -0.000005 -0.348659 0.279371 -0.059431
    4 8.652996 -0.001732 3.740448 4.817118 0.292146 2.445228
    5 0.000000 -14.313034 0.000000 0.000000 0.000000 0.000000
    6 -0.000004 -13.013485 -0.000004 0.920515 0.163608 2.520867
    7 -1.330879 -2.698427 0.462449 -0.194886 -0.547260 3.056712
    8 1.330910 2.698444 -0.462436 0.194890 0.547268 -0.084879
    9 1.187500 5.542969 -1.857422 -1.369523 0.272265 -0.038129
    10 1.106445 12.492188 -3.097656 -2.092381 -0.272298 3.103442
    11 -1.486328 1.665039 -11.968750 0.514784 0.295216 -0.297477
    12 0.707031 8.593750 -3.654297 -1.589811 0.272264 -0.038126
    13 19.953125 -11.593750 5.781250 -1.285310 0.960381 0.216270
    14 6.566406 8.648438 3.230469 -1.090396 0.577049 -0.321829
    15 7.558525 6.997282 -2.354134 -1.937336 -0.275393 3.010581
    16 7.558525 6.997282 -2.354134 1.937336 0.275393 -0.131011
    17 -2.867767 -2.740969 0.531125 2.051196 0.577049 -0.321829
    18 1.106445 12.492188 -3.097656 -1.772050 -0.272302 3.103433
    19 20.220008 -41.721212 -10.234770 1.145203 0.298183 -0.261141
    20 1.339844 7.753906 -1.613281 -0.496545 0.272264 -0.038127
    21 4.777344 6.027344 1.897461 -1.090396 0.577049 -0.321829
    22 5.488281 7.070313 2.425781 -1.090396 0.577049 -0.321829
    23 7.537933 7.453606 1.870349 -1.090396 0.577049 -0.321829
    24 8.154472 8.357077 2.329839 -1.090396 0.577049 -0.321829
    25 8.874294 9.411907 2.866308 -1.090396 0.577049 -0.321829
    26 -4.125858 -2.321501 1.394414 2.051196 0.577049 -0.321829
    27 -4.826813 -3.348669 0.872014 2.051196 0.577049 -0.321829
    28 -5.441669 -4.249685 0.413772 2.051196 0.577049 -0.321829
    29 -0.552532 -1.343527 1.604446 -0.415180 0.312114 -0.422073
    30 0.552589 1.343534 -1.604463 -0.465990 -0.876593 -0.438946
    31 0.000000 -2.021618 -0.000004 0.186809 0.000000 0.000000
    32 -0.000021 2.021633 0.000027 0.824136 0.000000 0.000000
    33 -0.000004 -1.136217 -0.000004 -0.210111 0.000000 0.000000
    34 -0.000011 1.136200 -0.000019 -0.096334 0.000000 0.000000
    35 -0.032677 -4.587727 1.352317 2.844703 1.216154 2.484990
    36 0.032719 4.587772 -1.352291 2.575583 1.208662 2.466384
    37 0.000000 -1.754536 -0.000002 0.662896 0.000000 0.000000
    38 -0.000006 1.754520 -0.000034 0.321814 0.000000 0.000000
    39 0.000000 -1.227020 -0.000002 0.092660 0.000000 0.000000
    40 0.000002 1.227070 0.000032 0.460562 0.000000 0.000000
    41 -0.367996 -4.208406 0.173244 2.943027 1.091688 2.536231
    42 0.368011 4.208412 -0.173239 2.581893 1.052111 2.159298
    43 0.000000 -2.372318 -0.000004 0.722081 0.000000 0.000000
    44 -0.000006 2.372318 -0.000032 1.885942 0.000000 0.000000
    45 0.000004 -1.580070 -0.000001 0.034255 0.000000 0.000000
    46 -0.000002 1.580170 0.000030 0.602823 0.000000 0.000000
    47 -0.937645 -3.860697 -0.959317 3.044205 1.001841 2.581100
    48 0.937672 3.860714 0.959333 2.709723 0.800473 2.318765
    49 0.000000 -1.690632 0.000000 0.491549 0.000000 0.000000
    50 -0.000013 1.690666 0.000021 1.759130 0.000000 0.000000
    51 -0.000002 -1.423443 0.000002 0.234212 0.000000 0.000000
    52 0.000008 1.423420 0.000028 0.817068 0.000000 0.000000
    53 -1.546646 -3.404194 -1.915569 3.024293 0.944156 2.514436
    54 1.546661 3.404217 1.915585 -3.027006 0.615473 2.392693
    55 0.000004 -1.437820 0.000000 0.424958 0.000000 0.000000
    56 -0.000021 1.437870 0.000031 1.336724 0.000000 0.000000
    57 -0.000002 -1.059402 0.000000 0.322075 0.000000 0.000000
    58 0.000006 1.059372 0.000008 0.795881 0.000000 0.000000
    59 -0.000004 -13.013485 -0.000004 0.010936 -0.284121 -0.076428
    60 0.161133 -10.804688 0.023087 0.010936 -0.284121 -0.076428
  time 14
    0 -0.024506 -3.468750 -0.000151 -1.559900 -0.000006 -0.000006
    1 -8.653000 -0.001747 3.740445 -1.009341 -0.089782 0.502233
    2 0.000000 14.313023 0.000003 -0.511817 0.000000 0.000000
    3 -0.000011 13.013483 -0.000005 -0.348659 0.279229 -0.059622
    4 8.652996 -0.001732 3.740448 4.817118 0.292146 2.445228
    5 0.000000 -14.313034 0.000000 0.000000 0.000000 0.000000
    6 -0.000004 -13.013485 -0.000004 0.920515 0.163608 2.520867
    7 -1.330879 -2.698427 0.462449 -0.194886 -0.547260 3.056712
    8 1.330910 2.698444 -0.462436 0.194890 0.547268 -0.084879
    9 1.187500 5.542969 -1.857422 -1.369523 0.272265 -0.038129
    10 1.106445 12.492188 -3.097656 -2.092381 -0.272298 3.103442
    11 -1.486328 1.665039 -11.968750 0.514784 0.295216 -0.297477
    12 0.707031 8.593750 -3.654297 -1.589811 0.272264 -0.038126
    13 19.953125 -11.593750 5.781250 -1.285310 0.960381 0.216270
    14 6.566406 8.648438 3.230469 -1.090396 0.577049 -0.321829
    15 7.558525 6.997282 -2.354134 -1.937336 -0.275393 3.010581
    16 7.558525 6.997282 -2.354134 1.937336 0.275393 -0.131011
    17 -2.867767 -2.740969 0.531125 2.051196 0.577049 -0.321829
    18 1.106445 12.492188 -3.097656 -1.772050 -0.272302 3.103433
    19 20.227820 -41.721212 -10.230864 1.145109 0.298183 -0.261045
    20 1.339844 7.753906 -1.613281 -0.496545 0.272264 -0.038127
    21 4.777344 6.027344 1.897461 -1.090396 0.577049 -0.321829
    22 5.488281 7.070313 2.425781 -1.090396 0.577049 -0.321829
    23 7.537933 7.453606 1.870349 -1.090396 0.577049 -0.321829
    24 8.154472 8.357077 2.329839 -1.090396 0.577049 -0.321829
    25 8.874294 9.411907 2.866308 -1.090396 0.577049 -0.321829
    26 -4.125858 -2.321501 1.394414 2.051196 0.577049 -0.321829
    27 -4.826813 -3.348669 0.872014 2.051196 0.577049 -0.321829
    28 -5.441669 -4.249685 0.413772 2.051196 0.577049 -0.321829
    29 -0.552532 -1.343527 1.604446 -0.415180 0.312114 -0.422073
    30 0.552589 1.343534 -1.604463 -0.465990 -0.876593 -0.438946
    31 0.000000 -2.021618 -0.000004 0.186809 0.000000 0.000000
    32 -0.000021 2.021633 0.000027 0.824136 0.000000 0.000000
    33 -0.000004 -1.136217 -0.000004 -0.210111 0.000000 0.000000
    34 -0.000011 1.136200 -0.000019 -0.096334 0.000000 0.000000
    35 -0.032677 -4.587727 1.352317 2.844703 1.216154 2.484990
    36 0.032719 4.587772 -1.352291 2.575583 1.208662 2.466384
    37 0.000000 -1.754536 -0.000002 0.662896 0.000000 0.000000
    38 -0.000006 1.754520 -0.000034 0.321814 0.000000 0.000000
    39 0.000000 -1.227020 -0.000002 0.092660 0.000000 0.000000
    40 0.000002 1.227070 0.000032 0.460562 0.000000 0.000000
    41 -0.367996 -4.208406 0.173244 2.943027 1.091688 2.536231
    42 0.368011 4.208412 -0.173239 2.581893 1.052111 2.159298
    43 0.000000 -2.372318 -0.000004 0.722081 0.000000 0.000000
    44 -0.000006 2.372318 -0.000032 1.885942 0.000000 0.000000
    45 0.000004 -1.580070 -0.000001 0.034255 0.000000 0.000000
    46 -0.000002 1.580170 0.000030 0.602823 0.000000 0.000000
    47 -0.937645 -3.860697 -0.959317 3.044205 1.001841 2.581100
    48 0.937672 3.860714 0.959333 2.709723 0.800473 2.318765
    49 0.000000 -1.690632 0.000000 0.491549 0.000000 0.000000
    50 -0.000013 1.690666 0.000021 1.759130 0.000000 0.000000
    51 -0.000002 -1.423443 0.000002 0.234212 0.000000 0.000000
    52 0.000008 1.423420 0.000028 0.817068 0.000000 0.000000
    53 -1.546646 -3.404194 -1.915569 3.024293 0.944156 2.514436
    54 1.546661 3.404217 1.915585 -3.027006 0.615473 2.392693
    55 0.000004 -1.437820 0.000000 0.424958 0.000000 0.000000
    56 -0.000021 1.437870 0.000031 1.336724 0.000000 0.000000
    57 -0.000002 -1.059402 0.000000 0.322075 0.000000 0.000000
    58 0.000006 1.059372 0.000008 0.795881 0.000000 0.000000
    59 -0.000004 -13.013485 -0.000004 0.010936 -0.284121 -0.076428
    60 0.161133 -10.804688 0.023087 0.010936 -0.284121 -0.076428
  time 15
    0 -0.024506 -3.468750 -0.000151 -1.559900 -0.000006 -0.000006
    1 -8.653000 -0.001747 3.740445 -1.009341 -0.089782 0.502233
    2 0.000000 14.313023 0.000003 -0.511756 0.000000 0.000000
    3 -0.000011 13.013483 -0.000005 -0.348659 0.279182 -0.059910
    4 8.652996 -0.001732 3.740448 4.817118 0.292146 2.445228
    5 0.000000 -14.313034 0.000000 0.000000 0.000000 0.000000
    6 -0.000004 -13.013485 -0.000004 0.920515 0.163608 2.520867
    7 -1.330879 -2.698427 0.462449 -0.194886 -0.547260 3.056712
    8 1.330910 2.698444 -0.462436 0.194890 0.547268 -0.084879
    9 1.187500 5.542969 -1.857422 -1.369523 0.272265 -0.038129
    10 1.106445 12.492188 -3.097656 -2.092381 -0.272298 3.103442
    11 -1.486328 1.665039 -11.968750 0.514784 0.295216 -0.297477
    12 0.707031 8.593750 -3.654297 -1.589811 0.272264 -0.038126
    13 19.953125 -11.593750 5.781250 -1.285310 0.960381 0.216270
    14 6.566406 8.648438 3.230469 -1.090396 0.577049 -0.321829
    15 7.558525 6.997282 -2.354134 -1.937336 -0.275393 3.010581
    16 7.558525 6.997282 -2.354134 1.937336 0.275393 -0.131011
    17 -2.867767 -2.740969 0.531125 2.051196 0.577049 -0.321829
    18 1.106445 12.492188 -3.097656 -1.772050 -0.272302 3.103433
    19 20.235633 -41.721212 -10.226957 1.144919 0.298122 -0.260950
    20 1.339844 7.753906 -1.613281 -0.496545 0.272264 -0.038127
    21 4.777344 6.027344 1.897461 -1.090396 0.577049 -0.321829
    22 5.488281 7.070313 2.425781 -1.090396 0.577049 -0.321829
    23 7.537933 7.453606 1.870349 -1.090396 0.577049 -0.321829
    24 8.154472 8.357077 2.329839 -1.090396 0.577049 -0.321829
    25 8.874294 9.411907 2.866308 -1.090396 0.577049 -0.321829
    26 -4.125858 -2.321501 1.394414 2.051196 0.577049 -0.321829
    27 -4.826813 -3.348669 0.872014 2.051196 0.577049 -0.321829
    28 -5.441669 -4.249685 0.413772 2.051196 0.577049 -0.321829
    29 -0.552532 -1.343527 1.604446 -0.415180 0.312114 -0.422073
    30 0.552589 1.343534 -1.604463 -0.465990 -0.876593 -0.438946
    31 0.000000 -2.021618 -0.000004 0.186809 0.000000 0.000000
    32 -0.000021 2.021633 0.000027 0.824136 0.000000 0.000000
    33 -0.000004 -1.136217 -0.000004 -0.210111 0.000000 0.000000
    34 -0.000011 1.136200 -0.000019 -0.096334 0.000000 0.000000
    35 -0.032677 -4.587727 1.352317 2.844703 1.216154 2.484990
    36 0.032719 4.587772 -1.352291 2.575583 1.208662 2.466384
    37 0.000000 -1.754536 -0.000002 0.662896 0.000000 0.000000
    38 -0.000006 1.754520 -0.000034 0.321814 0.000000 0.000000
    39 0.000000 -1.227020 -0.000002 0.092660 0.000000 0.000000
    40 0.000002 1.227070 0.000032 0.460562 0.000000 0.000000
    41 -0.367996 -4.208406 0.173244 2.943027 1.091688 2.536231
    42 0.368011 4.208412 -0.173239 2.581893 1.052111 2.159298
    43 0.000000 -2.372318 -0.000004 0.722081 0.000000 0.000000
    44 -0.000006 2.372318 -0.000032 1.885942 0.000000 0.000000
    45 0.000004 -1.580070 -0.000001 0.034255 0.000000 0.000000
    46 -0.000002 1.580170 0.000030 0.602823 0.000000 0.000000
    47 -0.937645 -3.860697 -0.959317 3.044205 1.001841 2.581100
    48 0.937672 3.860714 0.959333 2.709723 0.800473 2.318765
    49 0.000000 -1.690632 0.000000 0.491549 0.000000 0.000000
    50 -0.000013 1.690666 0.000021 1.759130 0.000000 0.000000
    51 -0.000002 -1.423443 0.000002 0.234212 0.000000 0.000000
    52 0.000008 1.423420 0.000028 0.817068 0.000000 0.000000
    53 -1.546646 -3.404194 -1.915569 3.024293 0.944156 2.514436
    54 1.546661 3.404217 1.915585 -3.027006 0.615473 2.392693
    55 0.000004 -1.437820 0.000000 0.424958 0.000000 0.000000
    56 -0.000021 1.437870 0.000031 1.336724 0.000000 0.000000
    57 -0.000002 -1.059402 0.000000 0.322075 0.000000 0.000000
    58 0.000006 1.059372 0.000008 0.795881 0.000000 0.000000
    59 -0.000004 -13.013485 -0.000004 0.010936 -0.284121 -0.076428
    60 0.161133 -10.804688 0.023087 0.010936 -0.284121 -0.076428
  time 16
    0 -0.024506 -3.468750 -0.000151 -1.559900 -0.000006 -0.000006
    1 -8.653000 -0.001747 3.740445 -1.009434 -0.089782 0.502233
    2 0.000000 14.313023 0.000003 -0.511634 0.000000 0.000000
    3 -0.000011 13.013483 -0.000005 -0.348468 0.279087 -0.060102
    4 8.652996 -0.001732 3.740448 4.817118 0.292146 2.445228
    5 0.000000 -14.313034 0.000000 0.000000 0.000000 0.000000
    6 -0.000004 -13.013485 -0.000004 0.920515 0.163608 2.520867
    7 -1.330879 -2.698427 0.462449 -0.194886 -0.547260 3.056712
    8 1.330910 2.698444 -0.462436 0.194890 0.547268 -0.084879
    9 1.187500 5.542969 -1.857422 -1.369523 0.272265 -0.038129
    10 1.106445 12.492188 -3.097656 -2.092381 -0.272298 3.103442
    11 -1.486328 1.665039 -11.968750 0.514784 0.295216 -0.297477
    12 0.707031 8.593750 -3.654297 -1.589811 0.272264 -0.038126
    13 19.953125 -11.593750 5.781250 -1.285310 0.960381 0.216270
    14 6.566406 8.648438 3.230469 -1.090396 0.577049 -0.321829
    15 7.558525 6.997282 -2.354134 -1.937336 -0.275393 3.010581
    16 7.558525 6.997282 -2.354134 1.937336 0.275393 -0.131011
    17 -2.867767 -2.740969 0.531125 2.051196 0.577049 -0.321829
    18 1.106445 12.492188 -3.097656 -1.772050 -0.272302 3.103433
    19 20.243446 -41.713399 -10.215238 1.144540 0.298061 -0.260854
    20 1.339844 7.753906 -1.613281 -0.496545 0.272264 -0.038127
    21 4.777344 6.027344 1.897461 -1.090396 0.577049 -0.321829
    22 5.488281 7.070313 2.425781 -1.090396 0.577049 -0.321829
    23 7.537933 7.453606 1.870349 -1.090396 0.577049 -0.321829
    24 8.154472 8.357077 2.329839 -1.090396 0.577049 -0.321829
    25 8.874294 9.411907 2.866308 -1.090396 0.577049 -0.321829
    26 -4.125858 -2.321501 1.394414 2.051196 0.577049 -0.321829
    27 -4.826813 -3.348669 0.872014 2.051196 0.577049 -0.321829
    28 -5.441669 -4.249685 0.413772 2.051196 0.577049 -0.321829
    29 -0.552532 -1.343527 1.604446 -0.415180 0.312114 -0.422073
    30 0.552589 1.343534 -1.604463 -0.465990 -0.876593 -0.438946
    31 0.000000 -2.021618 -0.000004 0.186809 0.000000 0.000000
    32 -0.000021 2.021633 0.000027 0.824136 0.000000 0.000000
    33 -0.000004 -1.136217 -0.000004 -0.210111 0.000000 0.000000
    34 -0.000011 1.136200 -0.000019 -0.096334 0.000000 0.000000
    35 -0.032677 -4.587727 1.352317 2.844703 1.216154 2.484990
    36 0.032719 4.587772 -1.352291 2.575583 1.208662 2.466384
    37 0.000000 -1.754536 -0.000002 0.662896 0.000000 0.000000
    38 -0.000006 1.754520 -0.000034 0.321814 0.000000 0.000000
    39 0.000000 -1.227020 -0.000002 0.092660 0.000000 0.000000
    40 0.000002 1.227070 0.000032 0.460562 0.000000 0.000000
    41 -0.367996 -4.208406 0.173244 2.943027 1.091688 2.536231
    42 0.368011 4.208412 -0.173239 2.581893 1.052111 2.159298
    43 0.000000 -2.372318 -0.000004 0.722081 0.000000 0.000000
    44 -0.000006 2.372318 -0.000032 1.885942 0.000000 0.000000
    45 0.000004 -1.580070 -0.000001 0.034255 0.000000 0.000000
    46 -0.000002 1.580170 0.000030 0.602823 0.000000 0.000000
    47 -0.937645 -3.860697 -0.959317 3.044205 1.001841 2.581100
    48 0.937672 3.860714 0.959333 2.709723 0.800473 2.318765
    49 0.000000 -1.690632 0.000000 0.491549 0.000000 0.000000
    50 -0.000013 1.690666 0.000021 1.759130 0.000000 0.000000
    51 -0.000002 -1.423443 0.000002 0.234212 0.000000 0.000000
    52 0.000008 1.423420 0.000028 0.817068 0.000000 0.000000
    53 -1.546646 -3.404194 -1.915569 3.024293 0.944156 2.514436
    54 1.546661 3.404217 1.915585 -3.027006 0.615473 2.392693
    55 0.000004 -1.437820 0.000000 0.424958 0.000000 0.000000
    56 -0.000021 1.437870 0.000031 1.336724 0.000000 0.000000
    57 -0.000002 -1.059402 0.000000 0.322075 0.000000 0.000000
    58 0.000006 1.059372 0.000008 0.795881 0.000000 0.000000
    59 -0.000004 -13.013485 -0.000004 0.010936 -0.284121 -0.076428
    60 0.161133 -10.804688 0.023087 0.010936 -0.284121 -0.076428
  time 17
    0 -0.024506 -3.468750 -0.000151 -1.559900 -0.000006 -0.000006
    1 -8.653000 -0.001747 3.740445 -1.009434 -0.089830 0.502233
    2 0.000000 14.313023 0.000003 -0.511634 0.000000 0.000000
    3 -0.000011 13.013483 -0.000005 -0.348277 0.278946 -0.060293
    4 8.652996 -0.001732 3.740448 4.817118 0.292146 2.445228
    5 0.000000 -14.313034 0.000000 0.000000 0.000000 0.000000
    6 -0.000004 -13.013485 -0.000004 0.920515 0.163608 2.520867
    7 -1.330879 -2.698427 0.462449 -0.194886 -0.547260 3.056712
    8 1.330910 2.698444 -0.462436 0.194890 0.547268 -0.084879
    9 1.187500 5.542969 -1.857422 -1.369523 0.272265 -0.038129
    10 1.106445 12.492188 -3.097656 -2.092381 -0.272298 3.103442
    11 -1.486328 1.665039 -11.968750 0.514784 0.295216 -0.297477
    12 0.707031 8.593750 -3.654297 -1.589811 0.272264 -0.038126
    13 19.953125 -11.593750 5.781250 -1.285310 0.960381 0.216270
    14 6.566406 8.648438 3.230469 -1.090396 0.577049 -0.321829
    15 7.558525 6.997282 -2.354134 -1.937336 -0.275393 3.010581
    16 7.558525 6.997282 -2.354134 1.937336 0.275393 -0.131011
    17 -2.867767 -2.740969 0.531125 2.051196 0.577049 -0.321829
    18 1.106445 12.492188 -3.097656 -1.772050 -0.272302 3.103433
    19 20.255165 -41.717305 -10.203519 1.144255 0.297939 -0.260566
    20 1.339844 7.753906 -1.613281 -0.496545 0.272264 -0.038127
    21 4.777344 6.027344 1.897461 -1.090396 0.577049 -0.321829
    22 5.488281 7.070313 2.425781 -1.090396 0.577049 -0.321829
    23 7.537933 7.453606 1.870349 -1.090396 0.577049 -0.321829
    24 8.154472 8.357077 2.329839 -1.090396 0.577049 -0.321829
    25 8.874294 9.411907 2.866308 -1.090396 0.577049 -0.321829
    26 -4.125858 -2.321501 1.394414 2.051196 0.577049 -0.321829
    27 -4.826813 -3.348669 0.872014 2.051196 0.577049 -0.321829
    28 -5.441669 -4.249685 0.413772 2.051196 0.577049 -0.321829
    29 -0.552532 -1.343527 1.604446 -0.415180 0.312114 -0.422073
    30 0.552589 1.343534 -1.604463 -0.465990 -0.876593 -0.438946
    31 0.000000 -2.021618 -0.000004 0.186809 0.000000 0.000000
    32 -0.000021 2.021633 0.000027 0.824136 0.000000 0.000000
    33 -0.000004 -1.136217 -0.000004 -0.210111 0.000000 0.000000
    34 -0.000011 1.136200 -0.000019 -0.096334 0.000000 0.000000
    35 -0.032677 -4.587727 1.352317 2.844703 1.216154 2.484990
    36 0.032719 4.587772 -1.352291 2.575583 1.208662 2.466384
    37 0.000000 -1.754536 -0.000002 0.662896 0.000000 0.000000
    38 -0.000006 1.754520 -0.000034 0.321814 0.000000 0.000000
    39 0.000000 -1.227020 -0.000002 0.092660 0.000000 0.000000
    40 0.000002 1.227070 0.000032 0.460562 0.000000 0.000000
    41 -0.367996 -4.208406 0.173244 2.943027 1.091688 2.536231
    42 0.368011 4.208412 -0.173239 2.581893 1.052111 2.159298
    43 0.000000 -2.372318 -0.000004 0.722081 0.000000 0.000000
    44 -0.000006 2.372318 -0.000032 1.885942 0.000000 0.000000
    45 0.000004 -1.580070 -0.000001 0.034255 0.000000 0.000000
    46 -0.000002 1.580170 0.000030 0.602823 0.000000 0.000000
    47 -0.937645 -3.860697 -0.959317 3.044205 1.001841 2.581100
    48 0.937672 3.860714 0.959333 2.709723 0.800473 2.318765
    49 0.000000 -1.690632 0.000000 0.491549 0.000000 0.000000
    50 -0.000013 1.690666 0.000021 1.759130 0.000000 0.000000
    51 -0.000002 -1.423443 0.000002 0.234212 0.000000 0.000000
    52 0.000008 1.423420 0.000028 0.817068 0.000000 0.000000
    53 -1.546646 -3.404194 -1.915569 3.024293 0.944156 2.514436
    54 1.546661 3.404217 1.915585 -3.027006 0.615473 2.392693
    55 0.000004 -1.437820 0.000000 0.424958 0.000000 0.000000
    56 -0.000021 1.437870 0.000031 1.336724 0.000000 0.000000
    57 -0.000002 -1.059402 0.000000 0.322075 0.000000 0.000000
    58 0.000006 1.059372 0.000008 0.795881 0.000000 0.000000
    59 -0.000004 -13.013485 -0.000004 0.010936 -0.284121 -0.076428
    60 0.161133 -10.804688 0.023087 0.010936 -0.284121 -0.076428
  time 18
    0 -0.024506 -3.468750 -0.000151 -1.559900 -0.000006 -0.000006
    1 -8.653000 -0.001747 3.740445 -1.009434 -0.089830 0.502233
    2 0.000000 14.313023 0.000003 -0.511573 0.000000 0.000000
    3 -0.000011 13.013483 -0.000005 -0.347990 0.278899 -0.060677
    4 8.652996 -0.001732 3.740448 4.817118 0.292146 2.445228
    5 0.000000 -14.313034 0.000000 0.000000 0.000000 0.000000
    6 -0.000004 -13.013485 -0.000004 0.920515 0.163608 2.520867
    7 -1.330879 -2.698427 0.462449 -0.194886 -0.547260 3.056712
    8 1.330910 2.698444 -0.462436 0.194890 0.547268 -0.084879
    9 1.187500 5.542969 -1.857422 -1.369523 0.272265 -0.038129
    10 1.106445 12.492188 -3.097656 -2.092381 -0.272298 3.103442
    11 -1.486328 1.665039 -11.968750 0.514784 0.295216 -0.297477
    12 0.707031 8.593750 -3.654297 -1.589811 0.272264 -0.038126
    13 19.953125 -11.593750 5.781250 -1.285310 0.960381 0.216270
    14 6.566406 8.648438 3.230469 -1.090396 0.577049 -0.321829
    15 7.558525 6.997282 -2.354134 -1.937336 -0.275393 3.010581
    16 7.558525 6.997282 -2.354134 1.937336 0.275393 -0.131011
    17 -2.867767 -2.740969 0.531125 2.051196 0.577049 -0.321829
    18 1.106445 12.492188 -3.097656 -1.772050 -0.272302 3.103433
    19 20.266884 -41.717305 -10.183987 1.143971 0.297878 -0.260470
    20 1.339844 7.753906 -1.613281 -0.496545 0.272264 -0.038127
    21 4.777344 6.027344 1.897461 -1.090396 0.577049 -0.321829
    22 5.488281 7.070313 2.425781 -1.090396 0.577049 -0.321829
    23 7.537933 7.453606 1.870349 -1.090396 0.577049 -0.321829
    24 8.154472 8.357077 2.329839 -1.090396 0.577049 -0.321829
    25 8.874294 9.411907 2.866308 -1.090396 0.577049 -0.321829
    26 -4.125858 -2.321501 1.394414 2.051196 0.577049 -0.321829
    27 -4.826813 -3.348669 0.872014 2.051196 0.577049 -0.321829
    28 -5.441669 -4.249685 0.413772 2.051196 0.577049 -0.321829
    29 -0.552532 -1.343527 1.604446 -0.415180 0.312114 -0.422073
    30 0.552589 1.343534 -1.604463 -0.465990 -0.876593 -0.438946
    31 0.000000 -2.021618 -0.000004 0.186809 0.000000 0.000000
    32 -0.000021 2.021633 0.000027 0.824136 0.000000 0.000000
    33 -0.000004 -1.136217 -0.000004 -0.210111 0.000000 0.000000
    34 -0.000011 1.136200 -0.000019 -0.096334 0.000000 0.000000
    35 -0.032677 -4.587727 1.352317 2.844703 1.216154 2.484990
    36 0.032719 4.587772 -1.352291 2.575583 1.208662 2.466384
    37 0.000000 -1.754536 -0.000002 0.662896 0.000000 0.000000
    38 -0.000006 1.754520 -0.000034 0.321814 0.000000 0.000000
    39 0.000000 -1.227020 -0.000002 0.092660 0.000000 0.000000
    40 0.000002 1.227070 0.000032 0.460562 0.000000 0.000000
    41 -0.367996 -4.208406 0.173244 2.943027 1.091688 2.536231
    42 0.368011 4.208412 -0.173239 2.581893 1.052111 2.159298
    43 0.000000 -2.372318 -0.000004 0.722081 0.000000 0.000000
    44 -0.000006 2.372318 -0.000032 1.885942 0.000000 0.000000
    45 0.000004 -1.580070 -0.000001 0.034255 0.000000 0.000000
    46 -0.000002 1.580170 0.000030 0.602823 0.000000 0.000000
    47 -0.937645 -3.860697 -0.959317 3.044205 1.001841 2.581100
    48 0.937672 3.860714 0.959333 2.709723 0.800473 2.318765
    49 0.000000 -1.690632 0.000000 0.491549 0.000000 0.000000
    50 -0.000013 1.690666 0.000021 1.759130 0.000000 0.000000
    51 -0.000002 -1.423443 0.000002 0.234212 0.000000 0.000000
    52 0.000008 1.423420 0.000028 0.817068 0.000000 0.000000
    53 -1.546646 -3.404194 -1.915569 3.024293 0.944156 2.514436
    54 1.546661 3.404217 1.915585 -3.027006 0.615473 2.392693
    55 0.000004 -1.437820 0.000000 0.424958 0.000000 0.000000
    56 -0.000021 1.437870 0.000031 1.336724 0.000000 0.000000
    57 -0.000002 -1.059402 0.000000 0.322075 0.000000 0.000000
    58 0.000006 1.059372 0.000008 0.795881 0.000000 0.000000
    59 -0.000004 -13.013485 -0.000004 0.010936 -0.284121 -0.076428
    60 0.161133 -10.804688 0.023087 0.010936 -0.284121 -0.076428
  time 19
    0 -0.024506 -3.468750 -0.000151 -1.559900 -0.000006 -0.000006
    1 -8.653000 -0.001747 3.740445 -1.009434 -0.089830 0.502233
    2 0.000000 14.313023 0.000003 -0.511573 0.000000 0.000000
    3 -0.000011 13.013483 -0.000005 -0.347704 0.278804 -0.060868
    4 8.652996 -0.001732 3.740448 4.817118 0.292146 2.445228
    5 0.000000 -14.313034 0.000000 0.000000 0.000000 0.000000
    6 -0.000004 -13.013485 -0.000004 0.920515 0.163608 2.520867
    7 -1.330879 -2.698427 0.462449 -0.194886 -0.547260 3.056712
    8 1.330910 2.698444 -0.462436 0.194890 0.547268 -0.084879
    9 1.187500 5.542969 -1.857422 -1.369523 0.272265 -0.038129
    10 1.106445 12.492188 -3.097656 -2.092381 -0.272298 3.103442
    11 -1.486328 1.665039 -11.968750 0.514784 0.295216 -0.297477
    12 0.707031 8.593750 -3.654297 -1.589811 0.272264 -0.038126
    13 19.953125 -11.593750 5.781250 -1.285310 0.960381 0.216270
    14 6.566406 8.648438 3.230469 -1.090396 0.577049 -0.321829
    15 7.558525 6.997282 -2.354134 -1.937336 -0.275393 3.010581
    16 7.558525 6.997282 -2.354134 1.937336 0.275393 -0.131011
    17 -2.867767 -2.740969 0.531125 2.051196 0.577049 -0.321829
    18 1.106445 12.492188 -3.097656 -1.772050 -0.272302 3.103433
    19 20.278603 -41.709492 -10.176174 1.143591 0.297756 -0.260278
    20 1.339844 7.753906 -1.613281 -0.496545 0.272264 -0.038127
    21 4.777344 6.027344 1.897461 -1.090396 0.577049 -0.321829
    22 5.488281 7.070313 2.425781 -1.090396 0.577049 -0.321829
    23 7.537933 7.453606 1.870349 -1.090396 0.577049 -0.321829
    24 8.154472 8.357077 2.329839 -1.090396 0.577049 -0.321829
    25 8.874294 9.411907 2.866308 -1.090396 0.577049 -0.321829
    26 -4.125858 -2.321501 1.394414 2.051196 0.577049 -0.321829
    27 -4.826813 -3.348669 0.872014 2.051196 0.577049 -0.321829
    28 -5.441669 -4.249685 0.413772 2.051196 0.577049 -0.321829
    29 -0.552532 -1.343527 1.604446 -0.415180 0.312114 -0.422073
    30 0.552589 1.343534 -1.604463 -0.465990 -0.876593 -0.438946
    31 0.000000 -2.021618 -0.000004 0.186809 0.000000 0.000000
    32 -0.000021 2.021633 0.000027 0.824136 0.000000 0.000000
    33 -0.000004 -1.136217 -0.000004 -0.210111 0.000000 0.000000
    34 -0.000011 1.136200 -0.000019 -0.096334 0.000000 0.000000
    35 -0.032677 -4.587727 1.352317 2.844703 1.216154 2.484990
    36 0.032719 4.587772 -1.352291 2.575583 1.208662 2.466384
    37 0.000000 -1.754536 -0.000002 0.662896 0.000000 0.000000
    38 -0.000006 1.754520 -0.000034 0.321814 0.000000 0.000000
    39 0.000000 -1.227020 -0.000002 0.092660 0.000000 0.000000
    40 0.000002 1.227070 0.000032 0.460562 0.000000 0.000000
    41 -0.367996 -4.208406 0.173244 2.943027 1.091688 2.536231
    42 0.368011 4.208412 -0.173239 2.581893 1.052111 2.159298
    43 0.000000 -2.372318 -0.000004 0.722081 0.000000 0.000000
    44 -0.000006 2.372318 -0.000032 1.885942 0.000000 0.000000
    45 0.000004 -1.580070 -0.000001 0.034255 0.000000 0.000000
    46 -0.000002 1.580170 0.000030 0.602823 0.000000 0.000000
    47 -0.937645 -3.860697 -0.959317 3.044205 1.001841 2.581100
    48 0.937672 3.860714 0.959333 2.709723 0.800473 2.318765
    49 0.000000 -1.690632 0.000000 0.491549 0.000000 0.000000
    50 -0.000013 1.690666 0.000021 1.759130 0.000000 0.000000
    51 -0.000002 -1.423443 0.000002 0.234212 0.000000 0.000000
    52 0.000008 1.423420 0.000028 0.817068 0.000000 0.000000
    53 -1.546646 -3.404194 -1.915569 3.024293 0.944156 2.514436
    54 1.546661 3.404217 1.915585 -3.027006 0.615473 2.392693
    55 0.000004 -1.437820 0.000000 0.424958 0.000000 0.000000
    56 -0.000021 1.437870 0.000031 1.336724 0.000000 0.000000
    57 -0.000002 -1.059402 0.000000 0.322075 0.000000 0.000000
    58 0.000006 1.059372 0.000008 0.795881 0.000000 0.000000
    59 -0.000004 -13.013485 -0.000004 0.010936 -0.284121 -0.076428
    60 0.161133 -10.804688 0.023087 0.010936 -0.284121 -0.076428
  time 20
    0 -0.024506 -3.468750 -0.000151 -1.559900 -0.000006 -0.000006
    1 -8.653000 -0.001747 3.740445 -1.009434 -0.089830 0.502233
    2 0.000000 14.313023 0.000003 -0.511573 0.000000 0.000000
    3 -0.000011 13.013483 -0.000005 -0.347417 0.278663 -0.061156
    4 8.652996 -0.001732 3.740448 4.817118 0.292146 2.445228
    5 0.000000 -14.313034 0.000000 0.000000 0.000000 0.000000
    6 -0.000004 -13.013485 -0.000004 0.920515 0.163608 2.520867
    7 -1.330879 -2.698427 0.462449 -0.194886 -0.547260 3.056712
    8 1.330910 2.698444 -0.462436 0.194890 0.547268 -0.084879
    9 1.187500 5.542969 -1.857422 -1.369523 0.272265 -0.038129
    10 1.106445 12.492188 -3.097656 -2.092381 -0.272298 3.103442
    11 -1.486328 1.665039 -11.968750 0.514784 0.295216 -0.297477
    12 0.707031 8.593750 -3.654297 -1.589811 0.272264 -0.038126
    13 19.953125 -11.593750 5.781250 -1.285310 0.960381 0.216270
    14 6.566406 8.648438 3.230469 -1.090396 0.577049 -0.321829
    15 7.558525 6.997282 -2.354134 -1.937336 -0.275393 3.010581
    16 7.558525 6.997282 -2.354134 1.937336 0.275393 -0.131011
    17 -2.867767 -2.740969 0.531125 2.051196 0.577049 -0.321829
    18 1.106445 12.492188 -3.097656 -1.772050 -0.272302 3.103433
    19 20.286416 -41.713399 -10.160549 1.143212 0.297695 -0.260183
    20 1.339844 7.753906 -1.613281 -0.496545 0.272264 -0.038127
    21 4.777344 6.027344 1.897461 -1.090396 0.577049 -0.321829
    22 5.488281 7.070313 2.425781 -1.090396 0.577049 -0.321829
    23 7.537933 7.453606 1.870349 -1.090396 0.577049 -0.321829
    24 8.154472 8.357077 2.329839 -1.090396 0.577049 -0.321829
    25 8.874294 9.411907 2.866308 -1.090396 0.577049 -0.321829
    26 -4.125858 -2.321501 1.394414 2.051196 0.577049 -0.321829
    27 -4.826813 -3.348669 0.872014 2.051196 0.577049 -0.321829
    28 -5.441669 -4.249685 0.413772 2.051196 0.577049 -0.321829
    29 -0.552532 -1.343527 1.604446 -0.415180 0.312114 -0.422073
    30 0.552589 1.343534 -1.604463 -0.465990 -0.876593 -0.438946
    31 0.000000 -2.021618 -0.000004 0.186809 0.000000 0.000000
    32 -0.000021 2.021633 0.000027 0.824136 0.000000 0.000000
    33 -0.000004 -1.136217 -0.000004 -0.210111 0.000000 0.000000
    34 -0.000011 1.136200 -0.000019 -0.096334 0.000000 0.000000
    35 -0.032677 -4.587727 1.352317 2.844703 1.216154 2.484990
    36 0.032719 4.587772 -1.352291 2.575583 1.208662 2.466384
    37 0.000000 -1.754536 -0.000002 0.662896 0.000000 0.000000
    38 -0.000006 1.754520 -0.000034 0.321814 0.000000 0.000000
    39 0.000000 -1.227020 -0.000002 0.092660 0.000000 0.000000
    40 0.000002 1.227070 0.000032 0.460562 0.000000 0.000000
    41 -0.367996 -4.208406 0.173244 2.943027 1.091688 2.536231
    42 0.368011 4.208412 -0.173239 2.581893 1.052111 2.159298
    43 0.000000 -2.372318 -0.000004 0.722081 0.000000 0.000000
    44 -0.000006 2.372318 -0.000032 1.885942 0.000000 0.000000
    45 0.000004 -1.580070 -0.000001 0.034255 0.000000 0.000000
    46 -0.000002 1.580170 0.000030 0.602823 0.000000 0.000000
    47 -0.937645 -3.860697 -0.959317 3.044205 1.001841 2.581100
    48 0.937672 3.860714 0.959333 2.709723 0.800473 2.318765
    49 0.000000 -1.690632 0.000000 0.491549 0.000000 0.000000
    50 -0.000013 1.690666 0.000021 1.759130 0.000000 0.000000
    51 -0.000002 -1.423443 0.000002 0.234212 0.000000 0.000000
    52 0.000008 1.423420 0.000028 0.817068 0.000000 0.000000
    53 -1.546646 -3.404194 -1.915569 3.024293 0.944156 2.514436
    54 1.546661 3.404217 1.915585 -3.027006 0.615473 2.392693
    55 0.000004 -1.437820 0.000000 0.424958 0.000000 0.000000
    56 -0.000021 1.437870 0.000031 1.336724 0.000000 0.000000
    57 -0.000002 -1.059402 0.000000 0.322075 0.000000 0.000000
    58 0.000006 1.059372 0.000008 0.795881 0.000000 0.000000
    59 -0.000004 -13.013485 -0.000004 0.010936 -0.284121 -0.076428
    60 0.161133 -10.804688 0.023087 0.010936 -0.284121 -0.076428
  time 21
    0 -0.024506 -3.468750 -0.000151 -1.559900 -0.000006 -0.000006
    1 -8.653000 -0.001747 3.740445 -1.009434 -0.089830 0.502233
    2 0.000000 14.313023 0.000003 -0.511634 0.000000 0.000000
    3 -0.000011 13.013483 -0.000005 -0.347130 0.278616 -0.061444
    4 8.652996 -0.001732 3.740448 4.817118 0.292146 2.445228
    5 0.000000 -14.313034 0.000000 0.000000 0.000000 0.000000
    6 -0.000004 -13.013485 -0.000004 0.920515 0.163608 2.520867
    7 -1.330879 -2.698427 0.462449 -0.194886 -0.547260 3.056712
    8 1.330910 2.698444 -0.462436 0.194890 0.547268 -0.084879
    9 1.187500 5.542969 -1.857422 -1.369523 0.272265 -0.038129
    10 1.106445 12.492188 -3.097656 -2.092381 -0.272298 3.103442
    11 -1.486328 1.665039 -11.968750 0.514784 0.295216 -0.297477
    12 0.707031 8.593750 -3.654297 -1.589811 0.272264 -0.038126
    13 19.953125 -11.593750 5.781250 -1.285310 0.960381 0.216270
    14 6.566406 8.648438 3.230469 -1.090396 0.577049 -0.321829
    15 7.558525 6.997282 -2.354134 -1.937336 -0.275393 3.010581
    16 7.558525 6.997282 -2.354134 1.937336 0.275393 -0.131011
    17 -2.867767 -2.740969 0.531125 2.051196 0.577049 -0.321829
    18 1.106445 12.492188 -3.097656 -1.772050 -0.272302 3.103433
    19 20.298135 -41.709492 -10.141017 1.142738 0.297511 -0.259991
    20 1.339844 7.753906 -1.613281 -0.496545 0.272264 -0.038127
    21 4.777344 6.027344 1.897461 -1.090396 0.577049 -0.321829
    22 5.488281 7.070313 2.425781 -1.090396 0.577049 -0.321829
    23 7.537933 7.453606 1.870349 -1.090396 0.577049 -0.321829
    24 8.154472 8.357077 2.329839 -1.090396 0.577049 -0.321829
    25 8.874294 9.411907 2.866308 -1.090396 0.577049 -0.321829
    26 -4.125858 -2.321501 1.394414 2.051196 0.577049 -0.321829
    27 -4.826813 -3.348669 0.872014 2.051196 0.577049 -0.321829
    28 -5.441669 -4.249685 0.413772 2.051196 0.577049 -0.321829
    29 -0.552532 -1.343527 1.604446 -0.415180 0.312114 -0.422073
    30 0.552589 1.343534 -1.604463 -0.465990 -0.876593 -0.438946
    31 0.000000 -2.021618 -0.000004 0.186809 0.000000 0.000000
    32 -0.000021 2.021633 0.000027 0.824136 0.000000 0.000000
    33 -0.000004 -1.136217 -0.000004 -0.210111 0.000000 0.000000
    34 -0.000011 1.136200 -0.000019 -0.096334 0.000000 0.000000
    35 -0.032677 -4.587727 1.352317 2.844703 1.216154 2.484990
    36 0.032719 4.587772 -1.352291 2.575583 1.208662 2.466384
    37 0.000000 -1.754536 -0.000002 0.662896 0.000000 0.000000
    38 -0.000006 1.754520 -0.000034 0.321814 0.000000 0.000000
    39 0.000000 -1.227020 -0.000002 0.092660 0.000000 0.000000
    40 0.000002 1.227070 0.000032 0.460562 0.000000 0.000000
    41 -0.367996 -4.208406 0.173244 2.943027 1.091688 2.536231
    42 0.368011 4.208412 -0.173239 2.581893 1.052111 2.159298
    43 0.000000 -2.372318 -0.000004 0.722081 0.000000 0.000000
    44 -0.000006 2.372318 -0.000032 1.885942 0.000000 0.000000
    45 0.000004 -1.580070 -0.000001 0.034255 0.000000 0.000000
    46 -0.000002 1.580170 0.000030 0.602823 0.000000 0.000000
    47 -0.937645 -3.860697 -0.959317 3.044205 1.001841 2.581100
    48 0.937672 3.860714 0.959333 2.709723 0.800473 2.318765
    49 0.000000 -1.690632 0.000000 0.491549 0.000000 0.000000
    50 -0.000013 1.690666 0.000021 1.759130 0.000000 0.000000
    51 -0.000002 -1.423443 0.000002 0.234212 0.000000 0.000000
    52 0.000008 1.423420 0.000028 0.817068 0.000000 0.000000
    53 -1.546646 -3.404194 -1.915569 3.024293 0.944156 2.514436
    54 1.546661 3.404217 1.915585 -3.027006 0.615473 2.392693
    55 0.000004 -1.437820 0.000000 0.424958 0.000000 0.000000
    56 -0.000021 1.437870 0.000031 1.336724 0.000000 0.000000
    57 -0.000002 -1.059402 0.000000 0.322075 0.000000 0.000000
    58 0.000006 1.059372 0.000008 0.795881 0.000000 0.000000
    59 -0.000004 -13.013485 -0.000004 0.010936 -0.284121 -0.076428
    60 0.161133 -10.804688 0.023087 0.010936 -0.284121 -0.076428
  time 22
    0 -0.024506 -3.468750 -0.000151 -1.559900 -0.000006 -0.000006
    1 -8.653000 -0.001747 3.740445 -1.009434 -0.089830 0.502233
    2 0.000000 14.313023 0.000003 -0.511634 0.000000 0.000000
    3 -0.000011 13.013483 -0.000005 -0.346748 0.278569 -0.061539
    4 8.652996 -0.001732 3.740448 4.817118 0.292146 2.445228
    5 0.000000 -14.313034 0.000000 0.000000 0.000000 0.000000
    6 -0.000004 -13.013485 -0.000004 0.920515 0.163608 2.520867
    7 -1.330879 -2.698427 0.462449 -0.194886 -0.547260 3.056712
    8 1.330910 2.698444 -0.462436 0.194890 0.547268 -0.084879
    9 1.187500 5.542969 -1.857422 -1.369523 0.272265 -0.038129
    10 1.106445 12.492188 -3.097656 -2.092381 -0.272298 3.103442
    11 -1.486328 1.665039 -11.968750 0.514784 0.295216 -0.297477
    12 0.707031 8.593750 -3.654297 -1.589811 0.272264 -0.038126
    13 19.953125 -11.593750 5.781250 -1.285310 0.960381 0.216270
    14 6.566406 8.648438 3.230469 -1.090396 0.577049 -0.321829
    15 7.558525 6.997282 -2.354134 -1.937336 -0.275393 3.010581
    16 7.558525 6.997282 -2.354134 1.937336 0.275393 -0.131011
    17 -2.867767 -2.740969 0.531125 2.051196 0.577049 -0.321829
    18 1.106445 12.492188 -3.097656 -1.772050 -0.272302 3.103433
    19 20.309854 -41.709492 -10.125392 1.142548 0.297450 -0.259799
    20 1.339844 7.753906 -1.613281 -0.496545 0.272264 -0.038127
    21 4.777344 6.027344 1.897461 -1.090396 0.577049 -0.321829
    22 5.488281 7.070313 2.425781 -1.090396 0.577049 -0.321829
    23 7.537933 7.453606 1.870349 -1.090396 0.577049 -0.321829
    24 8.154472 8.357077 2.329839 -1.090396 0.577049 -0.321829
    25 8.874294 9.411907 2.866308 -1.090396 0.577049 -0.321829
    26 -4.125858 -2.321501 1.394414 2.051196 0.577049 -0.321829
    27 -4.826813 -3.348669 0.872014 2.051196 0.577049 -0.321829
    28 -5.441669 -4.249685 0.413772 2.051196 0.577049 -0.321829
    29 -0.552532 -1.343527 1.604446 -0.415180 0.312114 -0.422073
    30 0.552589 1.343534 -1.604463 -0.465990 -0.876593 -0.438946
    31 0.000000 -2.021618 -0.000004 0.186809 0.000000 0.000000
    32 -0.000021 2.021633 0.000027 0.824136 0.000000 0.000000
    33 -0.000004 -1.136217 -0.000004 -0.210111 0.000000 0.000000
    34 -0.000011 1.136200 -0.000019 -0.096334 0.000000 0.000000
    35 -0.032677 -4.587727 1.352317 2.844703 1.216154 2.484990
    36 0.032719 4.587772 -1.352291 2.575583 1.208662 2.466384
    37 0.000000 -1.754536 -0.000002 0.662896 0.000000 0.000000
    38 -0.000006 1.754520 -0.000034 0.321814 0.000000 0.000000
    39 0.000000 -1.227020 -0.000002 0.092660 0.000000 0.000000
    40 0.000002 1.227070 0.000032 0.460562 0.000000 0.000000
    41 -0.367996 -4.208406 0.173244 2.943027 1.091688 2.536231
    42 0.368011 4.208412 -0.173239 2.581893 1.052111 2.159298
    43 0.000000 -2.372318 -0.000004 0.722081 0.000000 0.000000
    44 -0.000006 2.372318 -0.000032 1.885942 0.000000 0.000000
    45 0.000004 -1.580070 -0.000001 0.034255 0.000000 0.000000
    46 -0.000002 1.580170 0.000030 0.602823 0.000000 0.000000
    47 -0.937645 -3.860697 -0.959317 3.044205 1.001841 2.581100
    48 0.937672 3.860714 0.959333 2.709723 0.800473 2.318765
    49 0.000000 -1.690632 0.000000 0.491549 0.000000 0.000000
    50 -0.000013 1.690666 0.000021 1.759130 0.000000 0.000000
    51 -0.000002 -1.423443 0.000002 0.234212 0.000000 0.000000
    52 0.000008 1.423420 0.000028 0.817068 0.000000 0.000000
    53 -1.546646 -3.404194 -1.915569 3.024293 0.944156 2.514436
    54 1.546661 3.404217 1.915585 -3.027006 0.615473 2.392693
    55 0.000004 -1.437820 0.000000 0.424958 0.000000 0.000000
    56 -0.000021 1.437870 0.000031 1.336724 0.000000 0.000000
    57 -0.000002 -1.059402 0.000000 0.322075 0.000000 0.000000
    58 0.000006 1.059372 0.000008 0.795881 0.000000 0.000000
    59 -0.000004 -13.013485 -0.000004 0.010936 -0.284121 -0.076428
    60 0.161133 -10.804688 0.023087 0.010936 -0.284121 -0.076428
  time 23
    0 -0.024506 -3.468750 -0.000151 -1.559900 -0.000006 -0.000006
    1 -8.653000 -0.001747 3.740445 -1.009341 -0.089782 0.502233
    2 0.000000 14.313023 0.000003 -0.511695 0.000000 0.000000
    3 -0.000011 13.013483 -0.000005 -0.346461 0.278521 -0.061923
    4 8.652996 -0.001732 3.740448 4.817118 0.292146 2.445228
    5 0.000000 -14.313034 0.000000 0.000000 0.000000 0.000000
    6 -0.000004 -13.013485 -0.000004 0.920515 0.163608 2.520867
    7 -1.330879 -2.698427 0.462449 -0.194886 -0.547260 3.056712
    8 1.330910 2.698444 -0.462436 0.194890 0.547268 -0.084879
    9 1.187500 5.542969 -1.857422 -1.369523 0.272265 -0.038129
    10 1.106445 12.492188 -3.097656 -2.092381 -0.272298 3.103442
    11 -1.486328 1.665039 -11.968750 0.514784 0.295216 -0.297477
    12 0.707031 8.593750 -3.654297 -1.589811 0.272264 -0.038126
    13 19.953125 -11.593750 5.781250 -1.285310 0.960381 0.216270
    14 6.566406 8.648438 3.230469 -1.090396 0.577049 -0.321829
    15 7.558525 6.997282 -2.354134 -1.937336 -0.275393 3.010581
    16 7.558525 6.997282 -2.354134 1.937336 0.275393 -0.131011
    17 -2.867767 -2.740969 0.531125 2.051196 0.577049 -0.321829
    18 1.106445 12.492188 -3.097656 -1.772050 -0.272302 3.103433
    19 20.317667 -41.709492 -10.113672 1.142169 0.297328 -0.259703
    20 1.339844 7.753906 -1.613281 -0.496545 0.272264 -0.038127
    21 4.777344 6.027344 1.897461 -1.090396 0.577049 -0.321829
    22 5.488281 7.070313 2.425781 -1.090396 0.577049 -0.321829
    23 7.537933 7.453606 1.870349 -1.090396 0.577049 -0.321829
    24 8.154472 8.357077 2.329839 -1.090396 0.577049 -0.321829
    25 8.874294 9.411907 2.866308 -1.090396 0.577049 -0.321829
    26 -4.125858 -2.321501 1.394414 2.051196 0.577049 -0.321829
    27 -4.826813 -3.348669 0.872014 2.051196 0.577049 -0.321829
    28 -5.441669 -4.249685 0.413772 2.051196 0.577049 -0.321829
    29 -0.552532 -1.343527 1.604446 -0.415180 0.312114 -0.422073
    30 0.552589 1.343534 -1.604463 -0.465990 -0.876593 -0.438946
    31 0.000000 -2.021618 -0.000004 0.186809 0.000000 0.000000
    32 -0.000021 2.021633 0.000027 0.824136 0.000000 0.000000
    33 -0.000004 -1.136217 -0.000004 -0.210111 0.000000 0.000000
    34 -0.000011 1.136200 -0.000019 -0.096334 0.000000 0.000000
    35 -0.032677 -4.587727 1.352317 2.844703 1.216154 2.484990
    36 0.032719 4.587772 -1.352291 2.575583 1.208662 2.466384
    37 0.000000 -1.754536 -0.000002 0.662896 0.000000 0.000000
    38 -0.000006 1.754520 -0.000034 0.321814 0.000000 0.000000
    39 0.000000 -1.227020 -0.000002 0.092660 0.000000 0.000000
    40 0.000002 1.227070 0.000032 0.460562 0.000000 0.000000
    41 -0.367996 -4.208406 0.173244 2.943027 1.091688 2.536231
    42 0.368011 4.208412 -0.173239 2.581893 1.052111 2.159298
    43 0.000000 -2.372318 -0.000004 0.722081 0.000000 0.000000
    44 -0.000006 2.372318 -0.000032 1.885942 0.000000 0.000000
    45 0.000004 -1.580070 -0.000001 0.034255 0.000000 0.000000
    46 -0.000002 1.580170 0.000030 0.602823 0.000000 0.000000
    47 -0.937645 -3.860697 -0.959317 3.044205 1.001841 2.581100
    48 0.937672 3.860714 0.959333 2.709723 0.800473 2.318765
    49 0.000000 -1.690632 0.000000 0.491549 0.000000 0.000000
    50 -0.000013 1.690666 0.000021 1.759130 0.000000 0.000000
    51 -0.000002 -1.423443 0.000002 0.234212 0.000000 0.000000
    52 0.000008 1.423420 0.000028 0.817068 0.000000 0.000000
    53 -1.546646 -3.404194 -1.915569 3.024293 0.944156 2.514436
    54 1.546661 3.404217 1.915585 -3.027006 0.615473 2.392693
    55 0.000004 -1.437820 0.000000 0.424958 0.000000 0.000000
    56 -0.000021 1.437870 0.000031 1.336724 0.000000 0.000000
    57 -0.000002 -1.059402 0.000000 0.322075 0.000000 0.000000
    58 0.000006 1.059372 0.000008 0.795881 0.000000 0.000000
    59 -0.000004 -13.013485 -0.000004 0.010936 -0.284121 -0.076428
    60 0.161133 -10.804688 0.023087 0.010936 -0.284121 -0.076428
  time 24
    0 -0.024506 -3.468750 -0.000151 -1.559900 -0.000006 -0.000006
    1 -8.653000 -0.001747 3.740445 -1.009341 -0.089782 0.502233
    2 0.000000 14.313023 0.000003 -0.511756 0.000000 0.000000
    3 -0.000011 13.013483 -0.000005 -0.346079 0.278427 -0.062115
    4 8.652996 -0.001732 3.740448 4.817118 0.292146 2.445228
    5 0.000000 -14.313034 0.000000 0.000000 0.000000 0.000000
    6 -0.000004 -13.013485 -0.000004 0.920515 0.163608 2.520867
    7 -1.330879 -2.698427 0.462449 -0.194886 -0.547260 3.056712
    8 1.330910 2.698444 -0.462436 0.194890 0.547268 -0.084879
    9 1.187500 5.542969 -1.857422 -1.369523 0.272265 -0.038129
    10 1.106445 12.492188 -3.097656 -2.092381 -0.272298 3.103442
    11 -1.486328 1.665039 -11.968750 0.514784 0.295216 -0.297477
    12 0.707031 8.593750 -3.654297 -1.589811 0.272264 -0.038126
    13 19.953125 -11.593750 5.781250 -1.285310 0.960381 0.216270
    14 6.566406 8.648438 3.230469 -1.090396 0.577049 -0.321829
    15 7.558525 6.997282 -2.354134 -1.937336 -0.275393 3.010581
    16 7.558525 6.997282 -2.354134 1.937336 0.275393 -0.131011
    17 -2.867767 -2.740969 0.531125 2.051196 0.577049 -0.321829
    18 1.106445 12.492188 -3.097656 -1.772050 -0.272302 3.103433
    19 20.325480 -41.701680 -10.098047 1.141789 0.297267 -0.259607
    20 1.339844 7.753906 -1.613281 -0.496545 0.272264 -0.038127
    21 4.777344 6.027344 1.897461 -1.090396 0.577049 -0.321829
    22 5.488281 7.070313 2.425781 -1.090396 0.577049 -0.321829
    23 7.537933 7.453606 1.870349 -1.090396 0.577049 -0.321829
    24 8.154472 8.357077 2.329839 -1.090396 0.577049 -0.321829
    25 8.874294 9.411907 2.866308 -1.090396 0.577049 -0.321829
    26 -4.125858 -2.321501 1.394414 2.051196 0.577049 -0.321829
    27 -4.826813 -3.348669 0.872014 2.051196 0.577049 -0.321829
    28 -5.441669 -4.249685 0.413772 2.051196 0.577049 -0.321829
    29 -0.552532 -1.343527 1.604446 -0.415180 0.312114 -0.422073
    30 0.552589 1.343534 -1.604463 -0.465990 -0.876593 -0.438946
    31 0.000000 -2.021618 -0.000004 0.186809 0.000000 0.000000
    32 -0.000021 2.021633 0.000027 0.824136 0.000000 0.000000
    33 -0.000004 -1.136217 -0.000004 -0.210111 0.000000 0.000000
    34 -0.000011 1.136200 -0.000019 -0.096334 0.000000 0.000000
    35 -0.032677 -4.587727 1.352317 2.844703 1.216154 2.484990
    36 0.032719 4.587772 -1.352291 2.575583 1.208662 2.466384
    37 0.000000 -1.754536 -0.000002 0.662896 0.000000 0.000000
    38 -0.000006 1.754520 -0.000034 0.321814 0.000000 0.000000
    39 0.000000 -1.227020 -0.000002 0.092660 0.000000 0.000000
    40 0.000002 1.227070 0.000032 0.460562 0.000000 0.000000
    41 -0.367996 -4.208406 0.173244 2.943027 1.091688 2.536231
    42 0.368011 4.208412 -0.173239 2.581893 1.052111 2.159298
    43 0.000000 -2.372318 -0.000004 0.722081 0.000000 0.000000
    44 -0.000006 2.372318 -0.000032 1.885942 0.000000 0.000000
    45 0.000004 -1.580070 -0.000001 0.034255 0.000000 0.000000
    46 -0.000002 1.580170 0.000030 0.602823 0.000000 0.000000
    47 -0.937645 -3.860697 -0.959317 3.044205 1.001841 2.581100
    48 0.937672 3.860714 0.959333 2.709723 0.800473 2.318765
    49 0.000000 -1.690632 0.000000 0.491549 0.000000 0.000000
    50 -0.000013 1.690666 0.000021 1.759130 0.000000 0.000000
    51 -0.000002 -1.423443 0.000002 0.234212 0.000000 0.000000
    52 0.000008 1.423420 0.000028 0.817068 0.000000 0.000000
    53 -1.546646 -3.404194 -1.915569 3.024293 0.944156 2.514436
    54 1.546661 3.404217 1.915585 -3.027006 0.615473 2.392693
    55 0.000004 -1.437820 0.000000 0.424958 0.000000 0.000000
    56 -0.000021 1.437870 0.000031 1.336724 0.000000 0.000000
    57 -0.000002 -1.059402 0.000000 0.322075 0.000000 0.000000
    58 0.000006 1.059372 0.000008 0.795881 0.000000 0.000000
    59 -0.000004 -13.013485 -0.000004 0.010936 -0.284121 -0.076428
    60 0.161133 -10.804688 0.023087 0.010936 -0.284121 -0.076428
  time 25
    0 -0.024506 -3.468750 -0.000151 -1.559900 -0.000006 -0.000006
    1 -8.653000 -0.001747 3.740445 -1.009341 -0.089782 0.502233
    2 0.000000 14.313023 0.000003 -0.511939 0.000000 0.000000
    3 -0.000011 13.013483 -0.000005 -0.345793 0.278380 -0.062210
    4 8.652996 -0.001732 3.740448 4.817118 0.292146 2.445228
    5 0.000000 -14.313034 0.000000 0.000000 0.000000 0.000000
    6 -0.000004 -13.013485 -0.000004 0.920515 0.163608 2.520867
    7 -1.330879 -2.698427 0.462449 -0.194886 -0.547260 3.056712
    8 1.330910 2.698444 -0.462436 0.194890 0.547268 -0.084879
    9 1.187500 5.542969 -1.857422 -1.369523 0.272265 -0.038129
    10 1.106445 12.492188 -3.097656 -2.092381 -0.272298 3.103442
    11 -1.486328 1.665039 -11.968750 0.514784 0.295216 -0.297477
    12 0.707031 8.593750 -3.654297 -1.589811 0.272264 -0.038126
    13 19.953125 -11.593750 5.781250 -1.285310 0.960381 0.216270
    14 6.566406 8.648438 3.230469 -1.090396 0.577049 -0.321829
    15 7.558525 6.997282 -2.354134 -1.937336 -0.275393 3.010581
    16 7.558525 6.997282 -2.354134 1.937336 0.275393 -0.131011
    17 -2.867767 -2.740969 0.531125 2.051196 0.577049 -0.321829
    18 1.106445 12.492188 -3.097656 -1.772050 -0.272302 3.103433
    19 20.337199 -41.705586 -10.082422 1.141600 0.297145 -0.259511
    20 1.339844 7.753906 -1.613281 -0.496545 0.272264 -0.038127
    21 4.777344 6.027344 1.897461 -1.090396 0.577049 -0.321829
    22 5.488281 7.070313 2.425781 -1.090396 0.577049 -0.321829
    23 7.537933 7.453606 1.870349 -1.090396 0.577049 -0.321829
    24 8.154472 8.357077 2.329839 -1.090396 0.577049 -0.321829
    25 8.874294 9.411907 2.866308 -1.090396 0.577049 -0.321829
    26 -4.125858 -2.321501 1.394414 2.051196 0.577049 -0.321829
    27 -4.826813 -3.348669 0.872014 2.051196 0.577049 -0.321829
    28 -5.441669 -4.249685 0.413772 2.051196 0.577049 -0.321829
    29 -0.552532 -1.343527 1.604446 -0.415180 0.312114 -0.422073
    30 0.552589 1.343534 -1.604463 -0.465990 -0.876593 -0.438946
    31 0.000000 -2.021618 -0.000004 0.186809 0.000000 0.000000
    32 -0.000021 2.021633 0.000027 0.824136 0.000000 0.000000
    33 -0.000004 -1.136217 -0.000004 -0.210111 0.000000 0.000000
    34 -0.000011 1.136200 -0.000019 -0.096334 0.000000 0.000000
    35 -0.032677 -4.587727 1.352317 2.844703 1.216154 2.484990
    36 0.032719 4.587772 -1.352291 2.575583 1.208662 2.466384
    37 0.000000 -1.754536 -0.000002 0.662896 0.000000 0.000000
    38 -0.000006 1.754520 -0.000034 0.321814 0.000000 0.000000
    39 0.000000 -1.227020 -0.000002 0.092660 0.000000 0.000000
    40 0.000002 1.227070 0.000032 0.460562 0.000000 0.000000
    41 -0.367996 -4.208406 0.173244 2.943027 1.091688 2.536231
    42 0.368011 4.208412 -0.173239 2.581893 1.052111 2.159298
    43 0.000000 -2.372318 -0.000004 0.722081 0.000000 0.000000
    44 -0.000006 2.372318 -0.000032 1.885942 0.000000 0.000000
    45 0.000004 -1.580070 -0.000001 0.034255 0.000000 0.000000
    46 -0.000002 1.580170 0.000030 0.602823 0.000000 0.000000
    47 -0.937645 -3.860697 -0.959317 3.044205 1.001841 2.581100
    48 0.937672 3.860714 0.959333 2.709723 0.800473 2.318765
    49 0.000000 -1.690632 0.000000 0.491549 0.000000 0.000000
    50 -0.000013 1.690666 0.000021 1.759130 0.000000 0.000000
    51 -0.000002 -1.423443 0.000002 0.234212 0.000000 0.000000
    52 0.000008 1.423420 0.000028 0.817068 0.000000 0.000000
    53 -1.546646 -3.404194 -1.915569 3.024293 0.944156 2.514436
    54 1.546661 3.404217 1.915585 -3.027006 0.615473 2.392693
    55 0.000004 -1.437820 0.000000 0.424958 0.000000 0.000000
    56 -0.000021 1.437870 0.000031 1.336724 0.000000 0.000000
    57 -0.000002 -1.059402 0.000000 0.322075 0.000000 0.000000
    58 0.000006 1.059372 0.000008 0.795881 0.000000 0.000000
    59 -0.000004 -13.013485 -0.000004 0.010936 -0.284121 -0.076428
    60 0.161133 -10.804688 0.023087 0.010936 -0.284121 -0.076428
  time 26
    0 -0.024506 -3.468750 -0.000151 -1.559900 -0.000006 -0.000006
    1 -8.653000 -0.001747 3.740445 -1.009341 -0.089735 0.502310
    2 0.000000 14.313023 0.000003 -0.512062 0.000000 0.000000
    3 -0.000011 13.013483 -0.000005 -0.345506 0.278380 -0.062498
    4 8.652996 -0.001732 3.740448 4.817118 0.292146 2.445228
    5 0.000000 -14.313034 0.000000 0.000000 0.000000 0.000000
    6 -0.000004 -13.013485 -0.000004 0.920515 0.163608 2.520867
    7 -1.330879 -2.698427 0.462449 -0.194886 -0.547260 3.056712
    8 1.330910 2.698444 -0.462436 0.194890 0.547268 -0.084879
    9 1.187500 5.542969 -1.857422 -1.369523 0.272265 -0.038129
    10 1.106445 12.492188 -3.097656 -2.092381 -0.272298 3.103442
    11 -1.486328 1.665039 -11.968750 0.514784 0.295216 -0.297477
    12 0.707031 8.593750 -3.654297 -1.589811 0.272264 -0.038126
    13 19.953125 -11.593750 5.781250 -1.285310 0.960381 0.216270
    14 6.566406 8.648438 3.230469 -1.090396 0.577049 -0.321829
    15 7.558525 6.997282 -2.354134 -1.937336 -0.275393 3.010581
    16 7.558525 6.997282 -2.354134 1.937336 0.275393 -0.131011
    17 -2.867767 -2.740969 0.531125 2.051196 0.577049 -0.321829
    18 1.106445 12.492188 -3.097656 -1.772050 -0.272302 3.103433
    19 20.345011 -41.701680 -10.070702 1.141315 0.297084 -0.259416
    20 1.339844 7.753906 -1.613281 -0.496545 0.272264 -0.038127
    21 4.777344 6.027344 1.897461 -1.090396 0.577049 -0.321829
    22 5.488281 7.070313 2.425781 -1.090396 0.577049 -0.321829
    23 7.537933 7.453606 1.870349 -1.090396 0.577049 -0.321829
    24 8.154472 8.357077 2.329839 -1.090396 0.577049 -0.321829
    25 8.874294 9.411907 2.866308 -1.090396 0.577049 -0.321829
    26 -4.125858 -2.321501 1.394414 2.051196 0.577049 -0.321829
    27 -4.826813 -3.348669 0.872014 2.051196 0.577049 -0.321829
    28 -5.441669 -4.249685 0.413772 2.051196 0.577049 -0.321829
    29 -0.552532 -1.343527 1.604446 -0.415180 0.312114 -0.422073
    30 0.552589 1.343534 -1.604463 -0.465990 -0.876593 -0.438946
    31 0.000000 -2.021618 -0.000004 0.186809 0.000000 0.000000
    32 -0.000021 2.021633 0.000027 0.824136 0.000000 0.000000
    33 -0.000004 -1.136217 -0.000004 -0.210111 0.000000 0.000000
    34 -0.000011 1.136200 -0.000019 -0.096334 0.000000 0.000000
    35 -0.032677 -4.587727 1.352317 2.844703 1.216154 2.484990
    36 0.032719 4.587772 -1.352291 2.575583 1.208662 2.466384
    37 0.000000 -1.754536 -0.000002 0.662896 0.000000 0.000000
    38 -0.000006 1.754520 -0.000034 0.321814 0.000000 0.000000
    39 0.000000 -1.227020 -0.000002 0.092660 0.000000 0.000000
    40 0.000002 1.227070 0.000032 0.460562 0.000000 0.000000
    41 -0.367996 -4.208406 0.173244 2.943027 1.091688 2.536231
    42 0.368011 4.208412 -0.173239 2.581893 1.052111 2.159298
    43 0.000000 -2.372318 -0.000004 0.722081 0.000000 0.000000
    44 -0.000006 2.372318 -0.000032 1.885942 0.000000 0.000000
    45 0.000004 -1.580070 -0.000001 0.034255 0.000000 0.000000
    46 -0.000002 1.580170 0.000030 0.602823 0.000000 0.000000
    47 -0.937645 -3.860697 -0.959317 3.044205 1.001841 2.581100
    48 0.937672 3.860714 0.959333 2.709723 0.800473 2.318765
    49 0.000000 -1.690632 0.000000 0.491549 0.000000 0.000000
    50 -0.000013 1.690666 0.000021 1.759130 0.000000 0.000000
    51 -0.000002 -1.423443 0.000002 0.234212 0.000000 0.000000
    52 0.000008 1.423420 0.000028 0.817068 0.000000 0.000000
    53 -1.546646 -3.404194 -1.915569 3.024293 0.944156 2.514436
    54 1.546661 3.404217 1.915585 -3.027006 0.615473 2.392693
    55 0.000004 -1.437820 0.000000 0.424958 0.000000 0.000000
    56 -0.000021 1.437870 0.000031 1.336724 0.000000 0.000000
    57 -0.000002 -1.059402 0.000000 0.322075 0.000000 0.000000
    58 0.000006 1.059372 0.000008 0.795881 0.000000 0.000000
    59 -0.000004 -13.013485 -0.000004 0.010936 -0.284121 -0.076428
    60 0.161133 -10.804688 0.023087 0.010936 -0.284121 -0.076428
  time 27
    0 -0.024506 -3.468750 -0.000151 -1.559900 -0.000006 -0.000006
    1 -8.653000 -0.001747 3.740445 -1.009341 -0.089735 0.502310
    2 0.000000 14.313023 0.000003 -0.512184 0.000000 0.000000
    3 -0.000011 13.013483 -0.000005 -0.345219 0.278380 -0.062594
    4 8.652996 -0.001732 3.740448 4.817118 0.292146 2.445228
    5 0.000000 -14.313034 0.000000 0.000000 0.000000 0.000000
    6 -0.000004 -13.013485 -0.000004 0.920515 0.163608 2.520867
    7 -1.330879 -2.698427 0.462449 -0.194886 -0.547260 3.056712
    8 1.330910 2.698444 -0.462436 0.194890 0.547268 -0.084879
    9 1.187500 5.542969 -1.857422 -1.369523 0.272265 -0.038129
    10 1.106445 12.492188 -3.097656 -2.092381 -0.272298 3.103442
    11 -1.486328 1.665039 -11.968750 0.514784 0.295216 -0.297477
    12 0.707031 8.593750 -3.654297 -1.589811 0.272264 -0.038126
    13 19.953125 -11.593750 5.781250 -1.285310 0.960381 0.216270
    14 6.566406 8.648438 3.230469 -1.090396 0.577049 -0.321829
    15 7.558525 6.997282 -2.354134 -1.937336 -0.275393 3.010581
    16 7.558525 6.997282 -2.354134 1.937336 0.275393 -0.131011
    17 -2.867767 -2.740969 0.531125 2.051196 0.577049 -0.321829
    18 1.106445 12.492188 -3.097656 -1.772050 -0.272302 3.103433
    19 20.352824 -41.701680 -10.058983 1.141031 0.297023 -0.259320
    20 1.339844 7.753906 -1.613281 -0.496545 0.272264 -0.038127
    21 4.777344 6.027344 1.897461 -1.090396 0.577049 -0.321829
    22 5.488281 7.070313 2.425781 -1.090396 0.577049 -0.321829
    23 7.537933 7.453606 1.870349 -1.090396 0.577049 -0.321829
    24 8.154472 8.357077 2.329839 -1.090396 0.577049 -0.321829
    25 8.874294 9.411907 2.866308 -1.090396 0.577049 -0.321829
    26 -4.125858 -2.321501 1.394414 2.051196 0.577049 -0.321829
    27 -4.826813 -3.348669 0.872014 2.051196 0.577049 -0.321829
    28 -5.441669 -4.249685 0.413772 2.051196 0.577049 -0.321829
    29 -0.552532 -1.343527 1.604446 -0.415180 0.312114 -0.422073
    30 0.552589 1.343534 -1.604463 -0.465990 -0.876593 -0.438946
    31 0.000000 -2.021618 -0.000004 0.186809 0.000000 0.000000
    32 -0.000021 2.021633 0.000027 0.824136 0.000000 0.000000
    33 -0.000004 -1.136217 -0.000004 -0.210111 0.000000 0.000000
    34 -0.000011 1.136200 -0.000019 -0.096334 0.000000 0.000000
    35 -0.032677 -4.587727 1.352317 2.844703 1.216154 2.484990
    36 0.032719 4.587772 -1.352291 2.575583 1.208662 2.466384
    37 0.000000 -1.754536 -0.000002 0.662896 0.000000 0.000000
    38 -0.000006 1.754520 -0.000034 0.321814 0.000000 0.000000
    39 0.000000 -1.227020 -0.000002 0.092660 0.000000 0.000000
    40 0.000002 1.227070 0.000032 0.460562 0.000000 0.000000
    41 -0.367996 -4.208406 0.173244 2.943027 1.091688 2.536231
    42 0.368011 4.208412 -0.173239 2.581893 1.052111 2.159298
    43 0.000000 -2.372318 -0.000004 0.722081 0.000000 0.000000
    44 -0.000006 2.372318 -0.000032 1.885942 0.000000 0.000000
    45 0.000004 -1.580070 -0.000001 0.034255 0.000000 0.000000
    46 -0.000002 1.580170 0.000030 0.602823 0.000000 0.000000
    47 -0.937645 -3.860697 -0.959317 3.044205 1.001841 2.581100
    48 0.937672 3.860714 0.959333 2.709723 0.800473 2.318765
    49 0.000000 -1.690632 0.000000 0.491549 0.000000 0.000000
    50 -0.000013 1.690666 0.000021 1.759130 0.000000 0.000000
    51 -0.000002 -1.423443 0.000002 0.234212 0.000000 0.000000
    52 0.000008 1.423420 0.000028 0.817068 0.000000 0.000000
    53 -1.546646 -3.404194 -1.915569 3.024293 0.944156 2.514436
    54 1.546661 3.404217 1.915585 -3.027006 0.615473 2.392693
    55 0.000004 -1.437820 0.000000 0.424958 0.000000 0.000000
    56 -0.000021 1.437870 0.000031 1.336724 0.000000 0.000000
    57 -0.000002 -1.059402 0.000000 0.322075 0.000000 0.000000
    58 0.000006 1.059372 0.000008 0.795881 0.000000 0.000000
    59 -0.000004 -13.013485 -0.000004 0.010936 -0.284121 -0.076428
    60 0.161133 -10.804688 0.023087 0.010936 -0.284121 -0.076428
  time 28
    0 -0.024506 -3.468750 -0.000151 -1.559900 -0.000006 -0.000006
    1 -8.653000 -0.001747 3.740445 -1.009341 -0.089687 0.502310
    2 0.000000 14.313023 0.000003 -0.512245 0.000000 0.000000
    3 -0.000011 13.013483 -0.000005 -0.344933 0.278333 -0.062690
    4 8.652996 -0.001732 3.740448 4.817118 0.292146 2.445228
    5 0.000000 -14.313034 0.000000 0.000000 0.000000 0.000000
    6 -0.000004 -13.013485 -0.000004 0.920515 0.163608 2.520867
    7 -1.330879 -2.698427 0.462449 -0.194886 -0.547260 3.056712
    8 1.330910 2.698444 -0.462436 0.194890 0.547268 -0.084879
    9 1.187500 5.542969 -1.857422 -1.369523 0.272265 -0.038129
    10 1.106445 12.492188 -3.097656 -2.092381 -0.272298 3.103442
    11 -1.486328 1.665039 -11.968750 0.514784 0.295216 -0.297477
    12 0.707031 8.593750 -3.654297 -1.589811 0.272264 -0.038126
    13 19.953125 -11.593750 5.781250 -1.285310 0.960381 0.216270
    14 6.566406 8.648438 3.230469 -1.090396 0.577049 -0.321829
    15 7.558525 6.997282 -2.354134 -1.937336 -0.275393 3.010581
    16 7.558525 6.997282 -2.354134 1.937336 0.275393 -0.131011
    17 -2.867767 -2.740969 0.531125 2.051196 0.577049 -0.321829
    18 1.106445 12.492188 -3.097656 -1.772050 -0.272302 3.103433
    19 20.356730 -41.705586 -10.051171 1.140936 0.296962 -0.259320
    20 1.339844 7.753906 -1.613281 -0.496545 0.272264 -0.038127
    21 4.777344 6.027344 1.897461 -1.090396 0.577049 -0.321829
    22 5.488281 7.070313 2.425781 -1.090396 0.577049 -0.321829
    23 7.537933 7.453606 1.870349 -1.090396 0.577049 -0.321829
    24 8.154472 8.357077 2.329839 -1.090396 0.577049 -0.321829
    25 8.874294 9.411907 2.866308 -1.090396 0.577049 -0.321829
    26 -4.125858 -2.321501 1.394414 2.051196 0.577049 -0.321829
    27 -4.826813 -3.348669 0.872014 2.051196 0.577049 -0.321829
    28 -5.441669 -4.249685 0.413772 2.051196 0.577049 -0.321829
    29 -0.552532 -1.343527 1.604446 -0.415180 0.312114 -0.422073
    30 0.552589 1.343534 -1.604463 -0.465990 -0.876593 -0.438946
    31 0.000000 -2.021618 -0.000004 0.186809 0.000000 0.000000
    32 -0.000021 2.021633 0.000027 0.824136 0.000000 0.000000
    33 -0.000004 -1.136217 -0.000004 -0.210111 0.000000 0.000000
    34 -0.000011 1.136200 -0.000019 -0.096334 0.000000 0.000000
    35 -0.032677 -4.587727 1.352317 2.844703 1.216154 2.484990
    36 0.032719 4.587772 -1.352291 2.575583 1.208662 2.466384
    37 0.000000 -1.754536 -0.000002 0.662896 0.000000 0.000000
    38 -0.000006 1.754520 -0.000034 0.321814 0.000000 0.000000
    39 0.000000 -1.227020 -0.000002 0.092660 0.000000 0.000000
    40 0.000002 1.227070 0.000032 0.460562 0.000000 0.000000
    41 -0.367996 -4.208406 0.173244 2.943027 1.091688 2.536231
    42 0.368011 4.208412 -0.173239 2.581893 1.052111 2.159298
    43 0.000000 -2.372318 -0.000004 0.722081 0.000000 0.000000
    44 -0.000006 2.372318 -0.000032 1.885942 0.000000 0.000000
    45 0.000004 -1.580070 -0.000001 0.034255 0.000000 0.000000
    46 -0.000002 1.580170 0.000030 0.602823 0.000000 0.000000
    47 -0.937645 -3.860697 -0.959317 3.044205 1.001841 2.581100
    48 0.937672 3.860714 0.959333 2.709723 0.800473 2.318765
    49 0.000000 -1.690632 0.000000 0.491549 0.000000 0.000000
    50 -0.000013 1.690666 0.000021 1.759130 0.000000 0.000000
    51 -0.000002 -1.423443 0.000002 0.234212 0.000000 0.000000
    52 0.000008 1.423420 0.000028 0.817068 0.000000 0.000000
    53 -1.546646 -3.404194 -1.915569 3.024293 0.944156 2.514436
    54 1.546661 3.404217 1.915585 -3.027006 0.615473 2.392693
    55 0.000004 -1.437820 0.000000 0.424958 0.000000 0.000000
    56 -0.000021 1.437870 0.000031 1.336724 0.000000 0.000000
    57 -0.000002 -1.059402 0.000000 0.322075 0.000000 0.000000
    58 0.000006 1.059372 0.000008 0.795881 0.000000 0.000000
    59 -0.000004 -13.013485 -0.000004 0.010936 -0.284121 -0.076428
    60 0.161133 -10.804688 0.023087 0.010936 -0.284121 -0.076428
  time 29
    0 -0.024506 -3.468750 -0.000151 -1.559900 -0.000006 -0.000006
    1 -8.653000 -0.001747 3.740445 -1.009157 -0.089687 0.502310
    2 0.000000 14.313023 0.000003 -0.512367 0.000000 0.000000
    3 -0.000011 13.013483 -0.000005 -0.344646 0.278380 -0.062786
    4 8.652996 -0.001732 3.740448 4.817118 0.292146 2.445228
    5 0.000000 -14.313034 0.000000 0.000000 0.000000 0.000000
    6 -0.000004 -13.013485 -0.000004 0.920515 0.163608 2.520867
    7 -1.330879 -2.698427 0.462449 -0.194886 -0.547260 3.056712
    8 1.330910 2.698444 -0.462436 0.194890 0.547268 -0.084879
    9 1.187500 5.542969 -1.857422 -1.369523 0.272265 -0.038129
    10 1.106445 12.492188 -3.097656 -2.092381 -0.272298 3.103442
    11 -1.486328 1.665039 -11.968750 0.514784 0.295216 -0.297477
    12 0.707031 8.593750 -3.654297 -1.589811 0.272264 -0.038126
    13 19.953125 -11.593750 5.781250 -1.285310 0.960381 0.216270
    14 6.566406 8.648438 3.230469 -1.090396 0.577049 -0.321829
    15 7.558525 6.997282 -2.354134 -1.937336 -0.275393 3.010581
    16 7.558525 6.997282 -2.354134 1.937336 0.275393 -0.131011
    17 -2.867767 -2.740969 0.531125 2.051196 0.577049 -0.321829
    18 1.106445 12.492188 -3.097656 -1.772050 -0.272302 3.103433
    19 20.360637 -41.705586 -10.047264 1.140746 0.296901 -0.259320
    20 1.339844 7.753906 -1.613281 -0.496545 0.272264 -0.038127
    21 4.777344 6.027344 1.897461 -1.090396 0.577049 -0.321829
    22 5.488281 7.070313 2.425781 -1.090396 0.577049 -0.321829
    23 7.537933 7.453606 1.870349 -1.090396 0.577049 -0.321829
    24 8.154472 8.357077 2.329839 -1.090396 0.577049 -0.321829
    25 8.874294 9.411907 2.866308 -1.090396 0.577049 -0.321829
    26 -4.125858 -2.321501 1.394414 2.051196 0.577049 -0.321829
    27 -4.826813 -3.348669 0.872014 2.051196 0.577049 -0.321829
    28 -5.441669 -4.249685 0.413772 2.051196 0.577049 -0.321829
    29 -0.552532 -1.343527 1.604446 -0.415180 0.312114 -0.422073
    30 0.552589 1.343534 -1.604463 -0.465990 -0.876593 -0.438946
    31 0.000000 -2.021618 -0.000004 0.186809 0.000000 0.000000
    32 -0.000021 2.021633 0.000027 0.824136 0.000000 0.000000
    33 -0.000004 -1.136217 -0.000004 -0.210111 0.000000 0.000000
    34 -0.000011 1.136200 -0.000019 -0.096334 0.000000 0.000000
    35 -0.032677 -4.587727 1.352317 2.844703 1.216154 2.484990
    36 0.032719 4.587772 -1.352291 2.575583 1.208662 2.466384
    37 0.000000 -1.754536 -0.000002 0.662896 0.000000 0.000000
    38 -0.000006 1.754520 -0.000034 0.321814 0.000000 0.000000
    39 0.000000 -1.227020 -0.000002 0.092660 0.000000 0.000000
    40 0.000002 1.227070 0.000032 0.460562 0.000000 0.000000
    41 -0.367996 -4.208406 0.173244 2.943027 1.091688 2.536231
    42 0.368011 4.208412 -0.173239 2.581893 1.052111 2.159298
    43 0.000000 -2.372318 -0.000004 0.722081 0.000000 0.000000
    44 -0.000006 2.372318 -0.000032 1.885942 0.000000 0.000000
    45 0.000004 -1.580070 -0.000001 0.034255 0.000000 0.000000
    46 -0.000002 1.580170 0.000030 0.602823 0.000000 0.000000
    47 -0.937645 -3.860697 -0.959317 3.044205 1.001841 2.581100
    48 0.937672 3.860714 0.959333 2.709723 0.800473 2.318765
    49 0.000000 -1.690632 0.000000 0.491549 0.000000 0.000000
    50 -0.000013 1.690666 0.000021 1.759130 0.000000 0.000000
    51 -0.000002 -1.423443 0.000002 0.234212 0.000000 0.000000
    52 0.000008 1.423420 0.000028 0.817068 0.000000 0.000000
    53 -1.546646 -3.404194 -1.915569 3.024293 0.944156 2.514436
    54 1.546661 3.404217 1.915585 -3.027006 0.615473 2.392693
    55 0.000004 -1.437820 0.000000 0.424958 0.000000 0.000000
    56 -0.000021 1.437870 0.000031 1.336724 0.000000 0.000000
    57 -0.000002 -1.059402 0.000000 0.322075 0.000000 0.000000
    58 0.000006 1.059372 0.000008 0.795881 0.000000 0.000000
    59 -0.000004 -13.013485 -0.000004 0.010936 -0.284121 -0.076428
    60 0.161133 -10.804688 0.023087 0.010936 -0.284121 -0.076428
  time 30
    0 -0.024506 -3.468750 -0.000151 -1.559900 -0.000006 -0.000006
    1 -8.653000 -0.001747 3.740445 -1.009157 -0.089687 0.502310
    2 0.000000 14.313023 0.000003 -0.512550 0.000000 0.000000
    3 -0.000011 13.013483 -0.000005 -0.344455 0.278380 -0.062690
    4 8.652996 -0.001732 3.740448 4.817118 0.292146 2.445228
    5 0.000000 -14.313034 0.000000 0.000000 0.000000 0.000000
    6 -0.000004 -13.013485 -0.000004 0.920515 0.163608 2.520867
    7 -1.330879 -2.698427 0.462449 -0.194886 -0.547260 3.056712
    8 1.330910 2.698444 -0.462436 0.194890 0.547268 -0.084879
    9 1.187500 5.542969 -1.857422 -1.369523 0.272265 -0.038129
    10 1.106445 12.492188 -3.097656 -2.092381 -0.272298 3.103442
    11 -1.486328 1.665039 -11.968750 0.514784 0.295216 -0.297477
    12 0.707031 8.593750 -3.654297 -1.589811 0.272264 -0.038126
    13 19.953125 -11.593750 5.781250 -1.285310 0.960381 0.216270
    14 6.566406 8.648438 3.230469 -1.090396 0.577049 -0.321829
    15 7.558525 6.997282 -2.354134 -1.937336 -0.275393 3.010581
    16 7.558525 6.997282 -2.354134 1.937336 0.275393 -0.131011
    17 -2.867767 -2.740969 0.531125 2.051196 0.577049 -0.321829
    18 1.106445 12.492188 -3.097656 -1.772050 -0.272302 3.103433
    19 20.356730 -41.705586 -10.043358 1.140556 0.296901 -0.259320
    20 1.339844 7.753906 -1.613281 -0.496545 0.272264 -0.038127
    21 4.777344 6.027344 1.897461 -1.090396 0.577049 -0.321829
    22 5.488281 7.070313 2.425781 -1.090396 0.577049 -0.321829
    23 7.537933 7.453606 1.870349 -1.090396 0.577049 -0.321829
    24 8.154472 8.357077 2.329839 -1.090396 0.577049 -0.321829
    25 8.874294 9.411907 2.866308 -1.090396 0.577049 -0.321829
    26 -4.125858 -2.321501 1.394414 2.051196 0.577049 -0.321829
    27 -4.826813 -3.348669 0.872014 2.051196 0.577049 -0.321829
    28 -5.441669 -4.249685 0.413772 2.051196 0.577049 -0.321829
    29 -0.552532 -1.343527 1.604446 -0.415180 0.312114 -0.422073
    30 0.552589 1.343534 -1.604463 -0.465990 -0.876593 -0.438946
    31 0.000000 -2.021618 -0.000004 0.186809 0.000000 0.000000
    32 -0.000021 2.021633 0.000027 0.824136 0.000000 0.000000
    33 -0.000004 -1.136217 -0.000004 -0.210111 0.000000 0.000000
    34 -0.000011 1.136200 -0.000019 -0.096334 0.000000 0.000000
    35 -0.032677 -4.587727 1.352317 2.844703 1.216154 2.484990
    36 0.032719 4.587772 -1.352291 2.575583 1.208662 2.466384
    37 0.000000 -1.754536 -0.000002 0.662896 0.000000 0.000000
    38 -0.000006 1.754520 -0.000034 0.321814 0.000000 0.000000
    39 0.000000 -1.227020 -0.000002 0.092660 0.000000 0.000000
    40 0.000002 1.227070 0.000032 0.460562 0.000000 0.000000
    41 -0.367996 -4.208406 0.173244 2.943027 1.091688 2.536231
    42 0.368011 4.208412 -0.173239 2.581893 1.052111 2.159298
    43 0.000000 -2.372318 -0.000004 0.722081 0.000000 0.000000
    44 -0.000006 2.372318 -0.000032 1.885942 0.000000 0.000000
    45 0.000004 -1.580070 -0.000001 0.034255 0.000000 0.000000
    46 -0.000002 1.580170 0.000030 0.602823 0.000000 0.000000
    47 -0.937645 -3.860697 -0.959317 3.044205 1.001841 2.581100
    48 0.937672 3.860714 0.959333 2.709723 0.800473 2.318765
    49 0.000000 -1.690632 0.000000 0.491549 0.000000 0.000000
    50 -0.000013 1.690666 0.000021 1.759130 0.000000 0.000000
    51 -0.000002 -1.423443 0.000002 0.234212 0.000000 0.000000
    52 0.000008 1.423420 0.000028 0.817068 0.000000 0.000000
    53 -1.546646 -3.404194 -1.915569 3.024293 0.944156 2.514436
    54 1.546661 3.404217 1.915585 -3.027006 0.615473 2.392693
    55 0.000004 -1.437820 0.000000 0.424958 0.000000 0.000000
    56 -0.000021 1.437870 0.000031 1.336724 0.000000 0.000000
    57 -0.000002 -1.059402 0.000000 0.322075 0.000000 0.000000
    58 0.000006 1.059372 0.000008 0.795881 0.000000 0.000000
    59 -0.000004 -13.013485 -0.000004 0.010936 -0.284121 -0.076428
    60 0.161133 -10.804688 0.023087 0.010936 -0.284121 -0.076428
  time 31
    0 -0.024506 -3.468750 -0.000151 -1.559900 -0.000006 -0.000006
    1 -8.653000 -0.001747 3.740445 -1.009157 -0.089639 0.502310
    2 0.000000 14.313023 0.000003 -0.512673 0.000000 0.000000
    3 -0.000011 13.013483 -0.000005 -0.344264 0.278427 -0.062690
    4 8.652996 -0.001732 3.740448 4.817118 0.292146 2.445228
    5 0.000000 -14.313034 0.000000 0.000000 0.000000 0.000000
    6 -0.000004 -13.013485 -0.000004 0.920515 0.163608 2.520867
    7 -1.330879 -2.698427 0.462449 -0.194886 -0.547260 3.056712
    8 1.330910 2.698444 -0.462436 0.194890 0.547268 -0.084879
    9 1.187500 5.542969 -1.857422 -1.369523 0.272265 -0.038129
    10 1.106445 12.492188 -3.097656 -2.092381 -0.272298 3.103442
    11 -1.486328 1.665039 -11.968750 0.514784 0.295216 -0.297477
    12 0.707031 8.593750 -3.654297 -1.589811 0.272264 -0.038126
    13 19.953125 -11.593750 5.781250 -1.285310 0.960381 0.216270
    14 6.566406 8.648438 3.230469 -1.090396 0.577049 -0.321829
    15 7.558525 6.997282 -2.354134 -1.937336 -0.275393 3.010581
    16 7.558525 6.997282 -2.354134 1.937336 0.275393 -0.131011
    17 -2.867767 -2.740969 0.531125 2.051196 0.577049 -0.321829
    18 1.106445 12.492188 -3.097656 -1.772050 -0.272302 3.103433
    19 20.356730 -41.705586 -10.039451 1.140556 0.296840 -0.259416
    20 1.339844 7.753906 -1.613281 -0.496545 0.272264 -0.038127
    21 4.777344 6.027344 1.897461 -1.090396 0.577049 -0.321829
    22 5.488281 7.070313 2.425781 -1.090396 0.577049 -0.321829
    23 7.537933 7.453606 1.870349 -1.090396 0.577049 -0.321829
    24 8.154472 8.357077 2.329839 -1.090396 0.577049 -0.321829
    25 8.874294 9.411907 2.866308 -1.090396 0.577049 -0.321829
    26 -4.125858 -2.321501 1.394414 2.051196 0.577049 -0.321829
    27 -4.826813 -3.348669 0.872014 2.051196 0.577049 -0.321829
    28 -5.441669 -4.249685 0.413772 2.051196 0.577049 -0.321829
    29 -0.552532 -1.343527 1.604446 -0.415180 0.312114 -0.422073
    30 0.552589 1.343534 -1.604463 -0.465990 -0.876593 -0.438946
    31 0.000000 -2.021618 -0.000004 0.186809 0.000000 0.000000
    32 -0.000021 2.021633 0.000027 0.824136 0.000000 0.000000
    33 -0.000004 -1.136217 -0.000004 -0.210111 0.000000 0.000000
    34 -0.000011 1.136200 -0.000019 -0.096334 0.000000 0.000000
    35 -0.032677 -4.587727 1.352317 2.844703 1.216154 2.484990
    36 0.032719 4.587772 -1.352291 2.575583 1.208662 2.466384
    37 0.000000 -1.754536 -0.000002 0.662896 0.000000 0.000000
    38 -0.000006 1.754520 -0.000034 0.321814 0.000000 0.000000
    39 0.000000 -1.227020 -0.000002 0.092660 0.000000 0.000000
    40 0.000002 1.227070 0.000032 0.460562 0.000000 0.000000
    41 -0.367996 -4.208406 0.173244 2.943027 1.091688 2.536231
    42 0.368011 4.208412 -0.173239 2.581893 1.052111 2.159298
    43 0.000000 -2.372318 -0.000004 0.722081 0.000000 0.000000
    44 -0.000006 2.372318 -0.000032 1.885942 0.000000 0.000000
    45 0.000004 -1.580070 -0.000001 0.034255 0.000000 0.000000
    46 -0.000002 1.580170 0.000030 0.602823 0.000000 0.000000
    47 -0.937645 -3.860697 -0.959317 3.044205 1.001841 2.581100
    48 0.937672 3.860714 0.959333 2.709723 0.800473 2.318765
    49 0.000000 -1.690632 0.000000 0.491549 0.000000 0.000000
    50 -0.000013 1.690666 0.000021 1.759130 0.000000 0.000000
    51 -0.000002 -1.423443 0.000002 0.234212 0.000000 0.000000
    52 0.000008 1.423420 0.000028 0.817068 0.000000 0.000000
    53 -1.546646 -3.404194 -1.915569 3.024293 0.944156 2.514436
    54 1.546661 3.404217 1.915585 -3.027006 0.615473 2.392693
    55 0.000004 -1.437820 0.000000 0.424958 0.000000 0.000000
    56 -0.000021 1.437870 0.000031 1.336724 0.000000 0.000000
    57 -0.000002 -1.059402 0.000000 0.322075 0.000000 0.000000
    58 0.000006 1.059372 0.000008 0.795881 0.000000 0.000000
    59 -0.000004 -13.013485 -0.000004 0.010936 -0.284121 -0.076428
    60 0.161133 -10.804688 0.023087 0.010936 -0.284121 -0.076428
  time 32
    0 -0.024506 -3.468750 -0.000151 -1.559900 -0.000006 -0.000006
    1 -8.653000 -0.001747 3.740445 -1.009157 -0.089639 0.502310
    2 0.000000 14.313023 0.000003 -0.512795 0.000000 0.000000
    3 -0.000011 13.013483 -0.000005 -0.344168 0.278521 -0.062498
    4 8.652996 -0.001732 3.740448 4.817118 0.292146 2.445228
    5 0.000000 -14.313034 0.000000 0.000000 0.000000 0.000000
    6 -0.000004 -13.013485 -0.000004 0.920515 0.163608 2.520867
    7 -1.330879 -2.698427 0.462449 -0.194886 -0.547260 3.056712
    8 1.330910 2.698444 -0.462436 0.194890 0.547268 -0.084879
    9 1.187500 5.542969 -1.857422 -1.369523 0.272265 -0.038129
    10 1.106445 12.492188 -3.097656 -2.092381 -0.272298 3.103442
    11 -1.486328 1.665039 -11.968750 0.514784 0.295216 -0.297477
    12 0.707031 8.593750 -3.654297 -1.589811 0.272264 -0.038126
    13 19.953125 -11.593750 5.781250 -1.285310 0.960381 0.216270
    14 6.566406 8.648438 3.230469 -1.090396 0.577049 -0.321829
    15 7.558525 6.997282 -2.354134 -1.937336 -0.275393 3.010581
    16 7.558525 6.997282 -2.354134 1.937336 0.275393 -0.131011
    17 -2.867767 -2.740969 0.531125 2.051196 0.577049 -0.321829
    18 1.106445 12.492188 -3.097656 -1.772050 -0.272302 3.103433
    19 20.348918 -41.709492 -10.035545 1.140556 0.296840 -0.259511
    20 1.339844 7.753906 -1.613281 -0.496545 0.272264 -0.038127
    21 4.777344 6.027344 1.897461 -1.090396 0.577049 -0.321829
    22 5.488281 7.070313 2.425781 -1.090396 0.577049 -0.321829
    23 7.537933 7.453606 1.870349 -1.090396 0.577049 -0.321829
    24 8.154472 8.357077 2.329839 -1.090396 0.577049 -0.321829
    25 8.874294 9.411907 2.866308 -1.090396 0.577049 -0.321829
    26 -4.125858 -2.321501 1.394414 2.051196 0.577049 -0.321829
    27 -4.826813 -3.348669 0.872014 2.051196 0.577049 -0.321829
    28 -5.441669 -4.249685 0.413772 2.051196 0.577049 -0.321829
    29 -0.552532 -1.343527 1.604446 -0.415180 0.312114 -0.422073
    30 0.552589 1.343534 -1.604463 -0.465990 -0.876593 -0.438946
    31 0.000000 -2.021618 -0.000004 0.186809 0.000000 0.000000
    32 -0.000021 2.021633 0.000027 0.824136 0.000000 0.000000
    33 -0.000004 -1.136217 -0.000004 -0.210111 0.000000 0.000000
    34 -0.000011 1.136200 -0.000019 -0.096334 0.000000 0.000000
    35 -0.032677 -4.587727 1.352317 2.844703 1.216154 2.484990
    36 0.032719 4.587772 -1.352291 2.575583 1.208662 2.466384
    37 0.000000 -1.754536 -0.000002 0.662896 0.000000 0.000000
    38 -0.000006 1.754520 -0.000034 0.321814 0.000000 0.000000
    39 0.000000 -1.227020 -0.000002 0.092660 0.000000 0.000000
    40 0.000002 1.227070 0.000032 0.460562 0.000000 0.000000
    41 -0.367996 -4.208406 0.173244 2.943027 1.091688 2.536231
    42 0.368011 4.208412 -0.173239 2.581893 1.052111 2.159298
    43 0.000000 -2.372318 -0.000004 0.722081 0.000000 0.000000
    44 -0.000006 2.372318 -0.000032 1.885942 0.000000 0.000000
    45 0.000004 -1.580070 -0.000001 0.034255 0.000000 0.000000
    46 -0.000002 1.580170 0.000030 0.602823 0.000000 0.000000
    47 -0.937645 -3.860697 -0.959317 3.044205 1.001841 2.581100
    48 0.937672 3.860714 0.959333 2.709723 0.800473 2.318765
    49 0.000000 -1.690632 0.000000 0.491549 0.000000 0.000000
    50 -0.000013 1.690666 0.000021 1.759130 0.000000 0.000000
    51 -0.000002 -1.423443 0.000002 0.234212 0.000000 0.000000
    52 0.000008 1.423420 0.000028 0.817068 0.000000 0.000000
    53 -1.546646 -3.404194 -1.915569 3.024293 0.944156 2.514436
    54 1.546661 3.404217 1.915585 -3.027006 0.615473 2.392693
    55 0.000004 -1.437820 0.000000 0.424958 0.000000 0.000000
    56 -0.000021 1.437870 0.000031 1.336724 0.000000 0.000000
    57 -0.000002 -1.059402 0.000000 0.322075 0.000000 0.000000
    58 0.000006 1.059372 0.000008 0.795881 0.000000 0.000000
    59 -0.000004 -13.013485 -0.000004 0.010936 -0.284121 -0.076428
    60 0.161133 -10.804688 0.023087 0.010936 -0.284121 -0.076428
  time 33
    0 -0.024506 -3.468750 -0.000151 -1.559900 -0.000006 -0.000006
    1 -8.653000 -0.001747 3.740445 -1.009157 -0.089591 0.502386
    2 0.000000 14.313023 0.000003 -0.512917 0.000000 0.000000
    3 -0.000011 13.013483 -0.000005 -0.344168 0.278569 -0.062306
    4 8.652996 -0.001732 3.740448 4.817118 0.292146 2.445228
    5 0.000000 -14.313034 0.000000 0.000000 0.000000 0.000000
    6 -0.000004 -13.013485 -0.000004 0.920515 0.163608 2.520867
    7 -1.330879 -2.698427 0.462449 -0.194886 -0.547260 3.056712
    8 1.330910 2.698444 -0.462436 0.194890 0.547268 -0.084879
    9 1.187500 5.542969 -1.857422 -1.369523 0.272265 -0.038129
    10 1.106445 12.492188 -3.097656 -2.092381 -0.272298 3.103442
    11 -1.486328 1.665039 -11.968750 0.514784 0.295216 -0.297477
    12 0.707031 8.593750 -3.654297 -1.589811 0.272264 -0.038126
    13 19.953125 -11.593750 5.781250 -1.285310 0.960381 0.216270
    14 6.566406 8.648438 3.230469 -1.090396 0.577049 -0.321829
    15 7.558525 6.997282 -2.354134 -1.937336 -0.275393 3.010581
    16 7.558525 6.997282 -2.354134 1.937336 0.275393 -0.131011
    17 -2.867767 -2.740969 0.531125 2.051196 0.577049 -0.321829
    18 1.106445 12.492188 -3.097656 -1.772050 -0.272302 3.103433
    19 20.345011 -41.713399 -10.039451 1.140746 0.296901 -0.259511
    20 1.339844 7.753906 -1.613281 -0.496545 0.272264 -0.038127
    21 4.777344 6.027344 1.897461 -1.090396 0.577049 -0.321829
    22 5.488281 7.070313 2.425781 -1.090396 0.577049 -0.321829
    23 7.537933 7.453606 1.870349 -1.090396 0.577049 -0.321829
    24 8.154472 8.357077 2.329839 -1.090396 0.577049 -0.321829
    25 8.874294 9.411907 2.866308 -1.090396 0.577049 -0.321829
    26 -4.125858 -2.321501 1.394414 2.051196 0.577049 -0.321829
    27 -4.826813 -3.348669 0.872014 2.051196 0.577049 -0.321829
    28 -5.441669 -4.249685 0.413772 2.051196 0.577049 -0.321829
    29 -0.552532 -1.343527 1.604446 -0.415180 0.312114 -0.422073
    30 0.552589 1.343534 -1.604463 -0.465990 -0.876593 -0.438946
    31 0.000000 -2.021618 -0.000004 0.186809 0.000000 0.000000
    32 -0.000021 2.021633 0.000027 0.824136 0.000000 0.000000
    33 -0.000004 -1.136217 -0.000004 -0.210111 0.000000 0.000000
    34 -0.000011 1.136200 -0.000019 -0.096334 0.000000 0.000000
    35 -0.032677 -4.587727 1.352317 2.844703 1.216154 2.484990
    36 0.032719 4.587772 -1.352291 2.575583 1.208662 2.466384
    37 0.000000 -1.754536 -0.000002 0.662896 0.000000 0.000000
    38 -0.000006 1.754520 -0.000034 0.321814 0.000000 0.000000
    39 0.000000 -1.227020 -0.000002 0.092660 0.000000 0.000000
    40 0.000002 1.227070 0.000032 0.460562 0.000000 0.000000
    41 -0.367996 -4.208406 0.173244 2.943027 1.091688 2.536231
    42 0.368011 4.208412 -0.173239 2.581893 1.052111 2.159298
    43 0.000000 -2.372318 -0.000004 0.722081 0.000000 0.000000
    44 -0.000006 2.372318 -0.000032 1.885942 0.000000 0.000000
    45 0.000004 -1.580070 -0.000001 0.034255 0.000000 0.000000
    46 -0.000002 1.580170 0.000030 0.602823 0.000000 0.000000
    47 -0.937645 -3.860697 -0.959317 3.044205 1.001841 2.581100
    48 0.937672 3.860714 0.959333 2.709723 0.800473 2.318765
    49 0.000000 -1.690632 0.000000 0.491549 0.000000 0.000000
    50 -0.000013 1.690666 0.000021 1.759130 0.000000 0.000000
    51 -0.000002 -1.423443 0.000002 0.234212 0.000000 0.000000
    52 0.000008 1.423420 0.000028 0.817068 0.000000 0.000000
    53 -1.546646 -3.404194 -1.915569 3.024293 0.944156 2.514436
    54 1.546661 3.404217 1.915585 -3.027006 0.615473 2.392693
    55 0.000004 -1.437820 0.000000 0.424958 0.000000 0.000000
    56 -0.000021 1.437870 0.000031 1.336724 0.000000 0.000000
    57 -0.000002 -1.059402 0.000000 0.322075 0.000000 0.000000
    58 0.000006 1.059372 0.000008 0.795881 0.000000 0.000000
    59 -0.000004 -13.013485 -0.000004 0.010936 -0.284121 -0.076428
    60 0.161133 -10.804688 0.023087 0.010936 -0.284121 -0.076428
  time 34
    0 -0.024506 -3.468750 -0.000151 -1.559900 -0.000006 -0.000006
    1 -8.653000 -0.001747 3.740445 -1.009157 -0.089591 0.502386
    2 0.000000 14.313023 0.000003 -0.512978 0.000000 0.000000
    3 -0.000011 13.013483 -0.000005 -0.344168 0.278663 -0.062115
    4 8.652996 -0.001732 3.740448 4.817118 0.292146 2.445228
    5 0.000000 -14.313034 0.000000 0.000000 0.000000 0.000000
    6 -0.000004 -13.013485 -0.000004 0.920515 0.163608 2.520867
    7 -1.330879 -2.698427 0.462449 -0.194886 -0.547260 3.056712
    8 1.330910 2.698444 -0.462436 0.194890 0.547268 -0.084879
    9 1.187500 5.542969 -1.857422 -1.369523 0.272265 -0.038129
    10 1.106445 12.492188 -3.097656 -2.092381 -0.272298 3.103442
    11 -1.486328 1.665039 -11.968750 0.514784 0.295216 -0.297477
    12 0.707031 8.593750 -3.654297 -1.589811 0.272264 -0.038126
    13 19.953125 -11.593750 5.781250 -1.285310 0.960381 0.216270
    14 6.566406 8.648438 3.230469 -1.090396 0.577049 -0.321829
    15 7.558525 6.997282 -2.354134 -1.937336 -0.275393 3.010581
    16 7.558525 6.997282 -2.354134 1.937336 0.275393 -0.131011
    17 -2.867767 -2.740969 0.531125 2.051196 0.577049 -0.321829
    18 1.106445 12.492188 -3.097656 -1.772050 -0.272302 3.103433
    19 20.337199 -41.717305 -10.043358 1.140936 0.296901 -0.259607
    20 1.339844 7.753906 -1.613281 -0.496545 0.272264 -0.038127
    21 4.777344 6.027344 1.897461 -1.090396 0.577049 -0.321829
    22 5.488281 7.070313 2.425781 -1.090396 0.577049 -0.321829
    23 7.537933 7.453606 1.870349 -1.090396 0.577049 -0.321829
    24 8.154472 8.357077 2.329839 -1.090396 0.577049 -0.321829
    25 8.874294 9.411907 2.866308 -1.090396 0.577049 -0.321829
    26 -4.125858 -2.321501 1.394414 2.051196 0.577049 -0.321829
    27 -4.826813 -3.348669 0.872014 2.051196 0.577049 -0.321829
    28 -5.441669 -4.249685 0.413772 2.051196 0.577049 -0.321829
    29 -0.552532 -1.343527 1.604446 -0.415180 0.312114 -0.422073
    30 0.552589 1.343534 -1.604463 -0.465990 -0.876593 -0.438946
    31 0.000000 -2.021618 -0.000004 0.186809 0.000000 0.000000
    32 -0.000021 2.021633 0.000027 0.824136 0.000000 0.000000
    33 -0.000004 -1.136217 -0.000004 -0.210111 0.000000 0.000000
    34 -0.000011 1.136200 -0.000019 -0.096334 0.000000 0.000000
    35 -0.032677 -4.587727 1.352317 2.844703 1.216154 2.484990
    36 0.032719 4.587772 -1.352291 2.575583 1.208662 2.466384
    37 0.000000 -1.754536 -0.000002 0.662896 0.000000 0.000000
    38 -0.000006 1.754520 -0.000034 0.321814 0.000000 0.000000
    39 0.000000 -1.227020 -0.000002 0.092660 0.000000 0.000000
    40 0.000002 1.227070 0.000032 0.460562 0.000000 0.000000
    41 -0.367996 -4.208406 0.173244 2.943027 1.091688 2.536231
    42 0.368011 4.208412 -0.173239 2.581893 1.052111 2.159298
    43 0.000000 -2.372318 -0.000004 0.722081 0.000000 0.000000
    44 -0.000006 2.372318 -0.000032 1.885942 0.000000 0.000000
    45 0.000004 -1.580070 -0.000001 0.034255 0.000000 0.000000
    46 -0.000002 1.580170 0.000030 0.602823 0.000000 0.000000
    47 -0.937645 -3.860697 -0.959317 3.044205 1.001841 2.581100
    48 0.937672 3.860714 0.959333 2.709723 0.800473 2.318765
    49 0.000000 -1.690632 0.000000 0.491549 0.000000 0.000000
    50 -0.000013 1.690666 0.000021 1.759130 0.000000 0.000000
    51 -0.000002 -1.423443 0.000002 0.234212 0.000000 0.000000
    52 0.000008 1.423420 0.000028 0.817068 0.000000 0.000000
    53 -1.546646 -3.404194 -1.915569 3.024293 0.944156 2.514436
    54 1.546661 3.404217 1.915585 -3.027006 0.615473 2.392693
    55 0.000004 -1.437820 0.000000 0.424958 0.000000 0.000000
    56 -0.000021 1.437870 0.000031 1.336724 0.000000 0.000000
    57 -0.000002 -1.059402 0.000000 0.322075 0.000000 0.000000
    58 0.000006 1.059372 0.000008 0.795881 0.000000 0.000000
    59 -0.000004 -13.013485 -0.000004 0.010936 -0.284121 -0.076428
    60 0.161133 -10.804688 0.023087 0.010936 -0.284121 -0.076428
  time 35
    0 -0.024506 -3.468750 -0.000151 -1.559900 -0.000006 -0.000006
    1 -8.653000 -0.001747 3.740445 -1.009157 -0.089639 0.502615
    2 0.000000 14.313023 0.000003 -0.513039 0.000000 0.000000
    3 -0.000011 13.013483 -0.000005 -0.344264 0.278946 -0.062019
    4 8.652996 -0.001732 3.740448 4.821332 0.290630 2.459881
    5 0.000000 -14.313034 0.000000 0.000000 0.000000 0.000000
    6 -0.000004 -13.013485 -0.000004 0.928802 0.152069 2.522202
    7 -1.330879 -2.698427 0.462449 -0.194886 -0.547260 3.056712
    8 1.330910 2.698444 -0.462436 0.194890 0.547268 -0.084879
    9 1.187500 5.542969 -1.857422 -1.369523 0.272265 -0.038129
    10 1.106445 12.492188 -3.097656 -2.092381 -0.272298 3.103442
    11 -1.486328 1.665039 -11.968750 0.514784 0.295216 -0.297477
    12 0.707031 8.593750 -3.654297 -1.589811 0.272264 -0.038126
    13 19.953125 -11.593750 5.781250 -1.285310 0.960381 0.216270
    14 6.566406 8.648438 3.230469 -1.090396 0.577049 -0.321829
    15 7.558525 6.997282 -2.354134 -1.937336 -0.275393 3.010581
    16 7.558525 6.997282 -2.354134 1.937336 0.275393 -0.131011
    17 -2.867767 -2.740969 0.531125 2.051196 0.577049 -0.321829
    18 1.106445 12.492188 -3.097656 -1.772050 -0.272302 3.103433
    19 20.220008 -41.729024 -10.027732 1.129081 0.280548 -0.224613
    20 1.339844 7.753906 -1.613281 -0.496545 0.272264 -0.038127
    21 4.777344 6.027344 1.897461 -1.090396 0.577049 -0.321829
    22 5.488281 7.070313 2.425781 -1.090396 0.577049 -0.321829
    23 7.537933 7.453606 1.870349 -1.090396 0.577049 -0.321829
    24 8.154472 8.357077 2.329839 -1.090396 0.577049 -0.321829
    25 8.874294 9.411907 2.866308 -1.090396 0.577049 -0.321829
    26 -4.125858 -2.321501 1.394414 2.051196 0.577049 -0.321829
    27 -4.826813 -3.348669 0.872014 2.051196 0.577049 -0.321829
    28 -5.441669 -4.249685 0.413772 2.051196 0.577049 -0.321829
    29 -0.552532 -1.343527 1.604446 -0.387571 0.277324 -0.431473
    30 0.552589 1.343534 -1.604463 -0.465990 -0.876593 -0.438946
    31 0.000000 -2.021618 -0.000004 0.159432 0.000000 0.000000
    32 -0.000021 2.021633 0.000027 0.824136 0.000000 0.000000
    33 -0.000004 -1.136217 -0.000004 -0.237458 0.000000 0.000000
    34 -0.000011 1.136200 -0.000019 -0.096334 0.000000 0.000000
    35 -0.032677 -4.587727 1.352317 2.942108 1.206912 2.584866
    36 0.032719 4.587772 -1.352291 2.575583 1.208662 2.466384
    37 0.000000 -1.754536 -0.000002 0.693007 0.000000 0.000000
    38 -0.000006 1.754520 -0.000034 0.321814 0.000000 0.000000
    39 0.000000 -1.227020 -0.000002 0.068468 0.000000 0.000000
    40 0.000002 1.227070 0.000032 0.460562 0.000000 0.000000
    41 -0.367996 -4.208406 0.173244 2.941769 1.080961 2.516726
    42 0.368011 4.208412 -0.173239 2.581893 1.052111 2.159298
    43 0.000000 -2.372318 -0.000004 0.752397 0.000000 0.000000
    44 -0.000006 2.372318 -0.000032 1.885942 0.000000 0.000000
    45 0.000004 -1.580070 -0.000001 0.008764 0.000000 0.000000
    46 -0.000002 1.580170 0.000030 0.602823 0.000000 0.000000
    47 -0.937645 -3.860697 -0.959317 3.059348 0.989611 2.552113
    48 0.937672 3.860714 0.959333 2.709723 0.800473 2.318765
    49 0.000000 -1.690632 0.000000 0.537555 0.000000 0.000000
    50 -0.000013 1.690666 0.000021 1.759130 0.000000 0.000000
    51 -0.000002 -1.423443 0.000002 0.309114 0.000000 0.000000
    52 0.000008 1.423420 0.000028 0.817068 0.000000 0.000000
    53 -1.546646 -3.404194 -1.915569 3.055766 0.931881 2.504844
    54 1.546661 3.404217 1.915585 -3.027006 0.615473 2.392693
    55 0.000004 -1.437820 0.000000 0.503370 0.000000 0.000000
    56 -0.000021 1.437870 0.000031 1.336724 0.000000 0.000000
    57 -0.000002 -1.059402 0.000000 0.361764 0.000000 0.000000
    58 0.000006 1.059372 0.000008 0.795881 0.000000 0.000000
    59 -0.000004 -13.013485 -0.000004 0.010936 -0.284121 -0.076428
    60 0.161133 -10.804688 0.023087 0.010936 -0.284121 -0.076428
  time 36
    0 -0.024506 -3.468750 -0.000151 -1.559900 -0.000006 -0.000006
    1 -8.653000 -0.001747 3.740445 -1.009157 -0.089830 0.503226
    2 0.000000 14.313023 0.000003 -0.513223 0.000000 0.000000
    3 -0.000011 13.013483 -0.000005 -0.344359 0.279701 -0.061539
    4 8.652996 -0.001732 3.740448 4.832919 0.286158 2.500296
    5 0.000000 -14.313034 0.000000 0.000000 0.000000 0.000000
    6 -0.000004 -13.013485 -0.000004 0.951682 0.120232 2.525348
    7 -1.330879 -2.698427 0.462449 -0.194886 -0.547260 3.056712
    8 1.330910 2.698444 -0.462436 0.194890 0.547268 -0.084879
    9 1.187500 5.542969 -1.857422 -1.369523 0.272265 -0.038129
    10 1.106445 12.492188 -3.097656 -2.092381 -0.272298 3.103442
    11 -1.486328 1.665039 -11.968750 0.514784 0.295216 -0.297477
    12 0.707031 8.593750 -3.654297 -1.589811 0.272264 -0.038126
    13 19.953125 -11.593750 5.781250 -1.285310 0.960381 0.216270
    14 6.566406 8.648438 3.230469 -1.090396 0.577049 -0.321829
    15 7.558525 6.997282 -2.354134 -1.937336 -0.275393 3.010581
    16 7.558525 6.997282 -2.354134 1.937336 0.275393 -0.131011
    17 -2.867767 -2.740969 0.531125 2.051196 0.577049 -0.321829
    18 1.106445 12.492188 -3.097656 -1.772050 -0.272302 3.103433
    19 19.927030 -41.791526 -9.984762 1.097216 0.236551 -0.136601
    20 1.339844 7.753906 -1.613281 -0.496545 0.272264 -0.038127
    21 4.777344 6.027344 1.897461 -1.090396 0.577049 -0.321829
    22 5.488281 7.070313 2.425781 -1.090396 0.577049 -0.321829
    23 7.537933 7.453606 1.870349 -1.090396 0.577049 -0.321829
    24 8.154472 8.357077 2.329839 -1.090396 0.577049 -0.321829
    25 8.874294 9.411907 2.866308 -1.090396 0.577049 -0.321829
    26 -4.125858 -2.321501 1.394414 2.051196 0.577049 -0.321829
    27 -4.826813 -3.348669 0.872014 2.051196 0.577049 -0.321829
    28 -5.441669 -4.249685 0.413772 2.051196 0.577049 -0.321829
    29 -0.552532 -1.343527 1.604446 -0.319512 0.189972 -0.454131
    30 0.552589 1.343534 -1.604463 -0.465990 -0.876593 -0.438946
    31 0.000000 -2.021618 -0.000004 0.090811 0.000000 0.000000
    32 -0.000021 2.021633 0.000027 0.824136 0.000000 0.000000
    33 -0.000004 -1.136217 -0.000004 -0.306090 0.000000 0.000000
    34 -0.000011 1.136200 -0.000019 -0.096334 0.000000 0.000000
    35 -0.032677 -4.587727 1.352317 3.162440 1.170466 2.808809
    36 0.032719 4.587772 -1.352291 2.575583 1.208662 2.466384
    37 0.000000 -1.754536 -0.000002 0.768418 0.000000 0.000000
    38 -0.000006 1.754520 -0.000034 0.321814 0.000000 0.000000
    39 0.000000 -1.227020 -0.000002 0.007818 0.000000 0.000000
    40 0.000002 1.227070 0.000032 0.460562 0.000000 0.000000
    41 -0.367996 -4.208406 0.173244 2.941500 1.053375 2.471215
    42 0.368011 4.208412 -0.173239 2.581893 1.052111 2.159298
    43 0.000000 -2.372318 -0.000004 0.828428 0.000000 0.000000
    44 -0.000006 2.372318 -0.000032 1.885942 0.000000 0.000000
    45 0.000004 -1.580070 -0.000001 -0.055169 0.000000 0.000000
    46 -0.000002 1.580170 0.000030 0.602823 0.000000 0.000000
    47 -0.937645 -3.860697 -0.959317 3.101433 0.957264 2.484135
    48 0.937672 3.860714 0.959333 2.709723 0.800473 2.318765
    49 0.000000 -1.690632 0.000000 0.653051 0.000000 0.000000
    50 -0.000013 1.690666 0.000021 1.759130 0.000000 0.000000
    51 -0.000002 -1.423443 0.000002 0.496831 0.000000 0.000000
    52 0.000008 1.423420 0.000028 0.817068 0.000000 0.000000
    53 -1.546646 -3.404194 -1.915569 3.135508 0.900936 2.481977
    54 1.546661 3.404217 1.915585 -3.027006 0.615473 2.392693
    55 0.000004 -1.437820 0.000000 0.699848 0.000000 0.000000
    56 -0.000021 1.437870 0.000031 1.336724 0.000000 0.000000
    57 -0.000002 -1.059402 0.000000 0.461238 0.000000 0.000000
    58 0.000006 1.059372 0.000008 0.795881 0.000000 0.000000
    59 -0.000004 -13.013485 -0.000004 0.010936 -0.284121 -0.076428
    60 0.161133 -10.804688 0.023087 0.010936 -0.284121 -0.076428
  time 37
    0 -0.024506 -3.468750 -0.000151 -1.559900 -0.000006 -0.000006
    1 -8.653000 -0.001747 3.740445 -1.009341 -0.090116 0.504066
    2 0.000000 14.313023 0.000003 -0.513284 0.000000 0.000000
    3 -0.000011 13.013483 -0.000005 -0.344550 0.280597 -0.061156
    4 8.652996 -0.001732 3.740448 4.850635 0.278161 -3.719066
    5 0.000000 -14.313034 0.000000 0.000000 0.000000 0.000000
    6 -0.000004 -13.013485 -0.000004 0.727926 0.059660 2.602770
    7 -1.330879 -2.698427 0.462449 -0.194886 -0.547260 3.056712
    8 1.330910 2.698444 -0.462436 0.194890 0.547268 -0.084879
    9 1.187500 5.542969 -1.857422 -1.369523 0.272265 -0.038129
    10 1.106445 12.492188 -3.097656 -2.092381 -0.272298 3.103442
    11 -1.486328 1.665039 -11.968750 0.514784 0.295216 -0.297477
    12 0.707031 8.593750 -3.654297 -1.589811 0.272264 -0.038126
    13 19.953125 -11.593750 5.781250 -1.285310 0.960381 0.216270
    14 6.566406 8.648438 3.230469 -1.090396 0.577049 -0.321829
    15 7.558525 6.997282 -2.354134 -1.937336 -0.275393 3.010581
    16 7.558525 6.997282 -2.354134 1.937336 0.275393 -0.131011
    17 -2.867767 -2.740969 0.531125 2.051196 0.577049 -0.321829
    18 1.106445 12.492188 -3.097656 -1.772050 -0.272302 3.103433
    19 18.266823 -40.834466 -11.297302 0.829775 0.040307 0.058406
    20 1.339844 7.753906 -1.613281 -0.496545 0.272264 -0.038127
    21 4.777344 6.027344 1.897461 -1.090396 0.577049 -0.321829
    22 5.488281 7.070313 2.425781 -1.090396 0.577049 -0.321829
    23 7.537933 7.453606 1.870349 -1.090396 0.577049 -0.321829
    24 8.154472 8.357077 2.329839 -1.090396 0.577049 -0.321829
    25 8.874294 9.411907 2.866308 -1.090396 0.577049 -0.321829
    26 -4.125858 -2.321501 1.394414 2.051196 0.577049 -0.321829
    27 -4.826813 -3.348669 0.872014 2.051196 0.577049 -0.321829
    28 -5.441669 -4.249685 0.413772 2.051196 0.577049 -0.321829
    29 -0.552532 -1.343527 1.604446 -0.231671 0.073632 -0.481782
    30 0.552589 1.343534 -1.604463 -0.465990 -0.876593 -0.438946
    31 0.000000 -2.021618 -0.000004 -0.000557 0.000000 0.000000
    32 -0.000021 2.021633 0.000027 0.824136 0.000000 0.000000
    33 -0.000004 -1.136217 -0.000004 -0.397459 0.000000 0.000000
    34 -0.000011 1.136200 -0.000019 -0.096334 0.000000 0.000000
    35 -0.032677 -4.587727 1.352317 3.394840 1.099207 3.040791
    36 0.032719 4.587772 -1.352291 2.575583 1.208662 2.466384
    37 0.000000 -1.754536 -0.000002 0.868912 0.000000 0.000000
    38 -0.000006 1.754520 -0.000034 0.321814 0.000000 0.000000
    39 0.000000 -1.227020 -0.000002 -0.072966 0.000000 0.000000
    40 0.000002 1.227070 0.000032 0.460562 0.000000 0.000000
    41 -0.367996 -4.208406 0.173244 2.946799 1.015395 2.417190
    42 0.368011 4.208412 -0.173239 2.581893 1.052111 2.159298
    43 0.000000 -2.372318 -0.000004 0.929615 0.000000 0.000000
    44 -0.000006 2.372318 -0.000032 1.885942 0.000000 0.000000
    45 0.000004 -1.580070 -0.000001 -0.140267 0.000000 0.000000
    46 -0.000002 1.580170 0.000030 0.602823 0.000000 0.000000
    47 -0.937645 -3.860697 -0.959317 3.165628 0.911128 2.403240
    48 0.937672 3.860714 0.959333 2.709723 0.800473 2.318765
    49 0.000000 -1.690632 0.000000 0.806724 0.000000 0.000000
    50 -0.000013 1.690666 0.000021 1.759130 0.000000 0.000000
    51 -0.000002 -1.423443 0.000002 0.746921 0.000000 0.000000
    52 0.000008 1.423420 0.000028 0.817068 0.000000 0.000000
    53 -1.546646 -3.404194 -1.915569 3.243953 0.859272 2.454276
    54 1.546661 3.404217 1.915585 -3.027006 0.615473 2.392693
    55 0.000004 -1.437820 0.000000 0.961521 0.000000 0.000000
    56 -0.000021 1.437870 0.000031 1.336724 0.000000 0.000000
    57 -0.000002 -1.059402 0.000000 0.593722 0.000000 0.000000
    58 0.000006 1.059372 0.000008 0.795881 0.000000 0.000000
    59 -0.000004 -13.013485 -0.000004 0.010936 -0.284121 -0.076428
    60 0.161133 -10.804688 0.023087 0.010936 -0.284121 -0.076428
  time 38
    0 -0.024506 -3.468750 -0.000151 -1.559900 -0.000006 -0.000006
    1 -8.653000 -0.001747 3.740445 -1.009434 -0.090402 0.504983
    2 0.000000 14.313023 0.000003 -0.513345 0.000000 0.000000
    3 -0.000011 13.013483 -0.000005 -0.344742 0.281493 -0.060677
    4 8.652996 -0.001732 3.740448 4.872469 0.266413 -3.637853
    5 0.000000 -14.313034 0.000000 0.000000 0.000000 0.000000
    6 -0.000004 -13.013485 -0.000004 0.186463 -0.035258 2.761617
    7 -1.330879 -2.698427 0.462449 -0.194886 -0.547260 3.056712
    8 1.330910 2.698444 -0.462436 0.194890 0.547268 -0.084879
    9 1.187500 5.542969 -1.857422 -1.369523 0.272265 -0.038129
    10 1.106445 12.492188 -3.097656 -2.092381 -0.272298 3.103442
    11 -1.486328 1.665039 -11.968750 0.514784 0.295216 -0.297477
    12 0.707031 8.593750 -3.654297 -1.589811 0.272264 -0.038126
    13 19.953125 -11.593750 5.781250 -1.285310 0.960381 0.216270
    14 6.566406 8.648438 3.230469 -1.090396 0.577049 -0.321829
    15 7.558525 6.997282 -2.354134 -1.937336 -0.275393 3.010581
    16 7.558525 6.997282 -2.354134 1.937336 0.275393 -0.131011
    17 -2.867767 -2.740969 0.531125 2.051196 0.577049 -0.321829
    18 1.106445 12.492188 -3.097656 -1.772050 -0.272302 3.103433
    19 15.704245 -40.471173 -15.086480 0.219781 -0.071911 0.472389
    20 1.339844 7.753906 -1.613281 -0.496545 0.272264 -0.038127
    21 4.777344 6.027344 1.897461 -1.090396 0.577049 -0.321829
    22 5.488281 7.070313 2.425781 -1.090396 0.577049 -0.321829
    23 7.537933 7.453606 1.870349 -1.090396 0.577049 -0.321829
    24 8.154472 8.357077 2.329839 -1.090396 0.577049 -0.321829
    25 8.874294 9.411907 2.866308 -1.090396 0.577049 -0.321829
    26 -4.125858 -2.321501 1.394414 2.051196 0.577049 -0.321829
    27 -4.826813 -3.348669 0.872014 2.051196 0.577049 -0.321829
    28 -5.441669 -4.249685 0.413772 2.051196 0.577049 -0.321829
    29 -0.552532 -1.343527 1.604446 -0.144136 -0.047284 -0.506964
    30 0.552589 1.343534 -1.604463 -0.465990 -0.876593 -0.438946
    31 0.000000 -2.021618 -0.000004 -0.095650 0.000000 0.000000
    32 -0.000021 2.021633 0.000027 0.824136 0.000000 0.000000
    33 -0.000004 -1.136217 -0.000004 -0.492549 0.000000 0.000000
    34 -0.000011 1.136200 -0.000019 -0.096334 0.000000 0.000000
    35 -0.032677 -4.587727 1.352317 3.573762 1.007313 3.212560
    36 0.032719 4.587772 -1.352291 2.575583 1.208662 2.466384
    37 0.000000 -1.754536 -0.000002 0.973471 0.000000 0.000000
    38 -0.000006 1.754520 -0.000034 0.321814 0.000000 0.000000
    39 0.000000 -1.227020 -0.000002 -0.157035 0.000000 0.000000
    40 0.000002 1.227070 0.000032 0.460562 0.000000 0.000000
    41 -0.367996 -4.208406 0.173244 2.958205 0.974617 2.368041
    42 0.368011 4.208412 -0.173239 2.581893 1.052111 2.159298
    43 0.000000 -2.372318 -0.000004 1.034954 0.000000 0.000000
    44 -0.000006 2.372318 -0.000032 1.885942 0.000000 0.000000
    45 0.000004 -1.580070 -0.000001 -0.228841 0.000000 0.000000
    46 -0.000002 1.580170 0.000030 0.602823 0.000000 0.000000
    47 -0.937645 -3.860697 -0.959317 3.240971 0.859978 2.329512
    48 0.937672 3.860714 0.959333 2.709723 0.800473 2.318765
    49 0.000000 -1.690632 0.000000 0.966721 0.000000 0.000000
    50 -0.000013 1.690666 0.000021 1.759130 0.000000 0.000000
    51 -0.000002 -1.423443 0.000002 1.007088 0.000000 0.000000
    52 0.000008 1.423420 0.000028 0.817068 0.000000 0.000000
    53 -1.546646 -3.404194 -1.915569 3.358767 0.815591 2.428416
    54 1.546661 3.404217 1.915585 -3.027006 0.615473 2.392693
    55 0.000004 -1.437820 0.000000 1.233910 0.000000 0.000000
    56 -0.000021 1.437870 0.000031 1.336724 0.000000 0.000000
    57 -0.000002 -1.059402 0.000000 0.731571 0.000000 0.000000
    58 0.000006 1.059372 0.000008 0.795881 0.000000 0.000000
    59 -0.000004 -13.013485 -0.000004 0.010936 -0.284121 -0.076428
    60 0.161133 -10.804688 0.023087 0.010936 -0.284121 -0.076428
  time 39
    0 -0.024506 -3.468750 -0.000151 -1.559900 -0.000006 -0.000006
    1 -8.653000 -0.001747 3.740445 -1.009434 -0.090641 0.505747
    2 0.000000 14.313023 0.000003 -0.513345 0.000000 0.000000
    3 -0.000011 13.013483 -0.000005 -0.344933 0.282342 -0.060197
    4 8.652996 -0.001732 3.740448 4.893441 0.252808 -3.555969
    5 0.000000 -14.313034 0.000000 0.000000 0.000000 0.000000
    6 -0.000004 -13.013485 -0.000004 -0.353649 -0.133550 2.907211
    7 -1.330879 -2.698427 0.462449 -0.194886 -0.547260 3.056712
    8 1.330910 2.698444 -0.462436 0.194890 0.547268 -0.084879
    9 1.187500 5.542969 -1.857422 -1.369523 0.272265 -0.038129
    10 1.106445 12.492188 -3.097656 -2.092381 -0.272298 3.103442
    11 -1.486328 1.665039 -11.968750 0.514784 0.295216 -0.297477
    12 0.707031 8.593750 -3.654297 -1.589811 0.272264 -0.038126
    13 19.953125 -11.593750 5.781250 -1.285310 0.960381 0.216270
    14 6.566406 8.648438 3.230469 -1.090396 0.577049 -0.321829
    15 7.558525 6.997282 -2.354134 -1.937336 -0.275393 3.010581
    16 7.558525 6.997282 -2.354134 1.937336 0.275393 -0.131011
    17 -2.867767 -2.740969 0.531125 2.051196 0.577049 -0.321829
    18 1.106445 12.492188 -3.097656 -1.772050 -0.272302 3.103433
    19 14.309671 -42.545455 -18.285797 -0.311023 0.156675 0.837956
    20 1.339844 7.753906 -1.613281 -0.496545 0.272264 -0.038127
    21 4.777344 6.027344 1.897461 -1.090396 0.577049 -0.321829
    22 5.488281 7.070313 2.425781 -1.090396 0.577049 -0.321829
    23 7.537933 7.453606 1.870349 -1.090396 0.577049 -0.321829
    24 8.154472 8.357077 2.329839 -1.090396 0.577049 -0.321829
    25 8.874294 9.411907 2.866308 -1.090396 0.577049 -0.321829
    26 -4.125858 -2.321501 1.394414 2.051196 0.577049 -0.321829
    27 -4.826813 -3.348669 0.872014 2.051196 0.577049 -0.321829
    28 -5.441669 -4.249685 0.413772 2.051196 0.577049 -0.321829
    29 -0.552532 -1.343527 1.604446 -0.074946 -0.147383 -0.524611
    30 0.552589 1.343534 -1.604463 -0.465990 -0.876593 -0.438946
    31 0.000000 -2.021618 -0.000004 -0.174645 0.000000 0.000000
    32 -0.000021 2.021633 0.000027 0.824136 0.000000 0.000000
    33 -0.000004 -1.136217 -0.000004 -0.571564 0.000000 0.000000
    34 -0.000011 1.136200 -0.000019 -0.096334 0.000000 0.000000
    35 -0.032677 -4.587727 1.352317 3.688269 0.922656 3.315924
    36 0.032719 4.587772 -1.352291 2.575583 1.208662 2.466384
    37 0.000000 -1.754536 -0.000002 1.060327 0.000000 0.000000
    38 -0.000006 1.754520 -0.000034 0.321814 0.000000 0.000000
    39 0.000000 -1.227020 -0.000002 -0.226859 0.000000 0.000000
    40 0.000002 1.227070 0.000032 0.460562 0.000000 0.000000
    41 -0.367996 -4.208406 0.173244 2.971588 0.939969 2.331741
    42 0.368011 4.208412 -0.173239 2.581893 1.052111 2.159298
    43 0.000000 -2.372318 -0.000004 1.122474 0.000000 0.000000
    44 -0.000006 2.372318 -0.000032 1.885942 0.000000 0.000000
    45 0.000004 -1.580070 -0.000001 -0.302429 0.000000 0.000000
    46 -0.000002 1.580170 0.000030 0.602823 0.000000 0.000000
    47 -0.937645 -3.860697 -0.959317 3.309068 0.815555 2.275319
    48 0.937672 3.860714 0.959333 2.709723 0.800473 2.318765
    49 0.000000 -1.690632 0.000000 1.099609 0.000000 0.000000
    50 -0.000013 1.690666 0.000021 1.759130 0.000000 0.000000
    51 -0.000002 -1.423443 0.000002 1.223240 0.000000 0.000000
    52 0.000008 1.423420 0.000028 0.817068 0.000000 0.000000
    53 -1.546646 -3.404194 -1.915569 3.455492 0.779027 2.408926
    54 1.546661 3.404217 1.915585 -3.027006 0.615473 2.392693
    55 0.000004 -1.437820 0.000000 1.460082 0.000000 0.000000
    56 -0.000021 1.437870 0.000031 1.336724 0.000000 0.000000
    57 -0.000002 -1.059402 0.000000 0.846139 0.000000 0.000000
    58 0.000006 1.059372 0.000008 0.795881 0.000000 0.000000
    59 -0.000004 -13.013485 -0.000004 0.010936 -0.284121 -0.076428
    60 0.161133 -10.804688 0.023087 0.010936 -0.284121 -0.076428
  time 40
    0 -0.024506 -3.468750 -0.000151 -1.559900 -0.000006 -0.000006
    1 -8.653000 -0.001747 3.740445 -1.009065 -0.089496 0.502386
    2 0.000000 14.313023 0.000003 -0.513406 0.000000 0.000000
    3 -0.000011 13.013483 -0.000005 -0.345124 0.279371 -0.060485
    4 8.652996 -0.001732 3.740448 4.817118 0.292146 2.445228
    5 0.000000 -14.313034 0.000000 0.000000 0.000000 0.000000
    6 -0.000004 -13.013485 -0.000004 0.920515 0.163608 2.520867
    7 -1.330879 -2.698427 0.462449 -0.194886 -0.547260 3.056712
    8 1.330910 2.698444 -0.462436 0.194890 0.547268 -0.084879
    9 1.187500 5.542969 -1.857422 -1.369523 0.272265 -0.038129
    10 1.106445 12.492188 -3.097656 -2.092381 -0.272298 3.103442
    11 -1.486328 1.665039 -11.968750 0.514784 0.295216 -0.297477
    12 0.707031 8.593750 -3.654297 -1.589811 0.272264 -0.038126
    13 19.953125 -11.593750 5.781250 -1.285310 0.960381 0.216270
    14 6.566406 8.648438 3.230469 -1.090396 0.577049 -0.321829
    15 7.558525 6.997282 -2.354134 -1.937336 -0.275393 3.010581
    16 7.558525 6.997282 -2.354134 1.937336 0.275393 -0.131011
    17 -2.867767 -2.740969 0.531125 2.051196 0.577049 -0.321829
    18 1.106445 12.492188 -3.097656 -1.772050 -0.272302 3.103433
    19 20.266884 -41.732931 -10.109766 1.142738 0.297328 -0.261045
    20 1.339844 7.753906 -1.613281 -0.496545 0.272264 -0.038127
    21 4.777344 6.027344 1.897461 -1.090396 0.577049 -0.321829
    22 5.488281 7.070313 2.425781 -1.090396 0.577049 -0.321829
    23 7.537933 7.453606 1.870349 -1.090396 0.577049 -0.321829
    24 8.154472 8.357077 2.329839 -1.090396 0.577049 -0.321829
    25 8.874294 9.411907 2.866308 -1.090396 0.577049 -0.321829
    26 -4.125858 -2.321501 1.394414 2.051196 0.577049 -0.321829
    27 -4.826813 -3.348669 0.872014 2.051196 0.577049 -0.321829
    28 -5.441669 -4.249685 0.413772 2.051196 0.577049 -0.321829
    29 -0.552532 -1.343527 1.604446 -0.415180 0.312114 -0.422073
    30 0.552589 1.343534 -1.604463 -0.465990 -0.876593 -0.438946
    31 0.000000 -2.021618 -0.000004 0.186809 0.000000 0.000000
    32 -0.000021 2.021633 0.000027 0.824136 0.000000 0.000000
    33 -0.000004 -1.136217 -0.000004 -0.210111 0.000000 0.000000
    34 -0.000011 1.136200 -0.000019 -0.096334 0.000000 0.000000
    35 -0.032677 -4.587727 1.352317 2.844703 1.216154 2.484990
    36 0.032719 4.587772 -1.352291 2.575583 1.208662 2.466384
    37 0.000000 -1.754536 -0.000002 0.662896 0.000000 0.000000
    38 -0.000006 1.754520 -0.000034 0.321814 0.000000 0.000000
    39 0.000000 -1.227020 -0.000002 0.092660 0.000000 0.000000
    40 0.000002 1.227070 0.000032 0.460562 0.000000 0.000000
    41 -0.367996 -4.208406 0.173244 2.943027 1.091688 2.536231
    42 0.368011 4.208412 -0.173239 2.581893 1.052111 2.159298
    43 0.000000 -2.372318 -0.000004 0.722081 0.000000 0.000000
    44 -0.000006 2.372318 -0.000032 1.885942 0.000000 0.000000
    45 0.000004 -1.580070 -0.000001 0.034255 0.000000 0.000000
    46 -0.000002 1.580170 0.000030 0.602823 0.000000 0.000000
    47 -0.937645 -3.860697 -0.959317 3.044205 1.001841 2.581100
    48 0.937672 3.860714 0.959333 2.709723 0.800473 2.318765
    49 0.000000 -1.690632 0.000000 0.491549 0.000000 0.000000
    50 -0.000013 1.690666 0.000021 1.759130 0.000000 0.000000
    51 -0.000002 -1.423443 0.000002 0.234212 0.000000 0.000000
    52 0.000008 1.423420 0.000028 0.817068 0.000000 0.000000
    53 -1.546646 -3.404194 -1.915569 3.024293 0.944156 2.514436
    54 1.546661 3.404217 1.915585 -3.027006 0.615473 2.392693
    55 0.000004 -1.437820 0.000000 0.424958 0.000000 0.000000
    56 -0.000021 1.437870 0.000031 1.336724 0.000000 0.000000
    57 -0.000002 -1.059402 0.000000 0.322075 0.000000 0.000000
    58 0.000006 1.059372 0.000008 0.795881 0.000000 0.000000
    59 -0.000004 -13.013485 -0.000004 0.010936 -0.284121 -0.076428
    60 0.161133 -10.804688 0.023087 0.010936 -0.284121 -0.076428
end
