// Created by Crowbar 0.74
version 1
nodes
  0 "root" -1
  1 "bip_upperArm_R" 0
  2 "bip_lowerArm_R" 1
  3 "bip_hand_R" 2
  4 "bip_upperArm_L" 0
  5 "bip_lowerArm_L" 4
  6 "bip_hand_L" 5
  7 "effect_hand_L" 6
  8 "effect_hand_R" 3
  9 "weapon_bone" 3
  10 "weapon_bone_1" 3
  11 "weapon_bone_2" 3
  12 "weapon_bone_3" 3
  13 "weapon_bone_4" 3
  14 "weapon_bone_5" 3
  15 "weapon_bone_6" 3
  16 "weapon_bone_7" 3
  17 "weapon_bone_L" 6
  18 "vm_weapon_bone" 3
  19 "vm_weapon_bone_1" 3
  20 "vm_weapon_bone_2" 3
  21 "vm_weapon_bone_3" 3
  22 "vm_weapon_bone_4" 3
  23 "vm_weapon_bone_5" 3
  24 "vm_weapon_bone_6" 3
  25 "vm_weapon_bone_7" 3
  26 "vm_weapon_bone_L" 6
  27 "vm_weapon_bone_L_1" 6
  28 "vm_weapon_bone_L_2" 6
  29 "bip_thumb_0_L" 6
  30 "bip_thumb_0_R" 3
  31 "bip_thumb_1_L" 29
  32 "bip_thumb_1_R" 30
  33 "bip_thumb_2_L" 31
  34 "bip_thumb_2_R" 32
  35 "bip_index_0_L" 6
  36 "bip_index_0_R" 3
  37 "bip_index_1_L" 35
  38 "bip_index_1_R" 36
  39 "bip_index_2_L" 37
  40 "bip_index_2_R" 38
  41 "bip_middle_0_L" 6
  42 "bip_middle_0_R" 3
  43 "bip_middle_1_L" 41
  44 "bip_middle_1_R" 42
  45 "bip_middle_2_L" 43
  46 "bip_middle_2_R" 44
  47 "bip_ring_0_L" 6
  48 "bip_ring_0_R" 3
  49 "bip_ring_1_L" 47
  50 "bip_ring_1_R" 48
  51 "bip_ring_2_L" 49
  52 "bip_ring_2_R" 50
  53 "bip_pinky_0_L" 6
  54 "bip_pinky_0_R" 3
  55 "bip_pinky_1_L" 53
  56 "bip_pinky_1_R" 54
  57 "bip_pinky_2_L" 55
  58 "bip_pinky_2_R" 56
  59 "Sleeve_Control" 5
  60 "Wrist_Control" 5
end
skeleton
  time 0
    0 0.000000 0.826660 0.000001 -1.559900 -0.000006 -0.000006
    1 -11.371833 13.408819 -4.544964 -1.433677 -0.323744 0.398049
    2 0.000000 14.313023 0.000003 -1.659850 0.000000 0.000000
    3 -0.000011 13.013483 -0.000005 1.471267 0.601144 1.370259
    4 20.812500 21.968750 -10.562500 -3.067358 -0.069739 0.021535
    5 0.000000 -14.313034 0.000000 -1.548730 0.000000 0.000000
    6 -0.000004 -13.013485 -0.000004 2.602084 -0.990278 -3.124313
    7 -1.330879 -2.698427 0.462449 -0.194886 -0.547260 3.056712
    8 1.330910 2.698444 -0.462436 0.194890 0.547268 -0.084879
    9 0.147628 -0.107680 0.070332 -0.144128 -0.081178 -0.943546
    10 -4.925781 -10.460938 3.189453 -2.923375 0.046966 2.500377
    11 -0.208606 -2.270815 -0.035101 -3.111383 -0.062978 2.177052
    12 4.777527 6.028128 1.897721 -1.090396 0.577049 -0.321829
    13 5.490345 7.072691 2.428969 -1.090396 0.577049 -0.321829
    14 6.562500 8.648438 3.232422 -1.090396 0.577049 -0.321829
    15 7.558525 6.997282 -2.354134 -1.937336 -0.275393 3.010581
    16 7.558525 6.997282 -2.354134 1.937336 0.275393 -0.131011
    17 -2.867767 -2.740969 0.531125 2.051196 0.577049 -0.321829
    18 4.324081 2.744001 -0.524877 -1.090396 0.577049 -0.321829
    19 5.012512 3.752832 -0.011802 -1.090396 0.577049 -0.321829
    20 5.595486 4.607124 0.422674 -1.090396 0.577049 -0.321829
    21 6.233833 5.542564 0.898426 -1.090396 0.577049 -0.321829
    22 6.946648 6.587124 1.429667 -1.090396 0.577049 -0.321829
    23 7.537933 7.453606 1.870349 -1.090396 0.577049 -0.321829
    24 8.154472 8.357077 2.329839 -1.090396 0.577049 -0.321829
    25 8.874294 9.411907 2.866308 -1.090396 0.577049 -0.321829
    26 -4.125858 -2.321501 1.394414 2.051196 0.577049 -0.321829
    27 -4.826813 -3.348669 0.872014 2.051196 0.577049 -0.321829
    28 -5.441669 -4.249685 0.413772 2.051196 0.577049 -0.321829
    29 -0.552532 -1.343527 1.604446 -0.687882 0.662133 -0.833274
    30 0.552589 1.343534 -1.604463 -0.253607 0.325476 -0.369600
    31 0.000000 -2.021618 -0.000004 0.494293 0.000000 0.000000
    32 -0.000021 2.021633 0.000027 0.023711 0.000000 0.000000
    33 -0.000004 -1.136217 -0.000004 -0.290329 0.000000 0.000000
    34 -0.000011 1.136200 -0.000019 -0.000743 0.000000 0.000000
    35 -0.032677 -4.587727 1.352317 2.568516 1.378586 2.710191
    36 0.032719 4.587772 -1.352291 2.993328 1.157031 2.159654
    37 0.000000 -1.754536 -0.000002 0.829780 0.000000 0.000000
    38 -0.000006 1.754520 -0.000034 1.005183 0.000000 0.000000
    39 0.000000 -1.227020 -0.000002 0.528805 0.000000 0.000000
    40 0.000002 1.227070 0.000032 1.778446 0.000000 0.000000
    41 -0.367996 -4.208406 0.173244 2.768378 1.110804 2.370875
    42 0.368011 4.208412 -0.173239 3.741653 1.113777 2.453336
    43 0.000000 -2.372318 -0.000004 0.927479 0.000000 0.000000
    44 -0.000006 2.372318 -0.000032 1.730246 0.000000 0.000000
    45 0.000004 -1.580070 -0.000001 0.318371 0.000000 0.000000
    46 -0.000002 1.580170 0.000030 1.254337 0.000000 0.000000
    47 -0.937645 -3.860697 -0.959317 -2.970605 0.823842 2.632123
    48 0.937672 3.860714 0.959333 3.905591 0.921338 2.508790
    49 0.000000 -1.690632 0.000000 0.719375 0.000000 0.000000
    50 -0.000013 1.690666 0.000021 1.590287 0.000000 0.000000
    51 -0.000002 -1.423443 0.000002 0.462042 0.000000 0.000000
    52 0.000008 1.423420 0.000028 0.957315 0.000000 0.000000
    53 -1.546646 -3.404194 -1.915569 -2.736003 0.624815 2.650644
    54 1.546661 3.404217 1.915585 4.148436 0.709183 2.327357
    55 0.000004 -1.437820 0.000000 0.652785 0.000000 0.000000
    56 -0.000021 1.437870 0.000031 1.148584 0.000000 0.000000
    57 -0.000002 -1.059402 0.000000 0.549901 0.000000 0.000000
    58 0.000006 1.059372 0.000008 0.986809 0.000000 0.000000
    59 -0.000004 -13.013485 -0.000004 0.010936 -0.284121 -0.076428
    60 0.161133 -10.812500 0.023087 0.010936 -0.284121 -0.076428
  time 1
    0 0.000000 0.826660 0.000001 -1.559900 -0.000006 -0.000006
    1 -11.336676 13.276002 -4.669967 -1.404927 -0.345824 0.380100
    2 0.000000 14.313023 0.000003 -1.688750 0.000000 0.000000
    3 -0.000011 13.013483 -0.000005 1.430754 0.602276 1.332875
    4 20.812500 21.968750 -10.562500 -3.067358 -0.069739 0.021535
    5 0.000000 -14.313034 0.000000 -1.548730 0.000000 0.000000
    6 -0.000004 -13.013485 -0.000004 2.602084 -0.990278 -3.124313
    7 -1.330879 -2.698427 0.462449 -0.194886 -0.547260 3.056712
    8 1.330910 2.698444 -0.462436 0.194890 0.547268 -0.084879
    9 0.147628 -0.107680 0.070332 -0.157538 -0.069944 -0.932949
    10 -4.925781 -10.460938 3.189453 -2.923375 0.046966 2.500377
    11 -0.185168 -2.270815 -0.035101 -3.097785 -0.073959 2.185774
    12 4.777527 6.028128 1.897721 -1.090396 0.577049 -0.321829
    13 5.490345 7.072691 2.428969 -1.090396 0.577049 -0.321829
    14 6.562500 8.648438 3.232422 -1.090396 0.577049 -0.321829
    15 7.558525 6.997282 -2.354134 -1.937336 -0.275393 3.010581
    16 7.558525 6.997282 -2.354134 1.937336 0.275393 -0.131011
    17 -2.867767 -2.740969 0.531125 2.051196 0.577049 -0.321829
    18 4.324081 2.744001 -0.524877 -1.090396 0.577049 -0.321829
    19 5.012512 3.752832 -0.011802 -1.090396 0.577049 -0.321829
    20 5.595486 4.607124 0.422674 -1.090396 0.577049 -0.321829
    21 6.233833 5.542564 0.898426 -1.090396 0.577049 -0.321829
    22 6.946648 6.587124 1.429667 -1.090396 0.577049 -0.321829
    23 7.537933 7.453606 1.870349 -1.090396 0.577049 -0.321829
    24 8.154472 8.357077 2.329839 -1.090396 0.577049 -0.321829
    25 8.874294 9.411907 2.866308 -1.090396 0.577049 -0.321829
    26 -4.125858 -2.321501 1.394414 2.051196 0.577049 -0.321829
    27 -4.826813 -3.348669 0.872014 2.051196 0.577049 -0.321829
    28 -5.441669 -4.249685 0.413772 2.051196 0.577049 -0.321829
    29 -0.552532 -1.343527 1.604446 -0.687882 0.662133 -0.833274
    30 0.552589 1.343534 -1.604463 -0.253607 0.325476 -0.369600
    31 0.000000 -2.021618 -0.000004 0.494293 0.000000 0.000000
    32 -0.000021 2.021633 0.000027 0.023711 0.000000 0.000000
    33 -0.000004 -1.136217 -0.000004 -0.290329 0.000000 0.000000
    34 -0.000011 1.136200 -0.000019 -0.000743 0.000000 0.000000
    35 -0.032677 -4.587727 1.352317 2.568516 1.378586 2.710191
    36 0.032719 4.587772 -1.352291 2.993328 1.157031 2.159654
    37 0.000000 -1.754536 -0.000002 0.829780 0.000000 0.000000
    38 -0.000006 1.754520 -0.000034 1.005183 0.000000 0.000000
    39 0.000000 -1.227020 -0.000002 0.528805 0.000000 0.000000
    40 0.000002 1.227070 0.000032 1.778446 0.000000 0.000000
    41 -0.367996 -4.208406 0.173244 2.768378 1.110804 2.370875
    42 0.368011 4.208412 -0.173239 3.741653 1.113777 2.453336
    43 0.000000 -2.372318 -0.000004 0.927479 0.000000 0.000000
    44 -0.000006 2.372318 -0.000032 1.730246 0.000000 0.000000
    45 0.000004 -1.580070 -0.000001 0.318371 0.000000 0.000000
    46 -0.000002 1.580170 0.000030 1.254337 0.000000 0.000000
    47 -0.937645 -3.860697 -0.959317 -2.970605 0.823842 2.632123
    48 0.937672 3.860714 0.959333 3.905591 0.921338 2.508790
    49 0.000000 -1.690632 0.000000 0.719375 0.000000 0.000000
    50 -0.000013 1.690666 0.000021 1.590287 0.000000 0.000000
    51 -0.000002 -1.423443 0.000002 0.462042 0.000000 0.000000
    52 0.000008 1.423420 0.000028 0.957315 0.000000 0.000000
    53 -1.546646 -3.404194 -1.915569 -2.736003 0.624815 2.650644
    54 1.546661 3.404217 1.915585 4.148436 0.709183 2.327357
    55 0.000004 -1.437820 0.000000 0.652785 0.000000 0.000000
    56 -0.000021 1.437870 0.000031 1.148584 0.000000 0.000000
    57 -0.000002 -1.059402 0.000000 0.549901 0.000000 0.000000
    58 0.000006 1.059372 0.000008 0.986809 0.000000 0.000000
    59 -0.000004 -13.013485 -0.000004 0.010936 -0.284121 -0.076428
    60 0.161133 -10.812500 0.023087 0.010936 -0.284121 -0.076428
  time 2
    0 0.000000 0.826660 0.000001 -1.559900 -0.000006 -0.000006
    1 -11.242923 12.936148 -4.990290 -1.325220 -0.401620 0.332209
    2 0.000000 14.313023 0.000003 -1.761762 0.000000 0.000000
    3 -0.000011 13.013483 -0.000005 1.328421 0.602795 1.234240
    4 20.812500 21.968750 -10.562500 -3.067358 -0.069739 0.021535
    5 0.000000 -14.313034 0.000000 -1.548730 0.000000 0.000000
    6 -0.000004 -13.013485 -0.000004 2.602084 -0.990278 -3.124313
    7 -1.330879 -2.698427 0.462449 -0.194886 -0.547260 3.056712
    8 1.330910 2.698444 -0.462436 0.194890 0.547268 -0.084879
    9 0.147628 -0.107680 0.070332 -0.193362 -0.045028 -0.900780
    10 -4.925781 -10.460938 3.189453 -2.923375 0.046966 2.500377
    11 -0.118759 -2.274721 -0.019475 -3.061239 -0.097911 2.212705
    12 4.777527 6.028128 1.897721 -1.090396 0.577049 -0.321829
    13 5.490345 7.072691 2.428969 -1.090396 0.577049 -0.321829
    14 6.562500 8.648438 3.232422 -1.090396 0.577049 -0.321829
    15 7.558525 6.997282 -2.354134 -1.937336 -0.275393 3.010581
    16 7.558525 6.997282 -2.354134 1.937336 0.275393 -0.131011
    17 -2.867767 -2.740969 0.531125 2.051196 0.577049 -0.321829
    18 4.324081 2.744001 -0.524877 -1.090396 0.577049 -0.321829
    19 5.012512 3.752832 -0.011802 -1.090396 0.577049 -0.321829
    20 5.595486 4.607124 0.422674 -1.090396 0.577049 -0.321829
    21 6.233833 5.542564 0.898426 -1.090396 0.577049 -0.321829
    22 6.946648 6.587124 1.429667 -1.090396 0.577049 -0.321829
    23 7.537933 7.453606 1.870349 -1.090396 0.577049 -0.321829
    24 8.154472 8.357077 2.329839 -1.090396 0.577049 -0.321829
    25 8.874294 9.411907 2.866308 -1.090396 0.577049 -0.321829
    26 -4.125858 -2.321501 1.394414 2.051196 0.577049 -0.321829
    27 -4.826813 -3.348669 0.872014 2.051196 0.577049 -0.321829
    28 -5.441669 -4.249685 0.413772 2.051196 0.577049 -0.321829
    29 -0.552532 -1.343527 1.604446 -0.687882 0.662133 -0.833274
    30 0.552589 1.343534 -1.604463 -0.253607 0.325476 -0.369600
    31 0.000000 -2.021618 -0.000004 0.494293 0.000000 0.000000
    32 -0.000021 2.021633 0.000027 0.023711 0.000000 0.000000
    33 -0.000004 -1.136217 -0.000004 -0.290329 0.000000 0.000000
    34 -0.000011 1.136200 -0.000019 -0.000743 0.000000 0.000000
    35 -0.032677 -4.587727 1.352317 2.568516 1.378586 2.710191
    36 0.032719 4.587772 -1.352291 2.993328 1.157031 2.159654
    37 0.000000 -1.754536 -0.000002 0.829780 0.000000 0.000000
    38 -0.000006 1.754520 -0.000034 1.005183 0.000000 0.000000
    39 0.000000 -1.227020 -0.000002 0.528805 0.000000 0.000000
    40 0.000002 1.227070 0.000032 1.778446 0.000000 0.000000
    41 -0.367996 -4.208406 0.173244 2.768378 1.110804 2.370875
    42 0.368011 4.208412 -0.173239 3.741653 1.113777 2.453336
    43 0.000000 -2.372318 -0.000004 0.927479 0.000000 0.000000
    44 -0.000006 2.372318 -0.000032 1.730246 0.000000 0.000000
    45 0.000004 -1.580070 -0.000001 0.318371 0.000000 0.000000
    46 -0.000002 1.580170 0.000030 1.254337 0.000000 0.000000
    47 -0.937645 -3.860697 -0.959317 -2.970605 0.823842 2.632123
    48 0.937672 3.860714 0.959333 3.905591 0.921338 2.508790
    49 0.000000 -1.690632 0.000000 0.719375 0.000000 0.000000
    50 -0.000013 1.690666 0.000021 1.590287 0.000000 0.000000
    51 -0.000002 -1.423443 0.000002 0.462042 0.000000 0.000000
    52 0.000008 1.423420 0.000028 0.957315 0.000000 0.000000
    53 -1.546646 -3.404194 -1.915569 -2.736003 0.624815 2.650644
    54 1.546661 3.404217 1.915585 4.148436 0.709183 2.327357
    55 0.000004 -1.437820 0.000000 0.652785 0.000000 0.000000
    56 -0.000021 1.437870 0.000031 1.148584 0.000000 0.000000
    57 -0.000002 -1.059402 0.000000 0.549901 0.000000 0.000000
    58 0.000006 1.059372 0.000008 0.986809 0.000000 0.000000
    59 -0.000004 -13.013485 -0.000004 0.010936 -0.284121 -0.076428
    60 0.161133 -10.812500 0.023087 0.010936 -0.284121 -0.076428
  time 3
    0 0.000000 0.826660 0.000001 -1.559900 -0.000006 -0.000006
    1 -11.121825 12.506447 -5.400458 -1.204232 -0.471627 0.264230
    2 0.000000 14.313023 0.000003 -1.856281 0.000000 0.000000
    3 -0.000011 13.013483 -0.000005 1.194174 0.601097 1.098412
    4 20.812500 21.968750 -10.562500 -3.067358 -0.069739 0.021535
    5 0.000000 -14.313034 0.000000 -1.548730 0.000000 0.000000
    6 -0.000004 -13.013485 -0.000004 2.602084 -0.990278 -3.124313
    7 -1.330879 -2.698427 0.462449 -0.194886 -0.547260 3.056712
    8 1.330910 2.698444 -0.462436 0.194890 0.547268 -0.084879
    9 0.147628 -0.058603 0.070332 -0.239530 -0.016849 -0.844200
    10 -4.925781 -10.460938 3.189453 -2.923375 0.046966 2.500377
    11 0.006244 -2.278627 0.007869 -3.013833 -0.124560 2.262543
    12 4.777527 6.028128 1.897721 -1.090396 0.577049 -0.321829
    13 5.490345 7.072691 2.428969 -1.090396 0.577049 -0.321829
    14 6.562500 8.648438 3.232422 -1.090396 0.577049 -0.321829
    15 7.558525 6.997282 -2.354134 -1.937336 -0.275393 3.010581
    16 7.558525 6.997282 -2.354134 1.937336 0.275393 -0.131011
    17 -2.867767 -2.740969 0.531125 2.051196 0.577049 -0.321829
    18 4.324081 2.744001 -0.524877 -1.090396 0.577049 -0.321829
    19 5.012512 3.752832 -0.011802 -1.090396 0.577049 -0.321829
    20 5.595486 4.607124 0.422674 -1.090396 0.577049 -0.321829
    21 6.233833 5.542564 0.898426 -1.090396 0.577049 -0.321829
    22 6.946648 6.587124 1.429667 -1.090396 0.577049 -0.321829
    23 7.537933 7.453606 1.870349 -1.090396 0.577049 -0.321829
    24 8.154472 8.357077 2.329839 -1.090396 0.577049 -0.321829
    25 8.874294 9.411907 2.866308 -1.090396 0.577049 -0.321829
    26 -4.125858 -2.321501 1.394414 2.051196 0.577049 -0.321829
    27 -4.826813 -3.348669 0.872014 2.051196 0.577049 -0.321829
    28 -5.441669 -4.249685 0.413772 2.051196 0.577049 -0.321829
    29 -0.552532 -1.343527 1.604446 -0.687882 0.662133 -0.833274
    30 0.552589 1.343534 -1.604463 -0.253607 0.325476 -0.369600
    31 0.000000 -2.021618 -0.000004 0.494293 0.000000 0.000000
    32 -0.000021 2.021633 0.000027 0.023711 0.000000 0.000000
    33 -0.000004 -1.136217 -0.000004 -0.290329 0.000000 0.000000
    34 -0.000011 1.136200 -0.000019 -0.000743 0.000000 0.000000
    35 -0.032677 -4.587727 1.352317 2.568516 1.378586 2.710191
    36 0.032719 4.587772 -1.352291 2.993328 1.157031 2.159654
    37 0.000000 -1.754536 -0.000002 0.829780 0.000000 0.000000
    38 -0.000006 1.754520 -0.000034 1.005183 0.000000 0.000000
    39 0.000000 -1.227020 -0.000002 0.528805 0.000000 0.000000
    40 0.000002 1.227070 0.000032 1.778446 0.000000 0.000000
    41 -0.367996 -4.208406 0.173244 2.768378 1.110804 2.370875
    42 0.368011 4.208412 -0.173239 3.741653 1.113777 2.453336
    43 0.000000 -2.372318 -0.000004 0.927479 0.000000 0.000000
    44 -0.000006 2.372318 -0.000032 1.730290 0.000000 0.000000
    45 0.000004 -1.580070 -0.000001 0.318371 0.000000 0.000000
    46 -0.000002 1.580170 0.000030 1.254337 0.000000 0.000000
    47 -0.937645 -3.860697 -0.959317 -2.970605 0.823842 2.632123
    48 0.937672 3.860714 0.959333 3.905591 0.921338 2.508790
    49 0.000000 -1.690632 0.000000 0.719375 0.000000 0.000000
    50 -0.000013 1.690666 0.000021 1.590287 0.000000 0.000000
    51 -0.000002 -1.423443 0.000002 0.462042 0.000000 0.000000
    52 0.000008 1.423420 0.000028 0.957315 0.000000 0.000000
    53 -1.546646 -3.404194 -1.915569 -2.736003 0.624815 2.650644
    54 1.546661 3.404217 1.915585 4.148436 0.709183 2.327357
    55 0.000004 -1.437820 0.000000 0.652785 0.000000 0.000000
    56 -0.000021 1.437870 0.000031 1.148637 0.000000 0.000000
    57 -0.000002 -1.059402 0.000000 0.549901 0.000000 0.000000
    58 0.000006 1.059372 0.000008 0.986809 0.000000 0.000000
    59 -0.000004 -13.013485 -0.000004 0.010936 -0.284121 -0.076428
    60 0.161133 -10.812500 0.023087 0.010936 -0.284121 -0.076428
  time 4
    0 0.000000 0.826660 0.000001 -1.559900 -0.000006 -0.000006
    1 -11.000728 12.068934 -5.814534 -1.050900 -0.538201 0.186244
    2 0.000000 14.313023 0.000003 -1.952938 0.000000 0.000000
    3 -0.000011 13.013483 -0.000005 1.049895 0.598267 0.948110
    4 20.812500 21.968750 -10.562500 -3.067358 -0.069739 0.021535
    5 0.000000 -14.313034 0.000000 -1.548730 0.000000 0.000000
    6 -0.000004 -13.013485 -0.000004 2.602084 -0.990278 -3.124313
    7 -1.330879 -2.698427 0.462449 -0.194886 -0.547260 3.056712
    8 1.330910 2.698444 -0.462436 0.194890 0.547268 -0.084879
    9 0.178539 -0.058603 0.070332 -0.280718 0.008506 -0.763588
    10 -4.925781 -10.460938 3.189453 -2.923375 0.046966 2.500377
    11 0.189844 -2.270815 0.031308 -2.971337 -0.148319 2.337204
    12 4.777527 6.028128 1.897721 -1.090396 0.577049 -0.321829
    13 5.490345 7.072691 2.428969 -1.090396 0.577049 -0.321829
    14 6.562500 8.648438 3.232422 -1.090396 0.577049 -0.321829
    15 7.558525 6.997282 -2.354134 -1.937336 -0.275393 3.010581
    16 7.558525 6.997282 -2.354134 1.937336 0.275393 -0.131011
    17 -2.867767 -2.740969 0.531125 2.051196 0.577049 -0.321829
    18 4.324081 2.744001 -0.524877 -1.090396 0.577049 -0.321829
    19 5.012512 3.752832 -0.011802 -1.090396 0.577049 -0.321829
    20 5.595486 4.607124 0.422674 -1.090396 0.577049 -0.321829
    21 6.233833 5.542564 0.898426 -1.090396 0.577049 -0.321829
    22 6.946648 6.587124 1.429667 -1.090396 0.577049 -0.321829
    23 7.537933 7.453606 1.870349 -1.090396 0.577049 -0.321829
    24 8.154472 8.357077 2.329839 -1.090396 0.577049 -0.321829
    25 8.874294 9.411907 2.866308 -1.090396 0.577049 -0.321829
    26 -4.125858 -2.321501 1.394414 2.051196 0.577049 -0.321829
    27 -4.826813 -3.348669 0.872014 2.051196 0.577049 -0.321829
    28 -5.441669 -4.249685 0.413772 2.051196 0.577049 -0.321829
    29 -0.552532 -1.343527 1.604446 -0.687882 0.662133 -0.833274
    30 0.552589 1.343534 -1.604463 -0.253607 0.325476 -0.369600
    31 0.000000 -2.021618 -0.000004 0.494293 0.000000 0.000000
    32 -0.000021 2.021633 0.000027 0.023711 0.000000 0.000000
    33 -0.000004 -1.136217 -0.000004 -0.290329 0.000000 0.000000
    34 -0.000011 1.136200 -0.000019 -0.000743 0.000000 0.000000
    35 -0.032677 -4.587727 1.352317 2.568516 1.378586 2.710191
    36 0.032719 4.587772 -1.352291 2.993328 1.157031 2.159654
    37 0.000000 -1.754536 -0.000002 0.829780 0.000000 0.000000
    38 -0.000006 1.754520 -0.000034 1.005183 0.000000 0.000000
    39 0.000000 -1.227020 -0.000002 0.528805 0.000000 0.000000
    40 0.000002 1.227070 0.000032 1.778446 0.000000 0.000000
    41 -0.367996 -4.208406 0.173244 2.768378 1.110804 2.370875
    42 0.368011 4.208412 -0.173239 3.741653 1.113777 2.453336
    43 0.000000 -2.372318 -0.000004 0.927479 0.000000 0.000000
    44 -0.000006 2.372318 -0.000032 1.730246 0.000000 0.000000
    45 0.000004 -1.580070 -0.000001 0.318371 0.000000 0.000000
    46 -0.000002 1.580170 0.000030 1.254337 0.000000 0.000000
    47 -0.937645 -3.860697 -0.959317 -2.970605 0.823842 2.632123
    48 0.937672 3.860714 0.959333 3.905591 0.921338 2.508790
    49 0.000000 -1.690632 0.000000 0.719375 0.000000 0.000000
    50 -0.000013 1.690666 0.000021 1.590287 0.000000 0.000000
    51 -0.000002 -1.423443 0.000002 0.462042 0.000000 0.000000
    52 0.000008 1.423420 0.000028 0.957315 0.000000 0.000000
    53 -1.546646 -3.404194 -1.915569 -2.736003 0.624815 2.650644
    54 1.546661 3.404217 1.915585 4.148436 0.709183 2.327357
    55 0.000004 -1.437820 0.000000 0.652785 0.000000 0.000000
    56 -0.000021 1.437870 0.000031 1.148637 0.000000 0.000000
    57 -0.000002 -1.059402 0.000000 0.549901 0.000000 0.000000
    58 0.000006 1.059372 0.000008 0.986809 0.000000 0.000000
    59 -0.000004 -13.013485 -0.000004 0.010936 -0.284121 -0.076428
    60 0.161133 -10.812500 0.023087 0.010936 -0.284121 -0.076428
  time 5
    0 0.000000 0.826660 0.000001 -1.559900 -0.000006 -0.000006
    1 -10.906975 11.732986 -6.134856 -0.880889 -0.587845 0.110551
    2 0.000000 14.313023 0.000003 -2.034443 0.000000 0.000000
    3 -0.000011 13.013483 -0.000005 0.910584 0.594824 0.804231
    4 20.812500 21.968750 -10.562500 -3.067358 -0.069739 0.021535
    5 0.000000 -14.313034 0.000000 -1.548730 0.000000 0.000000
    6 -0.000004 -13.013485 -0.000004 2.602084 -0.990278 -3.124313
    7 -1.330879 -2.698427 0.462449 -0.194886 -0.547260 3.056712
    8 1.330910 2.698444 -0.462436 0.194890 0.547268 -0.084879
    9 0.178539 -0.058603 0.070332 -0.303803 0.025954 -0.669729
    10 -4.925781 -10.460938 3.189453 -2.923375 0.046966 2.500377
    11 0.404694 -2.243470 0.035214 -2.947351 -0.164758 2.427678
    12 4.777527 6.028128 1.897721 -1.090396 0.577049 -0.321829
    13 5.490345 7.072691 2.428969 -1.090396 0.577049 -0.321829
    14 6.562500 8.648438 3.232422 -1.090396 0.577049 -0.321829
    15 7.558525 6.997282 -2.354134 -1.937336 -0.275393 3.010581
    16 7.558525 6.997282 -2.354134 1.937336 0.275393 -0.131011
    17 -2.867767 -2.740969 0.531125 2.051196 0.577049 -0.321829
    18 4.324081 2.744001 -0.524877 -1.090396 0.577049 -0.321829
    19 5.012512 3.752832 -0.011802 -1.090396 0.577049 -0.321829
    20 5.595486 4.607124 0.422674 -1.090396 0.577049 -0.321829
    21 6.233833 5.542564 0.898426 -1.090396 0.577049 -0.321829
    22 6.946648 6.587124 1.429667 -1.090396 0.577049 -0.321829
    23 7.537933 7.453606 1.870349 -1.090396 0.577049 -0.321829
    24 8.154472 8.357077 2.329839 -1.090396 0.577049 -0.321829
    25 8.874294 9.411907 2.866308 -1.090396 0.577049 -0.321829
    26 -4.125858 -2.321501 1.394414 2.051196 0.577049 -0.321829
    27 -4.826813 -3.348669 0.872014 2.051196 0.577049 -0.321829
    28 -5.441669 -4.249685 0.413772 2.051196 0.577049 -0.321829
    29 -0.552532 -1.343527 1.604446 -0.687882 0.662133 -0.833274
    30 0.552589 1.343534 -1.604463 -0.253607 0.325476 -0.369600
    31 0.000000 -2.021618 -0.000004 0.494293 0.000000 0.000000
    32 -0.000021 2.021633 0.000027 0.023711 0.000000 0.000000
    33 -0.000004 -1.136217 -0.000004 -0.290329 0.000000 0.000000
    34 -0.000011 1.136200 -0.000019 -0.000743 0.000000 0.000000
    35 -0.032677 -4.587727 1.352317 2.568516 1.378586 2.710191
    36 0.032719 4.587772 -1.352291 2.993328 1.157031 2.159654
    37 0.000000 -1.754536 -0.000002 0.829780 0.000000 0.000000
    38 -0.000006 1.754520 -0.000034 1.005183 0.000000 0.000000
    39 0.000000 -1.227020 -0.000002 0.528805 0.000000 0.000000
    40 0.000002 1.227070 0.000032 1.778446 0.000000 0.000000
    41 -0.367996 -4.208406 0.173244 2.768378 1.110804 2.370875
    42 0.368011 4.208412 -0.173239 3.741653 1.113777 2.453336
    43 0.000000 -2.372318 -0.000004 0.927479 0.000000 0.000000
    44 -0.000006 2.372318 -0.000032 1.730246 0.000000 0.000000
    45 0.000004 -1.580070 -0.000001 0.318371 0.000000 0.000000
    46 -0.000002 1.580170 0.000030 1.254337 0.000000 0.000000
    47 -0.937645 -3.860697 -0.959317 -2.970605 0.823842 2.632123
    48 0.937672 3.860714 0.959333 3.905591 0.921338 2.508790
    49 0.000000 -1.690632 0.000000 0.719375 0.000000 0.000000
    50 -0.000013 1.690666 0.000021 1.590287 0.000000 0.000000
    51 -0.000002 -1.423443 0.000002 0.462042 0.000000 0.000000
    52 0.000008 1.423420 0.000028 0.957315 0.000000 0.000000
    53 -1.546646 -3.404194 -1.915569 -2.736003 0.624815 2.650644
    54 1.546661 3.404217 1.915585 4.148436 0.709183 2.327357
    55 0.000004 -1.437820 0.000000 0.652785 0.000000 0.000000
    56 -0.000021 1.437870 0.000031 1.148637 0.000000 0.000000
    57 -0.000002 -1.059402 0.000000 0.549901 0.000000 0.000000
    58 0.000006 1.059372 0.000008 0.986809 0.000000 0.000000
    59 -0.000004 -13.013485 -0.000004 0.010936 -0.284121 -0.076428
    60 0.161133 -10.812500 0.023087 0.010936 -0.284121 -0.076428
  time 6
    0 0.000000 0.826660 0.000001 -1.559900 -0.000006 -0.000006
    1 -10.864005 11.600170 -6.259860 -0.718711 -0.614742 0.049904
    2 0.000000 14.313023 0.000003 -2.087598 0.000000 0.000000
    3 -0.000011 13.013483 -0.000005 0.790574 0.585956 0.686136
    4 20.812500 21.968750 -10.562500 -3.067358 -0.069739 0.021535
    5 0.000000 -14.313034 0.000000 -1.548730 0.000000 0.000000
    6 -0.000004 -13.013485 -0.000004 2.602084 -0.990278 -3.124313
    7 -1.330879 -2.698427 0.462449 -0.194886 -0.547260 3.056712
    8 1.330910 2.698444 -0.462436 0.194890 0.547268 -0.084879
    9 0.178539 -0.058603 0.070332 -0.307059 0.035995 -0.584860
    10 -4.925781 -10.460938 3.189453 -2.923375 0.046966 2.500377
    11 0.588293 -2.196594 0.023495 -2.943574 -0.174776 2.512019
    12 4.777527 6.028128 1.897721 -1.090396 0.577049 -0.321829
    13 5.490345 7.072691 2.428969 -1.090396 0.577049 -0.321829
    14 6.562500 8.648438 3.232422 -1.090396 0.577049 -0.321829
    15 7.558525 6.997282 -2.354134 -1.937336 -0.275393 3.010581
    16 7.558525 6.997282 -2.354134 1.937336 0.275393 -0.131011
    17 -2.867767 -2.740969 0.531125 2.051196 0.577049 -0.321829
    18 4.324081 2.744001 -0.524877 -1.090396 0.577049 -0.321829
    19 5.012512 3.752832 -0.011802 -1.090396 0.577049 -0.321829
    20 5.595486 4.607124 0.422674 -1.090396 0.577049 -0.321829
    21 6.233833 5.542564 0.898426 -1.090396 0.577049 -0.321829
    22 6.946648 6.587124 1.429667 -1.090396 0.577049 -0.321829
    23 7.537933 7.453606 1.870349 -1.090396 0.577049 -0.321829
    24 8.154472 8.357077 2.329839 -1.090396 0.577049 -0.321829
    25 8.874294 9.411907 2.866308 -1.090396 0.577049 -0.321829
    26 -4.125858 -2.321501 1.394414 2.051196 0.577049 -0.321829
    27 -4.826813 -3.348669 0.872014 2.051196 0.577049 -0.321829
    28 -5.441669 -4.249685 0.413772 2.051196 0.577049 -0.321829
    29 -0.552532 -1.343527 1.604446 -0.687882 0.662133 -0.833274
    30 0.552589 1.343534 -1.604463 -0.253607 0.325476 -0.369600
    31 0.000000 -2.021618 -0.000004 0.494293 0.000000 0.000000
    32 -0.000021 2.021633 0.000027 0.023711 0.000000 0.000000
    33 -0.000004 -1.136217 -0.000004 -0.290329 0.000000 0.000000
    34 -0.000011 1.136200 -0.000019 -0.000743 0.000000 0.000000
    35 -0.032677 -4.587727 1.352317 2.568516 1.378586 2.710191
    36 0.032719 4.587772 -1.352291 2.993328 1.157031 2.159654
    37 0.000000 -1.754536 -0.000002 0.829780 0.000000 0.000000
    38 -0.000006 1.754520 -0.000034 1.005183 0.000000 0.000000
    39 0.000000 -1.227020 -0.000002 0.528805 0.000000 0.000000
    40 0.000002 1.227070 0.000032 1.778446 0.000000 0.000000
    41 -0.367996 -4.208406 0.173244 2.768378 1.110804 2.370875
    42 0.368011 4.208412 -0.173239 3.741653 1.113777 2.453336
    43 0.000000 -2.372318 -0.000004 0.927479 0.000000 0.000000
    44 -0.000006 2.372318 -0.000032 1.730246 0.000000 0.000000
    45 0.000004 -1.580070 -0.000001 0.318371 0.000000 0.000000
    46 -0.000002 1.580170 0.000030 1.254337 0.000000 0.000000
    47 -0.937645 -3.860697 -0.959317 -2.970605 0.823842 2.632123
    48 0.937672 3.860714 0.959333 3.905591 0.921338 2.508790
    49 0.000000 -1.690632 0.000000 0.719375 0.000000 0.000000
    50 -0.000013 1.690666 0.000021 1.590287 0.000000 0.000000
    51 -0.000002 -1.423443 0.000002 0.462042 0.000000 0.000000
    52 0.000008 1.423420 0.000028 0.957315 0.000000 0.000000
    53 -1.546646 -3.404194 -1.915569 -2.736003 0.624815 2.650644
    54 1.546661 3.404217 1.915585 4.148436 0.709183 2.327357
    55 0.000004 -1.437820 0.000000 0.652785 0.000000 0.000000
    56 -0.000021 1.437870 0.000031 1.148637 0.000000 0.000000
    57 -0.000002 -1.059402 0.000000 0.549901 0.000000 0.000000
    58 0.000006 1.059372 0.000008 0.986809 0.000000 0.000000
    59 -0.000004 -13.013485 -0.000004 0.010936 -0.284121 -0.076428
    60 0.161133 -10.812500 0.023087 0.010936 -0.284121 -0.076428
  time 7
    0 0.000000 0.826660 0.000001 -1.559900 -0.000006 -0.000006
    1 -10.883537 11.662672 -6.201264 -0.577911 -0.623135 0.013776
    2 0.000000 14.313023 0.000003 -2.113259 0.000000 0.000000
    3 -0.000011 13.013483 -0.000005 0.686521 0.574212 0.600729
    4 20.812500 21.968750 -10.562500 -3.067358 -0.069739 0.021535
    5 0.000000 -14.313034 0.000000 -1.548730 0.000000 0.000000
    6 -0.000004 -13.013485 -0.000004 2.602084 -0.990278 -3.124313
    7 -1.330879 -2.698427 0.462449 -0.194886 -0.547260 3.056712
    8 1.330910 2.698444 -0.462436 0.194890 0.547268 -0.084879
    9 0.178539 -0.058603 0.070332 -0.287998 0.047982 -0.519481
    10 -4.925781 -10.460938 3.189453 -2.923375 0.046966 2.500377
    11 0.705485 -2.141904 -0.019475 -2.960005 -0.184986 2.569140
    12 4.777527 6.028128 1.897721 -1.090396 0.577049 -0.321829
    13 5.490345 7.072691 2.428969 -1.090396 0.577049 -0.321829
    14 6.562500 8.648438 3.232422 -1.090396 0.577049 -0.321829
    15 7.558525 6.997282 -2.354134 -1.937336 -0.275393 3.010581
    16 7.558525 6.997282 -2.354134 1.937336 0.275393 -0.131011
    17 -2.867767 -2.740969 0.531125 2.051196 0.577049 -0.321829
    18 4.324081 2.744001 -0.524877 -1.090396 0.577049 -0.321829
    19 5.012512 3.752832 -0.011802 -1.090396 0.577049 -0.321829
    20 5.595486 4.607124 0.422674 -1.090396 0.577049 -0.321829
    21 6.233833 5.542564 0.898426 -1.090396 0.577049 -0.321829
    22 6.946648 6.587124 1.429667 -1.090396 0.577049 -0.321829
    23 7.537933 7.453606 1.870349 -1.090396 0.577049 -0.321829
    24 8.154472 8.357077 2.329839 -1.090396 0.577049 -0.321829
    25 8.874294 9.411907 2.866308 -1.090396 0.577049 -0.321829
    26 -4.125858 -2.321501 1.394414 2.051196 0.577049 -0.321829
    27 -4.826813 -3.348669 0.872014 2.051196 0.577049 -0.321829
    28 -5.441669 -4.249685 0.413772 2.051196 0.577049 -0.321829
    29 -0.552532 -1.343527 1.604446 -0.687882 0.662133 -0.833274
    30 0.552589 1.343534 -1.604463 -0.253607 0.325476 -0.369600
    31 0.000000 -2.021618 -0.000004 0.494293 0.000000 0.000000
    32 -0.000021 2.021633 0.000027 0.023711 0.000000 0.000000
    33 -0.000004 -1.136217 -0.000004 -0.290329 0.000000 0.000000
    34 -0.000011 1.136200 -0.000019 -0.000743 0.000000 0.000000
    35 -0.032677 -4.587727 1.352317 2.568516 1.378586 2.710191
    36 0.032719 4.587772 -1.352291 2.991852 1.157031 2.159654
    37 0.000000 -1.754536 -0.000002 0.829780 0.000000 0.000000
    38 -0.000006 1.754520 -0.000034 1.003641 0.000000 0.000000
    39 0.000000 -1.227020 -0.000002 0.528805 0.000000 0.000000
    40 0.000002 1.227070 0.000032 1.776915 0.000000 0.000000
    41 -0.367996 -4.208406 0.173244 2.768378 1.110804 2.370875
    42 0.368011 4.208412 -0.173239 3.740126 1.113777 2.453336
    43 0.000000 -2.372318 -0.000004 0.927479 0.000000 0.000000
    44 -0.000006 2.372318 -0.000032 1.728755 0.000000 0.000000
    45 0.000004 -1.580070 -0.000001 0.318371 0.000000 0.000000
    46 -0.000002 1.580170 0.000030 1.252858 0.000000 0.000000
    47 -0.937645 -3.860697 -0.959317 -2.970605 0.823842 2.632123
    48 0.937672 3.860714 0.959333 3.904012 0.921338 2.508790
    49 0.000000 -1.690632 0.000000 0.719375 0.000000 0.000000
    50 -0.000013 1.690666 0.000021 1.588784 0.000000 0.000000
    51 -0.000002 -1.423443 0.000002 0.462042 0.000000 0.000000
    52 0.000008 1.423420 0.000028 0.955846 0.000000 0.000000
    53 -1.546646 -3.404194 -1.915569 -2.736003 0.624815 2.650644
    54 1.546661 3.404217 1.915585 4.146959 0.709183 2.327357
    55 0.000004 -1.437820 0.000000 0.652785 0.000000 0.000000
    56 -0.000021 1.437870 0.000031 1.147088 0.000000 0.000000
    57 -0.000002 -1.059402 0.000000 0.549901 0.000000 0.000000
    58 0.000006 1.059372 0.000008 0.985328 0.000000 0.000000
    59 -0.000004 -13.013485 -0.000004 0.010936 -0.284121 -0.076428
    60 0.161133 -10.812500 0.023087 0.010936 -0.284121 -0.076428
  time 8
    0 0.000000 0.826660 0.000001 -1.559900 -0.000006 -0.000006
    1 -10.930413 11.830645 -6.045009 -0.454250 -0.621084 -0.004479
    2 0.000000 14.313023 0.000003 -2.119430 0.000000 0.000000
    3 -0.000011 13.013483 -0.000005 0.582468 0.564354 0.534205
    4 20.812500 21.968750 -10.562500 -3.067358 -0.069739 0.021535
    5 0.000000 -14.313034 0.000000 -1.548730 0.000000 0.000000
    6 -0.000004 -13.013485 -0.000004 2.602084 -0.990278 -3.124313
    7 -1.330879 -2.698427 0.462449 -0.194886 -0.547260 3.056712
    8 1.330910 2.698444 -0.462436 0.194890 0.547268 -0.084879
    9 0.178539 -0.009526 0.070332 -0.247289 0.061915 -0.464320
    10 -4.925781 -10.460938 3.189453 -2.923375 0.046966 2.500377
    11 0.764080 -2.075496 -0.081977 -2.994474 -0.195196 2.600864
    12 4.777527 6.028128 1.897721 -1.090396 0.577049 -0.321829
    13 5.490345 7.072691 2.428969 -1.090396 0.577049 -0.321829
    14 6.562500 8.648438 3.232422 -1.090396 0.577049 -0.321829
    15 7.558525 6.997282 -2.354134 -1.937336 -0.275393 3.010581
    16 7.558525 6.997282 -2.354134 1.937336 0.275393 -0.131011
    17 -2.867767 -2.740969 0.531125 2.051196 0.577049 -0.321829
    18 4.324081 2.744001 -0.524877 -1.090396 0.577049 -0.321829
    19 5.012512 3.752832 -0.011802 -1.090396 0.577049 -0.321829
    20 5.595486 4.607124 0.422674 -1.090396 0.577049 -0.321829
    21 6.233833 5.542564 0.898426 -1.090396 0.577049 -0.321829
    22 6.946648 6.587124 1.429667 -1.090396 0.577049 -0.321829
    23 7.537933 7.453606 1.870349 -1.090396 0.577049 -0.321829
    24 8.154472 8.357077 2.329839 -1.090396 0.577049 -0.321829
    25 8.874294 9.411907 2.866308 -1.090396 0.577049 -0.321829
    26 -4.125858 -2.321501 1.394414 2.051196 0.577049 -0.321829
    27 -4.826813 -3.348669 0.872014 2.051196 0.577049 -0.321829
    28 -5.441669 -4.249685 0.413772 2.051196 0.577049 -0.321829
    29 -0.552532 -1.343527 1.604446 -0.687882 0.662133 -0.833274
    30 0.552589 1.343534 -1.604463 -0.253607 0.325476 -0.369600
    31 0.000000 -2.021618 -0.000004 0.494293 0.000000 0.000000
    32 -0.000021 2.021633 0.000027 0.023711 0.000000 0.000000
    33 -0.000004 -1.136217 -0.000004 -0.290329 0.000000 0.000000
    34 -0.000011 1.136200 -0.000019 -0.000743 0.000000 0.000000
    35 -0.032677 -4.587727 1.352317 2.568516 1.378586 2.710191
    36 0.032719 4.587772 -1.352291 2.987598 1.157031 2.159654
    37 0.000000 -1.754536 -0.000002 0.829780 0.000000 0.000000
    38 -0.000006 1.754520 -0.000034 0.999423 0.000000 0.000000
    39 0.000000 -1.227020 -0.000002 0.528805 0.000000 0.000000
    40 0.000002 1.227070 0.000032 1.772721 0.000000 0.000000
    41 -0.367996 -4.208406 0.173244 2.768378 1.110804 2.370875
    42 0.368011 4.208412 -0.173239 3.735905 1.113777 2.453336
    43 0.000000 -2.372318 -0.000004 0.927479 0.000000 0.000000
    44 -0.000006 2.372318 -0.000032 1.724455 0.000000 0.000000
    45 0.000004 -1.580070 -0.000001 0.318371 0.000000 0.000000
    46 -0.000002 1.580170 0.000030 1.248648 0.000000 0.000000
    47 -0.937645 -3.860697 -0.959317 -2.970605 0.823842 2.632123
    48 0.937672 3.860714 0.959333 3.899831 0.921338 2.508790
    49 0.000000 -1.690632 0.000000 0.719375 0.000000 0.000000
    50 -0.000013 1.690666 0.000021 1.584528 0.000000 0.000000
    51 -0.000002 -1.423443 0.000002 0.462042 0.000000 0.000000
    52 0.000008 1.423420 0.000028 0.951589 0.000000 0.000000
    53 -1.546646 -3.404194 -1.915569 -2.736003 0.624815 2.650644
    54 1.546661 3.404217 1.915585 4.142713 0.709183 2.327357
    55 0.000004 -1.437820 0.000000 0.652785 0.000000 0.000000
    56 -0.000021 1.437870 0.000031 1.142866 0.000000 0.000000
    57 -0.000002 -1.059402 0.000000 0.549901 0.000000 0.000000
    58 0.000006 1.059372 0.000008 0.981063 0.000000 0.000000
    59 -0.000004 -13.013485 -0.000004 0.010936 -0.284121 -0.076428
    60 0.161133 -10.812500 0.023087 0.010936 -0.284121 -0.076428
  time 9
    0 0.000000 0.826660 0.000001 -1.559900 -0.000006 -0.000006
    1 -11.000728 12.068934 -5.814534 -0.344780 -0.610593 -0.017999
    2 0.000000 14.313023 0.000003 -2.109105 0.000000 0.000000
    3 -0.000011 13.013483 -0.000005 0.480708 0.550958 0.476595
    4 20.812500 21.968750 -10.562500 -3.067358 -0.069739 0.021535
    5 0.000000 -14.313034 0.000000 -1.548730 0.000000 0.000000
    6 -0.000004 -13.013485 -0.000004 2.602084 -0.990278 -3.124313
    7 -1.330879 -2.698427 0.462449 -0.194886 -0.547260 3.056712
    8 1.330910 2.698444 -0.462436 0.194890 0.547268 -0.084879
    9 0.147628 -0.009526 0.070332 -0.198247 0.072898 -0.415404
    10 -4.925781 -10.460938 3.189453 -2.923375 0.046966 2.500377
    11 0.787518 -2.005181 -0.140573 -3.034325 -0.203415 2.614953
    12 4.777527 6.028128 1.897721 -1.090396 0.577049 -0.321829
    13 5.490345 7.072691 2.428969 -1.090396 0.577049 -0.321829
    14 6.562500 8.648438 3.232422 -1.090396 0.577049 -0.321829
    15 7.558525 6.997282 -2.354134 -1.937336 -0.275393 3.010581
    16 7.558525 6.997282 -2.354134 1.937336 0.275393 -0.131011
    17 -2.867767 -2.740969 0.531125 2.051196 0.577049 -0.321829
    18 4.324081 2.744001 -0.524877 -1.090396 0.577049 -0.321829
    19 5.012512 3.752832 -0.011802 -1.090396 0.577049 -0.321829
    20 5.595486 4.607124 0.422674 -1.090396 0.577049 -0.321829
    21 6.233833 5.542564 0.898426 -1.090396 0.577049 -0.321829
    22 6.946648 6.587124 1.429667 -1.090396 0.577049 -0.321829
    23 7.537933 7.453606 1.870349 -1.090396 0.577049 -0.321829
    24 8.154472 8.357077 2.329839 -1.090396 0.577049 -0.321829
    25 8.874294 9.411907 2.866308 -1.090396 0.577049 -0.321829
    26 -4.125858 -2.321501 1.394414 2.051196 0.577049 -0.321829
    27 -4.826813 -3.348669 0.872014 2.051196 0.577049 -0.321829
    28 -5.441669 -4.249685 0.413772 2.051196 0.577049 -0.321829
    29 -0.552532 -1.343527 1.604446 -0.687882 0.662133 -0.833274
    30 0.552589 1.343534 -1.604463 -0.253607 0.325476 -0.369600
    31 0.000000 -2.021618 -0.000004 0.494293 0.000000 0.000000
    32 -0.000021 2.021633 0.000027 0.023711 0.000000 0.000000
    33 -0.000004 -1.136217 -0.000004 -0.290329 0.000000 0.000000
    34 -0.000011 1.136200 -0.000019 -0.000743 0.000000 0.000000
    35 -0.032677 -4.587727 1.352317 2.568516 1.378586 2.710191
    36 0.032719 4.587772 -1.352291 2.981087 1.157031 2.159654
    37 0.000000 -1.754536 -0.000002 0.829780 0.000000 0.000000
    38 -0.000006 1.754520 -0.000034 0.992892 0.000000 0.000000
    39 0.000000 -1.227020 -0.000002 0.528805 0.000000 0.000000
    40 0.000002 1.227070 0.000032 1.766198 0.000000 0.000000
    41 -0.367996 -4.208406 0.173244 2.768378 1.110804 2.370875
    42 0.368011 4.208412 -0.173239 3.729349 1.113777 2.453336
    43 0.000000 -2.372318 -0.000004 0.927479 0.000000 0.000000
    44 -0.000006 2.372318 -0.000032 1.718006 0.000000 0.000000
    45 0.000004 -1.580070 -0.000001 0.318371 0.000000 0.000000
    46 -0.000002 1.580170 0.000030 1.242163 0.000000 0.000000
    47 -0.937645 -3.860697 -0.959317 -2.970605 0.823842 2.632123
    48 0.937672 3.860714 0.959333 3.893328 0.921338 2.508790
    49 0.000000 -1.690632 0.000000 0.719375 0.000000 0.000000
    50 -0.000013 1.690666 0.000021 1.578068 0.000000 0.000000
    51 -0.000002 -1.423443 0.000002 0.462042 0.000000 0.000000
    52 0.000008 1.423420 0.000028 0.945055 0.000000 0.000000
    53 -1.546646 -3.404194 -1.915569 -2.736003 0.624815 2.650644
    54 1.546661 3.404217 1.915585 4.136253 0.709183 2.327357
    55 0.000004 -1.437820 0.000000 0.652785 0.000000 0.000000
    56 -0.000021 1.437870 0.000031 1.136346 0.000000 0.000000
    57 -0.000002 -1.059402 0.000000 0.549901 0.000000 0.000000
    58 0.000006 1.059372 0.000008 0.974606 0.000000 0.000000
    59 -0.000004 -13.013485 -0.000004 0.010936 -0.284121 -0.076428
    60 0.161133 -10.812500 0.023087 0.010936 -0.284121 -0.076428
  time 10
    0 0.000000 0.826660 0.000001 -1.559900 -0.000006 -0.000006
    1 -11.074949 12.354099 -5.544994 -0.249777 -0.592042 -0.027928
    2 0.000000 14.313023 0.000003 -2.085765 0.000000 0.000000
    3 -0.000011 13.013483 -0.000005 0.384586 0.532610 0.427134
    4 20.812500 21.968750 -10.562500 -3.067358 -0.069739 0.021535
    5 0.000000 -14.313034 0.000000 -1.548730 0.000000 0.000000
    6 -0.000004 -13.013485 -0.000004 2.602084 -0.990278 -3.124313
    7 -1.330879 -2.698427 0.462449 -0.194886 -0.547260 3.056712
    8 1.330910 2.698444 -0.462436 0.194890 0.547268 -0.084879
    9 0.116717 0.039552 0.019821 -0.146043 0.080241 -0.373205
    10 -4.925781 -10.460938 3.189453 -2.923375 0.046966 2.500377
    11 0.783612 -1.938773 -0.195262 -3.075404 -0.211378 2.614953
    12 4.777527 6.028128 1.897721 -1.090396 0.577049 -0.321829
    13 5.490345 7.072691 2.428969 -1.090396 0.577049 -0.321829
    14 6.562500 8.648438 3.232422 -1.090396 0.577049 -0.321829
    15 7.558525 6.997282 -2.354134 -1.937336 -0.275393 3.010581
    16 7.558525 6.997282 -2.354134 1.937336 0.275393 -0.131011
    17 -2.867767 -2.740969 0.531125 2.051196 0.577049 -0.321829
    18 4.324081 2.744001 -0.524877 -1.090396 0.577049 -0.321829
    19 5.012512 3.752832 -0.011802 -1.090396 0.577049 -0.321829
    20 5.595486 4.607124 0.422674 -1.090396 0.577049 -0.321829
    21 6.233833 5.542564 0.898426 -1.090396 0.577049 -0.321829
    22 6.946648 6.587124 1.429667 -1.090396 0.577049 -0.321829
    23 7.537933 7.453606 1.870349 -1.090396 0.577049 -0.321829
    24 8.154472 8.357077 2.329839 -1.090396 0.577049 -0.321829
    25 8.874294 9.411907 2.866308 -1.090396 0.577049 -0.321829
    26 -4.125858 -2.321501 1.394414 2.051196 0.577049 -0.321829
    27 -4.826813 -3.348669 0.872014 2.051196 0.577049 -0.321829
    28 -5.441669 -4.249685 0.413772 2.051196 0.577049 -0.321829
    29 -0.552532 -1.343527 1.604446 -0.687882 0.662133 -0.833274
    30 0.552589 1.343534 -1.604463 -0.253607 0.325476 -0.369600
    31 0.000000 -2.021618 -0.000004 0.494293 0.000000 0.000000
    32 -0.000021 2.021633 0.000027 0.023711 0.000000 0.000000
    33 -0.000004 -1.136217 -0.000004 -0.290329 0.000000 0.000000
    34 -0.000011 1.136200 -0.000019 -0.000743 0.000000 0.000000
    35 -0.032677 -4.587727 1.352317 2.568516 1.378586 2.710191
    36 0.032719 4.587772 -1.352291 2.972753 1.157031 2.159654
    37 0.000000 -1.754536 -0.000002 0.829780 0.000000 0.000000
    38 -0.000006 1.754520 -0.000034 0.984637 0.000000 0.000000
    39 0.000000 -1.227020 -0.000002 0.528805 0.000000 0.000000
    40 0.000002 1.227070 0.000032 1.757877 0.000000 0.000000
    41 -0.367996 -4.208406 0.173244 2.768378 1.110804 2.370875
    42 0.368011 4.208412 -0.173239 3.721086 1.113777 2.453336
    43 0.000000 -2.372318 -0.000004 0.927479 0.000000 0.000000
    44 -0.000006 2.372318 -0.000032 1.709715 0.000000 0.000000
    45 0.000004 -1.580070 -0.000001 0.318371 0.000000 0.000000
    46 -0.000002 1.580170 0.000030 1.233857 0.000000 0.000000
    47 -0.937645 -3.860697 -0.959317 -2.970605 0.823842 2.632123
    48 0.937672 3.860714 0.959333 3.885060 0.921338 2.508790
    49 0.000000 -1.690632 0.000000 0.719375 0.000000 0.000000
    50 -0.000013 1.690666 0.000021 1.569756 0.000000 0.000000
    51 -0.000002 -1.423443 0.000002 0.462042 0.000000 0.000000
    52 0.000008 1.423420 0.000028 0.936760 0.000000 0.000000
    53 -1.546646 -3.404194 -1.915569 -2.736003 0.624815 2.650644
    54 1.546661 3.404217 1.915585 4.127854 0.709183 2.327357
    55 0.000004 -1.437820 0.000000 0.652785 0.000000 0.000000
    56 -0.000021 1.437870 0.000031 1.128063 0.000000 0.000000
    57 -0.000002 -1.059402 0.000000 0.549901 0.000000 0.000000
    58 0.000006 1.059372 0.000008 0.966253 0.000000 0.000000
    59 -0.000004 -13.013485 -0.000004 0.010936 -0.284121 -0.076428
    60 0.161133 -10.812500 0.023087 0.010936 -0.284121 -0.076428
  time 11
    0 0.000000 0.826660 0.000001 -1.559900 -0.000006 -0.000006
    1 -11.160889 12.654889 -5.259829 -0.169701 -0.565431 -0.035185
    2 0.000000 14.313023 0.000003 -2.053383 0.000000 0.000000
    3 -0.000011 13.013483 -0.000005 0.296967 0.508650 0.384670
    4 20.812500 21.968750 -10.562500 -3.067358 -0.069739 0.021535
    5 0.000000 -14.313034 0.000000 -1.548730 0.000000 0.000000
    6 -0.000004 -13.013485 -0.000004 2.602084 -0.990278 -3.124313
    7 -1.330879 -2.698427 0.462449 -0.194886 -0.547260 3.056712
    8 1.330910 2.698444 -0.462436 0.194890 0.547268 -0.084879
    9 0.085807 0.039552 0.070332 -0.095852 0.084070 -0.338009
    10 -4.925781 -10.460938 3.189453 -2.923375 0.046966 2.500377
    11 0.760174 -1.884084 -0.242138 -3.114216 -0.219726 2.606519
    12 4.777527 6.028128 1.897721 -1.090396 0.577049 -0.321829
    13 5.490345 7.072691 2.428969 -1.090396 0.577049 -0.321829
    14 6.562500 8.648438 3.232422 -1.090396 0.577049 -0.321829
    15 7.558525 6.997282 -2.354134 -1.937336 -0.275393 3.010581
    16 7.558525 6.997282 -2.354134 1.937336 0.275393 -0.131011
    17 -2.867767 -2.740969 0.531125 2.051196 0.577049 -0.321829
    18 4.324081 2.744001 -0.524877 -1.090396 0.577049 -0.321829
    19 5.012512 3.752832 -0.011802 -1.090396 0.577049 -0.321829
    20 5.595486 4.607124 0.422674 -1.090396 0.577049 -0.321829
    21 6.233833 5.542564 0.898426 -1.090396 0.577049 -0.321829
    22 6.946648 6.587124 1.429667 -1.090396 0.577049 -0.321829
    23 7.537933 7.453606 1.870349 -1.090396 0.577049 -0.321829
    24 8.154472 8.357077 2.329839 -1.090396 0.577049 -0.321829
    25 8.874294 9.411907 2.866308 -1.090396 0.577049 -0.321829
    26 -4.125858 -2.321501 1.394414 2.051196 0.577049 -0.321829
    27 -4.826813 -3.348669 0.872014 2.051196 0.577049 -0.321829
    28 -5.441669 -4.249685 0.413772 2.051196 0.577049 -0.321829
    29 -0.552532 -1.343527 1.604446 -0.687882 0.662133 -0.833274
    30 0.552589 1.343534 -1.604463 -0.253607 0.325476 -0.369600
    31 0.000000 -2.021618 -0.000004 0.494293 0.000000 0.000000
    32 -0.000021 2.021633 0.000027 0.023711 0.000000 0.000000
    33 -0.000004 -1.136217 -0.000004 -0.290329 0.000000 0.000000
    34 -0.000011 1.136200 -0.000019 -0.000743 0.000000 0.000000
    35 -0.032677 -4.587727 1.352317 2.568516 1.378586 2.710191
    36 0.032719 4.587772 -1.352291 2.963116 1.157031 2.159654
    37 0.000000 -1.754536 -0.000002 0.829780 0.000000 0.000000
    38 -0.000006 1.754520 -0.000034 0.974932 0.000000 0.000000
    39 0.000000 -1.227020 -0.000002 0.528805 0.000000 0.000000
    40 0.000002 1.227070 0.000032 1.748225 0.000000 0.000000
    41 -0.367996 -4.208406 0.173244 2.768378 1.110804 2.370875
    42 0.368011 4.208412 -0.173239 3.711296 1.113777 2.453336
    43 0.000000 -2.372318 -0.000004 0.927479 0.000000 0.000000
    44 -0.000006 2.372318 -0.000032 1.700019 0.000000 0.000000
    45 0.000004 -1.580070 -0.000001 0.318371 0.000000 0.000000
    46 -0.000002 1.580170 0.000030 1.224130 0.000000 0.000000
    47 -0.937645 -3.860697 -0.959317 -2.970605 0.823842 2.632123
    48 0.937672 3.860714 0.959333 3.875305 0.921338 2.508790
    49 0.000000 -1.690632 0.000000 0.719375 0.000000 0.000000
    50 -0.000013 1.690666 0.000021 1.560041 0.000000 0.000000
    51 -0.000002 -1.423443 0.000002 0.462042 0.000000 0.000000
    52 0.000008 1.423420 0.000028 0.927069 0.000000 0.000000
    53 -1.546646 -3.404194 -1.915569 -2.736003 0.624815 2.650644
    54 1.546661 3.404217 1.915585 4.118163 0.709183 2.327357
    55 0.000004 -1.437820 0.000000 0.652785 0.000000 0.000000
    56 -0.000021 1.437870 0.000031 1.118337 0.000000 0.000000
    57 -0.000002 -1.059402 0.000000 0.549901 0.000000 0.000000
    58 0.000006 1.059372 0.000008 0.956597 0.000000 0.000000
    59 -0.000004 -13.013485 -0.000004 0.010936 -0.284121 -0.076428
    60 0.161133 -10.812500 0.023087 0.010936 -0.284121 -0.076428
  time 12
    0 0.000000 0.826660 0.000001 -1.559900 -0.000006 -0.000006
    1 -11.242923 12.936148 -4.990290 -0.103909 -0.530905 -0.040302
    2 0.000000 14.313023 0.000003 -2.016297 0.000000 0.000000
    3 -0.000011 13.013483 -0.000005 0.220337 0.479123 0.347861
    4 20.812500 21.968750 -10.562500 -3.067358 -0.069739 0.021535
    5 0.000000 -14.313034 0.000000 -1.548730 0.000000 0.000000
    6 -0.000004 -13.013485 -0.000004 2.602084 -0.990278 -3.124313
    7 -1.330879 -2.698427 0.462449 -0.194886 -0.547260 3.056712
    8 1.330910 2.698444 -0.462436 0.194890 0.547268 -0.084879
    9 0.085807 0.039552 0.070332 -0.051598 0.084823 -0.308299
    10 -4.925781 -10.460938 3.189453 -2.923375 0.046966 2.500377
    11 0.732829 -1.833301 -0.277295 -3.148307 -0.228074 2.596647
    12 4.777527 6.028128 1.897721 -1.090396 0.577049 -0.321829
    13 5.490345 7.072691 2.428969 -1.090396 0.577049 -0.321829
    14 6.562500 8.648438 3.232422 -1.090396 0.577049 -0.321829
    15 7.558525 6.997282 -2.354134 -1.937336 -0.275393 3.010581
    16 7.558525 6.997282 -2.354134 1.937336 0.275393 -0.131011
    17 -2.867767 -2.740969 0.531125 2.051196 0.577049 -0.321829
    18 4.324081 2.744001 -0.524877 -1.090396 0.577049 -0.321829
    19 5.012512 3.752832 -0.011802 -1.090396 0.577049 -0.321829
    20 5.595486 4.607124 0.422674 -1.090396 0.577049 -0.321829
    21 6.233833 5.542564 0.898426 -1.090396 0.577049 -0.321829
    22 6.946648 6.587124 1.429667 -1.090396 0.577049 -0.321829
    23 7.537933 7.453606 1.870349 -1.090396 0.577049 -0.321829
    24 8.154472 8.357077 2.329839 -1.090396 0.577049 -0.321829
    25 8.874294 9.411907 2.866308 -1.090396 0.577049 -0.321829
    26 -4.125858 -2.321501 1.394414 2.051196 0.577049 -0.321829
    27 -4.826813 -3.348669 0.872014 2.051196 0.577049 -0.321829
    28 -5.441669 -4.249685 0.413772 2.051196 0.577049 -0.321829
    29 -0.552532 -1.343527 1.604446 -0.687882 0.662133 -0.833274
    30 0.552589 1.343534 -1.604463 -0.253607 0.325476 -0.369600
    31 0.000000 -2.021618 -0.000004 0.494293 0.000000 0.000000
    32 -0.000021 2.021633 0.000027 0.023711 0.000000 0.000000
    33 -0.000004 -1.136217 -0.000004 -0.290329 0.000000 0.000000
    34 -0.000011 1.136200 -0.000019 -0.000743 0.000000 0.000000
    35 -0.032677 -4.587727 1.352317 2.568516 1.378586 2.710191
    36 0.032719 4.587772 -1.352291 2.952525 1.157031 2.159654
    37 0.000000 -1.754536 -0.000002 0.829780 0.000000 0.000000
    38 -0.000006 1.754520 -0.000034 0.964410 0.000000 0.000000
    39 0.000000 -1.227020 -0.000002 0.528805 0.000000 0.000000
    40 0.000002 1.227070 0.000032 1.737641 0.000000 0.000000
    41 -0.367996 -4.208406 0.173244 2.768378 1.110804 2.370875
    42 0.368011 4.208412 -0.173239 3.700788 1.113777 2.453336
    43 0.000000 -2.372318 -0.000004 0.927479 0.000000 0.000000
    44 -0.000006 2.372318 -0.000032 1.689490 0.000000 0.000000
    45 0.000004 -1.580070 -0.000001 0.318371 0.000000 0.000000
    46 -0.000002 1.580170 0.000030 1.213548 0.000000 0.000000
    47 -0.937645 -3.860697 -0.959317 -2.970605 0.823842 2.632123
    48 0.937672 3.860714 0.959333 3.864807 0.921338 2.508790
    49 0.000000 -1.690632 0.000000 0.719375 0.000000 0.000000
    50 -0.000013 1.690666 0.000021 1.549476 0.000000 0.000000
    51 -0.000002 -1.423443 0.000002 0.462042 0.000000 0.000000
    52 0.000008 1.423420 0.000028 0.916498 0.000000 0.000000
    53 -1.546646 -3.404194 -1.915569 -2.736003 0.624815 2.650644
    54 1.546661 3.404217 1.915585 4.107734 0.709183 2.327357
    55 0.000004 -1.437820 0.000000 0.652785 0.000000 0.000000
    56 -0.000021 1.437870 0.000031 1.107809 0.000000 0.000000
    57 -0.000002 -1.059402 0.000000 0.549901 0.000000 0.000000
    58 0.000006 1.059372 0.000008 0.946052 0.000000 0.000000
    59 -0.000004 -13.013485 -0.000004 0.010936 -0.284121 -0.076428
    60 0.161133 -10.812500 0.023087 0.010936 -0.284121 -0.076428
  time 13
    0 0.000000 0.826660 0.000001 -1.559900 -0.000006 -0.000006
    1 -11.313237 13.182249 -4.759814 -0.049911 -0.487603 -0.043739
    2 0.000000 14.313023 0.000003 -1.978416 0.000000 0.000000
    3 -0.000011 13.013483 -0.000005 0.154790 0.443559 0.313065
    4 20.812500 21.968750 -10.562500 -3.067358 -0.069739 0.021535
    5 0.000000 -14.313034 0.000000 -1.548730 0.000000 0.000000
    6 -0.000004 -13.013485 -0.000004 2.602084 -0.990278 -3.124313
    7 -1.330879 -2.698427 0.462449 -0.194886 -0.547260 3.056712
    8 1.330910 2.698444 -0.462436 0.194890 0.547268 -0.084879
    9 0.054896 0.039552 0.070332 -0.015775 0.082501 -0.281050
    10 -4.925781 -10.460938 3.189453 -2.923375 0.046966 2.500377
    11 0.721110 -1.798144 -0.304640 -3.176921 -0.234431 2.593580
    12 4.777527 6.028128 1.897721 -1.090396 0.577049 -0.321829
    13 5.490345 7.072691 2.428969 -1.090396 0.577049 -0.321829
    14 6.562500 8.648438 3.232422 -1.090396 0.577049 -0.321829
    15 7.558525 6.997282 -2.354134 -1.937336 -0.275393 3.010581
    16 7.558525 6.997282 -2.354134 1.937336 0.275393 -0.131011
    17 -2.867767 -2.740969 0.531125 2.051196 0.577049 -0.321829
    18 4.324081 2.744001 -0.524877 -1.090396 0.577049 -0.321829
    19 5.012512 3.752832 -0.011802 -1.090396 0.577049 -0.321829
    20 5.595486 4.607124 0.422674 -1.090396 0.577049 -0.321829
    21 6.233833 5.542564 0.898426 -1.090396 0.577049 -0.321829
    22 6.946648 6.587124 1.429667 -1.090396 0.577049 -0.321829
    23 7.537933 7.453606 1.870349 -1.090396 0.577049 -0.321829
    24 8.154472 8.357077 2.329839 -1.090396 0.577049 -0.321829
    25 8.874294 9.411907 2.866308 -1.090396 0.577049 -0.321829
    26 -4.125858 -2.321501 1.394414 2.051196 0.577049 -0.321829
    27 -4.826813 -3.348669 0.872014 2.051196 0.577049 -0.321829
    28 -5.441669 -4.249685 0.413772 2.051196 0.577049 -0.321829
    29 -0.552532 -1.343527 1.604446 -0.687882 0.662133 -0.833274
    30 0.552589 1.343534 -1.604463 -0.253607 0.325476 -0.369600
    31 0.000000 -2.021618 -0.000004 0.494293 0.000000 0.000000
    32 -0.000021 2.021633 0.000027 0.023711 0.000000 0.000000
    33 -0.000004 -1.136217 -0.000004 -0.290329 0.000000 0.000000
    34 -0.000011 1.136200 -0.000019 -0.000743 0.000000 0.000000
    35 -0.032677 -4.587727 1.352317 2.568516 1.378586 2.710191
    36 0.032719 4.587772 -1.352291 2.941500 1.157031 2.159654
    37 0.000000 -1.754536 -0.000002 0.829780 0.000000 0.000000
    38 -0.000006 1.754520 -0.000034 0.953298 0.000000 0.000000
    39 0.000000 -1.227020 -0.000002 0.528805 0.000000 0.000000
    40 0.000002 1.227070 0.000032 1.726591 0.000000 0.000000
    41 -0.367996 -4.208406 0.173244 2.768378 1.110804 2.370875
    42 0.368011 4.208412 -0.173239 3.689741 1.113777 2.453336
    43 0.000000 -2.372318 -0.000004 0.927479 0.000000 0.000000
    44 -0.000006 2.372318 -0.000032 1.678390 0.000000 0.000000
    45 0.000004 -1.580070 -0.000001 0.318371 0.000000 0.000000
    46 -0.000002 1.580170 0.000030 1.202569 0.000000 0.000000
    47 -0.937645 -3.860697 -0.959317 -2.970605 0.823842 2.632123
    48 0.937672 3.860714 0.959333 3.853752 0.921338 2.508790
    49 0.000000 -1.690632 0.000000 0.719375 0.000000 0.000000
    50 -0.000013 1.690666 0.000021 1.538459 0.000000 0.000000
    51 -0.000002 -1.423443 0.000002 0.462042 0.000000 0.000000
    52 0.000008 1.423420 0.000028 0.905486 0.000000 0.000000
    53 -1.546646 -3.404194 -1.915569 -2.736003 0.624815 2.650644
    54 1.546661 3.404217 1.915585 4.096659 0.709183 2.327357
    55 0.000004 -1.437820 0.000000 0.652785 0.000000 0.000000
    56 -0.000021 1.437870 0.000031 1.096747 0.000000 0.000000
    57 -0.000002 -1.059402 0.000000 0.549901 0.000000 0.000000
    58 0.000006 1.059372 0.000008 0.935033 0.000000 0.000000
    59 -0.000004 -13.013485 -0.000004 0.010936 -0.284121 -0.076428
    60 0.161133 -10.812500 0.023087 0.010936 -0.284121 -0.076428
  time 14
    0 0.000000 0.826660 0.000001 -1.559900 -0.000006 -0.000006
    1 -11.352301 13.346317 -4.603559 -0.005588 -0.434621 -0.045649
    2 0.000000 14.313023 0.000003 -1.944323 0.000000 0.000000
    3 -0.000011 13.013483 -0.000005 0.101282 0.401486 0.277503
    4 20.812500 21.968750 -10.562500 -3.067358 -0.069739 0.021535
    5 0.000000 -14.313034 0.000000 -1.548730 0.000000 0.000000
    6 -0.000004 -13.013485 -0.000004 2.602084 -0.990278 -3.124313
    7 -1.330879 -2.698427 0.462449 -0.194886 -0.547260 3.056712
    8 1.330910 2.698444 -0.462436 0.194890 0.547268 -0.084879
    9 0.023985 0.088629 0.070332 0.009321 0.076789 -0.253233
    10 -4.925781 -10.460938 3.189453 -2.923375 0.046966 2.500377
    11 0.736735 -1.762987 -0.324172 -3.199963 -0.235908 2.605848
    12 4.777527 6.028128 1.897721 -1.090396 0.577049 -0.321829
    13 5.490345 7.072691 2.428969 -1.090396 0.577049 -0.321829
    14 6.562500 8.648438 3.232422 -1.090396 0.577049 -0.321829
    15 7.558525 6.997282 -2.354134 -1.937336 -0.275393 3.010581
    16 7.558525 6.997282 -2.354134 1.937336 0.275393 -0.131011
    17 -2.867767 -2.740969 0.531125 2.051196 0.577049 -0.321829
    18 4.324081 2.744001 -0.524877 -1.090396 0.577049 -0.321829
    19 5.012512 3.752832 -0.011802 -1.090396 0.577049 -0.321829
    20 5.595486 4.607124 0.422674 -1.090396 0.577049 -0.321829
    21 6.233833 5.542564 0.898426 -1.090396 0.577049 -0.321829
    22 6.946648 6.587124 1.429667 -1.090396 0.577049 -0.321829
    23 7.537933 7.453606 1.870349 -1.090396 0.577049 -0.321829
    24 8.154472 8.357077 2.329839 -1.090396 0.577049 -0.321829
    25 8.874294 9.411907 2.866308 -1.090396 0.577049 -0.321829
    26 -4.125858 -2.321501 1.394414 2.051196 0.577049 -0.321829
    27 -4.826813 -3.348669 0.872014 2.051196 0.577049 -0.321829
    28 -5.441669 -4.249685 0.413772 2.051196 0.577049 -0.321829
    29 -0.552532 -1.343527 1.604446 -0.687882 0.662133 -0.833274
    30 0.552589 1.343534 -1.604463 -0.253607 0.325476 -0.369600
    31 0.000000 -2.021618 -0.000004 0.494293 0.000000 0.000000
    32 -0.000021 2.021633 0.000027 0.023711 0.000000 0.000000
    33 -0.000004 -1.136217 -0.000004 -0.290329 0.000000 0.000000
    34 -0.000011 1.136200 -0.000019 -0.000743 0.000000 0.000000
    35 -0.032677 -4.587727 1.352317 2.568516 1.378586 2.710191
    36 0.032719 4.587772 -1.352291 2.930475 1.157031 2.159654
    37 0.000000 -1.754536 -0.000002 0.829780 0.000000 0.000000
    38 -0.000006 1.754520 -0.000034 0.942277 0.000000 0.000000
    39 0.000000 -1.227020 -0.000002 0.528805 0.000000 0.000000
    40 0.000002 1.227070 0.000032 1.715541 0.000000 0.000000
    41 -0.367996 -4.208406 0.173244 2.768378 1.110804 2.370875
    42 0.368011 4.208412 -0.173239 3.678783 1.113777 2.453336
    43 0.000000 -2.372318 -0.000004 0.927479 0.000000 0.000000
    44 -0.000006 2.372318 -0.000032 1.667379 0.000000 0.000000
    45 0.000004 -1.580070 -0.000001 0.318371 0.000000 0.000000
    46 -0.000002 1.580170 0.000030 1.191476 0.000000 0.000000
    47 -0.937645 -3.860697 -0.959317 -2.970605 0.823842 2.632123
    48 0.937672 3.860714 0.959333 3.842697 0.921338 2.508790
    49 0.000000 -1.690632 0.000000 0.719375 0.000000 0.000000
    50 -0.000013 1.690666 0.000021 1.527393 0.000000 0.000000
    51 -0.000002 -1.423443 0.000002 0.462042 0.000000 0.000000
    52 0.000008 1.423420 0.000028 0.894475 0.000000 0.000000
    53 -1.546646 -3.404194 -1.915569 -2.736003 0.624815 2.650644
    54 1.546661 3.404217 1.915585 4.085676 0.709183 2.327357
    55 0.000004 -1.437820 0.000000 0.652785 0.000000 0.000000
    56 -0.000021 1.437870 0.000031 1.085685 0.000000 0.000000
    57 -0.000002 -1.059402 0.000000 0.549901 0.000000 0.000000
    58 0.000006 1.059372 0.000008 0.923956 0.000000 0.000000
    59 -0.000004 -13.013485 -0.000004 0.010936 -0.284121 -0.076428
    60 0.161133 -10.812500 0.023087 0.010936 -0.284121 -0.076428
  time 15
    0 0.000000 0.826660 0.000001 -1.559900 -0.000006 -0.000006
    1 -11.371833 13.408819 -4.544964 0.030257 -0.371481 -0.046031
    2 0.000000 14.313023 0.000003 -1.919028 0.000000 0.000000
    3 -0.000011 13.013483 -0.000005 0.061820 0.353376 0.237723
    4 20.812500 21.968750 -10.562500 -3.067358 -0.069739 0.021535
    5 0.000000 -14.313034 0.000000 -1.548730 0.000000 0.000000
    6 -0.000004 -13.013485 -0.000004 2.602084 -0.990278 -3.124313
    7 -1.330879 -2.698427 0.462449 -0.194886 -0.547260 3.056712
    8 1.330910 2.698444 -0.462436 0.194890 0.547268 -0.084879
    9 0.023985 0.088629 0.070332 0.021295 0.066873 -0.221254
    10 -4.925781 -10.460938 3.189453 -2.923375 0.046966 2.500377
    11 0.783612 -1.735642 -0.331985 -3.214506 -0.228138 2.631438
    12 4.777527 6.028128 1.897721 -1.090396 0.577049 -0.321829
    13 5.490345 7.072691 2.428969 -1.090396 0.577049 -0.321829
    14 6.562500 8.648438 3.232422 -1.090396 0.577049 -0.321829
    15 7.558525 6.997282 -2.354134 -1.937336 -0.275393 3.010581
    16 7.558525 6.997282 -2.354134 1.937336 0.275393 -0.131011
    17 -2.867767 -2.740969 0.531125 2.051196 0.577049 -0.321829
    18 4.324081 2.744001 -0.524877 -1.090396 0.577049 -0.321829
    19 5.012512 3.752832 -0.011802 -1.090396 0.577049 -0.321829
    20 5.595486 4.607124 0.422674 -1.090396 0.577049 -0.321829
    21 6.233833 5.542564 0.898426 -1.090396 0.577049 -0.321829
    22 6.946648 6.587124 1.429667 -1.090396 0.577049 -0.321829
    23 7.537933 7.453606 1.870349 -1.090396 0.577049 -0.321829
    24 8.154472 8.357077 2.329839 -1.090396 0.577049 -0.321829
    25 8.874294 9.411907 2.866308 -1.090396 0.577049 -0.321829
    26 -4.125858 -2.321501 1.394414 2.051196 0.577049 -0.321829
    27 -4.826813 -3.348669 0.872014 2.051196 0.577049 -0.321829
    28 -5.441669 -4.249685 0.413772 2.051196 0.577049 -0.321829
    29 -0.552532 -1.343527 1.604446 -0.687882 0.662133 -0.833274
    30 0.552589 1.343534 -1.604463 -0.253607 0.325476 -0.369600
    31 0.000000 -2.021618 -0.000004 0.494293 0.000000 0.000000
    32 -0.000021 2.021633 0.000027 0.023711 0.000000 0.000000
    33 -0.000004 -1.136217 -0.000004 -0.290329 0.000000 0.000000
    34 -0.000011 1.136200 -0.000019 -0.000743 0.000000 0.000000
    35 -0.032677 -4.587727 1.352317 2.568516 1.378586 2.710191
    36 0.032719 4.587772 -1.352291 2.919883 1.157031 2.159654
    37 0.000000 -1.754536 -0.000002 0.829780 0.000000 0.000000
    38 -0.000006 1.754520 -0.000034 0.931755 0.000000 0.000000
    39 0.000000 -1.227020 -0.000002 0.528805 0.000000 0.000000
    40 0.000002 1.227070 0.000032 1.705090 0.000000 0.000000
    41 -0.367996 -4.208406 0.173244 2.768378 1.110804 2.370875
    42 0.368011 4.208412 -0.173239 3.668185 1.113777 2.453336
    43 0.000000 -2.372318 -0.000004 0.927479 0.000000 0.000000
    44 -0.000006 2.372318 -0.000032 1.656850 0.000000 0.000000
    45 0.000004 -1.580070 -0.000001 0.318371 0.000000 0.000000
    46 -0.000002 1.580170 0.000030 1.180951 0.000000 0.000000
    47 -0.937645 -3.860697 -0.959317 -2.970605 0.823842 2.632123
    48 0.937672 3.860714 0.959333 3.832106 0.921338 2.508790
    49 0.000000 -1.690632 0.000000 0.719375 0.000000 0.000000
    50 -0.000013 1.690666 0.000021 1.516827 0.000000 0.000000
    51 -0.000002 -1.423443 0.000002 0.462042 0.000000 0.000000
    52 0.000008 1.423420 0.000028 0.883830 0.000000 0.000000
    53 -1.546646 -3.404194 -1.915569 -2.736003 0.624815 2.650644
    54 1.546661 3.404217 1.915585 4.075062 0.709183 2.327357
    55 0.000004 -1.437820 0.000000 0.652785 0.000000 0.000000
    56 -0.000021 1.437870 0.000031 1.075158 0.000000 0.000000
    57 -0.000002 -1.059402 0.000000 0.549901 0.000000 0.000000
    58 0.000006 1.059372 0.000008 0.913411 0.000000 0.000000
    59 -0.000004 -13.013485 -0.000004 0.010936 -0.284121 -0.076428
    60 0.161133 -10.812500 0.023087 0.010936 -0.284121 -0.076428
  time 16
    0 0.000000 0.826660 0.000001 -1.559900 -0.000006 -0.000006
    1 -11.297612 13.311159 -4.603559 0.059744 -0.293652 -0.042364
    2 0.000000 14.313023 0.000003 -1.906442 0.000000 0.000000
    3 -0.000011 13.013483 -0.000005 0.037360 0.302105 0.186727
    4 20.812500 21.968750 -10.562500 -3.067358 -0.069739 0.021535
    5 0.000000 -14.313034 0.000000 -1.548730 0.000000 0.000000
    6 -0.000004 -13.013485 -0.000004 2.602084 -0.990278 -3.124313
    7 -1.330879 -2.698427 0.462449 -0.194886 -0.547260 3.056712
    8 1.330910 2.698444 -0.462436 0.194890 0.547268 -0.084879
    9 0.023985 0.088629 0.070332 0.018325 0.049928 -0.177541
    10 -4.925781 -10.460938 3.189453 -2.923375 0.046966 2.500377
    11 0.857833 -1.700485 -0.308546 -3.217905 -0.206690 2.667953
    12 4.777527 6.028128 1.897721 -1.090396 0.577049 -0.321829
    13 5.490345 7.072691 2.428969 -1.090396 0.577049 -0.321829
    14 6.562500 8.648438 3.232422 -1.090396 0.577049 -0.321829
    15 7.558525 6.997282 -2.354134 -1.937336 -0.275393 3.010581
    16 7.558525 6.997282 -2.354134 1.937336 0.275393 -0.131011
    17 -2.867767 -2.740969 0.531125 2.051196 0.577049 -0.321829
    18 4.324081 2.744001 -0.524877 -1.090396 0.577049 -0.321829
    19 5.012512 3.752832 -0.011802 -1.090396 0.577049 -0.321829
    20 5.595486 4.607124 0.422674 -1.090396 0.577049 -0.321829
    21 6.233833 5.542564 0.898426 -1.090396 0.577049 -0.321829
    22 6.946648 6.587124 1.429667 -1.090396 0.577049 -0.321829
    23 7.537933 7.453606 1.870349 -1.090396 0.577049 -0.321829
    24 8.154472 8.357077 2.329839 -1.090396 0.577049 -0.321829
    25 8.874294 9.411907 2.866308 -1.090396 0.577049 -0.321829
    26 -4.125858 -2.321501 1.394414 2.051196 0.577049 -0.321829
    27 -4.826813 -3.348669 0.872014 2.051196 0.577049 -0.321829
    28 -5.441669 -4.249685 0.413772 2.051196 0.577049 -0.321829
    29 -0.552532 -1.343527 1.604446 -0.687882 0.662133 -0.833274
    30 0.552589 1.343534 -1.604463 -0.253607 0.325476 -0.369600
    31 0.000000 -2.021618 -0.000004 0.494293 0.000000 0.000000
    32 -0.000021 2.021633 0.000027 0.023711 0.000000 0.000000
    33 -0.000004 -1.136217 -0.000004 -0.290329 0.000000 0.000000
    34 -0.000011 1.136200 -0.000019 -0.000743 0.000000 0.000000
    35 -0.032677 -4.587727 1.352317 2.568516 1.378586 2.710191
    36 0.032719 4.587772 -1.352291 2.910247 1.157031 2.159654
    37 0.000000 -1.754536 -0.000002 0.829780 0.000000 0.000000
    38 -0.000006 1.754520 -0.000034 0.922049 0.000000 0.000000
    39 0.000000 -1.227020 -0.000002 0.528805 0.000000 0.000000
    40 0.000002 1.227070 0.000032 1.695438 0.000000 0.000000
    41 -0.367996 -4.208406 0.173244 2.768378 1.110804 2.370875
    42 0.368011 4.208412 -0.173239 3.658486 1.113777 2.453336
    43 0.000000 -2.372318 -0.000004 0.927479 0.000000 0.000000
    44 -0.000006 2.372318 -0.000032 1.647198 0.000000 0.000000
    45 0.000004 -1.580070 -0.000001 0.318371 0.000000 0.000000
    46 -0.000002 1.580170 0.000030 1.171280 0.000000 0.000000
    47 -0.937645 -3.860697 -0.959317 -2.970605 0.823842 2.632123
    48 0.937672 3.860714 0.959333 3.822537 0.921338 2.508790
    49 0.000000 -1.690632 0.000000 0.719375 0.000000 0.000000
    50 -0.000013 1.690666 0.000021 1.507163 0.000000 0.000000
    51 -0.000002 -1.423443 0.000002 0.462042 0.000000 0.000000
    52 0.000008 1.423420 0.000028 0.874213 0.000000 0.000000
    53 -1.546646 -3.404194 -1.915569 -2.736003 0.624815 2.650644
    54 1.546661 3.404217 1.915585 4.065371 0.709183 2.327357
    55 0.000004 -1.437820 0.000000 0.652785 0.000000 0.000000
    56 -0.000021 1.437870 0.000031 1.065485 0.000000 0.000000
    57 -0.000002 -1.059402 0.000000 0.549901 0.000000 0.000000
    58 0.000006 1.059372 0.000008 0.903755 0.000000 0.000000
    59 -0.000004 -13.013485 -0.000004 0.010936 -0.284121 -0.076428
    60 0.161133 -10.812500 0.023087 0.010936 -0.284121 -0.076428
  time 17
    0 0.000000 0.826660 0.000001 -1.559900 -0.000006 -0.000006
    1 -11.094481 13.033807 -4.767627 0.079924 -0.192170 -0.031518
    2 0.000000 14.313023 0.000003 -1.899721 0.000000 0.000000
    3 -0.000011 13.013483 -0.000005 0.036500 0.236543 0.115794
    4 20.812500 21.968750 -10.562500 -3.067358 -0.069739 0.021535
    5 0.000000 -14.313034 0.000000 -1.548730 0.000000 0.000000
    6 -0.000004 -13.013485 -0.000004 2.602084 -0.990278 -3.124313
    7 -1.330879 -2.698427 0.462449 -0.194886 -0.547260 3.056712
    8 1.330910 2.698444 -0.462436 0.194890 0.547268 -0.084879
    9 0.023985 0.088629 0.070332 -0.009261 0.023883 -0.112919
    10 -4.925781 -10.460938 3.189453 -2.923375 0.046966 2.500377
    11 0.975024 -1.649702 -0.234325 -3.201285 -0.166685 2.723254
    12 4.777527 6.028128 1.897721 -1.090396 0.577049 -0.321829
    13 5.490345 7.072691 2.428969 -1.090396 0.577049 -0.321829
    14 6.562500 8.648438 3.232422 -1.090396 0.577049 -0.321829
    15 7.558525 6.997282 -2.354134 -1.937336 -0.275393 3.010581
    16 7.558525 6.997282 -2.354134 1.937336 0.275393 -0.131011
    17 -2.867767 -2.740969 0.531125 2.051196 0.577049 -0.321829
    18 4.324081 2.744001 -0.524877 -1.090396 0.577049 -0.321829
    19 5.012512 3.752832 -0.011802 -1.090396 0.577049 -0.321829
    20 5.595486 4.607124 0.422674 -1.090396 0.577049 -0.321829
    21 6.233833 5.542564 0.898426 -1.090396 0.577049 -0.321829
    22 6.946648 6.587124 1.429667 -1.090396 0.577049 -0.321829
    23 7.537933 7.453606 1.870349 -1.090396 0.577049 -0.321829
    24 8.154472 8.357077 2.329839 -1.090396 0.577049 -0.321829
    25 8.874294 9.411907 2.866308 -1.090396 0.577049 -0.321829
    26 -4.125858 -2.321501 1.394414 2.051196 0.577049 -0.321829
    27 -4.826813 -3.348669 0.872014 2.051196 0.577049 -0.321829
    28 -5.441669 -4.249685 0.413772 2.051196 0.577049 -0.321829
    29 -0.552532 -1.343527 1.604446 -0.687882 0.662133 -0.833274
    30 0.552589 1.343534 -1.604463 -0.253607 0.325476 -0.369600
    31 0.000000 -2.021618 -0.000004 0.494293 0.000000 0.000000
    32 -0.000021 2.021633 0.000027 0.023711 0.000000 0.000000
    33 -0.000004 -1.136217 -0.000004 -0.290329 0.000000 0.000000
    34 -0.000011 1.136200 -0.000019 -0.000743 0.000000 0.000000
    35 -0.032677 -4.587727 1.352317 2.568516 1.378586 2.710191
    36 0.032719 4.587772 -1.352291 2.901913 1.157031 2.159654
    37 0.000000 -1.754536 -0.000002 0.829780 0.000000 0.000000
    38 -0.000006 1.754520 -0.000034 0.913749 0.000000 0.000000
    39 0.000000 -1.227020 -0.000002 0.528805 0.000000 0.000000
    40 0.000002 1.227070 0.000032 1.686984 0.000000 0.000000
    41 -0.367996 -4.208406 0.173244 2.768378 1.110804 2.370875
    42 0.368011 4.208412 -0.173239 3.650223 1.113777 2.453336
    43 0.000000 -2.372318 -0.000004 0.927479 0.000000 0.000000
    44 -0.000006 2.372318 -0.000032 1.638818 0.000000 0.000000
    45 0.000004 -1.580070 -0.000001 0.318371 0.000000 0.000000
    46 -0.000002 1.580170 0.000030 1.162975 0.000000 0.000000
    47 -0.937645 -3.860697 -0.959317 -2.970605 0.823842 2.632123
    48 0.937672 3.860714 0.959333 3.814176 0.921338 2.508790
    49 0.000000 -1.690632 0.000000 0.719375 0.000000 0.000000
    50 -0.000013 1.690666 0.000021 1.498850 0.000000 0.000000
    51 -0.000002 -1.423443 0.000002 0.462042 0.000000 0.000000
    52 0.000008 1.423420 0.000028 0.865917 0.000000 0.000000
    53 -1.546646 -3.404194 -1.915569 -2.736003 0.624815 2.650644
    54 1.546661 3.404217 1.915585 4.056972 0.709183 2.327357
    55 0.000004 -1.437820 0.000000 0.652785 0.000000 0.000000
    56 -0.000021 1.437870 0.000031 1.057202 0.000000 0.000000
    57 -0.000002 -1.059402 0.000000 0.549901 0.000000 0.000000
    58 0.000006 1.059372 0.000008 0.895402 0.000000 0.000000
    59 -0.000004 -13.013485 -0.000004 0.010936 -0.284121 -0.076428
    60 0.161133 -10.812500 0.023087 0.010936 -0.284121 -0.076428
  time 18
    0 0.000000 0.826660 0.000001 -1.559900 -0.000006 -0.000006
    1 -10.789784 12.615826 -5.013728 0.084439 -0.075762 -0.010972
    2 0.000000 14.313023 0.000003 -1.885791 0.000000 0.000000
    3 -0.000011 13.013483 -0.000005 0.053603 0.155038 0.030674
    4 20.812500 21.968750 -10.562500 -3.067358 -0.069739 0.021535
    5 0.000000 -14.313034 0.000000 -1.548730 0.000000 0.000000
    6 -0.000004 -13.013485 -0.000004 2.602084 -0.990278 -3.124313
    7 -1.330879 -2.698427 0.462449 -0.194886 -0.547260 3.056712
    8 1.330910 2.698444 -0.462436 0.194890 0.547268 -0.084879
    9 0.023985 0.088629 0.070332 -0.048916 0.001477 -0.030509
    10 -4.925781 -10.460938 3.189453 -2.923375 0.046966 2.500377
    11 1.111747 -1.571574 -0.148385 -3.173616 -0.124303 2.796094
    12 4.777527 6.028128 1.897721 -1.090396 0.577049 -0.321829
    13 5.490345 7.072691 2.428969 -1.090396 0.577049 -0.321829
    14 6.562500 8.648438 3.232422 -1.090396 0.577049 -0.321829
    15 7.558525 6.997282 -2.354134 -1.937336 -0.275393 3.010581
    16 7.558525 6.997282 -2.354134 1.937336 0.275393 -0.131011
    17 -2.867767 -2.740969 0.531125 2.051196 0.577049 -0.321829
    18 4.324081 2.744001 -0.524877 -1.090396 0.577049 -0.321829
    19 5.012512 3.752832 -0.011802 -1.090396 0.577049 -0.321829
    20 5.595486 4.607124 0.422674 -1.090396 0.577049 -0.321829
    21 6.233833 5.542564 0.898426 -1.090396 0.577049 -0.321829
    22 6.946648 6.587124 1.429667 -1.090396 0.577049 -0.321829
    23 7.537933 7.453606 1.870349 -1.090396 0.577049 -0.321829
    24 8.154472 8.357077 2.329839 -1.090396 0.577049 -0.321829
    25 8.874294 9.411907 2.866308 -1.090396 0.577049 -0.321829
    26 -4.125858 -2.321501 1.394414 2.051196 0.577049 -0.321829
    27 -4.826813 -3.348669 0.872014 2.051196 0.577049 -0.321829
    28 -5.441669 -4.249685 0.413772 2.051196 0.577049 -0.321829
    29 -0.552532 -1.343527 1.604446 -0.687882 0.662133 -0.833274
    30 0.552589 1.343534 -1.604463 -0.253607 0.325476 -0.369600
    31 0.000000 -2.021618 -0.000004 0.494293 0.000000 0.000000
    32 -0.000021 2.021633 0.000027 0.023711 0.000000 0.000000
    33 -0.000004 -1.136217 -0.000004 -0.290329 0.000000 0.000000
    34 -0.000011 1.136200 -0.000019 -0.000743 0.000000 0.000000
    35 -0.032677 -4.587727 1.352317 2.568516 1.378586 2.710191
    36 0.032719 4.587772 -1.352291 2.895402 1.157031 2.159654
    37 0.000000 -1.754536 -0.000002 0.829780 0.000000 0.000000
    38 -0.000006 1.754520 -0.000034 0.907263 0.000000 0.000000
    39 0.000000 -1.227020 -0.000002 0.528805 0.000000 0.000000
    40 0.000002 1.227070 0.000032 1.680594 0.000000 0.000000
    41 -0.367996 -4.208406 0.173244 2.768378 1.110804 2.370875
    42 0.368011 4.208412 -0.173239 3.643756 1.113777 2.453336
    43 0.000000 -2.372318 -0.000004 0.927479 0.000000 0.000000
    44 -0.000006 2.372318 -0.000032 1.632325 0.000000 0.000000
    45 0.000004 -1.580070 -0.000001 0.318371 0.000000 0.000000
    46 -0.000002 1.580170 0.000030 1.156489 0.000000 0.000000
    47 -0.937645 -3.860697 -0.959317 -2.970605 0.823842 2.632123
    48 0.937672 3.860714 0.959333 3.807673 0.921338 2.508790
    49 0.000000 -1.690632 0.000000 0.719375 0.000000 0.000000
    50 -0.000013 1.690666 0.000021 1.492341 0.000000 0.000000
    51 -0.000002 -1.423443 0.000002 0.462042 0.000000 0.000000
    52 0.000008 1.423420 0.000028 0.859384 0.000000 0.000000
    53 -1.546646 -3.404194 -1.915569 -2.736003 0.624815 2.650644
    54 1.546661 3.404217 1.915585 4.050604 0.709183 2.327357
    55 0.000004 -1.437820 0.000000 0.652785 0.000000 0.000000
    56 -0.000021 1.437870 0.000031 1.050682 0.000000 0.000000
    57 -0.000002 -1.059402 0.000000 0.549901 0.000000 0.000000
    58 0.000006 1.059372 0.000008 0.888945 0.000000 0.000000
    59 -0.000004 -13.013485 -0.000004 0.010936 -0.284121 -0.076428
    60 0.161133 -10.812500 0.023087 0.010936 -0.284121 -0.076428
  time 19
    0 0.000000 0.826660 0.000001 -1.559900 -0.000006 -0.000006
    1 -10.395241 12.084559 -5.330144 0.071631 0.034066 0.023018
    2 0.000000 14.313023 0.000003 -1.860985 0.000000 0.000000
    3 -0.000011 13.013483 -0.000005 0.076439 0.076835 -0.051283
    4 20.812500 21.968750 -10.562500 -3.067358 -0.069739 0.021535
    5 0.000000 -14.313034 0.000000 -1.548730 0.000000 0.000000
    6 -0.000004 -13.013485 -0.000004 2.602084 -0.990278 -3.124313
    7 -1.330879 -2.698427 0.462449 -0.194886 -0.547260 3.056712
    8 1.330910 2.698444 -0.462436 0.194890 0.547268 -0.084879
    9 0.023985 0.088629 0.070332 -0.080334 0.019489 0.049630
    10 -4.925781 -10.460938 3.189453 -2.923375 0.046966 2.500377
    11 1.232844 -1.481728 -0.121041 -3.142169 -0.120707 -3.415025
    12 4.777527 6.028128 1.897721 -1.090396 0.577049 -0.321829
    13 5.490345 7.072691 2.428969 -1.090396 0.577049 -0.321829
    14 6.562500 8.648438 3.232422 -1.090396 0.577049 -0.321829
    15 7.558525 6.997282 -2.354134 -1.937336 -0.275393 3.010581
    16 7.558525 6.997282 -2.354134 1.937336 0.275393 -0.131011
    17 -2.867767 -2.740969 0.531125 2.051196 0.577049 -0.321829
    18 4.324081 2.744001 -0.524877 -1.090396 0.577049 -0.321829
    19 5.012512 3.752832 -0.011802 -1.090396 0.577049 -0.321829
    20 5.595486 4.607124 0.422674 -1.090396 0.577049 -0.321829
    21 6.233833 5.542564 0.898426 -1.090396 0.577049 -0.321829
    22 6.946648 6.587124 1.429667 -1.090396 0.577049 -0.321829
    23 7.537933 7.453606 1.870349 -1.090396 0.577049 -0.321829
    24 8.154472 8.357077 2.329839 -1.090396 0.577049 -0.321829
    25 8.874294 9.411907 2.866308 -1.090396 0.577049 -0.321829
    26 -4.125858 -2.321501 1.394414 2.051196 0.577049 -0.321829
    27 -4.826813 -3.348669 0.872014 2.051196 0.577049 -0.321829
    28 -5.441669 -4.249685 0.413772 2.051196 0.577049 -0.321829
    29 -0.552532 -1.343527 1.604446 -0.687882 0.662133 -0.833274
    30 0.552589 1.343534 -1.604463 -0.253607 0.325476 -0.369600
    31 0.000000 -2.021618 -0.000004 0.494293 0.000000 0.000000
    32 -0.000021 2.021633 0.000027 0.023711 0.000000 0.000000
    33 -0.000004 -1.136217 -0.000004 -0.290329 0.000000 0.000000
    34 -0.000011 1.136200 -0.000019 -0.000743 0.000000 0.000000
    35 -0.032677 -4.587727 1.352317 2.568516 1.378586 2.710191
    36 0.032719 4.587772 -1.352291 2.891235 1.157031 2.159654
    37 0.000000 -1.754536 -0.000002 0.829780 0.000000 0.000000
    38 -0.000006 1.754520 -0.000034 0.903046 0.000000 0.000000
    39 0.000000 -1.227020 -0.000002 0.528805 0.000000 0.000000
    40 0.000002 1.227070 0.000032 1.676333 0.000000 0.000000
    41 -0.367996 -4.208406 0.173244 2.768378 1.110804 2.370875
    42 0.368011 4.208412 -0.173239 3.639535 1.113777 2.453336
    43 0.000000 -2.372318 -0.000004 0.927479 0.000000 0.000000
    44 -0.000006 2.372318 -0.000032 1.628158 0.000000 0.000000
    45 0.000004 -1.580070 -0.000001 0.318371 0.000000 0.000000
    46 -0.000002 1.580170 0.000030 1.152280 0.000000 0.000000
    47 -0.937645 -3.860697 -0.959317 -2.970605 0.823842 2.632123
    48 0.937672 3.860714 0.959333 3.803492 0.921338 2.508790
    49 0.000000 -1.690632 0.000000 0.719375 0.000000 0.000000
    50 -0.000013 1.690666 0.000021 1.488134 0.000000 0.000000
    51 -0.000002 -1.423443 0.000002 0.462042 0.000000 0.000000
    52 0.000008 1.423420 0.000028 0.855199 0.000000 0.000000
    53 -1.546646 -3.404194 -1.915569 -2.736003 0.624815 2.650644
    54 1.546661 3.404217 1.915585 4.046266 0.709183 2.327357
    55 0.000004 -1.437820 0.000000 0.652785 0.000000 0.000000
    56 -0.000021 1.437870 0.000031 1.046461 0.000000 0.000000
    57 -0.000002 -1.059402 0.000000 0.549901 0.000000 0.000000
    58 0.000006 1.059372 0.000008 0.884679 0.000000 0.000000
    59 -0.000004 -13.013485 -0.000004 0.010936 -0.284121 -0.076428
    60 0.161133 -10.812500 0.023087 0.010936 -0.284121 -0.076428
  time 20
    0 0.000000 0.826660 0.000001 -1.559900 -0.000006 -0.000006
    1 -9.942102 11.471259 -5.693436 0.046014 0.116186 0.074346
    2 0.000000 14.313023 0.000003 -1.827076 0.000000 0.000000
    3 -0.000011 13.013483 -0.000005 0.097651 0.023112 -0.113302
    4 20.812500 21.968750 -10.562500 -3.067358 -0.069739 0.021535
    5 0.000000 -14.313034 0.000000 -1.548730 0.000000 0.000000
    6 -0.000004 -13.013485 -0.000004 2.602084 -0.990278 -3.124313
    7 -1.330879 -2.698427 0.462449 -0.194886 -0.547260 3.056712
    8 1.330910 2.698444 -0.462436 0.194890 0.547268 -0.084879
    9 0.023985 0.088629 0.070332 -0.100353 0.103400 0.103466
    10 -4.925781 -10.460938 3.189453 -2.923375 0.046966 2.500377
    11 1.299253 -1.415320 -0.187449 -3.100618 -0.181390 -3.369788
    12 4.777527 6.028128 1.897721 -1.090396 0.577049 -0.321829
    13 5.490345 7.072691 2.428969 -1.090396 0.577049 -0.321829
    14 6.562500 8.648438 3.232422 -1.090396 0.577049 -0.321829
    15 7.558525 6.997282 -2.354134 -1.937336 -0.275393 3.010581
    16 7.558525 6.997282 -2.354134 1.937336 0.275393 -0.131011
    17 -2.867767 -2.740969 0.531125 2.051196 0.577049 -0.321829
    18 4.324081 2.744001 -0.524877 -1.090396 0.577049 -0.321829
    19 5.012512 3.752832 -0.011802 -1.090396 0.577049 -0.321829
    20 5.595486 4.607124 0.422674 -1.090396 0.577049 -0.321829
    21 6.233833 5.542564 0.898426 -1.090396 0.577049 -0.321829
    22 6.946648 6.587124 1.429667 -1.090396 0.577049 -0.321829
    23 7.537933 7.453606 1.870349 -1.090396 0.577049 -0.321829
    24 8.154472 8.357077 2.329839 -1.090396 0.577049 -0.321829
    25 8.874294 9.411907 2.866308 -1.090396 0.577049 -0.321829
    26 -4.125858 -2.321501 1.394414 2.051196 0.577049 -0.321829
    27 -4.826813 -3.348669 0.872014 2.051196 0.577049 -0.321829
    28 -5.441669 -4.249685 0.413772 2.051196 0.577049 -0.321829
    29 -0.552532 -1.343527 1.604446 -0.687882 0.662133 -0.833274
    30 0.552589 1.343534 -1.604463 -0.253607 0.325476 -0.369600
    31 0.000000 -2.021618 -0.000004 0.494293 0.000000 0.000000
    32 -0.000021 2.021633 0.000027 0.023711 0.000000 0.000000
    33 -0.000004 -1.136217 -0.000004 -0.290329 0.000000 0.000000
    34 -0.000011 1.136200 -0.000019 -0.000743 0.000000 0.000000
    35 -0.032677 -4.587727 1.352317 2.568516 1.378586 2.710191
    36 0.032719 4.587772 -1.352291 2.889759 1.157068 2.159654
    37 0.000000 -1.754536 -0.000002 0.829780 0.000000 0.000000
    38 -0.000006 1.754520 -0.000034 0.901549 0.000000 0.000000
    39 0.000000 -1.227020 -0.000002 0.528805 0.000000 0.000000
    40 0.000002 1.227070 0.000032 1.674869 0.000000 0.000000
    41 -0.367996 -4.208406 0.173244 2.768378 1.110804 2.370875
    42 0.368011 4.208412 -0.173239 3.638008 1.113777 2.453336
    43 0.000000 -2.372318 -0.000004 0.927479 0.000000 0.000000
    44 -0.000006 2.372318 -0.000032 1.626622 0.000000 0.000000
    45 0.000004 -1.580070 -0.000001 0.318371 0.000000 0.000000
    46 -0.000002 1.580170 0.000030 1.150744 0.000000 0.000000
    47 -0.937645 -3.860697 -0.959317 -2.970605 0.823842 2.632123
    48 0.937672 3.860714 0.959333 3.801913 0.921338 2.508790
    49 0.000000 -1.690632 0.000000 0.719375 0.000000 0.000000
    50 -0.000013 1.690666 0.000021 1.486632 0.000000 0.000000
    51 -0.000002 -1.423443 0.000002 0.462042 0.000000 0.000000
    52 0.000008 1.423420 0.000028 0.853658 0.000000 0.000000
    53 -1.546646 -3.404194 -1.915569 -2.736003 0.624815 2.650644
    54 1.546661 3.404217 1.915585 4.044789 0.709183 2.327357
    55 0.000004 -1.437820 0.000000 0.652785 0.000000 0.000000
    56 -0.000021 1.437870 0.000031 1.044964 0.000000 0.000000
    57 -0.000002 -1.059402 0.000000 0.549901 0.000000 0.000000
    58 0.000006 1.059372 0.000008 0.883198 0.000000 0.000000
    59 -0.000004 -13.013485 -0.000004 0.010936 -0.284121 -0.076428
    60 0.161133 -10.812500 0.023087 0.010936 -0.284121 -0.076428
  time 21
    0 0.000000 0.826660 0.000001 -1.559900 -0.000006 -0.000006
    1 -9.461618 10.814989 -6.084073 0.015882 0.156006 0.145610
    2 0.000000 14.313023 0.000003 -1.791089 0.000000 0.000000
    3 -0.000011 13.013483 -0.000005 0.114755 0.015329 -0.145893
    4 20.812500 21.968750 -10.562500 -3.067358 -0.069739 0.021535
    5 0.000000 -14.313034 0.000000 -1.548730 0.000000 0.000000
    6 -0.000004 -13.013485 -0.000004 2.602084 -0.990278 -3.124313
    7 -1.330879 -2.698427 0.462449 -0.194886 -0.547260 3.056712
    8 1.330910 2.698444 -0.462436 0.194890 0.547268 -0.084879
    9 0.023985 0.088629 0.070332 -0.117308 0.147332 0.129485
    10 -4.925781 -10.460938 3.189453 -2.923375 0.046966 2.500377
    11 1.330504 -1.384069 -0.210887 -3.075121 -0.204186 -3.349086
    12 4.777527 6.028128 1.897721 -1.090396 0.577049 -0.321829
    13 5.490345 7.072691 2.428969 -1.090396 0.577049 -0.321829
    14 6.562500 8.648438 3.232422 -1.090396 0.577049 -0.321829
    15 7.558525 6.997282 -2.354134 -1.937336 -0.275393 3.010581
    16 7.558525 6.997282 -2.354134 1.937336 0.275393 -0.131011
    17 -2.867767 -2.740969 0.531125 2.051196 0.577049 -0.321829
    18 4.324081 2.744001 -0.524877 -1.090396 0.577049 -0.321829
    19 5.012512 3.752832 -0.011802 -1.090396 0.577049 -0.321829
    20 5.595486 4.607124 0.422674 -1.090396 0.577049 -0.321829
    21 6.233833 5.542564 0.898426 -1.090396 0.577049 -0.321829
    22 6.946648 6.587124 1.429667 -1.090396 0.577049 -0.321829
    23 7.537933 7.453606 1.870349 -1.090396 0.577049 -0.321829
    24 8.154472 8.357077 2.329839 -1.090396 0.577049 -0.321829
    25 8.874294 9.411907 2.866308 -1.090396 0.577049 -0.321829
    26 -4.125858 -2.321501 1.394414 2.051196 0.577049 -0.321829
    27 -4.826813 -3.348669 0.872014 2.051196 0.577049 -0.321829
    28 -5.441669 -4.249685 0.413772 2.051196 0.577049 -0.321829
    29 -0.552532 -1.343527 1.604446 -0.687882 0.662133 -0.833274
    30 0.552589 1.343534 -1.604463 -0.251778 0.325476 -0.369600
    31 0.000000 -2.021618 -0.000004 0.494293 0.000000 0.000000
    32 -0.000021 2.021633 0.000027 0.025504 0.000000 0.000000
    33 -0.000004 -1.136217 -0.000004 -0.290329 0.000000 0.000000
    34 -0.000011 1.136200 -0.000019 0.001116 0.000000 0.000000
    35 -0.032677 -4.587727 1.352317 2.568516 1.378586 2.710191
    36 0.032719 4.587772 -1.352291 2.902955 1.164491 2.166631
    37 0.000000 -1.754536 -0.000002 0.829780 0.000000 0.000000
    38 -0.000006 1.754520 -0.000034 0.907944 0.000000 0.000000
    39 0.000000 -1.227020 -0.000002 0.528805 0.000000 0.000000
    40 0.000002 1.227070 0.000032 1.681193 0.000000 0.000000
    41 -0.367996 -4.208406 0.173244 2.768378 1.110804 2.370875
    42 0.368011 4.208412 -0.173239 3.638008 1.113777 2.453336
    43 0.000000 -2.372318 -0.000004 0.927479 0.000000 0.000000
    44 -0.000006 2.372318 -0.000032 1.626622 0.000000 0.000000
    45 0.000004 -1.580070 -0.000001 0.318371 0.000000 0.000000
    46 -0.000002 1.580170 0.000030 1.150744 0.000000 0.000000
    47 -0.937645 -3.860697 -0.959317 -2.970605 0.823842 2.632123
    48 0.937672 3.860714 0.959333 3.801913 0.921338 2.508790
    49 0.000000 -1.690632 0.000000 0.719375 0.000000 0.000000
    50 -0.000013 1.690666 0.000021 1.486632 0.000000 0.000000
    51 -0.000002 -1.423443 0.000002 0.462042 0.000000 0.000000
    52 0.000008 1.423420 0.000028 0.853658 0.000000 0.000000
    53 -1.546646 -3.404194 -1.915569 -2.736003 0.624815 2.650644
    54 1.546661 3.404217 1.915585 4.044789 0.709183 2.327357
    55 0.000004 -1.437820 0.000000 0.652785 0.000000 0.000000
    56 -0.000021 1.437870 0.000031 1.044964 0.000000 0.000000
    57 -0.000002 -1.059402 0.000000 0.549901 0.000000 0.000000
    58 0.000006 1.059372 0.000008 0.883198 0.000000 0.000000
    59 -0.000004 -13.013485 -0.000004 0.010936 -0.284121 -0.076428
    60 0.161133 -10.812500 0.023087 0.010936 -0.284121 -0.076428
  time 22
    0 0.000000 0.826660 0.000001 -1.559900 -0.000006 -0.000006
    1 -8.961603 10.139188 -6.486429 -0.013789 0.146183 0.239558
    2 0.000000 14.313023 0.000003 -1.762556 0.000000 0.000000
    3 -0.000011 13.013483 -0.000005 0.136158 0.049101 -0.146564
    4 20.812500 21.968750 -10.562500 -3.067358 -0.069739 0.021535
    5 0.000000 -14.313034 0.000000 -1.548730 0.000000 0.000000
    6 -0.000004 -13.013485 -0.000004 2.602084 -0.990278 -3.124313
    7 -1.330879 -2.698427 0.462449 -0.194886 -0.547260 3.056712
    8 1.330910 2.698444 -0.462436 0.194890 0.547268 -0.084879
    9 0.023985 0.088629 0.070332 -0.143170 0.124864 0.129958
    10 -4.925781 -10.460938 3.189453 -2.923375 0.046966 2.500377
    11 1.338316 -1.380162 -0.144479 -3.063411 -0.160841 -3.348511
    12 4.777527 6.028128 1.897721 -1.090396 0.577049 -0.321829
    13 5.490345 7.072691 2.428969 -1.090396 0.577049 -0.321829
    14 6.562500 8.648438 3.232422 -1.090396 0.577049 -0.321829
    15 7.558525 6.997282 -2.354134 -1.937336 -0.275393 3.010581
    16 7.558525 6.997282 -2.354134 1.937336 0.275393 -0.131011
    17 -2.867767 -2.740969 0.531125 2.051196 0.577049 -0.321829
    18 4.324081 2.744001 -0.524877 -1.090396 0.577049 -0.321829
    19 5.012512 3.752832 -0.011802 -1.090396 0.577049 -0.321829
    20 5.595486 4.607124 0.422674 -1.090396 0.577049 -0.321829
    21 6.233833 5.542564 0.898426 -1.090396 0.577049 -0.321829
    22 6.946648 6.587124 1.429667 -1.090396 0.577049 -0.321829
    23 7.537933 7.453606 1.870349 -1.090396 0.577049 -0.321829
    24 8.154472 8.357077 2.329839 -1.090396 0.577049 -0.321829
    25 8.874294 9.411907 2.866308 -1.090396 0.577049 -0.321829
    26 -4.125858 -2.321501 1.394414 2.051196 0.577049 -0.321829
    27 -4.826813 -3.348669 0.872014 2.051196 0.577049 -0.321829
    28 -5.441669 -4.249685 0.413772 2.051196 0.577049 -0.321829
    29 -0.552532 -1.343527 1.604446 -0.687882 0.662133 -0.833274
    30 0.552589 1.343534 -1.604463 -0.246918 0.325476 -0.369600
    31 0.000000 -2.021618 -0.000004 0.494293 0.000000 0.000000
    32 -0.000021 2.021633 0.000027 0.030395 0.000000 0.000000
    33 -0.000004 -1.136217 -0.000004 -0.290329 0.000000 0.000000
    34 -0.000011 1.136200 -0.000019 0.005949 0.000000 0.000000
    35 -0.032677 -4.587727 1.352317 2.568516 1.378586 2.710191
    36 0.032719 4.587772 -1.352291 2.939503 1.184347 2.186576
    37 0.000000 -1.754536 -0.000002 0.829780 0.000000 0.000000
    38 -0.000006 1.754520 -0.000034 0.925088 0.000000 0.000000
    39 0.000000 -1.227020 -0.000002 0.528805 0.000000 0.000000
    40 0.000002 1.227070 0.000032 1.698367 0.000000 0.000000
    41 -0.367996 -4.208406 0.173244 2.768378 1.110804 2.370875
    42 0.368011 4.208412 -0.173239 3.638008 1.113777 2.453336
    43 0.000000 -2.372318 -0.000004 0.927479 0.000000 0.000000
    44 -0.000006 2.372318 -0.000032 1.626622 0.000000 0.000000
    45 0.000004 -1.580070 -0.000001 0.318371 0.000000 0.000000
    46 -0.000002 1.580170 0.000030 1.150744 0.000000 0.000000
    47 -0.937645 -3.860697 -0.959317 -2.970605 0.823842 2.632123
    48 0.937672 3.860714 0.959333 3.801913 0.921338 2.508790
    49 0.000000 -1.690632 0.000000 0.719375 0.000000 0.000000
    50 -0.000013 1.690666 0.000021 1.486632 0.000000 0.000000
    51 -0.000002 -1.423443 0.000002 0.462042 0.000000 0.000000
    52 0.000008 1.423420 0.000028 0.853658 0.000000 0.000000
    53 -1.546646 -3.404194 -1.915569 -2.736003 0.624815 2.650644
    54 1.546661 3.404217 1.915585 4.044789 0.709183 2.327357
    55 0.000004 -1.437820 0.000000 0.652785 0.000000 0.000000
    56 -0.000021 1.437870 0.000031 1.044964 0.000000 0.000000
    57 -0.000002 -1.059402 0.000000 0.549901 0.000000 0.000000
    58 0.000006 1.059372 0.000008 0.883198 0.000000 0.000000
    59 -0.000004 -13.013485 -0.000004 0.010936 -0.284121 -0.076428
    60 0.161133 -10.812500 0.023087 0.010936 -0.284121 -0.076428
  time 23
    0 0.000000 0.826660 0.000001 -1.559900 -0.000006 -0.000006
    1 -8.481120 9.479011 -6.877066 -0.045856 0.101212 0.357262
    2 0.000000 14.313023 0.000003 -1.744288 0.000000 0.000000
    3 -0.000011 13.013483 -0.000005 0.169791 0.110465 -0.125092
    4 20.812500 21.968750 -10.562500 -3.067358 -0.069739 0.021535
    5 0.000000 -14.313034 0.000000 -1.548730 0.000000 0.000000
    6 -0.000004 -13.013485 -0.000004 2.602084 -0.990278 -3.124313
    7 -1.330879 -2.698427 0.462449 -0.194886 -0.547260 3.056712
    8 1.330910 2.698444 -0.462436 0.194890 0.547268 -0.084879
    9 0.023985 0.088629 0.070332 -0.183017 0.077229 0.112076
    10 -4.925781 -10.460938 3.189453 -2.923375 0.046966 2.500377
    11 1.326597 -1.403601 -0.031194 -3.047263 -0.089049 -3.364804
    12 4.777527 6.028128 1.897721 -1.090396 0.577049 -0.321829
    13 5.490345 7.072691 2.428969 -1.090396 0.577049 -0.321829
    14 6.562500 8.648438 3.232422 -1.090396 0.577049 -0.321829
    15 7.558525 6.997282 -2.354134 -1.937336 -0.275393 3.010581
    16 7.558525 6.997282 -2.354134 1.937336 0.275393 -0.131011
    17 -2.867767 -2.740969 0.531125 2.051196 0.577049 -0.321829
    18 4.324081 2.744001 -0.524877 -1.090396 0.577049 -0.321829
    19 5.012512 3.752832 -0.011802 -1.090396 0.577049 -0.321829
    20 5.595486 4.607124 0.422674 -1.090396 0.577049 -0.321829
    21 6.233833 5.542564 0.898426 -1.090396 0.577049 -0.321829
    22 6.946648 6.587124 1.429667 -1.090396 0.577049 -0.321829
    23 7.537933 7.453606 1.870349 -1.090396 0.577049 -0.321829
    24 8.154472 8.357077 2.329839 -1.090396 0.577049 -0.321829
    25 8.874294 9.411907 2.866308 -1.090396 0.577049 -0.321829
    26 -4.125858 -2.321501 1.394414 2.051196 0.577049 -0.321829
    27 -4.826813 -3.348669 0.872014 2.051196 0.577049 -0.321829
    28 -5.441669 -4.249685 0.413772 2.051196 0.577049 -0.321829
    29 -0.552532 -1.343527 1.604446 -0.687882 0.662133 -0.833274
    30 0.552589 1.343534 -1.604463 -0.239810 0.325476 -0.369600
    31 0.000000 -2.021618 -0.000004 0.494293 0.000000 0.000000
    32 -0.000021 2.021633 0.000027 0.037513 0.000000 0.000000
    33 -0.000004 -1.136217 -0.000004 -0.290329 0.000000 0.000000
    34 -0.000011 1.136200 -0.000019 0.013060 0.000000 0.000000
    35 -0.032677 -4.587727 1.352317 2.568516 1.378586 2.710191
    36 0.032719 4.587772 -1.352291 2.995845 1.212888 2.219261
    37 0.000000 -1.754536 -0.000002 0.829780 0.000000 0.000000
    38 -0.000006 1.754520 -0.000034 0.949987 0.000000 0.000000
    39 0.000000 -1.227020 -0.000002 0.528805 0.000000 0.000000
    40 0.000002 1.227070 0.000032 1.723196 0.000000 0.000000
    41 -0.367996 -4.208406 0.173244 2.768378 1.110804 2.370875
    42 0.368011 4.208412 -0.173239 3.638008 1.113777 2.453336
    43 0.000000 -2.372318 -0.000004 0.927479 0.000000 0.000000
    44 -0.000006 2.372318 -0.000032 1.626622 0.000000 0.000000
    45 0.000004 -1.580070 -0.000001 0.318371 0.000000 0.000000
    46 -0.000002 1.580170 0.000030 1.150744 0.000000 0.000000
    47 -0.937645 -3.860697 -0.959317 -2.970605 0.823842 2.632123
    48 0.937672 3.860714 0.959333 3.801913 0.921338 2.508790
    49 0.000000 -1.690632 0.000000 0.719375 0.000000 0.000000
    50 -0.000013 1.690666 0.000021 1.486632 0.000000 0.000000
    51 -0.000002 -1.423443 0.000002 0.462042 0.000000 0.000000
    52 0.000008 1.423420 0.000028 0.853658 0.000000 0.000000
    53 -1.546646 -3.404194 -1.915569 -2.736003 0.624815 2.650644
    54 1.546661 3.404217 1.915585 4.044789 0.709183 2.327357
    55 0.000004 -1.437820 0.000000 0.652785 0.000000 0.000000
    56 -0.000021 1.437870 0.000031 1.044964 0.000000 0.000000
    57 -0.000002 -1.059402 0.000000 0.549901 0.000000 0.000000
    58 0.000006 1.059372 0.000008 0.883198 0.000000 0.000000
    59 -0.000004 -13.013485 -0.000004 0.010936 -0.284121 -0.076428
    60 0.161133 -10.812500 0.023087 0.010936 -0.284121 -0.076428
  time 24
    0 0.000000 0.826660 0.000001 -1.559900 -0.000006 -0.000006
    1 -8.031887 8.869618 -7.240358 -0.085203 0.044081 0.497803
    2 0.000000 14.313023 0.000003 -1.731702 0.000000 0.000000
    3 -0.000011 13.013483 -0.000005 0.209922 0.203337 -0.091734
    4 20.812500 21.968750 -10.562500 -3.067358 -0.069739 0.021535
    5 0.000000 -14.313034 0.000000 -1.548730 0.000000 0.000000
    6 -0.000004 -13.013485 -0.000004 2.602084 -0.990278 -3.124313
    7 -1.330879 -2.698427 0.462449 -0.194886 -0.547260 3.056712
    8 1.330910 2.698444 -0.462436 0.194890 0.547268 -0.084879
    9 0.023985 0.088629 0.070332 -0.227940 0.038568 0.083313
    10 -4.925781 -10.460938 3.189453 -2.923375 0.046966 2.500377
    11 1.287534 -1.434852 0.085997 -3.022899 -0.024385 -3.391544
    12 4.777527 6.028128 1.897721 -1.090396 0.577049 -0.321829
    13 5.490345 7.072691 2.428969 -1.090396 0.577049 -0.321829
    14 6.562500 8.648438 3.232422 -1.090396 0.577049 -0.321829
    15 7.558525 6.997282 -2.354134 -1.937336 -0.275393 3.010581
    16 7.558525 6.997282 -2.354134 1.937336 0.275393 -0.131011
    17 -2.867767 -2.740969 0.531125 2.051196 0.577049 -0.321829
    18 4.324081 2.744001 -0.524877 -1.090396 0.577049 -0.321829
    19 5.012512 3.752832 -0.011802 -1.090396 0.577049 -0.321829
    20 5.595486 4.607124 0.422674 -1.090396 0.577049 -0.321829
    21 6.233833 5.542564 0.898426 -1.090396 0.577049 -0.321829
    22 6.946648 6.587124 1.429667 -1.090396 0.577049 -0.321829
    23 7.537933 7.453606 1.870349 -1.090396 0.577049 -0.321829
    24 8.154472 8.357077 2.329839 -1.090396 0.577049 -0.321829
    25 8.874294 9.411907 2.866308 -1.090396 0.577049 -0.321829
    26 -4.125858 -2.321501 1.394414 2.051196 0.577049 -0.321829
    27 -4.826813 -3.348669 0.872014 2.051196 0.577049 -0.321829
    28 -5.441669 -4.249685 0.413772 2.051196 0.577049 -0.321829
    29 -0.552532 -1.343527 1.604446 -0.687882 0.662133 -0.833274
    30 0.552589 1.343534 -1.604463 -0.231448 0.325476 -0.369600
    31 0.000000 -2.021618 -0.000004 0.494293 0.000000 0.000000
    32 -0.000021 2.021633 0.000027 0.045881 0.000000 0.000000
    33 -0.000004 -1.136217 -0.000004 -0.290329 0.000000 0.000000
    34 -0.000011 1.136200 -0.000019 0.021472 0.000000 0.000000
    35 -0.032677 -4.587727 1.352317 2.568516 1.378586 2.710191
    36 0.032719 4.587772 -1.352291 3.068508 1.245993 2.264535
    37 0.000000 -1.754536 -0.000002 0.829780 0.000000 0.000000
    38 -0.000006 1.754520 -0.000034 0.979331 0.000000 0.000000
    39 0.000000 -1.227020 -0.000002 0.528805 0.000000 0.000000
    40 0.000002 1.227070 0.000032 1.752485 0.000000 0.000000
    41 -0.367996 -4.208406 0.173244 2.768378 1.110804 2.370875
    42 0.368011 4.208412 -0.173239 3.638008 1.113777 2.453336
    43 0.000000 -2.372318 -0.000004 0.927479 0.000000 0.000000
    44 -0.000006 2.372318 -0.000032 1.626622 0.000000 0.000000
    45 0.000004 -1.580070 -0.000001 0.318371 0.000000 0.000000
    46 -0.000002 1.580170 0.000030 1.150744 0.000000 0.000000
    47 -0.937645 -3.860697 -0.959317 -2.970605 0.823842 2.632123
    48 0.937672 3.860714 0.959333 3.801913 0.921338 2.508790
    49 0.000000 -1.690632 0.000000 0.719375 0.000000 0.000000
    50 -0.000013 1.690666 0.000021 1.486632 0.000000 0.000000
    51 -0.000002 -1.423443 0.000002 0.462042 0.000000 0.000000
    52 0.000008 1.423420 0.000028 0.853658 0.000000 0.000000
    53 -1.546646 -3.404194 -1.915569 -2.736003 0.624815 2.650644
    54 1.546661 3.404217 1.915585 4.044789 0.709183 2.327357
    55 0.000004 -1.437820 0.000000 0.652785 0.000000 0.000000
    56 -0.000021 1.437870 0.000031 1.044964 0.000000 0.000000
    57 -0.000002 -1.059402 0.000000 0.549901 0.000000 0.000000
    58 0.000006 1.059372 0.000008 0.883198 0.000000 0.000000
    59 -0.000004 -13.013485 -0.000004 0.010936 -0.284121 -0.076428
    60 0.161133 -10.812500 0.023087 0.010936 -0.284121 -0.076428
  time 25
    0 0.000000 0.826660 0.000001 -1.559900 -0.000006 -0.000006
    1 -7.637344 8.338351 -7.556774 -0.134962 -0.015197 0.658967
    2 0.000000 14.313023 0.000003 -1.722598 0.000000 0.000000
    3 -0.000011 13.013483 -0.000005 0.254448 0.326113 -0.044285
    4 20.812500 21.968750 -10.562500 -3.067358 -0.069739 0.021535
    5 0.000000 -14.313034 0.000000 -1.548730 0.000000 0.000000
    6 -0.000004 -13.013485 -0.000004 2.602084 -0.990278 -3.124313
    7 -1.330879 -2.698427 0.462449 -0.194886 -0.547260 3.056712
    8 1.330910 2.698444 -0.462436 0.194890 0.547268 -0.084879
    9 0.023985 0.088629 0.070332 -0.268649 0.013716 0.039790
    10 -4.925781 -10.460938 3.189453 -2.923375 0.046966 2.500377
    11 1.221125 -1.485634 0.175843 -2.997685 0.025189 -3.432085
    12 4.777527 6.028128 1.897721 -1.090396 0.577049 -0.321829
    13 5.490345 7.072691 2.428969 -1.090396 0.577049 -0.321829
    14 6.562500 8.648438 3.232422 -1.090396 0.577049 -0.321829
    15 7.558525 6.997282 -2.354134 -1.937336 -0.275393 3.010581
    16 7.558525 6.997282 -2.354134 1.937336 0.275393 -0.131011
    17 -2.867767 -2.740969 0.531125 2.051196 0.577049 -0.321829
    18 4.324081 2.744001 -0.524877 -1.090396 0.577049 -0.321829
    19 5.012512 3.752832 -0.011802 -1.090396 0.577049 -0.321829
    20 5.595486 4.607124 0.422674 -1.090396 0.577049 -0.321829
    21 6.233833 5.542564 0.898426 -1.090396 0.577049 -0.321829
    22 6.946648 6.587124 1.429667 -1.090396 0.577049 -0.321829
    23 7.537933 7.453606 1.870349 -1.090396 0.577049 -0.321829
    24 8.154472 8.357077 2.329839 -1.090396 0.577049 -0.321829
    25 8.874294 9.411907 2.866308 -1.090396 0.577049 -0.321829
    26 -4.125858 -2.321501 1.394414 2.051196 0.577049 -0.321829
    27 -4.826813 -3.348669 0.872014 2.051196 0.577049 -0.321829
    28 -5.441669 -4.249685 0.413772 2.051196 0.577049 -0.321829
    29 -0.552532 -1.343527 1.604446 -0.687882 0.662133 -0.833274
    30 0.552589 1.343534 -1.604463 -0.222615 0.325476 -0.369600
    31 0.000000 -2.021618 -0.000004 0.494293 0.000000 0.000000
    32 -0.000021 2.021633 0.000027 0.054711 0.000000 0.000000
    33 -0.000004 -1.136217 -0.000004 -0.290329 0.000000 0.000000
    34 -0.000011 1.136200 -0.000019 0.030302 0.000000 0.000000
    35 -0.032677 -4.587727 1.352317 2.568516 1.378586 2.710191
    36 0.032719 4.587772 -1.352291 3.154887 1.280138 2.322625
    37 0.000000 -1.754536 -0.000002 0.829780 0.000000 0.000000
    38 -0.000006 1.754520 -0.000034 1.010262 0.000000 0.000000
    39 0.000000 -1.227020 -0.000002 0.528805 0.000000 0.000000
    40 0.000002 1.227070 0.000032 1.783372 0.000000 0.000000
    41 -0.367996 -4.208406 0.173244 2.768378 1.110804 2.370875
    42 0.368011 4.208412 -0.173239 3.638008 1.113777 2.453336
    43 0.000000 -2.372318 -0.000004 0.927479 0.000000 0.000000
    44 -0.000006 2.372318 -0.000032 1.626622 0.000000 0.000000
    45 0.000004 -1.580070 -0.000001 0.318371 0.000000 0.000000
    46 -0.000002 1.580170 0.000030 1.150744 0.000000 0.000000
    47 -0.937645 -3.860697 -0.959317 -2.970605 0.823842 2.632123
    48 0.937672 3.860714 0.959333 3.801913 0.921338 2.508790
    49 0.000000 -1.690632 0.000000 0.719375 0.000000 0.000000
    50 -0.000013 1.690666 0.000021 1.486632 0.000000 0.000000
    51 -0.000002 -1.423443 0.000002 0.462042 0.000000 0.000000
    52 0.000008 1.423420 0.000028 0.853658 0.000000 0.000000
    53 -1.546646 -3.404194 -1.915569 -2.736003 0.624815 2.650644
    54 1.546661 3.404217 1.915585 4.044789 0.709183 2.327357
    55 0.000004 -1.437820 0.000000 0.652785 0.000000 0.000000
    56 -0.000021 1.437870 0.000031 1.044964 0.000000 0.000000
    57 -0.000002 -1.059402 0.000000 0.549901 0.000000 0.000000
    58 0.000006 1.059372 0.000008 0.883198 0.000000 0.000000
    59 -0.000004 -13.013485 -0.000004 0.010936 -0.284121 -0.076428
    60 0.161133 -10.812500 0.023087 0.010936 -0.284121 -0.076428
  time 26
    0 0.000000 0.826660 0.000001 -1.559900 -0.000006 -0.000006
    1 -7.332647 7.920370 -7.802876 -0.195779 -0.064507 0.833269
    2 0.000000 14.313023 0.000003 -1.714105 0.000000 0.000000
    3 -0.000011 13.013483 -0.000005 0.302795 0.471765 0.018117
    4 20.812500 21.968750 -10.562500 -3.067358 -0.069739 0.021535
    5 0.000000 -14.313034 0.000000 -1.548730 0.000000 0.000000
    6 -0.000004 -13.013485 -0.000004 2.602084 -0.990278 -3.124313
    7 -1.330879 -2.698427 0.462449 -0.194886 -0.547260 3.056712
    8 1.330910 2.698444 -0.462436 0.194890 0.547268 -0.084879
    9 0.023985 0.088629 0.070332 -0.294607 -0.004359 -0.015560
    10 -4.925781 -10.460938 3.189453 -2.923375 0.046966 2.500377
    11 1.135185 -1.544230 0.234439 -2.983614 0.062369 2.798681
    12 4.777527 6.028128 1.897721 -1.090396 0.577049 -0.321829
    13 5.490345 7.072691 2.428969 -1.090396 0.577049 -0.321829
    14 6.562500 8.648438 3.232422 -1.090396 0.577049 -0.321829
    15 7.558525 6.997282 -2.354134 -1.937336 -0.275393 3.010581
    16 7.558525 6.997282 -2.354134 1.937336 0.275393 -0.131011
    17 -2.867767 -2.740969 0.531125 2.051196 0.577049 -0.321829
    18 4.324081 2.744001 -0.524877 -1.090396 0.577049 -0.321829
    19 5.012512 3.752832 -0.011802 -1.090396 0.577049 -0.321829
    20 5.595486 4.607124 0.422674 -1.090396 0.577049 -0.321829
    21 6.233833 5.542564 0.898426 -1.090396 0.577049 -0.321829
    22 6.946648 6.587124 1.429667 -1.090396 0.577049 -0.321829
    23 7.537933 7.453606 1.870349 -1.090396 0.577049 -0.321829
    24 8.154472 8.357077 2.329839 -1.090396 0.577049 -0.321829
    25 8.874294 9.411907 2.866308 -1.090396 0.577049 -0.321829
    26 -4.125858 -2.321501 1.394414 2.051196 0.577049 -0.321829
    27 -4.826813 -3.348669 0.872014 2.051196 0.577049 -0.321829
    28 -5.441669 -4.249685 0.413772 2.051196 0.577049 -0.321829
    29 -0.552532 -1.343527 1.604446 -0.687882 0.662133 -0.833274
    30 0.552589 1.343534 -1.604463 -0.214201 0.325476 -0.369600
    31 0.000000 -2.021618 -0.000004 0.494293 0.000000 0.000000
    32 -0.000021 2.021633 0.000027 0.063107 0.000000 0.000000
    33 -0.000004 -1.136217 -0.000004 -0.290329 0.000000 0.000000
    34 -0.000011 1.136200 -0.000019 0.038667 0.000000 0.000000
    35 -0.032677 -4.587727 1.352317 2.568516 1.378586 2.710191
    36 0.032719 4.587772 -1.352291 3.249688 1.311611 2.391181
    37 0.000000 -1.754536 -0.000002 0.829780 0.000000 0.000000
    38 -0.000006 1.754520 -0.000034 1.039788 0.000000 0.000000
    39 0.000000 -1.227020 -0.000002 0.528805 0.000000 0.000000
    40 0.000002 1.227070 0.000032 1.812794 0.000000 0.000000
    41 -0.367996 -4.208406 0.173244 2.768378 1.110804 2.370875
    42 0.368011 4.208412 -0.173239 3.638008 1.113777 2.453336
    43 0.000000 -2.372318 -0.000004 0.927479 0.000000 0.000000
    44 -0.000006 2.372318 -0.000032 1.626578 0.000000 0.000000
    45 0.000004 -1.580070 -0.000001 0.318371 0.000000 0.000000
    46 -0.000002 1.580170 0.000030 1.150744 0.000000 0.000000
    47 -0.937645 -3.860697 -0.959317 -2.970605 0.823842 2.632123
    48 0.937672 3.860714 0.959333 3.801913 0.921338 2.508790
    49 0.000000 -1.690632 0.000000 0.719375 0.000000 0.000000
    50 -0.000013 1.690666 0.000021 1.486632 0.000000 0.000000
    51 -0.000002 -1.423443 0.000002 0.462042 0.000000 0.000000
    52 0.000008 1.423420 0.000028 0.853658 0.000000 0.000000
    53 -1.546646 -3.404194 -1.915569 -2.736003 0.624815 2.650644
    54 1.546661 3.404217 1.915585 4.044789 0.709183 2.327357
    55 0.000004 -1.437820 0.000000 0.652785 0.000000 0.000000
    56 -0.000021 1.437870 0.000031 1.044964 0.000000 0.000000
    57 -0.000002 -1.059402 0.000000 0.549901 0.000000 0.000000
    58 0.000006 1.059372 0.000008 0.883198 0.000000 0.000000
    59 -0.000004 -13.013485 -0.000004 0.010936 -0.284121 -0.076428
    60 0.161133 -10.812500 0.023087 0.010936 -0.284121 -0.076428
  time 27
    0 0.000000 0.826660 0.000001 -1.559900 -0.000006 -0.000006
    1 -7.129516 7.646924 -7.966943 -0.264336 -0.095076 1.007724
    2 0.000000 14.313023 0.000003 -1.702191 0.000000 0.000000
    3 -0.000011 13.013483 -0.000005 0.358310 0.628501 0.099211
    4 20.812500 21.968750 -10.562500 -3.067358 -0.069739 0.021535
    5 0.000000 -14.313034 0.000000 -1.548730 0.000000 0.000000
    6 -0.000004 -13.013485 -0.000004 2.602084 -0.990278 -3.124313
    7 -1.330879 -2.698427 0.462449 -0.194886 -0.547260 3.056712
    8 1.330910 2.698444 -0.462436 0.194890 0.547268 -0.084879
    9 0.023985 0.088629 0.070332 -0.299013 -0.019485 -0.078006
    10 -4.925781 -10.460938 3.189453 -2.923375 0.046966 2.500377
    11 1.033620 -1.610638 0.261783 -2.988241 0.088440 2.738589
    12 4.777527 6.028128 1.897721 -1.090396 0.577049 -0.321829
    13 5.490345 7.072691 2.428969 -1.090396 0.577049 -0.321829
    14 6.562500 8.648438 3.232422 -1.090396 0.577049 -0.321829
    15 7.558525 6.997282 -2.354134 -1.937336 -0.275393 3.010581
    16 7.558525 6.997282 -2.354134 1.937336 0.275393 -0.131011
    17 -2.867767 -2.740969 0.531125 2.051196 0.577049 -0.321829
    18 4.324081 2.744001 -0.524877 -1.090396 0.577049 -0.321829
    19 5.012512 3.752832 -0.011802 -1.090396 0.577049 -0.321829
    20 5.595486 4.607124 0.422674 -1.090396 0.577049 -0.321829
    21 6.233833 5.542564 0.898426 -1.090396 0.577049 -0.321829
    22 6.946648 6.587124 1.429667 -1.090396 0.577049 -0.321829
    23 7.537933 7.453606 1.870349 -1.090396 0.577049 -0.321829
    24 8.154472 8.357077 2.329839 -1.090396 0.577049 -0.321829
    25 8.874294 9.411907 2.866308 -1.090396 0.577049 -0.321829
    26 -4.125858 -2.321501 1.394414 2.051196 0.577049 -0.321829
    27 -4.826813 -3.348669 0.872014 2.051196 0.577049 -0.321829
    28 -5.441669 -4.249685 0.413772 2.051196 0.577049 -0.321829
    29 -0.552532 -1.343527 1.604446 -0.687882 0.662133 -0.833274
    30 0.552589 1.343534 -1.604463 -0.207145 0.325476 -0.369600
    31 0.000000 -2.021618 -0.000004 0.494293 0.000000 0.000000
    32 -0.000021 2.021633 0.000027 0.070171 0.000000 0.000000
    33 -0.000004 -1.136217 -0.000004 -0.290329 0.000000 0.000000
    34 -0.000011 1.136200 -0.000019 0.045731 0.000000 0.000000
    35 -0.032677 -4.587727 1.352317 2.568516 1.378586 2.710191
    36 0.032719 4.587772 -1.352291 3.341884 1.336960 2.461784
    37 0.000000 -1.754536 -0.000002 0.829780 0.000000 0.000000
    38 -0.000006 1.754520 -0.000034 1.064506 0.000000 0.000000
    39 0.000000 -1.227020 -0.000002 0.528805 0.000000 0.000000
    40 0.000002 1.227070 0.000032 1.837490 0.000000 0.000000
    41 -0.367996 -4.208406 0.173244 2.768378 1.110804 2.370875
    42 0.368011 4.208412 -0.173239 3.638008 1.113777 2.453336
    43 0.000000 -2.372318 -0.000004 0.927479 0.000000 0.000000
    44 -0.000006 2.372318 -0.000032 1.626622 0.000000 0.000000
    45 0.000004 -1.580070 -0.000001 0.318371 0.000000 0.000000
    46 -0.000002 1.580170 0.000030 1.150744 0.000000 0.000000
    47 -0.937645 -3.860697 -0.959317 -2.970605 0.823842 2.632123
    48 0.937672 3.860714 0.959333 3.801913 0.921338 2.508790
    49 0.000000 -1.690632 0.000000 0.719375 0.000000 0.000000
    50 -0.000013 1.690666 0.000021 1.486632 0.000000 0.000000
    51 -0.000002 -1.423443 0.000002 0.462042 0.000000 0.000000
    52 0.000008 1.423420 0.000028 0.853658 0.000000 0.000000
    53 -1.546646 -3.404194 -1.915569 -2.736003 0.624815 2.650644
    54 1.546661 3.404217 1.915585 4.044789 0.709183 2.327357
    55 0.000004 -1.437820 0.000000 0.652785 0.000000 0.000000
    56 -0.000021 1.437870 0.000031 1.044964 0.000000 0.000000
    57 -0.000002 -1.059402 0.000000 0.549901 0.000000 0.000000
    58 0.000006 1.059372 0.000008 0.883198 0.000000 0.000000
    59 -0.000004 -13.013485 -0.000004 0.010936 -0.284121 -0.076428
    60 0.161133 -10.812500 0.023087 0.010936 -0.284121 -0.076428
  time 28
    0 0.000000 0.826660 0.000001 -1.559900 -0.000006 -0.000006
    1 -7.059201 7.545358 -8.025539 -0.336579 -0.105615 1.171943
    2 0.000000 14.313023 0.000003 -1.683312 0.000000 0.000000
    3 -0.000011 13.013483 -0.000005 0.434940 0.785567 0.213088
    4 20.812500 21.968750 -10.562500 -3.067358 -0.069739 0.021535
    5 0.000000 -14.313034 0.000000 -1.548730 0.000000 0.000000
    6 -0.000004 -13.013485 -0.000004 2.602084 -0.990278 -3.124313
    7 -1.330879 -2.698427 0.462449 -0.194886 -0.547260 3.056712
    8 1.330910 2.698444 -0.462436 0.194890 0.547268 -0.084879
    9 0.023985 0.039552 0.070332 -0.280144 -0.031283 -0.147454
    10 -4.925781 -10.460938 3.189453 -2.923375 0.046966 2.500377
    11 0.916428 -1.680953 0.246158 -3.013455 0.102182 2.669678
    12 4.777527 6.028128 1.897721 -1.090396 0.577049 -0.321829
    13 5.490345 7.072691 2.428969 -1.090396 0.577049 -0.321829
    14 6.562500 8.648438 3.232422 -1.090396 0.577049 -0.321829
    15 7.558525 6.997282 -2.354134 -1.937336 -0.275393 3.010581
    16 7.558525 6.997282 -2.354134 1.937336 0.275393 -0.131011
    17 -2.867767 -2.740969 0.531125 2.051196 0.577049 -0.321829
    18 4.324081 2.744001 -0.524877 -1.090396 0.577049 -0.321829
    19 5.012512 3.752832 -0.011802 -1.090396 0.577049 -0.321829
    20 5.595486 4.607124 0.422674 -1.090396 0.577049 -0.321829
    21 6.233833 5.542564 0.898426 -1.090396 0.577049 -0.321829
    22 6.946648 6.587124 1.429667 -1.090396 0.577049 -0.321829
    23 7.537933 7.453606 1.870349 -1.090396 0.577049 -0.321829
    24 8.154472 8.357077 2.329839 -1.090396 0.577049 -0.321829
    25 8.874294 9.411907 2.866308 -1.090396 0.577049 -0.321829
    26 -4.125858 -2.321501 1.394414 2.051196 0.577049 -0.321829
    27 -4.826813 -3.348669 0.872014 2.051196 0.577049 -0.321829
    28 -5.441669 -4.249685 0.413772 2.051196 0.577049 -0.321829
    29 -0.552532 -1.343527 1.604446 -0.687882 0.662133 -0.833274
    30 0.552589 1.343534 -1.604463 -0.202232 0.325476 -0.369600
    31 0.000000 -2.021618 -0.000004 0.494293 0.000000 0.000000
    32 -0.000021 2.021633 0.000027 0.075061 0.000000 0.000000
    33 -0.000004 -1.136217 -0.000004 -0.290329 0.000000 0.000000
    34 -0.000011 1.136200 -0.000019 0.050658 0.000000 0.000000
    35 -0.032677 -4.587727 1.352317 2.568516 1.378586 2.710191
    36 0.032719 4.587772 -1.352291 3.414460 1.353773 2.519571
    37 0.000000 -1.754536 -0.000002 0.829780 0.000000 0.000000
    38 -0.000006 1.754520 -0.000034 1.081650 0.000000 0.000000
    39 0.000000 -1.227020 -0.000002 0.528805 0.000000 0.000000
    40 0.000002 1.227070 0.000032 1.854597 0.000000 0.000000
    41 -0.367996 -4.208406 0.173244 2.768378 1.110804 2.370875
    42 0.368011 4.208412 -0.173239 3.638008 1.113777 2.453336
    43 0.000000 -2.372318 -0.000004 0.927479 0.000000 0.000000
    44 -0.000006 2.372318 -0.000032 1.626578 0.000000 0.000000
    45 0.000004 -1.580070 -0.000001 0.318371 0.000000 0.000000
    46 -0.000002 1.580170 0.000030 1.150744 0.000000 0.000000
    47 -0.937645 -3.860697 -0.959317 -2.970605 0.823842 2.632123
    48 0.937672 3.860714 0.959333 3.801913 0.921338 2.508790
    49 0.000000 -1.690632 0.000000 0.719375 0.000000 0.000000
    50 -0.000013 1.690666 0.000021 1.486632 0.000000 0.000000
    51 -0.000002 -1.423443 0.000002 0.462042 0.000000 0.000000
    52 0.000008 1.423420 0.000028 0.853658 0.000000 0.000000
    53 -1.546646 -3.404194 -1.915569 -2.736003 0.624815 2.650644
    54 1.546661 3.404217 1.915585 4.044789 0.709183 2.327357
    55 0.000004 -1.437820 0.000000 0.652785 0.000000 0.000000
    56 -0.000021 1.437870 0.000031 1.044964 0.000000 0.000000
    57 -0.000002 -1.059402 0.000000 0.549901 0.000000 0.000000
    58 0.000006 1.059372 0.000008 0.883198 0.000000 0.000000
    59 -0.000004 -13.013485 -0.000004 0.010936 -0.284121 -0.076428
    60 0.161133 -10.812500 0.023087 0.010936 -0.284121 -0.076428
  time 29
    0 0.000000 0.826660 0.000001 -1.559900 -0.000006 -0.000006
    1 -7.059201 7.545358 -8.025539 -0.401727 -0.103612 1.306985
    2 0.000000 14.313023 0.000003 -1.656246 0.000000 0.000000
    3 -0.000011 13.013483 -0.000005 0.541191 0.928578 0.368182
    4 20.812500 21.968750 -10.562500 -3.067358 -0.069739 0.021535
    5 0.000000 -14.313034 0.000000 -1.548730 0.000000 0.000000
    6 -0.000004 -13.013485 -0.000004 2.602084 -0.990278 -3.124313
    7 -1.330879 -2.698427 0.462449 -0.194886 -0.547260 3.056712
    8 1.330910 2.698444 -0.462436 0.194890 0.547268 -0.084879
    9 0.023985 0.088629 0.070332 -0.235986 -0.035677 -0.215198
    10 -4.925781 -10.460938 3.189453 -2.923375 0.046966 2.500377
    11 0.799237 -1.747361 0.183656 -3.059350 0.098971 2.600481
    12 4.777527 6.028128 1.897721 -1.090396 0.577049 -0.321829
    13 5.490345 7.072691 2.428969 -1.090396 0.577049 -0.321829
    14 6.562500 8.648438 3.232422 -1.090396 0.577049 -0.321829
    15 7.558525 6.997282 -2.354134 -1.937336 -0.275393 3.010581
    16 7.558525 6.997282 -2.354134 1.937336 0.275393 -0.131011
    17 -2.867767 -2.740969 0.531125 2.051196 0.577049 -0.321829
    18 4.324081 2.744001 -0.524877 -1.090396 0.577049 -0.321829
    19 5.012512 3.752832 -0.011802 -1.090396 0.577049 -0.321829
    20 5.595486 4.607124 0.422674 -1.090396 0.577049 -0.321829
    21 6.233833 5.542564 0.898426 -1.090396 0.577049 -0.321829
    22 6.946648 6.587124 1.429667 -1.090396 0.577049 -0.321829
    23 7.537933 7.453606 1.870349 -1.090396 0.577049 -0.321829
    24 8.154472 8.357077 2.329839 -1.090396 0.577049 -0.321829
    25 8.874294 9.411907 2.866308 -1.090396 0.577049 -0.321829
    26 -4.125858 -2.321501 1.394414 2.051196 0.577049 -0.321829
    27 -4.826813 -3.348669 0.872014 2.051196 0.577049 -0.321829
    28 -5.441669 -4.249685 0.413772 2.051196 0.577049 -0.321829
    29 -0.552532 -1.343527 1.604446 -0.687882 0.662133 -0.833274
    30 0.552589 1.343534 -1.604463 -0.200403 0.325476 -0.369600
    31 0.000000 -2.021618 -0.000004 0.494293 0.000000 0.000000
    32 -0.000021 2.021633 0.000027 0.076909 0.000000 0.000000
    33 -0.000004 -1.136217 -0.000004 -0.290329 0.000000 0.000000
    34 -0.000011 1.136200 -0.000019 0.052470 0.000000 0.000000
    35 -0.032677 -4.587727 1.352317 2.568516 1.378586 2.710191
    36 0.032719 4.587772 -1.352291 3.443629 1.359822 2.543307
    37 0.000000 -1.754536 -0.000002 0.829780 0.000000 0.000000
    38 -0.000006 1.754520 -0.000034 1.088045 0.000000 0.000000
    39 0.000000 -1.227020 -0.000002 0.528805 0.000000 0.000000
    40 0.000002 1.227070 0.000032 1.860988 0.000000 0.000000
    41 -0.367996 -4.208406 0.173244 2.768378 1.110804 2.370875
    42 0.368011 4.208412 -0.173239 3.638008 1.113777 2.453336
    43 0.000000 -2.372318 -0.000004 0.927479 0.000000 0.000000
    44 -0.000006 2.372318 -0.000032 1.626622 0.000000 0.000000
    45 0.000004 -1.580070 -0.000001 0.318371 0.000000 0.000000
    46 -0.000002 1.580170 0.000030 1.150744 0.000000 0.000000
    47 -0.937645 -3.860697 -0.959317 -2.970605 0.823842 2.632123
    48 0.937672 3.860714 0.959333 3.801913 0.921338 2.508790
    49 0.000000 -1.690632 0.000000 0.719375 0.000000 0.000000
    50 -0.000013 1.690666 0.000021 1.486632 0.000000 0.000000
    51 -0.000002 -1.423443 0.000002 0.462042 0.000000 0.000000
    52 0.000008 1.423420 0.000028 0.853658 0.000000 0.000000
    53 -1.546646 -3.404194 -1.915569 -2.736003 0.624815 2.650644
    54 1.546661 3.404217 1.915585 4.044789 0.709183 2.327357
    55 0.000004 -1.437820 0.000000 0.652785 0.000000 0.000000
    56 -0.000021 1.437870 0.000031 1.044964 0.000000 0.000000
    57 -0.000002 -1.059402 0.000000 0.549901 0.000000 0.000000
    58 0.000006 1.059372 0.000008 0.883198 0.000000 0.000000
    59 -0.000004 -13.013485 -0.000004 0.010936 -0.284121 -0.076428
    60 0.161133 -10.812500 0.023087 0.010936 -0.284121 -0.076428
  time 30
    0 0.000000 0.826660 0.000001 -1.559900 -0.000006 -0.000006
    1 -7.059201 7.545358 -8.025539 -0.451117 -0.094885 1.393143
    2 0.000000 14.313023 0.000003 -1.628629 0.000000 0.000000
    3 -0.000011 13.013483 -0.000005 0.681553 1.039562 0.555005
    4 20.812500 21.968750 -10.562500 -3.067358 -0.069739 0.021535
    5 0.000000 -14.313034 0.000000 -1.548730 0.000000 0.000000
    6 -0.000004 -13.013485 -0.000004 2.602084 -0.990278 -3.124313
    7 -1.330879 -2.698427 0.462449 -0.194886 -0.547260 3.056712
    8 1.330910 2.698444 -0.462436 0.194890 0.547268 -0.084879
    9 0.023985 0.088629 0.070332 -0.183687 -0.032790 -0.269034
    10 -4.925781 -10.460938 3.189453 -2.923375 0.046966 2.500377
    11 0.705485 -1.794237 0.097716 -3.109778 0.083817 2.544701
    12 4.777527 6.028128 1.897721 -1.090396 0.577049 -0.321829
    13 5.490345 7.072691 2.428969 -1.090396 0.577049 -0.321829
    14 6.562500 8.648438 3.232422 -1.090396 0.577049 -0.321829
    15 7.558525 6.997282 -2.354134 -1.937336 -0.275393 3.010581
    16 7.558525 6.997282 -2.354134 1.937336 0.275393 -0.131011
    17 -2.867767 -2.740969 0.531125 2.051196 0.577049 -0.321829
    18 4.324081 2.744001 -0.524877 -1.090396 0.577049 -0.321829
    19 5.012512 3.752832 -0.011802 -1.090396 0.577049 -0.321829
    20 5.595486 4.607124 0.422674 -1.090396 0.577049 -0.321829
    21 6.233833 5.542564 0.898426 -1.090396 0.577049 -0.321829
    22 6.946648 6.587124 1.429667 -1.090396 0.577049 -0.321829
    23 7.537933 7.453606 1.870349 -1.090396 0.577049 -0.321829
    24 8.154472 8.357077 2.329839 -1.090396 0.577049 -0.321829
    25 8.874294 9.411907 2.866308 -1.090396 0.577049 -0.321829
    26 -4.125858 -2.321501 1.394414 2.051196 0.577049 -0.321829
    27 -4.826813 -3.348669 0.872014 2.051196 0.577049 -0.321829
    28 -5.441669 -4.249685 0.413772 2.051196 0.577049 -0.321829
    29 -0.552532 -1.343527 1.604446 -0.687882 0.662133 -0.833274
    30 0.552589 1.343534 -1.604463 -0.202363 0.325476 -0.369600
    31 0.000000 -2.021618 -0.000004 0.494293 0.000000 0.000000
    32 -0.000021 2.021633 0.000027 0.074953 0.000000 0.000000
    33 -0.000004 -1.136217 -0.000004 -0.290329 0.000000 0.000000
    34 -0.000011 1.136200 -0.000019 0.050518 0.000000 0.000000
    35 -0.032677 -4.587727 1.352317 2.568516 1.378586 2.710191
    36 0.032719 4.587772 -1.352291 3.419321 1.354812 2.523514
    37 0.000000 -1.754536 -0.000002 0.829780 0.000000 0.000000
    38 -0.000006 1.754520 -0.000034 1.082693 0.000000 0.000000
    39 0.000000 -1.227020 -0.000002 0.528805 0.000000 0.000000
    40 0.000002 1.227070 0.000032 1.855596 0.000000 0.000000
    41 -0.367996 -4.208406 0.173244 2.768378 1.110804 2.370875
    42 0.368011 4.208412 -0.173239 3.638008 1.113777 2.453336
    43 0.000000 -2.372318 -0.000004 0.927479 0.000000 0.000000
    44 -0.000006 2.372318 -0.000032 1.626622 0.000000 0.000000
    45 0.000004 -1.580070 -0.000001 0.318371 0.000000 0.000000
    46 -0.000002 1.580170 0.000030 1.150744 0.000000 0.000000
    47 -0.937645 -3.860697 -0.959317 -2.970605 0.823842 2.632123
    48 0.937672 3.860714 0.959333 3.801913 0.921338 2.508790
    49 0.000000 -1.690632 0.000000 0.719375 0.000000 0.000000
    50 -0.000013 1.690666 0.000021 1.486632 0.000000 0.000000
    51 -0.000002 -1.423443 0.000002 0.462042 0.000000 0.000000
    52 0.000008 1.423420 0.000028 0.853658 0.000000 0.000000
    53 -1.546646 -3.404194 -1.915569 -2.736003 0.624815 2.650644
    54 1.546661 3.404217 1.915585 4.044789 0.709183 2.327357
    55 0.000004 -1.437820 0.000000 0.652785 0.000000 0.000000
    56 -0.000021 1.437870 0.000031 1.044964 0.000000 0.000000
    57 -0.000002 -1.059402 0.000000 0.549901 0.000000 0.000000
    58 0.000006 1.059372 0.000008 0.883198 0.000000 0.000000
    59 -0.000004 -13.013485 -0.000004 0.010936 -0.284121 -0.076428
    60 0.161133 -10.812500 0.023087 0.010936 -0.284121 -0.076428
  time 31
    0 0.000000 0.826660 0.000001 -1.559900 -0.000006 -0.000006
    1 -7.059201 7.545358 -8.025539 -0.486225 -0.075523 1.427056
    2 0.000000 14.313023 0.000003 -1.609383 0.000000 0.000000
    3 -0.000011 13.013483 -0.000005 0.863096 1.106917 0.764930
    4 20.812500 21.968750 -10.562500 -3.067358 -0.069739 0.021535
    5 0.000000 -14.313034 0.000000 -1.548730 0.000000 0.000000
    6 -0.000004 -13.013485 -0.000004 2.602084 -0.990278 -3.124313
    7 -1.330879 -2.698427 0.462449 -0.194886 -0.547260 3.056712
    8 1.330910 2.698444 -0.462436 0.194890 0.547268 -0.084879
    9 0.023985 0.088629 0.070332 -0.146331 -0.029903 -0.314260
    10 -4.925781 -10.460938 3.189453 -2.923375 0.046966 2.500377
    11 0.623451 -1.825488 0.039120 -3.145002 0.070460 2.498218
    12 4.777527 6.028128 1.897721 -1.090396 0.577049 -0.321829
    13 5.490345 7.072691 2.428969 -1.090396 0.577049 -0.321829
    14 6.562500 8.648438 3.232422 -1.090396 0.577049 -0.321829
    15 7.558525 6.997282 -2.354134 -1.937336 -0.275393 3.010581
    16 7.558525 6.997282 -2.354134 1.937336 0.275393 -0.131011
    17 -2.867767 -2.740969 0.531125 2.051196 0.577049 -0.321829
    18 4.324081 2.744001 -0.524877 -1.090396 0.577049 -0.321829
    19 5.012512 3.752832 -0.011802 -1.090396 0.577049 -0.321829
    20 5.595486 4.607124 0.422674 -1.090396 0.577049 -0.321829
    21 6.233833 5.542564 0.898426 -1.090396 0.577049 -0.321829
    22 6.946648 6.587124 1.429667 -1.090396 0.577049 -0.321829
    23 7.537933 7.453606 1.870349 -1.090396 0.577049 -0.321829
    24 8.154472 8.357077 2.329839 -1.090396 0.577049 -0.321829
    25 8.874294 9.411907 2.866308 -1.090396 0.577049 -0.321829
    26 -4.125858 -2.321501 1.394414 2.051196 0.577049 -0.321829
    27 -4.826813 -3.348669 0.872014 2.051196 0.577049 -0.321829
    28 -5.441669 -4.249685 0.413772 2.051196 0.577049 -0.321829
    29 -0.552532 -1.343527 1.604446 -0.687882 0.662133 -0.833274
    30 0.552589 1.343534 -1.604463 -0.207537 0.325476 -0.369600
    31 0.000000 -2.021618 -0.000004 0.494293 0.000000 0.000000
    32 -0.000021 2.021633 0.000027 0.069763 0.000000 0.000000
    33 -0.000004 -1.136217 -0.000004 -0.290329 0.000000 0.000000
    34 -0.000011 1.136200 -0.000019 0.045313 0.000000 0.000000
    35 -0.032677 -4.587727 1.352317 2.568516 1.378586 2.710191
    36 0.032719 4.587772 -1.352291 3.357250 1.340746 2.473842
    37 0.000000 -1.754536 -0.000002 0.829780 0.000000 0.000000
    38 -0.000006 1.754520 -0.000034 1.068316 0.000000 0.000000
    39 0.000000 -1.227020 -0.000002 0.528805 0.000000 0.000000
    40 0.000002 1.227070 0.000032 1.841218 0.000000 0.000000
    41 -0.367996 -4.208406 0.173244 2.768378 1.110804 2.370875
    42 0.368011 4.208412 -0.173239 3.638008 1.113777 2.453336
    43 0.000000 -2.372318 -0.000004 0.927479 0.000000 0.000000
    44 -0.000006 2.372318 -0.000032 1.626622 0.000000 0.000000
    45 0.000004 -1.580070 -0.000001 0.318371 0.000000 0.000000
    46 -0.000002 1.580170 0.000030 1.150744 0.000000 0.000000
    47 -0.937645 -3.860697 -0.959317 -2.970605 0.823842 2.632123
    48 0.937672 3.860714 0.959333 3.801913 0.921338 2.508790
    49 0.000000 -1.690632 0.000000 0.719375 0.000000 0.000000
    50 -0.000013 1.690666 0.000021 1.486632 0.000000 0.000000
    51 -0.000002 -1.423443 0.000002 0.462042 0.000000 0.000000
    52 0.000008 1.423420 0.000028 0.853658 0.000000 0.000000
    53 -1.546646 -3.404194 -1.915569 -2.736003 0.624815 2.650644
    54 1.546661 3.404217 1.915585 4.044789 0.709183 2.327357
    55 0.000004 -1.437820 0.000000 0.652785 0.000000 0.000000
    56 -0.000021 1.437870 0.000031 1.044964 0.000000 0.000000
    57 -0.000002 -1.059402 0.000000 0.549901 0.000000 0.000000
    58 0.000006 1.059372 0.000008 0.883198 0.000000 0.000000
    59 -0.000004 -13.013485 -0.000004 0.010936 -0.284121 -0.076428
    60 0.161133 -10.812500 0.023087 0.010936 -0.284121 -0.076428
  time 32
    0 0.000000 0.826660 0.000001 -1.559900 -0.000006 -0.000006
    1 -7.059201 7.545358 -8.025539 -0.512026 -0.045670 1.405441
    2 0.000000 14.313023 0.000003 -1.597408 0.000000 0.000000
    3 -0.000011 13.013483 -0.000005 1.040818 1.125076 0.945714
    4 20.812500 21.968750 -10.562500 -3.067358 -0.069739 0.021535
    5 0.000000 -14.313034 0.000000 -1.548730 0.000000 0.000000
    6 -0.000004 -13.013485 -0.000004 2.602084 -0.990278 -3.124313
    7 -1.330879 -2.698427 0.462449 -0.194886 -0.547260 3.056712
    8 1.330910 2.698444 -0.462436 0.194890 0.547268 -0.084879
    9 0.023985 0.088629 0.070332 -0.135698 -0.032978 -0.355986
    10 -4.925781 -10.460938 3.189453 -2.923375 0.046966 2.500377
    11 0.549230 -1.848927 0.023495 -3.152462 0.060956 2.457772
    12 4.777527 6.028128 1.897721 -1.090396 0.577049 -0.321829
    13 5.490345 7.072691 2.428969 -1.090396 0.577049 -0.321829
    14 6.562500 8.648438 3.232422 -1.090396 0.577049 -0.321829
    15 7.558525 6.997282 -2.354134 -1.937336 -0.275393 3.010581
    16 7.558525 6.997282 -2.354134 1.937336 0.275393 -0.131011
    17 -2.867767 -2.740969 0.531125 2.051196 0.577049 -0.321829
    18 4.324081 2.744001 -0.524877 -1.090396 0.577049 -0.321829
    19 5.012512 3.752832 -0.011802 -1.090396 0.577049 -0.321829
    20 5.595486 4.607124 0.422674 -1.090396 0.577049 -0.321829
    21 6.233833 5.542564 0.898426 -1.090396 0.577049 -0.321829
    22 6.946648 6.587124 1.429667 -1.090396 0.577049 -0.321829
    23 7.537933 7.453606 1.870349 -1.090396 0.577049 -0.321829
    24 8.154472 8.357077 2.329839 -1.090396 0.577049 -0.321829
    25 8.874294 9.411907 2.866308 -1.090396 0.577049 -0.321829
    26 -4.125858 -2.321501 1.394414 2.051196 0.577049 -0.321829
    27 -4.826813 -3.348669 0.872014 2.051196 0.577049 -0.321829
    28 -5.441669 -4.249685 0.413772 2.051196 0.577049 -0.321829
    29 -0.552532 -1.343527 1.604446 -0.687882 0.662133 -0.833274
    30 0.552589 1.343534 -1.604463 -0.215063 0.325476 -0.369600
    31 0.000000 -2.021618 -0.000004 0.494293 0.000000 0.000000
    32 -0.000021 2.021633 0.000027 0.062237 0.000000 0.000000
    33 -0.000004 -1.136217 -0.000004 -0.290329 0.000000 0.000000
    34 -0.000011 1.136200 -0.000019 0.037784 0.000000 0.000000
    35 -0.032677 -4.587727 1.352317 2.568516 1.378586 2.710191
    36 0.032719 4.587772 -1.352291 3.275037 1.319071 2.410215
    37 0.000000 -1.754536 -0.000002 0.829780 0.000000 0.000000
    38 -0.000006 1.754520 -0.000034 1.046954 0.000000 0.000000
    39 0.000000 -1.227020 -0.000002 0.528805 0.000000 0.000000
    40 0.000002 1.227070 0.000032 1.819850 0.000000 0.000000
    41 -0.367996 -4.208406 0.173244 2.768378 1.110804 2.370875
    42 0.368011 4.208412 -0.173239 3.638008 1.113777 2.453336
    43 0.000000 -2.372318 -0.000004 0.927479 0.000000 0.000000
    44 -0.000006 2.372318 -0.000032 1.626622 0.000000 0.000000
    45 0.000004 -1.580070 -0.000001 0.318371 0.000000 0.000000
    46 -0.000002 1.580170 0.000030 1.150744 0.000000 0.000000
    47 -0.937645 -3.860697 -0.959317 -2.970605 0.823842 2.632123
    48 0.937672 3.860714 0.959333 3.801913 0.921338 2.508790
    49 0.000000 -1.690632 0.000000 0.719375 0.000000 0.000000
    50 -0.000013 1.690666 0.000021 1.486632 0.000000 0.000000
    51 -0.000002 -1.423443 0.000002 0.462042 0.000000 0.000000
    52 0.000008 1.423420 0.000028 0.853658 0.000000 0.000000
    53 -1.546646 -3.404194 -1.915569 -2.736003 0.624815 2.650644
    54 1.546661 3.404217 1.915585 4.044789 0.709183 2.327357
    55 0.000004 -1.437820 0.000000 0.652785 0.000000 0.000000
    56 -0.000021 1.437870 0.000031 1.044964 0.000000 0.000000
    57 -0.000002 -1.059402 0.000000 0.549901 0.000000 0.000000
    58 0.000006 1.059372 0.000008 0.883198 0.000000 0.000000
    59 -0.000004 -13.013485 -0.000004 0.010936 -0.284121 -0.076428
    60 0.161133 -10.812500 0.023087 0.010936 -0.284121 -0.076428
  time 33
    0 0.000000 0.826660 0.000001 -1.559900 -0.000006 -0.000006
    1 -7.059201 7.545358 -8.025539 -0.535800 -0.009951 1.338989
    2 0.000000 14.313023 0.000003 -1.588671 0.000000 0.000000
    3 -0.000011 13.013483 -0.000005 1.165127 1.105879 1.051251
    4 20.812500 21.968750 -10.562500 -3.067358 -0.069739 0.021535
    5 0.000000 -14.313034 0.000000 -1.548730 0.000000 0.000000
    6 -0.000004 -13.013485 -0.000004 2.602084 -0.990278 -3.124313
    7 -1.330879 -2.698427 0.462449 -0.194886 -0.547260 3.056712
    8 1.330910 2.698444 -0.462436 0.194890 0.547268 -0.084879
    9 0.023985 0.088629 0.070332 -0.150641 -0.043961 -0.397900
    10 -4.925781 -10.460938 3.189453 -2.923375 0.046966 2.500377
    11 0.467196 -1.868459 0.058652 -3.132631 0.053507 2.420682
    12 4.777527 6.028128 1.897721 -1.090396 0.577049 -0.321829
    13 5.490345 7.072691 2.428969 -1.090396 0.577049 -0.321829
    14 6.562500 8.648438 3.232422 -1.090396 0.577049 -0.321829
    15 7.558525 6.997282 -2.354134 -1.937336 -0.275393 3.010581
    16 7.558525 6.997282 -2.354134 1.937336 0.275393 -0.131011
    17 -2.867767 -2.740969 0.531125 2.051196 0.577049 -0.321829
    18 4.324081 2.744001 -0.524877 -1.090396 0.577049 -0.321829
    19 5.012512 3.752832 -0.011802 -1.090396 0.577049 -0.321829
    20 5.595486 4.607124 0.422674 -1.090396 0.577049 -0.321829
    21 6.233833 5.542564 0.898426 -1.090396 0.577049 -0.321829
    22 6.946648 6.587124 1.429667 -1.090396 0.577049 -0.321829
    23 7.537933 7.453606 1.870349 -1.090396 0.577049 -0.321829
    24 8.154472 8.357077 2.329839 -1.090396 0.577049 -0.321829
    25 8.874294 9.411907 2.866308 -1.090396 0.577049 -0.321829
    26 -4.125858 -2.321501 1.394414 2.051196 0.577049 -0.321829
    27 -4.826813 -3.348669 0.872014 2.051196 0.577049 -0.321829
    28 -5.441669 -4.249685 0.413772 2.051196 0.577049 -0.321829
    29 -0.552532 -1.343527 1.604446 -0.687882 0.662133 -0.833274
    30 0.552589 1.343534 -1.604463 -0.223869 0.325476 -0.369600
    31 0.000000 -2.021618 -0.000004 0.494293 0.000000 0.000000
    32 -0.000021 2.021633 0.000027 0.053434 0.000000 0.000000
    33 -0.000004 -1.136217 -0.000004 -0.290329 0.000000 0.000000
    34 -0.000011 1.136200 -0.000019 0.029001 0.000000 0.000000
    35 -0.032677 -4.587727 1.352317 2.568516 1.378586 2.710191
    36 0.032719 4.587772 -1.352291 3.188137 1.291829 2.346134
    37 0.000000 -1.754536 -0.000002 0.829780 0.000000 0.000000
    38 -0.000006 1.754520 -0.000034 1.021057 0.000000 0.000000
    39 0.000000 -1.227020 -0.000002 0.528805 0.000000 0.000000
    40 0.000002 1.227070 0.000032 1.794089 0.000000 0.000000
    41 -0.367996 -4.208406 0.173244 2.768378 1.110804 2.370875
    42 0.368011 4.208412 -0.173239 3.638008 1.113777 2.453336
    43 0.000000 -2.372318 -0.000004 0.927479 0.000000 0.000000
    44 -0.000006 2.372318 -0.000032 1.626622 0.000000 0.000000
    45 0.000004 -1.580070 -0.000001 0.318371 0.000000 0.000000
    46 -0.000002 1.580170 0.000030 1.150744 0.000000 0.000000
    47 -0.937645 -3.860697 -0.959317 -2.970605 0.823842 2.632123
    48 0.937672 3.860714 0.959333 3.801913 0.921338 2.508790
    49 0.000000 -1.690632 0.000000 0.719375 0.000000 0.000000
    50 -0.000013 1.690666 0.000021 1.486632 0.000000 0.000000
    51 -0.000002 -1.423443 0.000002 0.462042 0.000000 0.000000
    52 0.000008 1.423420 0.000028 0.853658 0.000000 0.000000
    53 -1.546646 -3.404194 -1.915569 -2.736003 0.624815 2.650644
    54 1.546661 3.404217 1.915585 4.044789 0.709183 2.327357
    55 0.000004 -1.437820 0.000000 0.652785 0.000000 0.000000
    56 -0.000021 1.437870 0.000031 1.044964 0.000000 0.000000
    57 -0.000002 -1.059402 0.000000 0.549901 0.000000 0.000000
    58 0.000006 1.059372 0.000008 0.883198 0.000000 0.000000
    59 -0.000004 -13.013485 -0.000004 0.010936 -0.284121 -0.076428
    60 0.161133 -10.812500 0.023087 0.010936 -0.284121 -0.076428
  time 34
    0 0.000000 0.826660 0.000001 -1.559900 -0.000006 -0.000006
    1 -7.059201 7.545358 -8.025539 -0.560680 0.025816 1.244353
    2 0.000000 14.313023 0.000003 -1.583050 0.000000 0.000000
    3 -0.000011 13.013483 -0.000005 1.230005 1.063381 1.084225
    4 20.812500 21.968750 -10.562500 -3.067358 -0.069739 0.021535
    5 0.000000 -14.313034 0.000000 -1.548730 0.000000 0.000000
    6 -0.000004 -13.013485 -0.000004 2.602084 -0.990278 -3.124313
    7 -1.330879 -2.698427 0.462449 -0.194886 -0.547260 3.056712
    8 1.330910 2.698444 -0.462436 0.194890 0.547268 -0.084879
    9 0.023985 0.088629 0.070332 -0.183975 -0.062099 -0.440477
    10 -4.925781 -10.460938 3.189453 -2.923375 0.046966 2.500377
    11 0.385162 -1.884084 0.132873 -3.094102 0.049911 2.383399
    12 4.777527 6.028128 1.897721 -1.090396 0.577049 -0.321829
    13 5.490345 7.072691 2.428969 -1.090396 0.577049 -0.321829
    14 6.562500 8.648438 3.232422 -1.090396 0.577049 -0.321829
    15 7.558525 6.997282 -2.354134 -1.937336 -0.275393 3.010581
    16 7.558525 6.997282 -2.354134 1.937336 0.275393 -0.131011
    17 -2.867767 -2.740969 0.531125 2.051196 0.577049 -0.321829
    18 4.324081 2.744001 -0.524877 -1.090396 0.577049 -0.321829
    19 5.012512 3.752832 -0.011802 -1.090396 0.577049 -0.321829
    20 5.595486 4.607124 0.422674 -1.090396 0.577049 -0.321829
    21 6.233833 5.542564 0.898426 -1.090396 0.577049 -0.321829
    22 6.946648 6.587124 1.429667 -1.090396 0.577049 -0.321829
    23 7.537933 7.453606 1.870349 -1.090396 0.577049 -0.321829
    24 8.154472 8.357077 2.329839 -1.090396 0.577049 -0.321829
    25 8.874294 9.411907 2.866308 -1.090396 0.577049 -0.321829
    26 -4.125858 -2.321501 1.394414 2.051196 0.577049 -0.321829
    27 -4.826813 -3.348669 0.872014 2.051196 0.577049 -0.321829
    28 -5.441669 -4.249685 0.413772 2.051196 0.577049 -0.321829
    29 -0.552532 -1.343527 1.604446 -0.687882 0.662133 -0.833274
    30 0.552589 1.343534 -1.604463 -0.233120 0.325476 -0.369600
    31 0.000000 -2.021618 -0.000004 0.494293 0.000000 0.000000
    32 -0.000021 2.021633 0.000027 0.044197 0.000000 0.000000
    33 -0.000004 -1.136217 -0.000004 -0.290329 0.000000 0.000000
    34 -0.000011 1.136200 -0.000019 0.019752 0.000000 0.000000
    35 -0.032677 -4.587727 1.352317 2.568516 1.378586 2.710191
    36 0.032719 4.587772 -1.352291 3.104883 1.261062 2.288499
    37 0.000000 -1.754536 -0.000002 0.829780 0.000000 0.000000
    38 -0.000006 1.754520 -0.000034 0.992892 0.000000 0.000000
    39 0.000000 -1.227020 -0.000002 0.528805 0.000000 0.000000
    40 0.000002 1.227070 0.000032 1.765998 0.000000 0.000000
    41 -0.367996 -4.208406 0.173244 2.768378 1.110804 2.370875
    42 0.368011 4.208412 -0.173239 3.638008 1.113777 2.453336
    43 0.000000 -2.372318 -0.000004 0.927479 0.000000 0.000000
    44 -0.000006 2.372318 -0.000032 1.626578 0.000000 0.000000
    45 0.000004 -1.580070 -0.000001 0.318371 0.000000 0.000000
    46 -0.000002 1.580170 0.000030 1.150744 0.000000 0.000000
    47 -0.937645 -3.860697 -0.959317 -2.970605 0.823842 2.632123
    48 0.937672 3.860714 0.959333 3.801913 0.921338 2.508790
    49 0.000000 -1.690632 0.000000 0.719375 0.000000 0.000000
    50 -0.000013 1.690666 0.000021 1.486632 0.000000 0.000000
    51 -0.000002 -1.423443 0.000002 0.462042 0.000000 0.000000
    52 0.000008 1.423420 0.000028 0.853658 0.000000 0.000000
    53 -1.546646 -3.404194 -1.915569 -2.736003 0.624815 2.650644
    54 1.546661 3.404217 1.915585 4.044789 0.709183 2.327357
    55 0.000004 -1.437820 0.000000 0.652785 0.000000 0.000000
    56 -0.000021 1.437870 0.000031 1.044964 0.000000 0.000000
    57 -0.000002 -1.059402 0.000000 0.549901 0.000000 0.000000
    58 0.000006 1.059372 0.000008 0.883198 0.000000 0.000000
    59 -0.000004 -13.013485 -0.000004 0.010936 -0.284121 -0.076428
    60 0.161133 -10.812500 0.023087 0.010936 -0.284121 -0.076428
  time 35
    0 0.000000 0.826660 0.000001 -1.559900 -0.000006 -0.000006
    1 -7.059201 7.545358 -8.025539 -0.586757 0.056194 1.139099
    2 0.000000 14.313023 0.000003 -1.580423 0.000000 0.000000
    3 -0.000011 13.013483 -0.000005 1.250357 1.008243 1.066971
    4 20.812500 21.968750 -10.562500 -3.067358 -0.069739 0.021535
    5 0.000000 -14.313034 0.000000 -1.548730 0.000000 0.000000
    6 -0.000004 -13.013485 -0.000004 2.602084 -0.990278 -3.124313
    7 -1.330879 -2.698427 0.462449 -0.194886 -0.547260 3.056712
    8 1.330910 2.698444 -0.462436 0.194890 0.547268 -0.084879
    9 0.023985 0.088629 0.070332 -0.227653 -0.084880 -0.480121
    10 -4.925781 -10.460938 3.189453 -2.923375 0.046966 2.500377
    11 0.303128 -1.891897 0.226626 -3.045468 0.050746 2.347363
    12 4.777527 6.028128 1.897721 -1.090396 0.577049 -0.321829
    13 5.490345 7.072691 2.428969 -1.090396 0.577049 -0.321829
    14 6.562500 8.648438 3.232422 -1.090396 0.577049 -0.321829
    15 7.558525 6.997282 -2.354134 -1.937336 -0.275393 3.010581
    16 7.558525 6.997282 -2.354134 1.937336 0.275393 -0.131011
    17 -2.867767 -2.740969 0.531125 2.051196 0.577049 -0.321829
    18 4.324081 2.744001 -0.524877 -1.090396 0.577049 -0.321829
    19 5.012512 3.752832 -0.011802 -1.090396 0.577049 -0.321829
    20 5.595486 4.607124 0.422674 -1.090396 0.577049 -0.321829
    21 6.233833 5.542564 0.898426 -1.090396 0.577049 -0.321829
    22 6.946648 6.587124 1.429667 -1.090396 0.577049 -0.321829
    23 7.537933 7.453606 1.870349 -1.090396 0.577049 -0.321829
    24 8.154472 8.357077 2.329839 -1.090396 0.577049 -0.321829
    25 8.874294 9.411907 2.866308 -1.090396 0.577049 -0.321829
    26 -4.125858 -2.321501 1.394414 2.051196 0.577049 -0.321829
    27 -4.826813 -3.348669 0.872014 2.051196 0.577049 -0.321829
    28 -5.441669 -4.249685 0.413772 2.051196 0.577049 -0.321829
    29 -0.552532 -1.343527 1.604446 -0.687882 0.662133 -0.833274
    30 0.552589 1.343534 -1.604463 -0.241822 0.325476 -0.369600
    31 0.000000 -2.021618 -0.000004 0.494293 0.000000 0.000000
    32 -0.000021 2.021633 0.000027 0.035503 0.000000 0.000000
    33 -0.000004 -1.136217 -0.000004 -0.290329 0.000000 0.000000
    34 -0.000011 1.136200 -0.000019 0.011061 0.000000 0.000000
    35 -0.032677 -4.587727 1.352317 2.568516 1.378586 2.710191
    36 0.032719 4.587772 -1.352291 3.030744 1.229255 2.240571
    37 0.000000 -1.754536 -0.000002 0.829780 0.000000 0.000000
    38 -0.000006 1.754520 -0.000034 0.964455 0.000000 0.000000
    39 0.000000 -1.227020 -0.000002 0.528805 0.000000 0.000000
    40 0.000002 1.227070 0.000032 1.737641 0.000000 0.000000
    41 -0.367996 -4.208406 0.173244 2.768378 1.110804 2.370875
    42 0.368011 4.208412 -0.173239 3.638008 1.113777 2.453336
    43 0.000000 -2.372318 -0.000004 0.927479 0.000000 0.000000
    44 -0.000006 2.372318 -0.000032 1.626622 0.000000 0.000000
    45 0.000004 -1.580070 -0.000001 0.318371 0.000000 0.000000
    46 -0.000002 1.580170 0.000030 1.150744 0.000000 0.000000
    47 -0.937645 -3.860697 -0.959317 -2.970605 0.823842 2.632123
    48 0.937672 3.860714 0.959333 3.801913 0.921338 2.508790
    49 0.000000 -1.690632 0.000000 0.719375 0.000000 0.000000
    50 -0.000013 1.690666 0.000021 1.486632 0.000000 0.000000
    51 -0.000002 -1.423443 0.000002 0.462042 0.000000 0.000000
    52 0.000008 1.423420 0.000028 0.853658 0.000000 0.000000
    53 -1.546646 -3.404194 -1.915569 -2.736003 0.624815 2.650644
    54 1.546661 3.404217 1.915585 4.044789 0.709183 2.327357
    55 0.000004 -1.437820 0.000000 0.652785 0.000000 0.000000
    56 -0.000021 1.437870 0.000031 1.044964 0.000000 0.000000
    57 -0.000002 -1.059402 0.000000 0.549901 0.000000 0.000000
    58 0.000006 1.059372 0.000008 0.883198 0.000000 0.000000
    59 -0.000004 -13.013485 -0.000004 0.010936 -0.284121 -0.076428
    60 0.161133 -10.812500 0.023087 0.010936 -0.284121 -0.076428
  time 36
    0 0.000000 0.826660 0.000001 -1.559900 -0.000006 -0.000006
    1 -7.059201 7.545358 -8.025539 -0.612189 0.077987 1.039422
    2 0.000000 14.313023 0.000003 -1.580423 0.000000 0.000000
    3 -0.000011 13.013483 -0.000005 1.242522 0.948577 1.020769
    4 20.812500 21.968750 -10.562500 -3.067358 -0.069739 0.021535
    5 0.000000 -14.313034 0.000000 -1.548730 0.000000 0.000000
    6 -0.000004 -13.013485 -0.000004 2.602084 -0.990278 -3.124313
    7 -1.330879 -2.698427 0.462449 -0.194886 -0.547260 3.056712
    8 1.330910 2.698444 -0.462436 0.194890 0.547268 -0.084879
    9 0.023985 0.088629 0.070332 -0.276695 -0.108792 -0.511533
    10 -4.925781 -10.460938 3.189453 -2.923375 0.046966 2.500377
    11 0.236720 -1.887990 0.328192 -2.992963 0.057232 2.316693
    12 4.777527 6.028128 1.897721 -1.090396 0.577049 -0.321829
    13 5.490345 7.072691 2.428969 -1.090396 0.577049 -0.321829
    14 6.562500 8.648438 3.232422 -1.090396 0.577049 -0.321829
    15 7.558525 6.997282 -2.354134 -1.937336 -0.275393 3.010581
    16 7.558525 6.997282 -2.354134 1.937336 0.275393 -0.131011
    17 -2.867767 -2.740969 0.531125 2.051196 0.577049 -0.321829
    18 4.324081 2.744001 -0.524877 -1.090396 0.577049 -0.321829
    19 5.012512 3.752832 -0.011802 -1.090396 0.577049 -0.321829
    20 5.595486 4.607124 0.422674 -1.090396 0.577049 -0.321829
    21 6.233833 5.542564 0.898426 -1.090396 0.577049 -0.321829
    22 6.946648 6.587124 1.429667 -1.090396 0.577049 -0.321829
    23 7.537933 7.453606 1.870349 -1.090396 0.577049 -0.321829
    24 8.154472 8.357077 2.329839 -1.090396 0.577049 -0.321829
    25 8.874294 9.411907 2.866308 -1.090396 0.577049 -0.321829
    26 -4.125858 -2.321501 1.394414 2.051196 0.577049 -0.321829
    27 -4.826813 -3.348669 0.872014 2.051196 0.577049 -0.321829
    28 -5.441669 -4.249685 0.413772 2.051196 0.577049 -0.321829
    29 -0.552532 -1.343527 1.604446 -0.687882 0.662133 -0.833274
    30 0.552589 1.343534 -1.604463 -0.248956 0.325476 -0.369600
    31 0.000000 -2.021618 -0.000004 0.494293 0.000000 0.000000
    32 -0.000021 2.021633 0.000027 0.028384 0.000000 0.000000
    33 -0.000004 -1.136217 -0.000004 -0.290329 0.000000 0.000000
    34 -0.000011 1.136200 -0.000019 0.003951 0.000000 0.000000
    35 -0.032677 -4.587727 1.352317 2.568516 1.378586 2.710191
    36 0.032719 4.587772 -1.352291 2.969020 1.199601 2.203411
    37 0.000000 -1.754536 -0.000002 0.829780 0.000000 0.000000
    38 -0.000006 1.754520 -0.000034 0.938331 0.000000 0.000000
    39 0.000000 -1.227020 -0.000002 0.528805 0.000000 0.000000
    40 0.000002 1.227070 0.000032 1.711547 0.000000 0.000000
    41 -0.367996 -4.208406 0.173244 2.768378 1.110804 2.370875
    42 0.368011 4.208412 -0.173239 3.638008 1.113777 2.453336
    43 0.000000 -2.372318 -0.000004 0.927479 0.000000 0.000000
    44 -0.000006 2.372318 -0.000032 1.626622 0.000000 0.000000
    45 0.000004 -1.580070 -0.000001 0.318371 0.000000 0.000000
    46 -0.000002 1.580170 0.000030 1.150744 0.000000 0.000000
    47 -0.937645 -3.860697 -0.959317 -2.970605 0.823842 2.632123
    48 0.937672 3.860714 0.959333 3.801913 0.921338 2.508790
    49 0.000000 -1.690632 0.000000 0.719375 0.000000 0.000000
    50 -0.000013 1.690666 0.000021 1.486632 0.000000 0.000000
    51 -0.000002 -1.423443 0.000002 0.462042 0.000000 0.000000
    52 0.000008 1.423420 0.000028 0.853658 0.000000 0.000000
    53 -1.546646 -3.404194 -1.915569 -2.736003 0.624815 2.650644
    54 1.546661 3.404217 1.915585 4.044789 0.709183 2.327357
    55 0.000004 -1.437820 0.000000 0.652785 0.000000 0.000000
    56 -0.000021 1.437870 0.000031 1.044964 0.000000 0.000000
    57 -0.000002 -1.059402 0.000000 0.549901 0.000000 0.000000
    58 0.000006 1.059372 0.000008 0.883198 0.000000 0.000000
    59 -0.000004 -13.013485 -0.000004 0.010936 -0.284121 -0.076428
    60 0.161133 -10.812500 0.023087 0.010936 -0.284121 -0.076428
  time 37
    0 0.000000 0.826660 0.000001 -1.559900 -0.000006 -0.000006
    1 -7.059201 7.545358 -8.025539 -0.634397 0.091197 0.955021
    2 0.000000 14.313023 0.000003 -1.582195 0.000000 0.000000
    3 -0.000011 13.013483 -0.000005 1.229145 0.887684 0.973704
    4 20.812500 21.968750 -10.562500 -3.067358 -0.069739 0.021535
    5 0.000000 -14.313034 0.000000 -1.548730 0.000000 0.000000
    6 -0.000004 -13.013485 -0.000004 2.602084 -0.990278 -3.124313
    7 -1.330879 -2.698427 0.462449 -0.194886 -0.547260 3.056712
    8 1.330910 2.698444 -0.462436 0.194890 0.547268 -0.084879
    9 0.023985 0.039552 0.070332 -0.323151 -0.130884 -0.538593
    10 -4.925781 -10.460938 3.189453 -2.923375 0.046966 2.500377
    11 0.174218 -1.876271 0.421945 -2.946029 0.069368 2.287941
    12 4.777527 6.028128 1.897721 -1.090396 0.577049 -0.321829
    13 5.490345 7.072691 2.428969 -1.090396 0.577049 -0.321829
    14 6.562500 8.648438 3.232422 -1.090396 0.577049 -0.321829
    15 7.558525 6.997282 -2.354134 -1.937336 -0.275393 3.010581
    16 7.558525 6.997282 -2.354134 1.937336 0.275393 -0.131011
    17 -2.867767 -2.740969 0.531125 2.051196 0.577049 -0.321829
    18 4.324081 2.744001 -0.524877 -1.090396 0.577049 -0.321829
    19 5.012512 3.752832 -0.011802 -1.090396 0.577049 -0.321829
    20 5.595486 4.607124 0.422674 -1.090396 0.577049 -0.321829
    21 6.233833 5.542564 0.898426 -1.090396 0.577049 -0.321829
    22 6.946648 6.587124 1.429667 -1.090396 0.577049 -0.321829
    23 7.537933 7.453606 1.870349 -1.090396 0.577049 -0.321829
    24 8.154472 8.357077 2.329839 -1.090396 0.577049 -0.321829
    25 8.874294 9.411907 2.866308 -1.090396 0.577049 -0.321829
    26 -4.125858 -2.321501 1.394414 2.051196 0.577049 -0.321829
    27 -4.826813 -3.348669 0.872014 2.051196 0.577049 -0.321829
    28 -5.441669 -4.249685 0.413772 2.051196 0.577049 -0.321829
    29 -0.552532 -1.343527 1.604446 -0.687882 0.662133 -0.833274
    30 0.552589 1.343534 -1.604463 -0.253607 0.325476 -0.369600
    31 0.000000 -2.021618 -0.000004 0.494293 0.000000 0.000000
    32 -0.000021 2.021633 0.000027 0.023711 0.000000 0.000000
    33 -0.000004 -1.136217 -0.000004 -0.290329 0.000000 0.000000
    34 -0.000011 1.136200 -0.000019 -0.000743 0.000000 0.000000
    35 -0.032677 -4.587727 1.352317 2.568516 1.378586 2.710191
    36 0.032719 4.587772 -1.352291 2.921186 1.174549 2.176489
    37 0.000000 -1.754536 -0.000002 0.829780 0.000000 0.000000
    38 -0.000006 1.754520 -0.000034 0.916606 0.000000 0.000000
    39 0.000000 -1.227020 -0.000002 0.528805 0.000000 0.000000
    40 0.000002 1.227070 0.000032 1.689913 0.000000 0.000000
    41 -0.367996 -4.208406 0.173244 2.768378 1.110804 2.370875
    42 0.368011 4.208412 -0.173239 3.638008 1.113777 2.453336
    43 0.000000 -2.372318 -0.000004 0.927479 0.000000 0.000000
    44 -0.000006 2.372318 -0.000032 1.626622 0.000000 0.000000
    45 0.000004 -1.580070 -0.000001 0.318371 0.000000 0.000000
    46 -0.000002 1.580170 0.000030 1.150744 0.000000 0.000000
    47 -0.937645 -3.860697 -0.959317 -2.970605 0.823842 2.632123
    48 0.937672 3.860714 0.959333 3.801913 0.921338 2.508790
    49 0.000000 -1.690632 0.000000 0.719375 0.000000 0.000000
    50 -0.000013 1.690666 0.000021 1.486632 0.000000 0.000000
    51 -0.000002 -1.423443 0.000002 0.462042 0.000000 0.000000
    52 0.000008 1.423420 0.000028 0.853658 0.000000 0.000000
    53 -1.546646 -3.404194 -1.915569 -2.736003 0.624815 2.650644
    54 1.546661 3.404217 1.915585 4.044789 0.709183 2.327357
    55 0.000004 -1.437820 0.000000 0.652785 0.000000 0.000000
    56 -0.000021 1.437870 0.000031 1.044964 0.000000 0.000000
    57 -0.000002 -1.059402 0.000000 0.549901 0.000000 0.000000
    58 0.000006 1.059372 0.000008 0.883198 0.000000 0.000000
    59 -0.000004 -13.013485 -0.000004 0.010936 -0.284121 -0.076428
    60 0.161133 -10.812500 0.023087 0.010936 -0.284121 -0.076428
  time 38
    0 0.000000 0.826660 0.000001 -1.559900 -0.000006 -0.000006
    1 -7.059201 7.545358 -8.025539 -0.651444 0.097397 0.891930
    2 0.000000 14.313023 0.000003 -1.585250 0.000000 0.000000
    3 -0.000011 13.013483 -0.000005 1.227330 0.829480 0.949740
    4 20.812500 21.968750 -10.562500 -3.067358 -0.069739 0.021535
    5 0.000000 -14.313034 0.000000 -1.548730 0.000000 0.000000
    6 -0.000004 -13.013485 -0.000004 2.602084 -0.990278 -3.124313
    7 -1.330879 -2.698427 0.462449 -0.194886 -0.547260 3.056712
    8 1.330910 2.698444 -0.462436 0.194890 0.547268 -0.084879
    9 0.023985 0.088629 0.070332 -0.357251 -0.148958 -0.569816
    10 -4.925781 -10.460938 3.189453 -2.923375 0.046966 2.500377
    11 0.111716 -1.860646 0.496166 -2.915621 0.088119 2.254300
    12 4.777527 6.028128 1.897721 -1.090396 0.577049 -0.321829
    13 5.490345 7.072691 2.428969 -1.090396 0.577049 -0.321829
    14 6.562500 8.648438 3.232422 -1.090396 0.577049 -0.321829
    15 7.558525 6.997282 -2.354134 -1.937336 -0.275393 3.010581
    16 7.558525 6.997282 -2.354134 1.937336 0.275393 -0.131011
    17 -2.867767 -2.740969 0.531125 2.051196 0.577049 -0.321829
    18 4.324081 2.744001 -0.524877 -1.090396 0.577049 -0.321829
    19 5.012512 3.752832 -0.011802 -1.090396 0.577049 -0.321829
    20 5.595486 4.607124 0.422674 -1.090396 0.577049 -0.321829
    21 6.233833 5.542564 0.898426 -1.090396 0.577049 -0.321829
    22 6.946648 6.587124 1.429667 -1.090396 0.577049 -0.321829
    23 7.537933 7.453606 1.870349 -1.090396 0.577049 -0.321829
    24 8.154472 8.357077 2.329839 -1.090396 0.577049 -0.321829
    25 8.874294 9.411907 2.866308 -1.090396 0.577049 -0.321829
    26 -4.125858 -2.321501 1.394414 2.051196 0.577049 -0.321829
    27 -4.826813 -3.348669 0.872014 2.051196 0.577049 -0.321829
    28 -5.441669 -4.249685 0.413772 2.051196 0.577049 -0.321829
    29 -0.552532 -1.343527 1.604446 -0.687882 0.662133 -0.833274
    30 0.552589 1.343534 -1.604463 -0.256116 0.325476 -0.369600
    31 0.000000 -2.021618 -0.000004 0.494293 0.000000 0.000000
    32 -0.000021 2.021633 0.000027 0.021239 0.000000 0.000000
    33 -0.000004 -1.136217 -0.000004 -0.290329 0.000000 0.000000
    34 -0.000011 1.136200 -0.000019 -0.003206 0.000000 0.000000
    35 -0.032677 -4.587727 1.352317 2.568516 1.378586 2.710191
    36 0.032719 4.587772 -1.352291 2.889672 1.156994 2.159578
    37 0.000000 -1.754536 -0.000002 0.829780 0.000000 0.000000
    38 -0.000006 1.754520 -0.000034 0.901503 0.000000 0.000000
    39 0.000000 -1.227020 -0.000002 0.528805 0.000000 0.000000
    40 0.000002 1.227070 0.000032 1.674802 0.000000 0.000000
    41 -0.367996 -4.208406 0.173244 2.768378 1.110804 2.370875
    42 0.368011 4.208412 -0.173239 3.638008 1.113777 2.453336
    43 0.000000 -2.372318 -0.000004 0.927479 0.000000 0.000000
    44 -0.000006 2.372318 -0.000032 1.626622 0.000000 0.000000
    45 0.000004 -1.580070 -0.000001 0.318371 0.000000 0.000000
    46 -0.000002 1.580170 0.000030 1.150744 0.000000 0.000000
    47 -0.937645 -3.860697 -0.959317 -2.970605 0.823842 2.632123
    48 0.937672 3.860714 0.959333 3.801913 0.921338 2.508790
    49 0.000000 -1.690632 0.000000 0.719375 0.000000 0.000000
    50 -0.000013 1.690666 0.000021 1.486632 0.000000 0.000000
    51 -0.000002 -1.423443 0.000002 0.462042 0.000000 0.000000
    52 0.000008 1.423420 0.000028 0.853658 0.000000 0.000000
    53 -1.546646 -3.404194 -1.915569 -2.736003 0.624815 2.650644
    54 1.546661 3.404217 1.915585 4.044789 0.709183 2.327357
    55 0.000004 -1.437820 0.000000 0.652785 0.000000 0.000000
    56 -0.000021 1.437870 0.000031 1.044964 0.000000 0.000000
    57 -0.000002 -1.059402 0.000000 0.549901 0.000000 0.000000
    58 0.000006 1.059372 0.000008 0.883198 0.000000 0.000000
    59 -0.000004 -13.013485 -0.000004 0.010936 -0.284121 -0.076428
    60 0.161133 -10.812500 0.023087 0.010936 -0.284121 -0.076428
  time 39
    0 0.000000 0.826660 0.000001 -1.559900 -0.000006 -0.000006
    1 -7.059201 7.545358 -8.025539 -0.662870 0.098160 0.853587
    2 0.000000 14.313023 0.000003 -1.589282 0.000000 0.000000
    3 -0.000011 13.013483 -0.000005 1.237076 0.778068 0.949740
    4 20.812500 21.968750 -10.562500 -3.067358 -0.069739 0.021535
    5 0.000000 -14.313034 0.000000 -1.548730 0.000000 0.000000
    6 -0.000004 -13.013485 -0.000004 2.602084 -0.990278 -3.124313
    7 -1.330879 -2.698427 0.462449 -0.194886 -0.547260 3.056712
    8 1.330910 2.698444 -0.462436 0.194890 0.547268 -0.084879
    9 0.023985 0.039552 0.070332 -0.376504 -0.162264 -0.607000
    10 -4.925781 -10.460938 3.189453 -2.923375 0.046966 2.500377
    11 0.033589 -1.852833 0.539136 -2.901645 0.106677 2.215485
    12 4.777527 6.028128 1.897721 -1.090396 0.577049 -0.321829
    13 5.490345 7.072691 2.428969 -1.090396 0.577049 -0.321829
    14 6.562500 8.648438 3.232422 -1.090396 0.577049 -0.321829
    15 7.558525 6.997282 -2.354134 -1.937336 -0.275393 3.010581
    16 7.558525 6.997282 -2.354134 1.937336 0.275393 -0.131011
    17 -2.867767 -2.740969 0.531125 2.051196 0.577049 -0.321829
    18 4.324081 2.744001 -0.524877 -1.090396 0.577049 -0.321829
    19 5.012512 3.752832 -0.011802 -1.090396 0.577049 -0.321829
    20 5.595486 4.607124 0.422674 -1.090396 0.577049 -0.321829
    21 6.233833 5.542564 0.898426 -1.090396 0.577049 -0.321829
    22 6.946648 6.587124 1.429667 -1.090396 0.577049 -0.321829
    23 7.537933 7.453606 1.870349 -1.090396 0.577049 -0.321829
    24 8.154472 8.357077 2.329839 -1.090396 0.577049 -0.321829
    25 8.874294 9.411907 2.866308 -1.090396 0.577049 -0.321829
    26 -4.125858 -2.321501 1.394414 2.051196 0.577049 -0.321829
    27 -4.826813 -3.348669 0.872014 2.051196 0.577049 -0.321829
    28 -5.441669 -4.249685 0.413772 2.051196 0.577049 -0.321829
    29 -0.552532 -1.343527 1.604446 -0.687882 0.662133 -0.833274
    30 0.552589 1.343534 -1.604463 -0.257423 0.325476 -0.369600
    31 0.000000 -2.021618 -0.000004 0.494293 0.000000 0.000000
    32 -0.000021 2.021633 0.000027 0.019907 0.000000 0.000000
    33 -0.000004 -1.136217 -0.000004 -0.290329 0.000000 0.000000
    34 -0.000011 1.136200 -0.000019 -0.004508 0.000000 0.000000
    35 -0.032677 -4.587727 1.352317 2.568516 1.378586 2.710191
    36 0.032719 4.587772 -1.352291 2.872657 1.147233 2.150857
    37 0.000000 -1.754536 -0.000002 0.829780 0.000000 0.000000
    38 -0.000006 1.754520 -0.000034 0.893113 0.000000 0.000000
    39 0.000000 -1.227020 -0.000002 0.528805 0.000000 0.000000
    40 0.000002 1.227070 0.000032 1.666482 0.000000 0.000000
    41 -0.367996 -4.208406 0.173244 2.768378 1.110804 2.370875
    42 0.368011 4.208412 -0.173239 3.638008 1.113777 2.453336
    43 0.000000 -2.372318 -0.000004 0.927479 0.000000 0.000000
    44 -0.000006 2.372318 -0.000032 1.626622 0.000000 0.000000
    45 0.000004 -1.580070 -0.000001 0.318371 0.000000 0.000000
    46 -0.000002 1.580170 0.000030 1.150744 0.000000 0.000000
    47 -0.937645 -3.860697 -0.959317 -2.970605 0.823842 2.632123
    48 0.937672 3.860714 0.959333 3.801913 0.921338 2.508790
    49 0.000000 -1.690632 0.000000 0.719375 0.000000 0.000000
    50 -0.000013 1.690666 0.000021 1.486632 0.000000 0.000000
    51 -0.000002 -1.423443 0.000002 0.462042 0.000000 0.000000
    52 0.000008 1.423420 0.000028 0.853658 0.000000 0.000000
    53 -1.546646 -3.404194 -1.915569 -2.736003 0.624815 2.650644
    54 1.546661 3.404217 1.915585 4.044789 0.709183 2.327357
    55 0.000004 -1.437820 0.000000 0.652785 0.000000 0.000000
    56 -0.000021 1.437870 0.000031 1.044964 0.000000 0.000000
    57 -0.000002 -1.059402 0.000000 0.549901 0.000000 0.000000
    58 0.000006 1.059372 0.000008 0.883198 0.000000 0.000000
    59 -0.000004 -13.013485 -0.000004 0.010936 -0.284121 -0.076428
    60 0.161133 -10.812500 0.023087 0.010936 -0.284121 -0.076428
  time 40
    0 0.000000 0.826660 0.000001 -1.559900 -0.000006 -0.000006
    1 -7.059201 7.545358 -8.025539 -0.669505 0.095298 0.836706
    2 0.000000 14.313023 0.000003 -1.594109 0.000000 0.000000
    3 -0.000011 13.013483 -0.000005 1.255326 0.733778 0.967761
    4 20.812500 21.968750 -10.562500 -3.067358 -0.069739 0.021535
    5 0.000000 -14.313034 0.000000 -1.548730 0.000000 0.000000
    6 -0.000004 -13.013485 -0.000004 2.602084 -0.990278 -3.124313
    7 -1.330879 -2.698427 0.462449 -0.194886 -0.547260 3.056712
    8 1.330910 2.698444 -0.462436 0.194890 0.547268 -0.084879
    9 0.023985 0.088629 0.070332 -0.382730 -0.171175 -0.649293
    10 -4.925781 -10.460938 3.189453 -2.923375 0.046966 2.500377
    11 -0.048445 -1.848927 0.554761 -2.898529 0.117080 2.172356
    12 4.777527 6.028128 1.897721 -1.090396 0.577049 -0.321829
    13 5.490345 7.072691 2.428969 -1.090396 0.577049 -0.321829
    14 6.562500 8.648438 3.232422 -1.090396 0.577049 -0.321829
    15 7.558525 6.997282 -2.354134 -1.937336 -0.275393 3.010581
    16 7.558525 6.997282 -2.354134 1.937336 0.275393 -0.131011
    17 -2.867767 -2.740969 0.531125 2.051196 0.577049 -0.321829
    18 4.324081 2.744001 -0.524877 -1.090396 0.577049 -0.321829
    19 5.012512 3.752832 -0.011802 -1.090396 0.577049 -0.321829
    20 5.595486 4.607124 0.422674 -1.090396 0.577049 -0.321829
    21 6.233833 5.542564 0.898426 -1.090396 0.577049 -0.321829
    22 6.946648 6.587124 1.429667 -1.090396 0.577049 -0.321829
    23 7.537933 7.453606 1.870349 -1.090396 0.577049 -0.321829
    24 8.154472 8.357077 2.329839 -1.090396 0.577049 -0.321829
    25 8.874294 9.411907 2.866308 -1.090396 0.577049 -0.321829
    26 -4.125858 -2.321501 1.394414 2.051196 0.577049 -0.321829
    27 -4.826813 -3.348669 0.872014 2.051196 0.577049 -0.321829
    28 -5.441669 -4.249685 0.413772 2.051196 0.577049 -0.321829
    29 -0.552532 -1.343527 1.604446 -0.687882 0.662133 -0.833274
    30 0.552589 1.343534 -1.604463 -0.257762 0.325476 -0.369600
    31 0.000000 -2.021618 -0.000004 0.494293 0.000000 0.000000
    32 -0.000021 2.021633 0.000027 0.019527 0.000000 0.000000
    33 -0.000004 -1.136217 -0.000004 -0.290329 0.000000 0.000000
    34 -0.000011 1.136200 -0.000019 -0.004926 0.000000 0.000000
    35 -0.032677 -4.587727 1.352317 2.568516 1.378586 2.710191
    36 0.032719 4.587772 -1.352291 2.864757 1.142631 2.146838
    37 0.000000 -1.754536 -0.000002 0.829780 0.000000 0.000000
    38 -0.000006 1.754520 -0.000034 0.889213 0.000000 0.000000
    39 0.000000 -1.227020 -0.000002 0.528805 0.000000 0.000000
    40 0.000002 1.227070 0.000032 1.662488 0.000000 0.000000
    41 -0.367996 -4.208406 0.173244 2.768378 1.110804 2.370875
    42 0.368011 4.208412 -0.173239 3.638008 1.113777 2.453336
    43 0.000000 -2.372318 -0.000004 0.927479 0.000000 0.000000
    44 -0.000006 2.372318 -0.000032 1.626622 0.000000 0.000000
    45 0.000004 -1.580070 -0.000001 0.318371 0.000000 0.000000
    46 -0.000002 1.580170 0.000030 1.150744 0.000000 0.000000
    47 -0.937645 -3.860697 -0.959317 -2.970605 0.823842 2.632123
    48 0.937672 3.860714 0.959333 3.801913 0.921338 2.508790
    49 0.000000 -1.690632 0.000000 0.719375 0.000000 0.000000
    50 -0.000013 1.690666 0.000021 1.486632 0.000000 0.000000
    51 -0.000002 -1.423443 0.000002 0.462042 0.000000 0.000000
    52 0.000008 1.423420 0.000028 0.853658 0.000000 0.000000
    53 -1.546646 -3.404194 -1.915569 -2.736003 0.624815 2.650644
    54 1.546661 3.404217 1.915585 4.044789 0.709183 2.327357
    55 0.000004 -1.437820 0.000000 0.652785 0.000000 0.000000
    56 -0.000021 1.437870 0.000031 1.044964 0.000000 0.000000
    57 -0.000002 -1.059402 0.000000 0.549901 0.000000 0.000000
    58 0.000006 1.059372 0.000008 0.883198 0.000000 0.000000
    59 -0.000004 -13.013485 -0.000004 0.010936 -0.284121 -0.076428
    60 0.161133 -10.812500 0.023087 0.010936 -0.284121 -0.076428
  time 41
    0 0.000000 0.826660 0.000001 -1.559900 -0.000006 -0.000006
    1 -7.059201 7.545358 -8.025539 -0.672546 0.090816 0.833117
    2 0.000000 14.313023 0.000003 -1.599302 0.000000 0.000000
    3 -0.000011 13.013483 -0.000005 1.276060 0.695101 0.993546
    4 20.812500 21.968750 -10.562500 -3.067358 -0.069739 0.021535
    5 0.000000 -14.313034 0.000000 -1.548730 0.000000 0.000000
    6 -0.000004 -13.013485 -0.000004 2.602084 -0.990278 -3.124313
    7 -1.330879 -2.698427 0.462449 -0.194886 -0.547260 3.056712
    8 1.330910 2.698444 -0.462436 0.194890 0.547268 -0.084879
    9 0.023985 0.088629 0.070332 -0.381293 -0.176949 -0.693194
    10 -4.925781 -10.460938 3.189453 -2.923375 0.046966 2.500377
    11 -0.130479 -1.841114 0.562574 -2.901739 0.122024 2.128364
    12 4.777527 6.028128 1.897721 -1.090396 0.577049 -0.321829
    13 5.490345 7.072691 2.428969 -1.090396 0.577049 -0.321829
    14 6.562500 8.648438 3.232422 -1.090396 0.577049 -0.321829
    15 7.558525 6.997282 -2.354134 -1.937336 -0.275393 3.010581
    16 7.558525 6.997282 -2.354134 1.937336 0.275393 -0.131011
    17 -2.867767 -2.740969 0.531125 2.051196 0.577049 -0.321829
    18 4.324081 2.744001 -0.524877 -1.090396 0.577049 -0.321829
    19 5.012512 3.752832 -0.011802 -1.090396 0.577049 -0.321829
    20 5.595486 4.607124 0.422674 -1.090396 0.577049 -0.321829
    21 6.233833 5.542564 0.898426 -1.090396 0.577049 -0.321829
    22 6.946648 6.587124 1.429667 -1.090396 0.577049 -0.321829
    23 7.537933 7.453606 1.870349 -1.090396 0.577049 -0.321829
    24 8.154472 8.357077 2.329839 -1.090396 0.577049 -0.321829
    25 8.874294 9.411907 2.866308 -1.090396 0.577049 -0.321829
    26 -4.125858 -2.321501 1.394414 2.051196 0.577049 -0.321829
    27 -4.826813 -3.348669 0.872014 2.051196 0.577049 -0.321829
    28 -5.441669 -4.249685 0.413772 2.051196 0.577049 -0.321829
    29 -0.552532 -1.343527 1.604446 -0.687882 0.662133 -0.833274
    30 0.552589 1.343534 -1.604463 -0.257501 0.325476 -0.369600
    31 0.000000 -2.021618 -0.000004 0.494293 0.000000 0.000000
    32 -0.000021 2.021633 0.000027 0.019826 0.000000 0.000000
    33 -0.000004 -1.136217 -0.000004 -0.290329 0.000000 0.000000
    34 -0.000011 1.136200 -0.000019 -0.004601 0.000000 0.000000
    35 -0.032677 -4.587727 1.352317 2.568516 1.378586 2.710191
    36 0.032719 4.587772 -1.352291 2.863715 1.142037 2.146307
    37 0.000000 -1.754536 -0.000002 0.829780 0.000000 0.000000
    38 -0.000006 1.754520 -0.000034 0.888714 0.000000 0.000000
    39 0.000000 -1.227020 -0.000002 0.528805 0.000000 0.000000
    40 0.000002 1.227070 0.000032 1.662022 0.000000 0.000000
    41 -0.367996 -4.208406 0.173244 2.768378 1.110804 2.370875
    42 0.368011 4.208412 -0.173239 3.638008 1.113777 2.453336
    43 0.000000 -2.372318 -0.000004 0.927479 0.000000 0.000000
    44 -0.000006 2.372318 -0.000032 1.626578 0.000000 0.000000
    45 0.000004 -1.580070 -0.000001 0.318371 0.000000 0.000000
    46 -0.000002 1.580170 0.000030 1.150744 0.000000 0.000000
    47 -0.937645 -3.860697 -0.959317 -2.970605 0.823842 2.632123
    48 0.937672 3.860714 0.959333 3.801913 0.921338 2.508790
    49 0.000000 -1.690632 0.000000 0.719375 0.000000 0.000000
    50 -0.000013 1.690666 0.000021 1.486632 0.000000 0.000000
    51 -0.000002 -1.423443 0.000002 0.462042 0.000000 0.000000
    52 0.000008 1.423420 0.000028 0.853658 0.000000 0.000000
    53 -1.546646 -3.404194 -1.915569 -2.736003 0.624815 2.650644
    54 1.546661 3.404217 1.915585 4.044789 0.709183 2.327357
    55 0.000004 -1.437820 0.000000 0.652785 0.000000 0.000000
    56 -0.000021 1.437870 0.000031 1.044964 0.000000 0.000000
    57 -0.000002 -1.059402 0.000000 0.549901 0.000000 0.000000
    58 0.000006 1.059372 0.000008 0.883198 0.000000 0.000000
    59 -0.000004 -13.013485 -0.000004 0.010936 -0.284121 -0.076428
    60 0.161133 -10.812500 0.023087 0.010936 -0.284121 -0.076428
  time 42
    0 0.000000 0.826660 0.000001 -1.559900 -0.000006 -0.000006
    1 -7.059201 7.545358 -8.025539 -0.673006 0.085713 0.838692
    2 0.000000 14.313023 0.000003 -1.604434 0.000000 0.000000
    3 -0.000011 13.013483 -0.000005 1.296794 0.662414 1.022111
    4 20.812500 21.968750 -10.562500 -3.067358 -0.069739 0.021535
    5 0.000000 -14.313034 0.000000 -1.548730 0.000000 0.000000
    6 -0.000004 -13.013485 -0.000004 2.602084 -0.990278 -3.124313
    7 -1.330879 -2.698427 0.462449 -0.194886 -0.547260 3.056712
    8 1.330910 2.698444 -0.462436 0.194890 0.547268 -0.084879
    9 0.023985 0.088629 0.070332 -0.374780 -0.179962 -0.735014
    10 -4.925781 -10.460938 3.189453 -2.923375 0.046966 2.500377
    11 -0.208606 -1.837208 0.554761 -2.908822 0.122859 2.086865
    12 4.777527 6.028128 1.897721 -1.090396 0.577049 -0.321829
    13 5.490345 7.072691 2.428969 -1.090396 0.577049 -0.321829
    14 6.562500 8.648438 3.232422 -1.090396 0.577049 -0.321829
    15 7.558525 6.997282 -2.354134 -1.937336 -0.275393 3.010581
    16 7.558525 6.997282 -2.354134 1.937336 0.275393 -0.131011
    17 -2.867767 -2.740969 0.531125 2.051196 0.577049 -0.321829
    18 4.324081 2.744001 -0.524877 -1.090396 0.577049 -0.321829
    19 5.012512 3.752832 -0.011802 -1.090396 0.577049 -0.321829
    20 5.595486 4.607124 0.422674 -1.090396 0.577049 -0.321829
    21 6.233833 5.542564 0.898426 -1.090396 0.577049 -0.321829
    22 6.946648 6.587124 1.429667 -1.090396 0.577049 -0.321829
    23 7.537933 7.453606 1.870349 -1.090396 0.577049 -0.321829
    24 8.154472 8.357077 2.329839 -1.090396 0.577049 -0.321829
    25 8.874294 9.411907 2.866308 -1.090396 0.577049 -0.321829
    26 -4.125858 -2.321501 1.394414 2.051196 0.577049 -0.321829
    27 -4.826813 -3.348669 0.872014 2.051196 0.577049 -0.321829
    28 -5.441669 -4.249685 0.413772 2.051196 0.577049 -0.321829
    29 -0.552532 -1.343527 1.604446 -0.687882 0.662133 -0.833274
    30 0.552589 1.343534 -1.604463 -0.256717 0.325476 -0.369600
    31 0.000000 -2.021618 -0.000004 0.494293 0.000000 0.000000
    32 -0.000021 2.021633 0.000027 0.020614 0.000000 0.000000
    33 -0.000004 -1.136217 -0.000004 -0.290329 0.000000 0.000000
    34 -0.000011 1.136200 -0.000019 -0.003857 0.000000 0.000000
    35 -0.032677 -4.587727 1.352317 2.568516 1.378586 2.710191
    36 0.032719 4.587772 -1.352291 2.867448 1.144227 2.148203
    37 0.000000 -1.754536 -0.000002 0.829780 0.000000 0.000000
    38 -0.000006 1.754520 -0.000034 0.890528 0.000000 0.000000
    39 0.000000 -1.227020 -0.000002 0.528805 0.000000 0.000000
    40 0.000002 1.227070 0.000032 1.663819 0.000000 0.000000
    41 -0.367996 -4.208406 0.173244 2.768378 1.110804 2.370875
    42 0.368011 4.208412 -0.173239 3.638008 1.113777 2.453336
    43 0.000000 -2.372318 -0.000004 0.927479 0.000000 0.000000
    44 -0.000006 2.372318 -0.000032 1.626622 0.000000 0.000000
    45 0.000004 -1.580070 -0.000001 0.318371 0.000000 0.000000
    46 -0.000002 1.580170 0.000030 1.150744 0.000000 0.000000
    47 -0.937645 -3.860697 -0.959317 -2.970605 0.823842 2.632123
    48 0.937672 3.860714 0.959333 3.801913 0.921338 2.508790
    49 0.000000 -1.690632 0.000000 0.719375 0.000000 0.000000
    50 -0.000013 1.690666 0.000021 1.486632 0.000000 0.000000
    51 -0.000002 -1.423443 0.000002 0.462042 0.000000 0.000000
    52 0.000008 1.423420 0.000028 0.853658 0.000000 0.000000
    53 -1.546646 -3.404194 -1.915569 -2.736003 0.624815 2.650644
    54 1.546661 3.404217 1.915585 4.044789 0.709183 2.327357
    55 0.000004 -1.437820 0.000000 0.652785 0.000000 0.000000
    56 -0.000021 1.437870 0.000031 1.044964 0.000000 0.000000
    57 -0.000002 -1.059402 0.000000 0.549901 0.000000 0.000000
    58 0.000006 1.059372 0.000008 0.883198 0.000000 0.000000
    59 -0.000004 -13.013485 -0.000004 0.010936 -0.284121 -0.076428
    60 0.161133 -10.812500 0.023087 0.010936 -0.284121 -0.076428
  time 43
    0 0.000000 0.826660 0.000001 -1.559900 -0.000006 -0.000006
    1 -7.059201 7.545358 -8.025539 -0.672177 0.080610 0.849691
    2 0.000000 14.313023 0.000003 -1.609139 0.000000 0.000000
    3 -0.000011 13.013483 -0.000005 1.315999 0.635812 1.050197
    4 20.812500 21.968750 -10.562500 -3.067358 -0.069739 0.021535
    5 0.000000 -14.313034 0.000000 -1.548730 0.000000 0.000000
    6 -0.000004 -13.013485 -0.000004 2.602084 -0.990278 -3.124313
    7 -1.330879 -2.698427 0.462449 -0.194886 -0.547260 3.056712
    8 1.330910 2.698444 -0.462436 0.194890 0.547268 -0.084879
    9 0.023985 0.088629 0.070332 -0.365489 -0.180841 -0.772671
    10 -4.925781 -10.460938 3.189453 -2.923375 0.046966 2.500377
    11 -0.278921 -1.829395 0.543042 -2.917982 0.120933 2.049774
    12 4.777527 6.028128 1.897721 -1.090396 0.577049 -0.321829
    13 5.490345 7.072691 2.428969 -1.090396 0.577049 -0.321829
    14 6.562500 8.648438 3.232422 -1.090396 0.577049 -0.321829
    15 7.558525 6.997282 -2.354134 -1.937336 -0.275393 3.010581
    16 7.558525 6.997282 -2.354134 1.937336 0.275393 -0.131011
    17 -2.867767 -2.740969 0.531125 2.051196 0.577049 -0.321829
    18 4.324081 2.744001 -0.524877 -1.090396 0.577049 -0.321829
    19 5.012512 3.752832 -0.011802 -1.090396 0.577049 -0.321829
    20 5.595486 4.607124 0.422674 -1.090396 0.577049 -0.321829
    21 6.233833 5.542564 0.898426 -1.090396 0.577049 -0.321829
    22 6.946648 6.587124 1.429667 -1.090396 0.577049 -0.321829
    23 7.537933 7.453606 1.870349 -1.090396 0.577049 -0.321829
    24 8.154472 8.357077 2.329839 -1.090396 0.577049 -0.321829
    25 8.874294 9.411907 2.866308 -1.090396 0.577049 -0.321829
    26 -4.125858 -2.321501 1.394414 2.051196 0.577049 -0.321829
    27 -4.826813 -3.348669 0.872014 2.051196 0.577049 -0.321829
    28 -5.441669 -4.249685 0.413772 2.051196 0.577049 -0.321829
    29 -0.552532 -1.343527 1.604446 -0.687882 0.662133 -0.833274
    30 0.552589 1.343534 -1.604463 -0.255724 0.325476 -0.369600
    31 0.000000 -2.021618 -0.000004 0.494293 0.000000 0.000000
    32 -0.000021 2.021633 0.000027 0.021619 0.000000 0.000000
    33 -0.000004 -1.136217 -0.000004 -0.290329 0.000000 0.000000
    34 -0.000011 1.136200 -0.000019 -0.002835 0.000000 0.000000
    35 -0.032677 -4.587727 1.352317 2.568516 1.378586 2.710191
    36 0.032719 4.587772 -1.352291 2.874046 1.148012 2.151539
    37 0.000000 -1.754536 -0.000002 0.829780 0.000000 0.000000
    38 -0.000006 1.754520 -0.000034 0.893839 0.000000 0.000000
    39 0.000000 -1.227020 -0.000002 0.528805 0.000000 0.000000
    40 0.000002 1.227070 0.000032 1.667081 0.000000 0.000000
    41 -0.367996 -4.208406 0.173244 2.768378 1.110804 2.370875
    42 0.368011 4.208412 -0.173239 3.638008 1.113777 2.453336
    43 0.000000 -2.372318 -0.000004 0.927479 0.000000 0.000000
    44 -0.000006 2.372318 -0.000032 1.626622 0.000000 0.000000
    45 0.000004 -1.580070 -0.000001 0.318371 0.000000 0.000000
    46 -0.000002 1.580170 0.000030 1.150744 0.000000 0.000000
    47 -0.937645 -3.860697 -0.959317 -2.970605 0.823842 2.632123
    48 0.937672 3.860714 0.959333 3.801913 0.921338 2.508790
    49 0.000000 -1.690632 0.000000 0.719375 0.000000 0.000000
    50 -0.000013 1.690666 0.000021 1.486632 0.000000 0.000000
    51 -0.000002 -1.423443 0.000002 0.462042 0.000000 0.000000
    52 0.000008 1.423420 0.000028 0.853658 0.000000 0.000000
    53 -1.546646 -3.404194 -1.915569 -2.736003 0.624815 2.650644
    54 1.546661 3.404217 1.915585 4.044789 0.709183 2.327357
    55 0.000004 -1.437820 0.000000 0.652785 0.000000 0.000000
    56 -0.000021 1.437870 0.000031 1.044964 0.000000 0.000000
    57 -0.000002 -1.059402 0.000000 0.549901 0.000000 0.000000
    58 0.000006 1.059372 0.000008 0.883198 0.000000 0.000000
    59 -0.000004 -13.013485 -0.000004 0.010936 -0.284121 -0.076428
    60 0.161133 -10.812500 0.023087 0.010936 -0.284121 -0.076428
  time 44
    0 0.000000 0.826660 0.000001 -1.559900 -0.000006 -0.000006
    1 -7.059201 7.545358 -8.025539 -0.670426 0.076128 0.862370
    2 0.000000 14.313023 0.000003 -1.613110 0.000000 0.000000
    3 -0.000011 13.013483 -0.000005 1.332147 0.615955 1.074736
    4 20.812500 21.968750 -10.562500 -3.067358 -0.069739 0.021535
    5 0.000000 -14.313034 0.000000 -1.548730 0.000000 0.000000
    6 -0.000004 -13.013485 -0.000004 2.602084 -0.990278 -3.124313
    7 -1.330879 -2.698427 0.462449 -0.194886 -0.547260 3.056712
    8 1.330910 2.698444 -0.462436 0.194890 0.547268 -0.084879
    9 0.023985 0.088629 0.070332 -0.355431 -0.180338 -0.802948
    10 -4.925781 -10.460938 3.189453 -2.923375 0.046966 2.500377
    11 -0.333610 -1.825488 0.527417 -2.927142 0.117401 2.020255
    12 4.777527 6.028128 1.897721 -1.090396 0.577049 -0.321829
    13 5.490345 7.072691 2.428969 -1.090396 0.577049 -0.321829
    14 6.562500 8.648438 3.232422 -1.090396 0.577049 -0.321829
    15 7.558525 6.997282 -2.354134 -1.937336 -0.275393 3.010581
    16 7.558525 6.997282 -2.354134 1.937336 0.275393 -0.131011
    17 -2.867767 -2.740969 0.531125 2.051196 0.577049 -0.321829
    18 4.324081 2.744001 -0.524877 -1.090396 0.577049 -0.321829
    19 5.012512 3.752832 -0.011802 -1.090396 0.577049 -0.321829
    20 5.595486 4.607124 0.422674 -1.090396 0.577049 -0.321829
    21 6.233833 5.542564 0.898426 -1.090396 0.577049 -0.321829
    22 6.946648 6.587124 1.429667 -1.090396 0.577049 -0.321829
    23 7.537933 7.453606 1.870349 -1.090396 0.577049 -0.321829
    24 8.154472 8.357077 2.329839 -1.090396 0.577049 -0.321829
    25 8.874294 9.411907 2.866308 -1.090396 0.577049 -0.321829
    26 -4.125858 -2.321501 1.394414 2.051196 0.577049 -0.321829
    27 -4.826813 -3.348669 0.872014 2.051196 0.577049 -0.321829
    28 -5.441669 -4.249685 0.413772 2.051196 0.577049 -0.321829
    29 -0.552532 -1.343527 1.604446 -0.687882 0.662133 -0.833274
    30 0.552589 1.343534 -1.604463 -0.254705 0.325476 -0.369600
    31 0.000000 -2.021618 -0.000004 0.494293 0.000000 0.000000
    32 -0.000021 2.021633 0.000027 0.022597 0.000000 0.000000
    33 -0.000004 -1.136217 -0.000004 -0.290329 0.000000 0.000000
    34 -0.000011 1.136200 -0.000019 -0.001812 0.000000 0.000000
    35 -0.032677 -4.587727 1.352317 2.568516 1.378586 2.710191
    36 0.032719 4.587772 -1.352291 2.881338 1.152243 2.155255
    37 0.000000 -1.754536 -0.000002 0.829780 0.000000 0.000000
    38 -0.000006 1.754520 -0.000034 0.897422 0.000000 0.000000
    39 0.000000 -1.227020 -0.000002 0.528805 0.000000 0.000000
    40 0.000002 1.227070 0.000032 1.670742 0.000000 0.000000
    41 -0.367996 -4.208406 0.173244 2.768378 1.110804 2.370875
    42 0.368011 4.208412 -0.173239 3.638008 1.113777 2.453336
    43 0.000000 -2.372318 -0.000004 0.927479 0.000000 0.000000
    44 -0.000006 2.372318 -0.000032 1.626622 0.000000 0.000000
    45 0.000004 -1.580070 -0.000001 0.318371 0.000000 0.000000
    46 -0.000002 1.580170 0.000030 1.150744 0.000000 0.000000
    47 -0.937645 -3.860697 -0.959317 -2.970605 0.823842 2.632123
    48 0.937672 3.860714 0.959333 3.801913 0.921338 2.508790
    49 0.000000 -1.690632 0.000000 0.719375 0.000000 0.000000
    50 -0.000013 1.690666 0.000021 1.486632 0.000000 0.000000
    51 -0.000002 -1.423443 0.000002 0.462042 0.000000 0.000000
    52 0.000008 1.423420 0.000028 0.853658 0.000000 0.000000
    53 -1.546646 -3.404194 -1.915569 -2.736003 0.624815 2.650644
    54 1.546661 3.404217 1.915585 4.044789 0.709183 2.327357
    55 0.000004 -1.437820 0.000000 0.652785 0.000000 0.000000
    56 -0.000021 1.437870 0.000031 1.044964 0.000000 0.000000
    57 -0.000002 -1.059402 0.000000 0.549901 0.000000 0.000000
    58 0.000006 1.059372 0.000008 0.883198 0.000000 0.000000
    59 -0.000004 -13.013485 -0.000004 0.010936 -0.284121 -0.076428
    60 0.161133 -10.812500 0.023087 0.010936 -0.284121 -0.076428
  time 45
    0 0.000000 0.826660 0.000001 -1.559900 -0.000006 -0.000006
    1 -7.059201 7.545358 -8.025539 -0.668952 0.072932 0.872911
    2 0.000000 14.313023 0.000003 -1.615799 0.000000 0.000000
    3 -0.000011 13.013483 -0.000005 1.343326 0.603597 1.092181
    4 20.812500 21.968750 -10.562500 -3.067358 -0.069739 0.021535
    5 0.000000 -14.313034 0.000000 -1.548730 0.000000 0.000000
    6 -0.000004 -13.013485 -0.000004 2.602084 -0.990278 -3.124313
    7 -1.330879 -2.698427 0.462449 -0.194886 -0.547260 3.056712
    8 1.330910 2.698444 -0.462436 0.194890 0.547268 -0.084879
    9 0.023985 0.088629 0.070332 -0.347481 -0.179397 -0.823101
    10 -4.925781 -10.460938 3.189453 -2.923375 0.046966 2.500377
    11 -0.372673 -1.821582 0.511791 -2.934319 0.113933 2.000512
    12 4.777527 6.028128 1.897721 -1.090396 0.577049 -0.321829
    13 5.490345 7.072691 2.428969 -1.090396 0.577049 -0.321829
    14 6.562500 8.648438 3.232422 -1.090396 0.577049 -0.321829
    15 7.558525 6.997282 -2.354134 -1.937336 -0.275393 3.010581
    16 7.558525 6.997282 -2.354134 1.937336 0.275393 -0.131011
    17 -2.867767 -2.740969 0.531125 2.051196 0.577049 -0.321829
    18 4.324081 2.744001 -0.524877 -1.090396 0.577049 -0.321829
    19 5.012512 3.752832 -0.011802 -1.090396 0.577049 -0.321829
    20 5.595486 4.607124 0.422674 -1.090396 0.577049 -0.321829
    21 6.233833 5.542564 0.898426 -1.090396 0.577049 -0.321829
    22 6.946648 6.587124 1.429667 -1.090396 0.577049 -0.321829
    23 7.537933 7.453606 1.870349 -1.090396 0.577049 -0.321829
    24 8.154472 8.357077 2.329839 -1.090396 0.577049 -0.321829
    25 8.874294 9.411907 2.866308 -1.090396 0.577049 -0.321829
    26 -4.125858 -2.321501 1.394414 2.051196 0.577049 -0.321829
    27 -4.826813 -3.348669 0.872014 2.051196 0.577049 -0.321829
    28 -5.441669 -4.249685 0.413772 2.051196 0.577049 -0.321829
    29 -0.552532 -1.343527 1.604446 -0.687882 0.662133 -0.833274
    30 0.552589 1.343534 -1.604463 -0.253947 0.325476 -0.369600
    31 0.000000 -2.021618 -0.000004 0.494293 0.000000 0.000000
    32 -0.000021 2.021633 0.000027 0.023385 0.000000 0.000000
    33 -0.000004 -1.136217 -0.000004 -0.290329 0.000000 0.000000
    34 -0.000011 1.136200 -0.000019 -0.001022 0.000000 0.000000
    35 -0.032677 -4.587727 1.352317 2.568516 1.378586 2.710191
    36 0.032719 4.587772 -1.352291 2.887242 1.155621 2.158365
    37 0.000000 -1.754536 -0.000002 0.829780 0.000000 0.000000
    38 -0.000006 1.754520 -0.000034 0.900279 0.000000 0.000000
    39 0.000000 -1.227020 -0.000002 0.528805 0.000000 0.000000
    40 0.000002 1.227070 0.000032 1.673671 0.000000 0.000000
    41 -0.367996 -4.208406 0.173244 2.768378 1.110804 2.370875
    42 0.368011 4.208412 -0.173239 3.638008 1.113777 2.453336
    43 0.000000 -2.372318 -0.000004 0.927479 0.000000 0.000000
    44 -0.000006 2.372318 -0.000032 1.626622 0.000000 0.000000
    45 0.000004 -1.580070 -0.000001 0.318371 0.000000 0.000000
    46 -0.000002 1.580170 0.000030 1.150744 0.000000 0.000000
    47 -0.937645 -3.860697 -0.959317 -2.970605 0.823842 2.632123
    48 0.937672 3.860714 0.959333 3.801913 0.921338 2.508790
    49 0.000000 -1.690632 0.000000 0.719375 0.000000 0.000000
    50 -0.000013 1.690666 0.000021 1.486632 0.000000 0.000000
    51 -0.000002 -1.423443 0.000002 0.462042 0.000000 0.000000
    52 0.000008 1.423420 0.000028 0.853658 0.000000 0.000000
    53 -1.546646 -3.404194 -1.915569 -2.736003 0.624815 2.650644
    54 1.546661 3.404217 1.915585 4.044789 0.709183 2.327357
    55 0.000004 -1.437820 0.000000 0.652785 0.000000 0.000000
    56 -0.000021 1.437870 0.000031 1.044964 0.000000 0.000000
    57 -0.000002 -1.059402 0.000000 0.549901 0.000000 0.000000
    58 0.000006 1.059372 0.000008 0.883198 0.000000 0.000000
    59 -0.000004 -13.013485 -0.000004 0.010936 -0.284121 -0.076428
    60 0.161133 -10.812500 0.023087 0.010936 -0.284121 -0.076428
  time 46
    0 0.000000 0.826660 0.000001 -1.559900 -0.000006 -0.000006
    1 -7.059201 7.545358 -8.025539 -0.668215 0.071645 0.877341
    2 0.000000 14.313023 0.000003 -1.616776 0.000000 0.000000
    3 -0.000011 13.013483 -0.000005 1.347530 0.599305 1.098796
    4 20.812500 21.968750 -10.562500 -3.067358 -0.069739 0.021535
    5 0.000000 -14.313034 0.000000 -1.548730 0.000000 0.000000
    6 -0.000004 -13.013485 -0.000004 2.602084 -0.990278 -3.124313
    7 -1.330879 -2.698427 0.462449 -0.194886 -0.547260 3.056712
    8 1.330910 2.698444 -0.462436 0.194890 0.547268 -0.084879
    9 0.023985 0.088629 0.070332 -0.344224 -0.178769 -0.830481
    10 -4.925781 -10.460938 3.189453 -2.923375 0.046966 2.500377
    11 -0.384392 -1.817676 0.507885 -2.937152 0.112392 1.993515
    12 4.777527 6.028128 1.897721 -1.090396 0.577049 -0.321829
    13 5.490345 7.072691 2.428969 -1.090396 0.577049 -0.321829
    14 6.562500 8.648438 3.232422 -1.090396 0.577049 -0.321829
    15 7.558525 6.997282 -2.354134 -1.937336 -0.275393 3.010581
    16 7.558525 6.997282 -2.354134 1.937336 0.275393 -0.131011
    17 -2.867767 -2.740969 0.531125 2.051196 0.577049 -0.321829
    18 4.324081 2.744001 -0.524877 -1.090396 0.577049 -0.321829
    19 5.012512 3.752832 -0.011802 -1.090396 0.577049 -0.321829
    20 5.595486 4.607124 0.422674 -1.090396 0.577049 -0.321829
    21 6.233833 5.542564 0.898426 -1.090396 0.577049 -0.321829
    22 6.946648 6.587124 1.429667 -1.090396 0.577049 -0.321829
    23 7.537933 7.453606 1.870349 -1.090396 0.577049 -0.321829
    24 8.154472 8.357077 2.329839 -1.090396 0.577049 -0.321829
    25 8.874294 9.411907 2.866308 -1.090396 0.577049 -0.321829
    26 -4.125858 -2.321501 1.394414 2.051196 0.577049 -0.321829
    27 -4.826813 -3.348669 0.872014 2.051196 0.577049 -0.321829
    28 -5.441669 -4.249685 0.413772 2.051196 0.577049 -0.321829
    29 -0.552532 -1.343527 1.604446 -0.687882 0.662133 -0.833274
    30 0.552589 1.343534 -1.604463 -0.253607 0.325476 -0.369600
    31 0.000000 -2.021618 -0.000004 0.494293 0.000000 0.000000
    32 -0.000021 2.021633 0.000027 0.023711 0.000000 0.000000
    33 -0.000004 -1.136217 -0.000004 -0.290329 0.000000 0.000000
    34 -0.000011 1.136200 -0.000019 -0.000743 0.000000 0.000000
    35 -0.032677 -4.587727 1.352317 2.568516 1.378586 2.710191
    36 0.032719 4.587772 -1.352291 2.889672 1.157031 2.159654
    37 0.000000 -1.754536 -0.000002 0.829780 0.000000 0.000000
    38 -0.000006 1.754520 -0.000034 0.901549 0.000000 0.000000
    39 0.000000 -1.227020 -0.000002 0.528805 0.000000 0.000000
    40 0.000002 1.227070 0.000032 1.674802 0.000000 0.000000
    41 -0.367996 -4.208406 0.173244 2.768378 1.110804 2.370875
    42 0.368011 4.208412 -0.173239 3.638008 1.113777 2.453336
    43 0.000000 -2.372318 -0.000004 0.927479 0.000000 0.000000
    44 -0.000006 2.372318 -0.000032 1.626622 0.000000 0.000000
    45 0.000004 -1.580070 -0.000001 0.318371 0.000000 0.000000
    46 -0.000002 1.580170 0.000030 1.150744 0.000000 0.000000
    47 -0.937645 -3.860697 -0.959317 -2.970605 0.823842 2.632123
    48 0.937672 3.860714 0.959333 3.801913 0.921338 2.508790
    49 0.000000 -1.690632 0.000000 0.719375 0.000000 0.000000
    50 -0.000013 1.690666 0.000021 1.486632 0.000000 0.000000
    51 -0.000002 -1.423443 0.000002 0.462042 0.000000 0.000000
    52 0.000008 1.423420 0.000028 0.853658 0.000000 0.000000
    53 -1.546646 -3.404194 -1.915569 -2.736003 0.624815 2.650644
    54 1.546661 3.404217 1.915585 4.044789 0.709183 2.327357
    55 0.000004 -1.437820 0.000000 0.652785 0.000000 0.000000
    56 -0.000021 1.437870 0.000031 1.044964 0.000000 0.000000
    57 -0.000002 -1.059402 0.000000 0.549901 0.000000 0.000000
    58 0.000006 1.059372 0.000008 0.883198 0.000000 0.000000
    59 -0.000004 -13.013485 -0.000004 0.010936 -0.284121 -0.076428
    60 0.161133 -10.812500 0.023087 0.010936 -0.284121 -0.076428
end
