// Created by Crowbar 0.74
version 1
nodes
  0 "root" -1
  1 "bip_upperArm_R" 0
  2 "bip_lowerArm_R" 1
  3 "bip_hand_R" 2
  4 "bip_upperArm_L" 0
  5 "bip_lowerArm_L" 4
  6 "bip_hand_L" 5
  7 "effect_hand_L" 6
  8 "effect_hand_R" 3
  9 "weapon_bone" 3
  10 "weapon_bone_1" 3
  11 "weapon_bone_2" 3
  12 "weapon_bone_3" 3
  13 "weapon_bone_4" 3
  14 "weapon_bone_5" 3
  15 "weapon_bone_6" 3
  16 "weapon_bone_7" 3
  17 "weapon_bone_L" 6
  18 "vm_weapon_bone" 3
  19 "vm_weapon_bone_1" 3
  20 "vm_weapon_bone_2" 3
  21 "vm_weapon_bone_3" 3
  22 "vm_weapon_bone_4" 3
  23 "vm_weapon_bone_5" 3
  24 "vm_weapon_bone_6" 3
  25 "vm_weapon_bone_7" 3
  26 "vm_weapon_bone_L" 6
  27 "vm_weapon_bone_L_1" 6
  28 "vm_weapon_bone_L_2" 6
  29 "bip_thumb_0_L" 6
  30 "bip_thumb_0_R" 3
  31 "bip_thumb_1_L" 29
  32 "bip_thumb_1_R" 30
  33 "bip_thumb_2_L" 31
  34 "bip_thumb_2_R" 32
  35 "bip_index_0_L" 6
  36 "bip_index_0_R" 3
  37 "bip_index_1_L" 35
  38 "bip_index_1_R" 36
  39 "bip_index_2_L" 37
  40 "bip_index_2_R" 38
  41 "bip_middle_0_L" 6
  42 "bip_middle_0_R" 3
  43 "bip_middle_1_L" 41
  44 "bip_middle_1_R" 42
  45 "bip_middle_2_L" 43
  46 "bip_middle_2_R" 44
  47 "bip_ring_0_L" 6
  48 "bip_ring_0_R" 3
  49 "bip_ring_1_L" 47
  50 "bip_ring_1_R" 48
  51 "bip_ring_2_L" 49
  52 "bip_ring_2_R" 50
  53 "bip_pinky_0_L" 6
  54 "bip_pinky_0_R" 3
  55 "bip_pinky_1_L" 53
  56 "bip_pinky_1_R" 54
  57 "bip_pinky_2_L" 55
  58 "bip_pinky_2_R" 56
  59 "Sleeve_Control" 5
  60 "Wrist_Control" 5
end
skeleton
  time 0
    0 0.000000 0.826660 0.000001 -1.559900 -0.000006 -0.000006
    1 -7.059201 7.545358 -8.025539 -0.985660 -0.149441 1.015515
    2 0.000000 14.313023 0.000003 -1.474173 0.000000 0.000000
    3 -0.000011 13.013483 -0.000005 -0.071471 1.056165 0.111385
    4 -7.156250 28.656250 24.765625 2.947657 0.312156 -0.581899
    5 0.000000 -14.313034 0.000000 -0.487806 0.000000 0.000000
    6 -0.000004 -13.013485 -0.000004 0.000000 0.000000 0.000000
    7 -1.330879 -2.698427 0.462449 -0.194886 -0.547260 3.056712
    8 1.330910 2.698444 -0.462436 0.194890 0.547268 -0.084879
    9 1.878631 3.376798 -0.131713 -4.130162 0.331030 -0.283037
    10 3.556210 4.238403 0.987502 -1.090396 0.577049 -0.321829
    11 4.139183 5.092691 1.421975 -1.090396 0.577049 -0.321829
    12 4.777527 6.028128 1.897721 -1.090396 0.577049 -0.321829
    13 5.490345 7.072691 2.428969 -1.090396 0.577049 -0.321829
    14 6.562500 8.648438 3.232422 -1.090396 0.577049 -0.321829
    15 7.558525 6.997282 -2.354134 -1.937336 -0.275393 3.010581
    16 7.558525 6.997282 -2.354134 1.937336 0.275393 -0.131011
    17 -2.867767 -2.740969 0.531125 2.051196 0.577049 -0.321829
    18 1.878694 4.361238 -0.907701 -0.558585 -0.910598 -1.395041
    19 2.528061 0.627737 3.937538 1.180388 0.546966 -2.064431
    20 2.243821 0.103081 3.575114 -0.989706 0.937168 1.774615
    21 1.425093 4.257369 -2.086040 -1.164068 -0.606547 1.046889
    22 6.946648 6.587124 1.429667 -1.090396 0.577049 -0.321829
    23 7.537933 7.453606 1.870349 -1.090396 0.577049 -0.321829
    24 8.154472 8.357077 2.329839 -1.090396 0.577049 -0.321829
    25 8.874294 9.411907 2.866308 -1.090396 0.577049 -0.321829
    26 -4.125858 -2.321501 1.394414 2.051196 0.577049 -0.321829
    27 -4.826813 -3.348669 0.872014 2.051196 0.577049 -0.321829
    28 -5.441669 -4.249685 0.413772 2.051196 0.577049 -0.321829
    29 -0.552532 -1.343527 1.604446 -0.415180 0.312114 -0.422073
    30 0.552589 1.343534 -1.604463 -0.371174 0.409494 -0.257504
    31 0.000000 -2.021618 -0.000004 0.186809 0.000000 0.000000
    32 -0.000021 2.021633 0.000027 -0.097573 0.000000 0.000000
    33 -0.000004 -1.136217 -0.000004 -0.210111 0.000000 0.000000
    34 -0.000011 1.136200 -0.000019 0.329506 0.000000 0.000000
    35 -0.032677 -4.587727 1.352317 2.844703 1.216154 2.484990
    36 0.032719 4.587772 -1.352291 2.889672 1.157031 2.159654
    37 0.000000 -1.754536 -0.000002 0.662896 0.000000 0.000000
    38 -0.000006 1.754520 -0.000034 0.901549 0.000000 0.000000
    39 0.000000 -1.227020 -0.000002 0.092660 0.000000 0.000000
    40 0.000002 1.227070 0.000032 1.674869 0.000000 0.000000
    41 -0.367996 -4.208406 0.173244 2.943027 1.091688 2.536231
    42 0.368011 4.208412 -0.173239 3.638008 1.113777 2.453336
    43 0.000000 -2.372318 -0.000004 0.722081 0.000000 0.000000
    44 -0.000006 2.372318 -0.000032 1.626622 0.000000 0.000000
    45 0.000004 -1.580070 -0.000001 0.034255 0.000000 0.000000
    46 -0.000002 1.580170 0.000030 1.150744 0.000000 0.000000
    47 -0.937645 -3.860697 -0.959317 3.044205 1.001841 2.581100
    48 0.937672 3.860714 0.959333 3.801913 0.921338 2.508790
    49 0.000000 -1.690632 0.000000 0.491549 0.000000 0.000000
    50 -0.000013 1.690666 0.000021 1.486632 0.000000 0.000000
    51 -0.000002 -1.423443 0.000002 0.234212 0.000000 0.000000
    52 0.000008 1.423420 0.000028 0.853658 0.000000 0.000000
    53 -1.546646 -3.404194 -1.915569 3.024293 0.944156 2.514436
    54 1.546661 3.404217 1.915585 4.044789 0.709183 2.327357
    55 0.000004 -1.437820 0.000000 0.424958 0.000000 0.000000
    56 -0.000021 1.437870 0.000031 1.044964 0.000000 0.000000
    57 -0.000002 -1.059402 0.000000 0.322075 0.000000 0.000000
    58 0.000006 1.059372 0.000008 0.883198 0.000000 0.000000
    59 -0.000004 -13.013485 -0.000004 0.010936 -0.284123 -0.076426
    60 0.161011 -10.812500 0.023087 0.010936 -0.284123 -0.076426
  time 1
    0 0.000000 0.826660 0.000001 -1.559900 -0.000006 -0.000006
    1 -7.059201 7.545358 -8.025539 -0.980407 -0.039709 0.876730
    2 0.000000 14.313023 0.000003 -1.639505 0.000000 0.000000
    3 -0.000011 13.013483 -0.000005 0.087428 0.978952 0.441033
    4 -7.156250 28.656250 24.765625 2.947657 0.312156 -0.581899
    5 0.000000 -14.313034 0.000000 -0.487806 0.000000 0.000000
    6 -0.000004 -13.013485 -0.000004 0.000000 0.000000 0.000000
    7 -1.330879 -2.698427 0.462449 -0.194886 -0.547260 3.056712
    8 1.330910 2.698444 -0.462436 0.194890 0.547268 -0.084879
    9 0.796754 4.750958 -2.152168 1.891227 0.504624 -0.464320
    10 3.556210 4.238403 0.987502 -1.090396 0.577049 -0.321829
    11 4.139183 5.092691 1.421975 -1.090396 0.577049 -0.321829
    12 4.777527 6.028128 1.897721 -1.090396 0.577049 -0.321829
    13 5.490345 7.072691 2.428969 -1.090396 0.577049 -0.321829
    14 6.562500 8.648438 3.232422 -1.090396 0.577049 -0.321829
    15 7.558525 6.997282 -2.354134 -1.937336 -0.275393 3.010581
    16 7.558525 6.997282 -2.354134 1.937336 0.275393 -0.131011
    17 -2.867767 -2.740969 0.531125 2.051196 0.577049 -0.321829
    18 0.695064 5.619089 -3.087455 -1.052444 -0.980553 -1.066098
    19 2.336649 2.608266 2.015604 1.043633 0.279449 -2.194244
    20 1.943030 2.064078 1.825061 -0.476482 0.995514 2.125748
    21 -0.043702 5.390216 -4.090007 -1.033490 -0.335219 0.912673
    22 6.946648 6.587124 1.429667 -1.090396 0.577049 -0.321829
    23 7.537933 7.453606 1.870349 -1.090396 0.577049 -0.321829
    24 8.154472 8.357077 2.329839 -1.090396 0.577049 -0.321829
    25 8.874294 9.411907 2.866308 -1.090396 0.577049 -0.321829
    26 -4.125858 -2.321501 1.394414 2.051196 0.577049 -0.321829
    27 -4.826813 -3.348669 0.872014 2.051196 0.577049 -0.321829
    28 -5.441669 -4.249685 0.413772 2.051196 0.577049 -0.321829
    29 -0.552532 -1.343527 1.604446 -0.415180 0.312114 -0.422073
    30 0.552589 1.343534 -1.604463 -0.330644 0.213108 -0.404966
    31 0.000000 -2.021618 -0.000004 0.186809 0.000000 0.000000
    32 -0.000021 2.021633 0.000027 0.008469 0.000000 0.000000
    33 -0.000004 -1.136217 -0.000004 -0.210111 0.000000 0.000000
    34 -0.000011 1.136200 -0.000019 0.850068 0.000000 0.000000
    35 -0.032677 -4.587727 1.352317 2.844703 1.216154 2.484990
    36 0.032719 4.587772 -1.352291 3.100629 1.312873 2.268175
    37 0.000000 -1.754536 -0.000002 0.662896 0.000000 0.000000
    38 -0.000006 1.754520 -0.000034 0.714781 0.000000 0.000000
    39 0.000000 -1.227020 -0.000002 0.092660 0.000000 0.000000
    40 0.000002 1.227070 0.000032 1.897466 0.000000 0.000000
    41 -0.367996 -4.208406 0.173244 2.943027 1.091688 2.536231
    42 0.368011 4.208412 -0.173239 3.638008 1.113777 2.453336
    43 0.000000 -2.372318 -0.000004 0.722081 0.000000 0.000000
    44 -0.000006 2.372318 -0.000032 1.347995 0.000000 0.000000
    45 0.000004 -1.580070 -0.000001 0.034255 0.000000 0.000000
    46 -0.000002 1.580170 0.000030 1.559372 0.000000 0.000000
    47 -0.937645 -3.860697 -0.959317 3.044205 1.001841 2.581100
    48 0.937672 3.860714 0.959333 3.583501 0.848084 2.241921
    49 0.000000 -1.690632 0.000000 0.491549 0.000000 0.000000
    50 -0.000013 1.690666 0.000021 1.207967 0.000000 0.000000
    51 -0.000002 -1.423443 0.000002 0.234212 0.000000 0.000000
    52 0.000008 1.423420 0.000028 1.262266 0.000000 0.000000
    53 -1.546646 -3.404194 -1.915569 3.024293 0.944156 2.514436
    54 1.546661 3.404217 1.915585 3.884659 0.599318 2.049731
    55 0.000004 -1.437820 0.000000 0.424958 0.000000 0.000000
    56 -0.000021 1.437870 0.000031 0.766277 0.000000 0.000000
    57 -0.000002 -1.059402 0.000000 0.322075 0.000000 0.000000
    58 0.000006 1.059372 0.000008 1.291778 0.000000 0.000000
    59 -0.000004 -13.013485 -0.000004 0.010936 -0.284123 -0.076426
    60 0.161011 -10.812500 0.023087 0.010936 -0.284123 -0.076426
  time 2
    0 0.000000 0.826660 0.000001 -1.559900 -0.000006 -0.000006
    1 -7.059201 7.545358 -8.025539 -0.973589 -0.003084 0.853052
    2 0.000000 14.313023 0.000003 -1.700725 0.000000 0.000000
    3 -0.000011 13.013483 -0.000005 0.181544 0.951407 0.474007
    4 -7.156250 28.656250 24.765625 2.947657 0.312156 -0.581899
    5 0.000000 -14.313034 0.000000 -0.487806 0.000000 0.000000
    6 -0.000004 -13.013485 -0.000004 0.000000 0.000000 0.000000
    7 -1.330879 -2.698427 0.462449 -0.194886 -0.547260 3.056712
    8 1.330910 2.698444 -0.462436 0.194890 0.547268 -0.084879
    9 0.796754 4.750958 -2.152168 1.891227 0.504624 -0.464320
    10 3.556210 4.238403 0.987502 -1.090396 0.577049 -0.321829
    11 4.139183 5.092691 1.421975 -1.090396 0.577049 -0.321829
    12 4.777527 6.028128 1.897721 -1.090396 0.577049 -0.321829
    13 5.490345 7.072691 2.428969 -1.090396 0.577049 -0.321829
    14 6.562500 8.648438 3.232422 -1.090396 0.577049 -0.321829
    15 7.558525 6.997282 -2.354134 -1.937336 -0.275393 3.010581
    16 7.558525 6.997282 -2.354134 1.937336 0.275393 -0.131011
    17 -2.867767 -2.740969 0.531125 2.051196 0.577049 -0.321829
    18 0.695064 5.619089 -3.087455 -1.052349 -0.980553 -1.066098
    19 2.336649 2.608266 2.015604 1.043633 0.279449 -2.194340
    20 1.943030 2.064078 1.825061 -0.476482 0.995514 2.125748
    21 -0.043702 5.390216 -4.086101 -1.033490 -0.335219 0.912577
    22 6.946648 6.587124 1.429667 -1.090396 0.577049 -0.321829
    23 7.537933 7.453606 1.870349 -1.090396 0.577049 -0.321829
    24 8.154472 8.357077 2.329839 -1.090396 0.577049 -0.321829
    25 8.874294 9.411907 2.866308 -1.090396 0.577049 -0.321829
    26 -4.125858 -2.321501 1.394414 2.051196 0.577049 -0.321829
    27 -4.826813 -3.348669 0.872014 2.051196 0.577049 -0.321829
    28 -5.441669 -4.249685 0.413772 2.051196 0.577049 -0.321829
    29 -0.552532 -1.343527 1.604446 -0.415180 0.312114 -0.422073
    30 0.552589 1.343534 -1.604463 -0.303702 0.092374 -0.484240
    31 0.000000 -2.021618 -0.000004 0.186809 0.000000 0.000000
    32 -0.000021 2.021633 0.000027 0.072127 0.000000 0.000000
    33 -0.000004 -1.136217 -0.000004 -0.210111 0.000000 0.000000
    34 -0.000011 1.136200 -0.000019 1.162331 0.000000 0.000000
    35 -0.032677 -4.587727 1.352317 2.844703 1.216154 2.484990
    36 0.032719 4.587772 -1.352291 3.305682 1.403134 2.417799
    37 0.000000 -1.754536 -0.000002 0.662896 0.000000 0.000000
    38 -0.000006 1.754520 -0.000034 0.602892 0.000000 0.000000
    39 0.000000 -1.227020 -0.000002 0.092660 0.000000 0.000000
    40 0.000002 1.227070 0.000032 2.031131 0.000000 0.000000
    41 -0.367996 -4.208406 0.173244 2.943027 1.091688 2.536231
    42 0.368011 4.208412 -0.173239 3.638008 1.113777 2.453336
    43 0.000000 -2.372318 -0.000004 0.722081 0.000000 0.000000
    44 -0.000006 2.372318 -0.000032 1.180801 0.000000 0.000000
    45 0.000004 -1.580070 -0.000001 0.034255 0.000000 0.000000
    46 -0.000002 1.580170 0.000030 1.804447 0.000000 0.000000
    47 -0.937645 -3.860697 -0.959317 3.044205 1.001841 2.581100
    48 0.937672 3.860714 0.959333 3.475734 0.788186 2.106753
    49 0.000000 -1.690632 0.000000 0.491549 0.000000 0.000000
    50 -0.000013 1.690666 0.000021 1.040818 0.000000 0.000000
    51 -0.000002 -1.423443 0.000002 0.234212 0.000000 0.000000
    52 0.000008 1.423420 0.000028 1.507460 0.000000 0.000000
    53 -1.546646 -3.404194 -1.915569 3.024293 0.944156 2.514436
    54 1.546661 3.404217 1.915585 3.814331 0.512993 1.909537
    55 0.000004 -1.437820 0.000000 0.424958 0.000000 0.000000
    56 -0.000021 1.437870 0.000031 0.599117 0.000000 0.000000
    57 -0.000002 -1.059402 0.000000 0.322075 0.000000 0.000000
    58 0.000006 1.059372 0.000008 1.536914 0.000000 0.000000
    59 -0.000004 -13.013485 -0.000004 0.010936 -0.284123 -0.076426
    60 0.161011 -10.812500 0.023087 0.010936 -0.284123 -0.076426
  time 3
    0 0.000000 0.826660 0.000001 -1.559900 -0.000006 -0.000006
    1 -7.059201 7.545358 -8.025539 -0.972483 -0.004753 0.819139
    2 0.000000 14.313023 0.000003 -1.703291 0.000000 0.000000
    3 -0.000011 13.013483 -0.000005 0.141891 0.919522 0.395118
    4 -7.156250 28.656250 24.765625 2.947657 0.312156 -0.581899
    5 0.000000 -14.313034 0.000000 -0.487806 0.000000 0.000000
    6 -0.000004 -13.013485 -0.000004 0.000000 0.000000 0.000000
    7 -1.330879 -2.698427 0.462449 -0.194886 -0.547260 3.056712
    8 1.330910 2.698444 -0.462436 0.194890 0.547268 -0.084879
    9 0.796754 4.750958 -2.152168 1.891227 0.504624 -0.464320
    10 3.556210 4.238403 0.987502 -1.090396 0.577049 -0.321829
    11 4.139183 5.092691 1.421975 -1.090396 0.577049 -0.321829
    12 4.777527 6.028128 1.897721 -1.090396 0.577049 -0.321829
    13 5.490345 7.072691 2.428969 -1.090396 0.577049 -0.321829
    14 6.562500 8.648438 3.232422 -1.090396 0.577049 -0.321829
    15 7.558525 6.997282 -2.354134 -1.937336 -0.275393 3.010581
    16 7.558525 6.997282 -2.354134 1.937336 0.275393 -0.131011
    17 -2.867767 -2.740969 0.531125 2.051196 0.577049 -0.321829
    18 0.695064 5.619089 -3.087455 -1.052349 -0.980553 -1.066098
    19 2.336649 2.608266 2.015604 1.043633 0.279449 -2.194244
    20 1.943030 2.064078 1.825061 -0.476482 0.995514 2.125748
    21 -0.043702 5.390216 -4.086101 -1.033490 -0.335219 0.912673
    22 6.946648 6.587124 1.429667 -1.090396 0.577049 -0.321829
    23 7.537933 7.453606 1.870349 -1.090396 0.577049 -0.321829
    24 8.154472 8.357077 2.329839 -1.090396 0.577049 -0.321829
    25 8.874294 9.411907 2.866308 -1.090396 0.577049 -0.321829
    26 -4.125858 -2.321501 1.394414 2.051196 0.577049 -0.321829
    27 -4.826813 -3.348669 0.872014 2.051196 0.577049 -0.321829
    28 -5.441669 -4.249685 0.413772 2.051196 0.577049 -0.321829
    29 -0.552532 -1.343527 1.604446 -0.415180 0.312114 -0.422073
    30 0.552589 1.343534 -1.604463 -0.303702 0.092374 -0.484240
    31 0.000000 -2.021618 -0.000004 0.186809 0.000000 0.000000
    32 -0.000021 2.021633 0.000027 0.072127 0.000000 0.000000
    33 -0.000004 -1.136217 -0.000004 -0.210111 0.000000 0.000000
    34 -0.000011 1.136200 -0.000019 1.162285 0.000000 0.000000
    35 -0.032677 -4.587727 1.352317 2.844703 1.216154 2.484990
    36 0.032719 4.587772 -1.352291 3.305682 1.403134 2.417799
    37 0.000000 -1.754536 -0.000002 0.662896 0.000000 0.000000
    38 -0.000006 1.754520 -0.000034 0.602892 0.000000 0.000000
    39 0.000000 -1.227020 -0.000002 0.092660 0.000000 0.000000
    40 0.000002 1.227070 0.000032 2.031197 0.000000 0.000000
    41 -0.367996 -4.208406 0.173244 2.943027 1.091688 2.536231
    42 0.368011 4.208412 -0.173239 3.638008 1.113777 2.453336
    43 0.000000 -2.372318 -0.000004 0.722081 0.000000 0.000000
    44 -0.000006 2.372318 -0.000032 1.180801 0.000000 0.000000
    45 0.000004 -1.580070 -0.000001 0.034255 0.000000 0.000000
    46 -0.000002 1.580170 0.000030 1.804447 0.000000 0.000000
    47 -0.937645 -3.860697 -0.959317 3.044205 1.001841 2.581100
    48 0.937672 3.860714 0.959333 3.475734 0.788186 2.106753
    49 0.000000 -1.690632 0.000000 0.491549 0.000000 0.000000
    50 -0.000013 1.690666 0.000021 1.040818 0.000000 0.000000
    51 -0.000002 -1.423443 0.000002 0.234212 0.000000 0.000000
    52 0.000008 1.423420 0.000028 1.507460 0.000000 0.000000
    53 -1.546646 -3.404194 -1.915569 3.024293 0.944156 2.514436
    54 1.546661 3.404217 1.915585 3.814331 0.512993 1.909537
    55 0.000004 -1.437820 0.000000 0.424958 0.000000 0.000000
    56 -0.000021 1.437870 0.000031 0.599117 0.000000 0.000000
    57 -0.000002 -1.059402 0.000000 0.322075 0.000000 0.000000
    58 0.000006 1.059372 0.000008 1.536914 0.000000 0.000000
    59 -0.000004 -13.013485 -0.000004 0.010936 -0.284123 -0.076426
    60 0.161011 -10.812500 0.023087 0.010936 -0.284123 -0.076426
  time 4
    0 0.000000 0.826660 0.000001 -1.559900 -0.000006 -0.000006
    1 -7.059201 7.545358 -8.025539 -0.989069 0.013130 0.802182
    2 0.000000 14.313023 0.000003 -1.700481 0.000000 0.000000
    3 -0.000011 13.013483 -0.000005 0.172657 0.913815 0.348532
    4 -7.156250 28.656250 24.765625 2.947657 0.312156 -0.581899
    5 0.000000 -14.313034 0.000000 -0.487806 0.000000 0.000000
    6 -0.000004 -13.013485 -0.000004 0.000000 0.000000 0.000000
    7 -1.330879 -2.698427 0.462449 -0.194886 -0.547260 3.056712
    8 1.330910 2.698444 -0.462436 0.194890 0.547268 -0.084879
    9 0.796754 4.750958 -2.152168 1.891227 0.504624 -0.464320
    10 3.556210 4.238403 0.987502 -1.090396 0.577049 -0.321829
    11 4.139183 5.092691 1.421975 -1.090396 0.577049 -0.321829
    12 4.777527 6.028128 1.897721 -1.090396 0.577049 -0.321829
    13 5.490345 7.072691 2.428969 -1.090396 0.577049 -0.321829
    14 6.562500 8.648438 3.232422 -1.090396 0.577049 -0.321829
    15 7.558525 6.997282 -2.354134 -1.937336 -0.275393 3.010581
    16 7.558525 6.997282 -2.354134 1.937336 0.275393 -0.131011
    17 -2.867767 -2.740969 0.531125 2.051196 0.577049 -0.321829
    18 0.695064 5.619089 -3.087455 -1.052444 -0.980553 -1.066098
    19 2.336649 2.608266 2.015604 1.043633 0.279449 -2.194244
    20 1.943030 2.064078 1.825061 -0.476482 0.995514 2.125748
    21 -0.043702 5.390216 -4.086101 -1.033490 -0.335219 0.912673
    22 6.946648 6.587124 1.429667 -1.090396 0.577049 -0.321829
    23 7.537933 7.453606 1.870349 -1.090396 0.577049 -0.321829
    24 8.154472 8.357077 2.329839 -1.090396 0.577049 -0.321829
    25 8.874294 9.411907 2.866308 -1.090396 0.577049 -0.321829
    26 -4.125858 -2.321501 1.394414 2.051196 0.577049 -0.321829
    27 -4.826813 -3.348669 0.872014 2.051196 0.577049 -0.321829
    28 -5.441669 -4.249685 0.413772 2.051196 0.577049 -0.321829
    29 -0.552532 -1.343527 1.604446 -0.415180 0.312114 -0.422073
    30 0.552589 1.343534 -1.604463 -0.303728 0.092374 -0.484240
    31 0.000000 -2.021618 -0.000004 0.186809 0.000000 0.000000
    32 -0.000021 2.021633 0.000027 0.072127 0.000000 0.000000
    33 -0.000004 -1.136217 -0.000004 -0.210111 0.000000 0.000000
    34 -0.000011 1.136200 -0.000019 1.162285 0.000000 0.000000
    35 -0.032677 -4.587727 1.352317 2.844703 1.216154 2.484990
    36 0.032719 4.587772 -1.352291 3.305682 1.403134 2.417799
    37 0.000000 -1.754536 -0.000002 0.662896 0.000000 0.000000
    38 -0.000006 1.754520 -0.000034 0.602892 0.000000 0.000000
    39 0.000000 -1.227020 -0.000002 0.092660 0.000000 0.000000
    40 0.000002 1.227070 0.000032 2.031131 0.000000 0.000000
    41 -0.367996 -4.208406 0.173244 2.943027 1.091688 2.536231
    42 0.368011 4.208412 -0.173239 3.638008 1.113777 2.453336
    43 0.000000 -2.372318 -0.000004 0.722081 0.000000 0.000000
    44 -0.000006 2.372318 -0.000032 1.180801 0.000000 0.000000
    45 0.000004 -1.580070 -0.000001 0.034255 0.000000 0.000000
    46 -0.000002 1.580170 0.000030 1.804447 0.000000 0.000000
    47 -0.937645 -3.860697 -0.959317 3.044205 1.001841 2.581100
    48 0.937672 3.860714 0.959333 3.475734 0.788186 2.106753
    49 0.000000 -1.690632 0.000000 0.491549 0.000000 0.000000
    50 -0.000013 1.690666 0.000021 1.040818 0.000000 0.000000
    51 -0.000002 -1.423443 0.000002 0.234212 0.000000 0.000000
    52 0.000008 1.423420 0.000028 1.507460 0.000000 0.000000
    53 -1.546646 -3.404194 -1.915569 3.024293 0.944156 2.514436
    54 1.546661 3.404217 1.915585 3.814331 0.512993 1.909537
    55 0.000004 -1.437820 0.000000 0.424958 0.000000 0.000000
    56 -0.000021 1.437870 0.000031 0.599117 0.000000 0.000000
    57 -0.000002 -1.059402 0.000000 0.322075 0.000000 0.000000
    58 0.000006 1.059372 0.000008 1.536914 0.000000 0.000000
    59 -0.000004 -13.013485 -0.000004 0.010936 -0.284123 -0.076426
    60 0.161011 -10.812500 0.023087 0.010936 -0.284123 -0.076426
  time 5
    0 0.000000 0.826660 0.000001 -1.559900 -0.000006 -0.000006
    1 -7.059201 7.545358 -8.025539 -0.990359 0.015181 0.781941
    2 0.000000 14.313023 0.000003 -1.702191 0.000000 0.000000
    3 -0.000011 13.013483 -0.000005 0.127654 0.907824 0.304822
    4 -7.156250 28.656250 24.765625 2.947657 0.312156 -0.581899
    5 0.000000 -14.313034 0.000000 -0.487806 0.000000 0.000000
    6 -0.000004 -13.013485 -0.000004 0.000000 0.000000 0.000000
    7 -1.330879 -2.698427 0.462449 -0.194886 -0.547260 3.056712
    8 1.330910 2.698444 -0.462436 0.194890 0.547268 -0.084879
    9 0.796754 4.750958 -2.152168 1.891227 0.504624 -0.464320
    10 3.556210 4.238403 0.987502 -1.090396 0.577049 -0.321829
    11 4.139183 5.092691 1.421975 -1.090396 0.577049 -0.321829
    12 4.777527 6.028128 1.897721 -1.090396 0.577049 -0.321829
    13 5.490345 7.072691 2.428969 -1.090396 0.577049 -0.321829
    14 6.562500 8.648438 3.232422 -1.090396 0.577049 -0.321829
    15 7.558525 6.997282 -2.354134 -1.937336 -0.275393 3.010581
    16 7.558525 6.997282 -2.354134 1.937336 0.275393 -0.131011
    17 -2.867767 -2.740969 0.531125 2.051196 0.577049 -0.321829
    18 0.695064 5.619089 -3.087455 -1.052444 -0.980553 -1.066098
    19 2.336649 2.604360 2.015604 1.043633 0.279449 -2.194244
    20 1.943030 2.064078 1.825061 -0.476482 0.995514 2.125748
    21 -0.043702 5.386310 -4.086101 -1.033490 -0.335219 0.912577
    22 6.946648 6.587124 1.429667 -1.090396 0.577049 -0.321829
    23 7.537933 7.453606 1.870349 -1.090396 0.577049 -0.321829
    24 8.154472 8.357077 2.329839 -1.090396 0.577049 -0.321829
    25 8.874294 9.411907 2.866308 -1.090396 0.577049 -0.321829
    26 -4.125858 -2.321501 1.394414 2.051196 0.577049 -0.321829
    27 -4.826813 -3.348669 0.872014 2.051196 0.577049 -0.321829
    28 -5.441669 -4.249685 0.413772 2.051196 0.577049 -0.321829
    29 -0.552532 -1.343527 1.604446 -0.415180 0.312114 -0.422073
    30 0.552589 1.343534 -1.604463 -0.303728 0.092374 -0.484240
    31 0.000000 -2.021618 -0.000004 0.186809 0.000000 0.000000
    32 -0.000021 2.021633 0.000027 0.072127 0.000000 0.000000
    33 -0.000004 -1.136217 -0.000004 -0.210111 0.000000 0.000000
    34 -0.000011 1.136200 -0.000019 1.162285 0.000000 0.000000
    35 -0.032677 -4.587727 1.352317 2.844703 1.216154 2.484990
    36 0.032719 4.587772 -1.352291 3.305682 1.403134 2.417799
    37 0.000000 -1.754536 -0.000002 0.662896 0.000000 0.000000
    38 -0.000006 1.754520 -0.000034 0.602892 0.000000 0.000000
    39 0.000000 -1.227020 -0.000002 0.092660 0.000000 0.000000
    40 0.000002 1.227070 0.000032 2.031131 0.000000 0.000000
    41 -0.367996 -4.208406 0.173244 2.943027 1.091688 2.536231
    42 0.368011 4.208412 -0.173239 3.638008 1.113777 2.453336
    43 0.000000 -2.372318 -0.000004 0.722081 0.000000 0.000000
    44 -0.000006 2.372318 -0.000032 1.180801 0.000000 0.000000
    45 0.000004 -1.580070 -0.000001 0.034255 0.000000 0.000000
    46 -0.000002 1.580170 0.000030 1.804447 0.000000 0.000000
    47 -0.937645 -3.860697 -0.959317 3.044205 1.001841 2.581100
    48 0.937672 3.860714 0.959333 3.475734 0.788186 2.106753
    49 0.000000 -1.690632 0.000000 0.491549 0.000000 0.000000
    50 -0.000013 1.690666 0.000021 1.040818 0.000000 0.000000
    51 -0.000002 -1.423443 0.000002 0.234212 0.000000 0.000000
    52 0.000008 1.423420 0.000028 1.507460 0.000000 0.000000
    53 -1.546646 -3.404194 -1.915569 3.024293 0.944156 2.514436
    54 1.546661 3.404217 1.915585 3.814331 0.512993 1.909537
    55 0.000004 -1.437820 0.000000 0.424958 0.000000 0.000000
    56 -0.000021 1.437870 0.000031 0.599117 0.000000 0.000000
    57 -0.000002 -1.059402 0.000000 0.322075 0.000000 0.000000
    58 0.000006 1.059372 0.000008 1.536914 0.000000 0.000000
    59 -0.000004 -13.013485 -0.000004 0.010936 -0.284123 -0.076426
    60 0.161011 -10.812500 0.023087 0.010936 -0.284123 -0.076426
  time 6
    0 0.000000 0.826660 0.000001 -1.559900 -0.000006 -0.000006
    1 -7.059201 7.545358 -8.025539 -1.008420 0.033351 0.771095
    2 0.000000 14.313023 0.000003 -1.697853 0.000000 0.000000
    3 -0.000011 13.013483 -0.000005 0.180397 0.923201 0.300700
    4 -7.156250 28.656250 24.765625 2.947657 0.312156 -0.581899
    5 0.000000 -14.313034 0.000000 -0.487806 0.000000 0.000000
    6 -0.000004 -13.013485 -0.000004 0.000000 0.000000 0.000000
    7 -1.330879 -2.698427 0.462449 -0.194886 -0.547260 3.056712
    8 1.330910 2.698444 -0.462436 0.194890 0.547268 -0.084879
    9 0.796754 4.750958 -2.152168 1.891227 0.504624 -0.464320
    10 3.556210 4.238403 0.987502 -1.090396 0.577049 -0.321829
    11 4.139183 5.092691 1.421975 -1.090396 0.577049 -0.321829
    12 4.777527 6.028128 1.897721 -1.090396 0.577049 -0.321829
    13 5.490345 7.072691 2.428969 -1.090396 0.577049 -0.321829
    14 6.562500 8.648438 3.232422 -1.090396 0.577049 -0.321829
    15 7.558525 6.997282 -2.354134 -1.937336 -0.275393 3.010581
    16 7.558525 6.997282 -2.354134 1.937336 0.275393 -0.131011
    17 -2.867767 -2.740969 0.531125 2.051196 0.577049 -0.321829
    18 0.695064 5.619089 -3.087455 -1.052444 -0.980553 -1.066098
    19 2.336649 2.604360 2.015604 1.043633 0.279449 -2.194244
    20 1.943030 2.060172 1.825061 -0.476482 0.995514 2.125748
    21 -0.043702 5.390216 -4.086101 -1.033490 -0.335219 0.912673
    22 6.946648 6.587124 1.429667 -1.090396 0.577049 -0.321829
    23 7.537933 7.453606 1.870349 -1.090396 0.577049 -0.321829
    24 8.154472 8.357077 2.329839 -1.090396 0.577049 -0.321829
    25 8.874294 9.411907 2.866308 -1.090396 0.577049 -0.321829
    26 -4.125858 -2.321501 1.394414 2.051196 0.577049 -0.321829
    27 -4.826813 -3.348669 0.872014 2.051196 0.577049 -0.321829
    28 -5.441669 -4.249685 0.413772 2.051196 0.577049 -0.321829
    29 -0.552532 -1.343527 1.604446 -0.415180 0.312114 -0.422073
    30 0.552589 1.343534 -1.604463 -0.303728 0.092374 -0.484240
    31 0.000000 -2.021618 -0.000004 0.186809 0.000000 0.000000
    32 -0.000021 2.021633 0.000027 0.072127 0.000000 0.000000
    33 -0.000004 -1.136217 -0.000004 -0.210111 0.000000 0.000000
    34 -0.000011 1.136200 -0.000019 1.162285 0.000000 0.000000
    35 -0.032677 -4.587727 1.352317 2.844703 1.216154 2.484990
    36 0.032719 4.587772 -1.352291 3.305682 1.403134 2.417799
    37 0.000000 -1.754536 -0.000002 0.662896 0.000000 0.000000
    38 -0.000006 1.754520 -0.000034 0.602892 0.000000 0.000000
    39 0.000000 -1.227020 -0.000002 0.092660 0.000000 0.000000
    40 0.000002 1.227070 0.000032 2.031131 0.000000 0.000000
    41 -0.367996 -4.208406 0.173244 2.943027 1.091688 2.536231
    42 0.368011 4.208412 -0.173239 3.638008 1.113777 2.453336
    43 0.000000 -2.372318 -0.000004 0.722081 0.000000 0.000000
    44 -0.000006 2.372318 -0.000032 1.180801 0.000000 0.000000
    45 0.000004 -1.580070 -0.000001 0.034255 0.000000 0.000000
    46 -0.000002 1.580170 0.000030 1.804447 0.000000 0.000000
    47 -0.937645 -3.860697 -0.959317 3.044205 1.001841 2.581100
    48 0.937672 3.860714 0.959333 3.475734 0.788186 2.106753
    49 0.000000 -1.690632 0.000000 0.491549 0.000000 0.000000
    50 -0.000013 1.690666 0.000021 1.040818 0.000000 0.000000
    51 -0.000002 -1.423443 0.000002 0.234212 0.000000 0.000000
    52 0.000008 1.423420 0.000028 1.507460 0.000000 0.000000
    53 -1.546646 -3.404194 -1.915569 3.024293 0.944156 2.514436
    54 1.546661 3.404217 1.915585 3.814331 0.512993 1.909537
    55 0.000004 -1.437820 0.000000 0.424958 0.000000 0.000000
    56 -0.000021 1.437870 0.000031 0.599117 0.000000 0.000000
    57 -0.000002 -1.059402 0.000000 0.322075 0.000000 0.000000
    58 0.000006 1.059372 0.000008 1.536914 0.000000 0.000000
    59 -0.000004 -13.013485 -0.000004 0.010936 -0.284123 -0.076426
    60 0.161011 -10.812500 0.023087 0.010936 -0.284123 -0.076426
  time 7
    0 0.000000 0.826660 0.000001 -1.559900 -0.000006 -0.000006
    1 -7.059201 7.545358 -8.025539 -1.010355 0.034972 0.752152
    2 0.000000 14.313023 0.000003 -1.699259 0.000000 0.000000
    3 -0.000011 13.013483 -0.000005 0.151254 0.925371 0.276257
    4 -7.156250 28.656250 24.765625 2.947657 0.312156 -0.581899
    5 0.000000 -14.313034 0.000000 -0.487806 0.000000 0.000000
    6 -0.000004 -13.013485 -0.000004 0.000000 0.000000 0.000000
    7 -1.330879 -2.698427 0.462449 -0.194886 -0.547260 3.056712
    8 1.330910 2.698444 -0.462436 0.194890 0.547268 -0.084879
    9 0.796754 4.750958 -2.202679 1.891227 0.504624 -0.464320
    10 3.556210 4.238403 0.987502 -1.090396 0.577049 -0.321829
    11 4.139183 5.092691 1.421975 -1.090396 0.577049 -0.321829
    12 4.777527 6.028128 1.897721 -1.090396 0.577049 -0.321829
    13 5.490345 7.072691 2.428969 -1.090396 0.577049 -0.321829
    14 6.562500 8.648438 3.232422 -1.090396 0.577049 -0.321829
    15 7.558525 6.997282 -2.354134 -1.937336 -0.275393 3.010581
    16 7.558525 6.997282 -2.354134 1.937336 0.275393 -0.131011
    17 -2.867767 -2.740969 0.531125 2.051196 0.577049 -0.321829
    18 0.695064 5.619089 -3.087455 -1.052444 -0.980553 -1.066098
    19 2.336649 2.604360 2.015604 1.043633 0.279449 -2.194244
    20 1.943030 2.064078 1.825061 -0.476482 0.995514 2.125748
    21 -0.043702 5.390216 -4.090007 -1.033490 -0.335219 0.912673
    22 6.946648 6.587124 1.429667 -1.090396 0.577049 -0.321829
    23 7.537933 7.453606 1.870349 -1.090396 0.577049 -0.321829
    24 8.154472 8.357077 2.329839 -1.090396 0.577049 -0.321829
    25 8.874294 9.411907 2.866308 -1.090396 0.577049 -0.321829
    26 -4.125858 -2.321501 1.394414 2.051196 0.577049 -0.321829
    27 -4.826813 -3.348669 0.872014 2.051196 0.577049 -0.321829
    28 -5.441669 -4.249685 0.413772 2.051196 0.577049 -0.321829
    29 -0.552532 -1.343527 1.604446 -0.415180 0.312114 -0.422073
    30 0.552589 1.343534 -1.604463 -0.303728 0.092374 -0.484240
    31 0.000000 -2.021618 -0.000004 0.186809 0.000000 0.000000
    32 -0.000021 2.021633 0.000027 0.072127 0.000000 0.000000
    33 -0.000004 -1.136217 -0.000004 -0.210111 0.000000 0.000000
    34 -0.000011 1.136200 -0.000019 1.162285 0.000000 0.000000
    35 -0.032677 -4.587727 1.352317 2.844703 1.216154 2.484990
    36 0.032719 4.587772 -1.352291 3.305682 1.403134 2.417799
    37 0.000000 -1.754536 -0.000002 0.662896 0.000000 0.000000
    38 -0.000006 1.754520 -0.000034 0.602892 0.000000 0.000000
    39 0.000000 -1.227020 -0.000002 0.092660 0.000000 0.000000
    40 0.000002 1.227070 0.000032 2.031131 0.000000 0.000000
    41 -0.367996 -4.208406 0.173244 2.943027 1.091688 2.536231
    42 0.368011 4.208412 -0.173239 3.638008 1.113777 2.453336
    43 0.000000 -2.372318 -0.000004 0.722081 0.000000 0.000000
    44 -0.000006 2.372318 -0.000032 1.180801 0.000000 0.000000
    45 0.000004 -1.580070 -0.000001 0.034255 0.000000 0.000000
    46 -0.000002 1.580170 0.000030 1.804447 0.000000 0.000000
    47 -0.937645 -3.860697 -0.959317 3.044205 1.001841 2.581100
    48 0.937672 3.860714 0.959333 3.475734 0.788186 2.106753
    49 0.000000 -1.690632 0.000000 0.491549 0.000000 0.000000
    50 -0.000013 1.690666 0.000021 1.040818 0.000000 0.000000
    51 -0.000002 -1.423443 0.000002 0.234212 0.000000 0.000000
    52 0.000008 1.423420 0.000028 1.507460 0.000000 0.000000
    53 -1.546646 -3.404194 -1.915569 3.024293 0.944156 2.514436
    54 1.546661 3.404217 1.915585 3.814331 0.512993 1.909537
    55 0.000004 -1.437820 0.000000 0.424958 0.000000 0.000000
    56 -0.000021 1.437870 0.000031 0.599117 0.000000 0.000000
    57 -0.000002 -1.059402 0.000000 0.322075 0.000000 0.000000
    58 0.000006 1.059372 0.000008 1.536914 0.000000 0.000000
    59 -0.000004 -13.013485 -0.000004 0.010936 -0.284123 -0.076426
    60 0.161011 -10.812500 0.023087 0.010936 -0.284123 -0.076426
  time 8
    0 0.000000 0.826660 0.000001 -1.559900 -0.000006 -0.000006
    1 -7.059201 7.545358 -8.025539 -1.020399 0.042698 0.733439
    2 0.000000 14.313023 0.000003 -1.697426 0.000000 0.000000
    3 -0.000011 13.013483 -0.000005 0.177913 0.932493 0.257852
    4 -7.156250 28.656250 24.765625 2.947657 0.312156 -0.581899
    5 0.000000 -14.313034 0.000000 -0.487806 0.000000 0.000000
    6 -0.000004 -13.013485 -0.000004 0.000000 0.000000 0.000000
    7 -1.330879 -2.698427 0.462449 -0.194886 -0.547260 3.056712
    8 1.330910 2.698444 -0.462436 0.194890 0.547268 -0.084879
    9 0.796754 4.750958 -2.202679 1.891227 0.504624 -0.464320
    10 3.556210 4.238403 0.987502 -1.090396 0.577049 -0.321829
    11 4.139183 5.092691 1.421975 -1.090396 0.577049 -0.321829
    12 4.777527 6.028128 1.897721 -1.090396 0.577049 -0.321829
    13 5.490345 7.072691 2.428969 -1.090396 0.577049 -0.321829
    14 6.562500 8.648438 3.232422 -1.090396 0.577049 -0.321829
    15 7.558525 6.997282 -2.354134 -1.937336 -0.275393 3.010581
    16 7.558525 6.997282 -2.354134 1.937336 0.275393 -0.131011
    17 -2.867767 -2.740969 0.531125 2.051196 0.577049 -0.321829
    18 0.695064 5.619089 -3.087455 -1.052444 -0.980553 -1.066098
    19 2.336649 2.608266 2.011698 1.043633 0.279449 -2.194244
    20 1.943030 2.064078 1.825061 -0.476482 0.995514 2.125748
    21 -0.043702 5.390216 -4.090007 -1.033490 -0.335219 0.912673
    22 6.946648 6.587124 1.429667 -1.090396 0.577049 -0.321829
    23 7.537933 7.453606 1.870349 -1.090396 0.577049 -0.321829
    24 8.154472 8.357077 2.329839 -1.090396 0.577049 -0.321829
    25 8.874294 9.411907 2.866308 -1.090396 0.577049 -0.321829
    26 -4.125858 -2.321501 1.394414 2.051196 0.577049 -0.321829
    27 -4.826813 -3.348669 0.872014 2.051196 0.577049 -0.321829
    28 -5.441669 -4.249685 0.413772 2.051196 0.577049 -0.321829
    29 -0.552532 -1.343527 1.604446 -0.415180 0.312114 -0.422073
    30 0.552589 1.343534 -1.604463 -0.303728 0.092374 -0.484240
    31 0.000000 -2.021618 -0.000004 0.186809 0.000000 0.000000
    32 -0.000021 2.021633 0.000027 0.072127 0.000000 0.000000
    33 -0.000004 -1.136217 -0.000004 -0.210111 0.000000 0.000000
    34 -0.000011 1.136200 -0.000019 1.162285 0.000000 0.000000
    35 -0.032677 -4.587727 1.352317 2.844703 1.216154 2.484990
    36 0.032719 4.587772 -1.352291 3.305682 1.403134 2.417799
    37 0.000000 -1.754536 -0.000002 0.662896 0.000000 0.000000
    38 -0.000006 1.754520 -0.000034 0.602847 0.000000 0.000000
    39 0.000000 -1.227020 -0.000002 0.092660 0.000000 0.000000
    40 0.000002 1.227070 0.000032 2.031197 0.000000 0.000000
    41 -0.367996 -4.208406 0.173244 2.943027 1.091688 2.536231
    42 0.368011 4.208412 -0.173239 3.638008 1.113777 2.453336
    43 0.000000 -2.372318 -0.000004 0.722081 0.000000 0.000000
    44 -0.000006 2.372318 -0.000032 1.180801 0.000000 0.000000
    45 0.000004 -1.580070 -0.000001 0.034255 0.000000 0.000000
    46 -0.000002 1.580170 0.000030 1.804447 0.000000 0.000000
    47 -0.937645 -3.860697 -0.959317 3.044205 1.001841 2.581100
    48 0.937672 3.860714 0.959333 3.475734 0.788186 2.106753
    49 0.000000 -1.690632 0.000000 0.491549 0.000000 0.000000
    50 -0.000013 1.690666 0.000021 1.040818 0.000000 0.000000
    51 -0.000002 -1.423443 0.000002 0.234212 0.000000 0.000000
    52 0.000008 1.423420 0.000028 1.507460 0.000000 0.000000
    53 -1.546646 -3.404194 -1.915569 3.024293 0.944156 2.514436
    54 1.546661 3.404217 1.915585 3.814331 0.512993 1.909537
    55 0.000004 -1.437820 0.000000 0.424958 0.000000 0.000000
    56 -0.000021 1.437870 0.000031 0.599117 0.000000 0.000000
    57 -0.000002 -1.059402 0.000000 0.322075 0.000000 0.000000
    58 0.000006 1.059372 0.000008 1.536914 0.000000 0.000000
    59 -0.000004 -13.013485 -0.000004 0.010936 -0.284123 -0.076426
    60 0.161011 -10.812500 0.023087 0.010936 -0.284123 -0.076426
  time 9
    0 0.000000 0.826660 0.000001 -1.559900 -0.000006 -0.000006
    1 -7.059201 7.545358 -8.025539 -1.015055 0.041315 0.727176
    2 0.000000 14.313023 0.000003 -1.701397 0.000000 0.000000
    3 -0.000011 13.013483 -0.000005 0.142655 0.939615 0.242132
    4 -7.156250 28.656250 24.765625 2.947657 0.312156 -0.581899
    5 0.000000 -14.313034 0.000000 -0.487806 0.000000 0.000000
    6 -0.000004 -13.013485 -0.000004 0.000000 0.000000 0.000000
    7 -1.330879 -2.698427 0.462449 -0.194886 -0.547260 3.056712
    8 1.330910 2.698444 -0.462436 0.194890 0.547268 -0.084879
    9 0.796754 4.750958 -2.152168 1.891227 0.504624 -0.464320
    10 3.556210 4.238403 0.987502 -1.090396 0.577049 -0.321829
    11 4.139183 5.092691 1.421975 -1.090396 0.577049 -0.321829
    12 4.777527 6.028128 1.897721 -1.090396 0.577049 -0.321829
    13 5.490345 7.072691 2.428969 -1.090396 0.577049 -0.321829
    14 6.562500 8.648438 3.232422 -1.090396 0.577049 -0.321829
    15 7.558525 6.997282 -2.354134 -1.937336 -0.275393 3.010581
    16 7.558525 6.997282 -2.354134 1.937336 0.275393 -0.131011
    17 -2.867767 -2.740969 0.531125 2.051196 0.577049 -0.321829
    18 0.695064 5.619089 -3.087455 -1.052444 -0.980553 -1.066098
    19 2.336649 2.608266 2.015604 1.043633 0.279449 -2.194244
    20 1.943030 2.064078 1.825061 -0.476482 0.995514 2.125748
    21 -0.043702 5.390216 -4.086101 -1.033490 -0.335219 0.912673
    22 6.946648 6.587124 1.429667 -1.090396 0.577049 -0.321829
    23 7.537933 7.453606 1.870349 -1.090396 0.577049 -0.321829
    24 8.154472 8.357077 2.329839 -1.090396 0.577049 -0.321829
    25 8.874294 9.411907 2.866308 -1.090396 0.577049 -0.321829
    26 -4.125858 -2.321501 1.394414 2.051196 0.577049 -0.321829
    27 -4.826813 -3.348669 0.872014 2.051196 0.577049 -0.321829
    28 -5.441669 -4.249685 0.413772 2.051196 0.577049 -0.321829
    29 -0.552532 -1.343527 1.604446 -0.415180 0.312114 -0.422073
    30 0.552589 1.343534 -1.604463 -0.303728 0.092374 -0.484240
    31 0.000000 -2.021618 -0.000004 0.186809 0.000000 0.000000
    32 -0.000021 2.021633 0.000027 0.072127 0.000000 0.000000
    33 -0.000004 -1.136217 -0.000004 -0.210111 0.000000 0.000000
    34 -0.000011 1.136200 -0.000019 1.162285 0.000000 0.000000
    35 -0.032677 -4.587727 1.352317 2.844703 1.216154 2.484990
    36 0.032719 4.587772 -1.352291 3.305682 1.403134 2.417799
    37 0.000000 -1.754536 -0.000002 0.662896 0.000000 0.000000
    38 -0.000006 1.754520 -0.000034 0.602847 0.000000 0.000000
    39 0.000000 -1.227020 -0.000002 0.092660 0.000000 0.000000
    40 0.000002 1.227070 0.000032 2.031131 0.000000 0.000000
    41 -0.367996 -4.208406 0.173244 2.943027 1.091688 2.536231
    42 0.368011 4.208412 -0.173239 3.638008 1.113777 2.453336
    43 0.000000 -2.372318 -0.000004 0.722081 0.000000 0.000000
    44 -0.000006 2.372318 -0.000032 1.180801 0.000000 0.000000
    45 0.000004 -1.580070 -0.000001 0.034255 0.000000 0.000000
    46 -0.000002 1.580170 0.000030 1.804447 0.000000 0.000000
    47 -0.937645 -3.860697 -0.959317 3.044205 1.001841 2.581100
    48 0.937672 3.860714 0.959333 3.475734 0.788186 2.106753
    49 0.000000 -1.690632 0.000000 0.491549 0.000000 0.000000
    50 -0.000013 1.690666 0.000021 1.040818 0.000000 0.000000
    51 -0.000002 -1.423443 0.000002 0.234212 0.000000 0.000000
    52 0.000008 1.423420 0.000028 1.507460 0.000000 0.000000
    53 -1.546646 -3.404194 -1.915569 3.024293 0.944156 2.514436
    54 1.546661 3.404217 1.915585 3.814331 0.512993 1.909537
    55 0.000004 -1.437820 0.000000 0.424958 0.000000 0.000000
    56 -0.000021 1.437870 0.000031 0.599117 0.000000 0.000000
    57 -0.000002 -1.059402 0.000000 0.322075 0.000000 0.000000
    58 0.000006 1.059372 0.000008 1.536914 0.000000 0.000000
    59 -0.000004 -13.013485 -0.000004 0.010936 -0.284123 -0.076426
    60 0.161011 -10.812500 0.023087 0.010936 -0.284123 -0.076426
  time 10
    0 0.000000 0.826660 0.000001 -1.559900 -0.000006 -0.000006
    1 -7.059201 7.545358 -8.025539 -1.027402 0.055335 0.726947
    2 0.000000 14.313023 0.000003 -1.698159 0.000000 0.000000
    3 -0.000011 13.013483 -0.000005 0.177913 0.960793 0.245583
    4 -7.156250 28.656250 24.765625 2.947657 0.312156 -0.581899
    5 0.000000 -14.313034 0.000000 -0.487806 0.000000 0.000000
    6 -0.000004 -13.013485 -0.000004 0.000000 0.000000 0.000000
    7 -1.330879 -2.698427 0.462449 -0.194886 -0.547260 3.056712
    8 1.330910 2.698444 -0.462436 0.194890 0.547268 -0.084879
    9 0.796754 4.750958 -2.152168 1.891227 0.504624 -0.464320
    10 3.556210 4.238403 0.987502 -1.090396 0.577049 -0.321829
    11 4.139183 5.092691 1.421975 -1.090396 0.577049 -0.321829
    12 4.777527 6.028128 1.897721 -1.090396 0.577049 -0.321829
    13 5.490345 7.072691 2.428969 -1.090396 0.577049 -0.321829
    14 6.562500 8.648438 3.232422 -1.090396 0.577049 -0.321829
    15 7.558525 6.997282 -2.354134 -1.937336 -0.275393 3.010581
    16 7.558525 6.997282 -2.354134 1.937336 0.275393 -0.131011
    17 -2.867767 -2.740969 0.531125 2.051196 0.577049 -0.321829
    18 0.695064 5.619089 -3.087455 -1.052444 -0.980553 -1.066098
    19 2.336649 2.604360 2.015604 1.043633 0.279449 -2.194244
    20 1.943030 2.060172 1.821154 -0.476482 0.995514 2.125748
    21 -0.043702 5.390216 -4.090007 -1.033490 -0.335219 0.912673
    22 6.946648 6.587124 1.429667 -1.090396 0.577049 -0.321829
    23 7.537933 7.453606 1.870349 -1.090396 0.577049 -0.321829
    24 8.154472 8.357077 2.329839 -1.090396 0.577049 -0.321829
    25 8.874294 9.411907 2.866308 -1.090396 0.577049 -0.321829
    26 -4.125858 -2.321501 1.394414 2.051196 0.577049 -0.321829
    27 -4.826813 -3.348669 0.872014 2.051196 0.577049 -0.321829
    28 -5.441669 -4.249685 0.413772 2.051196 0.577049 -0.321829
    29 -0.552532 -1.343527 1.604446 -0.415180 0.312114 -0.422073
    30 0.552589 1.343534 -1.604463 -0.303728 0.092374 -0.484240
    31 0.000000 -2.021618 -0.000004 0.186809 0.000000 0.000000
    32 -0.000021 2.021633 0.000027 0.072127 0.000000 0.000000
    33 -0.000004 -1.136217 -0.000004 -0.210111 0.000000 0.000000
    34 -0.000011 1.136200 -0.000019 1.162285 0.000000 0.000000
    35 -0.032677 -4.587727 1.352317 2.844703 1.216154 2.484990
    36 0.032719 4.587772 -1.352291 3.305682 1.403134 2.417799
    37 0.000000 -1.754536 -0.000002 0.662896 0.000000 0.000000
    38 -0.000006 1.754520 -0.000034 0.602892 0.000000 0.000000
    39 0.000000 -1.227020 -0.000002 0.092660 0.000000 0.000000
    40 0.000002 1.227070 0.000032 2.031131 0.000000 0.000000
    41 -0.367996 -4.208406 0.173244 2.943027 1.091688 2.536231
    42 0.368011 4.208412 -0.173239 3.638008 1.113777 2.453336
    43 0.000000 -2.372318 -0.000004 0.722081 0.000000 0.000000
    44 -0.000006 2.372318 -0.000032 1.180801 0.000000 0.000000
    45 0.000004 -1.580070 -0.000001 0.034255 0.000000 0.000000
    46 -0.000002 1.580170 0.000030 1.804447 0.000000 0.000000
    47 -0.937645 -3.860697 -0.959317 3.044205 1.001841 2.581100
    48 0.937672 3.860714 0.959333 3.475734 0.788186 2.106753
    49 0.000000 -1.690632 0.000000 0.491549 0.000000 0.000000
    50 -0.000013 1.690666 0.000021 1.040818 0.000000 0.000000
    51 -0.000002 -1.423443 0.000002 0.234212 0.000000 0.000000
    52 0.000008 1.423420 0.000028 1.507460 0.000000 0.000000
    53 -1.546646 -3.404194 -1.915569 3.024293 0.944156 2.514436
    54 1.546661 3.404217 1.915585 3.814331 0.512993 1.909537
    55 0.000004 -1.437820 0.000000 0.424958 0.000000 0.000000
    56 -0.000021 1.437870 0.000031 0.599117 0.000000 0.000000
    57 -0.000002 -1.059402 0.000000 0.322075 0.000000 0.000000
    58 0.000006 1.059372 0.000008 1.536914 0.000000 0.000000
    59 -0.000004 -13.013485 -0.000004 0.010936 -0.284123 -0.076426
    60 0.161011 -10.812500 0.023087 0.010936 -0.284123 -0.076426
  time 11
    0 0.000000 0.826660 0.000001 -1.559900 -0.000006 -0.000006
    1 -7.059201 7.545358 -8.025539 -1.023532 0.054715 0.720378
    2 0.000000 14.313023 0.000003 -1.701641 0.000000 0.000000
    3 -0.000011 13.013483 -0.000005 0.153070 0.969472 0.230342
    4 -7.156250 28.656250 24.765625 2.947657 0.312156 -0.581899
    5 0.000000 -14.313034 0.000000 -0.487806 0.000000 0.000000
    6 -0.000004 -13.013485 -0.000004 0.000000 0.000000 0.000000
    7 -1.330879 -2.698427 0.462449 -0.194886 -0.547260 3.056712
    8 1.330910 2.698444 -0.462436 0.194890 0.547268 -0.084879
    9 0.796754 4.750958 -2.202679 1.891227 0.504624 -0.464320
    10 3.556210 4.238403 0.987502 -1.090396 0.577049 -0.321829
    11 4.139183 5.092691 1.421975 -1.090396 0.577049 -0.321829
    12 4.777527 6.028128 1.897721 -1.090396 0.577049 -0.321829
    13 5.490345 7.072691 2.428969 -1.090396 0.577049 -0.321829
    14 6.562500 8.648438 3.232422 -1.090396 0.577049 -0.321829
    15 7.558525 6.997282 -2.354134 -1.937336 -0.275393 3.010581
    16 7.558525 6.997282 -2.354134 1.937336 0.275393 -0.131011
    17 -2.867767 -2.740969 0.531125 2.051196 0.577049 -0.321829
    18 0.695064 5.619089 -3.087455 -1.052444 -0.980553 -1.066098
    19 2.336649 2.608266 2.015604 1.043633 0.279449 -2.194244
    20 1.943030 2.064078 1.825061 -0.476482 0.995514 2.125748
    21 -0.043702 5.390216 -4.090007 -1.033490 -0.335219 0.912577
    22 6.946648 6.587124 1.429667 -1.090396 0.577049 -0.321829
    23 7.537933 7.453606 1.870349 -1.090396 0.577049 -0.321829
    24 8.154472 8.357077 2.329839 -1.090396 0.577049 -0.321829
    25 8.874294 9.411907 2.866308 -1.090396 0.577049 -0.321829
    26 -4.125858 -2.321501 1.394414 2.051196 0.577049 -0.321829
    27 -4.826813 -3.348669 0.872014 2.051196 0.577049 -0.321829
    28 -5.441669 -4.249685 0.413772 2.051196 0.577049 -0.321829
    29 -0.552532 -1.343527 1.604446 -0.415180 0.312114 -0.422073
    30 0.552589 1.343534 -1.604463 -0.303728 0.092374 -0.484240
    31 0.000000 -2.021618 -0.000004 0.186809 0.000000 0.000000
    32 -0.000021 2.021633 0.000027 0.072127 0.000000 0.000000
    33 -0.000004 -1.136217 -0.000004 -0.210111 0.000000 0.000000
    34 -0.000011 1.136200 -0.000019 1.162285 0.000000 0.000000
    35 -0.032677 -4.587727 1.352317 2.844703 1.216154 2.484990
    36 0.032719 4.587772 -1.352291 3.305682 1.403134 2.417799
    37 0.000000 -1.754536 -0.000002 0.662896 0.000000 0.000000
    38 -0.000006 1.754520 -0.000034 0.602847 0.000000 0.000000
    39 0.000000 -1.227020 -0.000002 0.092660 0.000000 0.000000
    40 0.000002 1.227070 0.000032 2.031131 0.000000 0.000000
    41 -0.367996 -4.208406 0.173244 2.943027 1.091688 2.536231
    42 0.368011 4.208412 -0.173239 3.638008 1.113777 2.453336
    43 0.000000 -2.372318 -0.000004 0.722081 0.000000 0.000000
    44 -0.000006 2.372318 -0.000032 1.180801 0.000000 0.000000
    45 0.000004 -1.580070 -0.000001 0.034255 0.000000 0.000000
    46 -0.000002 1.580170 0.000030 1.804447 0.000000 0.000000
    47 -0.937645 -3.860697 -0.959317 3.044205 1.001841 2.581100
    48 0.937672 3.860714 0.959333 3.475734 0.788186 2.106753
    49 0.000000 -1.690632 0.000000 0.491549 0.000000 0.000000
    50 -0.000013 1.690666 0.000021 1.040818 0.000000 0.000000
    51 -0.000002 -1.423443 0.000002 0.234212 0.000000 0.000000
    52 0.000008 1.423420 0.000028 1.507460 0.000000 0.000000
    53 -1.546646 -3.404194 -1.915569 3.024293 0.944156 2.514436
    54 1.546661 3.404217 1.915585 3.814331 0.512993 1.909537
    55 0.000004 -1.437820 0.000000 0.424958 0.000000 0.000000
    56 -0.000021 1.437870 0.000031 0.599117 0.000000 0.000000
    57 -0.000002 -1.059402 0.000000 0.322075 0.000000 0.000000
    58 0.000006 1.059372 0.000008 1.536914 0.000000 0.000000
    59 -0.000004 -13.013485 -0.000004 0.010936 -0.284123 -0.076426
    60 0.161011 -10.812500 0.023087 0.010936 -0.284123 -0.076426
  time 12
    0 0.000000 0.826660 0.000001 -1.559900 -0.000006 -0.000006
    1 -7.059201 7.545358 -8.025539 -1.032931 0.065445 0.718239
    2 0.000000 14.313023 0.000003 -1.699320 0.000000 0.000000
    3 -0.000011 13.013483 -0.000005 0.174473 0.988669 0.230342
    4 -7.156250 28.656250 24.765625 2.947657 0.312156 -0.581899
    5 0.000000 -14.313034 0.000000 -0.487806 0.000000 0.000000
    6 -0.000004 -13.013485 -0.000004 0.000000 0.000000 0.000000
    7 -1.330879 -2.698427 0.462449 -0.194886 -0.547260 3.056712
    8 1.330910 2.698444 -0.462436 0.194890 0.547268 -0.084879
    9 0.796754 4.750958 -2.152168 1.891227 0.504624 -0.464320
    10 3.556210 4.238403 0.987502 -1.090396 0.577049 -0.321829
    11 4.139183 5.092691 1.421975 -1.090396 0.577049 -0.321829
    12 4.777527 6.028128 1.897721 -1.090396 0.577049 -0.321829
    13 5.490345 7.072691 2.428969 -1.090396 0.577049 -0.321829
    14 6.562500 8.648438 3.232422 -1.090396 0.577049 -0.321829
    15 7.558525 6.997282 -2.354134 -1.937336 -0.275393 3.010581
    16 7.558525 6.997282 -2.354134 1.937336 0.275393 -0.131011
    17 -2.867767 -2.740969 0.531125 2.051196 0.577049 -0.321829
    18 0.695064 5.619089 -3.087455 -1.052444 -0.980553 -1.066098
    19 2.336649 2.608266 2.015604 1.043633 0.279449 -2.194244
    20 1.943030 2.060172 1.825061 -0.476482 0.995514 2.125748
    21 -0.043702 5.390216 -4.090007 -1.033490 -0.335219 0.912673
    22 6.946648 6.587124 1.429667 -1.090396 0.577049 -0.321829
    23 7.537933 7.453606 1.870349 -1.090396 0.577049 -0.321829
    24 8.154472 8.357077 2.329839 -1.090396 0.577049 -0.321829
    25 8.874294 9.411907 2.866308 -1.090396 0.577049 -0.321829
    26 -4.125858 -2.321501 1.394414 2.051196 0.577049 -0.321829
    27 -4.826813 -3.348669 0.872014 2.051196 0.577049 -0.321829
    28 -5.441669 -4.249685 0.413772 2.051196 0.577049 -0.321829
    29 -0.552532 -1.343527 1.604446 -0.415180 0.312114 -0.422073
    30 0.552589 1.343534 -1.604463 -0.303728 0.092374 -0.484240
    31 0.000000 -2.021618 -0.000004 0.186809 0.000000 0.000000
    32 -0.000021 2.021633 0.000027 0.072127 0.000000 0.000000
    33 -0.000004 -1.136217 -0.000004 -0.210111 0.000000 0.000000
    34 -0.000011 1.136200 -0.000019 1.162285 0.000000 0.000000
    35 -0.032677 -4.587727 1.352317 2.844703 1.216154 2.484990
    36 0.032719 4.587772 -1.352291 3.305682 1.403134 2.417799
    37 0.000000 -1.754536 -0.000002 0.662896 0.000000 0.000000
    38 -0.000006 1.754520 -0.000034 0.602892 0.000000 0.000000
    39 0.000000 -1.227020 -0.000002 0.092660 0.000000 0.000000
    40 0.000002 1.227070 0.000032 2.031197 0.000000 0.000000
    41 -0.367996 -4.208406 0.173244 2.943027 1.091688 2.536231
    42 0.368011 4.208412 -0.173239 3.638008 1.113777 2.453336
    43 0.000000 -2.372318 -0.000004 0.722081 0.000000 0.000000
    44 -0.000006 2.372318 -0.000032 1.180801 0.000000 0.000000
    45 0.000004 -1.580070 -0.000001 0.034255 0.000000 0.000000
    46 -0.000002 1.580170 0.000030 1.804447 0.000000 0.000000
    47 -0.937645 -3.860697 -0.959317 3.044205 1.001841 2.581100
    48 0.937672 3.860714 0.959333 3.475734 0.788186 2.106753
    49 0.000000 -1.690632 0.000000 0.491549 0.000000 0.000000
    50 -0.000013 1.690666 0.000021 1.040818 0.000000 0.000000
    51 -0.000002 -1.423443 0.000002 0.234212 0.000000 0.000000
    52 0.000008 1.423420 0.000028 1.507460 0.000000 0.000000
    53 -1.546646 -3.404194 -1.915569 3.024293 0.944156 2.514436
    54 1.546661 3.404217 1.915585 3.814331 0.512993 1.909537
    55 0.000004 -1.437820 0.000000 0.424958 0.000000 0.000000
    56 -0.000021 1.437870 0.000031 0.599117 0.000000 0.000000
    57 -0.000002 -1.059402 0.000000 0.322075 0.000000 0.000000
    58 0.000006 1.059372 0.000008 1.536914 0.000000 0.000000
    59 -0.000004 -13.013485 -0.000004 0.010936 -0.284123 -0.076426
    60 0.161011 -10.812500 0.023087 0.010936 -0.284123 -0.076426
  time 13
    0 0.000000 0.826660 0.000001 -1.559900 -0.000006 -0.000006
    1 -7.059201 7.545358 -8.025539 -1.027587 0.062965 0.710372
    2 0.000000 14.313023 0.000003 -1.703597 0.000000 0.000000
    3 -0.000011 13.013483 -0.000005 0.146764 0.996168 0.212896
    4 -7.156250 28.656250 24.765625 2.947657 0.312156 -0.581899
    5 0.000000 -14.313034 0.000000 -0.487806 0.000000 0.000000
    6 -0.000004 -13.013485 -0.000004 0.000000 0.000000 0.000000
    7 -1.330879 -2.698427 0.462449 -0.194886 -0.547260 3.056712
    8 1.330910 2.698444 -0.462436 0.194890 0.547268 -0.084879
    9 0.796754 4.750958 -2.152168 1.891227 0.504624 -0.464320
    10 3.556210 4.238403 0.987502 -1.090396 0.577049 -0.321829
    11 4.139183 5.092691 1.421975 -1.090396 0.577049 -0.321829
    12 4.777527 6.028128 1.897721 -1.090396 0.577049 -0.321829
    13 5.490345 7.072691 2.428969 -1.090396 0.577049 -0.321829
    14 6.562500 8.648438 3.232422 -1.090396 0.577049 -0.321829
    15 7.558525 6.997282 -2.354134 -1.937336 -0.275393 3.010581
    16 7.558525 6.997282 -2.354134 1.937336 0.275393 -0.131011
    17 -2.867767 -2.740969 0.531125 2.051196 0.577049 -0.321829
    18 0.695064 5.619089 -3.087455 -1.052444 -0.980553 -1.066098
    19 2.336649 2.604360 2.015604 1.043633 0.279449 -2.194244
    20 1.943030 2.060172 1.825061 -0.476482 0.995514 2.125748
    21 -0.043702 5.390216 -4.090007 -1.033490 -0.335219 0.912673
    22 6.946648 6.587124 1.429667 -1.090396 0.577049 -0.321829
    23 7.537933 7.453606 1.870349 -1.090396 0.577049 -0.321829
    24 8.154472 8.357077 2.329839 -1.090396 0.577049 -0.321829
    25 8.874294 9.411907 2.866308 -1.090396 0.577049 -0.321829
    26 -4.125858 -2.321501 1.394414 2.051196 0.577049 -0.321829
    27 -4.826813 -3.348669 0.872014 2.051196 0.577049 -0.321829
    28 -5.441669 -4.249685 0.413772 2.051196 0.577049 -0.321829
    29 -0.552532 -1.343527 1.604446 -0.415180 0.312114 -0.422073
    30 0.552589 1.343534 -1.604463 -0.303728 0.092374 -0.484240
    31 0.000000 -2.021618 -0.000004 0.186809 0.000000 0.000000
    32 -0.000021 2.021633 0.000027 0.072127 0.000000 0.000000
    33 -0.000004 -1.136217 -0.000004 -0.210111 0.000000 0.000000
    34 -0.000011 1.136200 -0.000019 1.162285 0.000000 0.000000
    35 -0.032677 -4.587727 1.352317 2.844703 1.216154 2.484990
    36 0.032719 4.587772 -1.352291 3.305682 1.403134 2.417799
    37 0.000000 -1.754536 -0.000002 0.662896 0.000000 0.000000
    38 -0.000006 1.754520 -0.000034 0.602892 0.000000 0.000000
    39 0.000000 -1.227020 -0.000002 0.092660 0.000000 0.000000
    40 0.000002 1.227070 0.000032 2.031131 0.000000 0.000000
    41 -0.367996 -4.208406 0.173244 2.943027 1.091688 2.536231
    42 0.368011 4.208412 -0.173239 3.638008 1.113777 2.453336
    43 0.000000 -2.372318 -0.000004 0.722081 0.000000 0.000000
    44 -0.000006 2.372318 -0.000032 1.180801 0.000000 0.000000
    45 0.000004 -1.580070 -0.000001 0.034255 0.000000 0.000000
    46 -0.000002 1.580170 0.000030 1.804447 0.000000 0.000000
    47 -0.937645 -3.860697 -0.959317 3.044205 1.001841 2.581100
    48 0.937672 3.860714 0.959333 3.475734 0.788186 2.106753
    49 0.000000 -1.690632 0.000000 0.491549 0.000000 0.000000
    50 -0.000013 1.690666 0.000021 1.040818 0.000000 0.000000
    51 -0.000002 -1.423443 0.000002 0.234212 0.000000 0.000000
    52 0.000008 1.423420 0.000028 1.507460 0.000000 0.000000
    53 -1.546646 -3.404194 -1.915569 3.024293 0.944156 2.514436
    54 1.546661 3.404217 1.915585 3.814331 0.512993 1.909537
    55 0.000004 -1.437820 0.000000 0.424958 0.000000 0.000000
    56 -0.000021 1.437870 0.000031 0.599117 0.000000 0.000000
    57 -0.000002 -1.059402 0.000000 0.322075 0.000000 0.000000
    58 0.000006 1.059372 0.000008 1.536914 0.000000 0.000000
    59 -0.000004 -13.013485 -0.000004 0.010936 -0.284123 -0.076426
    60 0.161011 -10.812500 0.023087 0.010936 -0.284123 -0.076426
  time 14
    0 0.000000 0.826660 0.000001 -1.559900 -0.000006 -0.000006
    1 -7.059201 7.545358 -8.025539 -1.037723 0.073743 0.707775
    2 0.000000 14.313023 0.000003 -1.700786 0.000000 0.000000
    3 -0.000011 13.013483 -0.000005 0.168644 1.016026 0.213375
    4 -7.156250 28.656250 24.765625 2.947657 0.312156 -0.581899
    5 0.000000 -14.313034 0.000000 -0.487806 0.000000 0.000000
    6 -0.000004 -13.013485 -0.000004 0.000000 0.000000 0.000000
    7 -1.330879 -2.698427 0.462449 -0.194886 -0.547260 3.056712
    8 1.330910 2.698444 -0.462436 0.194890 0.547268 -0.084879
    9 0.796754 4.750958 -2.152168 1.891227 0.504624 -0.464320
    10 3.556210 4.238403 0.987502 -1.090396 0.577049 -0.321829
    11 4.139183 5.092691 1.421975 -1.090396 0.577049 -0.321829
    12 4.777527 6.028128 1.897721 -1.090396 0.577049 -0.321829
    13 5.490345 7.072691 2.428969 -1.090396 0.577049 -0.321829
    14 6.562500 8.648438 3.232422 -1.090396 0.577049 -0.321829
    15 7.558525 6.997282 -2.354134 -1.937336 -0.275393 3.010581
    16 7.558525 6.997282 -2.354134 1.937336 0.275393 -0.131011
    17 -2.867767 -2.740969 0.531125 2.051196 0.577049 -0.321829
    18 0.695064 5.619089 -3.087455 -1.052444 -0.980553 -1.066098
    19 2.336649 2.604360 2.015604 1.043633 0.279449 -2.194244
    20 1.943030 2.060172 1.825061 -0.476482 0.995567 2.125748
    21 -0.043702 5.386310 -4.086101 -1.033490 -0.335219 0.912673
    22 6.946648 6.587124 1.429667 -1.090396 0.577049 -0.321829
    23 7.537933 7.453606 1.870349 -1.090396 0.577049 -0.321829
    24 8.154472 8.357077 2.329839 -1.090396 0.577049 -0.321829
    25 8.874294 9.411907 2.866308 -1.090396 0.577049 -0.321829
    26 -4.125858 -2.321501 1.394414 2.051196 0.577049 -0.321829
    27 -4.826813 -3.348669 0.872014 2.051196 0.577049 -0.321829
    28 -5.441669 -4.249685 0.413772 2.051196 0.577049 -0.321829
    29 -0.552532 -1.343527 1.604446 -0.415180 0.312114 -0.422073
    30 0.552589 1.343534 -1.604463 -0.303702 0.092374 -0.484240
    31 0.000000 -2.021618 -0.000004 0.186809 0.000000 0.000000
    32 -0.000021 2.021633 0.000027 0.072127 0.000000 0.000000
    33 -0.000004 -1.136217 -0.000004 -0.210111 0.000000 0.000000
    34 -0.000011 1.136200 -0.000019 1.162285 0.000000 0.000000
    35 -0.032677 -4.587727 1.352317 2.844703 1.216154 2.484990
    36 0.032719 4.587772 -1.352291 3.305682 1.403134 2.417799
    37 0.000000 -1.754536 -0.000002 0.662896 0.000000 0.000000
    38 -0.000006 1.754520 -0.000034 0.602892 0.000000 0.000000
    39 0.000000 -1.227020 -0.000002 0.092660 0.000000 0.000000
    40 0.000002 1.227070 0.000032 2.031197 0.000000 0.000000
    41 -0.367996 -4.208406 0.173244 2.943027 1.091688 2.536231
    42 0.368011 4.208412 -0.173239 3.638008 1.113777 2.453336
    43 0.000000 -2.372318 -0.000004 0.722081 0.000000 0.000000
    44 -0.000006 2.372318 -0.000032 1.180801 0.000000 0.000000
    45 0.000004 -1.580070 -0.000001 0.034255 0.000000 0.000000
    46 -0.000002 1.580170 0.000030 1.804447 0.000000 0.000000
    47 -0.937645 -3.860697 -0.959317 3.044205 1.001841 2.581100
    48 0.937672 3.860714 0.959333 3.475734 0.788186 2.106753
    49 0.000000 -1.690632 0.000000 0.491549 0.000000 0.000000
    50 -0.000013 1.690666 0.000021 1.040818 0.000000 0.000000
    51 -0.000002 -1.423443 0.000002 0.234212 0.000000 0.000000
    52 0.000008 1.423420 0.000028 1.507460 0.000000 0.000000
    53 -1.546646 -3.404194 -1.915569 3.024293 0.944156 2.514436
    54 1.546661 3.404217 1.915585 3.814331 0.512993 1.909537
    55 0.000004 -1.437820 0.000000 0.424958 0.000000 0.000000
    56 -0.000021 1.437870 0.000031 0.599117 0.000000 0.000000
    57 -0.000002 -1.059402 0.000000 0.322075 0.000000 0.000000
    58 0.000006 1.059372 0.000008 1.536914 0.000000 0.000000
    59 -0.000004 -13.013485 -0.000004 0.010936 -0.284123 -0.076426
    60 0.161011 -10.812500 0.023087 0.010936 -0.284123 -0.076426
  time 15
    0 0.000000 0.826660 0.000001 -1.559900 -0.000006 -0.000006
    1 -7.059201 7.545358 -8.025539 -1.033668 0.072122 0.699984
    2 0.000000 14.313023 0.000003 -1.704452 0.000000 0.000000
    3 -0.000011 13.013483 -0.000005 0.146381 1.024610 0.197176
    4 -7.156250 28.656250 24.765625 2.947657 0.312156 -0.581899
    5 0.000000 -14.313034 0.000000 -0.487806 0.000000 0.000000
    6 -0.000004 -13.013485 -0.000004 0.000000 0.000000 0.000000
    7 -1.330879 -2.698427 0.462449 -0.194886 -0.547260 3.056712
    8 1.330910 2.698444 -0.462436 0.194890 0.547268 -0.084879
    9 0.796754 4.750958 -2.152168 1.891227 0.504624 -0.464320
    10 3.556210 4.238403 0.987502 -1.090396 0.577049 -0.321829
    11 4.139183 5.092691 1.421975 -1.090396 0.577049 -0.321829
    12 4.777527 6.028128 1.897721 -1.090396 0.577049 -0.321829
    13 5.490345 7.072691 2.428969 -1.090396 0.577049 -0.321829
    14 6.562500 8.648438 3.232422 -1.090396 0.577049 -0.321829
    15 7.558525 6.997282 -2.354134 -1.937336 -0.275393 3.010581
    16 7.558525 6.997282 -2.354134 1.937336 0.275393 -0.131011
    17 -2.867767 -2.740969 0.531125 2.051196 0.577049 -0.321829
    18 0.695064 5.619089 -3.087455 -1.052444 -0.980553 -1.066098
    19 2.336649 2.604360 2.015604 1.043633 0.279449 -2.194244
    20 1.943030 2.064078 1.825061 -0.476482 0.995514 2.125748
    21 -0.043702 5.390216 -4.086101 -1.033490 -0.335219 0.912673
    22 6.946648 6.587124 1.429667 -1.090396 0.577049 -0.321829
    23 7.537933 7.453606 1.870349 -1.090396 0.577049 -0.321829
    24 8.154472 8.357077 2.329839 -1.090396 0.577049 -0.321829
    25 8.874294 9.411907 2.866308 -1.090396 0.577049 -0.321829
    26 -4.125858 -2.321501 1.394414 2.051196 0.577049 -0.321829
    27 -4.826813 -3.348669 0.872014 2.051196 0.577049 -0.321829
    28 -5.441669 -4.249685 0.413772 2.051196 0.577049 -0.321829
    29 -0.552532 -1.343527 1.604446 -0.415180 0.312114 -0.422073
    30 0.552589 1.343534 -1.604463 -0.303728 0.092374 -0.484240
    31 0.000000 -2.021618 -0.000004 0.186809 0.000000 0.000000
    32 -0.000021 2.021633 0.000027 0.072127 0.000000 0.000000
    33 -0.000004 -1.136217 -0.000004 -0.210111 0.000000 0.000000
    34 -0.000011 1.136200 -0.000019 1.162285 0.000000 0.000000
    35 -0.032677 -4.587727 1.352317 2.844703 1.216154 2.484990
    36 0.032719 4.587772 -1.352291 3.305682 1.403134 2.417799
    37 0.000000 -1.754536 -0.000002 0.662896 0.000000 0.000000
    38 -0.000006 1.754520 -0.000034 0.602892 0.000000 0.000000
    39 0.000000 -1.227020 -0.000002 0.092660 0.000000 0.000000
    40 0.000002 1.227070 0.000032 2.031131 0.000000 0.000000
    41 -0.367996 -4.208406 0.173244 2.943027 1.091688 2.536231
    42 0.368011 4.208412 -0.173239 3.638008 1.113777 2.453336
    43 0.000000 -2.372318 -0.000004 0.722081 0.000000 0.000000
    44 -0.000006 2.372318 -0.000032 1.180801 0.000000 0.000000
    45 0.000004 -1.580070 -0.000001 0.034255 0.000000 0.000000
    46 -0.000002 1.580170 0.000030 1.804447 0.000000 0.000000
    47 -0.937645 -3.860697 -0.959317 3.044205 1.001841 2.581100
    48 0.937672 3.860714 0.959333 3.475734 0.788186 2.106753
    49 0.000000 -1.690632 0.000000 0.491549 0.000000 0.000000
    50 -0.000013 1.690666 0.000021 1.040818 0.000000 0.000000
    51 -0.000002 -1.423443 0.000002 0.234212 0.000000 0.000000
    52 0.000008 1.423420 0.000028 1.507460 0.000000 0.000000
    53 -1.546646 -3.404194 -1.915569 3.024293 0.944156 2.514436
    54 1.546661 3.404217 1.915585 3.814331 0.512993 1.909537
    55 0.000004 -1.437820 0.000000 0.424958 0.000000 0.000000
    56 -0.000021 1.437870 0.000031 0.599117 0.000000 0.000000
    57 -0.000002 -1.059402 0.000000 0.322075 0.000000 0.000000
    58 0.000006 1.059372 0.000008 1.536914 0.000000 0.000000
    59 -0.000004 -13.013485 -0.000004 0.010936 -0.284123 -0.076426
    60 0.161011 -10.812500 0.023087 0.010936 -0.284123 -0.076426
  time 16
    0 0.000000 0.826660 0.000001 -1.559900 -0.000006 -0.000006
    1 -7.059201 7.545358 -8.025539 -1.044726 0.083042 0.697464
    2 0.000000 14.313023 0.000003 -1.701092 0.000000 0.000000
    3 -0.000011 13.013483 -0.000005 0.165396 1.045081 0.199093
    4 -7.156250 28.656250 24.765625 2.947657 0.312156 -0.581899
    5 0.000000 -14.313034 0.000000 -0.487806 0.000000 0.000000
    6 -0.000004 -13.013485 -0.000004 0.000000 0.000000 0.000000
    7 -1.330879 -2.698427 0.462449 -0.194886 -0.547260 3.056712
    8 1.330910 2.698444 -0.462436 0.194890 0.547268 -0.084879
    9 0.796754 4.750958 -2.152168 1.891227 0.504624 -0.464320
    10 3.556210 4.238403 0.987502 -1.090396 0.577049 -0.321829
    11 4.139183 5.092691 1.421975 -1.090396 0.577049 -0.321829
    12 4.777527 6.028128 1.897721 -1.090396 0.577049 -0.321829
    13 5.490345 7.072691 2.428969 -1.090396 0.577049 -0.321829
    14 6.562500 8.648438 3.232422 -1.090396 0.577049 -0.321829
    15 7.558525 6.997282 -2.354134 -1.937336 -0.275393 3.010581
    16 7.558525 6.997282 -2.354134 1.937336 0.275393 -0.131011
    17 -2.867767 -2.740969 0.531125 2.051196 0.577049 -0.321829
    18 0.695064 5.619089 -3.087455 -1.052444 -0.980553 -1.066098
    19 2.336649 2.604360 2.015604 1.043633 0.279449 -2.194244
    20 1.943030 2.060172 1.825061 -0.476482 0.995567 2.125748
    21 -0.043702 5.386310 -4.090007 -1.033490 -0.335219 0.912577
    22 6.946648 6.587124 1.429667 -1.090396 0.577049 -0.321829
    23 7.537933 7.453606 1.870349 -1.090396 0.577049 -0.321829
    24 8.154472 8.357077 2.329839 -1.090396 0.577049 -0.321829
    25 8.874294 9.411907 2.866308 -1.090396 0.577049 -0.321829
    26 -4.125858 -2.321501 1.394414 2.051196 0.577049 -0.321829
    27 -4.826813 -3.348669 0.872014 2.051196 0.577049 -0.321829
    28 -5.441669 -4.249685 0.413772 2.051196 0.577049 -0.321829
    29 -0.552532 -1.343527 1.604446 -0.415180 0.312114 -0.422073
    30 0.552589 1.343534 -1.604463 -0.303728 0.092374 -0.484240
    31 0.000000 -2.021618 -0.000004 0.186809 0.000000 0.000000
    32 -0.000021 2.021633 0.000027 0.072127 0.000000 0.000000
    33 -0.000004 -1.136217 -0.000004 -0.210111 0.000000 0.000000
    34 -0.000011 1.136200 -0.000019 1.162285 0.000000 0.000000
    35 -0.032677 -4.587727 1.352317 2.844703 1.216154 2.484990
    36 0.032719 4.587772 -1.352291 3.305682 1.403134 2.417799
    37 0.000000 -1.754536 -0.000002 0.662896 0.000000 0.000000
    38 -0.000006 1.754520 -0.000034 0.602892 0.000000 0.000000
    39 0.000000 -1.227020 -0.000002 0.092660 0.000000 0.000000
    40 0.000002 1.227070 0.000032 2.031197 0.000000 0.000000
    41 -0.367996 -4.208406 0.173244 2.943027 1.091688 2.536231
    42 0.368011 4.208412 -0.173239 3.638008 1.113777 2.453336
    43 0.000000 -2.372318 -0.000004 0.722081 0.000000 0.000000
    44 -0.000006 2.372318 -0.000032 1.180801 0.000000 0.000000
    45 0.000004 -1.580070 -0.000001 0.034255 0.000000 0.000000
    46 -0.000002 1.580170 0.000030 1.804447 0.000000 0.000000
    47 -0.937645 -3.860697 -0.959317 3.044205 1.001841 2.581100
    48 0.937672 3.860714 0.959333 3.475734 0.788186 2.106753
    49 0.000000 -1.690632 0.000000 0.491549 0.000000 0.000000
    50 -0.000013 1.690666 0.000021 1.040818 0.000000 0.000000
    51 -0.000002 -1.423443 0.000002 0.234212 0.000000 0.000000
    52 0.000008 1.423420 0.000028 1.507460 0.000000 0.000000
    53 -1.546646 -3.404194 -1.915569 3.024293 0.944156 2.514436
    54 1.546661 3.404217 1.915585 3.814331 0.512993 1.909537
    55 0.000004 -1.437820 0.000000 0.424958 0.000000 0.000000
    56 -0.000021 1.437870 0.000031 0.599117 0.000000 0.000000
    57 -0.000002 -1.059402 0.000000 0.322075 0.000000 0.000000
    58 0.000006 1.059372 0.000008 1.536914 0.000000 0.000000
    59 -0.000004 -13.013485 -0.000004 0.010936 -0.284123 -0.076426
    60 0.161011 -10.812500 0.023087 0.010936 -0.284123 -0.076426
  time 17
    0 0.000000 0.826660 0.000001 -1.559900 -0.000006 -0.000006
    1 -7.059201 7.545358 -8.025539 -1.039289 0.080086 0.688832
    2 0.000000 14.313023 0.000003 -1.705491 0.000000 0.000000
    3 -0.000011 13.013483 -0.000005 0.144375 1.052533 0.180976
    4 -7.156250 28.656250 24.765625 2.947657 0.312156 -0.581899
    5 0.000000 -14.313034 0.000000 -0.487806 0.000000 0.000000
    6 -0.000004 -13.013485 -0.000004 0.000000 0.000000 0.000000
    7 -1.330879 -2.698427 0.462449 -0.194886 -0.547260 3.056712
    8 1.330910 2.698444 -0.462436 0.194890 0.547268 -0.084879
    9 0.796754 4.750958 -2.152168 1.891227 0.504624 -0.464320
    10 3.556210 4.238403 0.987502 -1.090396 0.577049 -0.321829
    11 4.139183 5.092691 1.421975 -1.090396 0.577049 -0.321829
    12 4.777527 6.028128 1.897721 -1.090396 0.577049 -0.321829
    13 5.490345 7.072691 2.428969 -1.090396 0.577049 -0.321829
    14 6.562500 8.648438 3.232422 -1.090396 0.577049 -0.321829
    15 7.558525 6.997282 -2.354134 -1.937336 -0.275393 3.010581
    16 7.558525 6.997282 -2.354134 1.937336 0.275393 -0.131011
    17 -2.867767 -2.740969 0.531125 2.051196 0.577049 -0.321829
    18 0.695064 5.619089 -3.087455 -1.052349 -0.980553 -1.066098
    19 2.336649 2.608266 2.015604 1.043633 0.279449 -2.194340
    20 1.943030 2.064078 1.825061 -0.476482 0.995567 2.125748
    21 -0.043702 5.386310 -4.090007 -1.033490 -0.335219 0.912577
    22 6.946648 6.587124 1.429667 -1.090396 0.577049 -0.321829
    23 7.537933 7.453606 1.870349 -1.090396 0.577049 -0.321829
    24 8.154472 8.357077 2.329839 -1.090396 0.577049 -0.321829
    25 8.874294 9.411907 2.866308 -1.090396 0.577049 -0.321829
    26 -4.125858 -2.321501 1.394414 2.051196 0.577049 -0.321829
    27 -4.826813 -3.348669 0.872014 2.051196 0.577049 -0.321829
    28 -5.441669 -4.249685 0.413772 2.051196 0.577049 -0.321829
    29 -0.552532 -1.343527 1.604446 -0.415180 0.312114 -0.422073
    30 0.552589 1.343534 -1.604463 -0.303702 0.092374 -0.484240
    31 0.000000 -2.021618 -0.000004 0.186809 0.000000 0.000000
    32 -0.000021 2.021633 0.000027 0.072127 0.000000 0.000000
    33 -0.000004 -1.136217 -0.000004 -0.210111 0.000000 0.000000
    34 -0.000011 1.136200 -0.000019 1.162285 0.000000 0.000000
    35 -0.032677 -4.587727 1.352317 2.844703 1.216154 2.484990
    36 0.032719 4.587772 -1.352291 3.305682 1.403134 2.417799
    37 0.000000 -1.754536 -0.000002 0.662896 0.000000 0.000000
    38 -0.000006 1.754520 -0.000034 0.602892 0.000000 0.000000
    39 0.000000 -1.227020 -0.000002 0.092660 0.000000 0.000000
    40 0.000002 1.227070 0.000032 2.031131 0.000000 0.000000
    41 -0.367996 -4.208406 0.173244 2.943027 1.091688 2.536231
    42 0.368011 4.208412 -0.173239 3.638008 1.113777 2.453336
    43 0.000000 -2.372318 -0.000004 0.722081 0.000000 0.000000
    44 -0.000006 2.372318 -0.000032 1.180801 0.000000 0.000000
    45 0.000004 -1.580070 -0.000001 0.034255 0.000000 0.000000
    46 -0.000002 1.580170 0.000030 1.804447 0.000000 0.000000
    47 -0.937645 -3.860697 -0.959317 3.044205 1.001841 2.581100
    48 0.937672 3.860714 0.959333 3.475734 0.788186 2.106753
    49 0.000000 -1.690632 0.000000 0.491549 0.000000 0.000000
    50 -0.000013 1.690666 0.000021 1.040818 0.000000 0.000000
    51 -0.000002 -1.423443 0.000002 0.234212 0.000000 0.000000
    52 0.000008 1.423420 0.000028 1.507460 0.000000 0.000000
    53 -1.546646 -3.404194 -1.915569 3.024293 0.944156 2.514436
    54 1.546661 3.404217 1.915585 3.814331 0.512993 1.909537
    55 0.000004 -1.437820 0.000000 0.424958 0.000000 0.000000
    56 -0.000021 1.437870 0.000031 0.599117 0.000000 0.000000
    57 -0.000002 -1.059402 0.000000 0.322075 0.000000 0.000000
    58 0.000006 1.059372 0.000008 1.536914 0.000000 0.000000
    59 -0.000004 -13.013485 -0.000004 0.010936 -0.284123 -0.076426
    60 0.161011 -10.812500 0.023087 0.010936 -0.284123 -0.076426
  time 18
    0 0.000000 0.826660 0.000001 -1.559900 -0.000006 -0.000006
    1 -7.059201 7.545358 -8.025539 -1.049886 0.090148 0.685930
    2 0.000000 14.313023 0.000003 -1.702191 0.000000 0.000000
    3 -0.000011 13.013483 -0.000005 0.159089 1.072390 0.182797
    4 -7.156250 28.656250 24.765625 2.947657 0.312156 -0.581899
    5 0.000000 -14.313034 0.000000 -0.487806 0.000000 0.000000
    6 -0.000004 -13.013485 -0.000004 0.000000 0.000000 0.000000
    7 -1.330879 -2.698427 0.462449 -0.194886 -0.547260 3.056712
    8 1.330910 2.698444 -0.462436 0.194890 0.547268 -0.084879
    9 0.796754 4.750958 -2.152168 1.891227 0.504624 -0.464320
    10 3.556210 4.238403 0.987502 -1.090396 0.577049 -0.321829
    11 4.139183 5.092691 1.421975 -1.090396 0.577049 -0.321829
    12 4.777527 6.028128 1.897721 -1.090396 0.577049 -0.321829
    13 5.490345 7.072691 2.428969 -1.090396 0.577049 -0.321829
    14 6.562500 8.648438 3.232422 -1.090396 0.577049 -0.321829
    15 7.558525 6.997282 -2.354134 -1.937336 -0.275393 3.010581
    16 7.558525 6.997282 -2.354134 1.937336 0.275393 -0.131011
    17 -2.867767 -2.740969 0.531125 2.051196 0.577049 -0.321829
    18 0.695064 5.619089 -3.087455 -1.052444 -0.980553 -1.066098
    19 2.336649 2.608266 2.015604 1.043633 0.279449 -2.194244
    20 1.943030 2.064078 1.825061 -0.476482 0.995567 2.125748
    21 -0.043702 5.390216 -4.090007 -1.033490 -0.335219 0.912673
    22 6.946648 6.587124 1.429667 -1.090396 0.577049 -0.321829
    23 7.537933 7.453606 1.870349 -1.090396 0.577049 -0.321829
    24 8.154472 8.357077 2.329839 -1.090396 0.577049 -0.321829
    25 8.874294 9.411907 2.866308 -1.090396 0.577049 -0.321829
    26 -4.125858 -2.321501 1.394414 2.051196 0.577049 -0.321829
    27 -4.826813 -3.348669 0.872014 2.051196 0.577049 -0.321829
    28 -5.441669 -4.249685 0.413772 2.051196 0.577049 -0.321829
    29 -0.552532 -1.343527 1.604446 -0.415180 0.312114 -0.422073
    30 0.552589 1.343534 -1.604463 -0.303728 0.092374 -0.484240
    31 0.000000 -2.021618 -0.000004 0.186809 0.000000 0.000000
    32 -0.000021 2.021633 0.000027 0.072127 0.000000 0.000000
    33 -0.000004 -1.136217 -0.000004 -0.210111 0.000000 0.000000
    34 -0.000011 1.136200 -0.000019 1.162285 0.000000 0.000000
    35 -0.032677 -4.587727 1.352317 2.844703 1.216154 2.484990
    36 0.032719 4.587772 -1.352291 3.305682 1.403134 2.417799
    37 0.000000 -1.754536 -0.000002 0.662896 0.000000 0.000000
    38 -0.000006 1.754520 -0.000034 0.602847 0.000000 0.000000
    39 0.000000 -1.227020 -0.000002 0.092660 0.000000 0.000000
    40 0.000002 1.227070 0.000032 2.031131 0.000000 0.000000
    41 -0.367996 -4.208406 0.173244 2.943027 1.091688 2.536231
    42 0.368011 4.208412 -0.173239 3.638008 1.113777 2.453336
    43 0.000000 -2.372318 -0.000004 0.722081 0.000000 0.000000
    44 -0.000006 2.372318 -0.000032 1.180801 0.000000 0.000000
    45 0.000004 -1.580070 -0.000001 0.034255 0.000000 0.000000
    46 -0.000002 1.580170 0.000030 1.804447 0.000000 0.000000
    47 -0.937645 -3.860697 -0.959317 3.044205 1.001841 2.581100
    48 0.937672 3.860714 0.959333 3.475734 0.788186 2.106753
    49 0.000000 -1.690632 0.000000 0.491549 0.000000 0.000000
    50 -0.000013 1.690666 0.000021 1.040818 0.000000 0.000000
    51 -0.000002 -1.423443 0.000002 0.234212 0.000000 0.000000
    52 0.000008 1.423420 0.000028 1.507460 0.000000 0.000000
    53 -1.546646 -3.404194 -1.915569 3.024293 0.944156 2.514436
    54 1.546661 3.404217 1.915585 3.814331 0.512993 1.909537
    55 0.000004 -1.437820 0.000000 0.424958 0.000000 0.000000
    56 -0.000021 1.437870 0.000031 0.599117 0.000000 0.000000
    57 -0.000002 -1.059402 0.000000 0.322075 0.000000 0.000000
    58 0.000006 1.059372 0.000008 1.536914 0.000000 0.000000
    59 -0.000004 -13.013485 -0.000004 0.010936 -0.284123 -0.076426
    60 0.161011 -10.812500 0.023087 0.010936 -0.284123 -0.076426
  time 19
    0 0.000000 0.826660 0.000001 -1.559900 -0.000006 -0.000006
    1 -7.059201 7.545358 -8.025539 -1.044081 0.086571 0.676993
    2 0.000000 14.313023 0.000003 -1.706957 0.000000 0.000000
    3 -0.000011 13.013483 -0.000005 0.139311 1.079041 0.163914
    4 -7.156250 28.656250 24.765625 2.947657 0.312156 -0.581899
    5 0.000000 -14.313034 0.000000 -0.487806 0.000000 0.000000
    6 -0.000004 -13.013485 -0.000004 0.000000 0.000000 0.000000
    7 -1.330879 -2.698427 0.462449 -0.194886 -0.547260 3.056712
    8 1.330910 2.698444 -0.462436 0.194890 0.547268 -0.084879
    9 0.796754 4.750958 -2.152168 1.891227 0.504624 -0.464320
    10 3.556210 4.238403 0.987502 -1.090396 0.577049 -0.321829
    11 4.139183 5.092691 1.421975 -1.090396 0.577049 -0.321829
    12 4.777527 6.028128 1.897721 -1.090396 0.577049 -0.321829
    13 5.490345 7.072691 2.428969 -1.090396 0.577049 -0.321829
    14 6.562500 8.648438 3.232422 -1.090396 0.577049 -0.321829
    15 7.558525 6.997282 -2.354134 -1.937336 -0.275393 3.010581
    16 7.558525 6.997282 -2.354134 1.937336 0.275393 -0.131011
    17 -2.867767 -2.740969 0.531125 2.051196 0.577049 -0.321829
    18 0.695064 5.619089 -3.087455 -1.052444 -0.980553 -1.066098
    19 2.336649 2.608266 2.015604 1.043633 0.279449 -2.194244
    20 1.943030 2.064078 1.825061 -0.476482 0.995514 2.125748
    21 -0.043702 5.390216 -4.090007 -1.033490 -0.335219 0.912673
    22 6.946648 6.587124 1.429667 -1.090396 0.577049 -0.321829
    23 7.537933 7.453606 1.870349 -1.090396 0.577049 -0.321829
    24 8.154472 8.357077 2.329839 -1.090396 0.577049 -0.321829
    25 8.874294 9.411907 2.866308 -1.090396 0.577049 -0.321829
    26 -4.125858 -2.321501 1.394414 2.051196 0.577049 -0.321829
    27 -4.826813 -3.348669 0.872014 2.051196 0.577049 -0.321829
    28 -5.441669 -4.249685 0.413772 2.051196 0.577049 -0.321829
    29 -0.552532 -1.343527 1.604446 -0.415180 0.312114 -0.422073
    30 0.552589 1.343534 -1.604463 -0.303702 0.092374 -0.484240
    31 0.000000 -2.021618 -0.000004 0.186809 0.000000 0.000000
    32 -0.000021 2.021633 0.000027 0.072127 0.000000 0.000000
    33 -0.000004 -1.136217 -0.000004 -0.210111 0.000000 0.000000
    34 -0.000011 1.136200 -0.000019 1.162285 0.000000 0.000000
    35 -0.032677 -4.587727 1.352317 2.844703 1.216154 2.484990
    36 0.032719 4.587772 -1.352291 3.305682 1.403134 2.417799
    37 0.000000 -1.754536 -0.000002 0.662896 0.000000 0.000000
    38 -0.000006 1.754520 -0.000034 0.602847 0.000000 0.000000
    39 0.000000 -1.227020 -0.000002 0.092660 0.000000 0.000000
    40 0.000002 1.227070 0.000032 2.031131 0.000000 0.000000
    41 -0.367996 -4.208406 0.173244 2.943027 1.091688 2.536231
    42 0.368011 4.208412 -0.173239 3.638008 1.113777 2.453336
    43 0.000000 -2.372318 -0.000004 0.722081 0.000000 0.000000
    44 -0.000006 2.372318 -0.000032 1.180801 0.000000 0.000000
    45 0.000004 -1.580070 -0.000001 0.034255 0.000000 0.000000
    46 -0.000002 1.580170 0.000030 1.804447 0.000000 0.000000
    47 -0.937645 -3.860697 -0.959317 3.044205 1.001841 2.581100
    48 0.937672 3.860714 0.959333 3.475734 0.788186 2.106753
    49 0.000000 -1.690632 0.000000 0.491549 0.000000 0.000000
    50 -0.000013 1.690666 0.000021 1.040818 0.000000 0.000000
    51 -0.000002 -1.423443 0.000002 0.234212 0.000000 0.000000
    52 0.000008 1.423420 0.000028 1.507460 0.000000 0.000000
    53 -1.546646 -3.404194 -1.915569 3.024293 0.944156 2.514436
    54 1.546661 3.404217 1.915585 3.814331 0.512993 1.909537
    55 0.000004 -1.437820 0.000000 0.424958 0.000000 0.000000
    56 -0.000021 1.437870 0.000031 0.599117 0.000000 0.000000
    57 -0.000002 -1.059402 0.000000 0.322075 0.000000 0.000000
    58 0.000006 1.059372 0.000008 1.536914 0.000000 0.000000
    59 -0.000004 -13.013485 -0.000004 0.010936 -0.284123 -0.076426
    60 0.161011 -10.812500 0.023087 0.010936 -0.284123 -0.076426
  time 20
    0 0.000000 0.826660 0.000001 -1.559900 -0.000006 -0.000006
    1 -7.059201 7.545358 -8.025539 -1.053572 0.095442 0.673709
    2 0.000000 14.313023 0.000003 -1.704024 0.000000 0.000000
    3 -0.000011 13.013483 -0.000005 0.150490 1.097719 0.165256
    4 -7.156250 28.656250 24.765625 2.947657 0.312156 -0.581899
    5 0.000000 -14.313034 0.000000 -0.487806 0.000000 0.000000
    6 -0.000004 -13.013485 -0.000004 0.000000 0.000000 0.000000
    7 -1.330879 -2.698427 0.462449 -0.194886 -0.547260 3.056712
    8 1.330910 2.698444 -0.462436 0.194890 0.547268 -0.084879
    9 0.796754 4.750958 -2.152168 1.891227 0.504624 -0.464320
    10 3.556210 4.238403 0.987502 -1.090396 0.577049 -0.321829
    11 4.139183 5.092691 1.421975 -1.090396 0.577049 -0.321829
    12 4.777527 6.028128 1.897721 -1.090396 0.577049 -0.321829
    13 5.490345 7.072691 2.428969 -1.090396 0.577049 -0.321829
    14 6.562500 8.648438 3.232422 -1.090396 0.577049 -0.321829
    15 7.558525 6.997282 -2.354134 -1.937336 -0.275393 3.010581
    16 7.558525 6.997282 -2.354134 1.937336 0.275393 -0.131011
    17 -2.867767 -2.740969 0.531125 2.051196 0.577049 -0.321829
    18 0.695064 5.619089 -3.087455 -1.052349 -0.980553 -1.066098
    19 2.336649 2.604360 2.015604 1.043633 0.279449 -2.194244
    20 1.943030 2.064078 1.825061 -0.476482 0.995567 2.125748
    21 -0.043702 5.386310 -4.086101 -1.033490 -0.335219 0.912673
    22 6.946648 6.587124 1.429667 -1.090396 0.577049 -0.321829
    23 7.537933 7.453606 1.870349 -1.090396 0.577049 -0.321829
    24 8.154472 8.357077 2.329839 -1.090396 0.577049 -0.321829
    25 8.874294 9.411907 2.866308 -1.090396 0.577049 -0.321829
    26 -4.125858 -2.321501 1.394414 2.051196 0.577049 -0.321829
    27 -4.826813 -3.348669 0.872014 2.051196 0.577049 -0.321829
    28 -5.441669 -4.249685 0.413772 2.051196 0.577049 -0.321829
    29 -0.552532 -1.343527 1.604446 -0.415180 0.312114 -0.422073
    30 0.552589 1.343534 -1.604463 -0.303702 0.092374 -0.484240
    31 0.000000 -2.021618 -0.000004 0.186809 0.000000 0.000000
    32 -0.000021 2.021633 0.000027 0.072127 0.000000 0.000000
    33 -0.000004 -1.136217 -0.000004 -0.210111 0.000000 0.000000
    34 -0.000011 1.136200 -0.000019 1.162285 0.000000 0.000000
    35 -0.032677 -4.587727 1.352317 2.844703 1.216154 2.484990
    36 0.032719 4.587772 -1.352291 3.305682 1.403134 2.417799
    37 0.000000 -1.754536 -0.000002 0.662896 0.000000 0.000000
    38 -0.000006 1.754520 -0.000034 0.602847 0.000000 0.000000
    39 0.000000 -1.227020 -0.000002 0.092660 0.000000 0.000000
    40 0.000002 1.227070 0.000032 2.031131 0.000000 0.000000
    41 -0.367996 -4.208406 0.173244 2.943027 1.091688 2.536231
    42 0.368011 4.208412 -0.173239 3.638008 1.113777 2.453336
    43 0.000000 -2.372318 -0.000004 0.722081 0.000000 0.000000
    44 -0.000006 2.372318 -0.000032 1.180801 0.000000 0.000000
    45 0.000004 -1.580070 -0.000001 0.034255 0.000000 0.000000
    46 -0.000002 1.580170 0.000030 1.804447 0.000000 0.000000
    47 -0.937645 -3.860697 -0.959317 3.044205 1.001841 2.581100
    48 0.937672 3.860714 0.959333 3.475734 0.788186 2.106753
    49 0.000000 -1.690632 0.000000 0.491549 0.000000 0.000000
    50 -0.000013 1.690666 0.000021 1.040818 0.000000 0.000000
    51 -0.000002 -1.423443 0.000002 0.234212 0.000000 0.000000
    52 0.000008 1.423420 0.000028 1.507460 0.000000 0.000000
    53 -1.546646 -3.404194 -1.915569 3.024293 0.944156 2.514436
    54 1.546661 3.404217 1.915585 3.814331 0.512993 1.909537
    55 0.000004 -1.437820 0.000000 0.424958 0.000000 0.000000
    56 -0.000021 1.437870 0.000031 0.599117 0.000000 0.000000
    57 -0.000002 -1.059402 0.000000 0.322075 0.000000 0.000000
    58 0.000006 1.059372 0.000008 1.536914 0.000000 0.000000
    59 -0.000004 -13.013485 -0.000004 0.010936 -0.284123 -0.076426
    60 0.161011 -10.812500 0.023087 0.010936 -0.284123 -0.076426
  time 21
    0 0.000000 0.826660 0.000001 -1.559900 -0.000006 -0.000006
    1 -7.059201 7.545358 -8.025539 -1.062142 0.103358 0.670119
    2 0.000000 14.313023 0.000003 -1.701519 0.000000 0.000000
    3 -0.000011 13.013483 -0.000005 0.153548 1.115265 0.165831
    4 -7.156250 28.656250 24.765625 2.947657 0.312156 -0.581899
    5 0.000000 -14.313034 0.000000 -0.487806 0.000000 0.000000
    6 -0.000004 -13.013485 -0.000004 0.000000 0.000000 0.000000
    7 -1.330879 -2.698427 0.462449 -0.194886 -0.547260 3.056712
    8 1.330910 2.698444 -0.462436 0.194890 0.547268 -0.084879
    9 0.796754 4.750958 -2.152168 1.891227 0.504624 -0.464320
    10 3.556210 4.238403 0.987502 -1.090396 0.577049 -0.321829
    11 4.139183 5.092691 1.421975 -1.090396 0.577049 -0.321829
    12 4.777527 6.028128 1.897721 -1.090396 0.577049 -0.321829
    13 5.490345 7.072691 2.428969 -1.090396 0.577049 -0.321829
    14 6.562500 8.648438 3.232422 -1.090396 0.577049 -0.321829
    15 7.558525 6.997282 -2.354134 -1.937336 -0.275393 3.010581
    16 7.558525 6.997282 -2.354134 1.937336 0.275393 -0.131011
    17 -2.867767 -2.740969 0.531125 2.051196 0.577049 -0.321829
    18 0.695064 5.619089 -3.087455 -1.052444 -0.980553 -1.066098
    19 2.336649 2.604360 2.015604 1.043633 0.279449 -2.194244
    20 1.943030 2.064078 1.825061 -0.476482 0.995567 2.125748
    21 -0.043702 5.386310 -4.090007 -1.033490 -0.335219 0.912673
    22 6.946648 6.587124 1.429667 -1.090396 0.577049 -0.321829
    23 7.537933 7.453606 1.870349 -1.090396 0.577049 -0.321829
    24 8.154472 8.357077 2.329839 -1.090396 0.577049 -0.321829
    25 8.874294 9.411907 2.866308 -1.090396 0.577049 -0.321829
    26 -4.125858 -2.321501 1.394414 2.051196 0.577049 -0.321829
    27 -4.826813 -3.348669 0.872014 2.051196 0.577049 -0.321829
    28 -5.441669 -4.249685 0.413772 2.051196 0.577049 -0.321829
    29 -0.552532 -1.343527 1.604446 -0.415180 0.312114 -0.422073
    30 0.552589 1.343534 -1.604463 -0.303728 0.092374 -0.484240
    31 0.000000 -2.021618 -0.000004 0.186809 0.000000 0.000000
    32 -0.000021 2.021633 0.000027 0.072127 0.000000 0.000000
    33 -0.000004 -1.136217 -0.000004 -0.210111 0.000000 0.000000
    34 -0.000011 1.136200 -0.000019 1.162285 0.000000 0.000000
    35 -0.032677 -4.587727 1.352317 2.844703 1.216154 2.484990
    36 0.032719 4.587772 -1.352291 3.305682 1.403134 2.417799
    37 0.000000 -1.754536 -0.000002 0.662896 0.000000 0.000000
    38 -0.000006 1.754520 -0.000034 0.602847 0.000000 0.000000
    39 0.000000 -1.227020 -0.000002 0.092660 0.000000 0.000000
    40 0.000002 1.227070 0.000032 2.031131 0.000000 0.000000
    41 -0.367996 -4.208406 0.173244 2.943027 1.091688 2.536231
    42 0.368011 4.208412 -0.173239 3.638008 1.113777 2.453336
    43 0.000000 -2.372318 -0.000004 0.722081 0.000000 0.000000
    44 -0.000006 2.372318 -0.000032 1.180801 0.000000 0.000000
    45 0.000004 -1.580070 -0.000001 0.034255 0.000000 0.000000
    46 -0.000002 1.580170 0.000030 1.804447 0.000000 0.000000
    47 -0.937645 -3.860697 -0.959317 3.044205 1.001841 2.581100
    48 0.937672 3.860714 0.959333 3.475734 0.788186 2.106753
    49 0.000000 -1.690632 0.000000 0.491549 0.000000 0.000000
    50 -0.000013 1.690666 0.000021 1.040818 0.000000 0.000000
    51 -0.000002 -1.423443 0.000002 0.234212 0.000000 0.000000
    52 0.000008 1.423420 0.000028 1.507460 0.000000 0.000000
    53 -1.546646 -3.404194 -1.915569 3.024293 0.944156 2.514436
    54 1.546661 3.404217 1.915585 3.814331 0.512993 1.909537
    55 0.000004 -1.437820 0.000000 0.424958 0.000000 0.000000
    56 -0.000021 1.437870 0.000031 0.599117 0.000000 0.000000
    57 -0.000002 -1.059402 0.000000 0.322075 0.000000 0.000000
    58 0.000006 1.059372 0.000008 1.536914 0.000000 0.000000
    59 -0.000004 -13.013485 -0.000004 0.010936 -0.284123 -0.076426
    60 0.161011 -10.812500 0.023087 0.010936 -0.284123 -0.076426
  time 22
    0 0.000000 0.826660 0.000001 -1.559900 -0.000006 -0.000006
    1 -7.059201 7.545358 -8.025539 -1.060575 0.103024 0.662863
    2 0.000000 14.313023 0.000003 -1.704146 0.000000 0.000000
    3 -0.000011 13.013483 -0.000005 0.146668 1.124510 0.153082
    4 -7.156250 28.656250 24.765625 2.947657 0.312156 -0.581899
    5 0.000000 -14.313034 0.000000 -0.487806 0.000000 0.000000
    6 -0.000004 -13.013485 -0.000004 0.000000 0.000000 0.000000
    7 -1.330879 -2.698427 0.462449 -0.194886 -0.547260 3.056712
    8 1.330910 2.698444 -0.462436 0.194890 0.547268 -0.084879
    9 0.796754 4.750958 -2.152168 1.891227 0.504624 -0.464320
    10 3.556210 4.238403 0.987502 -1.090396 0.577049 -0.321829
    11 4.139183 5.092691 1.421975 -1.090396 0.577049 -0.321829
    12 4.777527 6.028128 1.897721 -1.090396 0.577049 -0.321829
    13 5.490345 7.072691 2.428969 -1.090396 0.577049 -0.321829
    14 6.562500 8.648438 3.232422 -1.090396 0.577049 -0.321829
    15 7.558525 6.997282 -2.354134 -1.937336 -0.275393 3.010581
    16 7.558525 6.997282 -2.354134 1.937336 0.275393 -0.131011
    17 -2.867767 -2.740969 0.531125 2.051196 0.577049 -0.321829
    18 0.695064 5.619089 -3.087455 -1.052444 -0.980553 -1.066098
    19 2.336649 2.608266 2.015604 1.043633 0.279449 -2.194244
    20 1.943030 2.064078 1.825061 -0.476482 0.995567 2.125748
    21 -0.043702 5.390216 -4.086101 -1.033490 -0.335219 0.912673
    22 6.946648 6.587124 1.429667 -1.090396 0.577049 -0.321829
    23 7.537933 7.453606 1.870349 -1.090396 0.577049 -0.321829
    24 8.154472 8.357077 2.329839 -1.090396 0.577049 -0.321829
    25 8.874294 9.411907 2.866308 -1.090396 0.577049 -0.321829
    26 -4.125858 -2.321501 1.394414 2.051196 0.577049 -0.321829
    27 -4.826813 -3.348669 0.872014 2.051196 0.577049 -0.321829
    28 -5.441669 -4.249685 0.413772 2.051196 0.577049 -0.321829
    29 -0.552532 -1.343527 1.604446 -0.415180 0.312114 -0.422073
    30 0.552589 1.343534 -1.604463 -0.303728 0.092374 -0.484240
    31 0.000000 -2.021618 -0.000004 0.186809 0.000000 0.000000
    32 -0.000021 2.021633 0.000027 0.072127 0.000000 0.000000
    33 -0.000004 -1.136217 -0.000004 -0.210111 0.000000 0.000000
    34 -0.000011 1.136200 -0.000019 1.162285 0.000000 0.000000
    35 -0.032677 -4.587727 1.352317 2.844703 1.216154 2.484990
    36 0.032719 4.587772 -1.352291 3.305682 1.403134 2.417799
    37 0.000000 -1.754536 -0.000002 0.662896 0.000000 0.000000
    38 -0.000006 1.754520 -0.000034 0.602847 0.000000 0.000000
    39 0.000000 -1.227020 -0.000002 0.092660 0.000000 0.000000
    40 0.000002 1.227070 0.000032 2.031131 0.000000 0.000000
    41 -0.367996 -4.208406 0.173244 2.943027 1.091688 2.536231
    42 0.368011 4.208412 -0.173239 3.638008 1.113777 2.453336
    43 0.000000 -2.372318 -0.000004 0.722081 0.000000 0.000000
    44 -0.000006 2.372318 -0.000032 1.180801 0.000000 0.000000
    45 0.000004 -1.580070 -0.000001 0.034255 0.000000 0.000000
    46 -0.000002 1.580170 0.000030 1.804447 0.000000 0.000000
    47 -0.937645 -3.860697 -0.959317 3.044205 1.001841 2.581100
    48 0.937672 3.860714 0.959333 3.475734 0.788186 2.106753
    49 0.000000 -1.690632 0.000000 0.491549 0.000000 0.000000
    50 -0.000013 1.690666 0.000021 1.040818 0.000000 0.000000
    51 -0.000002 -1.423443 0.000002 0.234212 0.000000 0.000000
    52 0.000008 1.423420 0.000028 1.507460 0.000000 0.000000
    53 -1.546646 -3.404194 -1.915569 3.024293 0.944156 2.514436
    54 1.546661 3.404217 1.915585 3.814331 0.512993 1.909537
    55 0.000004 -1.437820 0.000000 0.424958 0.000000 0.000000
    56 -0.000021 1.437870 0.000031 0.599117 0.000000 0.000000
    57 -0.000002 -1.059402 0.000000 0.322075 0.000000 0.000000
    58 0.000006 1.059372 0.000008 1.536914 0.000000 0.000000
    59 -0.000004 -13.013485 -0.000004 0.010936 -0.284123 -0.076426
    60 0.161011 -10.812500 0.023087 0.010936 -0.284123 -0.076426
  time 23
    0 0.000000 0.826660 0.000001 -1.559900 -0.000006 -0.000006
    1 -7.059201 7.545358 -8.025539 -1.057995 0.101880 0.655454
    2 0.000000 14.313023 0.000003 -1.707385 0.000000 0.000000
    3 -0.000011 13.013483 -0.000005 0.134247 1.132670 0.139087
    4 -7.156250 28.656250 24.765625 2.947657 0.312156 -0.581899
    5 0.000000 -14.313034 0.000000 -0.487806 0.000000 0.000000
    6 -0.000004 -13.013485 -0.000004 0.000000 0.000000 0.000000
    7 -1.330879 -2.698427 0.462449 -0.194886 -0.547260 3.056712
    8 1.330910 2.698444 -0.462436 0.194890 0.547268 -0.084879
    9 0.796754 4.750958 -2.152168 1.891227 0.504624 -0.464320
    10 3.556210 4.238403 0.987502 -1.090396 0.577049 -0.321829
    11 4.139183 5.092691 1.421975 -1.090396 0.577049 -0.321829
    12 4.777527 6.028128 1.897721 -1.090396 0.577049 -0.321829
    13 5.490345 7.072691 2.428969 -1.090396 0.577049 -0.321829
    14 6.562500 8.648438 3.232422 -1.090396 0.577049 -0.321829
    15 7.558525 6.997282 -2.354134 -1.937336 -0.275393 3.010581
    16 7.558525 6.997282 -2.354134 1.937336 0.275393 -0.131011
    17 -2.867767 -2.740969 0.531125 2.051196 0.577049 -0.321829
    18 0.695064 5.619089 -3.087455 -1.052444 -0.980553 -1.066098
    19 2.336649 2.608266 2.015604 1.043633 0.279449 -2.194340
    20 1.943030 2.060172 1.825061 -0.476482 0.995567 2.125748
    21 -0.043702 5.386310 -4.090007 -1.033490 -0.335219 0.912577
    22 6.946648 6.587124 1.429667 -1.090396 0.577049 -0.321829
    23 7.537933 7.453606 1.870349 -1.090396 0.577049 -0.321829
    24 8.154472 8.357077 2.329839 -1.090396 0.577049 -0.321829
    25 8.874294 9.411907 2.866308 -1.090396 0.577049 -0.321829
    26 -4.125858 -2.321501 1.394414 2.051196 0.577049 -0.321829
    27 -4.826813 -3.348669 0.872014 2.051196 0.577049 -0.321829
    28 -5.441669 -4.249685 0.413772 2.051196 0.577049 -0.321829
    29 -0.552532 -1.343527 1.604446 -0.415180 0.312114 -0.422073
    30 0.552589 1.343534 -1.604463 -0.303702 0.092374 -0.484240
    31 0.000000 -2.021618 -0.000004 0.186809 0.000000 0.000000
    32 -0.000021 2.021633 0.000027 0.072127 0.000000 0.000000
    33 -0.000004 -1.136217 -0.000004 -0.210111 0.000000 0.000000
    34 -0.000011 1.136200 -0.000019 1.162285 0.000000 0.000000
    35 -0.032677 -4.587727 1.352317 2.844703 1.216154 2.484990
    36 0.032719 4.587772 -1.352291 3.305682 1.403134 2.417799
    37 0.000000 -1.754536 -0.000002 0.662896 0.000000 0.000000
    38 -0.000006 1.754520 -0.000034 0.602892 0.000000 0.000000
    39 0.000000 -1.227020 -0.000002 0.092660 0.000000 0.000000
    40 0.000002 1.227070 0.000032 2.031131 0.000000 0.000000
    41 -0.367996 -4.208406 0.173244 2.943027 1.091688 2.536231
    42 0.368011 4.208412 -0.173239 3.638008 1.113777 2.453336
    43 0.000000 -2.372318 -0.000004 0.722081 0.000000 0.000000
    44 -0.000006 2.372318 -0.000032 1.180801 0.000000 0.000000
    45 0.000004 -1.580070 -0.000001 0.034255 0.000000 0.000000
    46 -0.000002 1.580170 0.000030 1.804447 0.000000 0.000000
    47 -0.937645 -3.860697 -0.959317 3.044205 1.001841 2.581100
    48 0.937672 3.860714 0.959333 3.475734 0.788186 2.106753
    49 0.000000 -1.690632 0.000000 0.491549 0.000000 0.000000
    50 -0.000013 1.690666 0.000021 1.040818 0.000000 0.000000
    51 -0.000002 -1.423443 0.000002 0.234212 0.000000 0.000000
    52 0.000008 1.423420 0.000028 1.507460 0.000000 0.000000
    53 -1.546646 -3.404194 -1.915569 3.024293 0.944156 2.514436
    54 1.546661 3.404217 1.915585 3.814331 0.512993 1.909537
    55 0.000004 -1.437820 0.000000 0.424958 0.000000 0.000000
    56 -0.000021 1.437870 0.000031 0.599117 0.000000 0.000000
    57 -0.000002 -1.059402 0.000000 0.322075 0.000000 0.000000
    58 0.000006 1.059372 0.000008 1.536914 0.000000 0.000000
    59 -0.000004 -13.013485 -0.000004 0.010936 -0.284123 -0.076426
    60 0.161011 -10.812500 0.023087 0.010936 -0.284123 -0.076426
  time 24
    0 0.000000 0.826660 0.000001 -1.559900 -0.000006 -0.000006
    1 -7.059201 7.545358 -8.025539 -1.062418 0.106362 0.650718
    2 0.000000 14.313023 0.000003 -1.706896 0.000000 0.000000
    3 -0.000011 13.013483 -0.000005 0.136062 1.145924 0.135444
    4 -7.156250 28.656250 24.765625 2.947657 0.312156 -0.581899
    5 0.000000 -14.313034 0.000000 -0.487806 0.000000 0.000000
    6 -0.000004 -13.013485 -0.000004 0.000000 0.000000 0.000000
    7 -1.330879 -2.698427 0.462449 -0.194886 -0.547260 3.056712
    8 1.330910 2.698444 -0.462436 0.194890 0.547268 -0.084879
    9 0.796754 4.750958 -2.152168 1.891227 0.504624 -0.464320
    10 3.556210 4.238403 0.987502 -1.090396 0.577049 -0.321829
    11 4.139183 5.092691 1.421975 -1.090396 0.577049 -0.321829
    12 4.777527 6.028128 1.897721 -1.090396 0.577049 -0.321829
    13 5.490345 7.072691 2.428969 -1.090396 0.577049 -0.321829
    14 6.562500 8.648438 3.232422 -1.090396 0.577049 -0.321829
    15 7.558525 6.997282 -2.354134 -1.937336 -0.275393 3.010581
    16 7.558525 6.997282 -2.354134 1.937336 0.275393 -0.131011
    17 -2.867767 -2.740969 0.531125 2.051196 0.577049 -0.321829
    18 0.695064 5.619089 -3.087455 -1.052444 -0.980553 -1.066098
    19 2.336649 2.608266 2.015604 1.043633 0.279449 -2.194244
    20 1.943030 2.064078 1.825061 -0.476482 0.995567 2.125748
    21 -0.043702 5.390216 -4.086101 -1.033490 -0.335219 0.912673
    22 6.946648 6.587124 1.429667 -1.090396 0.577049 -0.321829
    23 7.537933 7.453606 1.870349 -1.090396 0.577049 -0.321829
    24 8.154472 8.357077 2.329839 -1.090396 0.577049 -0.321829
    25 8.874294 9.411907 2.866308 -1.090396 0.577049 -0.321829
    26 -4.125858 -2.321501 1.394414 2.051196 0.577049 -0.321829
    27 -4.826813 -3.348669 0.872014 2.051196 0.577049 -0.321829
    28 -5.441669 -4.249685 0.413772 2.051196 0.577049 -0.321829
    29 -0.552532 -1.343527 1.604446 -0.415180 0.312114 -0.422073
    30 0.552589 1.343534 -1.604463 -0.303728 0.092374 -0.484240
    31 0.000000 -2.021618 -0.000004 0.186809 0.000000 0.000000
    32 -0.000021 2.021633 0.000027 0.072127 0.000000 0.000000
    33 -0.000004 -1.136217 -0.000004 -0.210111 0.000000 0.000000
    34 -0.000011 1.136200 -0.000019 1.162285 0.000000 0.000000
    35 -0.032677 -4.587727 1.352317 2.844703 1.216154 2.484990
    36 0.032719 4.587772 -1.352291 3.305682 1.403134 2.417799
    37 0.000000 -1.754536 -0.000002 0.662896 0.000000 0.000000
    38 -0.000006 1.754520 -0.000034 0.602847 0.000000 0.000000
    39 0.000000 -1.227020 -0.000002 0.092660 0.000000 0.000000
    40 0.000002 1.227070 0.000032 2.031131 0.000000 0.000000
    41 -0.367996 -4.208406 0.173244 2.943027 1.091688 2.536231
    42 0.368011 4.208412 -0.173239 3.638008 1.113777 2.453336
    43 0.000000 -2.372318 -0.000004 0.722081 0.000000 0.000000
    44 -0.000006 2.372318 -0.000032 1.180801 0.000000 0.000000
    45 0.000004 -1.580070 -0.000001 0.034255 0.000000 0.000000
    46 -0.000002 1.580170 0.000030 1.804447 0.000000 0.000000
    47 -0.937645 -3.860697 -0.959317 3.044205 1.001841 2.581100
    48 0.937672 3.860714 0.959333 3.475734 0.788186 2.106753
    49 0.000000 -1.690632 0.000000 0.491549 0.000000 0.000000
    50 -0.000013 1.690666 0.000021 1.040818 0.000000 0.000000
    51 -0.000002 -1.423443 0.000002 0.234212 0.000000 0.000000
    52 0.000008 1.423420 0.000028 1.507460 0.000000 0.000000
    53 -1.546646 -3.404194 -1.915569 3.024293 0.944156 2.514436
    54 1.546661 3.404217 1.915585 3.814331 0.512993 1.909537
    55 0.000004 -1.437820 0.000000 0.424958 0.000000 0.000000
    56 -0.000021 1.437870 0.000031 0.599117 0.000000 0.000000
    57 -0.000002 -1.059402 0.000000 0.322075 0.000000 0.000000
    58 0.000006 1.059372 0.000008 1.536914 0.000000 0.000000
    59 -0.000004 -13.013485 -0.000004 0.010936 -0.284123 -0.076426
    60 0.161011 -10.812500 0.023087 0.010936 -0.284123 -0.076426
  time 25
    0 0.000000 0.826660 0.000001 -1.559900 -0.000006 -0.000006
    1 -7.059201 7.545358 -8.025539 -1.067578 0.111370 0.646441
    2 0.000000 14.313023 0.000003 -1.705918 0.000000 0.000000
    3 -0.000011 13.013483 -0.000005 0.136444 1.159319 0.133431
    4 -7.156250 28.656250 24.765625 2.947657 0.312156 -0.581899
    5 0.000000 -14.313034 0.000000 -0.487806 0.000000 0.000000
    6 -0.000004 -13.013485 -0.000004 0.000000 0.000000 0.000000
    7 -1.330879 -2.698427 0.462449 -0.194886 -0.547260 3.056712
    8 1.330910 2.698444 -0.462436 0.194890 0.547268 -0.084879
    9 0.796754 4.750958 -2.152168 1.891227 0.504624 -0.464320
    10 3.556210 4.238403 0.987502 -1.090396 0.577049 -0.321829
    11 4.139183 5.092691 1.421975 -1.090396 0.577049 -0.321829
    12 4.777527 6.028128 1.897721 -1.090396 0.577049 -0.321829
    13 5.490345 7.072691 2.428969 -1.090396 0.577049 -0.321829
    14 6.562500 8.648438 3.232422 -1.090396 0.577049 -0.321829
    15 7.558525 6.997282 -2.354134 -1.937336 -0.275393 3.010581
    16 7.558525 6.997282 -2.354134 1.937336 0.275393 -0.131011
    17 -2.867767 -2.740969 0.531125 2.051196 0.577049 -0.321829
    18 0.695064 5.619089 -3.087455 -1.052444 -0.980553 -1.066098
    19 2.336649 2.608266 2.015604 1.043633 0.279449 -2.194244
    20 1.943030 2.064078 1.825061 -0.476482 0.995567 2.125748
    21 -0.043702 5.386310 -4.086101 -1.033490 -0.335219 0.912577
    22 6.946648 6.587124 1.429667 -1.090396 0.577049 -0.321829
    23 7.537933 7.453606 1.870349 -1.090396 0.577049 -0.321829
    24 8.154472 8.357077 2.329839 -1.090396 0.577049 -0.321829
    25 8.874294 9.411907 2.866308 -1.090396 0.577049 -0.321829
    26 -4.125858 -2.321501 1.394414 2.051196 0.577049 -0.321829
    27 -4.826813 -3.348669 0.872014 2.051196 0.577049 -0.321829
    28 -5.441669 -4.249685 0.413772 2.051196 0.577049 -0.321829
    29 -0.552532 -1.343527 1.604446 -0.415180 0.312114 -0.422073
    30 0.552589 1.343534 -1.604463 -0.303728 0.092374 -0.484240
    31 0.000000 -2.021618 -0.000004 0.186809 0.000000 0.000000
    32 -0.000021 2.021633 0.000027 0.072127 0.000000 0.000000
    33 -0.000004 -1.136217 -0.000004 -0.210111 0.000000 0.000000
    34 -0.000011 1.136200 -0.000019 1.162285 0.000000 0.000000
    35 -0.032677 -4.587727 1.352317 2.844703 1.216154 2.484990
    36 0.032719 4.587772 -1.352291 3.305682 1.403134 2.417799
    37 0.000000 -1.754536 -0.000002 0.662896 0.000000 0.000000
    38 -0.000006 1.754520 -0.000034 0.602892 0.000000 0.000000
    39 0.000000 -1.227020 -0.000002 0.092660 0.000000 0.000000
    40 0.000002 1.227070 0.000032 2.031131 0.000000 0.000000
    41 -0.367996 -4.208406 0.173244 2.943027 1.091688 2.536231
    42 0.368011 4.208412 -0.173239 3.638008 1.113777 2.453336
    43 0.000000 -2.372318 -0.000004 0.722081 0.000000 0.000000
    44 -0.000006 2.372318 -0.000032 1.180801 0.000000 0.000000
    45 0.000004 -1.580070 -0.000001 0.034255 0.000000 0.000000
    46 -0.000002 1.580170 0.000030 1.804447 0.000000 0.000000
    47 -0.937645 -3.860697 -0.959317 3.044205 1.001841 2.581100
    48 0.937672 3.860714 0.959333 3.475734 0.788186 2.106753
    49 0.000000 -1.690632 0.000000 0.491549 0.000000 0.000000
    50 -0.000013 1.690666 0.000021 1.040818 0.000000 0.000000
    51 -0.000002 -1.423443 0.000002 0.234212 0.000000 0.000000
    52 0.000008 1.423420 0.000028 1.507460 0.000000 0.000000
    53 -1.546646 -3.404194 -1.915569 3.024293 0.944156 2.514436
    54 1.546661 3.404217 1.915585 3.814331 0.512993 1.909537
    55 0.000004 -1.437820 0.000000 0.424958 0.000000 0.000000
    56 -0.000021 1.437870 0.000031 0.599117 0.000000 0.000000
    57 -0.000002 -1.059402 0.000000 0.322075 0.000000 0.000000
    58 0.000006 1.059372 0.000008 1.536914 0.000000 0.000000
    59 -0.000004 -13.013485 -0.000004 0.010936 -0.284123 -0.076426
    60 0.161011 -10.812500 0.023087 0.010936 -0.284123 -0.076426
  time 26
    0 0.000000 0.826660 0.000001 -1.559900 -0.000006 -0.000006
    1 -7.059201 7.545358 -8.025539 -1.068131 0.112705 0.640636
    2 0.000000 14.313023 0.000003 -1.707507 0.000000 0.000000
    3 -0.000011 13.013483 -0.000005 0.132431 1.168564 0.125284
    4 -7.156250 28.656250 24.765625 2.947657 0.312156 -0.581899
    5 0.000000 -14.313034 0.000000 -0.487806 0.000000 0.000000
    6 -0.000004 -13.013485 -0.000004 0.000000 0.000000 0.000000
    7 -1.330879 -2.698427 0.462449 -0.194886 -0.547260 3.056712
    8 1.330910 2.698444 -0.462436 0.194890 0.547268 -0.084879
    9 0.796754 4.750958 -2.152168 1.891227 0.504624 -0.464320
    10 3.556210 4.238403 0.987502 -1.090396 0.577049 -0.321829
    11 4.139183 5.092691 1.421975 -1.090396 0.577049 -0.321829
    12 4.777527 6.028128 1.897721 -1.090396 0.577049 -0.321829
    13 5.490345 7.072691 2.428969 -1.090396 0.577049 -0.321829
    14 6.562500 8.648438 3.232422 -1.090396 0.577049 -0.321829
    15 7.558525 6.997282 -2.354134 -1.937336 -0.275393 3.010581
    16 7.558525 6.997282 -2.354134 1.937336 0.275393 -0.131011
    17 -2.867767 -2.740969 0.531125 2.051196 0.577049 -0.321829
    18 0.695064 5.619089 -3.087455 -1.052444 -0.980553 -1.066098
    19 2.336649 2.608266 2.015604 1.043633 0.279449 -2.194244
    20 1.943030 2.064078 1.825061 -0.476482 0.995567 2.125748
    21 -0.043702 5.390216 -4.090007 -1.033490 -0.335219 0.912577
    22 6.946648 6.587124 1.429667 -1.090396 0.577049 -0.321829
    23 7.537933 7.453606 1.870349 -1.090396 0.577049 -0.321829
    24 8.154472 8.357077 2.329839 -1.090396 0.577049 -0.321829
    25 8.874294 9.411907 2.866308 -1.090396 0.577049 -0.321829
    26 -4.125858 -2.321501 1.394414 2.051196 0.577049 -0.321829
    27 -4.826813 -3.348669 0.872014 2.051196 0.577049 -0.321829
    28 -5.441669 -4.249685 0.413772 2.051196 0.577049 -0.321829
    29 -0.552532 -1.343527 1.604446 -0.415180 0.312114 -0.422073
    30 0.552589 1.343534 -1.604463 -0.303728 0.092374 -0.484240
    31 0.000000 -2.021618 -0.000004 0.186809 0.000000 0.000000
    32 -0.000021 2.021633 0.000027 0.072127 0.000000 0.000000
    33 -0.000004 -1.136217 -0.000004 -0.210111 0.000000 0.000000
    34 -0.000011 1.136200 -0.000019 1.162285 0.000000 0.000000
    35 -0.032677 -4.587727 1.352317 2.844703 1.216154 2.484990
    36 0.032719 4.587772 -1.352291 3.305682 1.403134 2.417799
    37 0.000000 -1.754536 -0.000002 0.662896 0.000000 0.000000
    38 -0.000006 1.754520 -0.000034 0.602892 0.000000 0.000000
    39 0.000000 -1.227020 -0.000002 0.092660 0.000000 0.000000
    40 0.000002 1.227070 0.000032 2.031131 0.000000 0.000000
    41 -0.367996 -4.208406 0.173244 2.943027 1.091688 2.536231
    42 0.368011 4.208412 -0.173239 3.638008 1.113777 2.453336
    43 0.000000 -2.372318 -0.000004 0.722081 0.000000 0.000000
    44 -0.000006 2.372318 -0.000032 1.180801 0.000000 0.000000
    45 0.000004 -1.580070 -0.000001 0.034255 0.000000 0.000000
    46 -0.000002 1.580170 0.000030 1.804447 0.000000 0.000000
    47 -0.937645 -3.860697 -0.959317 3.044205 1.001841 2.581100
    48 0.937672 3.860714 0.959333 3.475734 0.788186 2.106753
    49 0.000000 -1.690632 0.000000 0.491549 0.000000 0.000000
    50 -0.000013 1.690666 0.000021 1.040818 0.000000 0.000000
    51 -0.000002 -1.423443 0.000002 0.234212 0.000000 0.000000
    52 0.000008 1.423420 0.000028 1.507460 0.000000 0.000000
    53 -1.546646 -3.404194 -1.915569 3.024293 0.944156 2.514436
    54 1.546661 3.404217 1.915585 3.814331 0.512993 1.909537
    55 0.000004 -1.437820 0.000000 0.424958 0.000000 0.000000
    56 -0.000021 1.437870 0.000031 0.599117 0.000000 0.000000
    57 -0.000002 -1.059402 0.000000 0.322075 0.000000 0.000000
    58 0.000006 1.059372 0.000008 1.536914 0.000000 0.000000
    59 -0.000004 -13.013485 -0.000004 0.010936 -0.284123 -0.076426
    60 0.161011 -10.812500 0.023087 0.010936 -0.284123 -0.076426
  time 27
    0 0.000000 0.826660 0.000001 -1.559900 -0.000006 -0.000006
    1 -7.059201 7.545358 -8.025539 -1.068684 0.114088 0.635137
    2 0.000000 14.313023 0.000003 -1.709156 0.000000 0.000000
    3 -0.000011 13.013483 -0.000005 0.126603 1.177148 0.117615
    4 -7.156250 28.656250 24.765625 2.947657 0.312156 -0.581899
    5 0.000000 -14.313034 0.000000 -0.487806 0.000000 0.000000
    6 -0.000004 -13.013485 -0.000004 0.000000 0.000000 0.000000
    7 -1.330879 -2.698427 0.462449 -0.194886 -0.547260 3.056712
    8 1.330910 2.698444 -0.462436 0.194890 0.547268 -0.084879
    9 0.796754 4.750958 -2.152168 1.891227 0.504624 -0.464320
    10 3.556210 4.238403 0.987502 -1.090396 0.577049 -0.321829
    11 4.139183 5.092691 1.421975 -1.090396 0.577049 -0.321829
    12 4.777527 6.028128 1.897721 -1.090396 0.577049 -0.321829
    13 5.490345 7.072691 2.428969 -1.090396 0.577049 -0.321829
    14 6.562500 8.648438 3.232422 -1.090396 0.577049 -0.321829
    15 7.558525 6.997282 -2.354134 -1.937336 -0.275393 3.010581
    16 7.558525 6.997282 -2.354134 1.937336 0.275393 -0.131011
    17 -2.867767 -2.740969 0.531125 2.051196 0.577049 -0.321829
    18 0.695064 5.619089 -3.087455 -1.052444 -0.980553 -1.066098
    19 2.336649 2.604360 2.015604 1.043633 0.279449 -2.194244
    20 1.943030 2.064078 1.825061 -0.476482 0.995567 2.125748
    21 -0.043702 5.390216 -4.086101 -1.033490 -0.335219 0.912673
    22 6.946648 6.587124 1.429667 -1.090396 0.577049 -0.321829
    23 7.537933 7.453606 1.870349 -1.090396 0.577049 -0.321829
    24 8.154472 8.357077 2.329839 -1.090396 0.577049 -0.321829
    25 8.874294 9.411907 2.866308 -1.090396 0.577049 -0.321829
    26 -4.125858 -2.321501 1.394414 2.051196 0.577049 -0.321829
    27 -4.826813 -3.348669 0.872014 2.051196 0.577049 -0.321829
    28 -5.441669 -4.249685 0.413772 2.051196 0.577049 -0.321829
    29 -0.552532 -1.343527 1.604446 -0.415180 0.312114 -0.422073
    30 0.552589 1.343534 -1.604463 -0.303728 0.092374 -0.484240
    31 0.000000 -2.021618 -0.000004 0.186809 0.000000 0.000000
    32 -0.000021 2.021633 0.000027 0.072127 0.000000 0.000000
    33 -0.000004 -1.136217 -0.000004 -0.210111 0.000000 0.000000
    34 -0.000011 1.136200 -0.000019 1.162285 0.000000 0.000000
    35 -0.032677 -4.587727 1.352317 2.844703 1.216154 2.484990
    36 0.032719 4.587772 -1.352291 3.305682 1.403134 2.417799
    37 0.000000 -1.754536 -0.000002 0.662896 0.000000 0.000000
    38 -0.000006 1.754520 -0.000034 0.602892 0.000000 0.000000
    39 0.000000 -1.227020 -0.000002 0.092660 0.000000 0.000000
    40 0.000002 1.227070 0.000032 2.031197 0.000000 0.000000
    41 -0.367996 -4.208406 0.173244 2.943027 1.091688 2.536231
    42 0.368011 4.208412 -0.173239 3.638008 1.113777 2.453336
    43 0.000000 -2.372318 -0.000004 0.722081 0.000000 0.000000
    44 -0.000006 2.372318 -0.000032 1.180801 0.000000 0.000000
    45 0.000004 -1.580070 -0.000001 0.034255 0.000000 0.000000
    46 -0.000002 1.580170 0.000030 1.804447 0.000000 0.000000
    47 -0.937645 -3.860697 -0.959317 3.044205 1.001841 2.581100
    48 0.937672 3.860714 0.959333 3.475734 0.788186 2.106753
    49 0.000000 -1.690632 0.000000 0.491549 0.000000 0.000000
    50 -0.000013 1.690666 0.000021 1.040818 0.000000 0.000000
    51 -0.000002 -1.423443 0.000002 0.234212 0.000000 0.000000
    52 0.000008 1.423420 0.000028 1.507460 0.000000 0.000000
    53 -1.546646 -3.404194 -1.915569 3.024293 0.944156 2.514436
    54 1.546661 3.404217 1.915585 3.814331 0.512993 1.909537
    55 0.000004 -1.437820 0.000000 0.424958 0.000000 0.000000
    56 -0.000021 1.437870 0.000031 0.599117 0.000000 0.000000
    57 -0.000002 -1.059402 0.000000 0.322075 0.000000 0.000000
    58 0.000006 1.059372 0.000008 1.536914 0.000000 0.000000
    59 -0.000004 -13.013485 -0.000004 0.010936 -0.284123 -0.076426
    60 0.161011 -10.812500 0.023087 0.010936 -0.284123 -0.076426
  time 28
    0 0.000000 0.826660 0.000001 -1.559900 -0.000006 -0.000006
    1 -7.059201 7.545358 -8.025539 -1.073476 0.118809 0.631317
    2 0.000000 14.313023 0.000003 -1.708362 0.000000 0.000000
    3 -0.000011 13.013483 -0.000005 0.129278 1.188563 0.117328
    4 -7.156250 28.656250 24.765625 2.947657 0.312156 -0.581899
    5 0.000000 -14.313034 0.000000 -0.487806 0.000000 0.000000
    6 -0.000004 -13.013485 -0.000004 0.000000 0.000000 0.000000
    7 -1.330879 -2.698427 0.462449 -0.194886 -0.547260 3.056712
    8 1.330910 2.698444 -0.462436 0.194890 0.547268 -0.084879
    9 0.796754 4.750958 -2.152168 1.891227 0.504624 -0.464320
    10 3.556210 4.238403 0.987502 -1.090396 0.577049 -0.321829
    11 4.139183 5.092691 1.421975 -1.090396 0.577049 -0.321829
    12 4.777527 6.028128 1.897721 -1.090396 0.577049 -0.321829
    13 5.490345 7.072691 2.428969 -1.090396 0.577049 -0.321829
    14 6.562500 8.648438 3.232422 -1.090396 0.577049 -0.321829
    15 7.558525 6.997282 -2.354134 -1.937336 -0.275393 3.010581
    16 7.558525 6.997282 -2.354134 1.937336 0.275393 -0.131011
    17 -2.867767 -2.740969 0.531125 2.051196 0.577049 -0.321829
    18 0.695064 5.619089 -3.087455 -1.052444 -0.980553 -1.066098
    19 2.336649 2.604360 2.015604 1.043633 0.279449 -2.194244
    20 1.943030 2.060172 1.825061 -0.476482 0.995514 2.125748
    21 -0.043702 5.390216 -4.090007 -1.033490 -0.335219 0.912577
    22 6.946648 6.587124 1.429667 -1.090396 0.577049 -0.321829
    23 7.537933 7.453606 1.870349 -1.090396 0.577049 -0.321829
    24 8.154472 8.357077 2.329839 -1.090396 0.577049 -0.321829
    25 8.874294 9.411907 2.866308 -1.090396 0.577049 -0.321829
    26 -4.125858 -2.321501 1.394414 2.051196 0.577049 -0.321829
    27 -4.826813 -3.348669 0.872014 2.051196 0.577049 -0.321829
    28 -5.441669 -4.249685 0.413772 2.051196 0.577049 -0.321829
    29 -0.552532 -1.343527 1.604446 -0.415180 0.312114 -0.422073
    30 0.552589 1.343534 -1.604463 -0.303728 0.092374 -0.484240
    31 0.000000 -2.021618 -0.000004 0.186809 0.000000 0.000000
    32 -0.000021 2.021633 0.000027 0.072127 0.000000 0.000000
    33 -0.000004 -1.136217 -0.000004 -0.210111 0.000000 0.000000
    34 -0.000011 1.136200 -0.000019 1.162285 0.000000 0.000000
    35 -0.032677 -4.587727 1.352317 2.844703 1.216154 2.484990
    36 0.032719 4.587772 -1.352291 3.305682 1.403134 2.417799
    37 0.000000 -1.754536 -0.000002 0.662896 0.000000 0.000000
    38 -0.000006 1.754520 -0.000034 0.602892 0.000000 0.000000
    39 0.000000 -1.227020 -0.000002 0.092660 0.000000 0.000000
    40 0.000002 1.227070 0.000032 2.031197 0.000000 0.000000
    41 -0.367996 -4.208406 0.173244 2.943027 1.091688 2.536231
    42 0.368011 4.208412 -0.173239 3.638008 1.113777 2.453336
    43 0.000000 -2.372318 -0.000004 0.722081 0.000000 0.000000
    44 -0.000006 2.372318 -0.000032 1.180801 0.000000 0.000000
    45 0.000004 -1.580070 -0.000001 0.034255 0.000000 0.000000
    46 -0.000002 1.580170 0.000030 1.804447 0.000000 0.000000
    47 -0.937645 -3.860697 -0.959317 3.044205 1.001841 2.581100
    48 0.937672 3.860714 0.959333 3.475734 0.788186 2.106753
    49 0.000000 -1.690632 0.000000 0.491549 0.000000 0.000000
    50 -0.000013 1.690666 0.000021 1.040818 0.000000 0.000000
    51 -0.000002 -1.423443 0.000002 0.234212 0.000000 0.000000
    52 0.000008 1.423420 0.000028 1.507460 0.000000 0.000000
    53 -1.546646 -3.404194 -1.915569 3.024293 0.944156 2.514436
    54 1.546661 3.404217 1.915585 3.814331 0.512993 1.909537
    55 0.000004 -1.437820 0.000000 0.424958 0.000000 0.000000
    56 -0.000021 1.437870 0.000031 0.599117 0.000000 0.000000
    57 -0.000002 -1.059402 0.000000 0.322075 0.000000 0.000000
    58 0.000006 1.059372 0.000008 1.536914 0.000000 0.000000
    59 -0.000004 -13.013485 -0.000004 0.010936 -0.284123 -0.076426
    60 0.161011 -10.812500 0.023087 0.010936 -0.284123 -0.076426
  time 29
    0 0.000000 0.826660 0.000001 -1.559900 -0.000006 -0.000006
    1 -7.059201 7.545358 -8.025539 -1.078175 0.123483 0.627804
    2 0.000000 14.313023 0.000003 -1.707568 0.000000 0.000000
    3 -0.000011 13.013483 -0.000005 0.131476 1.199223 0.117615
    4 -7.156250 28.656250 24.765625 2.947657 0.312156 -0.581899
    5 0.000000 -14.313034 0.000000 -0.487806 0.000000 0.000000
    6 -0.000004 -13.013485 -0.000004 0.000000 0.000000 0.000000
    7 -1.330879 -2.698427 0.462449 -0.194886 -0.547260 3.056712
    8 1.330910 2.698444 -0.462436 0.194890 0.547268 -0.084879
    9 0.796754 4.750958 -2.152168 1.891227 0.504624 -0.464320
    10 3.556210 4.238403 0.987502 -1.090396 0.577049 -0.321829
    11 4.139183 5.092691 1.421975 -1.090396 0.577049 -0.321829
    12 4.777527 6.028128 1.897721 -1.090396 0.577049 -0.321829
    13 5.490345 7.072691 2.428969 -1.090396 0.577049 -0.321829
    14 6.562500 8.648438 3.232422 -1.090396 0.577049 -0.321829
    15 7.558525 6.997282 -2.354134 -1.937336 -0.275393 3.010581
    16 7.558525 6.997282 -2.354134 1.937336 0.275393 -0.131011
    17 -2.867767 -2.740969 0.531125 2.051196 0.577049 -0.321829
    18 0.695064 5.619089 -3.087455 -1.052444 -0.980553 -1.066098
    19 2.336649 2.608266 2.015604 1.043633 0.279449 -2.194244
    20 1.943030 2.060172 1.825061 -0.476482 0.995514 2.125748
    21 -0.043702 5.390216 -4.086101 -1.033490 -0.335219 0.912673
    22 6.946648 6.587124 1.429667 -1.090396 0.577049 -0.321829
    23 7.537933 7.453606 1.870349 -1.090396 0.577049 -0.321829
    24 8.154472 8.357077 2.329839 -1.090396 0.577049 -0.321829
    25 8.874294 9.411907 2.866308 -1.090396 0.577049 -0.321829
    26 -4.125858 -2.321501 1.394414 2.051196 0.577049 -0.321829
    27 -4.826813 -3.348669 0.872014 2.051196 0.577049 -0.321829
    28 -5.441669 -4.249685 0.413772 2.051196 0.577049 -0.321829
    29 -0.552532 -1.343527 1.604446 -0.415180 0.312114 -0.422073
    30 0.552589 1.343534 -1.604463 -0.303728 0.092374 -0.484240
    31 0.000000 -2.021618 -0.000004 0.186809 0.000000 0.000000
    32 -0.000021 2.021633 0.000027 0.072127 0.000000 0.000000
    33 -0.000004 -1.136217 -0.000004 -0.210111 0.000000 0.000000
    34 -0.000011 1.136200 -0.000019 1.162285 0.000000 0.000000
    35 -0.032677 -4.587727 1.352317 2.844703 1.216154 2.484990
    36 0.032719 4.587772 -1.352291 3.305682 1.403134 2.417799
    37 0.000000 -1.754536 -0.000002 0.662896 0.000000 0.000000
    38 -0.000006 1.754520 -0.000034 0.602847 0.000000 0.000000
    39 0.000000 -1.227020 -0.000002 0.092660 0.000000 0.000000
    40 0.000002 1.227070 0.000032 2.031131 0.000000 0.000000
    41 -0.367996 -4.208406 0.173244 2.943027 1.091688 2.536231
    42 0.368011 4.208412 -0.173239 3.638008 1.113777 2.453336
    43 0.000000 -2.372318 -0.000004 0.722081 0.000000 0.000000
    44 -0.000006 2.372318 -0.000032 1.180801 0.000000 0.000000
    45 0.000004 -1.580070 -0.000001 0.034255 0.000000 0.000000
    46 -0.000002 1.580170 0.000030 1.804447 0.000000 0.000000
    47 -0.937645 -3.860697 -0.959317 3.044205 1.001841 2.581100
    48 0.937672 3.860714 0.959333 3.475734 0.788186 2.106753
    49 0.000000 -1.690632 0.000000 0.491549 0.000000 0.000000
    50 -0.000013 1.690666 0.000021 1.040818 0.000000 0.000000
    51 -0.000002 -1.423443 0.000002 0.234212 0.000000 0.000000
    52 0.000008 1.423420 0.000028 1.507460 0.000000 0.000000
    53 -1.546646 -3.404194 -1.915569 3.024293 0.944156 2.514436
    54 1.546661 3.404217 1.915585 3.814331 0.512993 1.909537
    55 0.000004 -1.437820 0.000000 0.424958 0.000000 0.000000
    56 -0.000021 1.437870 0.000031 0.599117 0.000000 0.000000
    57 -0.000002 -1.059402 0.000000 0.322075 0.000000 0.000000
    58 0.000006 1.059372 0.000008 1.536914 0.000000 0.000000
    59 -0.000004 -13.013485 -0.000004 0.010936 -0.284123 -0.076426
    60 0.161011 -10.812500 0.023087 0.010936 -0.284123 -0.076426
  time 30
    0 0.000000 0.826660 0.000001 -1.559900 -0.000006 -0.000006
    1 -7.059201 7.545358 -8.025539 -1.078175 0.124675 0.622916
    2 0.000000 14.313023 0.000003 -1.709462 0.000000 0.000000
    3 -0.000011 13.013483 -0.000005 0.126794 1.205496 0.111576
    4 -7.156250 28.656250 24.765625 2.947657 0.312156 -0.581899
    5 0.000000 -14.313034 0.000000 -0.487806 0.000000 0.000000
    6 -0.000004 -13.013485 -0.000004 0.000000 0.000000 0.000000
    7 -1.330879 -2.698427 0.462449 -0.194886 -0.547260 3.056712
    8 1.330910 2.698444 -0.462436 0.194890 0.547268 -0.084879
    9 0.796754 4.750958 -2.152168 1.891227 0.504624 -0.464320
    10 3.556210 4.238403 0.987502 -1.090396 0.577049 -0.321829
    11 4.139183 5.092691 1.421975 -1.090396 0.577049 -0.321829
    12 4.777527 6.028128 1.897721 -1.090396 0.577049 -0.321829
    13 5.490345 7.072691 2.428969 -1.090396 0.577049 -0.321829
    14 6.562500 8.648438 3.232422 -1.090396 0.577049 -0.321829
    15 7.558525 6.997282 -2.354134 -1.937336 -0.275393 3.010581
    16 7.558525 6.997282 -2.354134 1.937336 0.275393 -0.131011
    17 -2.867767 -2.740969 0.531125 2.051196 0.577049 -0.321829
    18 0.695064 5.619089 -3.087455 -1.052444 -0.980553 -1.066098
    19 2.336649 2.604360 2.015604 1.043633 0.279449 -2.194244
    20 1.943030 2.064078 1.825061 -0.476482 0.995567 2.125748
    21 -0.043702 5.386310 -4.086101 -1.033490 -0.335219 0.912577
    22 6.946648 6.587124 1.429667 -1.090396 0.577049 -0.321829
    23 7.537933 7.453606 1.870349 -1.090396 0.577049 -0.321829
    24 8.154472 8.357077 2.329839 -1.090396 0.577049 -0.321829
    25 8.874294 9.411907 2.866308 -1.090396 0.577049 -0.321829
    26 -4.125858 -2.321501 1.394414 2.051196 0.577049 -0.321829
    27 -4.826813 -3.348669 0.872014 2.051196 0.577049 -0.321829
    28 -5.441669 -4.249685 0.413772 2.051196 0.577049 -0.321829
    29 -0.552532 -1.343527 1.604446 -0.415180 0.312114 -0.422073
    30 0.552589 1.343534 -1.604463 -0.303728 0.092374 -0.484240
    31 0.000000 -2.021618 -0.000004 0.186809 0.000000 0.000000
    32 -0.000021 2.021633 0.000027 0.072127 0.000000 0.000000
    33 -0.000004 -1.136217 -0.000004 -0.210111 0.000000 0.000000
    34 -0.000011 1.136200 -0.000019 1.162285 0.000000 0.000000
    35 -0.032677 -4.587727 1.352317 2.844703 1.216154 2.484990
    36 0.032719 4.587772 -1.352291 3.305682 1.403134 2.417799
    37 0.000000 -1.754536 -0.000002 0.662896 0.000000 0.000000
    38 -0.000006 1.754520 -0.000034 0.602892 0.000000 0.000000
    39 0.000000 -1.227020 -0.000002 0.092660 0.000000 0.000000
    40 0.000002 1.227070 0.000032 2.031131 0.000000 0.000000
    41 -0.367996 -4.208406 0.173244 2.943027 1.091688 2.536231
    42 0.368011 4.208412 -0.173239 3.638008 1.113777 2.453336
    43 0.000000 -2.372318 -0.000004 0.722081 0.000000 0.000000
    44 -0.000006 2.372318 -0.000032 1.180801 0.000000 0.000000
    45 0.000004 -1.580070 -0.000001 0.034255 0.000000 0.000000
    46 -0.000002 1.580170 0.000030 1.804447 0.000000 0.000000
    47 -0.937645 -3.860697 -0.959317 3.044205 1.001841 2.581100
    48 0.937672 3.860714 0.959333 3.475734 0.788186 2.106753
    49 0.000000 -1.690632 0.000000 0.491549 0.000000 0.000000
    50 -0.000013 1.690666 0.000021 1.040818 0.000000 0.000000
    51 -0.000002 -1.423443 0.000002 0.234212 0.000000 0.000000
    52 0.000008 1.423420 0.000028 1.507460 0.000000 0.000000
    53 -1.546646 -3.404194 -1.915569 3.024293 0.944156 2.514436
    54 1.546661 3.404217 1.915585 3.814331 0.512993 1.909537
    55 0.000004 -1.437820 0.000000 0.424958 0.000000 0.000000
    56 -0.000021 1.437870 0.000031 0.599117 0.000000 0.000000
    57 -0.000002 -1.059402 0.000000 0.322075 0.000000 0.000000
    58 0.000006 1.059372 0.000008 1.536914 0.000000 0.000000
    59 -0.000004 -13.013485 -0.000004 0.010936 -0.284123 -0.076426
    60 0.161011 -10.812500 0.023087 0.010936 -0.284123 -0.076426
  time 31
    0 0.000000 0.826660 0.000001 -1.559900 -0.000006 -0.000006
    1 -7.059201 7.545358 -8.025539 -1.078175 0.126010 0.618333
    2 0.000000 14.313023 0.000003 -1.711295 0.000000 0.000000
    3 -0.000011 13.013483 -0.000005 0.123545 1.211109 0.106496
    4 -7.156250 28.656250 24.765625 2.947657 0.312156 -0.581899
    5 0.000000 -14.313034 0.000000 -0.487806 0.000000 0.000000
    6 -0.000004 -13.013485 -0.000004 0.000000 0.000000 0.000000
    7 -1.330879 -2.698427 0.462449 -0.194886 -0.547260 3.056712
    8 1.330910 2.698444 -0.462436 0.194890 0.547268 -0.084879
    9 0.796754 4.750958 -2.152168 1.891227 0.504624 -0.464320
    10 3.556210 4.238403 0.987502 -1.090396 0.577049 -0.321829
    11 4.139183 5.092691 1.421975 -1.090396 0.577049 -0.321829
    12 4.777527 6.028128 1.897721 -1.090396 0.577049 -0.321829
    13 5.490345 7.072691 2.428969 -1.090396 0.577049 -0.321829
    14 6.562500 8.648438 3.232422 -1.090396 0.577049 -0.321829
    15 7.558525 6.997282 -2.354134 -1.937336 -0.275393 3.010581
    16 7.558525 6.997282 -2.354134 1.937336 0.275393 -0.131011
    17 -2.867767 -2.740969 0.531125 2.051196 0.577049 -0.321829
    18 0.695064 5.619089 -3.087455 -1.052444 -0.980553 -1.066098
    19 2.336649 2.604360 2.015604 1.043633 0.279449 -2.194244
    20 1.943030 2.060172 1.825061 -0.476482 0.995514 2.125748
    21 -0.043702 5.386310 -4.090007 -1.033490 -0.335219 0.912577
    22 6.946648 6.587124 1.429667 -1.090396 0.577049 -0.321829
    23 7.537933 7.453606 1.870349 -1.090396 0.577049 -0.321829
    24 8.154472 8.357077 2.329839 -1.090396 0.577049 -0.321829
    25 8.874294 9.411907 2.866308 -1.090396 0.577049 -0.321829
    26 -4.125858 -2.321501 1.394414 2.051196 0.577049 -0.321829
    27 -4.826813 -3.348669 0.872014 2.051196 0.577049 -0.321829
    28 -5.441669 -4.249685 0.413772 2.051196 0.577049 -0.321829
    29 -0.552532 -1.343527 1.604446 -0.415180 0.312114 -0.422073
    30 0.552589 1.343534 -1.604463 -0.303728 0.092374 -0.484240
    31 0.000000 -2.021618 -0.000004 0.186809 0.000000 0.000000
    32 -0.000021 2.021633 0.000027 0.072127 0.000000 0.000000
    33 -0.000004 -1.136217 -0.000004 -0.210111 0.000000 0.000000
    34 -0.000011 1.136200 -0.000019 1.162285 0.000000 0.000000
    35 -0.032677 -4.587727 1.352317 2.844703 1.216154 2.484990
    36 0.032719 4.587772 -1.352291 3.305682 1.403134 2.417799
    37 0.000000 -1.754536 -0.000002 0.662896 0.000000 0.000000
    38 -0.000006 1.754520 -0.000034 0.602892 0.000000 0.000000
    39 0.000000 -1.227020 -0.000002 0.092660 0.000000 0.000000
    40 0.000002 1.227070 0.000032 2.031131 0.000000 0.000000
    41 -0.367996 -4.208406 0.173244 2.943027 1.091688 2.536231
    42 0.368011 4.208412 -0.173239 3.638008 1.113777 2.453336
    43 0.000000 -2.372318 -0.000004 0.722081 0.000000 0.000000
    44 -0.000006 2.372318 -0.000032 1.180801 0.000000 0.000000
    45 0.000004 -1.580070 -0.000001 0.034255 0.000000 0.000000
    46 -0.000002 1.580170 0.000030 1.804503 0.000000 0.000000
    47 -0.937645 -3.860697 -0.959317 3.044205 1.001841 2.581100
    48 0.937672 3.860714 0.959333 3.475734 0.788186 2.106753
    49 0.000000 -1.690632 0.000000 0.491549 0.000000 0.000000
    50 -0.000013 1.690666 0.000021 1.040818 0.000000 0.000000
    51 -0.000002 -1.423443 0.000002 0.234212 0.000000 0.000000
    52 0.000008 1.423420 0.000028 1.507460 0.000000 0.000000
    53 -1.546646 -3.404194 -1.915569 3.024293 0.944156 2.514436
    54 1.546661 3.404217 1.915585 3.814331 0.512993 1.909537
    55 0.000004 -1.437820 0.000000 0.424958 0.000000 0.000000
    56 -0.000021 1.437870 0.000031 0.599117 0.000000 0.000000
    57 -0.000002 -1.059402 0.000000 0.322075 0.000000 0.000000
    58 0.000006 1.059372 0.000008 1.536914 0.000000 0.000000
    59 -0.000004 -13.013485 -0.000004 0.010936 -0.284123 -0.076426
    60 0.161011 -10.812500 0.023087 0.010936 -0.284123 -0.076426
  time 32
    0 0.000000 0.826660 0.000001 -1.559900 -0.000006 -0.000006
    1 -7.059201 7.545358 -8.025539 -1.083888 0.131733 0.616118
    2 0.000000 14.313023 0.000003 -1.709951 0.000000 0.000000
    3 -0.000011 13.013483 -0.000005 0.131380 1.220259 0.111480
    4 -7.156250 28.656250 24.765625 2.947657 0.312156 -0.581899
    5 0.000000 -14.313034 0.000000 -0.487806 0.000000 0.000000
    6 -0.000004 -13.013485 -0.000004 0.000000 0.000000 0.000000
    7 -1.330879 -2.698427 0.462449 -0.194886 -0.547260 3.056712
    8 1.330910 2.698444 -0.462436 0.194890 0.547268 -0.084879
    9 0.796754 4.750958 -2.152168 1.891227 0.504624 -0.464320
    10 3.556210 4.238403 0.987502 -1.090396 0.577049 -0.321829
    11 4.139183 5.092691 1.421975 -1.090396 0.577049 -0.321829
    12 4.777527 6.028128 1.897721 -1.090396 0.577049 -0.321829
    13 5.490345 7.072691 2.428969 -1.090396 0.577049 -0.321829
    14 6.562500 8.648438 3.232422 -1.090396 0.577049 -0.321829
    15 7.558525 6.997282 -2.354134 -1.937336 -0.275393 3.010581
    16 7.558525 6.997282 -2.354134 1.937336 0.275393 -0.131011
    17 -2.867767 -2.740969 0.531125 2.051196 0.577049 -0.321829
    18 0.695064 5.619089 -3.087455 -1.052444 -0.980553 -1.066098
    19 2.336649 2.608266 2.015604 1.043633 0.279449 -2.194244
    20 1.943030 2.064078 1.825061 -0.476482 0.995567 2.125748
    21 -0.043702 5.386310 -4.086101 -1.033490 -0.335219 0.912577
    22 6.946648 6.587124 1.429667 -1.090396 0.577049 -0.321829
    23 7.537933 7.453606 1.870349 -1.090396 0.577049 -0.321829
    24 8.154472 8.357077 2.329839 -1.090396 0.577049 -0.321829
    25 8.874294 9.411907 2.866308 -1.090396 0.577049 -0.321829
    26 -4.125858 -2.321501 1.394414 2.051196 0.577049 -0.321829
    27 -4.826813 -3.348669 0.872014 2.051196 0.577049 -0.321829
    28 -5.441669 -4.249685 0.413772 2.051196 0.577049 -0.321829
    29 -0.552532 -1.343527 1.604446 -0.415180 0.312114 -0.422073
    30 0.552589 1.343534 -1.604463 -0.303728 0.092374 -0.484240
    31 0.000000 -2.021618 -0.000004 0.186809 0.000000 0.000000
    32 -0.000021 2.021633 0.000027 0.072127 0.000000 0.000000
    33 -0.000004 -1.136217 -0.000004 -0.210111 0.000000 0.000000
    34 -0.000011 1.136200 -0.000019 1.162285 0.000000 0.000000
    35 -0.032677 -4.587727 1.352317 2.844703 1.216154 2.484990
    36 0.032719 4.587772 -1.352291 3.305682 1.403134 2.417799
    37 0.000000 -1.754536 -0.000002 0.662896 0.000000 0.000000
    38 -0.000006 1.754520 -0.000034 0.602892 0.000000 0.000000
    39 0.000000 -1.227020 -0.000002 0.092660 0.000000 0.000000
    40 0.000002 1.227070 0.000032 2.031131 0.000000 0.000000
    41 -0.367996 -4.208406 0.173244 2.943027 1.091688 2.536231
    42 0.368011 4.208412 -0.173239 3.638008 1.113777 2.453336
    43 0.000000 -2.372318 -0.000004 0.722081 0.000000 0.000000
    44 -0.000006 2.372318 -0.000032 1.180801 0.000000 0.000000
    45 0.000004 -1.580070 -0.000001 0.034255 0.000000 0.000000
    46 -0.000002 1.580170 0.000030 1.804447 0.000000 0.000000
    47 -0.937645 -3.860697 -0.959317 3.044205 1.001841 2.581100
    48 0.937672 3.860714 0.959333 3.475734 0.788186 2.106753
    49 0.000000 -1.690632 0.000000 0.491549 0.000000 0.000000
    50 -0.000013 1.690666 0.000021 1.040818 0.000000 0.000000
    51 -0.000002 -1.423443 0.000002 0.234212 0.000000 0.000000
    52 0.000008 1.423420 0.000028 1.507460 0.000000 0.000000
    53 -1.546646 -3.404194 -1.915569 3.024293 0.944156 2.514436
    54 1.546661 3.404217 1.915585 3.814331 0.512993 1.909537
    55 0.000004 -1.437820 0.000000 0.424958 0.000000 0.000000
    56 -0.000021 1.437870 0.000031 0.599117 0.000000 0.000000
    57 -0.000002 -1.059402 0.000000 0.322075 0.000000 0.000000
    58 0.000006 1.059372 0.000008 1.536914 0.000000 0.000000
    59 -0.000004 -13.013485 -0.000004 0.010936 -0.284123 -0.076426
    60 0.161011 -10.812500 0.023087 0.010936 -0.284123 -0.076426
  time 33
    0 0.000000 0.826660 0.000001 -1.559900 -0.000006 -0.000006
    1 -7.059201 7.545358 -8.025539 -1.088311 0.136645 0.613826
    2 0.000000 14.313023 0.000003 -1.709340 0.000000 0.000000
    3 -0.000011 13.013483 -0.000005 0.141891 1.227570 0.115986
    4 -7.156250 28.656250 24.765625 2.947657 0.312156 -0.581899
    5 0.000000 -14.313034 0.000000 -0.487806 0.000000 0.000000
    6 -0.000004 -13.013485 -0.000004 0.000000 0.000000 0.000000
    7 -1.330879 -2.698427 0.462449 -0.194886 -0.547260 3.056712
    8 1.330910 2.698444 -0.462436 0.194890 0.547268 -0.084879
    9 0.796754 4.750958 -2.152168 1.891227 0.504624 -0.464320
    10 3.556210 4.238403 0.987502 -1.090396 0.577049 -0.321829
    11 4.139183 5.092691 1.421975 -1.090396 0.577049 -0.321829
    12 4.777527 6.028128 1.897721 -1.090396 0.577049 -0.321829
    13 5.490345 7.072691 2.428969 -1.090396 0.577049 -0.321829
    14 6.562500 8.648438 3.232422 -1.090396 0.577049 -0.321829
    15 7.558525 6.997282 -2.354134 -1.937336 -0.275393 3.010581
    16 7.558525 6.997282 -2.354134 1.937336 0.275393 -0.131011
    17 -2.867767 -2.740969 0.531125 2.051196 0.577049 -0.321829
    18 0.695064 5.619089 -3.087455 -1.052444 -0.980553 -1.066098
    19 2.336649 2.608266 2.015604 1.043633 0.279449 -2.194340
    20 1.943030 2.064078 1.825061 -0.476482 0.995567 2.125748
    21 -0.043702 5.390216 -4.090007 -1.033490 -0.335219 0.912577
    22 6.946648 6.587124 1.429667 -1.090396 0.577049 -0.321829
    23 7.537933 7.453606 1.870349 -1.090396 0.577049 -0.321829
    24 8.154472 8.357077 2.329839 -1.090396 0.577049 -0.321829
    25 8.874294 9.411907 2.866308 -1.090396 0.577049 -0.321829
    26 -4.125858 -2.321501 1.394414 2.051196 0.577049 -0.321829
    27 -4.826813 -3.348669 0.872014 2.051196 0.577049 -0.321829
    28 -5.441669 -4.249685 0.413772 2.051196 0.577049 -0.321829
    29 -0.552532 -1.343527 1.604446 -0.415180 0.312114 -0.422073
    30 0.552589 1.343534 -1.604463 -0.303728 0.092374 -0.484240
    31 0.000000 -2.021618 -0.000004 0.186809 0.000000 0.000000
    32 -0.000021 2.021633 0.000027 0.072127 0.000000 0.000000
    33 -0.000004 -1.136217 -0.000004 -0.210111 0.000000 0.000000
    34 -0.000011 1.136200 -0.000019 1.162285 0.000000 0.000000
    35 -0.032677 -4.587727 1.352317 2.844703 1.216154 2.484990
    36 0.032719 4.587772 -1.352291 3.305682 1.403134 2.417799
    37 0.000000 -1.754536 -0.000002 0.662896 0.000000 0.000000
    38 -0.000006 1.754520 -0.000034 0.602892 0.000000 0.000000
    39 0.000000 -1.227020 -0.000002 0.092660 0.000000 0.000000
    40 0.000002 1.227070 0.000032 2.031131 0.000000 0.000000
    41 -0.367996 -4.208406 0.173244 2.943027 1.091688 2.536231
    42 0.368011 4.208412 -0.173239 3.638008 1.113777 2.453336
    43 0.000000 -2.372318 -0.000004 0.722081 0.000000 0.000000
    44 -0.000006 2.372318 -0.000032 1.180801 0.000000 0.000000
    45 0.000004 -1.580070 -0.000001 0.034255 0.000000 0.000000
    46 -0.000002 1.580170 0.000030 1.804447 0.000000 0.000000
    47 -0.937645 -3.860697 -0.959317 3.044205 1.001841 2.581100
    48 0.937672 3.860714 0.959333 3.475734 0.788186 2.106753
    49 0.000000 -1.690632 0.000000 0.491549 0.000000 0.000000
    50 -0.000013 1.690666 0.000021 1.040818 0.000000 0.000000
    51 -0.000002 -1.423443 0.000002 0.234212 0.000000 0.000000
    52 0.000008 1.423420 0.000028 1.507460 0.000000 0.000000
    53 -1.546646 -3.404194 -1.915569 3.024293 0.944156 2.514436
    54 1.546661 3.404217 1.915585 3.814331 0.512993 1.909537
    55 0.000004 -1.437820 0.000000 0.424958 0.000000 0.000000
    56 -0.000021 1.437870 0.000031 0.599117 0.000000 0.000000
    57 -0.000002 -1.059402 0.000000 0.322075 0.000000 0.000000
    58 0.000006 1.059372 0.000008 1.536914 0.000000 0.000000
    59 -0.000004 -13.013485 -0.000004 0.010936 -0.284123 -0.076426
    60 0.161011 -10.812500 0.023087 0.010936 -0.284123 -0.076426
  time 34
    0 0.000000 0.826660 0.000001 -1.559900 -0.000006 -0.000006
    1 -7.059201 7.545358 -8.025539 -1.089233 0.138075 0.610160
    2 0.000000 14.313023 0.000003 -1.710562 0.000000 0.000000
    3 -0.000011 13.013483 -0.000005 0.160141 1.221768 0.121929
    4 -7.156250 28.656250 24.765625 2.947657 0.312156 -0.581899
    5 0.000000 -14.313034 0.000000 -0.487806 0.000000 0.000000
    6 -0.000004 -13.013485 -0.000004 0.000000 0.000000 0.000000
    7 -1.330879 -2.698427 0.462449 -0.194886 -0.547260 3.056712
    8 1.330910 2.698444 -0.462436 0.194890 0.547268 -0.084879
    9 0.796754 4.750958 -2.152168 1.891227 0.504624 -0.464320
    10 3.556210 4.238403 0.987502 -1.090396 0.577049 -0.321829
    11 4.139183 5.092691 1.421975 -1.090396 0.577049 -0.321829
    12 4.777527 6.028128 1.897721 -1.090396 0.577049 -0.321829
    13 5.490345 7.072691 2.428969 -1.090396 0.577049 -0.321829
    14 6.562500 8.648438 3.232422 -1.090396 0.577049 -0.321829
    15 7.558525 6.997282 -2.354134 -1.937336 -0.275393 3.010581
    16 7.558525 6.997282 -2.354134 1.937336 0.275393 -0.131011
    17 -2.867767 -2.740969 0.531125 2.051196 0.577049 -0.321829
    18 0.695064 5.619089 -3.087455 -1.052444 -0.980553 -1.066098
    19 2.336649 2.608266 2.015604 1.043633 0.279449 -2.194244
    20 1.943030 2.064078 1.825061 -0.476482 0.995514 2.125748
    21 -0.043702 5.390216 -4.090007 -1.033490 -0.335219 0.912577
    22 6.946648 6.587124 1.429667 -1.090396 0.577049 -0.321829
    23 7.537933 7.453606 1.870349 -1.090396 0.577049 -0.321829
    24 8.154472 8.357077 2.329839 -1.090396 0.577049 -0.321829
    25 8.874294 9.411907 2.866308 -1.090396 0.577049 -0.321829
    26 -4.125858 -2.321501 1.394414 2.051196 0.577049 -0.321829
    27 -4.826813 -3.348669 0.872014 2.051196 0.577049 -0.321829
    28 -5.441669 -4.249685 0.413772 2.051196 0.577049 -0.321829
    29 -0.552532 -1.343527 1.604446 -0.415180 0.312114 -0.422073
    30 0.552589 1.343534 -1.604463 -0.303728 0.092374 -0.484240
    31 0.000000 -2.021618 -0.000004 0.186809 0.000000 0.000000
    32 -0.000021 2.021633 0.000027 0.072127 0.000000 0.000000
    33 -0.000004 -1.136217 -0.000004 -0.210111 0.000000 0.000000
    34 -0.000011 1.136200 -0.000019 1.162285 0.000000 0.000000
    35 -0.032677 -4.587727 1.352317 2.844703 1.216154 2.484990
    36 0.032719 4.587772 -1.352291 3.305682 1.403134 2.417799
    37 0.000000 -1.754536 -0.000002 0.662896 0.000000 0.000000
    38 -0.000006 1.754520 -0.000034 0.602847 0.000000 0.000000
    39 0.000000 -1.227020 -0.000002 0.092660 0.000000 0.000000
    40 0.000002 1.227070 0.000032 2.031197 0.000000 0.000000
    41 -0.367996 -4.208406 0.173244 2.943027 1.091688 2.536231
    42 0.368011 4.208412 -0.173239 3.638008 1.113777 2.453336
    43 0.000000 -2.372318 -0.000004 0.722081 0.000000 0.000000
    44 -0.000006 2.372318 -0.000032 1.180801 0.000000 0.000000
    45 0.000004 -1.580070 -0.000001 0.034255 0.000000 0.000000
    46 -0.000002 1.580170 0.000030 1.804447 0.000000 0.000000
    47 -0.937645 -3.860697 -0.959317 3.044205 1.001841 2.581100
    48 0.937672 3.860714 0.959333 3.475734 0.788186 2.106753
    49 0.000000 -1.690632 0.000000 0.491549 0.000000 0.000000
    50 -0.000013 1.690666 0.000021 1.040818 0.000000 0.000000
    51 -0.000002 -1.423443 0.000002 0.234212 0.000000 0.000000
    52 0.000008 1.423420 0.000028 1.507460 0.000000 0.000000
    53 -1.546646 -3.404194 -1.915569 3.024293 0.944156 2.514436
    54 1.546661 3.404217 1.915585 3.814331 0.512993 1.909537
    55 0.000004 -1.437820 0.000000 0.424958 0.000000 0.000000
    56 -0.000021 1.437870 0.000031 0.599117 0.000000 0.000000
    57 -0.000002 -1.059402 0.000000 0.322075 0.000000 0.000000
    58 0.000006 1.059372 0.000008 1.536914 0.000000 0.000000
    59 -0.000004 -13.013485 -0.000004 0.010936 -0.284123 -0.076426
    60 0.161011 -10.812500 0.023087 0.010936 -0.284123 -0.076426
  time 35
    0 0.000000 0.826660 0.000001 -1.559900 -0.000006 -0.000006
    1 -7.059201 7.545358 -8.025539 -1.091260 0.139029 0.606570
    2 0.000000 14.313023 0.000003 -1.710317 0.000000 0.000000
    3 -0.000011 13.013483 -0.000005 0.188423 1.203703 0.135828
    4 -7.156250 28.656250 24.765625 2.947657 0.312156 -0.581899
    5 0.000000 -14.313034 0.000000 -0.487806 0.000000 0.000000
    6 -0.000004 -13.013485 -0.000004 0.000000 0.000000 0.000000
    7 -1.330879 -2.698427 0.462449 -0.194886 -0.547260 3.056712
    8 1.330910 2.698444 -0.462436 0.194890 0.547268 -0.084879
    9 0.796754 4.750958 -2.152168 1.891227 0.504624 -0.464320
    10 3.556210 4.238403 0.987502 -1.090396 0.577049 -0.321829
    11 4.139183 5.092691 1.421975 -1.090396 0.577049 -0.321829
    12 4.777527 6.028128 1.897721 -1.090396 0.577049 -0.321829
    13 5.490345 7.072691 2.428969 -1.090396 0.577049 -0.321829
    14 6.562500 8.648438 3.232422 -1.090396 0.577049 -0.321829
    15 7.558525 6.997282 -2.354134 -1.937336 -0.275393 3.010581
    16 7.558525 6.997282 -2.354134 1.937336 0.275393 -0.131011
    17 -2.867767 -2.740969 0.531125 2.051196 0.577049 -0.321829
    18 0.695064 5.619089 -3.087455 -1.052444 -0.980553 -1.066098
    19 2.336649 2.604360 2.015604 1.043633 0.279449 -2.194244
    20 1.943030 2.060172 1.825061 -0.476482 0.995514 2.125748
    21 -0.043702 5.386310 -4.086101 -1.033490 -0.335219 0.912673
    22 6.946648 6.587124 1.429667 -1.090396 0.577049 -0.321829
    23 7.537933 7.453606 1.870349 -1.090396 0.577049 -0.321829
    24 8.154472 8.357077 2.329839 -1.090396 0.577049 -0.321829
    25 8.874294 9.411907 2.866308 -1.090396 0.577049 -0.321829
    26 -4.125858 -2.321501 1.394414 2.051196 0.577049 -0.321829
    27 -4.826813 -3.348669 0.872014 2.051196 0.577049 -0.321829
    28 -5.441669 -4.249685 0.413772 2.051196 0.577049 -0.321829
    29 -0.552532 -1.343527 1.604446 -0.415180 0.312114 -0.422073
    30 0.552589 1.343534 -1.604463 -0.303728 0.092374 -0.484240
    31 0.000000 -2.021618 -0.000004 0.186809 0.000000 0.000000
    32 -0.000021 2.021633 0.000027 0.072127 0.000000 0.000000
    33 -0.000004 -1.136217 -0.000004 -0.210111 0.000000 0.000000
    34 -0.000011 1.136200 -0.000019 1.162285 0.000000 0.000000
    35 -0.032677 -4.587727 1.352317 2.844703 1.216154 2.484990
    36 0.032719 4.587772 -1.352291 3.305682 1.403134 2.417799
    37 0.000000 -1.754536 -0.000002 0.662896 0.000000 0.000000
    38 -0.000006 1.754520 -0.000034 0.602847 0.000000 0.000000
    39 0.000000 -1.227020 -0.000002 0.092660 0.000000 0.000000
    40 0.000002 1.227070 0.000032 2.031131 0.000000 0.000000
    41 -0.367996 -4.208406 0.173244 2.943027 1.091688 2.536231
    42 0.368011 4.208412 -0.173239 3.638008 1.113777 2.453336
    43 0.000000 -2.372318 -0.000004 0.722081 0.000000 0.000000
    44 -0.000006 2.372318 -0.000032 1.180801 0.000000 0.000000
    45 0.000004 -1.580070 -0.000001 0.034255 0.000000 0.000000
    46 -0.000002 1.580170 0.000030 1.804447 0.000000 0.000000
    47 -0.937645 -3.860697 -0.959317 3.044205 1.001841 2.581100
    48 0.937672 3.860714 0.959333 3.475734 0.788186 2.106753
    49 0.000000 -1.690632 0.000000 0.491549 0.000000 0.000000
    50 -0.000013 1.690666 0.000021 1.040818 0.000000 0.000000
    51 -0.000002 -1.423443 0.000002 0.234212 0.000000 0.000000
    52 0.000008 1.423420 0.000028 1.507460 0.000000 0.000000
    53 -1.546646 -3.404194 -1.915569 3.024293 0.944156 2.514436
    54 1.546661 3.404217 1.915585 3.814331 0.512993 1.909537
    55 0.000004 -1.437820 0.000000 0.424958 0.000000 0.000000
    56 -0.000021 1.437870 0.000031 0.599117 0.000000 0.000000
    57 -0.000002 -1.059402 0.000000 0.322075 0.000000 0.000000
    58 0.000006 1.059372 0.000008 1.536914 0.000000 0.000000
    59 -0.000004 -13.013485 -0.000004 0.010936 -0.284123 -0.076426
    60 0.161011 -10.812500 0.023087 0.010936 -0.284123 -0.076426
  time 36
    0 0.000000 0.826660 0.000001 -1.559900 -0.000006 -0.000006
    1 -7.059201 7.545358 -8.025539 -1.093748 0.139458 0.603056
    2 0.000000 14.313023 0.000003 -1.708912 0.000000 0.000000
    3 -0.000011 13.013483 -0.000005 0.218043 1.178328 0.150494
    4 -7.156250 28.656250 24.765625 2.947657 0.312156 -0.581899
    5 0.000000 -14.313034 0.000000 -0.487806 0.000000 0.000000
    6 -0.000004 -13.013485 -0.000004 0.000000 0.000000 0.000000
    7 -1.330879 -2.698427 0.462449 -0.194886 -0.547260 3.056712
    8 1.330910 2.698444 -0.462436 0.194890 0.547268 -0.084879
    9 0.796754 4.750958 -2.152168 1.891227 0.504624 -0.464320
    10 3.556210 4.238403 0.987502 -1.090396 0.577049 -0.321829
    11 4.139183 5.092691 1.421975 -1.090396 0.577049 -0.321829
    12 4.777527 6.028128 1.897721 -1.090396 0.577049 -0.321829
    13 5.490345 7.072691 2.428969 -1.090396 0.577049 -0.321829
    14 6.562500 8.648438 3.232422 -1.090396 0.577049 -0.321829
    15 7.558525 6.997282 -2.354134 -1.937336 -0.275393 3.010581
    16 7.558525 6.997282 -2.354134 1.937336 0.275393 -0.131011
    17 -2.867767 -2.740969 0.531125 2.051196 0.577049 -0.321829
    18 0.695064 5.619089 -3.087455 -1.052444 -0.980553 -1.066098
    19 2.336649 2.604360 2.015604 1.043633 0.279449 -2.194340
    20 1.943030 2.064078 1.825061 -0.476482 0.995514 2.125748
    21 -0.043702 5.390216 -4.086101 -1.033490 -0.335219 0.912577
    22 6.946648 6.587124 1.429667 -1.090396 0.577049 -0.321829
    23 7.537933 7.453606 1.870349 -1.090396 0.577049 -0.321829
    24 8.154472 8.357077 2.329839 -1.090396 0.577049 -0.321829
    25 8.874294 9.411907 2.866308 -1.090396 0.577049 -0.321829
    26 -4.125858 -2.321501 1.394414 2.051196 0.577049 -0.321829
    27 -4.826813 -3.348669 0.872014 2.051196 0.577049 -0.321829
    28 -5.441669 -4.249685 0.413772 2.051196 0.577049 -0.321829
    29 -0.552532 -1.343527 1.604446 -0.415180 0.312114 -0.422073
    30 0.552589 1.343534 -1.604463 -0.303728 0.092374 -0.484240
    31 0.000000 -2.021618 -0.000004 0.186809 0.000000 0.000000
    32 -0.000021 2.021633 0.000027 0.072127 0.000000 0.000000
    33 -0.000004 -1.136217 -0.000004 -0.210111 0.000000 0.000000
    34 -0.000011 1.136200 -0.000019 1.162285 0.000000 0.000000
    35 -0.032677 -4.587727 1.352317 2.844703 1.216154 2.484990
    36 0.032719 4.587772 -1.352291 3.305682 1.403134 2.417799
    37 0.000000 -1.754536 -0.000002 0.662896 0.000000 0.000000
    38 -0.000006 1.754520 -0.000034 0.602892 0.000000 0.000000
    39 0.000000 -1.227020 -0.000002 0.092660 0.000000 0.000000
    40 0.000002 1.227070 0.000032 2.031197 0.000000 0.000000
    41 -0.367996 -4.208406 0.173244 2.943027 1.091688 2.536231
    42 0.368011 4.208412 -0.173239 3.638008 1.113777 2.453336
    43 0.000000 -2.372318 -0.000004 0.722081 0.000000 0.000000
    44 -0.000006 2.372318 -0.000032 1.180801 0.000000 0.000000
    45 0.000004 -1.580070 -0.000001 0.034255 0.000000 0.000000
    46 -0.000002 1.580170 0.000030 1.804447 0.000000 0.000000
    47 -0.937645 -3.860697 -0.959317 3.044205 1.001841 2.581100
    48 0.937672 3.860714 0.959333 3.475734 0.788186 2.106753
    49 0.000000 -1.690632 0.000000 0.491549 0.000000 0.000000
    50 -0.000013 1.690666 0.000021 1.040818 0.000000 0.000000
    51 -0.000002 -1.423443 0.000002 0.234212 0.000000 0.000000
    52 0.000008 1.423420 0.000028 1.507460 0.000000 0.000000
    53 -1.546646 -3.404194 -1.915569 3.024293 0.944156 2.514436
    54 1.546661 3.404217 1.915585 3.814331 0.512993 1.909537
    55 0.000004 -1.437820 0.000000 0.424958 0.000000 0.000000
    56 -0.000021 1.437870 0.000031 0.599117 0.000000 0.000000
    57 -0.000002 -1.059402 0.000000 0.322075 0.000000 0.000000
    58 0.000006 1.059372 0.000008 1.536914 0.000000 0.000000
    59 -0.000004 -13.013485 -0.000004 0.010936 -0.284123 -0.076426
    60 0.161011 -10.812500 0.023087 0.010936 -0.284123 -0.076426
  time 37
    0 0.000000 0.826660 0.000001 -1.559900 -0.000006 -0.000006
    1 -7.059201 7.545358 -8.025539 -1.096051 0.138934 0.599467
    2 0.000000 14.313023 0.000003 -1.706590 0.000000 0.000000
    3 -0.000011 13.013483 -0.000005 0.244702 1.147386 0.162572
    4 -7.156250 28.656250 24.765625 2.947657 0.312156 -0.581899
    5 0.000000 -14.313034 0.000000 -0.487806 0.000000 0.000000
    6 -0.000004 -13.013485 -0.000004 0.000000 0.000000 0.000000
    7 -1.330879 -2.698427 0.462449 -0.194886 -0.547260 3.056712
    8 1.330910 2.698444 -0.462436 0.194890 0.547268 -0.084879
    9 0.796754 4.750958 -2.152168 1.891227 0.504624 -0.464320
    10 3.556210 4.238403 0.987502 -1.090396 0.577049 -0.321829
    11 4.139183 5.092691 1.421975 -1.090396 0.577049 -0.321829
    12 4.777527 6.028128 1.897721 -1.090396 0.577049 -0.321829
    13 5.490345 7.072691 2.428969 -1.090396 0.577049 -0.321829
    14 6.562500 8.648438 3.232422 -1.090396 0.577049 -0.321829
    15 7.558525 6.997282 -2.354134 -1.937336 -0.275393 3.010581
    16 7.558525 6.997282 -2.354134 1.937336 0.275393 -0.131011
    17 -2.867767 -2.740969 0.531125 2.051196 0.577049 -0.321829
    18 0.695064 5.619089 -3.087455 -1.052444 -0.980553 -1.066098
    19 2.336649 2.604360 2.015604 1.043633 0.279449 -2.194340
    20 1.943030 2.064078 1.825061 -0.476482 0.995514 2.125748
    21 -0.043702 5.386310 -4.086101 -1.033490 -0.335219 0.912577
    22 6.946648 6.587124 1.429667 -1.090396 0.577049 -0.321829
    23 7.537933 7.453606 1.870349 -1.090396 0.577049 -0.321829
    24 8.154472 8.357077 2.329839 -1.090396 0.577049 -0.321829
    25 8.874294 9.411907 2.866308 -1.090396 0.577049 -0.321829
    26 -4.125858 -2.321501 1.394414 2.051196 0.577049 -0.321829
    27 -4.826813 -3.348669 0.872014 2.051196 0.577049 -0.321829
    28 -5.441669 -4.249685 0.413772 2.051196 0.577049 -0.321829
    29 -0.552532 -1.343527 1.604446 -0.415180 0.312114 -0.422073
    30 0.552589 1.343534 -1.604463 -0.303728 0.092374 -0.484240
    31 0.000000 -2.021618 -0.000004 0.186809 0.000000 0.000000
    32 -0.000021 2.021633 0.000027 0.072127 0.000000 0.000000
    33 -0.000004 -1.136217 -0.000004 -0.210111 0.000000 0.000000
    34 -0.000011 1.136200 -0.000019 1.162285 0.000000 0.000000
    35 -0.032677 -4.587727 1.352317 2.844703 1.216154 2.484990
    36 0.032719 4.587772 -1.352291 3.305682 1.403134 2.417799
    37 0.000000 -1.754536 -0.000002 0.662896 0.000000 0.000000
    38 -0.000006 1.754520 -0.000034 0.602892 0.000000 0.000000
    39 0.000000 -1.227020 -0.000002 0.092660 0.000000 0.000000
    40 0.000002 1.227070 0.000032 2.031131 0.000000 0.000000
    41 -0.367996 -4.208406 0.173244 2.943027 1.091688 2.536231
    42 0.368011 4.208412 -0.173239 3.638008 1.113777 2.453336
    43 0.000000 -2.372318 -0.000004 0.722081 0.000000 0.000000
    44 -0.000006 2.372318 -0.000032 1.180801 0.000000 0.000000
    45 0.000004 -1.580070 -0.000001 0.034255 0.000000 0.000000
    46 -0.000002 1.580170 0.000030 1.804447 0.000000 0.000000
    47 -0.937645 -3.860697 -0.959317 3.044205 1.001841 2.581100
    48 0.937672 3.860714 0.959333 3.475734 0.788186 2.106753
    49 0.000000 -1.690632 0.000000 0.491549 0.000000 0.000000
    50 -0.000013 1.690666 0.000021 1.040818 0.000000 0.000000
    51 -0.000002 -1.423443 0.000002 0.234212 0.000000 0.000000
    52 0.000008 1.423420 0.000028 1.507460 0.000000 0.000000
    53 -1.546646 -3.404194 -1.915569 3.024293 0.944156 2.514436
    54 1.546661 3.404217 1.915585 3.814331 0.512993 1.909537
    55 0.000004 -1.437820 0.000000 0.424958 0.000000 0.000000
    56 -0.000021 1.437870 0.000031 0.599117 0.000000 0.000000
    57 -0.000002 -1.059402 0.000000 0.322075 0.000000 0.000000
    58 0.000006 1.059372 0.000008 1.536914 0.000000 0.000000
    59 -0.000004 -13.013485 -0.000004 0.010936 -0.284123 -0.076426
    60 0.161011 -10.812500 0.023087 0.010936 -0.284123 -0.076426
  time 38
    0 0.000000 0.826660 0.000001 -1.559900 -0.000006 -0.000006
    1 -7.059201 7.545358 -8.025539 -1.097526 0.137265 0.595571
    2 0.000000 14.313023 0.000003 -1.703474 0.000000 0.000000
    3 -0.000011 13.013483 -0.000005 0.266296 1.111916 0.170432
    4 -7.156250 28.656250 24.765625 2.947657 0.312156 -0.581899
    5 0.000000 -14.313034 0.000000 -0.487806 0.000000 0.000000
    6 -0.000004 -13.013485 -0.000004 0.000000 0.000000 0.000000
    7 -1.330879 -2.698427 0.462449 -0.194886 -0.547260 3.056712
    8 1.330910 2.698444 -0.462436 0.194890 0.547268 -0.084879
    9 0.796754 4.750958 -2.152168 1.891227 0.504624 -0.464320
    10 3.556210 4.238403 0.987502 -1.090396 0.577049 -0.321829
    11 4.139183 5.092691 1.421975 -1.090396 0.577049 -0.321829
    12 4.777527 6.028128 1.897721 -1.090396 0.577049 -0.321829
    13 5.490345 7.072691 2.428969 -1.090396 0.577049 -0.321829
    14 6.562500 8.648438 3.232422 -1.090396 0.577049 -0.321829
    15 7.558525 6.997282 -2.354134 -1.937336 -0.275393 3.010581
    16 7.558525 6.997282 -2.354134 1.937336 0.275393 -0.131011
    17 -2.867767 -2.740969 0.531125 2.051196 0.577049 -0.321829
    18 0.695064 5.619089 -3.087455 -1.052444 -0.980553 -1.066098
    19 2.336649 2.608266 2.015604 1.043633 0.279449 -2.194244
    20 1.943030 2.060172 1.825061 -0.476482 0.995567 2.125748
    21 -0.043702 5.386310 -4.086101 -1.033490 -0.335219 0.912673
    22 6.946648 6.587124 1.429667 -1.090396 0.577049 -0.321829
    23 7.537933 7.453606 1.870349 -1.090396 0.577049 -0.321829
    24 8.154472 8.357077 2.329839 -1.090396 0.577049 -0.321829
    25 8.874294 9.411907 2.866308 -1.090396 0.577049 -0.321829
    26 -4.125858 -2.321501 1.394414 2.051196 0.577049 -0.321829
    27 -4.826813 -3.348669 0.872014 2.051196 0.577049 -0.321829
    28 -5.441669 -4.249685 0.413772 2.051196 0.577049 -0.321829
    29 -0.552532 -1.343527 1.604446 -0.415180 0.312114 -0.422073
    30 0.552589 1.343534 -1.604463 -0.303702 0.092374 -0.484240
    31 0.000000 -2.021618 -0.000004 0.186809 0.000000 0.000000
    32 -0.000021 2.021633 0.000027 0.072127 0.000000 0.000000
    33 -0.000004 -1.136217 -0.000004 -0.210111 0.000000 0.000000
    34 -0.000011 1.136200 -0.000019 1.162285 0.000000 0.000000
    35 -0.032677 -4.587727 1.352317 2.844703 1.216154 2.484990
    36 0.032719 4.587772 -1.352291 3.305682 1.403134 2.417799
    37 0.000000 -1.754536 -0.000002 0.662896 0.000000 0.000000
    38 -0.000006 1.754520 -0.000034 0.602847 0.000000 0.000000
    39 0.000000 -1.227020 -0.000002 0.092660 0.000000 0.000000
    40 0.000002 1.227070 0.000032 2.031131 0.000000 0.000000
    41 -0.367996 -4.208406 0.173244 2.943027 1.091688 2.536231
    42 0.368011 4.208412 -0.173239 3.638008 1.113777 2.453336
    43 0.000000 -2.372318 -0.000004 0.722081 0.000000 0.000000
    44 -0.000006 2.372318 -0.000032 1.180801 0.000000 0.000000
    45 0.000004 -1.580070 -0.000001 0.034255 0.000000 0.000000
    46 -0.000002 1.580170 0.000030 1.804447 0.000000 0.000000
    47 -0.937645 -3.860697 -0.959317 3.044205 1.001841 2.581100
    48 0.937672 3.860714 0.959333 3.475734 0.788186 2.106753
    49 0.000000 -1.690632 0.000000 0.491549 0.000000 0.000000
    50 -0.000013 1.690666 0.000021 1.040818 0.000000 0.000000
    51 -0.000002 -1.423443 0.000002 0.234212 0.000000 0.000000
    52 0.000008 1.423420 0.000028 1.507460 0.000000 0.000000
    53 -1.546646 -3.404194 -1.915569 3.024293 0.944156 2.514436
    54 1.546661 3.404217 1.915585 3.814331 0.512993 1.909537
    55 0.000004 -1.437820 0.000000 0.424958 0.000000 0.000000
    56 -0.000021 1.437870 0.000031 0.599117 0.000000 0.000000
    57 -0.000002 -1.059402 0.000000 0.322075 0.000000 0.000000
    58 0.000006 1.059372 0.000008 1.536914 0.000000 0.000000
    59 -0.000004 -13.013485 -0.000004 0.010936 -0.284123 -0.076426
    60 0.161011 -10.812500 0.023087 0.010936 -0.284123 -0.076426
  time 39
    0 0.000000 0.826660 0.000001 -1.559900 -0.000006 -0.000006
    1 -7.059201 7.545358 -8.025539 -1.097342 0.133879 0.591370
    2 0.000000 14.313023 0.000003 -1.699870 0.000000 0.000000
    3 -0.000011 13.013483 -0.000005 0.280628 1.073051 0.172924
    4 -7.156250 28.656250 24.765625 2.947657 0.312156 -0.581899
    5 0.000000 -14.313034 0.000000 -0.487806 0.000000 0.000000
    6 -0.000004 -13.013485 -0.000004 0.000000 0.000000 0.000000
    7 -1.330879 -2.698427 0.462449 -0.194886 -0.547260 3.056712
    8 1.330910 2.698444 -0.462436 0.194890 0.547268 -0.084879
    9 0.796754 4.750958 -2.152168 1.891227 0.504624 -0.464320
    10 3.556210 4.238403 0.987502 -1.090396 0.577049 -0.321829
    11 4.139183 5.092691 1.421975 -1.090396 0.577049 -0.321829
    12 4.777527 6.028128 1.897721 -1.090396 0.577049 -0.321829
    13 5.490345 7.072691 2.428969 -1.090396 0.577049 -0.321829
    14 6.562500 8.648438 3.232422 -1.090396 0.577049 -0.321829
    15 7.558525 6.997282 -2.354134 -1.937336 -0.275393 3.010581
    16 7.558525 6.997282 -2.354134 1.937336 0.275393 -0.131011
    17 -2.867767 -2.740969 0.531125 2.051196 0.577049 -0.321829
    18 0.695064 5.619089 -3.087455 -1.052444 -0.980553 -1.066098
    19 2.336649 2.604360 2.015604 1.043633 0.279449 -2.194244
    20 1.943030 2.064078 1.825061 -0.476482 0.995567 2.125748
    21 -0.043702 5.386310 -4.086101 -1.033490 -0.335219 0.912673
    22 6.946648 6.587124 1.429667 -1.090396 0.577049 -0.321829
    23 7.537933 7.453606 1.870349 -1.090396 0.577049 -0.321829
    24 8.154472 8.357077 2.329839 -1.090396 0.577049 -0.321829
    25 8.874294 9.411907 2.866308 -1.090396 0.577049 -0.321829
    26 -4.125858 -2.321501 1.394414 2.051196 0.577049 -0.321829
    27 -4.826813 -3.348669 0.872014 2.051196 0.577049 -0.321829
    28 -5.441669 -4.249685 0.413772 2.051196 0.577049 -0.321829
    29 -0.552532 -1.343527 1.604446 -0.415180 0.312114 -0.422073
    30 0.552589 1.343534 -1.604463 -0.303728 0.092374 -0.484240
    31 0.000000 -2.021618 -0.000004 0.186809 0.000000 0.000000
    32 -0.000021 2.021633 0.000027 0.072127 0.000000 0.000000
    33 -0.000004 -1.136217 -0.000004 -0.210111 0.000000 0.000000
    34 -0.000011 1.136200 -0.000019 1.162285 0.000000 0.000000
    35 -0.032677 -4.587727 1.352317 2.844703 1.216154 2.484990
    36 0.032719 4.587772 -1.352291 3.305682 1.403134 2.417799
    37 0.000000 -1.754536 -0.000002 0.662896 0.000000 0.000000
    38 -0.000006 1.754520 -0.000034 0.602892 0.000000 0.000000
    39 0.000000 -1.227020 -0.000002 0.092660 0.000000 0.000000
    40 0.000002 1.227070 0.000032 2.031131 0.000000 0.000000
    41 -0.367996 -4.208406 0.173244 2.943027 1.091688 2.536231
    42 0.368011 4.208412 -0.173239 3.638008 1.113777 2.453336
    43 0.000000 -2.372318 -0.000004 0.722081 0.000000 0.000000
    44 -0.000006 2.372318 -0.000032 1.180801 0.000000 0.000000
    45 0.000004 -1.580070 -0.000001 0.034255 0.000000 0.000000
    46 -0.000002 1.580170 0.000030 1.804447 0.000000 0.000000
    47 -0.937645 -3.860697 -0.959317 3.044205 1.001841 2.581100
    48 0.937672 3.860714 0.959333 3.475734 0.788186 2.106753
    49 0.000000 -1.690632 0.000000 0.491549 0.000000 0.000000
    50 -0.000013 1.690666 0.000021 1.040818 0.000000 0.000000
    51 -0.000002 -1.423443 0.000002 0.234212 0.000000 0.000000
    52 0.000008 1.423420 0.000028 1.507460 0.000000 0.000000
    53 -1.546646 -3.404194 -1.915569 3.024293 0.944156 2.514436
    54 1.546661 3.404217 1.915585 3.814331 0.512993 1.909537
    55 0.000004 -1.437820 0.000000 0.424958 0.000000 0.000000
    56 -0.000021 1.437870 0.000031 0.599117 0.000000 0.000000
    57 -0.000002 -1.059402 0.000000 0.322075 0.000000 0.000000
    58 0.000006 1.059372 0.000008 1.536914 0.000000 0.000000
    59 -0.000004 -13.013485 -0.000004 0.010936 -0.284123 -0.076426
    60 0.161011 -10.812500 0.023087 0.010936 -0.284123 -0.076426
  time 40
    0 0.000000 0.826660 0.000001 -1.559900 -0.000006 -0.000006
    1 -7.059201 7.545358 -8.025539 -1.094024 0.128108 0.586405
    2 0.000000 14.313023 0.000003 -1.696020 0.000000 0.000000
    3 -0.000011 13.013483 -0.000005 0.281392 1.034751 0.167652
    4 -7.156250 28.656250 24.765625 2.947657 0.312156 -0.581899
    5 0.000000 -14.313034 0.000000 -0.487806 0.000000 0.000000
    6 -0.000004 -13.013485 -0.000004 0.000000 0.000000 0.000000
    7 -1.330879 -2.698427 0.462449 -0.194886 -0.547260 3.056712
    8 1.330910 2.698444 -0.462436 0.194890 0.547268 -0.084879
    9 0.796754 4.750958 -2.202679 1.891227 0.504624 -0.464320
    10 3.556210 4.238403 0.987502 -1.090396 0.577049 -0.321829
    11 4.139183 5.092691 1.421975 -1.090396 0.577049 -0.321829
    12 4.777527 6.028128 1.897721 -1.090396 0.577049 -0.321829
    13 5.490345 7.072691 2.428969 -1.090396 0.577049 -0.321829
    14 6.562500 8.648438 3.232422 -1.090396 0.577049 -0.321829
    15 7.558525 6.997282 -2.354134 -1.937336 -0.275393 3.010581
    16 7.558525 6.997282 -2.354134 1.937336 0.275393 -0.131011
    17 -2.867767 -2.740969 0.531125 2.051196 0.577049 -0.321829
    18 0.695064 5.619089 -3.087455 -1.052444 -0.980553 -1.066098
    19 2.336649 2.608266 2.015604 1.043633 0.279449 -2.194244
    20 1.943030 2.064078 1.825061 -0.476482 0.995567 2.125748
    21 -0.043702 5.390216 -4.090007 -1.033490 -0.335219 0.912673
    22 6.946648 6.587124 1.429667 -1.090396 0.577049 -0.321829
    23 7.537933 7.453606 1.870349 -1.090396 0.577049 -0.321829
    24 8.154472 8.357077 2.329839 -1.090396 0.577049 -0.321829
    25 8.874294 9.411907 2.866308 -1.090396 0.577049 -0.321829
    26 -4.125858 -2.321501 1.394414 2.051196 0.577049 -0.321829
    27 -4.826813 -3.348669 0.872014 2.051196 0.577049 -0.321829
    28 -5.441669 -4.249685 0.413772 2.051196 0.577049 -0.321829
    29 -0.552532 -1.343527 1.604446 -0.415180 0.312114 -0.422073
    30 0.552589 1.343534 -1.604463 -0.303728 0.092374 -0.484240
    31 0.000000 -2.021618 -0.000004 0.186809 0.000000 0.000000
    32 -0.000021 2.021633 0.000027 0.072127 0.000000 0.000000
    33 -0.000004 -1.136217 -0.000004 -0.210111 0.000000 0.000000
    34 -0.000011 1.136200 -0.000019 1.162285 0.000000 0.000000
    35 -0.032677 -4.587727 1.352317 2.844703 1.216154 2.484990
    36 0.032719 4.587772 -1.352291 3.305682 1.403134 2.417799
    37 0.000000 -1.754536 -0.000002 0.662896 0.000000 0.000000
    38 -0.000006 1.754520 -0.000034 0.602892 0.000000 0.000000
    39 0.000000 -1.227020 -0.000002 0.092660 0.000000 0.000000
    40 0.000002 1.227070 0.000032 2.031131 0.000000 0.000000
    41 -0.367996 -4.208406 0.173244 2.943027 1.091688 2.536231
    42 0.368011 4.208412 -0.173239 3.638008 1.113777 2.453336
    43 0.000000 -2.372318 -0.000004 0.722081 0.000000 0.000000
    44 -0.000006 2.372318 -0.000032 1.180801 0.000000 0.000000
    45 0.000004 -1.580070 -0.000001 0.034255 0.000000 0.000000
    46 -0.000002 1.580170 0.000030 1.804447 0.000000 0.000000
    47 -0.937645 -3.860697 -0.959317 3.044205 1.001841 2.581100
    48 0.937672 3.860714 0.959333 3.475734 0.788186 2.106753
    49 0.000000 -1.690632 0.000000 0.491549 0.000000 0.000000
    50 -0.000013 1.690666 0.000021 1.040818 0.000000 0.000000
    51 -0.000002 -1.423443 0.000002 0.234212 0.000000 0.000000
    52 0.000008 1.423420 0.000028 1.507460 0.000000 0.000000
    53 -1.546646 -3.404194 -1.915569 3.024293 0.944156 2.514436
    54 1.546661 3.404217 1.915585 3.814331 0.512993 1.909537
    55 0.000004 -1.437820 0.000000 0.424958 0.000000 0.000000
    56 -0.000021 1.437870 0.000031 0.599117 0.000000 0.000000
    57 -0.000002 -1.059402 0.000000 0.322075 0.000000 0.000000
    58 0.000006 1.059372 0.000008 1.536914 0.000000 0.000000
    59 -0.000004 -13.013485 -0.000004 0.010936 -0.284123 -0.076426
    60 0.161011 -10.812500 0.023087 0.010936 -0.284123 -0.076426
  time 41
    0 0.000000 0.826660 0.000001 -1.559900 -0.000006 -0.000006
    1 -7.059201 7.545358 -8.025539 -1.057258 0.112896 0.581211
    2 0.000000 14.313023 0.000003 -1.704757 0.000000 0.000000
    3 -0.000011 13.013483 -0.000005 0.132909 0.861271 -0.092693
    4 -7.156250 28.656250 24.765625 2.947657 0.312156 -0.581899
    5 0.000000 -14.313034 0.000000 -0.487806 0.000000 0.000000
    6 -0.000004 -13.013485 -0.000004 0.000000 0.000000 0.000000
    7 -1.330879 -2.698427 0.462449 -0.194886 -0.547260 3.056712
    8 1.330910 2.698444 -0.462436 0.194890 0.547268 -0.084879
    9 1.013129 4.358341 -1.748077 1.936342 0.464521 -0.407835
    10 3.556210 4.238403 0.987502 -1.090396 0.577049 -0.321829
    11 4.139183 5.092691 1.421975 -1.090396 0.577049 -0.321829
    12 4.777527 6.028128 1.897721 -1.090396 0.577049 -0.321829
    13 5.490345 7.072691 2.428969 -1.090396 0.577049 -0.321829
    14 6.562500 8.648438 3.232422 -1.090396 0.577049 -0.321829
    15 7.558525 6.997282 -2.354134 -1.937336 -0.275393 3.010581
    16 7.558525 6.997282 -2.354134 1.937336 0.275393 -0.131011
    17 -2.867767 -2.740969 0.531125 2.051196 0.577049 -0.321829
    18 0.921634 5.216733 -2.634316 -0.951047 -0.988072 -1.115089
    19 2.399151 2.159034 2.492181 1.078343 0.325398 -2.148417
    20 2.040690 1.607033 2.270387 -0.579759 1.005873 2.074367
    21 0.249276 4.980047 -3.675932 -1.067021 -0.382206 0.959936
    22 6.946648 6.587124 1.429667 -1.090396 0.577049 -0.321829
    23 7.537933 7.453606 1.870349 -1.090396 0.577049 -0.321829
    24 8.154472 8.357077 2.329839 -1.090396 0.577049 -0.321829
    25 8.874294 9.411907 2.866308 -1.090396 0.577049 -0.321829
    26 -4.125858 -2.321501 1.394414 2.051196 0.577049 -0.321829
    27 -4.826813 -3.348669 0.872014 2.051196 0.577049 -0.321829
    28 -5.441669 -4.249685 0.413772 2.051196 0.577049 -0.321829
    29 -0.552532 -1.343527 1.604446 -0.415180 0.312114 -0.422073
    30 0.552589 1.343534 -1.604463 -0.320505 0.155695 -0.441636
    31 0.000000 -2.021618 -0.000004 0.186809 0.000000 0.000000
    32 -0.000021 2.021633 0.000027 0.045854 0.000000 0.000000
    33 -0.000004 -1.136217 -0.000004 -0.210111 0.000000 0.000000
    34 -0.000011 1.136200 -0.000019 1.002087 0.000000 0.000000
    35 -0.032677 -4.587727 1.352317 2.844703 1.216154 2.484990
    36 0.032719 4.587772 -1.352291 3.187963 1.358004 2.334455
    37 0.000000 -1.754536 -0.000002 0.662896 0.000000 0.000000
    38 -0.000006 1.754520 -0.000034 0.660401 0.000000 0.000000
    39 0.000000 -1.227020 -0.000002 0.092660 0.000000 0.000000
    40 0.000002 1.227070 0.000032 1.945194 0.000000 0.000000
    41 -0.367996 -4.208406 0.173244 2.943027 1.091688 2.536231
    42 0.368011 4.208412 -0.173239 3.638008 1.113777 2.453336
    43 0.000000 -2.372318 -0.000004 0.722081 0.000000 0.000000
    44 -0.000006 2.372318 -0.000032 1.257444 0.000000 0.000000
    45 0.000004 -1.580070 -0.000001 0.034255 0.000000 0.000000
    46 -0.000002 1.580170 0.000030 1.692092 0.000000 0.000000
    47 -0.937645 -3.860697 -0.959317 3.044205 1.001841 2.581100
    48 0.937672 3.860714 0.959333 3.523021 0.816901 2.166381
    49 0.000000 -1.690632 0.000000 0.491549 0.000000 0.000000
    50 -0.000013 1.690666 0.000021 1.117432 0.000000 0.000000
    51 -0.000002 -1.423443 0.000002 0.234212 0.000000 0.000000
    52 0.000008 1.423420 0.000028 1.394994 0.000000 0.000000
    53 -1.546646 -3.404194 -1.915569 3.024293 0.944156 2.514436
    54 1.546661 3.404217 1.915585 3.834636 0.558288 1.978138
    55 0.000004 -1.437820 0.000000 0.424958 0.000000 0.000000
    56 -0.000021 1.437870 0.000031 0.683819 0.000000 0.000000
    57 -0.000002 -1.059402 0.000000 0.322075 0.000000 0.000000
    58 0.000006 1.059372 0.000008 1.412747 0.000000 0.000000
    59 -0.000004 -13.013485 -0.000004 0.010936 -0.284123 -0.076426
    60 0.161011 -10.812500 0.023087 0.010936 -0.284123 -0.076426
  time 42
    0 0.000000 0.826660 0.000001 -1.559900 -0.000006 -0.000006
    1 -7.059201 7.545358 -8.025539 -0.983080 0.087191 0.578462
    2 0.000000 14.313023 0.000003 -1.722537 0.000000 0.000000
    3 -0.000011 13.013483 -0.000005 0.056565 0.634916 -0.281433
    4 -7.156250 28.656250 24.765625 2.947657 0.312156 -0.581899
    5 0.000000 -14.313034 0.000000 -0.487806 0.000000 0.000000
    6 -0.000004 -13.013485 -0.000004 0.000000 0.000000 0.000000
    7 -1.330879 -2.698427 0.462449 -0.194886 -0.547260 3.056712
    8 1.330910 2.698444 -0.462436 0.194890 0.547268 -0.084879
    9 1.414969 3.671261 -0.939895 2.034522 0.395799 -0.311233
    10 3.556210 4.238403 0.987502 -1.090396 0.577049 -0.321829
    11 4.139183 5.092691 1.421975 -1.090396 0.577049 -0.321829
    12 4.777527 6.028128 1.897721 -1.090396 0.577049 -0.321829
    13 5.490345 7.072691 2.428969 -1.090396 0.577049 -0.321829
    14 6.562500 8.648438 3.232422 -1.090396 0.577049 -0.321829
    15 7.558525 6.997282 -2.354134 -1.937336 -0.275393 3.010581
    16 7.558525 6.997282 -2.354134 1.937336 0.275393 -0.131011
    17 -2.867767 -2.740969 0.531125 2.051196 0.577049 -0.321829
    18 1.335709 4.650310 -1.790540 -0.751201 -0.970529 -1.225248
    19 2.504623 1.358228 3.273455 1.133728 0.425656 -2.072389
    20 2.196944 0.802321 2.985252 -0.786888 0.993242 1.955597
    21 0.780542 4.437062 -2.910284 -1.120095 -0.484100 1.038069
    22 6.946648 6.587124 1.429667 -1.090396 0.577049 -0.321829
    23 7.537933 7.453606 1.870349 -1.090396 0.577049 -0.321829
    24 8.154472 8.357077 2.329839 -1.090396 0.577049 -0.321829
    25 8.874294 9.411907 2.866308 -1.090396 0.577049 -0.321829
    26 -4.125858 -2.321501 1.394414 2.051196 0.577049 -0.321829
    27 -4.826813 -3.348669 0.872014 2.051196 0.577049 -0.321829
    28 -5.441669 -4.249685 0.413772 2.051196 0.577049 -0.321829
    29 -0.552532 -1.343527 1.604446 -0.415180 0.312114 -0.422073
    30 0.552589 1.343534 -1.604463 -0.355391 0.291773 -0.342669
    31 0.000000 -2.021618 -0.000004 0.186809 0.000000 0.000000
    32 -0.000021 2.021633 0.000027 -0.011419 0.000000 0.000000
    33 -0.000004 -1.136217 -0.000004 -0.210111 0.000000 0.000000
    34 -0.000011 1.136200 -0.000019 0.652830 0.000000 0.000000
    35 -0.032677 -4.587727 1.352317 2.844703 1.216154 2.484990
    36 0.032719 4.587772 -1.352291 3.007565 1.256794 2.232760
    37 0.000000 -1.754536 -0.000002 0.662896 0.000000 0.000000
    38 -0.000006 1.754520 -0.000034 0.785624 0.000000 0.000000
    39 0.000000 -1.227020 -0.000002 0.092660 0.000000 0.000000
    40 0.000002 1.227070 0.000032 1.758010 0.000000 0.000000
    41 -0.367996 -4.208406 0.173244 2.943027 1.091688 2.536231
    42 0.368011 4.208412 -0.173239 3.638008 1.113777 2.453336
    43 0.000000 -2.372318 -0.000004 0.722081 0.000000 0.000000
    44 -0.000006 2.372318 -0.000032 1.425823 0.000000 0.000000
    45 0.000004 -1.580070 -0.000001 0.034255 0.000000 0.000000
    46 -0.000002 1.580170 0.000030 1.445140 0.000000 0.000000
    47 -0.937645 -3.860697 -0.959317 3.044205 1.001841 2.581100
    48 0.937672 3.860714 0.959333 3.639706 0.872235 2.311395
    49 0.000000 -1.690632 0.000000 0.491549 0.000000 0.000000
    50 -0.000013 1.690666 0.000021 1.285883 0.000000 0.000000
    51 -0.000002 -1.423443 0.000002 0.234212 0.000000 0.000000
    52 0.000008 1.423420 0.000028 1.148038 0.000000 0.000000
    53 -1.546646 -3.404194 -1.915569 3.024293 0.944156 2.514436
    54 1.546661 3.404217 1.915585 3.895642 0.645160 2.144959
    55 0.000004 -1.437820 0.000000 0.424958 0.000000 0.000000
    56 -0.000021 1.437870 0.000031 0.868453 0.000000 0.000000
    57 -0.000002 -1.059402 0.000000 0.322075 0.000000 0.000000
    58 0.000006 1.059372 0.000008 1.142019 0.000000 0.000000
    59 -0.000004 -13.013485 -0.000004 0.010936 -0.284123 -0.076426
    60 0.161011 -10.812500 0.023087 0.010936 -0.284123 -0.076426
  time 43
    0 0.000000 0.826660 0.000001 -1.559900 -0.000006 -0.000006
    1 -7.059201 7.545358 -8.025539 -0.901530 0.061439 0.584038
    2 0.000000 14.313023 0.000003 -1.731763 0.000000 0.000000
    3 -0.000011 13.013483 -0.000005 0.029334 0.409740 -0.392625
    4 -7.156250 28.656250 24.765625 2.947657 0.312156 -0.581899
    5 0.000000 -14.313034 0.000000 -0.487806 0.000000 0.000000
    6 -0.000004 -13.013485 -0.000004 0.000000 0.000000 0.000000
    7 -1.330879 -2.698427 0.462449 -0.194886 -0.547260 3.056712
    8 1.330910 2.698444 -0.462436 0.194890 0.547268 -0.084879
    9 1.631345 3.671261 -0.535804 -4.149893 0.368686 -0.273103
    10 3.556210 4.238403 0.987502 -1.090396 0.577049 -0.321829
    11 4.139183 5.092691 1.421975 -1.090396 0.577049 -0.321829
    12 4.777527 6.028128 1.897721 -1.090396 0.577049 -0.321829
    13 5.490345 7.072691 2.428969 -1.090396 0.577049 -0.321829
    14 6.562500 8.648438 3.232422 -1.090396 0.577049 -0.321829
    15 7.558525 6.997282 -2.354134 -1.937336 -0.275393 3.010581
    16 7.558525 6.997282 -2.354134 1.937336 0.275393 -0.131011
    17 -2.867767 -2.740969 0.531125 2.051196 0.577049 -0.321829
    18 1.597436 4.669841 -1.329589 -0.627071 -0.909345 -1.324382
    19 2.508530 0.987123 3.507837 1.142358 0.520727 -2.067116
    20 2.220383 0.450747 3.164945 -0.919098 0.934578 1.848235
    21 1.096958 4.554253 -2.484490 -1.125460 -0.579356 1.042288
    22 6.946648 6.587124 1.429667 -1.090396 0.577049 -0.321829
    23 7.537933 7.453606 1.870349 -1.090396 0.577049 -0.321829
    24 8.154472 8.357077 2.329839 -1.090396 0.577049 -0.321829
    25 8.874294 9.411907 2.866308 -1.090396 0.577049 -0.321829
    26 -4.125858 -2.321501 1.394414 2.051196 0.577049 -0.321829
    27 -4.826813 -3.348669 0.872014 2.051196 0.577049 -0.321829
    28 -5.441669 -4.249685 0.413772 2.051196 0.577049 -0.321829
    29 -0.552532 -1.343527 1.604446 -0.415180 0.312114 -0.422073
    30 0.552589 1.343534 -1.604463 -0.378648 0.389233 -0.263894
    31 0.000000 -2.021618 -0.000004 0.186809 0.000000 0.000000
    32 -0.000021 2.021633 0.000027 -0.053314 0.000000 0.000000
    33 -0.000004 -1.136217 -0.000004 -0.210111 0.000000 0.000000
    34 -0.000011 1.136200 -0.000019 0.397173 0.000000 0.000000
    35 -0.032677 -4.587727 1.352317 2.844703 1.216154 2.484990
    36 0.032719 4.587772 -1.352291 2.903649 1.181600 2.189761
    37 0.000000 -1.754536 -0.000002 0.662896 0.000000 0.000000
    38 -0.000006 1.754520 -0.000034 0.877466 0.000000 0.000000
    39 0.000000 -1.227020 -0.000002 0.092660 0.000000 0.000000
    40 0.000002 1.227070 0.000032 1.620884 0.000000 0.000000
    41 -0.367996 -4.208406 0.173244 2.943027 1.091688 2.536231
    42 0.368011 4.208412 -0.173239 3.638008 1.113777 2.453336
    43 0.000000 -2.372318 -0.000004 0.722081 0.000000 0.000000
    44 -0.000006 2.372318 -0.000032 1.572880 0.000000 0.000000
    45 0.000004 -1.580070 -0.000001 0.034255 0.000000 0.000000
    46 -0.000002 1.580170 0.000030 1.229591 0.000000 0.000000
    47 -0.937645 -3.860697 -0.959317 3.044205 1.001841 2.581100
    48 0.937672 3.860714 0.959333 3.756298 0.910204 2.453415
    49 0.000000 -1.690632 0.000000 0.491549 0.000000 0.000000
    50 -0.000013 1.690666 0.000021 1.432902 0.000000 0.000000
    51 -0.000002 -1.423443 0.000002 0.234212 0.000000 0.000000
    52 0.000008 1.423420 0.000028 0.932502 0.000000 0.000000
    53 -1.546646 -3.404194 -1.915569 3.024293 0.944156 2.514436
    54 1.546661 3.404217 1.915585 3.955541 0.696073 2.282697
    55 0.000004 -1.437820 0.000000 0.424958 0.000000 0.000000
    56 -0.000021 1.437870 0.000031 1.003602 0.000000 0.000000
    57 -0.000002 -1.059402 0.000000 0.322075 0.000000 0.000000
    58 0.000006 1.059372 0.000008 0.943860 0.000000 0.000000
    59 -0.000004 -13.013485 -0.000004 0.010936 -0.284123 -0.076426
    60 0.161011 -10.812500 0.023087 0.010936 -0.284123 -0.076426
  time 44
    0 0.000000 0.826660 0.000001 -1.559900 -0.000006 -0.000006
    1 -7.059201 7.545358 -8.025539 -0.833065 0.042745 0.602827
    2 0.000000 14.313023 0.000003 -1.727242 0.000000 0.000000
    3 -0.000011 13.013483 -0.000005 0.015766 0.227911 -0.445634
    4 -7.156250 28.656250 24.765625 2.947657 0.312156 -0.581899
    5 0.000000 -14.313034 0.000000 -0.487806 0.000000 0.000000
    6 -0.000004 -13.013485 -0.000004 0.000000 0.000000 0.000000
    7 -1.330879 -2.698427 0.462449 -0.194886 -0.547260 3.056712
    8 1.330910 2.698444 -0.462436 0.194890 0.547268 -0.084879
    9 1.693166 3.720338 -0.434781 -4.105640 0.362347 -0.264020
    10 3.556210 4.238403 0.987502 -1.090396 0.577049 -0.321829
    11 4.139183 5.092691 1.421975 -1.090396 0.577049 -0.321829
    12 4.777527 6.028128 1.897721 -1.090396 0.577049 -0.321829
    13 5.490345 7.072691 2.428969 -1.090396 0.577049 -0.321829
    14 6.562500 8.648438 3.232422 -1.090396 0.577049 -0.321829
    15 7.558525 6.997282 -2.354134 -1.937336 -0.275393 3.010581
    16 7.558525 6.997282 -2.354134 1.937336 0.275393 -0.131011
    17 -2.867767 -2.740969 0.531125 2.051196 0.577049 -0.321829
    18 1.695095 4.751875 -1.165521 -0.586645 -0.875947 -1.362443
    19 2.496810 0.881651 3.542994 1.138470 0.562404 -2.075744
    20 2.212570 0.360901 3.172758 -0.962498 0.902076 1.807111
    21 1.214149 4.683163 -2.336048 -1.119807 -0.620870 1.032317
    22 6.946648 6.587124 1.429667 -1.090396 0.577049 -0.321829
    23 7.537933 7.453606 1.870349 -1.090396 0.577049 -0.321829
    24 8.154472 8.357077 2.329839 -1.090396 0.577049 -0.321829
    25 8.874294 9.411907 2.866308 -1.090396 0.577049 -0.321829
    26 -4.125858 -2.321501 1.394414 2.051196 0.577049 -0.321829
    27 -4.826813 -3.348669 0.872014 2.051196 0.577049 -0.321829
    28 -5.441669 -4.249685 0.413772 2.051196 0.577049 -0.321829
    29 -0.552532 -1.343527 1.604446 -0.415180 0.312114 -0.422073
    30 0.552589 1.343534 -1.604463 -0.385573 0.418812 -0.238093
    31 0.000000 -2.021618 -0.000004 0.186809 0.000000 0.000000
    32 -0.000021 2.021633 0.000027 -0.066029 0.000000 0.000000
    33 -0.000004 -1.136217 -0.000004 -0.210111 0.000000 0.000000
    34 -0.000011 1.136200 -0.000019 0.318770 0.000000 0.000000
    35 -0.032677 -4.587727 1.352317 2.844703 1.216154 2.484990
    36 0.032719 4.587772 -1.352291 2.874133 1.158478 2.179599
    37 0.000000 -1.754536 -0.000002 0.662896 0.000000 0.000000
    38 -0.000006 1.754520 -0.000034 0.905495 0.000000 0.000000
    39 0.000000 -1.227020 -0.000002 0.092660 0.000000 0.000000
    40 0.000002 1.227070 0.000032 1.578548 0.000000 0.000000
    41 -0.367996 -4.208406 0.173244 2.943027 1.091688 2.536231
    42 0.368011 4.208412 -0.173239 3.636840 1.113777 2.453413
    43 0.000000 -2.372318 -0.000004 0.722081 0.000000 0.000000
    44 -0.000006 2.372318 -0.000032 1.625876 0.000000 0.000000
    45 0.000004 -1.580070 -0.000001 0.034255 0.000000 0.000000
    46 -0.000002 1.580170 0.000030 1.148980 0.000000 0.000000
    47 -0.937645 -3.860697 -0.959317 3.044205 1.001841 2.581100
    48 0.937672 3.860714 0.959333 3.801541 0.921369 2.508790
    49 0.000000 -1.690632 0.000000 0.491549 0.000000 0.000000
    50 -0.000013 1.690666 0.000021 1.486131 0.000000 0.000000
    51 -0.000002 -1.423443 0.000002 0.234212 0.000000 0.000000
    52 0.000008 1.423420 0.000028 0.853291 0.000000 0.000000
    53 -1.546646 -3.404194 -1.915569 3.024293 0.944156 2.514436
    54 1.546661 3.404217 1.915585 3.975661 0.709298 2.327433
    55 0.000004 -1.437820 0.000000 0.424958 0.000000 0.000000
    56 -0.000021 1.437870 0.000031 1.044590 0.000000 0.000000
    57 -0.000002 -1.059402 0.000000 0.322075 0.000000 0.000000
    58 0.000006 1.059372 0.000008 0.882902 0.000000 0.000000
    59 -0.000004 -13.013485 -0.000004 0.010936 -0.284123 -0.076426
    60 0.161011 -10.812500 0.023087 0.010936 -0.284123 -0.076426
  time 45
    0 0.000000 0.826660 0.000001 -1.559900 -0.000006 -0.000006
    1 -7.059201 7.545358 -8.025539 -0.787545 0.034495 0.636588
    2 0.000000 14.313023 0.000003 -1.712945 0.000000 0.000000
    3 -0.000011 13.013483 -0.000005 -0.030671 0.163104 -0.443525
    4 -7.156250 28.656250 24.765625 2.947657 0.312156 -0.581899
    5 0.000000 -14.313034 0.000000 -0.487806 0.000000 0.000000
    6 -0.000004 -13.013485 -0.000004 0.000000 0.000000 0.000000
    7 -1.330879 -2.698427 0.462449 -0.194886 -0.547260 3.056712
    8 1.330910 2.698444 -0.462436 0.194890 0.547268 -0.084879
    9 1.476791 3.327721 -0.939895 2.007702 0.377222 -0.235351
    10 3.556210 4.238403 0.987502 -1.090396 0.577049 -0.321829
    11 4.139183 5.092691 1.421975 -1.090396 0.577049 -0.321829
    12 4.777527 6.028128 1.897721 -1.090396 0.577049 -0.321829
    13 5.490345 7.072691 2.428969 -1.090396 0.577049 -0.321829
    14 6.562500 8.648438 3.232422 -1.090396 0.577049 -0.321829
    15 7.558525 6.997282 -2.354134 -1.937336 -0.275393 3.010581
    16 7.558525 6.997282 -2.354134 1.937336 0.275393 -0.131011
    17 -2.867767 -2.740969 0.531125 2.051196 0.577049 -0.321829
    18 1.335709 4.228422 -1.810072 -0.752438 -1.001584 -1.138386
    19 2.715567 1.198067 3.359395 1.158481 0.404543 -1.976323
    20 2.462578 0.607002 3.086818 -0.783439 1.024212 2.044459
    21 0.811793 3.940953 -2.922003 -1.146344 -0.463605 1.135951
    22 6.946648 6.587124 1.429667 -1.090396 0.577049 -0.321829
    23 7.537933 7.453606 1.870349 -1.090396 0.577049 -0.321829
    24 8.154472 8.357077 2.329839 -1.090396 0.577049 -0.321829
    25 8.874294 9.411907 2.866308 -1.090396 0.577049 -0.321829
    26 -4.125858 -2.321501 1.394414 2.051196 0.577049 -0.321829
    27 -4.826813 -3.348669 0.872014 2.051196 0.577049 -0.321829
    28 -5.441669 -4.249685 0.413772 2.051196 0.577049 -0.321829
    29 -0.552532 -1.343527 1.604446 -0.415180 0.312114 -0.422073
    30 0.552589 1.343534 -1.604463 -0.509725 0.498706 -0.063872
    31 0.000000 -2.021618 -0.000004 0.186809 0.000000 0.000000
    32 -0.000021 2.021633 0.000027 -0.023564 0.000000 0.000000
    33 -0.000004 -1.136217 -0.000004 -0.210111 0.000000 0.000000
    34 -0.000011 1.136200 -0.000019 0.259375 0.000000 0.000000
    35 -0.032677 -4.587727 1.352317 2.844703 1.216154 2.484990
    36 0.032719 4.587772 -1.352291 2.856510 1.159926 2.202653
    37 0.000000 -1.754536 -0.000002 0.662896 0.000000 0.000000
    38 -0.000006 1.754520 -0.000034 0.910121 0.000000 0.000000
    39 0.000000 -1.227020 -0.000002 0.092660 0.000000 0.000000
    40 0.000002 1.227070 0.000032 1.468248 0.000000 0.000000
    41 -0.367996 -4.208406 0.173244 2.943027 1.091688 2.536231
    42 0.368011 4.208412 -0.173239 3.261058 1.106114 2.484141
    43 0.000000 -2.372318 -0.000004 0.722081 0.000000 0.000000
    44 -0.000006 2.372318 -0.000032 1.388269 0.000000 0.000000
    45 0.000004 -1.580070 -0.000001 0.034255 0.000000 0.000000
    46 -0.000002 1.580170 0.000030 0.551255 0.000000 0.000000
    47 -0.937645 -3.860697 -0.959317 3.044205 1.001841 2.581100
    48 0.937672 3.860714 0.959333 3.657636 0.934324 2.519818
    49 0.000000 -1.690632 0.000000 0.491549 0.000000 0.000000
    50 -0.000013 1.690666 0.000021 1.318181 0.000000 0.000000
    51 -0.000002 -1.423443 0.000002 0.234212 0.000000 0.000000
    52 0.000008 1.423420 0.000028 0.734731 0.000000 0.000000
    53 -1.546646 -3.404194 -1.915569 3.024293 0.944156 2.514436
    54 1.546661 3.404217 1.915585 3.808886 0.747015 2.349993
    55 0.000004 -1.437820 0.000000 0.424958 0.000000 0.000000
    56 -0.000021 1.437870 0.000031 0.927878 0.000000 0.000000
    57 -0.000002 -1.059402 0.000000 0.322075 0.000000 0.000000
    58 0.000006 1.059372 0.000008 0.775322 0.000000 0.000000
    59 -0.000004 -13.013485 -0.000004 0.010936 -0.284123 -0.076426
    60 0.161011 -10.812500 0.023087 0.010936 -0.284123 -0.076426
  time 46
    0 0.000000 0.826660 0.000001 -1.559900 -0.000006 -0.000006
    1 -7.059201 7.545358 -8.025539 -0.765706 0.038596 0.686006
    2 0.000000 14.313023 0.000003 -1.694432 0.000000 0.000000
    3 -0.000011 13.013483 -0.000005 -0.151445 0.349508 -0.374413
    4 -7.156250 28.656250 24.765625 2.947657 0.312156 -0.581899
    5 0.000000 -14.313034 0.000000 -0.487806 0.000000 0.000000
    6 -0.000004 -13.013485 -0.000004 0.000000 0.000000 0.000000
    7 -1.330879 -2.698427 0.462449 -0.194886 -0.547260 3.056712
    8 1.330910 2.698444 -0.462436 0.194890 0.547268 -0.084879
    9 1.044040 2.248024 -1.647054 1.609999 0.445316 -0.101281
    10 3.556210 4.238403 0.987502 -1.090396 0.577049 -0.321829
    11 4.139183 5.092691 1.421975 -1.090396 0.577049 -0.321829
    12 4.777527 6.028128 1.897721 -1.090396 0.577049 -0.321829
    13 5.490345 7.072691 2.428969 -1.090396 0.577049 -0.321829
    14 6.562500 8.648438 3.232422 -1.090396 0.577049 -0.321829
    15 7.558525 6.997282 -2.354134 -1.937336 -0.275393 3.010581
    16 7.558525 6.997282 -2.354134 1.937336 0.275393 -0.131011
    17 -2.867767 -2.740969 0.531125 2.051196 0.577049 -0.321829
    18 0.585686 2.661968 -2.739788 -1.488565 -1.123897 -0.192304
    19 3.196051 2.123876 2.804690 1.125193 0.035548 -1.688798
    20 3.114941 1.431246 2.782121 -0.016334 1.125472 -3.260686
    21 0.096927 1.866671 -3.597805 -1.123352 -0.093818 1.424517
    22 6.946648 6.587124 1.429667 -1.090396 0.577049 -0.321829
    23 7.537933 7.453606 1.870349 -1.090396 0.577049 -0.321829
    24 8.154472 8.357077 2.329839 -1.090396 0.577049 -0.321829
    25 8.874294 9.411907 2.866308 -1.090396 0.577049 -0.321829
    26 -4.125858 -2.321501 1.394414 2.051196 0.577049 -0.321829
    27 -4.826813 -3.348669 0.872014 2.051196 0.577049 -0.321829
    28 -5.441669 -4.249685 0.413772 2.051196 0.577049 -0.321829
    29 -0.552532 -1.343527 1.604446 -0.415180 0.312114 -0.422073
    30 0.552589 1.343534 -1.604463 -0.522660 0.504574 -0.046657
    31 0.000000 -2.021618 -0.000004 0.186809 0.000000 0.000000
    32 -0.000021 2.021633 0.000027 0.084054 0.000000 0.000000
    33 -0.000004 -1.136217 -0.000004 -0.210111 0.000000 0.000000
    34 -0.000011 1.136200 -0.000019 0.082168 0.000000 0.000000
    35 -0.032677 -4.587727 1.352317 2.844703 1.216154 2.484990
    36 0.032719 4.587772 -1.352291 2.806158 1.163081 2.270602
    37 0.000000 -1.754536 -0.000002 0.662896 0.000000 0.000000
    38 -0.000006 1.754520 -0.000034 0.923455 0.000000 0.000000
    39 0.000000 -1.227020 -0.000002 0.092660 0.000000 0.000000
    40 0.000002 1.227070 0.000032 1.146401 0.000000 0.000000
    41 -0.367996 -4.208406 0.173244 2.943027 1.091688 2.536231
    42 0.368011 4.208412 -0.173239 3.049007 1.101616 2.501092
    43 0.000000 -2.372318 -0.000004 0.722081 0.000000 0.000000
    44 -0.000006 2.372318 -0.000032 1.254461 0.000000 0.000000
    45 0.000004 -1.580070 -0.000001 0.034255 0.000000 0.000000
    46 -0.000002 1.580170 0.000030 0.214648 0.000000 0.000000
    47 -0.937645 -3.860697 -0.959317 3.044205 1.001841 2.581100
    48 0.937672 3.860714 0.959333 3.341398 0.962731 2.545575
    49 0.000000 -1.690632 0.000000 0.491549 0.000000 0.000000
    50 -0.000013 1.690666 0.000021 0.943773 0.000000 0.000000
    51 -0.000002 -1.423443 0.000002 0.234212 0.000000 0.000000
    52 0.000008 1.423420 0.000028 0.474121 0.000000 0.000000
    53 -1.546646 -3.404194 -1.915569 3.024293 0.944156 2.514436
    54 1.546661 3.404217 1.915585 3.442293 0.829018 2.407467
    55 0.000004 -1.437820 0.000000 0.424958 0.000000 0.000000
    56 -0.000021 1.437870 0.000031 0.670299 0.000000 0.000000
    57 -0.000002 -1.059402 0.000000 0.322075 0.000000 0.000000
    58 0.000006 1.059372 0.000008 0.537946 0.000000 0.000000
    59 -0.000004 -13.013485 -0.000004 0.010936 -0.284123 -0.076426
    60 0.161011 -10.812500 0.023087 0.010936 -0.284123 -0.076426
  time 47
    0 0.000000 0.826660 0.000001 -1.559900 -0.000006 -0.000006
    1 -7.059201 7.545358 -8.025539 -0.756491 0.049422 0.746348
    2 0.000000 14.313023 0.000003 -1.675186 0.000000 0.000000
    3 -0.000011 13.013483 -0.000005 -0.270309 0.722364 -0.277503
    4 -7.156250 28.656250 24.765625 2.947657 0.312156 -0.581899
    5 0.000000 -14.313034 0.000000 -0.487806 0.000000 0.000000
    6 -0.000004 -13.013485 -0.000004 0.000000 0.000000 0.000000
    7 -1.330879 -2.698427 0.462449 -0.194886 -0.547260 3.056712
    8 1.330910 2.698444 -0.462436 0.194890 0.547268 -0.084879
    9 1.291326 0.972018 -1.849100 1.152143 0.515858 0.055023
    10 3.556210 4.238403 0.987502 -1.090396 0.577049 -0.321829
    11 4.139183 5.092691 1.421975 -1.090396 0.577049 -0.321829
    12 4.777527 6.028128 1.897721 -1.090396 0.577049 -0.321829
    13 5.490345 7.072691 2.428969 -1.090396 0.577049 -0.321829
    14 6.562500 8.648438 3.232422 -1.090396 0.577049 -0.321829
    15 7.558525 6.997282 -2.354134 -1.937336 -0.275393 3.010581
    16 7.558525 6.997282 -2.354134 1.937336 0.275393 -0.131011
    17 -2.867767 -2.740969 0.531125 2.051196 0.577049 -0.321829
    18 0.679439 0.751753 -2.923387 -2.192542 -0.918607 0.788868
    19 3.321054 3.377821 1.968727 1.015181 -0.361273 -1.299646
    20 3.497765 2.747693 2.215698 0.654392 0.899803 -2.311295
    21 0.511002 -0.430274 -3.336078 -1.027263 0.306187 1.805883
    22 6.946648 6.587124 1.429667 -1.090396 0.577049 -0.321829
    23 7.537933 7.453606 1.870349 -1.090396 0.577049 -0.321829
    24 8.154472 8.357077 2.329839 -1.090396 0.577049 -0.321829
    25 8.874294 9.411907 2.866308 -1.090396 0.577049 -0.321829
    26 -4.125858 -2.321501 1.394414 2.051196 0.577049 -0.321829
    27 -4.826813 -3.348669 0.872014 2.051196 0.577049 -0.321829
    28 -5.441669 -4.249685 0.413772 2.051196 0.577049 -0.321829
    29 -0.552532 -1.343527 1.604446 -0.415180 0.312114 -0.422073
    30 0.552589 1.343534 -1.604463 -0.488532 0.477573 -0.102585
    31 0.000000 -2.021618 -0.000004 0.186809 0.000000 0.000000
    32 -0.000021 2.021633 0.000027 0.223759 0.000000 0.000000
    33 -0.000004 -1.136217 -0.000004 -0.210111 0.000000 0.000000
    34 -0.000011 1.136200 -0.000019 -0.078031 0.000000 0.000000
    35 -0.032677 -4.587727 1.352317 2.844703 1.216154 2.484990
    36 0.032719 4.587772 -1.352291 2.751726 1.164565 2.346362
    37 0.000000 -1.754536 -0.000002 0.662896 0.000000 0.000000
    38 -0.000006 1.754520 -0.000034 0.938195 0.000000 0.000000
    39 0.000000 -1.227020 -0.000002 0.092660 0.000000 0.000000
    40 0.000002 1.227070 0.000032 0.791870 0.000000 0.000000
    41 -0.367996 -4.208406 0.173244 2.943027 1.091688 2.536231
    42 0.368011 4.208412 -0.173239 2.986048 1.100284 2.506045
    43 0.000000 -2.372318 -0.000004 0.722081 0.000000 0.000000
    44 -0.000006 2.372318 -0.000032 1.214713 0.000000 0.000000
    45 0.000004 -1.580070 -0.000001 0.034255 0.000000 0.000000
    46 -0.000002 1.580170 0.000030 0.114752 0.000000 0.000000
    47 -0.937645 -3.860697 -0.959317 3.044205 1.001841 2.581100
    48 0.937672 3.860714 0.959333 3.038724 0.990058 2.571726
    49 0.000000 -1.690632 0.000000 0.491549 0.000000 0.000000
    50 -0.000013 1.690666 0.000021 0.559100 0.000000 0.000000
    51 -0.000002 -1.423443 0.000002 0.234212 0.000000 0.000000
    52 0.000008 1.423420 0.000028 0.215859 0.000000 0.000000
    53 -1.546646 -3.404194 -1.915569 3.024293 0.944156 2.514436
    54 1.546661 3.404217 1.915585 3.075794 0.908946 2.477679
    55 0.000004 -1.437820 0.000000 0.424958 0.000000 0.000000
    56 -0.000021 1.437870 0.000031 0.412506 0.000000 0.000000
    57 -0.000002 -1.059402 0.000000 0.322075 0.000000 0.000000
    58 0.000006 1.059372 0.000008 0.300393 0.000000 0.000000
    59 -0.000004 -13.013485 -0.000004 0.010936 -0.284123 -0.076426
    60 0.161011 -10.812500 0.023087 0.010936 -0.284123 -0.076426
  time 48
    0 0.000000 0.826660 0.000001 -1.559900 -0.000006 -0.000006
    1 -7.059201 7.545358 -8.025539 -0.750317 0.060390 0.808063
    2 0.000000 14.313023 0.000003 -1.656734 0.000000 0.000000
    3 -0.000011 13.013483 -0.000005 -0.311968 1.167338 -0.149439
    4 -7.156250 28.656250 24.765625 2.947657 0.312156 -0.581899
    5 0.000000 -14.313034 0.000000 -0.487806 0.000000 0.000000
    6 -0.000004 -13.013485 -0.000004 0.000000 0.000000 0.000000
    7 -1.330879 -2.698427 0.462449 -0.194886 -0.547260 3.056712
    8 1.330910 2.698444 -0.462436 0.194890 0.547268 -0.084879
    9 2.311381 0.235860 -1.141941 0.464879 0.430819 -0.028049
    10 3.556210 4.238403 0.987502 -1.090396 0.577049 -0.321829
    11 4.139183 5.092691 1.421975 -1.090396 0.577049 -0.321829
    12 4.777527 6.028128 1.897721 -1.090396 0.577049 -0.321829
    13 5.490345 7.072691 2.428969 -1.090396 0.577049 -0.321829
    14 6.562500 8.648438 3.232422 -1.090396 0.577049 -0.321829
    15 7.558525 6.997282 -2.354134 -1.937336 -0.275393 3.010581
    16 7.558525 6.997282 -2.354134 1.937336 0.275393 -0.131011
    17 -2.867767 -2.740969 0.531125 2.051196 0.577049 -0.321829
    18 1.913852 -0.677978 -1.985859 -2.666616 -0.419601 1.336212
    19 3.227301 4.776301 0.535090 0.773062 -0.947808 -0.904646
    20 3.482140 4.462589 1.102382 1.101989 0.391599 -1.789628
    21 2.034486 -1.887350 -1.648527 -0.832979 0.901188 2.162035
    22 6.946648 6.587124 1.429667 -1.090396 0.577049 -0.321829
    23 7.537933 7.453606 1.870349 -1.090396 0.577049 -0.321829
    24 8.154472 8.357077 2.329839 -1.090396 0.577049 -0.321829
    25 8.874294 9.411907 2.866308 -1.090396 0.577049 -0.321829
    26 -4.125858 -2.321501 1.394414 2.051196 0.577049 -0.321829
    27 -4.826813 -3.348669 0.872014 2.051196 0.577049 -0.321829
    28 -5.441669 -4.249685 0.413772 2.051196 0.577049 -0.321829
    29 -0.552532 -1.343527 1.604446 -0.415180 0.312114 -0.422073
    30 0.552589 1.343534 -1.604463 -0.408778 0.417186 -0.217638
    31 0.000000 -2.021618 -0.000004 0.186809 0.000000 0.000000
    32 -0.000021 2.021633 0.000027 0.359769 0.000000 0.000000
    33 -0.000004 -1.136217 -0.000004 -0.210111 0.000000 0.000000
    34 -0.000011 1.136200 -0.000019 -0.210762 0.000000 0.000000
    35 -0.032677 -4.587727 1.352317 2.844703 1.216154 2.484990
    36 0.032719 4.587772 -1.352291 2.715351 1.164380 2.397399
    37 0.000000 -1.754536 -0.000002 0.662896 0.000000 0.000000
    38 -0.000006 1.754520 -0.000034 0.948127 0.000000 0.000000
    39 0.000000 -1.227020 -0.000002 0.092660 0.000000 0.000000
    40 0.000002 1.227070 0.000032 0.553164 0.000000 0.000000
    41 -0.367996 -4.208406 0.173244 2.943027 1.091688 2.536231
    42 0.368011 4.208412 -0.173239 2.971049 1.099951 2.507206
    43 0.000000 -2.372318 -0.000004 0.722081 0.000000 0.000000
    44 -0.000006 2.372318 -0.000032 1.205369 0.000000 0.000000
    45 0.000004 -1.580070 -0.000001 0.034255 0.000000 0.000000
    46 -0.000002 1.580170 0.000030 0.091143 0.000000 0.000000
    47 -0.937645 -3.860697 -0.959317 3.044205 1.001841 2.581100
    48 0.937672 3.860714 0.959333 2.914979 1.001840 2.581100
    49 0.000000 -1.690632 0.000000 0.491549 0.000000 0.000000
    50 -0.000013 1.690666 0.000021 0.362307 0.000000 0.000000
    51 -0.000002 -1.423443 0.000002 0.234212 0.000000 0.000000
    52 0.000008 1.423420 0.000028 0.105008 0.000000 0.000000
    53 -1.546646 -3.404194 -1.915569 3.024293 0.944156 2.514436
    54 1.546661 3.404217 1.915585 2.895174 0.944156 2.514435
    55 0.000004 -1.437820 0.000000 0.424958 0.000000 0.000000
    56 -0.000021 1.437870 0.000031 0.295740 0.000000 0.000000
    57 -0.000002 -1.059402 0.000000 0.322075 0.000000 0.000000
    58 0.000006 1.059372 0.000008 0.192872 0.000000 0.000000
    59 -0.000004 -13.013485 -0.000004 0.010936 -0.284123 -0.076426
    60 0.161011 -10.812500 0.023087 0.010936 -0.284123 -0.076426
  time 49
    0 0.000000 0.826660 0.000001 -1.559900 -0.000006 -0.000006
    1 -7.059201 7.545358 -8.025539 -0.746908 0.072265 0.857864
    2 0.000000 14.313023 0.000003 -1.639505 0.000000 0.000000
    3 -0.000011 13.013483 -0.000005 1.259243 1.513261 1.512893
    4 -7.156250 28.656250 24.765625 2.947657 0.312156 -0.581899
    5 0.000000 -14.313034 0.000000 -0.487806 0.000000 0.000000
    6 -0.000004 -13.013485 -0.000004 0.000000 0.000000 0.000000
    7 -1.330879 -2.698427 0.462449 -0.194886 -0.547260 3.056712
    8 1.330910 2.698444 -0.462436 0.194890 0.547268 -0.084879
    9 2.898686 0.726632 -0.232736 -0.197001 0.367305 -0.241407
    10 3.556210 4.238403 0.987502 -1.090396 0.577049 -0.321829
    11 4.139183 5.092691 1.421975 -1.090396 0.577049 -0.321829
    12 4.777527 6.028128 1.897721 -1.090396 0.577049 -0.321829
    13 5.490345 7.072691 2.428969 -1.090396 0.577049 -0.321829
    14 6.562500 8.648438 3.232422 -1.090396 0.577049 -0.321829
    15 7.558525 6.997282 -2.354134 -1.937336 -0.275393 3.010581
    16 7.558525 6.997282 -2.354134 1.937336 0.275393 -0.131011
    17 -2.867767 -2.740969 0.531125 2.051196 0.577049 -0.321829
    18 2.624811 -0.478753 -0.442843 -2.767728 0.183794 1.401022
    19 3.657002 5.483354 -1.539192 -0.470729 -1.156135 0.266069
    20 3.931372 5.560278 -0.897679 1.194536 -0.213002 -1.728566
    21 2.815760 -1.274050 0.535134 0.330048 1.181541 -3.028014
    22 6.946648 6.587124 1.429667 -1.090396 0.577049 -0.321829
    23 7.537933 7.453606 1.870349 -1.090396 0.577049 -0.321829
    24 8.154472 8.357077 2.329839 -1.090396 0.577049 -0.321829
    25 8.874294 9.411907 2.866308 -1.090396 0.577049 -0.321829
    26 -4.125858 -2.321501 1.394414 2.051196 0.577049 -0.321829
    27 -4.826813 -3.348669 0.872014 2.051196 0.577049 -0.321829
    28 -5.441669 -4.249685 0.413772 2.051196 0.577049 -0.321829
    29 -0.552532 -1.343527 1.604446 -0.415180 0.312114 -0.422073
    30 0.552589 1.343534 -1.604463 -0.323614 0.353548 -0.325410
    31 0.000000 -2.021618 -0.000004 0.186809 0.000000 0.000000
    32 -0.000021 2.021633 0.000027 0.460948 0.000000 0.000000
    33 -0.000004 -1.136217 -0.000004 -0.210111 0.000000 0.000000
    34 -0.000011 1.136200 -0.000019 -0.561088 0.000000 0.000000
    35 -0.032677 -4.587727 1.352317 2.844703 1.216154 2.484990
    36 0.032719 4.587772 -1.352291 2.696686 1.163934 2.423563
    37 0.000000 -1.754536 -0.000002 0.662896 0.000000 0.000000
    38 -0.000006 1.754520 -0.000034 0.953162 0.000000 0.000000
    39 0.000000 -1.227020 -0.000002 0.092660 0.000000 0.000000
    40 0.000002 1.227070 0.000032 0.430615 0.000000 0.000000
    41 -0.367996 -4.208406 0.173244 2.943027 1.091688 2.536231
    42 0.368011 4.208412 -0.173239 2.993682 1.100450 2.505426
    43 0.000000 -2.372318 -0.000004 0.722081 0.000000 0.000000
    44 -0.000006 2.372318 -0.000032 1.219583 0.000000 0.000000
    45 0.000004 -1.580070 -0.000001 0.034255 0.000000 0.000000
    46 -0.000002 1.580170 0.000030 0.126926 0.000000 0.000000
    47 -0.937645 -3.860697 -0.959317 3.044205 1.001841 2.581100
    48 0.937672 3.860714 0.959333 3.233540 0.961188 2.575586
    49 0.000000 -1.690632 0.000000 0.491549 0.000000 0.000000
    50 -0.000013 1.690666 0.000021 1.131703 0.000000 0.000000
    51 -0.000002 -1.423443 0.000002 0.234212 0.000000 0.000000
    52 0.000008 1.423420 0.000028 0.796323 0.000000 0.000000
    53 -1.546646 -3.404194 -1.915569 3.024293 0.944156 2.514436
    54 1.546661 3.404217 1.915585 3.670075 0.725953 2.337179
    55 0.000004 -1.437820 0.000000 0.424958 0.000000 0.000000
    56 -0.000021 1.437870 0.000031 0.993181 0.000000 0.000000
    57 -0.000002 -1.059402 0.000000 0.322075 0.000000 0.000000
    58 0.000006 1.059372 0.000008 0.835510 0.000000 0.000000
    59 -0.000004 -13.013485 -0.000004 0.010936 -0.284123 -0.076426
    60 0.161011 -10.812500 0.023087 0.010936 -0.284123 -0.076426
  time 50
    0 0.000000 0.826660 0.000001 -1.559900 -0.000006 -0.000006
    1 -7.059201 7.545358 -8.025539 -0.747184 0.086381 0.878181
    2 0.000000 14.313023 0.000003 -1.624536 0.000000 0.000000
    3 -0.000011 13.013483 -0.000005 2.351179 1.292755 2.604978
    4 -7.156250 28.656250 24.765625 2.947657 0.312156 -0.581899
    5 0.000000 -14.313034 0.000000 -0.487806 0.000000 0.000000
    6 -0.000004 -13.013485 -0.000004 0.000000 0.000000 0.000000
    7 -1.330879 -2.698427 0.462449 -0.194886 -0.547260 3.056712
    8 1.330910 2.698444 -0.462436 0.194890 0.547268 -0.084879
    9 1.693166 1.708175 0.474423 -0.427079 0.362347 -0.264020
    10 3.556210 4.238403 0.987502 -1.090396 0.577049 -0.321829
    11 4.139183 5.092691 1.421975 -1.090396 0.577049 -0.321829
    12 4.777527 6.028128 1.897721 -1.090396 0.577049 -0.321829
    13 5.490345 7.072691 2.428969 -1.090396 0.577049 -0.321829
    14 6.562500 8.648438 3.232422 -1.090396 0.577049 -0.321829
    15 7.558525 6.997282 -2.354134 -1.937336 -0.275393 3.010581
    16 7.558525 6.997282 -2.354134 1.937336 0.275393 -0.131011
    17 -2.867767 -2.740969 0.531125 2.051196 0.577049 -0.321829
    18 1.409930 0.490026 0.522030 -2.746992 0.397747 1.466696
    19 2.008514 6.135718 -1.836076 -0.829783 -1.018105 0.645154
    20 2.302416 6.357178 -1.241439 1.170873 -0.426727 -1.661464
    21 1.690726 -0.066982 1.617198 0.751669 1.064159 -2.586538
    22 6.946648 6.587124 1.429667 -1.090396 0.577049 -0.321829
    23 7.537933 7.453606 1.870349 -1.090396 0.577049 -0.321829
    24 8.154472 8.357077 2.329839 -1.090396 0.577049 -0.321829
    25 8.874294 9.411907 2.866308 -1.090396 0.577049 -0.321829
    26 -4.125858 -2.321501 1.394414 2.051196 0.577049 -0.321829
    27 -4.826813 -3.348669 0.872014 2.051196 0.577049 -0.321829
    28 -5.441669 -4.249685 0.413772 2.051196 0.577049 -0.321829
    29 -0.552532 -1.343527 1.604446 -0.415180 0.312114 -0.422073
    30 0.552589 1.343534 -1.604463 -0.285749 0.325476 -0.369600
    31 0.000000 -2.021618 -0.000004 0.186809 0.000000 0.000000
    32 -0.000021 2.021633 0.000027 0.499637 0.000000 0.000000
    33 -0.000004 -1.136217 -0.000004 -0.210111 0.000000 0.000000
    34 -0.000011 1.136200 -0.000019 -0.846210 0.000000 0.000000
    35 -0.032677 -4.587727 1.352317 2.844703 1.216154 2.484990
    36 0.032719 4.587772 -1.352291 2.691304 1.163749 2.430995
    37 0.000000 -1.754536 -0.000002 0.662896 0.000000 0.000000
    38 -0.000006 1.754520 -0.000034 0.954658 0.000000 0.000000
    39 0.000000 -1.227020 -0.000002 0.092660 0.000000 0.000000
    40 0.000002 1.227070 0.000032 0.395602 0.000000 0.000000
    41 -0.367996 -4.208406 0.173244 2.943027 1.091688 2.536231
    42 0.368011 4.208412 -0.173239 3.049906 1.101650 2.501014
    43 0.000000 -2.372318 -0.000004 0.722081 0.000000 0.000000
    44 -0.000006 2.372318 -0.000032 1.255075 0.000000 0.000000
    45 0.000004 -1.580070 -0.000001 0.034255 0.000000 0.000000
    46 -0.000002 1.580170 0.000030 0.216070 0.000000 0.000000
    47 -0.937645 -3.860697 -0.959317 3.044205 1.001841 2.581100
    48 0.937672 3.860714 0.959333 3.579506 0.915262 2.589686
    49 0.000000 -1.690632 0.000000 0.491549 0.000000 0.000000
    50 -0.000013 1.690666 0.000021 1.254636 0.000000 0.000000
    51 -0.000002 -1.423443 0.000002 0.234212 0.000000 0.000000
    52 0.000008 1.423420 0.000028 0.915690 0.000000 0.000000
    53 -1.546646 -3.404194 -1.915569 3.024293 0.944156 2.514436
    54 1.546661 3.404217 1.915585 3.784889 0.709183 2.327357
    55 0.000004 -1.437820 0.000000 0.424958 0.000000 0.000000
    56 -0.000021 1.437870 0.000031 1.044964 0.000000 0.000000
    57 -0.000002 -1.059402 0.000000 0.322075 0.000000 0.000000
    58 0.000006 1.059372 0.000008 0.883198 0.000000 0.000000
    59 -0.000004 -13.013485 -0.000004 0.010936 -0.284123 -0.076426
    60 0.161011 -10.812500 0.023087 0.010936 -0.284123 -0.076426
  time 51
    0 0.000000 0.826660 0.000001 -1.559900 -0.000006 -0.000006
    1 -7.059201 7.545358 -8.025539 -0.749672 0.101641 0.879098
    2 0.000000 14.313023 0.000003 -1.612927 0.000000 0.000000
    3 -0.000011 13.013483 -0.000005 2.307896 1.204269 2.493019
    4 -7.156250 28.656250 24.765625 2.947657 0.312156 -0.581899
    5 0.000000 -14.313034 0.000000 -0.487806 0.000000 0.000000
    6 -0.000004 -13.013485 -0.000004 0.000000 0.000000 0.000000
    7 -1.330879 -2.698427 0.462449 -0.194886 -0.547260 3.056712
    8 1.330910 2.698444 -0.462436 0.194890 0.547268 -0.084879
    9 1.847720 2.198946 0.524935 -0.581773 0.362034 -0.264303
    10 3.556210 4.238403 0.987502 -1.090396 0.577049 -0.321829
    11 4.139183 5.092691 1.421975 -1.090396 0.577049 -0.321829
    12 4.777527 6.028128 1.897721 -1.090396 0.577049 -0.321829
    13 5.490345 7.072691 2.428969 -1.090396 0.577049 -0.321829
    14 6.562500 8.648438 3.232422 -1.090396 0.577049 -0.321829
    15 7.558525 6.997282 -2.354134 -1.937336 -0.275393 3.010581
    16 7.558525 6.997282 -2.354134 1.937336 0.275393 -0.131011
    17 -2.867767 -2.740969 0.531125 2.051196 0.577049 -0.321829
    18 1.644312 0.962697 0.865791 -2.716078 0.539674 1.535342
    19 1.844447 6.245096 -2.273589 -0.967392 -0.896917 0.812453
    20 2.142255 6.560309 -1.725829 1.137150 -0.568206 -1.590720
    21 1.995423 0.577569 2.015648 0.916831 0.949398 -2.392116
    22 6.946648 6.587124 1.429667 -1.090396 0.577049 -0.321829
    23 7.537933 7.453606 1.870349 -1.090396 0.577049 -0.321829
    24 8.154472 8.357077 2.329839 -1.090396 0.577049 -0.321829
    25 8.874294 9.411907 2.866308 -1.090396 0.577049 -0.321829
    26 -4.125858 -2.321501 1.394414 2.051196 0.577049 -0.321829
    27 -4.826813 -3.348669 0.872014 2.051196 0.577049 -0.321829
    28 -5.441669 -4.249685 0.413772 2.051196 0.577049 -0.321829
    29 -0.552532 -1.343527 1.604446 -0.415180 0.312114 -0.422073
    30 0.552589 1.343534 -1.604463 -0.284887 0.325476 -0.369600
    31 0.000000 -2.021618 -0.000004 0.186809 0.000000 0.000000
    32 -0.000021 2.021633 0.000027 0.491323 0.000000 0.000000
    33 -0.000004 -1.136217 -0.000004 -0.210111 0.000000 0.000000
    34 -0.000011 1.136200 -0.000019 -0.911972 0.000000 0.000000
    35 -0.032677 -4.587727 1.352317 2.844703 1.216154 2.484990
    36 0.032719 4.587772 -1.352291 2.696512 1.163934 2.423790
    37 0.000000 -1.754536 -0.000002 0.662896 0.000000 0.000000
    38 -0.000006 1.754520 -0.000034 0.953252 0.000000 0.000000
    39 0.000000 -1.227020 -0.000002 0.092660 0.000000 0.000000
    40 0.000002 1.227070 0.000032 0.429684 0.000000 0.000000
    41 -0.367996 -4.208406 0.173244 2.943027 1.091688 2.536231
    42 0.368011 4.208412 -0.173239 3.126876 1.103282 2.494900
    43 0.000000 -2.372318 -0.000004 0.722081 0.000000 0.000000
    44 -0.000006 2.372318 -0.000032 1.303553 0.000000 0.000000
    45 0.000004 -1.580070 -0.000001 0.034255 0.000000 0.000000
    46 -0.000002 1.580170 0.000030 0.338152 0.000000 0.000000
    47 -0.937645 -3.860697 -0.959317 3.044205 1.001841 2.581100
    48 0.937672 3.860714 0.959333 3.630880 0.907921 2.612450
    49 0.000000 -1.690632 0.000000 0.491549 0.000000 0.000000
    50 -0.000013 1.690666 0.000021 1.275968 0.000000 0.000000
    51 -0.000002 -1.423443 0.000002 0.234212 0.000000 0.000000
    52 0.000008 1.423420 0.000028 0.937861 0.000000 0.000000
    53 -1.546646 -3.404194 -1.915569 3.024293 0.944156 2.514436
    54 1.546661 3.404217 1.915585 3.717791 0.709183 2.327357
    55 0.000004 -1.437820 0.000000 0.424958 0.000000 0.000000
    56 -0.000021 1.437870 0.000031 1.044964 0.000000 0.000000
    57 -0.000002 -1.059402 0.000000 0.322075 0.000000 0.000000
    58 0.000006 1.059372 0.000008 0.883198 0.000000 0.000000
    59 -0.000004 -13.013485 -0.000004 0.010936 -0.284123 -0.076426
    60 0.161011 -10.812500 0.023087 0.010936 -0.284123 -0.076426
  time 52
    0 0.000000 0.826660 0.000001 -1.559900 -0.000006 -0.000006
    1 -7.059201 7.545358 -8.025539 -0.750317 0.114946 0.879862
    2 0.000000 14.313023 0.000003 -1.606695 0.000000 0.000000
    3 -0.000011 13.013483 -0.000005 2.145653 1.186629 2.233537
    4 -7.156250 28.656250 24.765625 2.947657 0.312156 -0.581899
    5 0.000000 -14.313034 0.000000 -0.487806 0.000000 0.000000
    6 -0.000004 -13.013485 -0.000004 0.000000 0.000000 0.000000
    7 -1.330879 -2.698427 0.462449 -0.194886 -0.547260 3.056712
    8 1.330910 2.698444 -0.462436 0.194890 0.547268 -0.084879
    9 1.940452 2.493409 0.575446 -0.677368 0.361280 -0.264871
    10 3.556210 4.238403 0.987502 -1.090396 0.577049 -0.321829
    11 4.139183 5.092691 1.421975 -1.090396 0.577049 -0.321829
    12 4.777527 6.028128 1.897721 -1.090396 0.577049 -0.321829
    13 5.490345 7.072691 2.428969 -1.090396 0.577049 -0.321829
    14 6.562500 8.648438 3.232422 -1.090396 0.577049 -0.321829
    15 7.558525 6.997282 -2.354134 -1.937336 -0.275393 3.010581
    16 7.558525 6.997282 -2.354134 1.937336 0.275393 -0.131011
    17 -2.867767 -2.740969 0.531125 2.051196 0.577049 -0.321829
    18 1.788848 1.318177 1.022046 -2.690015 0.626302 1.582991
    19 1.738975 6.311504 -2.562661 -1.028373 -0.816735 0.891933
    20 2.036783 6.681406 -2.053964 1.108792 -0.654615 -1.541065
    21 2.175116 1.046333 2.195341 0.989161 0.871609 -2.301616
    22 6.946648 6.587124 1.429667 -1.090396 0.577049 -0.321829
    23 7.537933 7.453606 1.870349 -1.090396 0.577049 -0.321829
    24 8.154472 8.357077 2.329839 -1.090396 0.577049 -0.321829
    25 8.874294 9.411907 2.866308 -1.090396 0.577049 -0.321829
    26 -4.125858 -2.321501 1.394414 2.051196 0.577049 -0.321829
    27 -4.826813 -3.348669 0.872014 2.051196 0.577049 -0.321829
    28 -5.441669 -4.249685 0.413772 2.051196 0.577049 -0.321829
    29 -0.552532 -1.343527 1.604446 -0.415180 0.312114 -0.422073
    30 0.552589 1.343534 -1.604463 -0.282640 0.325476 -0.369600
    31 0.000000 -2.021618 -0.000004 0.186809 0.000000 0.000000
    32 -0.000021 2.021633 0.000027 0.469126 0.000000 0.000000
    33 -0.000004 -1.136217 -0.000004 -0.210111 0.000000 0.000000
    34 -0.000011 1.136200 -0.000019 -1.009336 0.000000 0.000000
    35 -0.032677 -4.587727 1.352317 2.844703 1.216154 2.484990
    36 0.032719 4.587772 -1.352291 2.710403 1.164305 2.404376
    37 0.000000 -1.754536 -0.000002 0.662896 0.000000 0.000000
    38 -0.000006 1.754520 -0.000034 0.949443 0.000000 0.000000
    39 0.000000 -1.227020 -0.000002 0.092660 0.000000 0.000000
    40 0.000002 1.227070 0.000032 0.520613 0.000000 0.000000
    41 -0.367996 -4.208406 0.173244 2.943027 1.091688 2.536231
    42 0.368011 4.208412 -0.173239 3.216780 1.105181 2.487701
    43 0.000000 -2.372318 -0.000004 0.722081 0.000000 0.000000
    44 -0.000006 2.372318 -0.000032 1.360323 0.000000 0.000000
    45 0.000004 -1.580070 -0.000001 0.034255 0.000000 0.000000
    46 -0.000002 1.580170 0.000030 0.480998 0.000000 0.000000
    47 -0.937645 -3.860697 -0.959317 3.044205 1.001841 2.581100
    48 0.937672 3.860714 0.959333 3.669435 0.904683 2.619145
    49 0.000000 -1.690632 0.000000 0.491549 0.000000 0.000000
    50 -0.000013 1.690666 0.000021 1.300104 0.000000 0.000000
    51 -0.000002 -1.423443 0.000002 0.234212 0.000000 0.000000
    52 0.000008 1.423420 0.000028 0.945422 0.000000 0.000000
    53 -1.546646 -3.404194 -1.915569 3.024293 0.944156 2.514436
    54 1.546661 3.404217 1.915585 3.620698 0.709183 2.327357
    55 0.000004 -1.437820 0.000000 0.424958 0.000000 0.000000
    56 -0.000021 1.437870 0.000031 1.044964 0.000000 0.000000
    57 -0.000002 -1.059402 0.000000 0.322075 0.000000 0.000000
    58 0.000006 1.059372 0.000008 0.883198 0.000000 0.000000
    59 -0.000004 -13.013485 -0.000004 0.010936 -0.284123 -0.076426
    60 0.161011 -10.812500 0.023087 0.010936 -0.284123 -0.076426
  time 53
    0 0.000000 0.826660 0.000001 -1.559900 -0.000006 -0.000006
    1 -7.059201 7.545358 -8.025539 -0.745065 0.122147 0.880320
    2 0.000000 14.313023 0.000003 -1.605168 0.000000 0.000000
    3 -0.000011 13.013483 -0.000005 1.890250 1.179224 1.881746
    4 -7.156250 28.656250 24.765625 2.947657 0.312156 -0.581899
    5 0.000000 -14.313034 0.000000 -0.487806 0.000000 0.000000
    6 -0.000004 -13.013485 -0.000004 0.000000 0.000000 0.000000
    7 -1.330879 -2.698427 0.462449 -0.194886 -0.547260 3.056712
    8 1.330910 2.698444 -0.462436 0.194890 0.547268 -0.084879
    9 2.002274 2.689718 0.575446 -0.725165 0.360465 -0.265533
    10 3.556210 4.238403 0.987502 -1.090396 0.577049 -0.321829
    11 4.139183 5.092691 1.421975 -1.090396 0.577049 -0.321829
    12 4.777527 6.028128 1.897721 -1.090396 0.577049 -0.321829
    13 5.490345 7.072691 2.428969 -1.090396 0.577049 -0.321829
    14 6.562500 8.648438 3.232422 -1.090396 0.577049 -0.321829
    15 7.558525 6.997282 -2.354134 -1.937336 -0.275393 3.010581
    16 7.558525 6.997282 -2.354134 1.937336 0.275393 -0.131011
    17 -2.867767 -2.740969 0.531125 2.051196 0.577049 -0.321829
    18 1.851350 1.525214 1.057203 -2.675177 0.669452 1.608110
    19 1.680379 6.358381 -2.742354 -1.054263 -0.775912 0.926543
    20 1.982094 6.751721 -2.253189 1.092696 -0.697476 -1.514799
    21 2.253243 1.304154 2.238311 1.019721 0.831667 -2.262406
    22 6.946648 6.587124 1.429667 -1.090396 0.577049 -0.321829
    23 7.537933 7.453606 1.870349 -1.090396 0.577049 -0.321829
    24 8.154472 8.357077 2.329839 -1.090396 0.577049 -0.321829
    25 8.874294 9.411907 2.866308 -1.090396 0.577049 -0.321829
    26 -4.125858 -2.321501 1.394414 2.051196 0.577049 -0.321829
    27 -4.826813 -3.348669 0.872014 2.051196 0.577049 -0.321829
    28 -5.441669 -4.249685 0.413772 2.051196 0.577049 -0.321829
    29 -0.552532 -1.343527 1.604446 -0.415180 0.312114 -0.422073
    30 0.552589 1.343534 -1.604463 -0.279295 0.325476 -0.369600
    31 0.000000 -2.021618 -0.000004 0.186809 0.000000 0.000000
    32 -0.000021 2.021633 0.000027 0.436577 0.000000 0.000000
    33 -0.000004 -1.136217 -0.000004 -0.210111 0.000000 0.000000
    34 -0.000011 1.136200 -0.000019 -1.069103 0.000000 0.000000
    35 -0.032677 -4.587727 1.352317 2.844703 1.216154 2.484990
    36 0.032719 4.587772 -1.352291 2.730630 1.164602 2.375862
    37 0.000000 -1.754536 -0.000002 0.662896 0.000000 0.000000
    38 -0.000006 1.754520 -0.000034 0.943955 0.000000 0.000000
    39 0.000000 -1.227020 -0.000002 0.092660 0.000000 0.000000
    40 0.000002 1.227070 0.000032 0.653678 0.000000 0.000000
    41 -0.367996 -4.208406 0.173244 2.943027 1.091688 2.536231
    42 0.368011 4.208412 -0.173239 3.313061 1.107180 2.479962
    43 0.000000 -2.372318 -0.000004 0.722081 0.000000 0.000000
    44 -0.000006 2.372318 -0.000032 1.421128 0.000000 0.000000
    45 0.000004 -1.580070 -0.000001 0.034255 0.000000 0.000000
    46 -0.000002 1.580170 0.000030 0.633971 0.000000 0.000000
    47 -0.937645 -3.860697 -0.959317 3.044205 1.001841 2.581100
    48 0.937672 3.860714 0.959333 3.698699 0.904590 2.614104
    49 0.000000 -1.690632 0.000000 0.491549 0.000000 0.000000
    50 -0.000013 1.690666 0.000021 1.326243 0.000000 0.000000
    51 -0.000002 -1.423443 0.000002 0.234212 0.000000 0.000000
    52 0.000008 1.423420 0.000028 0.942045 0.000000 0.000000
    53 -1.546646 -3.404194 -1.915569 3.024293 0.944156 2.514436
    54 1.546661 3.404217 1.915585 3.568367 0.709183 2.327357
    55 0.000004 -1.437820 0.000000 0.424958 0.000000 0.000000
    56 -0.000021 1.437870 0.000031 1.044964 0.000000 0.000000
    57 -0.000002 -1.059402 0.000000 0.322075 0.000000 0.000000
    58 0.000006 1.059372 0.000008 0.883198 0.000000 0.000000
    59 -0.000004 -13.013485 -0.000004 0.010936 -0.284123 -0.076426
    60 0.161011 -10.812500 0.023087 0.010936 -0.284123 -0.076426
  time 54
    0 0.000000 0.826660 0.000001 -1.559900 -0.000006 -0.000006
    1 -7.059201 7.545358 -8.025539 -0.733823 0.121813 0.880320
    2 0.000000 14.313023 0.000003 -1.605779 0.000000 0.000000
    3 -0.000011 13.013483 -0.000005 1.641058 1.145782 1.556028
    4 -7.156250 28.656250 24.765625 2.947657 0.312156 -0.581899
    5 0.000000 -14.313034 0.000000 -0.487806 0.000000 0.000000
    6 -0.000004 -13.013485 -0.000004 0.000000 0.000000 0.000000
    7 -1.330879 -2.698427 0.462449 -0.194886 -0.547260 3.056712
    8 1.330910 2.698444 -0.462436 0.194890 0.547268 -0.084879
    9 2.002274 2.738795 0.524935 -0.736563 0.359523 -0.266290
    10 3.556210 4.238403 0.987502 -1.090396 0.577049 -0.321829
    11 4.139183 5.092691 1.421975 -1.090396 0.577049 -0.321829
    12 4.777527 6.028128 1.897721 -1.090396 0.577049 -0.321829
    13 5.490345 7.072691 2.428969 -1.090396 0.577049 -0.321829
    14 6.562500 8.648438 3.232422 -1.090396 0.577049 -0.321829
    15 7.558525 6.997282 -2.354134 -1.937336 -0.275393 3.010581
    16 7.558525 6.997282 -2.354134 1.937336 0.275393 -0.131011
    17 -2.867767 -2.740969 0.531125 2.051196 0.577049 -0.321829
    18 1.859162 1.599435 1.018139 -2.672133 0.679858 1.613191
    19 1.664754 6.389632 -2.828294 -1.060712 -0.766332 0.934309
    20 1.966469 6.794691 -2.346942 1.089247 -0.707888 -1.509431
    21 2.264962 1.397907 2.195341 1.027289 0.822351 -2.253586
    22 6.946648 6.587124 1.429667 -1.090396 0.577049 -0.321829
    23 7.537933 7.453606 1.870349 -1.090396 0.577049 -0.321829
    24 8.154472 8.357077 2.329839 -1.090396 0.577049 -0.321829
    25 8.874294 9.411907 2.866308 -1.090396 0.577049 -0.321829
    26 -4.125858 -2.321501 1.394414 2.051196 0.577049 -0.321829
    27 -4.826813 -3.348669 0.872014 2.051196 0.577049 -0.321829
    28 -5.441669 -4.249685 0.413772 2.051196 0.577049 -0.321829
    29 -0.552532 -1.343527 1.604446 -0.415180 0.312114 -0.422073
    30 0.552589 1.343534 -1.604463 -0.275218 0.325476 -0.369600
    31 0.000000 -2.021618 -0.000004 0.186809 0.000000 0.000000
    32 -0.000021 2.021633 0.000027 0.397182 0.000000 0.000000
    33 -0.000004 -1.136217 -0.000004 -0.210111 0.000000 0.000000
    34 -0.000011 1.136200 -0.000019 -1.043588 0.000000 0.000000
    35 -0.032677 -4.587727 1.352317 2.844703 1.216154 2.484990
    36 0.032719 4.587772 -1.352291 2.755198 1.164565 2.341432
    37 0.000000 -1.754536 -0.000002 0.662896 0.000000 0.000000
    38 -0.000006 1.754520 -0.000034 0.937242 0.000000 0.000000
    39 0.000000 -1.227020 -0.000002 0.092660 0.000000 0.000000
    40 0.000002 1.227070 0.000032 0.814835 0.000000 0.000000
    41 -0.367996 -4.208406 0.173244 2.943027 1.091688 2.536231
    42 0.368011 4.208412 -0.173239 3.408264 1.109146 2.472222
    43 0.000000 -2.372318 -0.000004 0.722081 0.000000 0.000000
    44 -0.000006 2.372318 -0.000032 1.481276 0.000000 0.000000
    45 0.000004 -1.580070 -0.000001 0.034255 0.000000 0.000000
    46 -0.000002 1.580170 0.000030 0.785123 0.000000 0.000000
    47 -0.937645 -3.860697 -0.959317 3.044205 1.001841 2.581100
    48 0.937672 3.860714 0.959333 3.720716 0.906688 2.600792
    49 0.000000 -1.690632 0.000000 0.491549 0.000000 0.000000
    50 -0.000013 1.690666 0.000021 1.353384 0.000000 0.000000
    51 -0.000002 -1.423443 0.000002 0.234212 0.000000 0.000000
    52 0.000008 1.423420 0.000028 0.931033 0.000000 0.000000
    53 -1.546646 -3.404194 -1.915569 3.024293 0.944156 2.514436
    54 1.546661 3.404217 1.915585 3.614053 0.709183 2.327357
    55 0.000004 -1.437820 0.000000 0.424958 0.000000 0.000000
    56 -0.000021 1.437870 0.000031 1.044964 0.000000 0.000000
    57 -0.000002 -1.059402 0.000000 0.322075 0.000000 0.000000
    58 0.000006 1.059372 0.000008 0.883198 0.000000 0.000000
    59 -0.000004 -13.013485 -0.000004 0.010936 -0.284123 -0.076426
    60 0.161011 -10.812500 0.023087 0.010936 -0.284123 -0.076426
  time 55
    0 0.000000 0.826660 0.000001 -1.559900 -0.000006 -0.000006
    1 -7.059201 7.545358 -8.025539 -0.717513 0.114612 0.879862
    2 0.000000 14.313023 0.000003 -1.608161 0.000000 0.000000
    3 -0.000011 13.013483 -0.000005 1.501174 1.102106 1.364891
    4 -7.156250 28.656250 24.765625 2.947657 0.312156 -0.581899
    5 0.000000 -14.313034 0.000000 -0.487806 0.000000 0.000000
    6 -0.000004 -13.013485 -0.000004 0.000000 0.000000 0.000000
    7 -1.330879 -2.698427 0.462449 -0.194886 -0.547260 3.056712
    8 1.330910 2.698444 -0.462436 0.194890 0.547268 -0.084879
    9 1.971363 2.787872 0.474423 -0.723058 0.358896 -0.266953
    10 3.556210 4.238403 0.987502 -1.090396 0.577049 -0.321829
    11 4.139183 5.092691 1.421975 -1.090396 0.577049 -0.321829
    12 4.777527 6.028128 1.897721 -1.090396 0.577049 -0.321829
    13 5.490345 7.072691 2.428969 -1.090396 0.577049 -0.321829
    14 6.562500 8.648438 3.232422 -1.090396 0.577049 -0.321829
    15 7.558525 6.997282 -2.354134 -1.937336 -0.275393 3.010581
    16 7.558525 6.997282 -2.354134 1.937336 0.275393 -0.131011
    17 -2.867767 -2.740969 0.531125 2.051196 0.577049 -0.321829
    18 1.827911 1.587716 0.928293 -2.677745 0.667981 1.604371
    19 1.676473 6.424789 -2.867358 -1.055117 -0.778292 0.925201
    20 1.978188 6.822036 -2.370380 1.095379 -0.696102 -1.518634
    21 2.229805 1.366656 2.101588 1.020679 0.834171 -2.263844
    22 6.946648 6.587124 1.429667 -1.090396 0.577049 -0.321829
    23 7.537933 7.453606 1.870349 -1.090396 0.577049 -0.321829
    24 8.154472 8.357077 2.329839 -1.090396 0.577049 -0.321829
    25 8.874294 9.411907 2.866308 -1.090396 0.577049 -0.321829
    26 -4.125858 -2.321501 1.394414 2.051196 0.577049 -0.321829
    27 -4.826813 -3.348669 0.872014 2.051196 0.577049 -0.321829
    28 -5.441669 -4.249685 0.413772 2.051196 0.577049 -0.321829
    29 -0.552532 -1.343527 1.604446 -0.415180 0.312114 -0.422073
    30 0.552589 1.343534 -1.604463 -0.270750 0.325476 -0.369600
    31 0.000000 -2.021618 -0.000004 0.186809 0.000000 0.000000
    32 -0.000021 2.021633 0.000027 0.353384 0.000000 0.000000
    33 -0.000004 -1.136217 -0.000004 -0.210111 0.000000 0.000000
    34 -0.000011 1.136200 -0.000019 -0.995766 0.000000 0.000000
    35 -0.032677 -4.587727 1.352317 2.844703 1.216154 2.484990
    36 0.032719 4.587772 -1.352291 2.782631 1.164008 2.303135
    37 0.000000 -1.754536 -0.000002 0.662896 0.000000 0.000000
    38 -0.000006 1.754520 -0.000034 0.929804 0.000000 0.000000
    39 0.000000 -1.227020 -0.000002 0.092660 0.000000 0.000000
    40 0.000002 1.227070 0.000032 0.993765 0.000000 0.000000
    41 -0.367996 -4.208406 0.173244 2.943027 1.091688 2.536231
    42 0.368011 4.208412 -0.173239 3.494844 1.110912 2.465178
    43 0.000000 -2.372318 -0.000004 0.722081 0.000000 0.000000
    44 -0.000006 2.372318 -0.000032 1.536028 0.000000 0.000000
    45 0.000004 -1.580070 -0.000001 0.034255 0.000000 0.000000
    46 -0.000002 1.580170 0.000030 0.922906 0.000000 0.000000
    47 -0.937645 -3.860697 -0.959317 3.044205 1.001841 2.581100
    48 0.937672 3.860714 0.959333 3.738089 0.910080 2.582045
    49 0.000000 -1.690632 0.000000 0.491549 0.000000 0.000000
    50 -0.000013 1.690666 0.000021 1.381225 0.000000 0.000000
    51 -0.000002 -1.423443 0.000002 0.234212 0.000000 0.000000
    52 0.000008 1.423420 0.000028 0.915030 0.000000 0.000000
    53 -1.546646 -3.404194 -1.915569 3.024293 0.944156 2.514436
    54 1.546661 3.404217 1.915585 3.685858 0.709183 2.327357
    55 0.000004 -1.437820 0.000000 0.424958 0.000000 0.000000
    56 -0.000021 1.437870 0.000031 1.044964 0.000000 0.000000
    57 -0.000002 -1.059402 0.000000 0.322075 0.000000 0.000000
    58 0.000006 1.059372 0.000008 0.883198 0.000000 0.000000
    59 -0.000004 -13.013485 -0.000004 0.010936 -0.284123 -0.076426
    60 0.161011 -10.812500 0.023087 0.010936 -0.284123 -0.076426
  time 56
    0 0.000000 0.826660 0.000001 -1.559900 -0.000006 -0.000006
    1 -7.059201 7.545358 -8.025539 -0.699360 0.102261 0.879098
    2 0.000000 14.313023 0.000003 -1.611216 0.000000 0.000000
    3 -0.000011 13.013483 -0.000005 1.423492 1.083758 1.251015
    4 -7.156250 28.656250 24.765625 2.947657 0.312156 -0.581899
    5 0.000000 -14.313034 0.000000 -0.487806 0.000000 0.000000
    6 -0.000004 -13.013485 -0.000004 0.000000 0.000000 0.000000
    7 -1.330879 -2.698427 0.462449 -0.194886 -0.547260 3.056712
    8 1.330910 2.698444 -0.462436 0.194890 0.547268 -0.084879
    9 1.940452 2.640641 0.474423 -0.696237 0.358519 -0.267047
    10 3.556210 4.238403 0.987502 -1.090396 0.577049 -0.321829
    11 4.139183 5.092691 1.421975 -1.090396 0.577049 -0.321829
    12 4.777527 6.028128 1.897721 -1.090396 0.577049 -0.321829
    13 5.490345 7.072691 2.428969 -1.090396 0.577049 -0.321829
    14 6.562500 8.648438 3.232422 -1.090396 0.577049 -0.321829
    15 7.558525 6.997282 -2.354134 -1.937336 -0.275393 3.010581
    16 7.558525 6.997282 -2.354134 1.937336 0.275393 -0.131011
    17 -2.867767 -2.740969 0.531125 2.051196 0.577049 -0.321829
    18 1.781035 1.525214 0.811102 -2.687257 0.644063 1.588935
    19 1.699911 6.452134 -2.863451 -1.042029 -0.801724 0.906218
    20 2.001626 6.833755 -2.362567 1.105630 -0.672320 -1.534834
    21 2.167303 1.276809 1.984397 1.005064 0.856995 -2.285127
    22 6.946648 6.587124 1.429667 -1.090396 0.577049 -0.321829
    23 7.537933 7.453606 1.870349 -1.090396 0.577049 -0.321829
    24 8.154472 8.357077 2.329839 -1.090396 0.577049 -0.321829
    25 8.874294 9.411907 2.866308 -1.090396 0.577049 -0.321829
    26 -4.125858 -2.321501 1.394414 2.051196 0.577049 -0.321829
    27 -4.826813 -3.348669 0.872014 2.051196 0.577049 -0.321829
    28 -5.441669 -4.249685 0.413772 2.051196 0.577049 -0.321829
    29 -0.552532 -1.343527 1.604446 -0.415180 0.312114 -0.422073
    30 0.552589 1.343534 -1.604463 -0.266046 0.325476 -0.369600
    31 0.000000 -2.021618 -0.000004 0.186809 0.000000 0.000000
    32 -0.000021 2.021633 0.000027 0.307767 0.000000 0.000000
    33 -0.000004 -1.136217 -0.000004 -0.210111 0.000000 0.000000
    34 -0.000011 1.136200 -0.000019 -0.932374 0.000000 0.000000
    35 -0.032677 -4.587727 1.352317 2.844703 1.216154 2.484990
    36 0.032719 4.587772 -1.352291 2.811367 1.162858 2.263473
    37 0.000000 -1.754536 -0.000002 0.662896 0.000000 0.000000
    38 -0.000006 1.754520 -0.000034 0.922049 0.000000 0.000000
    39 0.000000 -1.227020 -0.000002 0.092660 0.000000 0.000000
    40 0.000002 1.227070 0.000032 1.180283 0.000000 0.000000
    41 -0.367996 -4.208406 0.173244 2.943027 1.091688 2.536231
    42 0.368011 4.208412 -0.173239 3.578461 1.112611 2.458212
    43 0.000000 -2.372318 -0.000004 0.722081 0.000000 0.000000
    44 -0.000006 2.372318 -0.000032 1.588937 0.000000 0.000000
    45 0.000004 -1.580070 -0.000001 0.034255 0.000000 0.000000
    46 -0.000002 1.580170 0.000030 1.055968 0.000000 0.000000
    47 -0.937645 -3.860697 -0.959317 3.044205 1.001841 2.581100
    48 0.937672 3.860714 0.959333 3.752768 0.913874 2.560699
    49 0.000000 -1.690632 0.000000 0.491549 0.000000 0.000000
    50 -0.000013 1.690666 0.000021 1.409117 0.000000 0.000000
    51 -0.000002 -1.423443 0.000002 0.234212 0.000000 0.000000
    52 0.000008 1.423420 0.000028 0.896750 0.000000 0.000000
    53 -1.546646 -3.404194 -1.915569 3.024293 0.944156 2.514436
    54 1.546661 3.404217 1.915585 3.775752 0.709183 2.327357
    55 0.000004 -1.437820 0.000000 0.424958 0.000000 0.000000
    56 -0.000021 1.437870 0.000031 1.044964 0.000000 0.000000
    57 -0.000002 -1.059402 0.000000 0.322075 0.000000 0.000000
    58 0.000006 1.059372 0.000008 0.883198 0.000000 0.000000
    59 -0.000004 -13.013485 -0.000004 0.010936 -0.284123 -0.076426
    60 0.161011 -10.812500 0.023087 0.010936 -0.284123 -0.076426
  time 57
    0 0.000000 0.826660 0.000001 -1.559900 -0.000006 -0.000006
    1 -7.059201 7.545358 -8.025539 -0.683235 0.088050 0.878258
    2 0.000000 14.313023 0.000003 -1.614088 0.000000 0.000000
    3 -0.000011 13.013483 -0.000005 1.335778 1.083710 1.134070
    4 -7.156250 28.656250 24.765625 2.947657 0.312156 -0.581899
    5 0.000000 -14.313034 0.000000 -0.487806 0.000000 0.000000
    6 -0.000004 -13.013485 -0.000004 0.000000 0.000000 0.000000
    7 -1.330879 -2.698427 0.462449 -0.194886 -0.547260 3.056712
    8 1.330910 2.698444 -0.462436 0.194890 0.547268 -0.084879
    9 1.909541 2.640641 0.373401 -0.667693 0.358958 -0.266763
    10 3.556210 4.238403 0.987502 -1.090396 0.577049 -0.321829
    11 4.139183 5.092691 1.421975 -1.090396 0.577049 -0.321829
    12 4.777527 6.028128 1.897721 -1.090396 0.577049 -0.321829
    13 5.490345 7.072691 2.428969 -1.090396 0.577049 -0.321829
    14 6.562500 8.648438 3.232422 -1.090396 0.577049 -0.321829
    15 7.558525 6.997282 -2.354134 -1.937336 -0.275393 3.010581
    16 7.558525 6.997282 -2.354134 1.937336 0.275393 -0.131011
    17 -2.867767 -2.740969 0.531125 2.051196 0.577049 -0.321829
    18 1.730252 1.462712 0.686098 -2.695913 0.618293 1.574170
    19 1.723349 6.479478 -2.859545 -1.026286 -0.825949 0.885030
    20 2.025064 6.849380 -2.346942 1.115019 -0.646741 -1.550171
    21 2.108707 1.175244 1.855487 0.986287 0.880751 -2.309285
    22 6.946648 6.587124 1.429667 -1.090396 0.577049 -0.321829
    23 7.537933 7.453606 1.870349 -1.090396 0.577049 -0.321829
    24 8.154472 8.357077 2.329839 -1.090396 0.577049 -0.321829
    25 8.874294 9.411907 2.866308 -1.090396 0.577049 -0.321829
    26 -4.125858 -2.321501 1.394414 2.051196 0.577049 -0.321829
    27 -4.826813 -3.348669 0.872014 2.051196 0.577049 -0.321829
    28 -5.441669 -4.249685 0.413772 2.051196 0.577049 -0.321829
    29 -0.552532 -1.343527 1.604446 -0.415180 0.312114 -0.422073
    30 0.552589 1.343534 -1.604463 -0.261473 0.325476 -0.369600
    31 0.000000 -2.021618 -0.000004 0.186809 0.000000 0.000000
    32 -0.000021 2.021633 0.000027 0.263291 0.000000 0.000000
    33 -0.000004 -1.136217 -0.000004 -0.210111 0.000000 0.000000
    34 -0.000011 1.136200 -0.000019 -0.862569 0.000000 0.000000
    35 -0.032677 -4.587727 1.352317 2.844703 1.216154 2.484990
    36 0.032719 4.587772 -1.352291 2.839841 1.161151 2.224948
    37 0.000000 -1.754536 -0.000002 0.662896 0.000000 0.000000
    38 -0.000006 1.754520 -0.000034 0.914520 0.000000 0.000000
    39 0.000000 -1.227020 -0.000002 0.092660 0.000000 0.000000
    40 0.000002 1.227070 0.000032 1.362075 0.000000 0.000000
    41 -0.367996 -4.208406 0.173244 2.943027 1.091688 2.536231
    42 0.368011 4.208412 -0.173239 3.638008 1.113777 2.453336
    43 0.000000 -2.372318 -0.000004 0.722081 0.000000 0.000000
    44 -0.000006 2.372318 -0.000032 1.626622 0.000000 0.000000
    45 0.000004 -1.580070 -0.000001 0.034255 0.000000 0.000000
    46 -0.000002 1.580170 0.000030 1.150744 0.000000 0.000000
    47 -0.937645 -3.860697 -0.959317 3.044205 1.001841 2.581100
    48 0.937672 3.860714 0.959333 3.766889 0.917359 2.539431
    49 0.000000 -1.690632 0.000000 0.491549 0.000000 0.000000
    50 -0.000013 1.690666 0.000021 1.436207 0.000000 0.000000
    51 -0.000002 -1.423443 0.000002 0.234212 0.000000 0.000000
    52 0.000008 1.423420 0.000028 0.878764 0.000000 0.000000
    53 -1.546646 -3.404194 -1.915569 3.024293 0.944156 2.514436
    54 1.546661 3.404217 1.915585 3.872569 0.709183 2.327357
    55 0.000004 -1.437820 0.000000 0.424958 0.000000 0.000000
    56 -0.000021 1.437870 0.000031 1.044964 0.000000 0.000000
    57 -0.000002 -1.059402 0.000000 0.322075 0.000000 0.000000
    58 0.000006 1.059372 0.000008 0.883198 0.000000 0.000000
    59 -0.000004 -13.013485 -0.000004 0.010936 -0.284123 -0.076426
    60 0.161011 -10.812500 0.023087 0.010936 -0.284123 -0.076426
  time 58
    0 0.000000 0.826660 0.000001 -1.559900 -0.000006 -0.000006
    1 -7.059201 7.545358 -8.025539 -0.672177 0.076271 0.877570
    2 0.000000 14.313023 0.000003 -1.616104 0.000000 0.000000
    3 -0.000011 13.013483 -0.000005 1.258574 1.087814 1.036202
    4 -7.156250 28.656250 24.765625 2.947657 0.312156 -0.581899
    5 0.000000 -14.313034 0.000000 -0.487806 0.000000 0.000000
    6 -0.000004 -13.013485 -0.000004 0.000000 0.000000 0.000000
    7 -1.330879 -2.698427 0.462449 -0.194886 -0.547260 3.056712
    8 1.330910 2.698444 -0.462436 0.194890 0.547268 -0.084879
    9 1.878631 2.640641 0.272378 -0.649111 0.360088 -0.265817
    10 3.556210 4.238403 0.987502 -1.090396 0.577049 -0.321829
    11 4.139183 5.092691 1.421975 -1.090396 0.577049 -0.321829
    12 4.777527 6.028128 1.897721 -1.090396 0.577049 -0.321829
    13 5.490345 7.072691 2.428969 -1.090396 0.577049 -0.321829
    14 6.562500 8.648438 3.232422 -1.090396 0.577049 -0.321829
    15 7.558525 6.997282 -2.354134 -1.937336 -0.275393 3.010581
    16 7.558525 6.997282 -2.354134 1.937336 0.275393 -0.131011
    17 -2.867767 -2.740969 0.531125 2.051196 0.577049 -0.321829
    18 1.702908 1.431461 0.576720 -2.700098 0.601131 1.566117
    19 1.735068 6.514635 -2.879077 -1.013863 -0.841388 0.870073
    20 2.036783 6.868912 -2.358661 1.119617 -0.629512 -1.558703
    21 2.077456 1.128367 1.746108 0.971821 0.895773 -2.326062
    22 6.946648 6.587124 1.429667 -1.090396 0.577049 -0.321829
    23 7.537933 7.453606 1.870349 -1.090396 0.577049 -0.321829
    24 8.154472 8.357077 2.329839 -1.090396 0.577049 -0.321829
    25 8.874294 9.411907 2.866308 -1.090396 0.577049 -0.321829
    26 -4.125858 -2.321501 1.394414 2.051196 0.577049 -0.321829
    27 -4.826813 -3.348669 0.872014 2.051196 0.577049 -0.321829
    28 -5.441669 -4.249685 0.413772 2.051196 0.577049 -0.321829
    29 -0.552532 -1.343527 1.604446 -0.415180 0.312114 -0.422073
    30 0.552589 1.343534 -1.604463 -0.257240 0.325476 -0.369600
    31 0.000000 -2.021618 -0.000004 0.186809 0.000000 0.000000
    32 -0.000021 2.021633 0.000027 0.222020 0.000000 0.000000
    33 -0.000004 -1.136217 -0.000004 -0.210111 0.000000 0.000000
    34 -0.000011 1.136200 -0.000019 -0.795088 0.000000 0.000000
    35 -0.032677 -4.587727 1.352317 2.844703 1.216154 2.484990
    36 0.032719 4.587772 -1.352291 2.866493 1.159146 2.189609
    37 0.000000 -1.754536 -0.000002 0.662896 0.000000 0.000000
    38 -0.000006 1.754520 -0.000034 0.907536 0.000000 0.000000
    39 0.000000 -1.227020 -0.000002 0.092660 0.000000 0.000000
    40 0.000002 1.227070 0.000032 1.530820 0.000000 0.000000
    41 -0.367996 -4.208406 0.173244 2.943027 1.091688 2.536231
    42 0.368011 4.208412 -0.173239 3.646989 1.113977 2.452562
    43 0.000000 -2.372318 -0.000004 0.722081 0.000000 0.000000
    44 -0.000006 2.372318 -0.000032 1.632325 0.000000 0.000000
    45 0.000004 -1.580070 -0.000001 0.034255 0.000000 0.000000
    46 -0.000002 1.580170 0.000030 1.165193 0.000000 0.000000
    47 -0.937645 -3.860697 -0.959317 3.044205 1.001841 2.581100
    48 0.937672 3.860714 0.959333 3.782496 0.920043 2.520999
    49 0.000000 -1.690632 0.000000 0.491549 0.000000 0.000000
    50 -0.000013 1.690666 0.000021 1.462296 0.000000 0.000000
    51 -0.000002 -1.423443 0.000002 0.234212 0.000000 0.000000
    52 0.000008 1.423420 0.000028 0.863495 0.000000 0.000000
    53 -1.546646 -3.404194 -1.915569 3.024293 0.944156 2.514436
    54 1.546661 3.404217 1.915585 3.966063 0.709183 2.327357
    55 0.000004 -1.437820 0.000000 0.424958 0.000000 0.000000
    56 -0.000021 1.437870 0.000031 1.044964 0.000000 0.000000
    57 -0.000002 -1.059402 0.000000 0.322075 0.000000 0.000000
    58 0.000006 1.059372 0.000008 0.883198 0.000000 0.000000
    59 -0.000004 -13.013485 -0.000004 0.010936 -0.284123 -0.076426
    60 0.161011 -10.812500 0.023087 0.010936 -0.284123 -0.076426
  time 59
    0 0.000000 0.826660 0.000001 -1.559900 -0.000006 -0.000006
    1 -7.059201 7.545358 -8.025539 -0.668215 0.071645 0.877341
    2 0.000000 14.313023 0.000003 -1.616776 0.000000 0.000000
    3 -0.000011 13.013483 -0.000005 1.225036 1.090078 0.994217
    4 -7.156250 28.656250 24.765625 2.947657 0.312156 -0.581899
    5 0.000000 -14.313034 0.000000 -0.487806 0.000000 0.000000
    6 -0.000004 -13.013485 -0.000004 0.000000 0.000000 0.000000
    7 -1.330879 -2.698427 0.462449 -0.194886 -0.547260 3.056712
    8 1.330910 2.698444 -0.462436 0.194890 0.547268 -0.084879
    9 1.878631 2.689718 0.221867 -0.651505 0.362347 -0.264020
    10 3.556210 4.238403 0.987502 -1.090396 0.577049 -0.321829
    11 4.139183 5.092691 1.421975 -1.090396 0.577049 -0.321829
    12 4.777527 6.028128 1.897721 -1.090396 0.577049 -0.321829
    13 5.490345 7.072691 2.428969 -1.090396 0.577049 -0.321829
    14 6.562500 8.648438 3.232422 -1.090396 0.577049 -0.321829
    15 7.558525 6.997282 -2.354134 -1.937336 -0.275393 3.010581
    16 7.558525 6.997282 -2.354134 1.937336 0.275393 -0.131011
    17 -2.867767 -2.740969 0.531125 2.051196 0.577049 -0.321829
    18 1.714627 1.474431 0.518124 -2.696864 0.602820 1.570719
    19 1.723349 6.553699 -2.953298 -1.012250 -0.838336 0.871799
    20 2.025064 6.911882 -2.428975 1.116168 -0.631256 -1.553910
    21 2.089176 1.171337 1.683606 0.970384 0.892570 -2.324433
    22 6.946648 6.587124 1.429667 -1.090396 0.577049 -0.321829
    23 7.537933 7.453606 1.870349 -1.090396 0.577049 -0.321829
    24 8.154472 8.357077 2.329839 -1.090396 0.577049 -0.321829
    25 8.874294 9.411907 2.866308 -1.090396 0.577049 -0.321829
    26 -4.125858 -2.321501 1.394414 2.051196 0.577049 -0.321829
    27 -4.826813 -3.348669 0.872014 2.051196 0.577049 -0.321829
    28 -5.441669 -4.249685 0.413772 2.051196 0.577049 -0.321829
    29 -0.552532 -1.343527 1.604446 -0.415180 0.312114 -0.422073
    30 0.552589 1.343534 -1.604463 -0.253607 0.325476 -0.369600
    31 0.000000 -2.021618 -0.000004 0.186809 0.000000 0.000000
    32 -0.000021 2.021633 0.000027 0.186809 0.000000 0.000000
    33 -0.000004 -1.136217 -0.000004 -0.210111 0.000000 0.000000
    34 -0.000011 1.136200 -0.000019 -0.739179 0.000000 0.000000
    35 -0.032677 -4.587727 1.352317 2.844703 1.216154 2.484990
    36 0.032719 4.587772 -1.352291 2.889672 1.157031 2.159654
    37 0.000000 -1.754536 -0.000002 0.662896 0.000000 0.000000
    38 -0.000006 1.754520 -0.000034 0.901549 0.000000 0.000000
    39 0.000000 -1.227020 -0.000002 0.092660 0.000000 0.000000
    40 0.000002 1.227070 0.000032 1.674869 0.000000 0.000000
    41 -0.367996 -4.208406 0.173244 2.943027 1.091688 2.536231
    42 0.368011 4.208412 -0.173239 3.638008 1.113777 2.453336
    43 0.000000 -2.372318 -0.000004 0.722081 0.000000 0.000000
    44 -0.000006 2.372318 -0.000032 1.626622 0.000000 0.000000
    45 0.000004 -1.580070 -0.000001 0.034255 0.000000 0.000000
    46 -0.000002 1.580170 0.000030 1.150744 0.000000 0.000000
    47 -0.937645 -3.860697 -0.959317 3.044205 1.001841 2.581100
    48 0.937672 3.860714 0.959333 3.801913 0.921338 2.508790
    49 0.000000 -1.690632 0.000000 0.491549 0.000000 0.000000
    50 -0.000013 1.690666 0.000021 1.486632 0.000000 0.000000
    51 -0.000002 -1.423443 0.000002 0.234212 0.000000 0.000000
    52 0.000008 1.423420 0.000028 0.853658 0.000000 0.000000
    53 -1.546646 -3.404194 -1.915569 3.024293 0.944156 2.514436
    54 1.546661 3.404217 1.915585 4.044789 0.709183 2.327357
    55 0.000004 -1.437820 0.000000 0.424958 0.000000 0.000000
    56 -0.000021 1.437870 0.000031 1.044964 0.000000 0.000000
    57 -0.000002 -1.059402 0.000000 0.322075 0.000000 0.000000
    58 0.000006 1.059372 0.000008 0.883198 0.000000 0.000000
    59 -0.000004 -13.013485 -0.000004 0.010936 -0.284123 -0.076426
    60 0.161011 -10.812500 0.023087 0.010936 -0.284123 -0.076426
  time 60
    0 0.000000 0.826660 0.000001 -1.559900 -0.000006 -0.000006
    1 -7.059201 7.545358 -8.025539 -0.668399 0.071883 0.877341
    2 0.000000 14.313023 0.000003 -1.616776 0.000000 0.000000
    3 -0.000011 13.013483 -0.000005 1.225610 1.090031 0.994409
    4 -7.156250 28.656250 24.765625 2.947657 0.312156 -0.581899
    5 0.000000 -14.313034 0.000000 -0.487806 0.000000 0.000000
    6 -0.000004 -13.013485 -0.000004 0.000000 0.000000 0.000000
    7 -1.330879 -2.698427 0.462449 -0.194886 -0.547260 3.056712
    8 1.330910 2.698444 -0.462436 0.194890 0.547268 -0.084879
    9 1.878631 2.689718 0.221867 -0.651505 0.362347 -0.264020
    10 3.556210 4.238403 0.987502 -1.090396 0.577049 -0.321829
    11 4.139183 5.092691 1.421975 -1.090396 0.577049 -0.321829
    12 4.777527 6.028128 1.897721 -1.090396 0.577049 -0.321829
    13 5.490345 7.072691 2.428969 -1.090396 0.577049 -0.321829
    14 6.562500 8.648438 3.232422 -1.090396 0.577049 -0.321829
    15 7.558525 6.997282 -2.354134 -1.937336 -0.275393 3.010581
    16 7.558525 6.997282 -2.354134 1.937336 0.275393 -0.131011
    17 -2.867767 -2.740969 0.531125 2.051196 0.577049 -0.321829
    18 1.714627 1.474431 0.518124 -2.696864 0.602820 1.570719
    19 1.723349 6.549793 -2.949391 -1.012250 -0.838336 0.871799
    20 2.025064 6.907976 -2.432882 1.116168 -0.631256 -1.553910
    21 2.089176 1.167431 1.687513 0.970384 0.892570 -2.324433
    22 6.946648 6.587124 1.429667 -1.090396 0.577049 -0.321829
    23 7.537933 7.453606 1.870349 -1.090396 0.577049 -0.321829
    24 8.154472 8.357077 2.329839 -1.090396 0.577049 -0.321829
    25 8.874294 9.411907 2.866308 -1.090396 0.577049 -0.321829
    26 -4.125858 -2.321501 1.394414 2.051196 0.577049 -0.321829
    27 -4.826813 -3.348669 0.872014 2.051196 0.577049 -0.321829
    28 -5.441669 -4.249685 0.413772 2.051196 0.577049 -0.321829
    29 -0.552532 -1.343527 1.604446 -0.415180 0.312114 -0.422073
    30 0.552589 1.343534 -1.604463 -0.253607 0.325476 -0.369600
    31 0.000000 -2.021618 -0.000004 0.186809 0.000000 0.000000
    32 -0.000021 2.021633 0.000027 0.186809 0.000000 0.000000
    33 -0.000004 -1.136217 -0.000004 -0.210111 0.000000 0.000000
    34 -0.000011 1.136200 -0.000019 -0.739179 0.000000 0.000000
    35 -0.032677 -4.587727 1.352317 2.844703 1.216154 2.484990
    36 0.032719 4.587772 -1.352291 2.889672 1.157031 2.159654
    37 0.000000 -1.754536 -0.000002 0.662896 0.000000 0.000000
    38 -0.000006 1.754520 -0.000034 0.901549 0.000000 0.000000
    39 0.000000 -1.227020 -0.000002 0.092660 0.000000 0.000000
    40 0.000002 1.227070 0.000032 1.674869 0.000000 0.000000
    41 -0.367996 -4.208406 0.173244 2.943027 1.091688 2.536231
    42 0.368011 4.208412 -0.173239 3.638008 1.113777 2.453336
    43 0.000000 -2.372318 -0.000004 0.722081 0.000000 0.000000
    44 -0.000006 2.372318 -0.000032 1.626622 0.000000 0.000000
    45 0.000004 -1.580070 -0.000001 0.034255 0.000000 0.000000
    46 -0.000002 1.580170 0.000030 1.150744 0.000000 0.000000
    47 -0.937645 -3.860697 -0.959317 3.044205 1.001841 2.581100
    48 0.937672 3.860714 0.959333 3.801913 0.921338 2.508790
    49 0.000000 -1.690632 0.000000 0.491549 0.000000 0.000000
    50 -0.000013 1.690666 0.000021 1.486632 0.000000 0.000000
    51 -0.000002 -1.423443 0.000002 0.234212 0.000000 0.000000
    52 0.000008 1.423420 0.000028 0.853658 0.000000 0.000000
    53 -1.546646 -3.404194 -1.915569 3.024293 0.944156 2.514436
    54 1.546661 3.404217 1.915585 4.044789 0.709183 2.327357
    55 0.000004 -1.437820 0.000000 0.424958 0.000000 0.000000
    56 -0.000021 1.437870 0.000031 1.044964 0.000000 0.000000
    57 -0.000002 -1.059402 0.000000 0.322075 0.000000 0.000000
    58 0.000006 1.059372 0.000008 0.883198 0.000000 0.000000
    59 -0.000004 -13.013485 -0.000004 0.010936 -0.284123 -0.076426
    60 0.161011 -10.812500 0.023087 0.010936 -0.284123 -0.076426
end
