// Created by Crowbar 0.74
version 1
nodes
  0 "root" -1
  1 "bip_upperArm_R" 0
  2 "bip_lowerArm_R" 1
  3 "bip_hand_R" 2
  4 "bip_upperArm_L" 0
  5 "bip_lowerArm_L" 4
  6 "bip_hand_L" 5
  7 "effect_hand_L" 6
  8 "effect_hand_R" 3
  9 "weapon_bone" 3
  10 "weapon_bone_1" 3
  11 "weapon_bone_2" 3
  12 "weapon_bone_3" 3
  13 "weapon_bone_4" 3
  14 "weapon_bone_5" 3
  15 "weapon_bone_6" 3
  16 "weapon_bone_7" 3
  17 "weapon_bone_L" 6
  18 "vm_weapon_bone" 3
  19 "vm_weapon_bone_1" 3
  20 "vm_weapon_bone_2" 3
  21 "vm_weapon_bone_3" 3
  22 "vm_weapon_bone_4" 3
  23 "vm_weapon_bone_5" 3
  24 "vm_weapon_bone_6" 3
  25 "vm_weapon_bone_7" 3
  26 "vm_weapon_bone_L" 6
  27 "vm_weapon_bone_L_1" 6
  28 "vm_weapon_bone_L_2" 6
  29 "bip_thumb_0_L" 6
  30 "bip_thumb_0_R" 3
  31 "bip_thumb_1_L" 29
  32 "bip_thumb_1_R" 30
  33 "bip_thumb_2_L" 31
  34 "bip_thumb_2_R" 32
  35 "bip_index_0_L" 6
  36 "bip_index_0_R" 3
  37 "bip_index_1_L" 35
  38 "bip_index_1_R" 36
  39 "bip_index_2_L" 37
  40 "bip_index_2_R" 38
  41 "bip_middle_0_L" 6
  42 "bip_middle_0_R" 3
  43 "bip_middle_1_L" 41
  44 "bip_middle_1_R" 42
  45 "bip_middle_2_L" 43
  46 "bip_middle_2_R" 44
  47 "bip_ring_0_L" 6
  48 "bip_ring_0_R" 3
  49 "bip_ring_1_L" 47
  50 "bip_ring_1_R" 48
  51 "bip_ring_2_L" 49
  52 "bip_ring_2_R" 50
  53 "bip_pinky_0_L" 6
  54 "bip_pinky_0_R" 3
  55 "bip_pinky_1_L" 53
  56 "bip_pinky_1_R" 54
  57 "bip_pinky_2_L" 55
  58 "bip_pinky_2_R" 56
  59 "Sleeve_Control" 5
  60 "Wrist_Control" 5
end
skeleton
  time 0
    0 0.000000 0.826660 0.000001 -1.559900 -0.000006 -0.000006
    1 -7.059201 7.545358 -8.025539 -0.717145 -0.517886 0.839914
    2 0.000000 14.313023 0.000003 -1.207969 0.000000 0.000000
    3 -0.000011 13.013483 -0.000005 0.726270 -0.573551 -0.696584
    4 -7.156250 28.656250 24.765625 2.947657 0.312156 -0.581899
    5 0.000000 -14.313034 0.000000 -0.487806 0.000000 0.000000
    6 -0.000004 -13.013485 -0.000004 0.000000 0.000000 0.000000
    7 -1.330879 -2.698427 0.462449 -0.194886 -0.547260 3.056712
    8 1.330910 2.698444 -0.462436 0.194890 0.547268 -0.084879
    9 1.384058 2.444332 -0.131713 -1.929002 -0.920405 2.010435
    10 3.556210 4.238403 0.987502 -1.090396 0.577049 -0.321829
    11 4.139183 5.092691 1.421975 -1.090396 0.577049 -0.321829
    12 4.777527 6.028128 1.897721 -1.090396 0.577049 -0.321829
    13 5.490345 7.072691 2.428969 -1.090396 0.577049 -0.321829
    14 6.562500 8.648438 3.230469 -1.090396 0.577049 -0.321829
    15 7.558525 6.997282 -2.354134 -1.937336 -0.275393 3.010581
    16 7.558525 6.997282 -2.354134 1.937336 0.275393 -0.131011
    17 -2.867767 -2.740969 0.531125 2.051196 0.577049 -0.321829
    18 1.714627 1.474431 0.518124 1.310031 0.602820 1.570623
    19 1.703817 6.538074 -2.968923 -3.774956 -0.158622 0.227815
    20 2.361012 6.693125 -2.862582 -2.932138 -0.620369 -1.481248
    21 2.956390 0.987738 1.253906 -2.497046 -0.093760 -2.577622
    22 6.946648 6.587124 1.429667 -1.090396 0.577049 -0.321829
    23 7.537933 7.453606 1.870349 -1.090396 0.577049 -0.321829
    24 8.154472 8.357077 2.329839 -1.090396 0.577049 -0.321829
    25 8.874294 9.411907 2.866308 -1.090396 0.577049 -0.321829
    26 -4.125858 -2.321501 1.394414 2.051196 0.577049 -0.321829
    27 -4.826813 -3.348669 0.872014 2.051196 0.577049 -0.321829
    28 -5.441669 -4.249685 0.413772 2.051196 0.577049 -0.321829
    29 -0.552532 -1.343527 1.604446 -0.415180 0.312114 -0.422073
    30 0.552589 1.343534 -1.604463 -0.253607 0.325476 -0.369600
    31 0.000000 -2.021618 -0.000004 0.186809 0.000000 0.000000
    32 -0.000021 2.021633 0.000027 0.186809 0.000000 0.000000
    33 -0.000004 -1.136217 -0.000004 -0.210111 0.000000 0.000000
    34 -0.000011 1.136200 -0.000019 -0.739179 0.000000 0.000000
    35 -0.032677 -4.587727 1.352317 2.844703 1.216154 2.484990
    36 0.032719 4.587772 -1.352291 4.943071 1.369101 4.491303
    37 0.000000 -1.754536 -0.000002 0.662896 0.000000 0.000000
    38 -0.000006 1.754520 -0.000034 0.816238 0.000000 0.000000
    39 0.000000 -1.227020 -0.000002 0.092660 0.000000 0.000000
    40 0.000002 1.227070 0.000032 0.739549 0.000000 0.000000
    41 -0.367996 -4.208406 0.173244 2.943027 1.091688 2.536231
    42 0.368011 4.208412 -0.173239 3.457392 1.091688 2.536231
    43 0.000000 -2.372318 -0.000004 0.722081 0.000000 0.000000
    44 -0.000006 2.372318 -0.000032 1.427621 0.000000 0.000000
    45 0.000004 -1.580070 -0.000001 0.034255 0.000000 0.000000
    46 -0.000002 1.580170 0.000030 0.739840 0.000000 0.000000
    47 -0.937645 -3.860697 -0.959317 3.044205 1.001841 2.581100
    48 0.937672 3.860714 0.959333 3.709847 1.001840 2.581100
    49 0.000000 -1.690632 0.000000 0.491549 0.000000 0.000000
    50 -0.000013 1.690666 0.000021 1.420484 0.000000 0.000000
    51 -0.000002 -1.423443 0.000002 0.234212 0.000000 0.000000
    52 0.000008 1.423420 0.000028 0.989395 0.000000 0.000000
    53 -1.546646 -3.404194 -1.915569 3.024293 0.944156 2.514436
    54 1.546661 3.404217 1.915585 4.042944 0.944156 2.514435
    55 0.000004 -1.437820 0.000000 0.424958 0.000000 0.000000
    56 -0.000021 1.437870 0.000031 1.008519 0.000000 0.000000
    57 -0.000002 -1.059402 0.000000 0.322075 0.000000 0.000000
    58 0.000006 1.059372 0.000008 0.608383 0.000000 0.000000
    59 -0.000004 -13.013485 -0.000004 0.010936 -0.284123 -0.076426
    60 0.161011 -10.812500 0.023087 0.010936 -0.284123 -0.076426
  time 1
    0 0.000000 0.826660 0.000001 -1.559900 -0.000006 -0.000006
    1 -7.059201 7.545358 -8.025539 -0.661396 -0.512735 0.860003
    2 0.000000 14.313023 0.000003 -1.378127 0.000000 0.000000
    3 -0.000011 13.013483 -0.000005 0.837298 -0.514687 -0.736844
    4 -7.156250 28.656250 24.765625 2.947657 0.312156 -0.581899
    5 0.000000 -14.313034 0.000000 -0.487806 0.000000 0.000000
    6 -0.000004 -13.013485 -0.000004 0.000000 0.000000 0.000000
    7 -1.330879 -2.698427 0.462449 -0.194886 -0.547260 3.056712
    8 1.330910 2.698444 -0.462436 0.194890 0.547268 -0.084879
    9 1.384058 2.444332 -0.131713 -1.929002 -0.920405 2.010529
    10 3.556210 4.238403 0.987502 -1.090396 0.577049 -0.321829
    11 4.139183 5.092691 1.421975 -1.090396 0.577049 -0.321829
    12 4.777527 6.028128 1.897721 -1.090396 0.577049 -0.321829
    13 5.490345 7.072691 2.428969 -1.090396 0.577049 -0.321829
    14 6.562500 8.648438 3.230469 -1.090396 0.577049 -0.321829
    15 7.558525 6.997282 -2.354134 -1.937336 -0.275393 3.010581
    16 7.558525 6.997282 -2.354134 1.937336 0.275393 -0.131011
    17 -2.867767 -2.740969 0.531125 2.051196 0.577049 -0.321829
    18 1.714627 1.474431 0.518124 1.310031 0.602820 1.570719
    19 1.703817 6.534167 -2.972830 -3.774956 -0.158622 0.227815
    20 2.361012 6.689219 -2.866489 -2.932138 -0.620369 -1.481248
    21 2.956390 0.987738 1.249999 -2.497046 -0.093760 -2.577622
    22 6.946648 6.587124 1.429667 -1.090396 0.577049 -0.321829
    23 7.537933 7.453606 1.870349 -1.090396 0.577049 -0.321829
    24 8.154472 8.357077 2.329839 -1.090396 0.577049 -0.321829
    25 8.874294 9.411907 2.866308 -1.090396 0.577049 -0.321829
    26 -4.125858 -2.321501 1.394414 2.051196 0.577049 -0.321829
    27 -4.826813 -3.348669 0.872014 2.051196 0.577049 -0.321829
    28 -5.441669 -4.249685 0.413772 2.051196 0.577049 -0.321829
    29 -0.552532 -1.343527 1.604446 -0.415180 0.312114 -0.422073
    30 0.552589 1.343534 -1.604463 -0.253163 0.325476 -0.369600
    31 0.000000 -2.021618 -0.000004 0.186809 0.000000 0.000000
    32 -0.000021 2.021633 0.000027 0.186809 0.000000 0.000000
    33 -0.000004 -1.136217 -0.000004 -0.210111 0.000000 0.000000
    34 -0.000011 1.136200 -0.000019 -0.739179 0.000000 0.000000
    35 -0.032677 -4.587727 1.352317 2.844703 1.216154 2.484990
    36 0.032719 4.587772 -1.352291 4.964948 1.365389 4.510641
    37 0.000000 -1.754536 -0.000002 0.662896 0.000000 0.000000
    38 -0.000006 1.754520 -0.000034 0.823404 0.000000 0.000000
    39 0.000000 -1.227020 -0.000002 0.092660 0.000000 0.000000
    40 0.000002 1.227070 0.000032 0.748935 0.000000 0.000000
    41 -0.367996 -4.208406 0.173244 2.943027 1.091688 2.536231
    42 0.368011 4.208412 -0.173239 3.402336 1.091688 2.536231
    43 0.000000 -2.372318 -0.000004 0.722081 0.000000 0.000000
    44 -0.000006 2.372318 -0.000032 1.393314 0.000000 0.000000
    45 0.000004 -1.580070 -0.000001 0.034255 0.000000 0.000000
    46 -0.000002 1.580170 0.000030 0.697970 0.000000 0.000000
    47 -0.937645 -3.860697 -0.959317 3.044205 1.001841 2.581100
    48 0.937672 3.860714 0.959333 3.665068 0.998818 2.586929
    49 0.000000 -1.690632 0.000000 0.491549 0.000000 0.000000
    50 -0.000013 1.690666 0.000021 1.365201 0.000000 0.000000
    51 -0.000002 -1.423443 0.000002 0.234212 0.000000 0.000000
    52 0.000008 1.423420 0.000028 0.898365 0.000000 0.000000
    53 -1.546646 -3.404194 -1.915569 3.024293 0.944156 2.514436
    54 1.546661 3.404217 1.915585 3.977507 0.938019 2.524027
    55 0.000004 -1.437820 0.000000 0.424958 0.000000 0.000000
    56 -0.000021 1.437870 0.000031 1.019313 0.000000 0.000000
    57 -0.000002 -1.059402 0.000000 0.322075 0.000000 0.000000
    58 0.000006 1.059372 0.000008 0.524262 0.000000 0.000000
    59 -0.000004 -13.013485 -0.000004 0.010936 -0.284123 -0.076426
    60 0.161011 -10.812500 0.023087 0.010936 -0.284123 -0.076426
  time 2
    0 0.000000 0.826660 0.000001 -1.559900 -0.000006 -0.000006
    1 -7.059201 7.545358 -8.025539 -0.658816 -0.485552 0.927600
    2 0.000000 14.313023 0.000003 -1.526290 0.000000 0.000000
    3 -0.000011 13.013483 -0.000005 0.955301 -0.447898 -0.757644
    4 -7.156250 28.656250 24.765625 2.947657 0.312156 -0.581899
    5 0.000000 -14.313034 0.000000 -0.487806 0.000000 0.000000
    6 -0.000004 -13.013485 -0.000004 0.000000 0.000000 0.000000
    7 -1.330879 -2.698427 0.462449 -0.194886 -0.547260 3.056712
    8 1.330910 2.698444 -0.462436 0.194890 0.547268 -0.084879
    9 1.384058 2.444332 -0.131713 -1.929002 -0.920405 2.010529
    10 3.556210 4.238403 0.987502 -1.090396 0.577049 -0.321829
    11 4.139183 5.092691 1.421975 -1.090396 0.577049 -0.321829
    12 4.777527 6.028128 1.897721 -1.090396 0.577049 -0.321829
    13 5.490345 7.072691 2.428969 -1.090396 0.577049 -0.321829
    14 6.562500 8.648438 3.230469 -1.090396 0.577049 -0.321829
    15 7.558525 6.997282 -2.354134 -1.937336 -0.275393 3.010581
    16 7.558525 6.997282 -2.354134 1.937336 0.275393 -0.131011
    17 -2.867767 -2.740969 0.531125 2.051196 0.577049 -0.321829
    18 1.714627 1.474431 0.518124 1.310031 0.602820 1.570719
    19 1.703817 6.534167 -2.972830 -3.774956 -0.158622 0.227815
    20 2.361012 6.689219 -2.866489 -2.932138 -0.620369 -1.481248
    21 2.956390 0.983832 1.253906 -2.497046 -0.093760 -2.577622
    22 6.946648 6.587124 1.429667 -1.090396 0.577049 -0.321829
    23 7.537933 7.453606 1.870349 -1.090396 0.577049 -0.321829
    24 8.154472 8.357077 2.329839 -1.090396 0.577049 -0.321829
    25 8.874294 9.411907 2.866308 -1.090396 0.577049 -0.321829
    26 -4.125858 -2.321501 1.394414 2.051196 0.577049 -0.321829
    27 -4.826813 -3.348669 0.872014 2.051196 0.577049 -0.321829
    28 -5.441669 -4.249685 0.413772 2.051196 0.577049 -0.321829
    29 -0.552532 -1.343527 1.604446 -0.415180 0.312114 -0.422073
    30 0.552589 1.343534 -1.604463 -0.252353 0.325476 -0.369600
    31 0.000000 -2.021618 -0.000004 0.186809 0.000000 0.000000
    32 -0.000021 2.021633 0.000027 0.186809 0.000000 0.000000
    33 -0.000004 -1.136217 -0.000004 -0.210111 0.000000 0.000000
    34 -0.000011 1.136200 -0.000019 -0.739179 0.000000 0.000000
    35 -0.032677 -4.587727 1.352317 2.844703 1.216154 2.484990
    36 0.032719 4.587772 -1.352291 5.005576 1.357298 4.549469
    37 0.000000 -1.754536 -0.000002 0.662896 0.000000 0.000000
    38 -0.000006 1.754520 -0.000034 0.832611 0.000000 0.000000
    39 0.000000 -1.227020 -0.000002 0.092660 0.000000 0.000000
    40 0.000002 1.227070 0.000032 0.766974 0.000000 0.000000
    41 -0.367996 -4.208406 0.173244 2.943027 1.091688 2.536231
    42 0.368011 4.208412 -0.173239 3.325096 1.091688 2.536231
    43 0.000000 -2.372318 -0.000004 0.722081 0.000000 0.000000
    44 -0.000006 2.372318 -0.000032 1.350539 0.000000 0.000000
    45 0.000004 -1.580070 -0.000001 0.034255 0.000000 0.000000
    46 -0.000002 1.580170 0.000030 0.610135 0.000000 0.000000
    47 -0.937645 -3.860697 -0.959317 3.044205 1.001841 2.581100
    48 0.937672 3.860714 0.959333 3.613601 0.991878 2.600162
    49 0.000000 -1.690632 0.000000 0.491549 0.000000 0.000000
    50 -0.000013 1.690666 0.000021 1.297400 0.000000 0.000000
    51 -0.000002 -1.423443 0.000002 0.234212 0.000000 0.000000
    52 0.000008 1.423420 0.000028 0.784724 0.000000 0.000000
    53 -1.546646 -3.404194 -1.915569 3.024293 0.944156 2.514436
    54 1.546661 3.404217 1.915585 3.902287 0.924966 2.543901
    55 0.000004 -1.437820 0.000000 0.424958 0.000000 0.000000
    56 -0.000021 1.437870 0.000031 1.031177 0.000000 0.000000
    57 -0.000002 -1.059402 0.000000 0.322075 0.000000 0.000000
    58 0.000006 1.059372 0.000008 0.420946 0.000000 0.000000
    59 -0.000004 -13.013485 -0.000004 0.010936 -0.284123 -0.076426
    60 0.161011 -10.812500 0.023087 0.010936 -0.284123 -0.076426
  time 3
    0 0.000000 0.826660 0.000001 -1.559900 -0.000006 -0.000006
    1 -7.059201 7.545358 -8.025539 -0.704613 -0.428898 1.050268
    2 0.000000 14.313023 0.000003 -1.646225 0.000000 0.000000
    3 -0.000011 13.013483 -0.000005 1.039480 -0.362102 -0.741637
    4 -7.156250 28.656250 24.765625 2.947657 0.312156 -0.581899
    5 0.000000 -14.313034 0.000000 -0.487806 0.000000 0.000000
    6 -0.000004 -13.013485 -0.000004 0.000000 0.000000 0.000000
    7 -1.330879 -2.698427 0.462449 -0.194886 -0.547260 3.056712
    8 1.330910 2.698444 -0.462436 0.194890 0.547268 -0.084879
    9 1.384058 2.444332 -0.131713 -1.929002 -0.920405 2.010435
    10 3.556210 4.238403 0.987502 -1.090396 0.577049 -0.321829
    11 4.139183 5.092691 1.421975 -1.090396 0.577049 -0.321829
    12 4.777527 6.028128 1.897721 -1.090396 0.577049 -0.321829
    13 5.490345 7.072691 2.428969 -1.090396 0.577049 -0.321829
    14 6.562500 8.648438 3.230469 -1.090396 0.577049 -0.321829
    15 7.558525 6.997282 -2.354134 -1.937336 -0.275393 3.010581
    16 7.558525 6.997282 -2.354134 1.937336 0.275393 -0.131011
    17 -2.867767 -2.740969 0.531125 2.051196 0.577049 -0.321829
    18 1.714627 1.474431 0.518124 1.310031 0.602820 1.570623
    19 1.703817 6.538074 -2.968923 -3.774956 -0.158622 0.227815
    20 2.361012 6.693125 -2.862582 -2.932138 -0.620369 -1.481248
    21 2.956390 0.987738 1.249999 -2.497046 -0.093760 -2.577622
    22 6.946648 6.587124 1.429667 -1.090396 0.577049 -0.321829
    23 7.537933 7.453606 1.870349 -1.090396 0.577049 -0.321829
    24 8.154472 8.357077 2.329839 -1.090396 0.577049 -0.321829
    25 8.874294 9.411907 2.866308 -1.090396 0.577049 -0.321829
    26 -4.125858 -2.321501 1.394414 2.051196 0.577049 -0.321829
    27 -4.826813 -3.348669 0.872014 2.051196 0.577049 -0.321829
    28 -5.441669 -4.249685 0.413772 2.051196 0.577049 -0.321829
    29 -0.552532 -1.343527 1.604446 -0.415180 0.312114 -0.422073
    30 0.552589 1.343534 -1.604463 -0.251438 0.325476 -0.369600
    31 0.000000 -2.021618 -0.000004 0.186809 0.000000 0.000000
    32 -0.000021 2.021633 0.000027 0.186809 0.000000 0.000000
    33 -0.000004 -1.136217 -0.000004 -0.210111 0.000000 0.000000
    34 -0.000011 1.136200 -0.000019 -0.739179 0.000000 0.000000
    35 -0.032677 -4.587727 1.352317 2.844703 1.216154 2.484990
    36 0.032719 4.587772 -1.352291 5.046639 1.347946 4.590042
    37 0.000000 -1.754536 -0.000002 0.662896 0.000000 0.000000
    38 -0.000006 1.754520 -0.000034 0.840729 0.000000 0.000000
    39 0.000000 -1.227020 -0.000002 0.092660 0.000000 0.000000
    40 0.000002 1.227070 0.000032 0.787077 0.000000 0.000000
    41 -0.367996 -4.208406 0.173244 2.943027 1.091688 2.536231
    42 0.368011 4.208412 -0.173239 3.243994 1.091688 2.536231
    43 0.000000 -2.372318 -0.000004 0.722081 0.000000 0.000000
    44 -0.000006 2.372318 -0.000032 1.307019 0.000000 0.000000
    45 0.000004 -1.580070 -0.000001 0.034255 0.000000 0.000000
    46 -0.000002 1.580170 0.000030 0.501876 0.000000 0.000000
    47 -0.937645 -3.860697 -0.959317 3.044205 1.001841 2.581100
    48 0.937672 3.860714 0.959333 3.562876 0.982841 2.616861
    49 0.000000 -1.690632 0.000000 0.491549 0.000000 0.000000
    50 -0.000013 1.690666 0.000021 1.229249 0.000000 0.000000
    51 -0.000002 -1.423443 0.000002 0.234212 0.000000 0.000000
    52 0.000008 1.423420 0.000028 0.668514 0.000000 0.000000
    53 -1.546646 -3.404194 -1.915569 3.024293 0.944156 2.514436
    54 1.546661 3.404217 1.915585 3.828360 0.908629 2.567305
    55 0.000004 -1.437820 0.000000 0.424958 0.000000 0.000000
    56 -0.000021 1.437870 0.000031 1.041811 0.000000 0.000000
    57 -0.000002 -1.059402 0.000000 0.322075 0.000000 0.000000
    58 0.000006 1.059372 0.000008 0.317098 0.000000 0.000000
    59 -0.000004 -13.013485 -0.000004 0.010936 -0.284123 -0.076426
    60 0.161011 -10.812500 0.023087 0.010936 -0.284123 -0.076426
  time 4
    0 0.000000 0.826660 0.000001 -1.559900 -0.000006 -0.000006
    1 -7.059201 7.545358 -8.025539 -0.774644 -0.335714 1.218307
    2 0.000000 14.313023 0.000003 -1.727119 0.000000 0.000000
    3 -0.000011 13.013483 -0.000005 1.064514 -0.267626 -0.678276
    4 -7.156250 28.656250 24.765625 2.947657 0.312156 -0.581899
    5 0.000000 -14.313034 0.000000 -0.487806 0.000000 0.000000
    6 -0.000004 -13.013485 -0.000004 0.000000 0.000000 0.000000
    7 -1.330879 -2.698427 0.462449 -0.194886 -0.547260 3.056712
    8 1.330910 2.698444 -0.462436 0.194890 0.547268 -0.084879
    9 1.384058 2.444332 -0.131713 -1.929002 -0.920405 2.010435
    10 3.556210 4.238403 0.987502 -1.090396 0.577049 -0.321829
    11 4.139183 5.092691 1.421975 -1.090396 0.577049 -0.321829
    12 4.777527 6.028128 1.897721 -1.090396 0.577049 -0.321829
    13 5.490345 7.072691 2.428969 -1.090396 0.577049 -0.321829
    14 6.562500 8.648438 3.230469 -1.090396 0.577049 -0.321829
    15 7.558525 6.997282 -2.354134 -1.937336 -0.275393 3.010581
    16 7.558525 6.997282 -2.354134 1.937336 0.275393 -0.131011
    17 -2.867767 -2.740969 0.531125 2.051196 0.577049 -0.321829
    18 1.714627 1.474431 0.518124 1.310031 0.602820 1.570719
    19 1.703817 6.538074 -2.968923 -3.774956 -0.158622 0.227719
    20 2.361012 6.693125 -2.862582 -2.932138 -0.620369 -1.481248
    21 2.956390 0.987738 1.253906 -2.497046 -0.093760 -2.577622
    22 6.946648 6.587124 1.429667 -1.090396 0.577049 -0.321829
    23 7.537933 7.453606 1.870349 -1.090396 0.577049 -0.321829
    24 8.154472 8.357077 2.329839 -1.090396 0.577049 -0.321829
    25 8.874294 9.411907 2.866308 -1.090396 0.577049 -0.321829
    26 -4.125858 -2.321501 1.394414 2.051196 0.577049 -0.321829
    27 -4.826813 -3.348669 0.872014 2.051196 0.577049 -0.321829
    28 -5.441669 -4.249685 0.413772 2.051196 0.577049 -0.321829
    29 -0.552532 -1.343527 1.604446 -0.415180 0.312114 -0.422073
    30 0.552589 1.343534 -1.604463 -0.250576 0.325476 -0.369600
    31 0.000000 -2.021618 -0.000004 0.186809 0.000000 0.000000
    32 -0.000021 2.021633 0.000027 0.186809 0.000000 0.000000
    33 -0.000004 -1.136217 -0.000004 -0.210111 0.000000 0.000000
    34 -0.000011 1.136200 -0.000019 -0.739179 0.000000 0.000000
    35 -0.032677 -4.587727 1.352317 2.844703 1.216154 2.484990
    36 0.032719 4.587772 -1.352291 5.080149 1.339261 4.623789
    37 0.000000 -1.754536 -0.000002 0.662896 0.000000 0.000000
    38 -0.000006 1.754520 -0.000034 0.846852 0.000000 0.000000
    39 0.000000 -1.227020 -0.000002 0.092660 0.000000 0.000000
    40 0.000002 1.227070 0.000032 0.806448 0.000000 0.000000
    41 -0.367996 -4.208406 0.173244 2.943027 1.091688 2.536231
    42 0.368011 4.208412 -0.173239 3.161455 1.091688 2.536231
    43 0.000000 -2.372318 -0.000004 0.722081 0.000000 0.000000
    44 -0.000006 2.372318 -0.000032 1.263367 0.000000 0.000000
    45 0.000004 -1.580070 -0.000001 0.034255 0.000000 0.000000
    46 -0.000002 1.580170 0.000030 0.382240 0.000000 0.000000
    47 -0.937645 -3.860697 -0.959317 3.044205 1.001841 2.581100
    48 0.937672 3.860714 0.959333 3.512431 0.972446 2.635056
    49 0.000000 -1.690632 0.000000 0.491549 0.000000 0.000000
    50 -0.000013 1.690666 0.000021 1.161798 0.000000 0.000000
    51 -0.000002 -1.423443 0.000002 0.234212 0.000000 0.000000
    52 0.000008 1.423420 0.000028 0.551570 0.000000 0.000000
    53 -1.546646 -3.404194 -1.915569 3.024293 0.944156 2.514436
    54 1.546661 3.404217 1.915585 3.755355 0.890275 2.592091
    55 0.000004 -1.437820 0.000000 0.424958 0.000000 0.000000
    56 -0.000021 1.437870 0.000031 1.050843 0.000000 0.000000
    57 -0.000002 -1.059402 0.000000 0.322075 0.000000 0.000000
    58 0.000006 1.059372 0.000008 0.214139 0.000000 0.000000
    59 -0.000004 -13.013485 -0.000004 0.010936 -0.284123 -0.076426
    60 0.161011 -10.812500 0.023087 0.010936 -0.284123 -0.076426
  time 5
    0 0.000000 0.826660 0.000001 -1.559900 -0.000006 -0.000006
    1 -7.059201 7.545358 -8.025539 -0.826246 -0.219019 1.374888
    2 0.000000 14.313023 0.000003 -1.763473 0.000000 0.000000
    3 -0.000011 13.013483 -0.000005 1.033651 -0.200036 -0.594690
    4 -7.156250 28.656250 24.765625 2.947657 0.312156 -0.581899
    5 0.000000 -14.313034 0.000000 -0.487806 0.000000 0.000000
    6 -0.000004 -13.013485 -0.000004 0.000000 0.000000 0.000000
    7 -1.330879 -2.698427 0.462449 -0.194886 -0.547260 3.056712
    8 1.330910 2.698444 -0.462436 0.194890 0.547268 -0.084879
    9 1.384058 2.444332 -0.131713 -1.929002 -0.920405 2.010435
    10 3.556210 4.238403 0.987502 -1.090396 0.577049 -0.321829
    11 4.139183 5.092691 1.421975 -1.090396 0.577049 -0.321829
    12 4.777527 6.028128 1.897721 -1.090396 0.577049 -0.321829
    13 5.490345 7.072691 2.428969 -1.090396 0.577049 -0.321829
    14 6.562500 8.648438 3.230469 -1.090396 0.577049 -0.321829
    15 7.558525 6.997282 -2.354134 -1.937336 -0.275393 3.010581
    16 7.558525 6.997282 -2.354134 1.937336 0.275393 -0.131011
    17 -2.867767 -2.740969 0.531125 2.051196 0.577049 -0.321829
    18 1.714627 1.474431 0.518124 1.310031 0.602820 1.570719
    19 1.703817 6.538074 -2.972830 -3.774861 -0.158622 0.227815
    20 2.361012 6.693125 -2.866489 -2.932138 -0.620369 -1.481248
    21 2.956390 0.987738 1.249999 -2.497046 -0.093760 -2.577622
    22 6.946648 6.587124 1.429667 -1.090396 0.577049 -0.321829
    23 7.537933 7.453606 1.870349 -1.090396 0.577049 -0.321829
    24 8.154472 8.357077 2.329839 -1.090396 0.577049 -0.321829
    25 8.874294 9.411907 2.866308 -1.090396 0.577049 -0.321829
    26 -4.125858 -2.321501 1.394414 2.051196 0.577049 -0.321829
    27 -4.826813 -3.348669 0.872014 2.051196 0.577049 -0.321829
    28 -5.441669 -4.249685 0.413772 2.051196 0.577049 -0.321829
    29 -0.552532 -1.343527 1.604446 -0.415180 0.312114 -0.422073
    30 0.552589 1.343534 -1.604463 -0.249792 0.325476 -0.369600
    31 0.000000 -2.021618 -0.000004 0.186809 0.000000 0.000000
    32 -0.000021 2.021633 0.000027 0.186809 0.000000 0.000000
    33 -0.000004 -1.136217 -0.000004 -0.210111 0.000000 0.000000
    34 -0.000011 1.136200 -0.000019 -0.739179 0.000000 0.000000
    35 -0.032677 -4.587727 1.352317 2.844703 1.216154 2.484990
    36 0.032719 4.587772 -1.352291 5.101592 1.333137 4.645933
    37 0.000000 -1.754536 -0.000002 0.662896 0.000000 0.000000
    38 -0.000006 1.754520 -0.000034 0.850435 0.000000 0.000000
    39 0.000000 -1.227020 -0.000002 0.092660 0.000000 0.000000
    40 0.000002 1.227070 0.000032 0.823156 0.000000 0.000000
    41 -0.367996 -4.208406 0.173244 2.943027 1.091688 2.536231
    42 0.368011 4.208412 -0.173239 3.078915 1.091688 2.536231
    43 0.000000 -2.372318 -0.000004 0.722081 0.000000 0.000000
    44 -0.000006 2.372318 -0.000032 1.220066 0.000000 0.000000
    45 0.000004 -1.580070 -0.000001 0.034255 0.000000 0.000000
    46 -0.000002 1.580170 0.000030 0.256688 0.000000 0.000000
    47 -0.937645 -3.860697 -0.959317 3.044205 1.001841 2.581100
    48 0.937672 3.860714 0.959333 3.461985 0.961250 2.653803
    49 0.000000 -1.690632 0.000000 0.491549 0.000000 0.000000
    50 -0.000013 1.690666 0.000021 1.096150 0.000000 0.000000
    51 -0.000002 -1.423443 0.000002 0.234212 0.000000 0.000000
    52 0.000008 1.423420 0.000028 0.435066 0.000000 0.000000
    53 -1.546646 -3.404194 -1.915569 3.024293 0.944156 2.514436
    54 1.546661 3.404217 1.915585 3.683181 0.870711 2.616722
    55 0.000004 -1.437820 0.000000 0.424958 0.000000 0.000000
    56 -0.000021 1.437870 0.000031 1.057950 0.000000 0.000000
    57 -0.000002 -1.059402 0.000000 0.322075 0.000000 0.000000
    58 0.000006 1.059372 0.000008 0.113667 0.000000 0.000000
    59 -0.000004 -13.013485 -0.000004 0.010936 -0.284123 -0.076426
    60 0.161011 -10.812500 0.023087 0.010936 -0.284123 -0.076426
  time 6
    0 0.000000 0.826660 0.000001 -1.559900 -0.000006 -0.000006
    1 -7.059201 7.545358 -8.025539 -0.844123 -0.115248 1.447297
    2 0.000000 14.313023 0.000003 -1.761701 0.000000 0.000000
    3 -0.000011 13.013483 -0.000005 0.966098 -0.198432 -0.536793
    4 -7.156250 28.656250 24.765625 2.947657 0.312156 -0.581899
    5 0.000000 -14.313034 0.000000 -0.487806 0.000000 0.000000
    6 -0.000004 -13.013485 -0.000004 0.000000 0.000000 0.000000
    7 -1.330879 -2.698427 0.462449 -0.194886 -0.547260 3.056712
    8 1.330910 2.698444 -0.462436 0.194890 0.547268 -0.084879
    9 1.384058 2.444332 -0.131713 -1.929002 -0.920405 2.010435
    10 3.556210 4.238403 0.987502 -1.090396 0.577049 -0.321829
    11 4.139183 5.092691 1.421975 -1.090396 0.577049 -0.321829
    12 4.777527 6.028128 1.897721 -1.090396 0.577049 -0.321829
    13 5.490345 7.072691 2.428969 -1.090396 0.577049 -0.321829
    14 6.562500 8.648438 3.230469 -1.090396 0.577049 -0.321829
    15 7.558525 6.997282 -2.354134 -1.937336 -0.275393 3.010581
    16 7.558525 6.997282 -2.354134 1.937336 0.275393 -0.131011
    17 -2.867767 -2.740969 0.531125 2.051196 0.577049 -0.321829
    18 1.714627 1.474431 0.518124 1.310031 0.602820 1.570719
    19 1.703817 6.534167 -2.972830 -3.774956 -0.158622 0.227719
    20 2.361012 6.689219 -2.862582 -2.932138 -0.620369 -1.481248
    21 2.956390 0.987738 1.249999 -2.497046 -0.093760 -2.577622
    22 6.946648 6.587124 1.429667 -1.090396 0.577049 -0.321829
    23 7.537933 7.453606 1.870349 -1.090396 0.577049 -0.321829
    24 8.154472 8.357077 2.329839 -1.090396 0.577049 -0.321829
    25 8.874294 9.411907 2.866308 -1.090396 0.577049 -0.321829
    26 -4.125858 -2.321501 1.394414 2.051196 0.577049 -0.321829
    27 -4.826813 -3.348669 0.872014 2.051196 0.577049 -0.321829
    28 -5.441669 -4.249685 0.413772 2.051196 0.577049 -0.321829
    29 -0.552532 -1.343527 1.604446 -0.415180 0.312114 -0.422073
    30 0.552589 1.343534 -1.604463 -0.249217 0.325476 -0.369600
    31 0.000000 -2.021618 -0.000004 0.186809 0.000000 0.000000
    32 -0.000021 2.021633 0.000027 0.186809 0.000000 0.000000
    33 -0.000004 -1.136217 -0.000004 -0.210111 0.000000 0.000000
    34 -0.000011 1.136200 -0.000019 -0.739179 0.000000 0.000000
    35 -0.032677 -4.587727 1.352317 2.844703 1.216154 2.484990
    36 0.032719 4.587772 -1.352291 5.107322 1.331319 4.652303
    37 0.000000 -1.754536 -0.000002 0.662896 0.000000 0.000000
    38 -0.000006 1.754520 -0.000034 0.850571 0.000000 0.000000
    39 0.000000 -1.227020 -0.000002 0.092660 0.000000 0.000000
    40 0.000002 1.227070 0.000032 0.836003 0.000000 0.000000
    41 -0.367996 -4.208406 0.173244 2.943027 1.091688 2.536231
    42 0.368011 4.208412 -0.173239 2.998173 1.091688 2.536231
    43 0.000000 -2.372318 -0.000004 0.722081 0.000000 0.000000
    44 -0.000006 2.372318 -0.000032 1.177949 0.000000 0.000000
    45 0.000004 -1.580070 -0.000001 0.034255 0.000000 0.000000
    46 -0.000002 1.580170 0.000030 0.130169 0.000000 0.000000
    47 -0.937645 -3.860697 -0.959317 3.044205 1.001841 2.581100
    48 0.937672 3.860714 0.959333 3.411818 0.949715 2.672157
    49 0.000000 -1.690632 0.000000 0.491549 0.000000 0.000000
    50 -0.000013 1.690666 0.000021 1.033457 0.000000 0.000000
    51 -0.000002 -1.423443 0.000002 0.234212 0.000000 0.000000
    52 0.000008 1.423420 0.000028 0.320911 0.000000 0.000000
    53 -1.546646 -3.404194 -1.915569 3.024293 0.944156 2.514436
    54 1.546661 3.404217 1.915585 3.612576 0.850714 2.640357
    55 0.000004 -1.437820 0.000000 0.424958 0.000000 0.000000
    56 -0.000021 1.437870 0.000031 1.062813 0.000000 0.000000
    57 -0.000002 -1.059402 0.000000 0.322075 0.000000 0.000000
    58 0.000006 1.059372 0.000008 0.017520 0.000000 0.000000
    59 -0.000004 -13.013485 -0.000004 0.010936 -0.284123 -0.076426
    60 0.161011 -10.812500 0.023087 0.010936 -0.284123 -0.076426
  time 7
    0 0.000000 0.826660 0.000001 -1.559900 -0.000006 -0.000006
    1 -7.059201 7.545358 -8.025539 -0.848730 -0.043333 1.420640
    2 0.000000 14.313023 0.000003 -1.734634 0.000000 0.000000
    3 -0.000011 13.013483 -0.000005 0.861281 -0.260504 -0.497588
    4 -7.156250 28.656250 24.765625 2.947657 0.312156 -0.581899
    5 0.000000 -14.313034 0.000000 -0.487806 0.000000 0.000000
    6 -0.000004 -13.013485 -0.000004 0.000000 0.000000 0.000000
    7 -1.330879 -2.698427 0.462449 -0.194886 -0.547260 3.056712
    8 1.330910 2.698444 -0.462436 0.194890 0.547268 -0.084879
    9 1.384058 2.444332 -0.131713 -1.929002 -0.920405 2.010435
    10 3.556210 4.238403 0.987502 -1.090396 0.577049 -0.321829
    11 4.139183 5.092691 1.421975 -1.090396 0.577049 -0.321829
    12 4.777527 6.028128 1.897721 -1.090396 0.577049 -0.321829
    13 5.490345 7.072691 2.428969 -1.090396 0.577049 -0.321829
    14 6.562500 8.648438 3.230469 -1.090396 0.577049 -0.321829
    15 7.558525 6.997282 -2.354134 -1.937336 -0.275393 3.010581
    16 7.558525 6.997282 -2.354134 1.937336 0.275393 -0.131011
    17 -2.867767 -2.740969 0.531125 2.051196 0.577049 -0.321829
    18 1.714627 1.474431 0.518124 1.310031 0.602820 1.570719
    19 1.703817 6.538074 -2.968923 -3.774861 -0.158622 0.227815
    20 2.361012 6.689219 -2.862582 -2.932138 -0.620369 -1.481248
    21 2.956390 0.987738 1.253906 -2.497046 -0.093760 -2.577622
    22 6.946648 6.587124 1.429667 -1.090396 0.577049 -0.321829
    23 7.537933 7.453606 1.870349 -1.090396 0.577049 -0.321829
    24 8.154472 8.357077 2.329839 -1.090396 0.577049 -0.321829
    25 8.874294 9.411907 2.866308 -1.090396 0.577049 -0.321829
    26 -4.125858 -2.321501 1.394414 2.051196 0.577049 -0.321829
    27 -4.826813 -3.348669 0.872014 2.051196 0.577049 -0.321829
    28 -5.441669 -4.249685 0.413772 2.051196 0.577049 -0.321829
    29 -0.552532 -1.343527 1.604446 -0.415180 0.312114 -0.422073
    30 0.552589 1.343534 -1.604463 -0.248904 0.325476 -0.369600
    31 0.000000 -2.021618 -0.000004 0.186809 0.000000 0.000000
    32 -0.000021 2.021633 0.000027 0.186809 0.000000 0.000000
    33 -0.000004 -1.136217 -0.000004 -0.210111 0.000000 0.000000
    34 -0.000011 1.136200 -0.000019 -0.739179 0.000000 0.000000
    35 -0.032677 -4.587727 1.352317 2.844703 1.216154 2.484990
    36 0.032719 4.587772 -1.352291 5.091956 1.335512 4.637591
    37 0.000000 -1.754536 -0.000002 0.662896 0.000000 0.000000
    38 -0.000006 1.754520 -0.000034 0.846308 0.000000 0.000000
    39 0.000000 -1.227020 -0.000002 0.092660 0.000000 0.000000
    40 0.000002 1.227070 0.000032 0.843592 0.000000 0.000000
    41 -0.367996 -4.208406 0.173244 2.943027 1.091688 2.536231
    42 0.368011 4.208412 -0.173239 2.919406 1.091688 2.536231
    43 0.000000 -2.372318 -0.000004 0.722081 0.000000 0.000000
    44 -0.000006 2.372318 -0.000032 1.136841 0.000000 0.000000
    45 0.000004 -1.580070 -0.000001 0.034255 0.000000 0.000000
    46 -0.000002 1.580170 0.000030 0.004446 0.000000 0.000000
    47 -0.937645 -3.860697 -0.959317 3.044205 1.001841 2.581100
    48 0.937672 3.860714 0.959333 3.361465 0.938117 2.689801
    49 0.000000 -1.690632 0.000000 0.491549 0.000000 0.000000
    50 -0.000013 1.690666 0.000021 0.973868 0.000000 0.000000
    51 -0.000002 -1.423443 0.000002 0.234212 0.000000 0.000000
    52 0.000008 1.423420 0.000028 0.209179 0.000000 0.000000
    53 -1.546646 -3.404194 -1.915569 3.024293 0.944156 2.514436
    54 1.546661 3.404217 1.915585 3.543171 0.830574 2.662763
    55 0.000004 -1.437820 0.000000 0.424958 0.000000 0.000000
    56 -0.000021 1.437870 0.000031 1.065111 0.000000 0.000000
    57 -0.000002 -1.059402 0.000000 0.322075 0.000000 0.000000
    58 0.000006 1.059372 0.000008 -0.074124 0.000000 0.000000
    59 -0.000004 -13.013485 -0.000004 0.010936 -0.284123 -0.076426
    60 0.161011 -10.812500 0.023087 0.010936 -0.284123 -0.076426
  time 8
    0 0.000000 0.826660 0.000001 -1.559900 -0.000006 -0.000006
    1 -7.059201 7.545358 -8.025539 -0.843201 0.002019 1.328601
    2 0.000000 14.313023 0.000003 -1.696326 0.000000 0.000000
    3 -0.000011 13.013483 -0.000005 0.240020 -0.362526 -0.367128
    4 -7.156250 28.656250 24.765625 2.947657 0.312156 -0.581899
    5 0.000000 -14.313034 0.000000 -0.487806 0.000000 0.000000
    6 -0.000004 -13.013485 -0.000004 0.000000 0.000000 0.000000
    7 -1.330879 -2.698427 0.462449 -0.194886 -0.547260 3.056712
    8 1.330910 2.698444 -0.462436 0.194890 0.547268 -0.084879
    9 1.384058 2.444332 -0.131713 -1.929002 -0.920405 2.010529
    10 3.556210 4.238403 0.987502 -1.090396 0.577049 -0.321829
    11 4.139183 5.092691 1.421975 -1.090396 0.577049 -0.321829
    12 4.777527 6.028128 1.897721 -1.090396 0.577049 -0.321829
    13 5.490345 7.072691 2.428969 -1.090396 0.577049 -0.321829
    14 6.562500 8.648438 3.230469 -1.090396 0.577049 -0.321829
    15 7.558525 6.997282 -2.354134 -1.937336 -0.275393 3.010581
    16 7.558525 6.997282 -2.354134 1.937336 0.275393 -0.131011
    17 -2.867767 -2.740969 0.531125 2.051196 0.577049 -0.321829
    18 1.714627 1.474431 0.514218 1.310031 0.602820 1.570719
    19 1.703817 6.534167 -2.972830 -3.774956 -0.158622 0.227815
    20 2.361012 6.689219 -2.866489 -2.932138 -0.620369 -1.481248
    21 2.956390 0.983832 1.249999 -2.497046 -0.093760 -2.577718
    22 6.946648 6.587124 1.429667 -1.090396 0.577049 -0.321829
    23 7.537933 7.453606 1.870349 -1.090396 0.577049 -0.321829
    24 8.154472 8.357077 2.329839 -1.090396 0.577049 -0.321829
    25 8.874294 9.411907 2.866308 -1.090396 0.577049 -0.321829
    26 -4.125858 -2.321501 1.394414 2.051196 0.577049 -0.321829
    27 -4.826813 -3.348669 0.872014 2.051196 0.577049 -0.321829
    28 -5.441669 -4.249685 0.413772 2.051196 0.577049 -0.321829
    29 -0.552532 -1.343527 1.604446 -0.415180 0.312114 -0.422073
    30 0.552589 1.343534 -1.604463 -0.248825 0.325476 -0.369600
    31 0.000000 -2.021618 -0.000004 0.186809 0.000000 0.000000
    32 -0.000021 2.021633 0.000027 0.186809 0.000000 0.000000
    33 -0.000004 -1.136217 -0.000004 -0.210111 0.000000 0.000000
    34 -0.000011 1.136200 -0.000019 -0.739179 0.000000 0.000000
    35 -0.032677 -4.587727 1.352317 2.844703 1.216154 2.484990
    36 0.032719 4.587772 -1.352291 5.044903 1.347612 4.591255
    37 0.000000 -1.754536 -0.000002 0.662896 0.000000 0.000000
    38 -0.000006 1.754520 -0.000034 0.835831 0.000000 0.000000
    39 0.000000 -1.227020 -0.000002 0.092660 0.000000 0.000000
    40 0.000002 1.227070 0.000032 0.844457 0.000000 0.000000
    41 -0.367996 -4.208406 0.173244 2.943027 1.091688 2.536231
    42 0.368011 4.208412 -0.173239 2.843154 1.091688 2.536231
    43 0.000000 -2.372318 -0.000004 0.722081 0.000000 0.000000
    44 -0.000006 2.372318 -0.000032 1.097226 0.000000 0.000000
    45 0.000004 -1.580070 -0.000001 0.034255 0.000000 0.000000
    46 -0.000002 1.580170 0.000030 -0.117864 0.000000 0.000000
    47 -0.937645 -3.860697 -0.959317 3.044205 1.001841 2.581100
    48 0.937672 3.860714 0.959333 3.310555 0.926767 2.706342
    49 0.000000 -1.690632 0.000000 0.491549 0.000000 0.000000
    50 -0.000013 1.690666 0.000021 0.918285 0.000000 0.000000
    51 -0.000002 -1.423443 0.000002 0.234212 0.000000 0.000000
    52 0.000008 1.423420 0.000028 0.100237 0.000000 0.000000
    53 -1.546646 -3.404194 -1.915569 3.024293 0.944156 2.514436
    54 1.546661 3.404217 1.915585 3.475704 0.810750 2.683328
    55 0.000004 -1.437820 0.000000 0.424958 0.000000 0.000000
    56 -0.000021 1.437870 0.000031 1.064256 0.000000 0.000000
    57 -0.000002 -1.059402 0.000000 0.322075 0.000000 0.000000
    58 0.000006 1.059372 0.000008 -0.159904 0.000000 0.000000
    59 -0.000004 -13.013485 -0.000004 0.010936 -0.284123 -0.076426
    60 0.161011 -10.812500 0.023087 0.010936 -0.284123 -0.076426
  time 9
    0 0.000000 0.826660 0.000001 -1.559900 -0.000006 -0.000006
    1 -7.059201 7.545358 -8.025539 -0.826154 0.033923 1.207461
    2 0.000000 14.313023 0.000003 -1.655146 0.000000 0.000000
    3 -0.000011 13.013483 -0.000005 0.165205 -0.398514 -0.090680
    4 -7.156250 28.656250 24.765625 2.947657 0.312156 -0.581899
    5 0.000000 -14.313034 0.000000 -0.487806 0.000000 0.000000
    6 -0.000004 -13.013485 -0.000004 0.000000 0.000000 0.000000
    7 -1.330879 -2.698427 0.462449 -0.194886 -0.547260 3.056712
    8 1.330910 2.698444 -0.462436 0.194890 0.547268 -0.084879
    9 1.384058 2.444332 -0.131713 -1.929002 -0.920405 2.010435
    10 3.556210 4.238403 0.987502 -1.090396 0.577049 -0.321829
    11 4.139183 5.092691 1.421975 -1.090396 0.577049 -0.321829
    12 4.777527 6.028128 1.897721 -1.090396 0.577049 -0.321829
    13 5.490345 7.072691 2.428969 -1.090396 0.577049 -0.321829
    14 6.562500 8.648438 3.230469 -1.090396 0.577049 -0.321829
    15 7.558525 6.997282 -2.354134 -1.937336 -0.275393 3.010581
    16 7.558525 6.997282 -2.354134 1.937336 0.275393 -0.131011
    17 -2.867767 -2.740969 0.531125 2.051196 0.577049 -0.321829
    18 1.714627 1.474431 0.518124 1.310031 0.602820 1.570719
    19 1.703817 6.538074 -2.972830 -3.774956 -0.158622 0.227815
    20 2.361012 6.693125 -2.862582 -2.932138 -0.620369 -1.481248
    21 2.956390 0.983832 1.253906 -2.497046 -0.093760 -2.577622
    22 6.946648 6.587124 1.429667 -1.090396 0.577049 -0.321829
    23 7.537933 7.453606 1.870349 -1.090396 0.577049 -0.321829
    24 8.154472 8.357077 2.329839 -1.090396 0.577049 -0.321829
    25 8.874294 9.411907 2.866308 -1.090396 0.577049 -0.321829
    26 -4.125858 -2.321501 1.394414 2.051196 0.577049 -0.321829
    27 -4.826813 -3.348669 0.872014 2.051196 0.577049 -0.321829
    28 -5.441669 -4.249685 0.413772 2.051196 0.577049 -0.321829
    29 -0.552532 -1.343527 1.604446 -0.415180 0.312114 -0.422073
    30 0.552589 1.343534 -1.604463 -0.249191 0.325476 -0.369600
    31 0.000000 -2.021618 -0.000004 0.186809 0.000000 0.000000
    32 -0.000021 2.021633 0.000027 0.186809 0.000000 0.000000
    33 -0.000004 -1.136217 -0.000004 -0.210111 0.000000 0.000000
    34 -0.000011 1.136200 -0.000019 -0.739179 0.000000 0.000000
    35 -0.032677 -4.587727 1.352317 2.844703 1.216154 2.484990
    36 0.032719 4.587772 -1.352291 4.943071 1.369101 4.491303
    37 0.000000 -1.754536 -0.000002 0.662896 0.000000 0.000000
    38 -0.000006 1.754520 -0.000034 0.816238 0.000000 0.000000
    39 0.000000 -1.227020 -0.000002 0.092660 0.000000 0.000000
    40 0.000002 1.227070 0.000032 0.837068 0.000000 0.000000
    41 -0.367996 -4.208406 0.173244 2.943027 1.091688 2.536231
    42 0.368011 4.208412 -0.173239 2.771123 1.091688 2.536231
    43 0.000000 -2.372318 -0.000004 0.722081 0.000000 0.000000
    44 -0.000006 2.372318 -0.000032 1.059935 0.000000 0.000000
    45 0.000004 -1.580070 -0.000001 0.034255 0.000000 0.000000
    46 -0.000002 1.580170 0.000030 -0.233063 0.000000 0.000000
    47 -0.937645 -3.860697 -0.959317 3.044205 1.001841 2.581100
    48 0.937672 3.860714 0.959333 3.260017 0.916095 2.721151
    49 0.000000 -1.690632 0.000000 0.491549 0.000000 0.000000
    50 -0.000013 1.690666 0.000021 0.868161 0.000000 0.000000
    51 -0.000002 -1.423443 0.000002 0.234212 0.000000 0.000000
    52 0.000008 1.423420 0.000028 -0.003494 0.000000 0.000000
    53 -1.546646 -3.404194 -1.915569 3.024293 0.944156 2.514436
    54 1.546661 3.404217 1.915585 3.411375 0.791964 2.701898
    55 0.000004 -1.437820 0.000000 0.424958 0.000000 0.000000
    56 -0.000021 1.437870 0.000031 1.059607 0.000000 0.000000
    57 -0.000002 -1.059402 0.000000 0.322075 0.000000 0.000000
    58 0.000006 1.059372 0.000008 -0.237568 0.000000 0.000000
    59 -0.000004 -13.013485 -0.000004 0.010936 -0.284123 -0.076426
    60 0.161011 -10.812500 0.023087 0.010936 -0.284123 -0.076426
  time 10
    0 0.000000 0.826660 0.000001 -1.559900 -0.000006 -0.000006
    1 -7.059201 7.545358 -8.025539 -0.804131 0.060295 1.089299
    2 0.000000 14.313023 0.000003 -1.614638 0.000000 0.000000
    3 -0.000011 13.013483 -0.000005 0.063540 -0.077920 0.235134
    4 -7.156250 28.656250 24.765625 2.947657 0.312156 -0.581899
    5 0.000000 -14.313034 0.000000 -0.487806 0.000000 0.000000
    6 -0.000004 -13.013485 -0.000004 0.000000 0.000000 0.000000
    7 -1.330879 -2.698427 0.462449 -0.194886 -0.547260 3.056712
    8 1.330910 2.698444 -0.462436 0.194890 0.547268 -0.084879
    9 1.384058 2.444332 -0.131713 -1.929002 -0.920405 2.010435
    10 3.556210 4.238403 0.987502 -1.090396 0.577049 -0.321829
    11 4.139183 5.092691 1.421975 -1.090396 0.577049 -0.321829
    12 4.777527 6.028128 1.897721 -1.090396 0.577049 -0.321829
    13 5.490345 7.072691 2.428969 -1.090396 0.577049 -0.321829
    14 6.562500 8.648438 3.230469 -1.090396 0.577049 -0.321829
    15 7.558525 6.997282 -2.354134 -1.937336 -0.275393 3.010581
    16 7.558525 6.997282 -2.354134 1.937336 0.275393 -0.131011
    17 -2.867767 -2.740969 0.531125 2.051196 0.577049 -0.321829
    18 1.714627 1.470525 0.518124 1.310031 0.602820 1.570719
    19 1.703817 6.538074 -2.968923 -3.774482 -0.160880 0.224459
    20 2.361012 6.685313 -2.858676 -2.993357 -0.635589 -1.377433
    21 3.534532 1.136180 1.339846 -2.505285 -0.144940 -2.508693
    22 6.946648 6.587124 1.429667 -1.090396 0.577049 -0.321829
    23 7.537933 7.453606 1.870349 -1.090396 0.577049 -0.321829
    24 8.154472 8.357077 2.329839 -1.090396 0.577049 -0.321829
    25 8.874294 9.411907 2.866308 -1.090396 0.577049 -0.321829
    26 -4.125858 -2.321501 1.394414 2.051196 0.577049 -0.321829
    27 -4.826813 -3.348669 0.872014 2.051196 0.577049 -0.321829
    28 -5.441669 -4.249685 0.413772 2.051196 0.577049 -0.321829
    29 -0.552532 -1.343527 1.604446 -0.415180 0.312114 -0.422073
    30 0.552589 1.343534 -1.604463 -0.249975 0.325476 -0.369600
    31 0.000000 -2.021618 -0.000004 0.186809 0.000000 0.000000
    32 -0.000021 2.021633 0.000027 0.186809 0.000000 0.000000
    33 -0.000004 -1.136217 -0.000004 -0.210111 0.000000 0.000000
    34 -0.000011 1.136200 -0.000019 -0.739179 0.000000 0.000000
    35 -0.032677 -4.587727 1.352317 2.844703 1.216154 2.484990
    36 0.032719 4.587772 -1.352291 4.268964 1.426034 3.824327
    37 0.000000 -1.754536 -0.000002 0.662896 0.000000 0.000000
    38 -0.000006 1.754520 -0.000034 0.696730 0.000000 0.000000
    39 0.000000 -1.227020 -0.000002 0.092660 0.000000 0.000000
    40 0.000002 1.227070 0.000032 0.819162 0.000000 0.000000
    41 -0.367996 -4.208406 0.173244 2.943027 1.091688 2.536231
    42 0.368011 4.208412 -0.173239 2.704121 1.091688 2.536231
    43 0.000000 -2.372318 -0.000004 0.722081 0.000000 0.000000
    44 -0.000006 2.372318 -0.000032 1.025145 0.000000 0.000000
    45 0.000004 -1.580070 -0.000001 0.034255 0.000000 0.000000
    46 -0.000002 1.580170 0.000030 -0.338989 0.000000 0.000000
    47 -0.937645 -3.860697 -0.959317 3.044205 1.001841 2.581100
    48 0.937672 3.860714 0.959333 3.209385 0.906379 2.734305
    49 0.000000 -1.690632 0.000000 0.491549 0.000000 0.000000
    50 -0.000013 1.690666 0.000021 0.824696 0.000000 0.000000
    51 -0.000002 -1.423443 0.000002 0.234212 0.000000 0.000000
    52 0.000008 1.423420 0.000028 -0.101645 0.000000 0.000000
    53 -1.546646 -3.404194 -1.915569 3.024293 0.944156 2.514436
    54 1.546661 3.404217 1.915585 3.350830 0.774589 2.718165
    55 0.000004 -1.437820 0.000000 0.424958 0.000000 0.000000
    56 -0.000021 1.437870 0.000031 1.050095 0.000000 0.000000
    57 -0.000002 -1.059402 0.000000 0.322075 0.000000 0.000000
    58 0.000006 1.059372 0.000008 -0.305576 0.000000 0.000000
    59 -0.000004 -13.013485 -0.000004 0.010936 -0.284123 -0.076426
    60 0.161011 -10.812500 0.023087 0.010936 -0.284123 -0.076426
  time 11
    0 0.000000 0.826660 0.000001 -1.559900 -0.000006 -0.000006
    1 -7.059201 7.545358 -8.025539 -0.782937 0.085570 0.998329
    2 0.000000 14.313023 0.000003 -1.579751 0.000000 0.000000
    3 -0.000011 13.013483 -0.000005 0.260658 0.624256 0.621433
    4 -7.156250 28.656250 24.765625 2.947657 0.312156 -0.581899
    5 0.000000 -14.313034 0.000000 -0.487806 0.000000 0.000000
    6 -0.000004 -13.013485 -0.000004 0.000000 0.000000 0.000000
    7 -1.330879 -2.698427 0.462449 -0.194886 -0.547260 3.056712
    8 1.330910 2.698444 -0.462436 0.194890 0.547268 -0.084879
    9 1.384058 2.444332 -0.131713 -1.928714 -0.920467 2.010056
    10 3.556210 4.238403 0.987502 -1.090396 0.577049 -0.321829
    11 4.139183 5.092691 1.421975 -1.090396 0.577049 -0.321829
    12 4.777527 6.028128 1.897721 -1.090396 0.577049 -0.321829
    13 5.490345 7.072691 2.428969 -1.090396 0.577049 -0.321829
    14 6.562500 8.648438 3.230469 -1.090396 0.577049 -0.321829
    15 7.558525 6.997282 -2.354134 -1.937336 -0.275393 3.010581
    16 7.558525 6.997282 -2.354134 1.937336 0.275393 -0.131011
    17 -2.867767 -2.740969 0.531125 2.051196 0.577049 -0.321829
    18 1.714627 1.474431 0.518124 1.310316 0.602820 1.570719
    19 1.703817 6.538074 -2.972830 -3.773628 -0.164175 0.219762
    20 2.364918 6.685313 -2.858676 -3.148273 -0.650176 -1.120242
    21 4.890042 1.663540 1.414067 -2.540444 -0.264883 -2.337471
    22 6.946648 6.587124 1.429667 -1.090396 0.577049 -0.321829
    23 7.537933 7.453606 1.870349 -1.090396 0.577049 -0.321829
    24 8.154472 8.357077 2.329839 -1.090396 0.577049 -0.321829
    25 8.874294 9.411907 2.866308 -1.090396 0.577049 -0.321829
    26 -4.125858 -2.321501 1.394414 2.051196 0.577049 -0.321829
    27 -4.826813 -3.348669 0.872014 2.051196 0.577049 -0.321829
    28 -5.441669 -4.249685 0.413772 2.051196 0.577049 -0.321829
    29 -0.552532 -1.343527 1.604446 -0.415180 0.312114 -0.422073
    30 0.552589 1.343534 -1.604463 -0.251386 0.325476 -0.369600
    31 0.000000 -2.021618 -0.000004 0.186809 0.000000 0.000000
    32 -0.000021 2.021633 0.000027 0.186809 0.000000 0.000000
    33 -0.000004 -1.136217 -0.000004 -0.210111 0.000000 0.000000
    34 -0.000011 1.136200 -0.000019 -0.739225 0.000000 0.000000
    35 -0.032677 -4.587727 1.352317 2.844703 1.216154 2.484990
    36 0.032719 4.587772 -1.352291 3.160791 1.338630 2.748671
    37 0.000000 -1.754536 -0.000002 0.662896 0.000000 0.000000
    38 -0.000006 1.754520 -0.000034 0.525110 0.000000 0.000000
    39 0.000000 -1.227020 -0.000002 0.092660 0.000000 0.000000
    40 0.000002 1.227070 0.000032 0.788009 0.000000 0.000000
    41 -0.367996 -4.208406 0.173244 2.943027 1.091688 2.536231
    42 0.368011 4.208412 -0.173239 2.644126 1.091688 2.536231
    43 0.000000 -2.372318 -0.000004 0.722081 0.000000 0.000000
    44 -0.000006 2.372318 -0.000032 0.993908 0.000000 0.000000
    45 0.000004 -1.580070 -0.000001 0.034255 0.000000 0.000000
    46 -0.000002 1.580170 0.000030 -0.431660 0.000000 0.000000
    47 -0.937645 -3.860697 -0.959317 3.044205 1.001841 2.581100
    48 0.937672 3.860714 0.959333 3.158846 0.898144 2.744939
    49 0.000000 -1.690632 0.000000 0.491549 0.000000 0.000000
    50 -0.000013 1.690666 0.000021 0.790345 0.000000 0.000000
    51 -0.000002 -1.423443 0.000002 0.234212 0.000000 0.000000
    52 0.000008 1.423420 0.000028 -0.191867 0.000000 0.000000
    53 -1.546646 -3.404194 -1.915569 3.024293 0.944156 2.514436
    54 1.546661 3.404217 1.915585 3.295823 0.759347 2.731824
    55 0.000004 -1.437820 0.000000 0.424958 0.000000 0.000000
    56 -0.000021 1.437870 0.000031 1.033956 0.000000 0.000000
    57 -0.000002 -1.059402 0.000000 0.322075 0.000000 0.000000
    58 0.000006 1.059372 0.000008 -0.360136 0.000000 0.000000
    59 -0.000004 -13.013485 -0.000004 0.010936 -0.284123 -0.076426
    60 0.161011 -10.812500 0.023087 0.010936 -0.284123 -0.076426
  time 12
    0 0.000000 0.826660 0.000001 -1.559900 -0.000006 -0.000006
    1 -7.059201 7.545358 -8.025539 -0.766996 0.107221 0.948758
    2 0.000000 14.313023 0.000003 -1.559283 0.000000 0.000000
    3 -0.000011 13.013483 -0.000005 0.783599 0.861978 1.116816
    4 -7.156250 28.656250 24.765625 2.947657 0.312156 -0.581899
    5 0.000000 -14.313034 0.000000 -0.487806 0.000000 0.000000
    6 -0.000004 -13.013485 -0.000004 0.000000 0.000000 0.000000
    7 -1.330879 -2.698427 0.462449 -0.194886 -0.547260 3.056712
    8 1.330910 2.698444 -0.462436 0.194890 0.547268 -0.084879
    9 1.353148 2.444332 -0.131713 -1.828714 -0.944128 1.885543
    10 3.556210 4.238403 0.987502 -1.090396 0.577049 -0.321829
    11 4.139183 5.092691 1.421975 -1.090396 0.577049 -0.321829
    12 4.777527 6.028128 1.897721 -1.090396 0.577049 -0.321829
    13 5.490345 7.072691 2.428969 -1.090396 0.577049 -0.321829
    14 6.562500 8.648438 3.230469 -1.090396 0.577049 -0.321829
    15 7.558525 6.997282 -2.354134 -1.937336 -0.275393 3.010581
    16 7.558525 6.997282 -2.354134 1.937336 0.275393 -0.131011
    17 -2.867767 -2.740969 0.531125 2.051196 0.577049 -0.321829
    18 1.714627 1.474431 0.518124 1.388124 0.602820 1.570719
    19 1.703817 6.541980 -2.968923 -3.761110 -0.100408 0.174988
    20 2.376637 6.654062 -2.897740 -3.386922 -0.582634 -0.828830
    21 6.425245 2.354967 0.968741 -2.662973 -0.421450 -2.158771
    22 6.946648 6.587124 1.429667 -1.090396 0.577049 -0.321829
    23 7.537933 7.453606 1.870349 -1.090396 0.577049 -0.321829
    24 8.154472 8.357077 2.329839 -1.090396 0.577049 -0.321829
    25 8.874294 9.411907 2.866308 -1.090396 0.577049 -0.321829
    26 -4.125858 -2.321501 1.394414 2.051196 0.577049 -0.321829
    27 -4.826813 -3.348669 0.872014 2.051196 0.577049 -0.321829
    28 -5.441669 -4.249685 0.413772 2.051196 0.577049 -0.321829
    29 -0.552532 -1.343527 1.604446 -0.415180 0.312114 -0.422073
    30 0.552589 1.343534 -1.604463 -0.253607 0.325476 -0.369600
    31 0.000000 -2.021618 -0.000004 0.186809 0.000000 0.000000
    32 -0.000021 2.021633 0.000027 0.186809 0.000000 0.000000
    33 -0.000004 -1.136217 -0.000004 -0.210111 0.000000 0.000000
    34 -0.000011 1.136200 -0.000019 -0.753540 0.000000 0.000000
    35 -0.032677 -4.587727 1.352317 2.844703 1.216154 2.484990
    36 0.032719 4.587772 -1.352291 2.844703 1.216154 2.484990
    37 0.000000 -1.754536 -0.000002 0.662896 0.000000 0.000000
    38 -0.000006 1.754520 -0.000034 0.503476 0.000000 0.000000
    39 0.000000 -1.227020 -0.000002 0.092660 0.000000 0.000000
    40 0.000002 1.227070 0.000032 0.739549 0.000000 0.000000
    41 -0.367996 -4.208406 0.173244 2.943027 1.091688 2.536231
    42 0.368011 4.208412 -0.173239 2.595087 1.091688 2.536231
    43 0.000000 -2.372318 -0.000004 0.722081 0.000000 0.000000
    44 -0.000006 2.372318 -0.000032 0.968419 0.000000 0.000000
    45 0.000004 -1.580070 -0.000001 0.034255 0.000000 0.000000
    46 -0.000002 1.580170 0.000030 -0.504875 0.000000 0.000000
    47 -0.937645 -3.860697 -0.959317 3.044205 1.001841 2.581100
    48 0.937672 3.860714 0.959333 3.109794 0.892006 2.752658
    49 0.000000 -1.690632 0.000000 0.491549 0.000000 0.000000
    50 -0.000013 1.690666 0.000021 0.769714 0.000000 0.000000
    51 -0.000002 -1.423443 0.000002 0.234212 0.000000 0.000000
    52 0.000008 1.423420 0.000028 -0.269463 0.000000 0.000000
    53 -1.546646 -3.404194 -1.915569 3.024293 0.944156 2.514436
    54 1.546661 3.404217 1.915585 3.250137 0.747361 2.742030
    55 0.000004 -1.437820 0.000000 0.424958 0.000000 0.000000
    56 -0.000021 1.437870 0.000031 1.008519 0.000000 0.000000
    57 -0.000002 -1.059402 0.000000 0.322075 0.000000 0.000000
    58 0.000006 1.059372 0.000008 -0.394555 0.000000 0.000000
    59 -0.000004 -13.013485 -0.000004 0.010936 -0.284123 -0.076426
    60 0.161011 -10.812500 0.023087 0.010936 -0.284123 -0.076426
  time 13
    0 0.000000 0.826660 0.000001 -1.559900 -0.000006 -0.000006
    1 -7.059201 7.545358 -8.025539 -0.758150 0.125581 0.908734
    2 0.000000 14.313023 0.000003 -1.549813 0.000000 0.000000
    3 -0.000011 13.013483 -0.000005 1.085248 0.884571 1.345337
    4 -7.156250 28.656250 24.765625 2.947657 0.312156 -0.581899
    5 0.000000 -14.313034 0.000000 -0.487806 0.000000 0.000000
    6 -0.000004 -13.013485 -0.000004 0.000000 0.000000 0.000000
    7 -1.330879 -2.698427 0.462449 -0.194886 -0.547260 3.056712
    8 1.330910 2.698444 -0.462436 0.194890 0.547268 -0.084879
    9 1.353148 2.493409 -0.030690 -1.532161 -0.967349 1.523829
    10 3.556210 4.238403 0.987502 -1.090396 0.577049 -0.321829
    11 4.139183 5.092691 1.421975 -1.090396 0.577049 -0.321829
    12 4.777527 6.028128 1.897721 -1.090396 0.577049 -0.321829
    13 5.490345 7.072691 2.428969 -1.090396 0.577049 -0.321829
    14 6.562500 8.648438 3.230469 -1.090396 0.577049 -0.321829
    15 7.558525 6.997282 -2.354134 -1.937336 -0.275393 3.010581
    16 7.558525 6.997282 -2.354134 1.937336 0.275393 -0.131011
    17 -2.867767 -2.740969 0.531125 2.051196 0.577049 -0.321829
    18 1.714627 1.474431 0.518124 1.597291 0.602820 1.570719
    19 1.703817 6.541980 -2.965017 -3.740246 0.080459 0.070294
    20 2.384450 6.583747 -3.022743 -3.621450 -0.381065 -0.667307
    21 7.589343 2.581537 -0.429739 -2.909662 -0.562296 -2.034334
    22 6.946648 6.587124 1.429667 -1.090396 0.577049 -0.321829
    23 7.537933 7.453606 1.870349 -1.090396 0.577049 -0.321829
    24 8.154472 8.357077 2.329839 -1.090396 0.577049 -0.321829
    25 8.874294 9.411907 2.866308 -1.090396 0.577049 -0.321829
    26 -4.125858 -2.321501 1.394414 2.051196 0.577049 -0.321829
    27 -4.826813 -3.348669 0.872014 2.051196 0.577049 -0.321829
    28 -5.441669 -4.249685 0.413772 2.051196 0.577049 -0.321829
    29 -0.552532 -1.343527 1.604446 -0.415180 0.312114 -0.422073
    30 0.552589 1.343534 -1.604463 -0.259147 0.318696 -0.366536
    31 0.000000 -2.021618 -0.000004 0.186809 0.000000 0.000000
    32 -0.000021 2.021633 0.000027 0.208381 0.000000 0.000000
    33 -0.000004 -1.136217 -0.000004 -0.210111 0.000000 0.000000
    34 -0.000011 1.136200 -0.000019 -0.785003 0.000000 0.000000
    35 -0.032677 -4.587727 1.352317 2.844703 1.216154 2.484990
    36 0.032719 4.587772 -1.352291 2.749121 1.175588 2.439336
    37 0.000000 -1.754536 -0.000002 0.662896 0.000000 0.000000
    38 -0.000006 1.754520 -0.000034 0.685074 0.000000 0.000000
    39 0.000000 -1.227020 -0.000002 0.092660 0.000000 0.000000
    40 0.000002 1.227070 0.000032 0.614538 0.000000 0.000000
    41 -0.367996 -4.208406 0.173244 2.943027 1.091688 2.536231
    42 0.368011 4.208412 -0.173239 2.560868 1.091688 2.536231
    43 0.000000 -2.372318 -0.000004 0.722081 0.000000 0.000000
    44 -0.000006 2.372318 -0.000032 0.951046 0.000000 0.000000
    45 0.000004 -1.580070 -0.000001 0.034255 0.000000 0.000000
    46 -0.000002 1.580170 0.000030 -0.554880 0.000000 0.000000
    47 -0.937645 -3.860697 -0.959317 3.044205 1.001841 2.581100
    48 0.937672 3.860714 0.959333 3.066967 0.887811 2.757936
    49 0.000000 -1.690632 0.000000 0.491549 0.000000 0.000000
    50 -0.000013 1.690666 0.000021 0.771216 0.000000 0.000000
    51 -0.000002 -1.423443 0.000002 0.234212 0.000000 0.000000
    52 0.000008 1.423420 0.000028 -0.341847 0.000000 0.000000
    53 -1.546646 -3.404194 -1.915569 3.024293 0.944156 2.514436
    54 1.546661 3.404217 1.915585 3.229740 0.731110 2.746173
    55 0.000004 -1.437820 0.000000 0.424958 0.000000 0.000000
    56 -0.000021 1.437870 0.000031 0.965179 0.000000 0.000000
    57 -0.000002 -1.059402 0.000000 0.322075 0.000000 0.000000
    58 0.000006 1.059372 0.000008 -0.393370 0.000000 0.000000
    59 -0.000004 -13.013485 -0.000004 0.010936 -0.284123 -0.076426
    60 0.161011 -10.812500 0.023087 0.010936 -0.284123 -0.076426
  time 14
    0 0.000000 0.826660 0.000001 -1.559900 -0.000006 -0.000006
    1 -7.059201 7.545358 -8.025539 -0.757044 0.144847 0.848775
    2 0.000000 14.313023 0.000003 -1.541198 0.000000 0.000000
    3 -0.000011 13.013483 -0.000005 1.166847 0.890703 1.370739
    4 -7.156250 28.656250 24.765625 2.947657 0.312156 -0.581899
    5 0.000000 -14.313034 0.000000 -0.487806 0.000000 0.000000
    6 -0.000004 -13.013485 -0.000004 0.000000 0.000000 0.000000
    7 -1.330879 -2.698427 0.462449 -0.194886 -0.547260 3.056712
    8 1.330910 2.698444 -0.462436 0.194890 0.547268 -0.084879
    9 1.384058 2.542486 0.070332 -1.130148 -0.893229 1.026626
    10 3.556210 4.238403 0.987502 -1.090396 0.577049 -0.321829
    11 4.139183 5.092691 1.421975 -1.090396 0.577049 -0.321829
    12 4.777527 6.028128 1.897721 -1.090396 0.577049 -0.321829
    13 5.490345 7.072691 2.428969 -1.090396 0.577049 -0.321829
    14 6.562500 8.648438 3.230469 -1.090396 0.577049 -0.321829
    15 7.558525 6.997282 -2.354134 -1.937336 -0.275393 3.010581
    16 7.558525 6.997282 -2.354134 1.937336 0.275393 -0.131011
    17 -2.867767 -2.740969 0.531125 2.051196 0.577049 -0.321829
    18 1.714627 1.474431 0.518124 1.901196 0.602820 1.570719
    19 1.703817 6.538074 -2.965017 -3.725641 0.365428 -0.048685
    20 2.345387 6.505620 -3.206343 -3.814784 -0.082040 -0.646601
    21 8.003419 2.315903 -2.683715 -3.264126 -0.667916 -1.918716
    22 6.946648 6.587124 1.429667 -1.090396 0.577049 -0.321829
    23 7.537933 7.453606 1.870349 -1.090396 0.577049 -0.321829
    24 8.154472 8.357077 2.329839 -1.090396 0.577049 -0.321829
    25 8.874294 9.411907 2.866308 -1.090396 0.577049 -0.321829
    26 -4.125858 -2.321501 1.394414 2.051196 0.577049 -0.321829
    27 -4.826813 -3.348669 0.872014 2.051196 0.577049 -0.321829
    28 -5.441669 -4.249685 0.413772 2.051196 0.577049 -0.321829
    29 -0.552532 -1.343527 1.604446 -0.415180 0.312114 -0.422073
    30 0.552589 1.343534 -1.604463 -0.266830 0.289950 -0.353624
    31 0.000000 -2.021618 -0.000004 0.186809 0.000000 0.000000
    32 -0.000021 2.021633 0.000027 0.248592 0.000000 0.000000
    33 -0.000004 -1.136217 -0.000004 -0.210111 0.000000 0.000000
    34 -0.000011 1.136200 -0.000019 -0.816559 0.000000 0.000000
    35 -0.032677 -4.587727 1.352317 2.844703 1.216154 2.484990
    36 0.032719 4.587772 -1.352291 2.691217 1.163749 2.431070
    37 0.000000 -1.754536 -0.000002 0.662896 0.000000 0.000000
    38 -0.000006 1.754520 -0.000034 0.955565 0.000000 0.000000
    39 0.000000 -1.227020 -0.000002 0.092660 0.000000 0.000000
    40 0.000002 1.227070 0.000032 0.394736 0.000000 0.000000
    41 -0.367996 -4.208406 0.173244 2.943027 1.091688 2.536231
    42 0.368011 4.208412 -0.173239 2.541019 1.091688 2.536231
    43 0.000000 -2.372318 -0.000004 0.722081 0.000000 0.000000
    44 -0.000006 2.372318 -0.000032 0.941657 0.000000 0.000000
    45 0.000004 -1.580070 -0.000001 0.034255 0.000000 0.000000
    46 -0.000002 1.580170 0.000030 -0.584803 0.000000 0.000000
    47 -0.937645 -3.860697 -0.959317 3.044205 1.001841 2.581100
    48 0.937672 3.860714 0.959333 3.032593 0.884819 2.761638
    49 0.000000 -1.690632 0.000000 0.491549 0.000000 0.000000
    50 -0.000013 1.690666 0.000021 0.795753 0.000000 0.000000
    51 -0.000002 -1.423443 0.000002 0.234212 0.000000 0.000000
    52 0.000008 1.423420 0.000028 -0.415919 0.000000 0.000000
    53 -1.546646 -3.404194 -1.915569 3.024293 0.944156 2.514436
    54 1.546661 3.404217 1.915585 3.295915 0.686795 2.731978
    55 0.000004 -1.437820 0.000000 0.424958 0.000000 0.000000
    56 -0.000021 1.437870 0.000031 0.902227 0.000000 0.000000
    57 -0.000002 -1.059402 0.000000 0.322075 0.000000 0.000000
    58 0.000006 1.059372 0.000008 -0.353857 0.000000 0.000000
    59 -0.000004 -13.013485 -0.000004 0.010936 -0.284123 -0.076426
    60 0.161011 -10.812500 0.023087 0.010936 -0.284123 -0.076426
  time 15
    0 0.000000 0.826660 0.000001 -1.559900 -0.000006 -0.000006
    1 -7.059201 7.545358 -8.025539 -0.762204 0.162588 0.782094
    2 0.000000 14.313023 0.000003 -1.534294 0.000000 0.000000
    3 -0.000011 13.013483 -0.000005 1.195225 0.915607 1.338339
    4 -7.156250 28.656250 24.765625 2.947657 0.312156 -0.581899
    5 0.000000 -14.313034 0.000000 -0.487806 0.000000 0.000000
    6 -0.000004 -13.013485 -0.000004 0.000000 0.000000 0.000000
    7 -1.330879 -2.698427 0.462449 -0.194886 -0.547260 3.056712
    8 1.330910 2.698444 -0.462436 0.194890 0.547268 -0.084879
    9 1.445880 2.640641 0.120844 -0.825548 -0.689259 0.603223
    10 3.556210 4.238403 0.987502 -1.090396 0.577049 -0.321829
    11 4.139183 5.092691 1.421975 -1.090396 0.577049 -0.321829
    12 4.777527 6.028128 1.897721 -1.090396 0.577049 -0.321829
    13 5.490345 7.072691 2.428969 -1.090396 0.577049 -0.321829
    14 6.562500 8.648438 3.230469 -1.090396 0.577049 -0.321829
    15 7.558525 6.997282 -2.354134 -1.937336 -0.275393 3.010581
    16 7.558525 6.997282 -2.354134 1.937336 0.275393 -0.131011
    17 -2.867767 -2.740969 0.531125 2.051196 0.577049 -0.321829
    18 1.714627 1.474431 0.518124 -4.023776 0.602820 1.570719
    19 1.703817 6.541980 -2.961110 -3.669687 0.742966 -0.108319
    20 2.208664 6.482182 -3.425099 -3.977363 0.322155 -0.688587
    21 7.401838 2.288559 -5.726776 -3.748210 -0.685325 -1.706846
    22 6.946648 6.587124 1.429667 -1.090396 0.577049 -0.321829
    23 7.537933 7.453606 1.870349 -1.090396 0.577049 -0.321829
    24 8.154472 8.357077 2.329839 -1.090396 0.577049 -0.321829
    25 8.874294 9.411907 2.866308 -1.090396 0.577049 -0.321829
    26 -4.125858 -2.321501 1.394414 2.051196 0.577049 -0.321829
    27 -4.826813 -3.348669 0.872014 2.051196 0.577049 -0.321829
    28 -5.441669 -4.249685 0.413772 2.051196 0.577049 -0.321829
    29 -0.552532 -1.343527 1.604446 -0.415180 0.312114 -0.422073
    30 0.552589 1.343534 -1.604463 -0.266830 0.217351 -0.322127
    31 0.000000 -2.021618 -0.000004 0.186809 0.000000 0.000000
    32 -0.000021 2.021633 0.000027 0.270165 0.000000 0.000000
    33 -0.000004 -1.136217 -0.000004 -0.210111 0.000000 0.000000
    34 -0.000011 1.136200 -0.000019 -0.830827 0.000000 0.000000
    35 -0.032677 -4.587727 1.352317 2.844703 1.216154 2.484990
    36 0.032719 4.587772 -1.352291 2.651890 1.169056 2.441157
    37 0.000000 -1.754536 -0.000002 0.662896 0.000000 0.000000
    38 -0.000006 1.754520 -0.000034 1.261252 0.000000 0.000000
    39 0.000000 -1.227020 -0.000002 0.092660 0.000000 0.000000
    40 0.000002 1.227070 0.000032 0.138191 0.000000 0.000000
    41 -0.367996 -4.208406 0.173244 2.943027 1.091688 2.536231
    42 0.368011 4.208412 -0.173239 2.532577 1.091688 2.536231
    43 0.000000 -2.372318 -0.000004 0.722081 0.000000 0.000000
    44 -0.000006 2.372318 -0.000032 0.938806 0.000000 0.000000
    45 0.000004 -1.580070 -0.000001 0.034255 0.000000 0.000000
    46 -0.000002 1.580170 0.000030 -0.598285 0.000000 0.000000
    47 -0.937645 -3.860697 -0.959317 3.044205 1.001841 2.581100
    48 0.937672 3.860714 0.959333 3.002400 0.883185 2.763607
    49 0.000000 -1.690632 0.000000 0.491549 0.000000 0.000000
    50 -0.000013 1.690666 0.000021 0.837765 0.000000 0.000000
    51 -0.000002 -1.423443 0.000002 0.234212 0.000000 0.000000
    52 0.000008 1.423420 0.000028 -0.484999 0.000000 0.000000
    53 -1.546646 -3.404194 -1.915569 3.024293 0.944156 2.514436
    54 1.546661 3.404217 1.915585 3.515760 0.596177 2.682791
    55 0.000004 -1.437820 0.000000 0.424958 0.000000 0.000000
    56 -0.000021 1.437870 0.000031 0.825167 0.000000 0.000000
    57 -0.000002 -1.059402 0.000000 0.322075 0.000000 0.000000
    58 0.000006 1.059372 0.000008 -0.286501 0.000000 0.000000
    59 -0.000004 -13.013485 -0.000004 0.010936 -0.284123 -0.076426
    60 0.161011 -10.812500 0.023087 0.010936 -0.284123 -0.076426
  time 16
    0 0.000000 0.826660 0.000001 -1.559900 -0.000006 -0.000006
    1 -7.059201 7.545358 -8.025539 -0.770405 0.176703 0.720836
    2 0.000000 14.313023 0.000003 -1.529406 0.000000 0.000000
    3 -0.000011 13.013483 -0.000005 1.245293 0.956548 1.310829
    4 -7.156250 28.656250 24.765625 2.947657 0.312156 -0.581899
    5 0.000000 -14.313034 0.000000 -0.487806 0.000000 0.000000
    6 -0.000004 -13.013485 -0.000004 0.000000 0.000000 0.000000
    7 -1.330879 -2.698427 0.462449 -0.194886 -0.547260 3.056712
    8 1.330910 2.698444 -0.462436 0.194890 0.547268 -0.084879
    9 1.538612 2.689718 0.221867 -0.666448 -0.409413 0.303293
    10 3.556210 4.238403 0.987502 -1.090396 0.577049 -0.321829
    11 4.139183 5.092691 1.421975 -1.090396 0.577049 -0.321829
    12 4.777527 6.028128 1.897721 -1.090396 0.577049 -0.321829
    13 5.490345 7.072691 2.428969 -1.090396 0.577049 -0.321829
    14 6.562500 8.648438 3.230469 -1.090396 0.577049 -0.321829
    15 7.558525 6.997282 -2.354134 -1.937336 -0.275393 3.010581
    16 7.558525 6.997282 -2.354134 1.937336 0.275393 -0.131011
    17 -2.867767 -2.740969 0.531125 2.051196 0.577049 -0.321829
    18 1.714627 1.474431 0.518124 -3.645963 0.602820 1.570623
    19 1.707724 6.549793 -2.961110 -3.322867 1.154005 0.105480
    20 1.986001 6.572028 -3.589167 -4.092233 0.816036 -0.787610
    21 5.401777 3.218275 -8.789370 2.048722 -0.524275 -1.521052
    22 6.946648 6.587124 1.429667 -1.090396 0.577049 -0.321829
    23 7.537933 7.453606 1.870349 -1.090396 0.577049 -0.321829
    24 8.154472 8.357077 2.329839 -1.090396 0.577049 -0.321829
    25 8.874294 9.411907 2.866308 -1.090396 0.577049 -0.321829
    26 -4.125858 -2.321501 1.394414 2.051196 0.577049 -0.321829
    27 -4.826813 -3.348669 0.872014 2.051196 0.577049 -0.321829
    28 -5.441669 -4.249685 0.413772 2.051196 0.577049 -0.321829
    29 -0.552532 -1.343527 1.604446 -0.415180 0.312114 -0.422073
    30 0.552589 1.343534 -1.604463 -0.256795 0.175005 -0.304303
    31 0.000000 -2.021618 -0.000004 0.186809 0.000000 0.000000
    32 -0.000021 2.021633 0.000027 0.229818 0.000000 0.000000
    33 -0.000004 -1.136217 -0.000004 -0.210111 0.000000 0.000000
    34 -0.000011 1.136200 -0.000019 -0.834173 0.000000 0.000000
    35 -0.032677 -4.587727 1.352317 2.844703 1.216154 2.484990
    36 0.032719 4.587772 -1.352291 2.616991 1.179448 2.456855
    37 0.000000 -1.754536 -0.000002 0.662896 0.000000 0.000000
    38 -0.000006 1.754520 -0.000034 1.554058 0.000000 0.000000
    39 0.000000 -1.227020 -0.000002 0.092660 0.000000 0.000000
    40 0.000002 1.227070 0.000032 -0.101847 0.000000 0.000000
    41 -0.367996 -4.208406 0.173244 2.943027 1.091688 2.536231
    42 0.368011 4.208412 -0.173239 2.533026 1.091688 2.536231
    43 0.000000 -2.372318 -0.000004 0.722081 0.000000 0.000000
    44 -0.000006 2.372318 -0.000032 0.940780 0.000000 0.000000
    45 0.000004 -1.580070 -0.000001 0.034255 0.000000 0.000000
    46 -0.000002 1.580170 0.000030 -0.599366 0.000000 0.000000
    47 -0.937645 -3.860697 -0.959317 3.044205 1.001841 2.581100
    48 0.937672 3.860714 0.959333 2.972021 0.883000 2.763844
    49 0.000000 -1.690632 0.000000 0.491549 0.000000 0.000000
    50 -0.000013 1.690666 0.000021 0.892497 0.000000 0.000000
    51 -0.000002 -1.423443 0.000002 0.234212 0.000000 0.000000
    52 0.000008 1.423420 0.000028 -0.543875 0.000000 0.000000
    53 -1.546646 -3.404194 -1.915569 3.024293 0.944156 2.514436
    54 1.546661 3.404217 1.915585 3.383410 0.608913 2.687932
    55 0.000004 -1.437820 0.000000 0.424958 0.000000 0.000000
    56 -0.000021 1.437870 0.000031 0.738488 0.000000 0.000000
    57 -0.000002 -1.059402 0.000000 0.322075 0.000000 0.000000
    58 0.000006 1.059372 0.000008 -0.200365 0.000000 0.000000
    59 -0.000004 -13.013485 -0.000004 0.010936 -0.284123 -0.076426
    60 0.161011 -10.812500 0.023087 0.010936 -0.284123 -0.076426
  time 17
    0 0.000000 0.826660 0.000001 -1.559900 -0.000006 -0.000006
    1 -7.059201 7.545358 -8.025539 -0.777593 0.185907 0.677528
    2 0.000000 14.313023 0.000003 -1.526779 0.000000 0.000000
    3 -0.000011 13.013483 -0.000005 1.341033 1.009375 1.307474
    4 -7.156250 28.656250 24.765625 2.947657 0.312156 -0.581899
    5 0.000000 -14.313034 0.000000 -0.487806 0.000000 0.000000
    6 -0.000004 -13.013485 -0.000004 0.000000 0.000000 0.000000
    7 -1.330879 -2.698427 0.462449 -0.194886 -0.547260 3.056712
    8 1.330910 2.698444 -0.462436 0.194890 0.547268 -0.084879
    9 1.662255 2.689718 0.272378 -0.607827 -0.118834 0.082272
    10 3.556210 4.238403 0.987502 -1.090396 0.577049 -0.321829
    11 4.139183 5.092691 1.421975 -1.090396 0.577049 -0.321829
    12 4.777527 6.028128 1.897721 -1.090396 0.577049 -0.321829
    13 5.490345 7.072691 2.428969 -1.090396 0.577049 -0.321829
    14 6.562500 8.648438 3.230469 -1.090396 0.577049 -0.321829
    15 7.558525 6.997282 -2.354134 -1.937336 -0.275393 3.010581
    16 7.558525 6.997282 -2.354134 1.937336 0.275393 -0.131011
    17 -2.867767 -2.740969 0.531125 2.051196 0.577049 -0.321829
    18 1.714627 1.474431 0.518124 -3.286032 0.602820 1.570719
    19 1.711630 6.553699 -2.961110 -1.937863 1.234064 1.304861
    20 1.771150 6.767347 -3.616512 -4.148566 1.346913 -0.935904
    21 2.698569 5.585534 -10.527704 1.692725 -0.227037 -1.515875
    22 6.946648 6.587124 1.429667 -1.090396 0.577049 -0.321829
    23 7.537933 7.453606 1.870349 -1.090396 0.577049 -0.321829
    24 8.154472 8.357077 2.329839 -1.090396 0.577049 -0.321829
    25 8.874294 9.411907 2.866308 -1.090396 0.577049 -0.321829
    26 -4.125858 -2.321501 1.394414 2.051196 0.577049 -0.321829
    27 -4.826813 -3.348669 0.872014 2.051196 0.577049 -0.321829
    28 -5.441669 -4.249685 0.413772 2.051196 0.577049 -0.321829
    29 -0.552532 -1.343527 1.604446 -0.415180 0.312114 -0.422073
    30 0.552589 1.343534 -1.604463 -0.158958 0.195979 -0.313106
    31 0.000000 -2.021618 -0.000004 0.186809 0.000000 0.000000
    32 -0.000021 2.021633 0.000027 -0.042664 0.000000 0.000000
    33 -0.000004 -1.136217 -0.000004 -0.210111 0.000000 0.000000
    34 -0.000011 1.136200 -0.000019 -0.847093 0.000000 0.000000
    35 -0.032677 -4.587727 1.352317 2.844703 1.216154 2.484990
    36 0.032719 4.587772 -1.352291 2.571327 1.183085 2.464135
    37 0.000000 -1.754536 -0.000002 0.662896 0.000000 0.000000
    38 -0.000006 1.754520 -0.000034 1.782642 0.000000 0.000000
    39 0.000000 -1.227020 -0.000002 0.092660 0.000000 0.000000
    40 0.000002 1.227070 0.000032 -0.269194 0.000000 0.000000
    41 -0.367996 -4.208406 0.173244 2.943027 1.091688 2.536231
    42 0.368011 4.208412 -0.173239 2.539582 1.091688 2.536231
    43 0.000000 -2.372318 -0.000004 0.722081 0.000000 0.000000
    44 -0.000006 2.372318 -0.000032 0.945957 0.000000 0.000000
    45 0.000004 -1.580070 -0.000001 0.034255 0.000000 0.000000
    46 -0.000002 1.580170 0.000030 -0.591572 0.000000 0.000000
    47 -0.937645 -3.860697 -0.959317 3.044205 1.001841 2.581100
    48 0.937672 3.860714 0.959333 2.937647 0.884418 2.762111
    49 0.000000 -1.690632 0.000000 0.491549 0.000000 0.000000
    50 -0.000013 1.690666 0.000021 0.954940 0.000000 0.000000
    51 -0.000002 -1.423443 0.000002 0.234212 0.000000 0.000000
    52 0.000008 1.423420 0.000028 -0.586380 0.000000 0.000000
    53 -1.546646 -3.404194 -1.915569 3.024293 0.944156 2.514436
    54 1.546661 3.404217 1.915585 3.165134 0.644036 2.702128
    55 0.000004 -1.437820 0.000000 0.424958 0.000000 0.000000
    56 -0.000021 1.437870 0.000031 0.647053 0.000000 0.000000
    57 -0.000002 -1.059402 0.000000 0.322075 0.000000 0.000000
    58 0.000006 1.059372 0.000008 -0.105225 0.000000 0.000000
    59 -0.000004 -13.013485 -0.000004 0.010936 -0.284123 -0.076426
    60 0.161011 -10.812500 0.023087 0.010936 -0.284123 -0.076426
  time 18
    0 0.000000 0.826660 0.000001 -1.559900 -0.000006 -0.000006
    1 -7.059201 7.545358 -8.025539 -0.779343 0.189866 0.664696
    2 0.000000 14.313023 0.000003 -1.526168 0.000000 0.000000
    3 -0.000011 13.013483 -0.000005 1.490185 1.069419 1.342749
    4 -7.156250 28.656250 24.765625 2.947657 0.312156 -0.581899
    5 0.000000 -14.313034 0.000000 -0.487806 0.000000 0.000000
    6 -0.000004 -13.013485 -0.000004 0.000000 0.000000 0.000000
    7 -1.330879 -2.698427 0.462449 -0.194886 -0.547260 3.056712
    8 1.330910 2.698444 -0.462436 0.194890 0.547268 -0.084879
    9 1.785898 2.689718 0.272378 -0.608881 0.129571 -0.089833
    10 3.556210 4.238403 0.987502 -1.090396 0.577049 -0.321829
    11 4.139183 5.092691 1.421975 -1.090396 0.577049 -0.321829
    12 4.777527 6.028128 1.897721 -1.090396 0.577049 -0.321829
    13 5.490345 7.072691 2.428969 -1.090396 0.577049 -0.321829
    14 6.562500 8.648438 3.230469 -1.090396 0.577049 -0.321829
    15 7.558525 6.997282 -2.354134 -1.937336 -0.275393 3.010581
    16 7.558525 6.997282 -2.354134 1.937336 0.275393 -0.131011
    17 -2.867767 -2.740969 0.531125 2.051196 0.577049 -0.321829
    18 1.714627 1.474431 0.518124 -2.984124 0.602820 1.570719
    19 1.715537 6.553699 -2.961110 -1.015190 1.323338 2.022860
    20 1.638334 6.697032 -3.628231 1.006185 1.326882 -2.211601
    21 0.624287 5.417561 -10.512078 1.432624 -0.352570 -1.612607
    22 6.946648 6.587124 1.429667 -1.090396 0.577049 -0.321829
    23 7.537933 7.453606 1.870349 -1.090396 0.577049 -0.321829
    24 8.154472 8.357077 2.329839 -1.090396 0.577049 -0.321829
    25 8.874294 9.411907 2.866308 -1.090396 0.577049 -0.321829
    26 -4.125858 -2.321501 1.394414 2.051196 0.577049 -0.321829
    27 -4.826813 -3.348669 0.872014 2.051196 0.577049 -0.321829
    28 -5.441669 -4.249685 0.413772 2.051196 0.577049 -0.321829
    29 -0.552532 -1.343527 1.604446 -0.415180 0.312114 -0.422073
    30 0.552589 1.343534 -1.604463 -0.177250 0.250339 -0.336321
    31 0.000000 -2.021618 -0.000004 0.186809 0.000000 0.000000
    32 -0.000021 2.021633 0.000027 -0.007507 0.000000 0.000000
    33 -0.000004 -1.136217 -0.000004 -0.210111 0.000000 0.000000
    34 -0.000011 1.136200 -0.000019 -0.878556 0.000000 0.000000
    35 -0.032677 -4.587727 1.352317 2.844703 1.216154 2.484990
    36 0.032719 4.587772 -1.352291 2.496928 1.181192 2.469519
    37 0.000000 -1.754536 -0.000002 0.662896 0.000000 0.000000
    38 -0.000006 1.754520 -0.000034 1.952584 0.000000 0.000000
    39 0.000000 -1.227020 -0.000002 0.092660 0.000000 0.000000
    40 0.000002 1.227070 0.000032 -0.319052 0.000000 0.000000
    41 -0.367996 -4.208406 0.173244 2.943027 1.091688 2.536231
    42 0.368011 4.208412 -0.173239 2.549282 1.091688 2.536231
    43 0.000000 -2.372318 -0.000004 0.722081 0.000000 0.000000
    44 -0.000006 2.372318 -0.000032 0.952757 0.000000 0.000000
    45 0.000004 -1.580070 -0.000001 0.034255 0.000000 0.000000
    46 -0.000002 1.580170 0.000030 -0.579000 0.000000 0.000000
    47 -0.937645 -3.860697 -0.959317 3.044205 1.001841 2.581100
    48 0.937672 3.860714 0.959333 2.895191 0.887441 2.758409
    49 0.000000 -1.690632 0.000000 0.491549 0.000000 0.000000
    50 -0.000013 1.690666 0.000021 1.019386 0.000000 0.000000
    51 -0.000002 -1.423443 0.000002 0.234212 0.000000 0.000000
    52 0.000008 1.423420 0.000028 -0.606275 0.000000 0.000000
    53 -1.546646 -3.404194 -1.915569 3.024293 0.944156 2.514436
    54 1.546661 3.404217 1.915585 2.952765 0.686277 2.720084
    55 0.000004 -1.437820 0.000000 0.424958 0.000000 0.000000
    56 -0.000021 1.437870 0.000031 0.556793 0.000000 0.000000
    57 -0.000002 -1.059402 0.000000 0.322075 0.000000 0.000000
    58 0.000006 1.059372 0.000008 -0.011863 0.000000 0.000000
    59 -0.000004 -13.013485 -0.000004 0.010936 -0.284123 -0.076426
    60 0.161011 -10.812500 0.023087 0.010936 -0.284123 -0.076426
  time 19
    0 0.000000 0.826660 0.000001 -1.559900 -0.000006 -0.000006
    1 -7.059201 7.545358 -8.025539 -0.771511 0.187767 0.699144
    2 0.000000 14.313023 0.000003 -1.527390 0.000000 0.000000
    3 -0.000011 13.013483 -0.000005 1.632267 1.133802 1.418762
    4 -7.156250 28.656250 24.765625 2.947657 0.312156 -0.581899
    5 0.000000 -14.313034 0.000000 -0.487806 0.000000 0.000000
    6 -0.000004 -13.013485 -0.000004 0.000000 0.000000 0.000000
    7 -1.330879 -2.698427 0.462449 -0.194886 -0.547260 3.056712
    8 1.330910 2.698444 -0.462436 0.194890 0.547268 -0.084879
    9 1.847720 2.689718 0.221867 -0.635413 0.299838 -0.214441
    10 3.556210 4.238403 0.987502 -1.090396 0.577049 -0.321829
    11 4.139183 5.092691 1.421975 -1.090396 0.577049 -0.321829
    12 4.777527 6.028128 1.897721 -1.090396 0.577049 -0.321829
    13 5.490345 7.072691 2.428969 -1.090396 0.577049 -0.321829
    14 6.562500 8.648438 3.230469 -1.090396 0.577049 -0.321829
    15 7.558525 6.997282 -2.354134 -1.937336 -0.275393 3.010581
    16 7.558525 6.997282 -2.354134 1.937336 0.275393 -0.131011
    17 -2.867767 -2.740969 0.531125 2.051196 0.577049 -0.321829
    18 1.714627 1.474431 0.518124 -2.774862 0.602820 1.570623
    19 1.715537 6.549793 -2.965017 -0.690467 1.177742 2.197638
    20 1.560206 6.763440 -3.608699 -1.212643 0.568805 1.555193
    21 1.682913 12.761535 -7.351826 1.179326 0.685464 -2.040661
    22 6.946648 6.587124 1.429667 -1.090396 0.577049 -0.321829
    23 7.537933 7.453606 1.870349 -1.090396 0.577049 -0.321829
    24 8.154472 8.357077 2.329839 -1.090396 0.577049 -0.321829
    25 8.874294 9.411907 2.866308 -1.090396 0.577049 -0.321829
    26 -4.125858 -2.321501 1.394414 2.051196 0.577049 -0.321829
    27 -4.826813 -3.348669 0.872014 2.051196 0.577049 -0.321829
    28 -5.441669 -4.249685 0.413772 2.051196 0.577049 -0.321829
    29 -0.552532 -1.343527 1.604446 -0.415180 0.312114 -0.422073
    30 0.552589 1.343534 -1.604463 -0.211326 0.296175 -0.356384
    31 0.000000 -2.021618 -0.000004 0.186809 0.000000 0.000000
    32 -0.000021 2.021633 0.000027 0.090059 0.000000 0.000000
    33 -0.000004 -1.136217 -0.000004 -0.210111 0.000000 0.000000
    34 -0.000011 1.136200 -0.000019 -0.972761 0.000000 0.000000
    35 -0.032677 -4.587727 1.352317 2.844703 1.216154 2.484990
    36 0.032719 4.587772 -1.352291 2.409247 1.181675 2.480743
    37 0.000000 -1.754536 -0.000002 0.662896 0.000000 0.000000
    38 -0.000006 1.754520 -0.000034 2.085426 0.000000 0.000000
    39 0.000000 -1.227020 -0.000002 0.092660 0.000000 0.000000
    40 0.000002 1.227070 0.000032 -0.290362 0.000000 0.000000
    41 -0.367996 -4.208406 0.173244 2.943027 1.091688 2.536231
    42 0.368011 4.208412 -0.173239 2.559700 1.091688 2.536231
    43 0.000000 -2.372318 -0.000004 0.722081 0.000000 0.000000
    44 -0.000006 2.372318 -0.000032 0.959645 0.000000 0.000000
    45 0.000004 -1.580070 -0.000001 0.034255 0.000000 0.000000
    46 -0.000002 1.580170 0.000030 -0.565233 0.000000 0.000000
    47 -0.937645 -3.860697 -0.959317 3.044205 1.001841 2.581100
    48 0.937672 3.860714 0.959333 2.840286 0.892284 2.752343
    49 0.000000 -1.690632 0.000000 0.491549 0.000000 0.000000
    50 -0.000013 1.690666 0.000021 1.081378 0.000000 0.000000
    51 -0.000002 -1.423443 0.000002 0.234212 0.000000 0.000000
    52 0.000008 1.423420 0.000028 -0.597906 0.000000 0.000000
    53 -1.546646 -3.404194 -1.915569 3.024293 0.944156 2.514436
    54 1.546661 3.404217 1.915585 2.832599 0.720276 2.734510
    55 0.000004 -1.437820 0.000000 0.424958 0.000000 0.000000
    56 -0.000021 1.437870 0.000031 0.471824 0.000000 0.000000
    57 -0.000002 -1.059402 0.000000 0.322075 0.000000 0.000000
    58 0.000006 1.059372 0.000008 0.070837 0.000000 0.000000
    59 -0.000004 -13.013485 -0.000004 0.010936 -0.284123 -0.076426
    60 0.161011 -10.812500 0.023087 0.010936 -0.284123 -0.076426
  time 20
    0 0.000000 0.826660 0.000001 -1.559900 -0.000006 -0.000006
    1 -7.059201 7.545358 -8.025539 -0.758887 0.178849 0.762617
    2 0.000000 14.313023 0.000003 -1.531361 0.000000 0.000000
    3 -0.000011 13.013483 -0.000005 1.192454 1.178563 1.034093
    4 -7.156250 28.656250 24.765625 2.947657 0.312156 -0.581899
    5 0.000000 -14.313034 0.000000 -0.487806 0.000000 0.000000
    6 -0.000004 -13.013485 -0.000004 0.000000 0.000000 0.000000
    7 -1.330879 -2.698427 0.462449 -0.194886 -0.547260 3.056712
    8 1.330910 2.698444 -0.462436 0.194890 0.547268 -0.084879
    9 1.878631 2.640641 0.221867 -0.651505 0.362347 -0.264020
    10 3.556210 4.238403 0.987502 -1.090396 0.577049 -0.321829
    11 4.139183 5.092691 1.421975 -1.090396 0.577049 -0.321829
    12 4.777527 6.028128 1.897721 -1.090396 0.577049 -0.321829
    13 5.490345 7.072691 2.428969 -1.090396 0.577049 -0.321829
    14 6.562500 8.648438 3.230469 -1.090396 0.577049 -0.321829
    15 7.558525 6.997282 -2.354134 -1.937336 -0.275393 3.010581
    16 7.558525 6.997282 -2.354134 1.937336 0.275393 -0.131011
    17 -2.867767 -2.740969 0.531125 2.051196 0.577049 -0.321829
    18 1.714627 1.474431 0.518124 -2.696864 0.602820 1.570719
    19 1.719443 6.553699 -2.957204 -1.096751 0.681884 1.619519
    20 1.693023 7.091575 -3.401661 -1.190991 -0.298038 1.190064
    21 4.218147 13.327958 -1.257890 0.021952 1.208382 -3.381866
    22 6.946648 6.587124 1.429667 -1.090396 0.577049 -0.321829
    23 7.537933 7.453606 1.870349 -1.090396 0.577049 -0.321829
    24 8.154472 8.357077 2.329839 -1.090396 0.577049 -0.321829
    25 8.874294 9.411907 2.866308 -1.090396 0.577049 -0.321829
    26 -4.125858 -2.321501 1.394414 2.051196 0.577049 -0.321829
    27 -4.826813 -3.348669 0.872014 2.051196 0.577049 -0.321829
    28 -5.441669 -4.249685 0.413772 2.051196 0.577049 -0.321829
    29 -0.552532 -1.343527 1.604446 -0.415180 0.312114 -0.422073
    30 0.552589 1.343534 -1.604463 -0.242240 0.319132 -0.366709
    31 0.000000 -2.021618 -0.000004 0.186809 0.000000 0.000000
    32 -0.000021 2.021633 0.000027 0.164014 0.000000 0.000000
    33 -0.000004 -1.136217 -0.000004 -0.210111 0.000000 0.000000
    34 -0.000011 1.136200 -0.000019 -1.023093 0.000000 0.000000
    35 -0.032677 -4.587727 1.352317 2.844703 1.216154 2.484990
    36 0.032719 4.587772 -1.352291 2.344137 1.182862 2.483625
    37 0.000000 -1.754536 -0.000002 0.662896 0.000000 0.000000
    38 -0.000006 1.754520 -0.000034 2.149012 0.000000 0.000000
    39 0.000000 -1.227020 -0.000002 0.092660 0.000000 0.000000
    40 0.000002 1.227070 0.000032 -0.251088 0.000000 0.000000
    41 -0.367996 -4.208406 0.173244 2.943027 1.091688 2.536231
    42 0.368011 4.208412 -0.173239 2.568053 1.091688 2.536231
    43 0.000000 -2.372318 -0.000004 0.722081 0.000000 0.000000
    44 -0.000006 2.372318 -0.000032 0.964865 0.000000 0.000000
    45 0.000004 -1.580070 -0.000001 0.034255 0.000000 0.000000
    46 -0.000002 1.580170 0.000030 -0.554197 0.000000 0.000000
    47 -0.937645 -3.860697 -0.959317 3.044205 1.001841 2.581100
    48 0.937672 3.860714 0.959333 2.639990 0.899007 2.743915
    49 0.000000 -1.690632 0.000000 0.491549 0.000000 0.000000
    50 -0.000013 1.690666 0.000021 1.135609 0.000000 0.000000
    51 -0.000002 -1.423443 0.000002 0.234212 0.000000 0.000000
    52 0.000008 1.423420 0.000028 -0.554960 0.000000 0.000000
    53 -1.546646 -3.404194 -1.915569 3.024293 0.944156 2.514436
    54 1.546661 3.404217 1.915585 2.989314 0.740417 2.741953
    55 0.000004 -1.437820 0.000000 0.424958 0.000000 0.000000
    56 -0.000021 1.437870 0.000031 0.397383 0.000000 0.000000
    57 -0.000002 -1.059402 0.000000 0.322075 0.000000 0.000000
    58 0.000006 1.059372 0.000008 0.132920 0.000000 0.000000
    59 -0.000004 -13.013485 -0.000004 0.010936 -0.284123 -0.076426
    60 0.161011 -10.812500 0.023087 0.010936 -0.284123 -0.076426
  time 21
    0 0.000000 0.826660 0.000001 -1.559900 -0.000006 -0.000006
    1 -7.059201 7.545358 -8.025539 -0.740734 0.160012 0.831131
    2 0.000000 14.313023 0.000003 -1.538143 0.000000 0.000000
    3 -0.000011 13.013483 -0.000005 0.850866 1.147858 0.762725
    4 -7.156250 28.656250 24.765625 2.947657 0.312156 -0.581899
    5 0.000000 -14.313034 0.000000 -0.487806 0.000000 0.000000
    6 -0.000004 -13.013485 -0.000004 0.000000 0.000000 0.000000
    7 -1.330879 -2.698427 0.462449 -0.194886 -0.547260 3.056712
    8 1.330910 2.698444 -0.462436 0.194890 0.547268 -0.084879
    9 1.878631 2.689718 0.221867 -0.651505 0.362347 -0.264020
    10 3.556210 4.238403 0.987502 -1.090396 0.577049 -0.321829
    11 4.139183 5.092691 1.421975 -1.090396 0.577049 -0.321829
    12 4.777527 6.028128 1.897721 -1.090396 0.577049 -0.321829
    13 5.490345 7.072691 2.428969 -1.090396 0.577049 -0.321829
    14 6.562500 8.648438 3.230469 -1.090396 0.577049 -0.321829
    15 7.558525 6.997282 -2.354134 -1.937336 -0.275393 3.010581
    16 7.558525 6.997282 -2.354134 1.937336 0.275393 -0.131011
    17 -2.867767 -2.740969 0.531125 2.051196 0.577049 -0.321829
    18 1.714627 1.474431 0.518124 -2.696864 0.602820 1.570719
    19 1.723349 6.557606 -2.953298 -1.208564 -0.002957 1.305724
    20 1.903967 7.232204 -2.952429 -0.504361 -1.154099 0.279017
    21 4.640035 7.933262 3.519600 -1.142321 0.548985 1.540710
    22 6.946648 6.587124 1.429667 -1.090396 0.577049 -0.321829
    23 7.537933 7.453606 1.870349 -1.090396 0.577049 -0.321829
    24 8.154472 8.357077 2.329839 -1.090396 0.577049 -0.321829
    25 8.874294 9.411907 2.866308 -1.090396 0.577049 -0.321829
    26 -4.125858 -2.321501 1.394414 2.051196 0.577049 -0.321829
    27 -4.826813 -3.348669 0.872014 2.051196 0.577049 -0.321829
    28 -5.441669 -4.249685 0.413772 2.051196 0.577049 -0.321829
    29 -0.552532 -1.343527 1.604446 -0.415180 0.312114 -0.422073
    30 0.552589 1.343534 -1.604463 -0.253607 0.325476 -0.369600
    31 0.000000 -2.021618 -0.000004 0.186809 0.000000 0.000000
    32 -0.000021 2.021633 0.000027 0.186809 0.000000 0.000000
    33 -0.000004 -1.136217 -0.000004 -0.210111 0.000000 0.000000
    34 -0.000011 1.136200 -0.000019 -0.968996 0.000000 0.000000
    35 -0.032677 -4.587727 1.352317 2.844703 1.216154 2.484990
    36 0.032719 4.587772 -1.352291 2.336844 1.183085 2.464135
    37 0.000000 -1.754536 -0.000002 0.662896 0.000000 0.000000
    38 -0.000006 1.754520 -0.000034 2.112094 0.000000 0.000000
    39 0.000000 -1.227020 -0.000002 0.092660 0.000000 0.000000
    40 0.000002 1.227070 0.000032 -0.268928 0.000000 0.000000
    41 -0.367996 -4.208406 0.173244 2.943027 1.091688 2.536231
    42 0.368011 4.208412 -0.173239 2.571286 1.091688 2.536231
    43 0.000000 -2.372318 -0.000004 0.722081 0.000000 0.000000
    44 -0.000006 2.372318 -0.000032 0.967015 0.000000 0.000000
    45 0.000004 -1.580070 -0.000001 0.034255 0.000000 0.000000
    46 -0.000002 1.580170 0.000030 -0.549703 0.000000 0.000000
    47 -0.937645 -3.860697 -0.959317 3.044205 1.001841 2.581100
    48 0.937672 3.860714 0.959333 2.585550 0.907551 2.732730
    49 0.000000 -1.690632 0.000000 0.491549 0.000000 0.000000
    50 -0.000013 1.690666 0.000021 1.176670 0.000000 0.000000
    51 -0.000002 -1.423443 0.000002 0.234212 0.000000 0.000000
    52 0.000008 1.423420 0.000028 -0.472079 0.000000 0.000000
    53 -1.546646 -3.404194 -1.915569 3.024293 0.944156 2.514436
    54 1.546661 3.404217 1.915585 3.250137 0.747361 2.742030
    55 0.000004 -1.437820 0.000000 0.424958 0.000000 0.000000
    56 -0.000021 1.437870 0.000031 0.338759 0.000000 0.000000
    57 -0.000002 -1.059402 0.000000 0.322075 0.000000 0.000000
    58 0.000006 1.059372 0.000008 0.164140 0.000000 0.000000
    59 -0.000004 -13.013485 -0.000004 0.010936 -0.284123 -0.076426
    60 0.161011 -10.812500 0.023087 0.010936 -0.284123 -0.076426
  time 22
    0 0.000000 0.826660 0.000001 -1.559900 -0.000006 -0.000006
    1 -7.059201 7.545358 -8.025539 -0.718158 0.131304 0.887500
    2 0.000000 14.313023 0.000003 -1.547369 0.000000 0.000000
    3 -0.000011 13.013483 -0.000005 0.873415 1.167338 0.815542
    4 -7.156250 28.656250 24.765625 2.947657 0.312156 -0.581899
    5 0.000000 -14.313034 0.000000 -0.487806 0.000000 0.000000
    6 -0.000004 -13.013485 -0.000004 0.000000 0.000000 0.000000
    7 -1.330879 -2.698427 0.462449 -0.194886 -0.547260 3.056712
    8 1.330910 2.698444 -0.462436 0.194890 0.547268 -0.084879
    9 1.878631 2.689718 0.221867 -0.651505 0.362347 -0.264020
    10 3.556210 4.238403 0.987502 -1.090396 0.577049 -0.321829
    11 4.139183 5.092691 1.421975 -1.090396 0.577049 -0.321829
    12 4.777527 6.028128 1.897721 -1.090396 0.577049 -0.321829
    13 5.490345 7.072691 2.428969 -1.090396 0.577049 -0.321829
    14 6.562500 8.648438 3.230469 -1.090396 0.577049 -0.321829
    15 7.558525 6.997282 -2.354134 -1.937336 -0.275393 3.010581
    16 7.558525 6.997282 -2.354134 1.937336 0.275393 -0.131011
    17 -2.867767 -2.740969 0.531125 2.051196 0.577049 -0.321829
    18 1.714627 1.474431 0.518124 -2.696864 0.602820 1.570719
    19 1.723349 6.549793 -2.949391 -1.126435 -0.601574 1.043605
    20 2.013345 7.048605 -2.553979 0.976582 -0.885305 -1.352797
    21 2.948577 2.624507 2.871143 -1.202101 -0.181796 1.237093
    22 6.946648 6.587124 1.429667 -1.090396 0.577049 -0.321829
    23 7.537933 7.453606 1.870349 -1.090396 0.577049 -0.321829
    24 8.154472 8.357077 2.329839 -1.090396 0.577049 -0.321829
    25 8.874294 9.411907 2.866308 -1.090396 0.577049 -0.321829
    26 -4.125858 -2.321501 1.394414 2.051196 0.577049 -0.321829
    27 -4.826813 -3.348669 0.872014 2.051196 0.577049 -0.321829
    28 -5.441669 -4.249685 0.413772 2.051196 0.577049 -0.321829
    29 -0.552532 -1.343527 1.604446 -0.415180 0.312114 -0.422073
    30 0.552589 1.343534 -1.604463 -0.250811 0.325476 -0.369600
    31 0.000000 -2.021618 -0.000004 0.186809 0.000000 0.000000
    32 -0.000021 2.021633 0.000027 0.186809 0.000000 0.000000
    33 -0.000004 -1.136217 -0.000004 -0.210111 0.000000 0.000000
    34 -0.000011 1.136200 -0.000019 -0.866194 0.000000 0.000000
    35 -0.032677 -4.587727 1.352317 2.844703 1.216154 2.484990
    36 0.032719 4.587772 -1.352291 2.414369 1.181007 2.408395
    37 0.000000 -1.754536 -0.000002 0.662896 0.000000 0.000000
    38 -0.000006 1.754520 -0.000034 1.923602 0.000000 0.000000
    39 0.000000 -1.227020 -0.000002 0.092660 0.000000 0.000000
    40 0.000002 1.227070 0.000032 -0.591241 0.000000 0.000000
    41 -0.367996 -4.208406 0.173244 2.943027 1.091688 2.536231
    42 0.368011 4.208412 -0.173239 2.894797 1.094287 2.527175
    43 0.000000 -2.372318 -0.000004 0.722081 0.000000 0.000000
    44 -0.000006 2.372318 -0.000032 1.100691 0.000000 0.000000
    45 0.000004 -1.580070 -0.000001 0.034255 0.000000 0.000000
    46 -0.000002 1.580170 0.000030 -0.370163 0.000000 0.000000
    47 -0.937645 -3.860697 -0.959317 3.044205 1.001841 2.581100
    48 0.937672 3.860714 0.959333 3.002771 0.917668 2.669478
    49 0.000000 -1.690632 0.000000 0.491549 0.000000 0.000000
    50 -0.000013 1.690666 0.000021 1.099856 0.000000 0.000000
    51 -0.000002 -1.423443 0.000002 0.234212 0.000000 0.000000
    52 0.000008 1.423420 0.000028 -0.081530 0.000000 0.000000
    53 -1.546646 -3.404194 -1.915569 3.024293 0.944156 2.514436
    54 1.546661 3.404217 1.915585 3.326003 0.759318 2.710262
    55 0.000004 -1.437820 0.000000 0.424958 0.000000 0.000000
    56 -0.000021 1.437870 0.000031 0.515698 0.000000 0.000000
    57 -0.000002 -1.059402 0.000000 0.322075 0.000000 0.000000
    58 0.000006 1.059372 0.000008 -0.266537 0.000000 0.000000
    59 -0.000004 -13.013485 -0.000004 0.010936 -0.284123 -0.076426
    60 0.161011 -10.812500 0.023087 0.010936 -0.284123 -0.076426
  time 23
    0 0.000000 0.826660 0.000001 -1.559900 -0.000006 -0.000006
    1 -7.059201 7.545358 -8.025539 -0.700466 0.104598 0.915914
    2 0.000000 14.313023 0.000003 -1.557939 0.000000 0.000000
    3 -0.000011 13.013483 -0.000005 0.900647 1.170498 0.850050
    4 -7.156250 28.656250 24.765625 2.947657 0.312156 -0.581899
    5 0.000000 -14.313034 0.000000 -0.487806 0.000000 0.000000
    6 -0.000004 -13.013485 -0.000004 0.000000 0.000000 0.000000
    7 -1.330879 -2.698427 0.462449 -0.194886 -0.547260 3.056712
    8 1.330910 2.698444 -0.462436 0.194890 0.547268 -0.084879
    9 1.878631 2.689718 0.221867 -0.651505 0.362347 -0.264020
    10 3.556210 4.238403 0.987502 -1.090396 0.577049 -0.321829
    11 4.139183 5.092691 1.421975 -1.090396 0.577049 -0.321829
    12 4.777527 6.028128 1.897721 -1.090396 0.577049 -0.321829
    13 5.490345 7.072691 2.428969 -1.090396 0.577049 -0.321829
    14 6.562500 8.648438 3.230469 -1.090396 0.577049 -0.321829
    15 7.558525 6.997282 -2.354134 -1.937336 -0.275393 3.010581
    16 7.558525 6.997282 -2.354134 1.937336 0.275393 -0.131011
    17 -2.867767 -2.740969 0.531125 2.051196 0.577049 -0.321829
    18 1.714627 1.474431 0.518124 -2.696864 0.602820 1.570719
    19 1.723349 6.553699 -2.949391 -1.012250 -0.838336 0.871799
    20 2.025064 6.911882 -2.428975 1.116168 -0.631309 -1.553910
    21 2.085269 1.171337 1.675794 0.348634 -1.184080 -0.638005
    22 6.946648 6.587124 1.429667 -1.090396 0.577049 -0.321829
    23 7.537933 7.453606 1.870349 -1.090396 0.577049 -0.321829
    24 8.154472 8.357077 2.329839 -1.090396 0.577049 -0.321829
    25 8.874294 9.411907 2.866308 -1.090396 0.577049 -0.321829
    26 -4.125858 -2.321501 1.394414 2.051196 0.577049 -0.321829
    27 -4.826813 -3.348669 0.872014 2.051196 0.577049 -0.321829
    28 -5.441669 -4.249685 0.413772 2.051196 0.577049 -0.321829
    29 -0.552532 -1.343527 1.604446 -0.415180 0.312114 -0.422073
    30 0.552589 1.343534 -1.604463 -0.249348 0.325476 -0.369600
    31 0.000000 -2.021618 -0.000004 0.186809 0.000000 0.000000
    32 -0.000021 2.021633 0.000027 0.186809 0.000000 0.000000
    33 -0.000004 -1.136217 -0.000004 -0.210111 0.000000 0.000000
    34 -0.000011 1.136200 -0.000019 -0.759860 0.000000 0.000000
    35 -0.032677 -4.587727 1.352317 2.844703 1.216154 2.484990
    36 0.032719 4.587772 -1.352291 2.552489 1.175922 2.327858
    37 0.000000 -1.754536 -0.000002 0.662896 0.000000 0.000000
    38 -0.000006 1.754520 -0.000034 1.614560 0.000000 0.000000
    39 0.000000 -1.227020 -0.000002 0.092660 0.000000 0.000000
    40 0.000002 1.227070 0.000032 -0.682037 0.000000 0.000000
    41 -0.367996 -4.208406 0.173244 2.943027 1.091688 2.536231
    42 0.368011 4.208412 -0.173239 3.325186 1.099218 2.509838
    43 0.000000 -2.372318 -0.000004 0.722081 0.000000 0.000000
    44 -0.000006 2.372318 -0.000032 1.300570 0.000000 0.000000
    45 0.000004 -1.580070 -0.000001 0.034255 0.000000 0.000000
    46 -0.000002 1.580170 0.000030 -0.057676 0.000000 0.000000
    47 -0.937645 -3.860697 -0.959317 3.044205 1.001841 2.581100
    48 0.937672 3.860714 0.959333 3.538164 0.922109 2.564086
    49 0.000000 -1.690632 0.000000 0.491549 0.000000 0.000000
    50 -0.000013 1.690666 0.000021 1.314225 0.000000 0.000000
    51 -0.000002 -1.423443 0.000002 0.234212 0.000000 0.000000
    52 0.000008 1.423420 0.000028 0.534245 0.000000 0.000000
    53 -1.546646 -3.404194 -1.915569 3.024293 0.944156 2.514436
    54 1.546661 3.404217 1.915585 4.044789 0.709183 2.327357
    55 0.000004 -1.437820 0.000000 0.424958 0.000000 0.000000
    56 -0.000021 1.437870 0.000031 1.044964 0.000000 0.000000
    57 -0.000002 -1.059402 0.000000 0.322075 0.000000 0.000000
    58 0.000006 1.059372 0.000008 0.690193 0.000000 0.000000
    59 -0.000004 -13.013485 -0.000004 0.010936 -0.284123 -0.076426
    60 0.161011 -10.812500 0.023087 0.010936 -0.284123 -0.076426
  time 24
    0 0.000000 0.826660 0.000001 -1.559900 -0.000006 -0.000006
    1 -7.059201 7.545358 -8.025539 -0.690146 0.087621 0.919504
    2 0.000000 14.313023 0.000003 -1.569059 0.000000 0.000000
    3 -0.000011 13.013483 -0.000005 0.938962 1.160593 0.870275
    4 -7.156250 28.656250 24.765625 2.947657 0.312156 -0.581899
    5 0.000000 -14.313034 0.000000 -0.487806 0.000000 0.000000
    6 -0.000004 -13.013485 -0.000004 0.000000 0.000000 0.000000
    7 -1.330879 -2.698427 0.462449 -0.194886 -0.547260 3.056712
    8 1.330910 2.698444 -0.462436 0.194890 0.547268 -0.084879
    9 1.878631 2.689718 0.221867 -0.651505 0.362347 -0.264020
    10 3.556210 4.238403 0.987502 -1.090396 0.577049 -0.321829
    11 4.139183 5.092691 1.421975 -1.090396 0.577049 -0.321829
    12 4.777527 6.028128 1.897721 -1.090396 0.577049 -0.321829
    13 5.490345 7.072691 2.428969 -1.090396 0.577049 -0.321829
    14 6.562500 8.648438 3.230469 -1.090396 0.577049 -0.321829
    15 7.558525 6.997282 -2.354134 -1.937336 -0.275393 3.010581
    16 7.558525 6.997282 -2.354134 1.937336 0.275393 -0.131011
    17 -2.867767 -2.740969 0.531125 2.051196 0.577049 -0.321829
    18 1.714627 1.474431 0.518124 -2.696864 0.602820 1.570719
    19 1.723349 6.553699 -2.949391 -1.012250 -0.838336 0.871799
    20 2.025064 6.911882 -2.428975 1.106588 -0.657363 -1.537710
    21 2.179022 1.280716 1.832048 1.150298 0.519174 -2.052836
    22 6.946648 6.587124 1.429667 -1.090396 0.577049 -0.321829
    23 7.537933 7.453606 1.870349 -1.090396 0.577049 -0.321829
    24 8.154472 8.357077 2.329839 -1.090396 0.577049 -0.321829
    25 8.874294 9.411907 2.866308 -1.090396 0.577049 -0.321829
    26 -4.125858 -2.321501 1.394414 2.051196 0.577049 -0.321829
    27 -4.826813 -3.348669 0.872014 2.051196 0.577049 -0.321829
    28 -5.441669 -4.249685 0.413772 2.051196 0.577049 -0.321829
    29 -0.552532 -1.343527 1.604446 -0.415180 0.312114 -0.422073
    30 0.552589 1.343534 -1.604463 -0.248930 0.325476 -0.369600
    31 0.000000 -2.021618 -0.000004 0.186809 0.000000 0.000000
    32 -0.000021 2.021633 0.000027 0.186809 0.000000 0.000000
    33 -0.000004 -1.136217 -0.000004 -0.210111 0.000000 0.000000
    34 -0.000011 1.136200 -0.000019 -0.695725 0.000000 0.000000
    35 -0.032677 -4.587727 1.352317 2.844703 1.216154 2.484990
    36 0.032719 4.587772 -1.352291 2.707538 1.168276 2.246334
    37 0.000000 -1.754536 -0.000002 0.662896 0.000000 0.000000
    38 -0.000006 1.754520 -0.000034 1.280709 0.000000 0.000000
    39 0.000000 -1.227020 -0.000002 0.092660 0.000000 0.000000
    40 0.000002 1.227070 0.000032 0.099982 0.000000 0.000000
    41 -0.367996 -4.208406 0.173244 2.943027 1.091688 2.536231
    42 0.368011 4.208412 -0.173239 3.500233 1.104981 2.488475
    43 0.000000 -2.372318 -0.000004 0.722081 0.000000 0.000000
    44 -0.000006 2.372318 -0.000032 1.442625 0.000000 0.000000
    45 0.000004 -1.580070 -0.000001 0.034255 0.000000 0.000000
    46 -0.000002 1.580170 0.000030 1.152792 0.000000 0.000000
    47 -0.937645 -3.860697 -0.959317 3.044205 1.001841 2.581100
    48 0.937672 3.860714 0.959333 3.801913 0.921338 2.508790
    49 0.000000 -1.690632 0.000000 0.491549 0.000000 0.000000
    50 -0.000013 1.690666 0.000021 1.486632 0.000000 0.000000
    51 -0.000002 -1.423443 0.000002 0.234212 0.000000 0.000000
    52 0.000008 1.423420 0.000028 0.853658 0.000000 0.000000
    53 -1.546646 -3.404194 -1.915569 3.024293 0.944156 2.514436
    54 1.546661 3.404217 1.915585 4.044789 0.709183 2.327357
    55 0.000004 -1.437820 0.000000 0.424958 0.000000 0.000000
    56 -0.000021 1.437870 0.000031 1.044964 0.000000 0.000000
    57 -0.000002 -1.059402 0.000000 0.322075 0.000000 0.000000
    58 0.000006 1.059372 0.000008 0.883198 0.000000 0.000000
    59 -0.000004 -13.013485 -0.000004 0.010936 -0.284123 -0.076426
    60 0.161011 -10.812500 0.023087 0.010936 -0.284123 -0.076426
  time 25
    0 0.000000 0.826660 0.000001 -1.559900 -0.000006 -0.000006
    1 -7.059201 7.545358 -8.025539 -0.684525 0.079752 0.916296
    2 0.000000 14.313023 0.000003 -1.580667 0.000000 0.000000
    3 -0.000011 13.013483 -0.000005 1.002025 1.146678 0.901812
    4 -7.156250 28.656250 24.765625 2.947657 0.312156 -0.581899
    5 0.000000 -14.313034 0.000000 -0.487806 0.000000 0.000000
    6 -0.000004 -13.013485 -0.000004 0.000000 0.000000 0.000000
    7 -1.330879 -2.698427 0.462449 -0.194886 -0.547260 3.056712
    8 1.330910 2.698444 -0.462436 0.194890 0.547268 -0.084879
    9 1.878631 2.689718 0.221867 -0.651505 0.362347 -0.264020
    10 3.556210 4.238403 0.987502 -1.090396 0.577049 -0.321829
    11 4.139183 5.092691 1.421975 -1.090396 0.577049 -0.321829
    12 4.777527 6.028128 1.897721 -1.090396 0.577049 -0.321829
    13 5.490345 7.072691 2.428969 -1.090396 0.577049 -0.321829
    14 6.562500 8.648438 3.230469 -1.090396 0.577049 -0.321829
    15 7.558525 6.997282 -2.354134 -1.937336 -0.275393 3.010581
    16 7.558525 6.997282 -2.354134 1.937336 0.275393 -0.131011
    17 -2.867767 -2.740969 0.531125 2.051196 0.577049 -0.321829
    18 1.714627 1.474431 0.518124 -2.696864 0.602820 1.570719
    19 1.723349 6.553699 -2.949391 -1.012250 -0.838336 0.871799
    20 2.025064 6.911882 -2.428975 1.116168 -0.631256 -1.553910
    21 2.089176 1.167431 1.687513 0.970384 0.892570 -2.324433
    22 6.946648 6.587124 1.429667 -1.090396 0.577049 -0.321829
    23 7.537933 7.453606 1.870349 -1.090396 0.577049 -0.321829
    24 8.154472 8.357077 2.329839 -1.090396 0.577049 -0.321829
    25 8.874294 9.411907 2.866308 -1.090396 0.577049 -0.321829
    26 -4.125858 -2.321501 1.394414 2.051196 0.577049 -0.321829
    27 -4.826813 -3.348669 0.872014 2.051196 0.577049 -0.321829
    28 -5.441669 -4.249685 0.413772 2.051196 0.577049 -0.321829
    29 -0.552532 -1.343527 1.604446 -0.415180 0.312114 -0.422073
    30 0.552589 1.343534 -1.604463 -0.249243 0.325476 -0.369600
    31 0.000000 -2.021618 -0.000004 0.186809 0.000000 0.000000
    32 -0.000021 2.021633 0.000027 0.186809 0.000000 0.000000
    33 -0.000004 -1.136217 -0.000004 -0.210111 0.000000 0.000000
    34 -0.000011 1.136200 -0.000019 -0.679227 0.000000 0.000000
    35 -0.032677 -4.587727 1.352317 2.844703 1.216154 2.484990
    36 0.032719 4.587772 -1.352291 2.836108 1.160557 2.184225
    37 0.000000 -1.754536 -0.000002 0.662896 0.000000 0.000000
    38 -0.000006 1.754520 -0.000034 1.011805 0.000000 0.000000
    39 0.000000 -1.227020 -0.000002 0.092660 0.000000 0.000000
    40 0.000002 1.227070 0.000032 1.149596 0.000000 0.000000
    41 -0.367996 -4.208406 0.173244 2.943027 1.091688 2.536231
    42 0.368011 4.208412 -0.173239 3.602801 1.110878 2.465256
    43 0.000000 -2.372318 -0.000004 0.722081 0.000000 0.000000
    44 -0.000006 2.372318 -0.000032 1.569545 0.000000 0.000000
    45 0.000004 -1.580070 -0.000001 0.034255 0.000000 0.000000
    46 -0.000002 1.580170 0.000030 1.285228 0.000000 0.000000
    47 -0.937645 -3.860697 -0.959317 3.044205 1.001841 2.581100
    48 0.937672 3.860714 0.959333 3.801913 0.921338 2.508790
    49 0.000000 -1.690632 0.000000 0.491549 0.000000 0.000000
    50 -0.000013 1.690666 0.000021 1.486682 0.000000 0.000000
    51 -0.000002 -1.423443 0.000002 0.234212 0.000000 0.000000
    52 0.000008 1.423420 0.000028 0.853731 0.000000 0.000000
    53 -1.546646 -3.404194 -1.915569 3.024293 0.944156 2.514436
    54 1.546661 3.404217 1.915585 4.044789 0.709183 2.327357
    55 0.000004 -1.437820 0.000000 0.424958 0.000000 0.000000
    56 -0.000021 1.437870 0.000031 1.044964 0.000000 0.000000
    57 -0.000002 -1.059402 0.000000 0.322075 0.000000 0.000000
    58 0.000006 1.059372 0.000008 0.883198 0.000000 0.000000
    59 -0.000004 -13.013485 -0.000004 0.010936 -0.284123 -0.076426
    60 0.161011 -10.812500 0.023087 0.010936 -0.284123 -0.076426
  time 26
    0 0.000000 0.826660 0.000001 -1.559900 -0.000006 -0.000006
    1 -7.059201 7.545358 -8.025539 -0.679641 0.075698 0.908352
    2 0.000000 14.313023 0.000003 -1.591726 0.000000 0.000000
    3 -0.000011 13.013483 -0.000005 1.068909 1.131396 0.932294
    4 -7.156250 28.656250 24.765625 2.947657 0.312156 -0.581899
    5 0.000000 -14.313034 0.000000 -0.487806 0.000000 0.000000
    6 -0.000004 -13.013485 -0.000004 0.000000 0.000000 0.000000
    7 -1.330879 -2.698427 0.462449 -0.194886 -0.547260 3.056712
    8 1.330910 2.698444 -0.462436 0.194890 0.547268 -0.084879
    9 1.878631 2.689718 0.221867 -0.651505 0.362347 -0.264020
    10 3.556210 4.238403 0.987502 -1.090396 0.577049 -0.321829
    11 4.139183 5.092691 1.421975 -1.090396 0.577049 -0.321829
    12 4.777527 6.028128 1.897721 -1.090396 0.577049 -0.321829
    13 5.490345 7.072691 2.428969 -1.090396 0.577049 -0.321829
    14 6.562500 8.648438 3.230469 -1.090396 0.577049 -0.321829
    15 7.558525 6.997282 -2.354134 -1.937336 -0.275393 3.010581
    16 7.558525 6.997282 -2.354134 1.937336 0.275393 -0.131011
    17 -2.867767 -2.740969 0.531125 2.051196 0.577049 -0.321829
    18 1.714627 1.474431 0.518124 -2.696864 0.602820 1.570719
    19 1.723349 6.553699 -2.949391 -1.012250 -0.838336 0.871799
    20 2.025064 6.907976 -2.432882 1.116168 -0.631256 -1.553910
    21 2.089176 1.171337 1.687513 0.970384 0.892570 -2.324433
    22 6.946648 6.587124 1.429667 -1.090396 0.577049 -0.321829
    23 7.537933 7.453606 1.870349 -1.090396 0.577049 -0.321829
    24 8.154472 8.357077 2.329839 -1.090396 0.577049 -0.321829
    25 8.874294 9.411907 2.866308 -1.090396 0.577049 -0.321829
    26 -4.125858 -2.321501 1.394414 2.051196 0.577049 -0.321829
    27 -4.826813 -3.348669 0.872014 2.051196 0.577049 -0.321829
    28 -5.441669 -4.249685 0.413772 2.051196 0.577049 -0.321829
    29 -0.552532 -1.343527 1.604446 -0.415180 0.312114 -0.422073
    30 0.552589 1.343534 -1.604463 -0.250158 0.325476 -0.369600
    31 0.000000 -2.021618 -0.000004 0.186809 0.000000 0.000000
    32 -0.000021 2.021633 0.000027 0.186809 0.000000 0.000000
    33 -0.000004 -1.136217 -0.000004 -0.210111 0.000000 0.000000
    34 -0.000011 1.136200 -0.000019 -0.681783 0.000000 0.000000
    35 -0.032677 -4.587727 1.352317 2.844703 1.216154 2.484990
    36 0.032719 4.587772 -1.352291 2.889672 1.157031 2.159654
    37 0.000000 -1.754536 -0.000002 0.662896 0.000000 0.000000
    38 -0.000006 1.754520 -0.000034 0.901549 0.000000 0.000000
    39 0.000000 -1.227020 -0.000002 0.092660 0.000000 0.000000
    40 0.000002 1.227070 0.000032 1.674869 0.000000 0.000000
    41 -0.367996 -4.208406 0.173244 2.943027 1.091688 2.536231
    42 0.368011 4.208412 -0.173239 3.635942 1.113577 2.454265
    43 0.000000 -2.372318 -0.000004 0.722081 0.000000 0.000000
    44 -0.000006 2.372318 -0.000032 1.624429 0.000000 0.000000
    45 0.000004 -1.580070 -0.000001 0.034255 0.000000 0.000000
    46 -0.000002 1.580170 0.000030 1.214743 0.000000 0.000000
    47 -0.937645 -3.860697 -0.959317 3.044205 1.001841 2.581100
    48 0.937672 3.860714 0.959333 3.801913 0.921338 2.508790
    49 0.000000 -1.690632 0.000000 0.491549 0.000000 0.000000
    50 -0.000013 1.690666 0.000021 1.486782 0.000000 0.000000
    51 -0.000002 -1.423443 0.000002 0.234212 0.000000 0.000000
    52 0.000008 1.423420 0.000028 0.853951 0.000000 0.000000
    53 -1.546646 -3.404194 -1.915569 3.024293 0.944156 2.514436
    54 1.546661 3.404217 1.915585 4.044789 0.709183 2.327357
    55 0.000004 -1.437820 0.000000 0.424958 0.000000 0.000000
    56 -0.000021 1.437870 0.000031 1.044964 0.000000 0.000000
    57 -0.000002 -1.059402 0.000000 0.322075 0.000000 0.000000
    58 0.000006 1.059372 0.000008 0.883198 0.000000 0.000000
    59 -0.000004 -13.013485 -0.000004 0.010936 -0.284123 -0.076426
    60 0.161011 -10.812500 0.023087 0.010936 -0.284123 -0.076426
  time 27
    0 0.000000 0.826660 0.000001 -1.559900 -0.000006 -0.000006
    1 -7.059201 7.545358 -8.025539 -0.675310 0.073505 0.898117
    2 0.000000 14.313023 0.000003 -1.601624 0.000000 0.000000
    3 -0.000011 13.013483 -0.000005 1.130060 1.116208 0.957983
    4 -7.156250 28.656250 24.765625 2.947657 0.312156 -0.581899
    5 0.000000 -14.313034 0.000000 -0.487806 0.000000 0.000000
    6 -0.000004 -13.013485 -0.000004 0.000000 0.000000 0.000000
    7 -1.330879 -2.698427 0.462449 -0.194886 -0.547260 3.056712
    8 1.330910 2.698444 -0.462436 0.194890 0.547268 -0.084879
    9 1.878631 2.689718 0.221867 -0.651505 0.362347 -0.264020
    10 3.556210 4.238403 0.987502 -1.090396 0.577049 -0.321829
    11 4.139183 5.092691 1.421975 -1.090396 0.577049 -0.321829
    12 4.777527 6.028128 1.897721 -1.090396 0.577049 -0.321829
    13 5.490345 7.072691 2.428969 -1.090396 0.577049 -0.321829
    14 6.562500 8.648438 3.230469 -1.090396 0.577049 -0.321829
    15 7.558525 6.997282 -2.354134 -1.937336 -0.275393 3.010581
    16 7.558525 6.997282 -2.354134 1.937336 0.275393 -0.131011
    17 -2.867767 -2.740969 0.531125 2.051196 0.577049 -0.321829
    18 1.714627 1.470525 0.518124 -2.696864 0.602820 1.570719
    19 1.723349 6.549793 -2.949391 -1.012250 -0.838336 0.871799
    20 2.025064 6.907976 -2.428975 1.116168 -0.631256 -1.553910
    21 2.089176 1.167431 1.683606 0.970384 0.892570 -2.324433
    22 6.946648 6.587124 1.429667 -1.090396 0.577049 -0.321829
    23 7.537933 7.453606 1.870349 -1.090396 0.577049 -0.321829
    24 8.154472 8.357077 2.329839 -1.090396 0.577049 -0.321829
    25 8.874294 9.411907 2.866308 -1.090396 0.577049 -0.321829
    26 -4.125858 -2.321501 1.394414 2.051196 0.577049 -0.321829
    27 -4.826813 -3.348669 0.872014 2.051196 0.577049 -0.321829
    28 -5.441669 -4.249685 0.413772 2.051196 0.577049 -0.321829
    29 -0.552532 -1.343527 1.604446 -0.415180 0.312114 -0.422073
    30 0.552589 1.343534 -1.604463 -0.251282 0.325476 -0.369600
    31 0.000000 -2.021618 -0.000004 0.186809 0.000000 0.000000
    32 -0.000021 2.021633 0.000027 0.186809 0.000000 0.000000
    33 -0.000004 -1.136217 -0.000004 -0.210111 0.000000 0.000000
    34 -0.000011 1.136200 -0.000019 -0.696143 0.000000 0.000000
    35 -0.032677 -4.587727 1.352317 2.844703 1.216154 2.484990
    36 0.032719 4.587772 -1.352291 2.889672 1.157031 2.159654
    37 0.000000 -1.754536 -0.000002 0.662896 0.000000 0.000000
    38 -0.000006 1.754520 -0.000034 0.901549 0.000000 0.000000
    39 0.000000 -1.227020 -0.000002 0.092660 0.000000 0.000000
    40 0.000002 1.227070 0.000032 1.674869 0.000000 0.000000
    41 -0.367996 -4.208406 0.173244 2.943027 1.091688 2.536231
    42 0.368011 4.208412 -0.173239 3.636301 1.113610 2.454110
    43 0.000000 -2.372318 -0.000004 0.722081 0.000000 0.000000
    44 -0.000006 2.372318 -0.000032 1.624780 0.000000 0.000000
    45 0.000004 -1.580070 -0.000001 0.034255 0.000000 0.000000
    46 -0.000002 1.580170 0.000030 1.146193 0.000000 0.000000
    47 -0.937645 -3.860697 -0.959317 3.044205 1.001841 2.581100
    48 0.937672 3.860714 0.959333 3.801913 0.921338 2.508790
    49 0.000000 -1.690632 0.000000 0.491549 0.000000 0.000000
    50 -0.000013 1.690666 0.000021 1.486933 0.000000 0.000000
    51 -0.000002 -1.423443 0.000002 0.234212 0.000000 0.000000
    52 0.000008 1.423420 0.000028 0.854172 0.000000 0.000000
    53 -1.546646 -3.404194 -1.915569 3.024293 0.944156 2.514436
    54 1.546661 3.404217 1.915585 4.044789 0.709183 2.327357
    55 0.000004 -1.437820 0.000000 0.424958 0.000000 0.000000
    56 -0.000021 1.437870 0.000031 1.044964 0.000000 0.000000
    57 -0.000002 -1.059402 0.000000 0.322075 0.000000 0.000000
    58 0.000006 1.059372 0.000008 0.883198 0.000000 0.000000
    59 -0.000004 -13.013485 -0.000004 0.010936 -0.284123 -0.076426
    60 0.161011 -10.812500 0.023087 0.010936 -0.284123 -0.076426
  time 28
    0 0.000000 0.826660 0.000001 -1.559900 -0.000006 -0.000006
    1 -7.059201 7.545358 -8.025539 -0.671901 0.072408 0.888035
    2 0.000000 14.313023 0.000003 -1.609567 0.000000 0.000000
    3 -0.000011 13.013483 -0.000005 1.179937 1.102907 0.977730
    4 -7.156250 28.656250 24.765625 2.947657 0.312156 -0.581899
    5 0.000000 -14.313034 0.000000 -0.487806 0.000000 0.000000
    6 -0.000004 -13.013485 -0.000004 0.000000 0.000000 0.000000
    7 -1.330879 -2.698427 0.462449 -0.194886 -0.547260 3.056712
    8 1.330910 2.698444 -0.462436 0.194890 0.547268 -0.084879
    9 1.878631 2.689718 0.221867 -0.651505 0.362347 -0.264020
    10 3.556210 4.238403 0.987502 -1.090396 0.577049 -0.321829
    11 4.139183 5.092691 1.421975 -1.090396 0.577049 -0.321829
    12 4.777527 6.028128 1.897721 -1.090396 0.577049 -0.321829
    13 5.490345 7.072691 2.428969 -1.090396 0.577049 -0.321829
    14 6.562500 8.648438 3.230469 -1.090396 0.577049 -0.321829
    15 7.558525 6.997282 -2.354134 -1.937336 -0.275393 3.010581
    16 7.558525 6.997282 -2.354134 1.937336 0.275393 -0.131011
    17 -2.867767 -2.740969 0.531125 2.051196 0.577049 -0.321829
    18 1.714627 1.474431 0.518124 -2.696864 0.602820 1.570719
    19 1.723349 6.553699 -2.953298 -1.012250 -0.838336 0.871799
    20 2.025064 6.911882 -2.428975 1.116168 -0.631256 -1.553910
    21 2.089176 1.167431 1.687513 0.970384 0.892570 -2.324433
    22 6.946648 6.587124 1.429667 -1.090396 0.577049 -0.321829
    23 7.537933 7.453606 1.870349 -1.090396 0.577049 -0.321829
    24 8.154472 8.357077 2.329839 -1.090396 0.577049 -0.321829
    25 8.874294 9.411907 2.866308 -1.090396 0.577049 -0.321829
    26 -4.125858 -2.321501 1.394414 2.051196 0.577049 -0.321829
    27 -4.826813 -3.348669 0.872014 2.051196 0.577049 -0.321829
    28 -5.441669 -4.249685 0.413772 2.051196 0.577049 -0.321829
    29 -0.552532 -1.343527 1.604446 -0.415180 0.312114 -0.422073
    30 0.552589 1.343534 -1.604463 -0.252379 0.325476 -0.369600
    31 0.000000 -2.021618 -0.000004 0.186809 0.000000 0.000000
    32 -0.000021 2.021633 0.000027 0.186809 0.000000 0.000000
    33 -0.000004 -1.136217 -0.000004 -0.210111 0.000000 0.000000
    34 -0.000011 1.136200 -0.000019 -0.715338 0.000000 0.000000
    35 -0.032677 -4.587727 1.352317 2.844703 1.216154 2.484990
    36 0.032719 4.587772 -1.352291 2.889672 1.157031 2.159654
    37 0.000000 -1.754536 -0.000002 0.662896 0.000000 0.000000
    38 -0.000006 1.754520 -0.000034 0.901549 0.000000 0.000000
    39 0.000000 -1.227020 -0.000002 0.092660 0.000000 0.000000
    40 0.000002 1.227070 0.000032 1.674869 0.000000 0.000000
    41 -0.367996 -4.208406 0.173244 2.943027 1.091688 2.536231
    42 0.368011 4.208412 -0.173239 3.637020 1.113677 2.453800
    43 0.000000 -2.372318 -0.000004 0.722081 0.000000 0.000000
    44 -0.000006 2.372318 -0.000032 1.625481 0.000000 0.000000
    45 0.000004 -1.580070 -0.000001 0.034255 0.000000 0.000000
    46 -0.000002 1.580170 0.000030 1.147387 0.000000 0.000000
    47 -0.937645 -3.860697 -0.959317 3.044205 1.001841 2.581100
    48 0.937672 3.860714 0.959333 3.801913 0.921338 2.508790
    49 0.000000 -1.690632 0.000000 0.491549 0.000000 0.000000
    50 -0.000013 1.690666 0.000021 1.486983 0.000000 0.000000
    51 -0.000002 -1.423443 0.000002 0.234212 0.000000 0.000000
    52 0.000008 1.423420 0.000028 0.854318 0.000000 0.000000
    53 -1.546646 -3.404194 -1.915569 3.024293 0.944156 2.514436
    54 1.546661 3.404217 1.915585 4.044789 0.709183 2.327357
    55 0.000004 -1.437820 0.000000 0.424958 0.000000 0.000000
    56 -0.000021 1.437870 0.000031 1.044964 0.000000 0.000000
    57 -0.000002 -1.059402 0.000000 0.322075 0.000000 0.000000
    58 0.000006 1.059372 0.000008 0.883198 0.000000 0.000000
    59 -0.000004 -13.013485 -0.000004 0.010936 -0.284123 -0.076426
    60 0.161011 -10.812500 0.023087 0.010936 -0.284123 -0.076426
  time 29
    0 0.000000 0.826660 0.000001 -1.559900 -0.000006 -0.000006
    1 -7.059201 7.545358 -8.025539 -0.669228 0.071979 0.880396
    2 0.000000 14.313023 0.000003 -1.614821 0.000000 0.000000
    3 -0.000011 13.013483 -0.000005 1.213475 1.093474 0.990191
    4 -7.156250 28.656250 24.765625 2.947657 0.312156 -0.581899
    5 0.000000 -14.313034 0.000000 -0.487806 0.000000 0.000000
    6 -0.000004 -13.013485 -0.000004 0.000000 0.000000 0.000000
    7 -1.330879 -2.698427 0.462449 -0.194886 -0.547260 3.056712
    8 1.330910 2.698444 -0.462436 0.194890 0.547268 -0.084879
    9 1.878631 2.689718 0.221867 -0.651505 0.362347 -0.263925
    10 3.556210 4.238403 0.987502 -1.090396 0.577049 -0.321829
    11 4.139183 5.092691 1.421975 -1.090396 0.577049 -0.321829
    12 4.777527 6.028128 1.897721 -1.090396 0.577049 -0.321829
    13 5.490345 7.072691 2.428969 -1.090396 0.577049 -0.321829
    14 6.562500 8.648438 3.230469 -1.090396 0.577049 -0.321829
    15 7.558525 6.997282 -2.354134 -1.937336 -0.275393 3.010581
    16 7.558525 6.997282 -2.354134 1.937336 0.275393 -0.131011
    17 -2.867767 -2.740969 0.531125 2.051196 0.577049 -0.321829
    18 1.714627 1.474431 0.518124 -2.696864 0.602820 1.570719
    19 1.723349 6.553699 -2.949391 -1.012250 -0.838336 0.871799
    20 2.025064 6.911882 -2.432882 1.116168 -0.631256 -1.553910
    21 2.089176 1.171337 1.683606 0.970384 0.892570 -2.324433
    22 6.946648 6.587124 1.429667 -1.090396 0.577049 -0.321829
    23 7.537933 7.453606 1.870349 -1.090396 0.577049 -0.321829
    24 8.154472 8.357077 2.329839 -1.090396 0.577049 -0.321829
    25 8.874294 9.411907 2.866308 -1.090396 0.577049 -0.321829
    26 -4.125858 -2.321501 1.394414 2.051196 0.577049 -0.321829
    27 -4.826813 -3.348669 0.872014 2.051196 0.577049 -0.321829
    28 -5.441669 -4.249685 0.413772 2.051196 0.577049 -0.321829
    29 -0.552532 -1.343527 1.604446 -0.415180 0.312114 -0.422073
    30 0.552589 1.343534 -1.604463 -0.253268 0.325476 -0.369600
    31 0.000000 -2.021618 -0.000004 0.186809 0.000000 0.000000
    32 -0.000021 2.021633 0.000027 0.186809 0.000000 0.000000
    33 -0.000004 -1.136217 -0.000004 -0.210111 0.000000 0.000000
    34 -0.000011 1.136200 -0.000019 -0.732068 0.000000 0.000000
    35 -0.032677 -4.587727 1.352317 2.844703 1.216154 2.484990
    36 0.032719 4.587772 -1.352291 2.889672 1.157031 2.159654
    37 0.000000 -1.754536 -0.000002 0.662896 0.000000 0.000000
    38 -0.000006 1.754520 -0.000034 0.901549 0.000000 0.000000
    39 0.000000 -1.227020 -0.000002 0.092660 0.000000 0.000000
    40 0.000002 1.227070 0.000032 1.674802 0.000000 0.000000
    41 -0.367996 -4.208406 0.173244 2.943027 1.091688 2.536231
    42 0.368011 4.208412 -0.173239 3.637649 1.113743 2.453413
    43 0.000000 -2.372318 -0.000004 0.722081 0.000000 0.000000
    44 -0.000006 2.372318 -0.000032 1.626227 0.000000 0.000000
    45 0.000004 -1.580070 -0.000001 0.034255 0.000000 0.000000
    46 -0.000002 1.580170 0.000030 1.149549 0.000000 0.000000
    47 -0.937645 -3.860697 -0.959317 3.044205 1.001841 2.581100
    48 0.937672 3.860714 0.959333 3.801913 0.921338 2.508790
    49 0.000000 -1.690632 0.000000 0.491549 0.000000 0.000000
    50 -0.000013 1.690666 0.000021 1.486882 0.000000 0.000000
    51 -0.000002 -1.423443 0.000002 0.234212 0.000000 0.000000
    52 0.000008 1.423420 0.000028 0.854172 0.000000 0.000000
    53 -1.546646 -3.404194 -1.915569 3.024293 0.944156 2.514436
    54 1.546661 3.404217 1.915585 4.044789 0.709183 2.327357
    55 0.000004 -1.437820 0.000000 0.424958 0.000000 0.000000
    56 -0.000021 1.437870 0.000031 1.044964 0.000000 0.000000
    57 -0.000002 -1.059402 0.000000 0.322075 0.000000 0.000000
    58 0.000006 1.059372 0.000008 0.883198 0.000000 0.000000
    59 -0.000004 -13.013485 -0.000004 0.010936 -0.284123 -0.076426
    60 0.161011 -10.812500 0.023087 0.010936 -0.284123 -0.076426
  time 30
    0 0.000000 0.826660 0.000001 -1.559900 -0.000006 -0.000006
    1 -7.059201 7.545358 -8.025539 -0.668399 0.071883 0.877341
    2 0.000000 14.313023 0.000003 -1.616776 0.000000 0.000000
    3 -0.000011 13.013483 -0.000005 1.225610 1.090031 0.994409
    4 -7.156250 28.656250 24.765625 2.947657 0.312156 -0.581899
    5 0.000000 -14.313034 0.000000 -0.487806 0.000000 0.000000
    6 -0.000004 -13.013485 -0.000004 0.000000 0.000000 0.000000
    7 -1.330879 -2.698427 0.462449 -0.194886 -0.547260 3.056712
    8 1.330910 2.698444 -0.462436 0.194890 0.547268 -0.084879
    9 1.878631 2.689718 0.221867 -0.651505 0.362347 -0.264020
    10 3.556210 4.238403 0.987502 -1.090396 0.577049 -0.321829
    11 4.139183 5.092691 1.421975 -1.090396 0.577049 -0.321829
    12 4.777527 6.028128 1.897721 -1.090396 0.577049 -0.321829
    13 5.490345 7.072691 2.428969 -1.090396 0.577049 -0.321829
    14 6.562500 8.648438 3.230469 -1.090396 0.577049 -0.321829
    15 7.558525 6.997282 -2.354134 -1.937336 -0.275393 3.010581
    16 7.558525 6.997282 -2.354134 1.937336 0.275393 -0.131011
    17 -2.867767 -2.740969 0.531125 2.051196 0.577049 -0.321829
    18 1.714627 1.474431 0.518124 -2.696864 0.602820 1.570719
    19 1.723349 6.549793 -2.949391 -1.012250 -0.838336 0.871799
    20 2.025064 6.907976 -2.432882 1.116168 -0.631256 -1.553910
    21 2.089176 1.167431 1.687513 0.970384 0.892570 -2.324433
    22 6.946648 6.587124 1.429667 -1.090396 0.577049 -0.321829
    23 7.537933 7.453606 1.870349 -1.090396 0.577049 -0.321829
    24 8.154472 8.357077 2.329839 -1.090396 0.577049 -0.321829
    25 8.874294 9.411907 2.866308 -1.090396 0.577049 -0.321829
    26 -4.125858 -2.321501 1.394414 2.051196 0.577049 -0.321829
    27 -4.826813 -3.348669 0.872014 2.051196 0.577049 -0.321829
    28 -5.441669 -4.249685 0.413772 2.051196 0.577049 -0.321829
    29 -0.552532 -1.343527 1.604446 -0.415180 0.312114 -0.422073
    30 0.552589 1.343534 -1.604463 -0.253607 0.325476 -0.369600
    31 0.000000 -2.021618 -0.000004 0.186809 0.000000 0.000000
    32 -0.000021 2.021633 0.000027 0.186809 0.000000 0.000000
    33 -0.000004 -1.136217 -0.000004 -0.210111 0.000000 0.000000
    34 -0.000011 1.136200 -0.000019 -0.739179 0.000000 0.000000
    35 -0.032677 -4.587727 1.352317 2.844703 1.216154 2.484990
    36 0.032719 4.587772 -1.352291 2.889672 1.157031 2.159654
    37 0.000000 -1.754536 -0.000002 0.662896 0.000000 0.000000
    38 -0.000006 1.754520 -0.000034 0.901549 0.000000 0.000000
    39 0.000000 -1.227020 -0.000002 0.092660 0.000000 0.000000
    40 0.000002 1.227070 0.000032 1.674869 0.000000 0.000000
    41 -0.367996 -4.208406 0.173244 2.943027 1.091688 2.536231
    42 0.368011 4.208412 -0.173239 3.638008 1.113777 2.453336
    43 0.000000 -2.372318 -0.000004 0.722081 0.000000 0.000000
    44 -0.000006 2.372318 -0.000032 1.626622 0.000000 0.000000
    45 0.000004 -1.580070 -0.000001 0.034255 0.000000 0.000000
    46 -0.000002 1.580170 0.000030 1.150744 0.000000 0.000000
    47 -0.937645 -3.860697 -0.959317 3.044205 1.001841 2.581100
    48 0.937672 3.860714 0.959333 3.801913 0.921338 2.508790
    49 0.000000 -1.690632 0.000000 0.491549 0.000000 0.000000
    50 -0.000013 1.690666 0.000021 1.486632 0.000000 0.000000
    51 -0.000002 -1.423443 0.000002 0.234212 0.000000 0.000000
    52 0.000008 1.423420 0.000028 0.853658 0.000000 0.000000
    53 -1.546646 -3.404194 -1.915569 3.024293 0.944156 2.514436
    54 1.546661 3.404217 1.915585 4.044789 0.709183 2.327357
    55 0.000004 -1.437820 0.000000 0.424958 0.000000 0.000000
    56 -0.000021 1.437870 0.000031 1.044964 0.000000 0.000000
    57 -0.000002 -1.059402 0.000000 0.322075 0.000000 0.000000
    58 0.000006 1.059372 0.000008 0.883198 0.000000 0.000000
    59 -0.000004 -13.013485 -0.000004 0.010936 -0.284123 -0.076426
    60 0.161011 -10.812500 0.023087 0.010936 -0.284123 -0.076426
end
