// Created by Crowbar 0.74
version 1
nodes
  0 "root" -1
  1 "bip_upperArm_R" 0
  2 "bip_lowerArm_R" 1
  3 "bip_hand_R" 2
  4 "bip_upperArm_L" 0
  5 "bip_lowerArm_L" 4
  6 "bip_hand_L" 5
  7 "effect_hand_L" 6
  8 "effect_hand_R" 3
  9 "weapon_bone" 3
  10 "weapon_bone_1" 3
  11 "weapon_bone_2" 3
  12 "weapon_bone_3" 3
  13 "weapon_bone_4" 3
  14 "weapon_bone_5" 3
  15 "weapon_bone_6" 3
  16 "weapon_bone_7" 3
  17 "weapon_bone_L" 6
  18 "vm_weapon_bone" 3
  19 "vm_weapon_bone_1" 3
  20 "vm_weapon_bone_2" 3
  21 "vm_weapon_bone_3" 3
  22 "vm_weapon_bone_4" 3
  23 "vm_weapon_bone_5" 3
  24 "vm_weapon_bone_6" 3
  25 "vm_weapon_bone_7" 3
  26 "vm_weapon_bone_L" 6
  27 "vm_weapon_bone_L_1" 6
  28 "vm_weapon_bone_L_2" 6
  29 "bip_thumb_0_L" 6
  30 "bip_thumb_0_R" 3
  31 "bip_thumb_1_L" 29
  32 "bip_thumb_1_R" 30
  33 "bip_thumb_2_L" 31
  34 "bip_thumb_2_R" 32
  35 "bip_index_0_L" 6
  36 "bip_index_0_R" 3
  37 "bip_index_1_L" 35
  38 "bip_index_1_R" 36
  39 "bip_index_2_L" 37
  40 "bip_index_2_R" 38
  41 "bip_middle_0_L" 6
  42 "bip_middle_0_R" 3
  43 "bip_middle_1_L" 41
  44 "bip_middle_1_R" 42
  45 "bip_middle_2_L" 43
  46 "bip_middle_2_R" 44
  47 "bip_ring_0_L" 6
  48 "bip_ring_0_R" 3
  49 "bip_ring_1_L" 47
  50 "bip_ring_1_R" 48
  51 "bip_ring_2_L" 49
  52 "bip_ring_2_R" 50
  53 "bip_pinky_0_L" 6
  54 "bip_pinky_0_R" 3
  55 "bip_pinky_1_L" 53
  56 "bip_pinky_1_R" 54
  57 "bip_pinky_2_L" 55
  58 "bip_pinky_2_R" 56
  59 "Sleeve_Control" 5
  60 "Wrist_Control" 5
end
skeleton
  time 0
    0 0.000000 0.826660 0.000001 -1.559900 -0.000006 -0.000006
    1 -7.059201 7.545358 -8.025539 -0.668399 0.071883 0.877341
    2 0.000000 14.313023 0.000003 -1.616776 0.000000 0.000000
    3 -0.000011 13.013483 -0.000005 1.225610 1.090031 0.994409
    4 8.652996 -22.135220 3.978737 2.947657 0.312156 -0.581899
    5 0.000000 -14.313034 0.000000 -0.487806 0.000000 0.000000
    6 -0.000004 -13.013485 -0.000004 0.000000 0.000000 0.000000
    7 -1.330879 -2.698427 0.462449 -0.194886 -0.547260 3.056712
    8 1.330910 2.698444 -0.462436 0.194890 0.547268 -0.084879
    9 1.909541 2.738795 0.272378 -0.671525 0.387702 -0.285686
    10 3.556210 4.238403 0.987502 -1.090396 0.577049 -0.321829
    11 4.139183 5.092691 1.421975 -1.090396 0.577049 -0.321829
    12 4.777527 6.028128 1.897721 -1.090396 0.577049 -0.321829
    13 5.490345 7.072691 2.428969 -1.090396 0.577049 -0.321829
    14 6.566406 8.640625 3.232422 -1.090396 0.577049 -0.321829
    15 7.558525 6.997282 -2.354134 -1.937336 -0.275393 3.010581
    16 7.558525 6.997282 -2.354134 1.937336 0.275393 -0.131011
    17 -2.867767 -2.740969 0.531125 2.051196 0.577049 -0.321829
    18 1.738065 1.540840 0.600158 -2.660909 0.613662 1.576855
    19 1.719443 6.577137 -2.922047 -0.990059 -0.810877 0.841024
    20 2.040690 6.935320 -2.417256 1.086565 -0.623170 -1.558511
    21 2.077456 1.167431 1.648449 0.934650 0.881100 -2.374189
    22 6.946648 6.587124 1.429667 -1.090396 0.577049 -0.321829
    23 7.537933 7.453606 1.870349 -1.090396 0.577049 -0.321829
    24 8.154472 8.357077 2.329839 -1.090396 0.577049 -0.321829
    25 8.874294 9.411907 2.866308 -1.090396 0.577049 -0.321829
    26 -4.125858 -2.321501 1.394414 2.051196 0.577049 -0.321829
    27 -4.826813 -3.348669 0.872014 2.051196 0.577049 -0.321829
    28 -5.441669 -4.249685 0.413772 2.051196 0.577049 -0.321829
    29 -0.552532 -1.343527 1.604446 -0.415180 0.312114 -0.422073
    30 0.552589 1.343534 -1.604463 -0.253607 0.325476 -0.369600
    31 0.000000 -2.021618 -0.000004 0.186809 0.000000 0.000000
    32 -0.000021 2.021633 0.000027 0.186809 0.000000 0.000000
    33 -0.000004 -1.136217 -0.000004 -0.210111 0.000000 0.000000
    34 -0.000011 1.136200 -0.000019 -0.739179 0.000000 0.000000
    35 -0.032677 -4.587727 1.352317 2.844703 1.216154 2.484990
    36 0.032719 4.587772 -1.352291 2.889672 1.157031 2.159654
    37 0.000000 -1.754536 -0.000002 0.662896 0.000000 0.000000
    38 -0.000006 1.754520 -0.000034 0.901549 0.000000 0.000000
    39 0.000000 -1.227020 -0.000002 0.092660 0.000000 0.000000
    40 0.000002 1.227070 0.000032 1.674869 0.000000 0.000000
    41 -0.367996 -4.208406 0.173244 2.943027 1.091688 2.536231
    42 0.368011 4.208412 -0.173239 3.638008 1.113777 2.453336
    43 0.000000 -2.372318 -0.000004 0.722081 0.000000 0.000000
    44 -0.000006 2.372318 -0.000032 1.626622 0.000000 0.000000
    45 0.000004 -1.580070 -0.000001 0.034255 0.000000 0.000000
    46 -0.000002 1.580170 0.000030 1.150744 0.000000 0.000000
    47 -0.937645 -3.860697 -0.959317 3.044205 1.001841 2.581100
    48 0.937672 3.860714 0.959333 3.801913 0.921338 2.508790
    49 0.000000 -1.690632 0.000000 0.491549 0.000000 0.000000
    50 -0.000013 1.690666 0.000021 1.486632 0.000000 0.000000
    51 -0.000002 -1.423443 0.000002 0.234212 0.000000 0.000000
    52 0.000008 1.423420 0.000028 0.853658 0.000000 0.000000
    53 -1.546646 -3.404194 -1.915569 3.024293 0.944156 2.514436
    54 1.546661 3.404217 1.915585 4.044789 0.709183 2.327357
    55 0.000004 -1.437820 0.000000 0.424958 0.000000 0.000000
    56 -0.000021 1.437870 0.000031 1.044964 0.000000 0.000000
    57 -0.000002 -1.059402 0.000000 0.322075 0.000000 0.000000
    58 0.000006 1.059372 0.000008 0.883198 0.000000 0.000000
    59 -0.000004 -13.013485 -0.000004 0.010936 -0.284123 -0.076426
    60 0.161133 -10.812500 0.023087 0.010936 -0.284123 -0.076426
  time 1
    0 0.000000 0.826660 0.000001 -1.559900 -0.000006 -0.000006
    1 -7.059201 7.545358 -8.025539 -0.665727 0.070929 0.852976
    2 0.000000 14.313023 0.000003 -1.612622 0.000000 0.000000
    3 -0.000011 13.013483 -0.000005 1.181179 1.085739 0.971211
    4 8.652996 -22.135220 3.978737 2.947657 0.312156 -0.581899
    5 0.000000 -14.313034 0.000000 -0.487806 0.000000 0.000000
    6 -0.000004 -13.013485 -0.000004 0.000000 0.000000 0.000000
    7 -1.330879 -2.698427 0.462449 -0.194886 -0.547260 3.056712
    8 1.330910 2.698444 -0.462436 0.194890 0.547268 -0.084879
    9 1.909541 2.738795 0.272378 -0.671429 0.387702 -0.285686
    10 3.556210 4.238403 0.987502 -1.090396 0.577049 -0.321829
    11 4.139183 5.092691 1.421975 -1.090396 0.577049 -0.321829
    12 4.777527 6.028128 1.897721 -1.090396 0.577049 -0.321829
    13 5.490345 7.072691 2.428969 -1.090396 0.577049 -0.321829
    14 6.566406 8.640625 3.232422 -1.090396 0.577049 -0.321829
    15 7.558525 6.997282 -2.354134 -1.937336 -0.275393 3.010581
    16 7.558525 6.997282 -2.354134 1.937336 0.275393 -0.131011
    17 -2.867767 -2.740969 0.531125 2.051196 0.577049 -0.321829
    18 1.738065 1.540840 0.600158 -2.660909 0.613662 1.576855
    19 1.719443 6.577137 -2.922047 -0.990059 -0.810877 0.841024
    20 2.040690 6.935320 -2.417256 1.086565 -0.623170 -1.558511
    21 2.077456 1.167431 1.648449 0.934650 0.881100 -2.374189
    22 6.946648 6.587124 1.429667 -1.090396 0.577049 -0.321829
    23 7.537933 7.453606 1.870349 -1.090396 0.577049 -0.321829
    24 8.154472 8.357077 2.329839 -1.090396 0.577049 -0.321829
    25 8.874294 9.411907 2.866308 -1.090396 0.577049 -0.321829
    26 -4.125858 -2.321501 1.394414 2.051196 0.577049 -0.321829
    27 -4.826813 -3.348669 0.872014 2.051196 0.577049 -0.321829
    28 -5.441669 -4.249685 0.413772 2.051196 0.577049 -0.321829
    29 -0.552532 -1.343527 1.604446 -0.415180 0.312114 -0.422073
    30 0.552589 1.343534 -1.604463 -0.254862 0.336578 -0.369231
    31 0.000000 -2.021618 -0.000004 0.186809 0.000000 0.000000
    32 -0.000021 2.021633 0.000027 0.182272 0.000000 0.000000
    33 -0.000004 -1.136217 -0.000004 -0.210111 0.000000 0.000000
    34 -0.000011 1.136200 -0.000019 -0.739179 0.000000 0.000000
    35 -0.032677 -4.587727 1.352317 2.844703 1.216154 2.484990
    36 0.032719 4.587772 -1.352291 2.876477 1.157031 2.159654
    37 0.000000 -1.754536 -0.000002 0.662896 0.000000 0.000000
    38 -0.000006 1.754520 -0.000034 0.900506 0.000000 0.000000
    39 0.000000 -1.227020 -0.000002 0.092660 0.000000 0.000000
    40 0.000002 1.227070 0.000032 1.654367 0.000000 0.000000
    41 -0.367996 -4.208406 0.173244 2.943027 1.091688 2.536231
    42 0.368011 4.208412 -0.173239 3.621392 1.113777 2.453336
    43 0.000000 -2.372318 -0.000004 0.722081 0.000000 0.000000
    44 -0.000006 2.372318 -0.000032 1.620831 0.000000 0.000000
    45 0.000004 -1.580070 -0.000001 0.034255 0.000000 0.000000
    46 -0.000002 1.580170 0.000030 1.096586 0.000000 0.000000
    47 -0.937645 -3.860697 -0.959317 3.044205 1.001841 2.581100
    48 0.937672 3.860714 0.959333 3.778501 0.921338 2.508790
    49 0.000000 -1.690632 0.000000 0.491549 0.000000 0.000000
    50 -0.000013 1.690666 0.000021 1.480473 0.000000 0.000000
    51 -0.000002 -1.423443 0.000002 0.234212 0.000000 0.000000
    52 0.000008 1.423420 0.000028 0.843013 0.000000 0.000000
    53 -1.546646 -3.404194 -1.915569 3.024293 0.944156 2.514436
    54 1.546661 3.404217 1.915585 4.018393 0.709990 2.329045
    55 0.000004 -1.437820 0.000000 0.424958 0.000000 0.000000
    56 -0.000021 1.437870 0.000031 1.043254 0.000000 0.000000
    57 -0.000002 -1.059402 0.000000 0.322075 0.000000 0.000000
    58 0.000006 1.059372 0.000008 0.870876 0.000000 0.000000
    59 -0.000004 -13.013485 -0.000004 0.010936 -0.284123 -0.076426
    60 0.161133 -10.812500 0.023087 0.010936 -0.284123 -0.076426
  time 2
    0 0.000000 0.826660 0.000001 -1.559900 -0.000006 -0.000006
    1 -7.059201 7.545358 -8.025539 -0.659000 0.068974 0.799280
    2 0.000000 14.313023 0.000003 -1.602357 0.000000 0.000000
    3 -0.000011 13.013483 -0.000005 1.081139 1.076730 0.923092
    4 8.652996 -22.135220 3.978737 2.947657 0.312156 -0.581899
    5 0.000000 -14.313034 0.000000 -0.487806 0.000000 0.000000
    6 -0.000004 -13.013485 -0.000004 0.000000 0.000000 0.000000
    7 -1.330879 -2.698427 0.462449 -0.194886 -0.547260 3.056712
    8 1.330910 2.698444 -0.462436 0.194890 0.547268 -0.084879
    9 1.909541 2.738795 0.272378 -0.671525 0.387702 -0.285686
    10 3.556210 4.238403 0.987502 -1.090396 0.577049 -0.321829
    11 4.139183 5.092691 1.421975 -1.090396 0.577049 -0.321829
    12 4.777527 6.028128 1.897721 -1.090396 0.577049 -0.321829
    13 5.490345 7.072691 2.428969 -1.090396 0.577049 -0.321829
    14 6.566406 8.640625 3.232422 -1.090396 0.577049 -0.321829
    15 7.558525 6.997282 -2.354134 -1.937336 -0.275393 3.010581
    16 7.558525 6.997282 -2.354134 1.937336 0.275393 -0.131011
    17 -2.867767 -2.740969 0.531125 2.051196 0.577049 -0.321829
    18 1.738065 1.540840 0.600158 -2.660814 0.613662 1.576855
    19 1.719443 6.581044 -2.922047 -0.990059 -0.810877 0.841024
    20 2.040690 6.939227 -2.417256 1.086469 -0.623170 -1.558511
    21 2.077456 1.171337 1.648449 0.934650 0.881042 -2.374189
    22 6.946648 6.587124 1.429667 -1.090396 0.577049 -0.321829
    23 7.537933 7.453606 1.870349 -1.090396 0.577049 -0.321829
    24 8.154472 8.357077 2.329839 -1.090396 0.577049 -0.321829
    25 8.874294 9.411907 2.866308 -1.090396 0.577049 -0.321829
    26 -4.125858 -2.321501 1.394414 2.051196 0.577049 -0.321829
    27 -4.826813 -3.348669 0.872014 2.051196 0.577049 -0.321829
    28 -5.441669 -4.249685 0.413772 2.051196 0.577049 -0.321829
    29 -0.552532 -1.343527 1.604446 -0.415180 0.312114 -0.422073
    30 0.552589 1.343534 -1.604463 -0.257945 0.362866 -0.368448
    31 0.000000 -2.021618 -0.000004 0.186809 0.000000 0.000000
    32 -0.000021 2.021633 0.000027 0.170371 0.000000 0.000000
    33 -0.000004 -1.136217 -0.000004 -0.210111 0.000000 0.000000
    34 -0.000011 1.136200 -0.000019 -0.739179 0.000000 0.000000
    35 -0.032677 -4.587727 1.352317 2.844703 1.216154 2.484990
    36 0.032719 4.587772 -1.352291 2.845224 1.157031 2.159654
    37 0.000000 -1.754536 -0.000002 0.662896 0.000000 0.000000
    38 -0.000006 1.754520 -0.000034 0.893476 0.000000 0.000000
    39 0.000000 -1.227020 -0.000002 0.092660 0.000000 0.000000
    40 0.000002 1.227070 0.000032 1.598518 0.000000 0.000000
    41 -0.367996 -4.208406 0.173244 2.943027 1.091688 2.536231
    42 0.368011 4.208412 -0.173239 3.579629 1.113777 2.453336
    43 0.000000 -2.372318 -0.000004 0.722081 0.000000 0.000000
    44 -0.000006 2.372318 -0.000032 1.607012 0.000000 0.000000
    45 0.000004 -1.580070 -0.000001 0.034255 0.000000 0.000000
    46 -0.000002 1.580170 0.000030 0.968531 0.000000 0.000000
    47 -0.937645 -3.860697 -0.959317 3.044205 1.001841 2.581100
    48 0.937672 3.860714 0.959333 3.723039 0.921338 2.508790
    49 0.000000 -1.690632 0.000000 0.491549 0.000000 0.000000
    50 -0.000013 1.690666 0.000021 1.463898 0.000000 0.000000
    51 -0.000002 -1.423443 0.000002 0.234212 0.000000 0.000000
    52 0.000008 1.423420 0.000028 0.817833 0.000000 0.000000
    53 -1.546646 -3.404194 -1.915569 3.024293 0.944156 2.514436
    54 1.546661 3.404217 1.915585 3.955910 0.711949 2.333112
    55 0.000004 -1.437820 0.000000 0.424958 0.000000 0.000000
    56 -0.000021 1.437870 0.000031 1.035238 0.000000 0.000000
    57 -0.000002 -1.059402 0.000000 0.322075 0.000000 0.000000
    58 0.000006 1.059372 0.000008 0.841671 0.000000 0.000000
    59 -0.000004 -13.013485 -0.000004 0.010936 -0.284123 -0.076426
    60 0.161133 -10.812500 0.023087 0.010936 -0.284123 -0.076426
  time 3
    0 0.000000 0.826660 0.000001 -1.559900 -0.000006 -0.000006
    1 -7.059201 7.545358 -8.025539 -0.650154 0.067353 0.741688
    2 0.000000 14.313023 0.000003 -1.589038 0.000000 0.000000
    3 -0.000011 13.013483 -0.000005 0.968678 1.068523 0.875931
    4 8.652996 -22.135220 3.978737 2.947657 0.312156 -0.581899
    5 0.000000 -14.313034 0.000000 -0.487806 0.000000 0.000000
    6 -0.000004 -13.013485 -0.000004 0.000000 0.000000 0.000000
    7 -1.330879 -2.698427 0.462449 -0.194886 -0.547260 3.056712
    8 1.330910 2.698444 -0.462436 0.194890 0.547268 -0.084879
    9 2.033184 2.689718 0.322889 -0.689149 0.396426 -0.267804
    10 3.556210 4.238403 0.987502 -1.090396 0.577049 -0.321829
    11 4.139183 5.092691 1.421975 -1.090396 0.577049 -0.321829
    12 4.777527 6.028128 1.897721 -1.090396 0.577049 -0.321829
    13 5.490345 7.072691 2.428969 -1.090396 0.577049 -0.321829
    14 6.566406 8.640625 3.232422 -1.090396 0.577049 -0.321829
    15 7.558525 6.997282 -2.354134 -1.937336 -0.275393 3.010581
    16 7.558525 6.997282 -2.354134 1.937336 0.275393 -0.131011
    17 -2.867767 -2.740969 0.531125 2.051196 0.577049 -0.321829
    18 1.878694 1.513495 0.674379 -2.644644 0.626629 1.610890
    19 1.688192 6.502916 -2.910328 -0.988731 -0.792327 0.864609
    20 2.009439 6.876725 -2.413350 1.070087 -0.636118 -1.524098
    21 2.241524 1.159618 1.730483 0.935225 0.862526 -2.349071
    22 6.946648 6.587124 1.429667 -1.090396 0.577049 -0.321829
    23 7.537933 7.453606 1.870349 -1.090396 0.577049 -0.321829
    24 8.154472 8.357077 2.329839 -1.090396 0.577049 -0.321829
    25 8.874294 9.411907 2.866308 -1.090396 0.577049 -0.321829
    26 -4.125858 -2.321501 1.394414 2.051196 0.577049 -0.321829
    27 -4.826813 -3.348669 0.872014 2.051196 0.577049 -0.321829
    28 -5.441669 -4.249685 0.413772 2.051196 0.577049 -0.321829
    29 -0.552532 -1.343527 1.604446 -0.415180 0.312114 -0.422073
    30 0.552589 1.343534 -1.604463 -0.261943 0.394268 -0.367470
    31 0.000000 -2.021618 -0.000004 0.186809 0.000000 0.000000
    32 -0.000021 2.021633 0.000027 0.153744 0.000000 0.000000
    33 -0.000004 -1.136217 -0.000004 -0.210111 0.000000 0.000000
    34 -0.000011 1.136200 -0.000019 -0.739179 0.000000 0.000000
    35 -0.032677 -4.587727 1.352317 2.844703 1.216154 2.484990
    36 0.032719 4.587772 -1.352291 2.807981 1.157031 2.159654
    37 0.000000 -1.754536 -0.000002 0.662896 0.000000 0.000000
    38 -0.000006 1.754520 -0.000034 0.874246 0.000000 0.000000
    39 0.000000 -1.227020 -0.000002 0.092660 0.000000 0.000000
    40 0.000002 1.227070 0.000032 1.514711 0.000000 0.000000
    41 -0.367996 -4.208406 0.173244 2.943027 1.091688 2.536231
    42 0.368011 4.208412 -0.173239 3.523405 1.113777 2.453336
    43 0.000000 -2.372318 -0.000004 0.722081 0.000000 0.000000
    44 -0.000006 2.372318 -0.000032 1.590648 0.000000 0.000000
    45 0.000004 -1.580070 -0.000001 0.034255 0.000000 0.000000
    46 -0.000002 1.580170 0.000030 0.815217 0.000000 0.000000
    47 -0.937645 -3.860697 -0.959317 3.044205 1.001841 2.581100
    48 0.937672 3.860714 0.959333 3.656707 0.921338 2.508790
    49 0.000000 -1.690632 0.000000 0.491549 0.000000 0.000000
    50 -0.000013 1.690666 0.000021 1.439512 0.000000 0.000000
    51 -0.000002 -1.423443 0.000002 0.234212 0.000000 0.000000
    52 0.000008 1.423420 0.000028 0.787734 0.000000 0.000000
    53 -1.546646 -3.404194 -1.915569 3.024293 0.944156 2.514436
    54 1.546661 3.404217 1.915585 3.881152 0.714254 2.338023
    55 0.000004 -1.437820 0.000000 0.424958 0.000000 0.000000
    56 -0.000021 1.437870 0.000031 1.016214 0.000000 0.000000
    57 -0.000002 -1.059402 0.000000 0.322075 0.000000 0.000000
    58 0.000006 1.059372 0.000008 0.806719 0.000000 0.000000
    59 -0.000004 -13.013485 -0.000004 0.010936 -0.284123 -0.076426
    60 0.161133 -10.812500 0.023087 0.010936 -0.284123 -0.076426
  time 4
    0 0.000000 0.826660 0.000001 -1.559900 -0.000006 -0.000006
    1 -7.059201 7.545358 -8.025539 -0.642229 0.066447 0.698380
    2 0.000000 14.313023 0.000003 -1.577001 0.000000 0.000000
    3 -0.000011 13.013483 -0.000005 0.877715 1.064702 0.842189
    4 8.652996 -22.135220 3.978737 2.947657 0.312156 -0.581899
    5 0.000000 -14.313034 0.000000 -0.487806 0.000000 0.000000
    6 -0.000004 -13.013485 -0.000004 0.000000 0.000000 0.000000
    7 -1.330879 -2.698427 0.462449 -0.194886 -0.547260 3.056712
    8 1.330910 2.698444 -0.462436 0.194890 0.547268 -0.084879
    9 2.249560 2.640641 0.474423 -0.727272 0.415191 -0.227877
    10 3.556210 4.238403 0.987502 -1.090396 0.577049 -0.321829
    11 4.139183 5.092691 1.421975 -1.090396 0.577049 -0.321829
    12 4.777527 6.028128 1.897721 -1.090396 0.577049 -0.321829
    13 5.490345 7.072691 2.428969 -1.090396 0.577049 -0.321829
    14 6.566406 8.640625 3.232422 -1.090396 0.577049 -0.321829
    15 7.558525 6.997282 -2.354134 -1.937336 -0.275393 3.010581
    16 7.558525 6.997282 -2.354134 1.937336 0.275393 -0.131011
    17 -2.867767 -2.740969 0.531125 2.051196 0.577049 -0.321829
    18 2.187297 1.450993 0.842353 -2.608403 0.653870 1.687589
    19 1.629596 6.311504 -2.879077 -0.985506 -0.752602 0.917531
    20 1.939124 6.716564 -2.401631 1.033394 -0.663230 -1.446931
    21 2.597004 1.151805 1.898457 0.936087 0.822759 -2.293467
    22 6.946648 6.587124 1.429667 -1.090396 0.577049 -0.321829
    23 7.537933 7.453606 1.870349 -1.090396 0.577049 -0.321829
    24 8.154472 8.357077 2.329839 -1.090396 0.577049 -0.321829
    25 8.874294 9.411907 2.866308 -1.090396 0.577049 -0.321829
    26 -4.125858 -2.321501 1.394414 2.051196 0.577049 -0.321829
    27 -4.826813 -3.348669 0.872014 2.051196 0.577049 -0.321829
    28 -5.441669 -4.249685 0.413772 2.051196 0.577049 -0.321829
    29 -0.552532 -1.343527 1.604446 -0.415180 0.312114 -0.422073
    30 0.552589 1.343534 -1.604463 -0.265628 0.420635 -0.366688
    31 0.000000 -2.021618 -0.000004 0.186809 0.000000 0.000000
    32 -0.000021 2.021633 0.000027 0.134915 0.000000 0.000000
    33 -0.000004 -1.136217 -0.000004 -0.210111 0.000000 0.000000
    34 -0.000011 1.136200 -0.000019 -0.739179 0.000000 0.000000
    35 -0.032677 -4.587727 1.352317 2.844703 1.216154 2.484990
    36 0.032719 4.587772 -1.352291 2.776641 1.157031 2.159654
    37 0.000000 -1.754536 -0.000002 0.662896 0.000000 0.000000
    38 -0.000006 1.754520 -0.000034 0.836738 0.000000 0.000000
    39 0.000000 -1.227020 -0.000002 0.092660 0.000000 0.000000
    40 0.000002 1.227070 0.000032 1.410069 0.000000 0.000000
    41 -0.367996 -4.208406 0.173244 2.943027 1.091688 2.536231
    42 0.368011 4.208412 -0.173239 3.464128 1.113777 2.453336
    43 0.000000 -2.372318 -0.000004 0.722081 0.000000 0.000000
    44 -0.000006 2.372318 -0.000032 1.576828 0.000000 0.000000
    45 0.000004 -1.580070 -0.000001 0.034255 0.000000 0.000000
    46 -0.000002 1.580170 0.000030 0.686706 0.000000 0.000000
    47 -0.937645 -3.860697 -0.959317 3.044205 1.001841 2.581100
    48 0.937672 3.860714 0.959333 3.601059 0.921338 2.508790
    49 0.000000 -1.690632 0.000000 0.491549 0.000000 0.000000
    50 -0.000013 1.690666 0.000021 1.409968 0.000000 0.000000
    51 -0.000002 -1.423443 0.000002 0.234212 0.000000 0.000000
    52 0.000008 1.423420 0.000028 0.762481 0.000000 0.000000
    53 -1.546646 -3.404194 -1.915569 3.024293 0.944156 2.514436
    54 1.546661 3.404217 1.915585 3.818484 0.716156 2.342090
    55 0.000004 -1.437820 0.000000 0.424958 0.000000 0.000000
    56 -0.000021 1.437870 0.000031 0.981531 0.000000 0.000000
    57 -0.000002 -1.059402 0.000000 0.322075 0.000000 0.000000
    58 0.000006 1.059372 0.000008 0.777514 0.000000 0.000000
    59 -0.000004 -13.013485 -0.000004 0.010936 -0.284123 -0.076426
    60 0.161133 -10.812500 0.023087 0.010936 -0.284123 -0.076426
  time 5
    0 0.000000 0.826660 0.000001 -1.559900 -0.000006 -0.000006
    1 -7.059201 7.545358 -8.025539 -0.638267 0.065636 0.681500
    2 0.000000 14.313023 0.000003 -1.571564 0.000000 0.000000
    3 -0.000011 13.013483 -0.000005 0.835673 1.066825 0.824744
    4 8.652996 -22.135220 3.978737 2.947657 0.312156 -0.581899
    5 0.000000 -14.313034 0.000000 -0.487806 0.000000 0.000000
    6 -0.000004 -13.013485 -0.000004 0.000000 0.000000 0.000000
    7 -1.330879 -2.698427 0.462449 -0.194886 -0.547260 3.056712
    8 1.330910 2.698444 -0.462436 0.194890 0.547268 -0.084879
    9 2.496846 2.542486 0.524935 -0.764437 0.432952 -0.187381
    10 3.556210 4.238403 0.987502 -1.090396 0.577049 -0.321829
    11 4.139183 5.092691 1.421975 -1.090396 0.577049 -0.321829
    12 4.777527 6.028128 1.897721 -1.090396 0.577049 -0.321829
    13 5.490345 7.072691 2.428969 -1.090396 0.577049 -0.321829
    14 6.566406 8.640625 3.232422 -1.090396 0.577049 -0.321829
    15 7.558525 6.997282 -2.354134 -1.937336 -0.275393 3.010581
    16 7.558525 6.997282 -2.354134 1.937336 0.275393 -0.131011
    17 -2.867767 -2.740969 0.531125 2.051196 0.577049 -0.321829
    18 2.499807 1.384585 1.018139 -2.572068 0.679259 1.766014
    19 1.582720 6.088841 -2.828294 -0.982092 -0.714402 0.971028
    20 1.880529 6.525152 -2.370380 0.996509 -0.688281 -1.367943
    21 2.948577 1.140086 2.062524 0.936183 0.784505 -2.237480
    22 6.946648 6.587124 1.429667 -1.090396 0.577049 -0.321829
    23 7.537933 7.453606 1.870349 -1.090396 0.577049 -0.321829
    24 8.154472 8.357077 2.329839 -1.090396 0.577049 -0.321829
    25 8.874294 9.411907 2.866308 -1.090396 0.577049 -0.321829
    26 -4.125858 -2.321501 1.394414 2.051196 0.577049 -0.321829
    27 -4.826813 -3.348669 0.872014 2.051196 0.577049 -0.321829
    28 -5.441669 -4.249685 0.413772 2.051196 0.577049 -0.321829
    29 -0.552532 -1.343527 1.604446 -0.415180 0.312114 -0.422073
    30 0.552589 1.343534 -1.604463 -0.267222 0.431698 -0.366362
    31 0.000000 -2.021618 -0.000004 0.186809 0.000000 0.000000
    32 -0.000021 2.021633 0.000027 0.116685 0.000000 0.000000
    33 -0.000004 -1.136217 -0.000004 -0.210111 0.000000 0.000000
    34 -0.000011 1.136200 -0.000019 -0.739179 0.000000 0.000000
    35 -0.032677 -4.587727 1.352317 2.844703 1.216154 2.484990
    36 0.032719 4.587772 -1.352291 2.763532 1.157031 2.159654
    37 0.000000 -1.754536 -0.000002 0.662896 0.000000 0.000000
    38 -0.000006 1.754520 -0.000034 0.775238 0.000000 0.000000
    39 0.000000 -1.227020 -0.000002 0.092660 0.000000 0.000000
    40 0.000002 1.227070 0.000032 1.293046 0.000000 0.000000
    41 -0.367996 -4.208406 0.173244 2.943027 1.091688 2.536231
    42 0.368011 4.208412 -0.173239 3.413383 1.113777 2.453336
    43 0.000000 -2.372318 -0.000004 0.722081 0.000000 0.000000
    44 -0.000006 2.372318 -0.000032 1.571081 0.000000 0.000000
    45 0.000004 -1.580070 -0.000001 0.034255 0.000000 0.000000
    46 -0.000002 1.580170 0.000030 0.633004 0.000000 0.000000
    47 -0.937645 -3.860697 -0.959317 3.044205 1.001841 2.581100
    48 0.937672 3.860714 0.959333 3.577741 0.921338 2.508790
    49 0.000000 -1.690632 0.000000 0.491549 0.000000 0.000000
    50 -0.000013 1.690666 0.000021 1.378221 0.000000 0.000000
    51 -0.000002 -1.423443 0.000002 0.234212 0.000000 0.000000
    52 0.000008 1.423420 0.000028 0.751910 0.000000 0.000000
    53 -1.546646 -3.404194 -1.915569 3.024293 0.944156 2.514436
    54 1.546661 3.404217 1.915585 3.792273 0.716963 2.343778
    55 0.000004 -1.437820 0.000000 0.424958 0.000000 0.000000
    56 -0.000021 1.437870 0.000031 0.926970 0.000000 0.000000
    57 -0.000002 -1.059402 0.000000 0.322075 0.000000 0.000000
    58 0.000006 1.059372 0.000008 0.765251 0.000000 0.000000
    59 -0.000004 -13.013485 -0.000004 0.010936 -0.284123 -0.076426
    60 0.161133 -10.812500 0.023087 0.010936 -0.284123 -0.076426
  time 6
    0 0.000000 0.826660 0.000001 -1.559900 -0.000006 -0.000006
    1 -7.059201 7.545358 -8.025539 -0.641400 0.056909 0.681042
    2 0.000000 14.313023 0.000003 -1.574435 0.000000 0.000000
    3 -0.000011 13.013483 -0.000005 0.708784 1.046071 0.689491
    4 8.652996 -22.135220 3.978737 2.947657 0.312156 -0.581899
    5 0.000000 -14.313034 0.000000 -0.487806 0.000000 0.000000
    6 -0.000004 -13.013485 -0.000004 0.000000 0.000000 0.000000
    7 -1.330879 -2.698427 0.462449 -0.194886 -0.547260 3.056712
    8 1.330910 2.698444 -0.462436 0.194890 0.547268 -0.084879
    9 2.435024 2.444332 0.575446 -0.756199 0.378037 -0.174135
    10 3.556210 4.238403 0.987502 -1.090396 0.577049 -0.321829
    11 4.139183 5.092691 1.421975 -1.090396 0.577049 -0.321829
    12 4.777527 6.028128 1.897721 -1.090396 0.577049 -0.321829
    13 5.490345 7.072691 2.428969 -1.090396 0.577049 -0.321829
    14 6.566406 8.640625 3.232422 -1.090396 0.577049 -0.321829
    15 7.558525 6.997282 -2.354134 -1.937336 -0.275393 3.010581
    16 7.558525 6.997282 -2.354134 1.937336 0.275393 -0.131011
    17 -2.867767 -2.740969 0.531125 2.051196 0.577049 -0.321829
    18 2.421680 1.267394 1.088454 -2.641885 0.691354 1.731499
    19 1.672567 5.959931 -2.820481 -1.046202 -0.742472 1.023567
    20 1.939124 6.400148 -2.346942 1.066733 -0.700912 -1.403123
    21 2.815760 1.034614 2.160183 1.002190 0.815597 -2.180246
    22 6.946648 6.587124 1.429667 -1.090396 0.577049 -0.321829
    23 7.537933 7.453606 1.870349 -1.090396 0.577049 -0.321829
    24 8.154472 8.357077 2.329839 -1.090396 0.577049 -0.321829
    25 8.874294 9.411907 2.866308 -1.090396 0.577049 -0.321829
    26 -4.125858 -2.321501 1.394414 2.051196 0.577049 -0.321829
    27 -4.826813 -3.348669 0.872014 2.051196 0.577049 -0.321829
    28 -5.441669 -4.249685 0.413772 2.051196 0.577049 -0.321829
    29 -0.552532 -1.343527 1.604446 -0.415180 0.312114 -0.422073
    30 0.552589 1.343534 -1.604463 -0.232049 0.431698 -0.366362
    31 0.000000 -2.021618 -0.000004 0.186809 0.000000 0.000000
    32 -0.000021 2.021633 0.000027 0.095873 0.000000 0.000000
    33 -0.000004 -1.136217 -0.000004 -0.210111 0.000000 0.000000
    34 -0.000011 1.136200 -0.000019 -0.593713 0.000000 0.000000
    35 -0.032677 -4.587727 1.352317 2.844703 1.216154 2.484990
    36 0.032719 4.587772 -1.352291 2.749903 1.127859 2.130154
    37 0.000000 -1.754536 -0.000002 0.662896 0.000000 0.000000
    38 -0.000006 1.754520 -0.000034 0.590193 0.000000 0.000000
    39 0.000000 -1.227020 -0.000002 0.092660 0.000000 0.000000
    40 0.000002 1.227070 0.000032 1.126564 0.000000 0.000000
    41 -0.367996 -4.208406 0.173244 2.943027 1.091688 2.536231
    42 0.368011 4.208412 -0.173239 3.340274 1.076796 2.415488
    43 0.000000 -2.372318 -0.000004 0.722081 0.000000 0.000000
    44 -0.000006 2.372318 -0.000032 1.571081 0.000000 0.000000
    45 0.000004 -1.580070 -0.000001 0.034255 0.000000 0.000000
    46 -0.000002 1.580170 0.000030 0.684488 0.000000 0.000000
    47 -0.937645 -3.860697 -0.959317 3.044205 1.001841 2.581100
    48 0.937672 3.860714 0.959333 3.520792 0.885652 2.423326
    49 0.000000 -1.690632 0.000000 0.491549 0.000000 0.000000
    50 -0.000013 1.690666 0.000021 1.325542 0.000000 0.000000
    51 -0.000002 -1.423443 0.000002 0.234212 0.000000 0.000000
    52 0.000008 1.423420 0.000028 0.767766 0.000000 0.000000
    53 -1.546646 -3.404194 -1.915569 3.024293 0.944156 2.514436
    54 1.546661 3.404217 1.915585 3.854664 0.688207 2.311933
    55 0.000004 -1.437820 0.000000 0.424958 0.000000 0.000000
    56 -0.000021 1.437870 0.000031 0.790698 0.000000 0.000000
    57 -0.000002 -1.059402 0.000000 0.322075 0.000000 0.000000
    58 0.000006 1.059372 0.000008 0.790546 0.000000 0.000000
    59 -0.000004 -13.013485 -0.000004 0.010936 -0.284123 -0.076426
    60 0.161133 -10.812500 0.023087 0.010936 -0.284123 -0.076426
  time 7
    0 0.000000 0.826660 0.000001 -1.559900 -0.000006 -0.000006
    1 -7.059201 7.545358 -8.025539 -0.649785 0.038787 0.680354
    2 0.000000 14.313023 0.000003 -1.580667 0.000000 0.000000
    3 -0.000011 13.013483 -0.000005 0.471726 0.947445 0.414960
    4 8.652996 -22.135220 3.978737 2.947657 0.312156 -0.581899
    5 0.000000 -14.313034 0.000000 -0.487806 0.000000 0.000000
    6 -0.000004 -13.013485 -0.000004 0.000000 0.000000 0.000000
    7 -1.330879 -2.698427 0.462449 -0.194886 -0.547260 3.056712
    8 1.330910 2.698444 -0.462436 0.194890 0.547268 -0.084879
    9 2.620489 1.855406 -0.030690 -0.494896 0.569769 -0.119069
    10 3.556210 4.238403 0.987502 -1.090396 0.577049 -0.321829
    11 4.139183 5.092691 1.421975 -1.090396 0.577049 -0.321829
    12 4.777527 6.028128 1.897721 -1.090396 0.577049 -0.321829
    13 5.490345 7.072691 2.428969 -1.090396 0.577049 -0.321829
    14 6.566406 8.640625 3.232422 -1.090396 0.577049 -0.321829
    15 7.558525 6.997282 -2.354134 -1.937336 -0.275393 3.010581
    16 7.558525 6.997282 -2.354134 1.937336 0.275393 -0.131011
    17 -2.867767 -2.740969 0.531125 2.051196 0.577049 -0.321829
    18 2.593560 0.646281 0.100142 -2.512333 0.411422 1.735047
    19 1.684286 6.213845 -2.339998 -0.638022 -0.834553 0.666437
    20 2.052409 6.505620 -1.823488 0.938739 -0.420015 -1.399384
    21 3.116551 0.120524 1.003898 0.555756 0.882672 -2.583183
    22 6.946648 6.587124 1.429667 -1.090396 0.577049 -0.321829
    23 7.537933 7.453606 1.870349 -1.090396 0.577049 -0.321829
    24 8.154472 8.357077 2.329839 -1.090396 0.577049 -0.321829
    25 8.874294 9.411907 2.866308 -1.090396 0.577049 -0.321829
    26 -4.125858 -2.321501 1.394414 2.051196 0.577049 -0.321829
    27 -4.826813 -3.348669 0.872014 2.051196 0.577049 -0.321829
    28 -5.441669 -4.249685 0.413772 2.051196 0.577049 -0.321829
    29 -0.552532 -1.343527 1.604446 -0.415180 0.312114 -0.422073
    30 0.552589 1.343534 -1.604463 -0.184567 0.431698 -0.366340
    31 0.000000 -2.021618 -0.000004 0.186809 0.000000 0.000000
    32 -0.000021 2.021633 0.000027 0.071529 0.000000 0.000000
    33 -0.000004 -1.136217 -0.000004 -0.210111 0.000000 0.000000
    34 -0.000011 1.136200 -0.000019 -0.323138 0.000000 0.000000
    35 -0.032677 -4.587727 1.352317 2.844703 1.216154 2.484990
    36 0.032719 4.587772 -1.352291 2.713094 1.059013 2.063191
    37 0.000000 -1.754536 -0.000002 0.662896 0.000000 0.000000
    38 -0.000006 1.754520 -0.000034 0.325552 0.000000 0.000000
    39 0.000000 -1.227020 -0.000002 0.092660 0.000000 0.000000
    40 0.000002 1.227070 0.000032 0.909825 0.000000 0.000000
    41 -0.367996 -4.208406 0.173244 2.943027 1.091688 2.536231
    42 0.368011 4.208412 -0.173239 3.240671 1.004235 2.345905
    43 0.000000 -2.372318 -0.000004 0.722081 0.000000 0.000000
    44 -0.000006 2.372318 -0.000032 1.571081 0.000000 0.000000
    45 0.000004 -1.580070 -0.000001 0.034255 0.000000 0.000000
    46 -0.000002 1.580170 0.000030 0.780344 0.000000 0.000000
    47 -0.937645 -3.860697 -0.959317 3.044205 1.001841 2.581100
    48 0.937672 3.860714 0.959333 3.438760 0.810393 2.285322
    49 0.000000 -1.690632 0.000000 0.491549 0.000000 0.000000
    50 -0.000013 1.690666 0.000021 1.261246 0.000000 0.000000
    51 -0.000002 -1.423443 0.000002 0.234212 0.000000 0.000000
    52 0.000008 1.423420 0.000028 0.804472 0.000000 0.000000
    53 -1.546646 -3.404194 -1.915569 3.024293 0.944156 2.514436
    54 1.546661 3.404217 1.915585 3.974000 0.633289 2.257682
    55 0.000004 -1.437820 0.000000 0.424958 0.000000 0.000000
    56 -0.000021 1.437870 0.000031 0.606759 0.000000 0.000000
    57 -0.000002 -1.059402 0.000000 0.322075 0.000000 0.000000
    58 0.000006 1.059372 0.000008 0.843626 0.000000 0.000000
    59 -0.000004 -13.013485 -0.000004 0.010936 -0.284123 -0.076426
    60 0.161133 -10.812500 0.023087 0.010936 -0.284123 -0.076426
  time 8
    0 0.000000 0.826660 0.000001 -1.559900 -0.000006 -0.000006
    1 -7.059201 7.545358 -8.025539 -0.658724 0.020618 0.679514
    2 0.000000 14.313023 0.000003 -1.585922 0.000000 0.000000
    3 -0.000011 13.013483 -0.000005 0.309866 0.763918 0.171294
    4 8.652996 -22.135220 3.978737 2.947657 0.312156 -0.581899
    5 0.000000 -14.313034 0.000000 -0.487806 0.000000 0.000000
    6 -0.000004 -13.013485 -0.000004 0.000000 0.000000 0.000000
    7 -1.330879 -2.698427 0.462449 -0.194886 -0.547260 3.056712
    8 1.330910 2.698444 -0.462436 0.194890 0.547268 -0.084879
    9 2.064095 1.560943 -1.141941 -0.086943 0.424794 -0.055109
    10 3.556210 4.238403 0.987502 -1.090396 0.577049 -0.321829
    11 4.139183 5.092691 1.421975 -1.090396 0.577049 -0.321829
    12 4.777527 6.028128 1.897721 -1.090396 0.577049 -0.321829
    13 5.490345 7.072691 2.428969 -1.090396 0.577049 -0.321829
    14 6.566406 8.640625 3.232422 -1.090396 0.577049 -0.321829
    15 7.558525 6.997282 -2.354134 -1.937336 -0.275393 3.010581
    16 7.558525 6.997282 -2.354134 1.937336 0.275393 -0.131011
    17 -2.867767 -2.740969 0.531125 2.051196 0.577049 -0.321829
    18 1.870882 0.329865 -1.458499 -2.715412 0.079188 1.551448
    19 2.000702 6.463853 -1.922016 -0.189727 -1.137706 0.153033
    20 2.290697 6.509526 -1.288316 1.144143 -0.088964 -1.585448
    21 2.155584 -0.535746 -0.726624 0.002983 1.146082 -3.193292
    22 6.946648 6.587124 1.429667 -1.090396 0.577049 -0.321829
    23 7.537933 7.453606 1.870349 -1.090396 0.577049 -0.321829
    24 8.154472 8.357077 2.329839 -1.090396 0.577049 -0.321829
    25 8.874294 9.411907 2.866308 -1.090396 0.577049 -0.321829
    26 -4.125858 -2.321501 1.394414 2.051196 0.577049 -0.321829
    27 -4.826813 -3.348669 0.872014 2.051196 0.577049 -0.321829
    28 -5.441669 -4.249685 0.413772 2.051196 0.577049 -0.321829
    29 -0.552532 -1.343527 1.604446 -0.415180 0.312114 -0.422073
    30 0.552589 1.343534 -1.604463 -0.211718 0.431698 -0.366362
    31 0.000000 -2.021618 -0.000004 0.186809 0.000000 0.000000
    32 -0.000021 2.021633 0.000027 0.049576 0.000000 0.000000
    33 -0.000004 -1.136217 -0.000004 -0.210111 0.000000 0.000000
    34 -0.000011 1.136200 -0.000019 -0.178044 0.000000 0.000000
    35 -0.032677 -4.587727 1.352317 2.844703 1.216154 2.484990
    36 0.032719 4.587772 -1.352291 2.653106 0.979292 1.983790
    37 0.000000 -1.754536 -0.000002 0.662896 0.000000 0.000000
    38 -0.000006 1.754520 -0.000034 0.191259 0.000000 0.000000
    39 0.000000 -1.227020 -0.000002 0.092660 0.000000 0.000000
    40 0.000002 1.227070 0.000032 0.706266 0.000000 0.000000
    41 -0.367996 -4.208406 0.173244 2.943027 1.091688 2.536231
    42 0.368011 4.208412 -0.173239 3.143043 0.956826 2.284063
    43 0.000000 -2.372318 -0.000004 0.722081 0.000000 0.000000
    44 -0.000006 2.372318 -0.000032 1.571081 0.000000 0.000000
    45 0.000004 -1.580070 -0.000001 0.034255 0.000000 0.000000
    46 -0.000002 1.580170 0.000030 0.831771 0.000000 0.000000
    47 -0.937645 -3.860697 -0.959317 3.044205 1.001841 2.581100
    48 0.937672 3.860714 0.959333 3.421666 0.766071 2.221362
    49 0.000000 -1.690632 0.000000 0.491549 0.000000 0.000000
    50 -0.000013 1.690666 0.000021 1.230050 0.000000 0.000000
    51 -0.000002 -1.423443 0.000002 0.234212 0.000000 0.000000
    52 0.000008 1.423420 0.000028 0.845362 0.000000 0.000000
    53 -1.546646 -3.404194 -1.915569 3.024293 0.944156 2.514436
    54 1.546661 3.404217 1.915585 4.039529 0.603064 2.231055
    55 0.000004 -1.437820 0.000000 0.424958 0.000000 0.000000
    56 -0.000021 1.437870 0.000031 0.514896 0.000000 0.000000
    57 -0.000002 -1.059402 0.000000 0.322075 0.000000 0.000000
    58 0.000006 1.059372 0.000008 0.889478 0.000000 0.000000
    59 -0.000004 -13.013485 -0.000004 0.010936 -0.284123 -0.076426
    60 0.161133 -10.812500 0.023087 0.010936 -0.284123 -0.076426
  time 9
    0 0.000000 0.826660 0.000001 -1.559900 -0.000006 -0.000006
    1 -7.059201 7.545358 -8.025539 -0.662041 0.011509 0.679056
    2 0.000000 14.313023 0.000003 -1.587693 0.000000 0.000000
    3 -0.000011 13.013483 -0.000005 0.261327 0.548176 -0.003547
    4 8.652996 -22.135220 3.978737 2.947657 0.312156 -0.581899
    5 0.000000 -14.313034 0.000000 -0.487806 0.000000 0.000000
    6 -0.000004 -13.013485 -0.000004 0.000000 0.000000 0.000000
    7 -1.330879 -2.698427 0.462449 -0.194886 -0.547260 3.056712
    8 1.330910 2.698444 -0.462436 0.194890 0.547268 -0.084879
    9 1.816809 1.315558 -1.647054 0.027904 0.335674 -0.052460
    10 3.556210 4.238403 0.987502 -1.090396 0.577049 -0.321829
    11 4.139183 5.092691 1.421975 -1.090396 0.577049 -0.321829
    12 4.777527 6.028128 1.897721 -1.090396 0.577049 -0.321829
    13 5.490345 7.072691 2.428969 -1.090396 0.577049 -0.321829
    14 6.566406 8.640625 3.232422 -1.090396 0.577049 -0.321829
    15 7.558525 6.997282 -2.354134 -1.937336 -0.275393 3.010581
    16 7.558525 6.997282 -2.354134 1.937336 0.275393 -0.131011
    17 -2.867767 -2.740969 0.531125 2.051196 0.577049 -0.321829
    18 1.613061 0.142359 -2.099143 -2.805680 -0.026400 1.509168
    19 1.996795 6.276347 -1.918110 0.080086 -1.233998 -0.137272
    20 2.228195 6.243893 -1.257065 1.235062 0.016260 -1.628776
    21 1.792292 -0.797473 -1.441489 -0.314023 1.217116 2.755847
    22 6.946648 6.587124 1.429667 -1.090396 0.577049 -0.321829
    23 7.537933 7.453606 1.870349 -1.090396 0.577049 -0.321829
    24 8.154472 8.357077 2.329839 -1.090396 0.577049 -0.321829
    25 8.874294 9.411907 2.866308 -1.090396 0.577049 -0.321829
    26 -4.125858 -2.321501 1.394414 2.051196 0.577049 -0.321829
    27 -4.826813 -3.348669 0.872014 2.051196 0.577049 -0.321829
    28 -5.441669 -4.249685 0.413772 2.051196 0.577049 -0.321829
    29 -0.552532 -1.343527 1.604446 -0.415180 0.312114 -0.422073
    30 0.552589 1.343534 -1.604463 -0.288990 0.418217 -0.465286
    31 0.000000 -2.021618 -0.000004 0.186809 0.000000 0.000000
    32 -0.000021 2.021633 0.000027 0.028765 0.000000 0.000000
    33 -0.000004 -1.136217 -0.000004 -0.210111 0.000000 0.000000
    34 -0.000011 1.136200 -0.000019 -0.219546 0.000000 0.000000
    35 -0.032677 -4.587727 1.352317 2.844703 1.216154 2.484990
    36 0.032719 4.587772 -1.352291 2.504568 0.862716 1.831209
    37 0.000000 -1.754536 -0.000002 0.662896 0.000000 0.000000
    38 -0.000006 1.754520 -0.000034 0.191622 0.000000 0.000000
    39 0.000000 -1.227020 -0.000002 0.092660 0.000000 0.000000
    40 0.000002 1.227070 0.000032 0.508365 0.000000 0.000000
    41 -0.367996 -4.208406 0.173244 2.943027 1.091688 2.536231
    42 0.368011 4.208412 -0.173239 3.045774 0.954561 2.220054
    43 0.000000 -2.372318 -0.000004 0.722081 0.000000 0.000000
    44 -0.000006 2.372318 -0.000032 1.545197 0.000000 0.000000
    45 0.000004 -1.580070 -0.000001 0.034255 0.000000 0.000000
    46 -0.000002 1.580170 0.000030 0.795192 0.000000 0.000000
    47 -0.937645 -3.860697 -0.959317 3.044205 1.001841 2.581100
    48 0.937672 3.860714 0.959333 3.489391 0.790931 2.251846
    49 0.000000 -1.690632 0.000000 0.491549 0.000000 0.000000
    50 -0.000013 1.690666 0.000021 1.255388 0.000000 0.000000
    51 -0.000002 -1.423443 0.000002 0.234212 0.000000 0.000000
    52 0.000008 1.423420 0.000028 0.893080 0.000000 0.000000
    53 -1.546646 -3.404194 -1.915569 3.024293 0.944156 2.514436
    54 1.546661 3.404217 1.915585 4.056234 0.617384 2.252617
    55 0.000004 -1.437820 0.000000 0.424958 0.000000 0.000000
    56 -0.000021 1.437870 0.000031 0.575711 0.000000 0.000000
    57 -0.000002 -1.059402 0.000000 0.322075 0.000000 0.000000
    58 0.000006 1.059372 0.000008 0.921349 0.000000 0.000000
    59 -0.000004 -13.013485 -0.000004 0.010936 -0.284123 -0.076426
    60 0.161133 -10.812500 0.023087 0.010936 -0.284123 -0.076426
  time 10
    0 0.000000 0.826660 0.000001 -1.559900 -0.000006 -0.000006
    1 -7.059201 7.545358 -8.025539 -0.713643 0.054715 0.680965
    2 0.000000 14.313023 0.000003 -1.582439 0.000000 0.000000
    3 -0.000011 13.013483 -0.000005 0.330887 0.404599 -0.142538
    4 8.652996 -22.135220 3.978737 2.947657 0.312156 -0.581899
    5 0.000000 -14.313034 0.000000 -0.487806 0.000000 0.000000
    6 -0.000004 -13.013485 -0.000004 0.000000 0.000000 0.000000
    7 -1.330879 -2.698427 0.462449 -0.194886 -0.547260 3.056712
    8 1.330910 2.698444 -0.462436 0.194890 0.547268 -0.084879
    9 1.785898 0.972018 -1.849100 0.073019 0.313771 -0.092009
    10 3.556210 4.238403 0.987502 -1.090396 0.577049 -0.321829
    11 4.139183 5.092691 1.421975 -1.090396 0.577049 -0.321829
    12 4.777527 6.028128 1.897721 -1.090396 0.577049 -0.321829
    13 5.490345 7.072691 2.428969 -1.090396 0.577049 -0.321829
    14 6.566406 8.640625 3.232422 -1.090396 0.577049 -0.321829
    15 7.558525 6.997282 -2.354134 -1.937336 -0.275393 3.010581
    16 7.558525 6.997282 -2.354134 1.937336 0.275393 -0.131011
    17 -2.867767 -2.740969 0.531125 2.051196 0.577049 -0.321829
    18 1.531027 -0.174056 -2.325713 -2.826987 -0.069441 1.456246
    19 2.242896 5.920867 -1.875140 0.218833 -1.249192 -0.322021
    20 2.450858 5.853256 -1.210188 1.256522 0.058434 -1.681499
    21 1.651662 -1.149046 -1.691497 -0.451019 1.220784 2.573600
    22 6.946648 6.587124 1.429667 -1.090396 0.577049 -0.321829
    23 7.537933 7.453606 1.870349 -1.090396 0.577049 -0.321829
    24 8.154472 8.357077 2.329839 -1.090396 0.577049 -0.321829
    25 8.874294 9.411907 2.866308 -1.090396 0.577049 -0.321829
    26 -4.125858 -2.321501 1.394414 2.051196 0.577049 -0.321829
    27 -4.826813 -3.348669 0.872014 2.051196 0.577049 -0.321829
    28 -5.441669 -4.249685 0.413772 2.051196 0.577049 -0.321829
    29 -0.552532 -1.343527 1.604446 -0.415180 0.312114 -0.422073
    30 0.552589 1.343534 -1.604463 -0.343422 0.386735 -0.645615
    31 0.000000 -2.021618 -0.000004 0.186809 0.000000 0.000000
    32 -0.000021 2.021633 0.000027 0.005888 0.000000 0.000000
    33 -0.000004 -1.136217 -0.000004 -0.210111 0.000000 0.000000
    34 -0.000011 1.136200 -0.000019 -0.323789 0.000000 0.000000
    35 -0.032677 -4.587727 1.352317 2.844703 1.216154 2.484990
    36 0.032719 4.587772 -1.352291 2.374435 0.766888 1.762956
    37 0.000000 -1.754536 -0.000002 0.662896 0.000000 0.000000
    38 -0.000006 1.754520 -0.000034 0.194071 0.000000 0.000000
    39 0.000000 -1.227020 -0.000002 0.092660 0.000000 0.000000
    40 0.000002 1.227070 0.000032 0.286500 0.000000 0.000000
    41 -0.367996 -4.208406 0.173244 2.943027 1.091688 2.536231
    42 0.368011 4.208412 -0.173239 2.944374 0.964056 2.156044
    43 0.000000 -2.372318 -0.000004 0.722081 0.000000 0.000000
    44 -0.000006 2.372318 -0.000032 1.467895 0.000000 0.000000
    45 0.000004 -1.580070 -0.000001 0.034255 0.000000 0.000000
    46 -0.000002 1.580170 0.000030 0.685000 0.000000 0.000000
    47 -0.937645 -3.860697 -0.959317 3.044205 1.001841 2.581100
    48 0.937672 3.860714 0.959333 3.600502 0.843674 2.325573
    49 0.000000 -1.690632 0.000000 0.491549 0.000000 0.000000
    50 -0.000013 1.690666 0.000021 1.311221 0.000000 0.000000
    51 -0.000002 -1.423443 0.000002 0.234212 0.000000 0.000000
    52 0.000008 1.423420 0.000028 0.949239 0.000000 0.000000
    53 -1.546646 -3.404194 -1.915569 3.024293 0.944156 2.514436
    54 1.546661 3.404217 1.915585 4.092229 0.648473 2.305104
    55 0.000004 -1.437820 0.000000 0.424958 0.000000 0.000000
    56 -0.000021 1.437870 0.000031 0.714868 0.000000 0.000000
    57 -0.000002 -1.059402 0.000000 0.322075 0.000000 0.000000
    58 0.000006 1.059372 0.000008 0.951206 0.000000 0.000000
    59 -0.000004 -13.013485 -0.000004 0.010936 -0.284123 -0.076426
    60 0.161133 -10.812500 0.023087 0.010936 -0.284123 -0.076426
  time 11
    0 0.000000 0.826660 0.000001 -1.559900 -0.000006 -0.000006
    1 -7.059201 7.545358 -8.025539 -0.779804 0.101116 0.683104
    2 0.000000 14.313023 0.000003 -1.546880 0.000000 0.000000
    3 -0.000011 13.013483 -0.000005 0.390032 0.367337 -0.254881
    4 8.652996 -22.135220 3.978737 2.947657 0.312156 -0.581899
    5 0.000000 -14.313034 0.000000 -0.487806 0.000000 0.000000
    6 -0.000004 -13.013485 -0.000004 0.000000 0.000000 0.000000
    7 -1.330879 -2.698427 0.462449 -0.194886 -0.547260 3.056712
    8 1.330910 2.698444 -0.462436 0.194890 0.547268 -0.084879
    9 2.373203 0.677555 -1.546032 -0.012135 0.446634 -0.026346
    10 3.556210 4.238403 0.987502 -1.090396 0.577049 -0.321829
    11 4.139183 5.092691 1.421975 -1.090396 0.577049 -0.321829
    12 4.777527 6.028128 1.897721 -1.090396 0.577049 -0.321829
    13 5.490345 7.072691 2.428969 -1.090396 0.577049 -0.321829
    14 6.566406 8.640625 3.232422 -1.090396 0.577049 -0.321829
    15 7.558525 6.997282 -2.354134 -1.937336 -0.275393 3.010581
    16 7.558525 6.997282 -2.354134 1.937336 0.275393 -0.131011
    17 -2.867767 -2.740969 0.531125 2.051196 0.577049 -0.321829
    18 2.175578 -0.521723 -1.880387 -2.694771 0.010866 1.549627
    19 2.317117 5.627890 -1.925923 -0.671879 -1.002789 0.743041
    20 2.591488 5.884507 -1.335192 1.105822 -0.350940 -1.412997
    21 3.608753 -0.692001 1.031243 0.555852 1.052165 -2.533618
    22 6.946648 6.587124 1.429667 -1.090396 0.577049 -0.321829
    23 7.537933 7.453606 1.870349 -1.090396 0.577049 -0.321829
    24 8.154472 8.357077 2.329839 -1.090396 0.577049 -0.321829
    25 8.874294 9.411907 2.866308 -1.090396 0.577049 -0.321829
    26 -4.125858 -2.321501 1.394414 2.051196 0.577049 -0.321829
    27 -4.826813 -3.348669 0.872014 2.051196 0.577049 -0.321829
    28 -5.441669 -4.249685 0.413772 2.051196 0.577049 -0.321829
    29 -0.552532 -1.343527 1.604446 -0.415180 0.312114 -0.422073
    30 0.552589 1.343534 -1.604463 -0.414605 0.367029 -0.740235
    31 0.000000 -2.021618 -0.000004 0.186809 0.000000 0.000000
    32 -0.000021 2.021633 0.000027 -0.016309 0.000000 0.000000
    33 -0.000004 -1.136217 -0.000004 -0.210111 0.000000 0.000000
    34 -0.000011 1.136200 -0.000019 -0.458612 0.000000 0.000000
    35 -0.032677 -4.587727 1.352317 2.844703 1.216154 2.484990
    36 0.032719 4.587772 -1.352291 2.337192 0.822299 1.905679
    37 0.000000 -1.754536 -0.000002 0.662896 0.000000 0.000000
    38 -0.000006 1.754520 -0.000034 0.200783 0.000000 0.000000
    39 0.000000 -1.227020 -0.000002 0.092660 0.000000 0.000000
    40 0.000002 1.227070 0.000032 0.068762 0.000000 0.000000
    41 -0.367996 -4.208406 0.173244 2.943027 1.091688 2.536231
    42 0.368011 4.208412 -0.173239 2.843603 0.970219 2.126323
    43 0.000000 -2.372318 -0.000004 0.722081 0.000000 0.000000
    44 -0.000006 2.372318 -0.000032 1.341107 0.000000 0.000000
    45 0.000004 -1.580070 -0.000001 0.034255 0.000000 0.000000
    46 -0.000002 1.580170 0.000030 0.502445 0.000000 0.000000
    47 -0.937645 -3.860697 -0.959317 3.044205 1.001841 2.581100
    48 0.937672 3.860714 0.959333 3.710683 0.892777 2.408832
    49 0.000000 -1.690632 0.000000 0.491549 0.000000 0.000000
    50 -0.000013 1.690666 0.000021 1.366804 0.000000 0.000000
    51 -0.000002 -1.423443 0.000002 0.234212 0.000000 0.000000
    52 0.000008 1.423420 0.000028 0.995782 0.000000 0.000000
    53 -1.546646 -3.404194 -1.915569 3.024293 0.944156 2.514436
    54 1.546661 3.404217 1.915585 4.124347 0.678987 2.368103
    55 0.000004 -1.437820 0.000000 0.424958 0.000000 0.000000
    56 -0.000021 1.437870 0.000031 0.865407 0.000000 0.000000
    57 -0.000002 -1.059402 0.000000 0.322075 0.000000 0.000000
    58 0.000006 1.059372 0.000008 0.973303 0.000000 0.000000
    59 -0.000004 -13.013485 -0.000004 0.010936 -0.284123 -0.076426
    60 0.161133 -10.812500 0.023087 0.010936 -0.284123 -0.076426
  time 12
    0 0.000000 0.826660 0.000001 -1.559900 -0.000006 -0.000006
    1 -7.059201 7.545358 -8.025539 -0.848269 0.143703 0.685013
    2 0.000000 14.313023 0.000003 -1.500568 0.000000 0.000000
    3 -0.000011 13.013483 -0.000005 0.305471 0.523979 -0.232067
    4 8.652996 -22.135220 3.978737 2.947657 0.312156 -0.581899
    5 0.000000 -14.313034 0.000000 -0.487806 0.000000 0.000000
    6 -0.000004 -13.013485 -0.000004 0.000000 0.000000 0.000000
    7 -1.330879 -2.698427 0.462449 -0.194886 -0.547260 3.056712
    8 1.330910 2.698444 -0.462436 0.194890 0.547268 -0.084879
    9 3.362347 1.659098 -0.939895 -0.404474 0.742171 0.226655
    10 3.556210 4.238403 0.987502 -1.090396 0.577049 -0.321829
    11 4.139183 5.092691 1.421975 -1.090396 0.577049 -0.321829
    12 4.777527 6.028128 1.897721 -1.090396 0.577049 -0.321829
    13 5.490345 7.072691 2.428969 -1.090396 0.577049 -0.321829
    14 6.566406 8.640625 3.232422 -1.090396 0.577049 -0.321829
    15 7.558525 6.997282 -2.354134 -1.937336 -0.275393 3.010581
    16 7.558525 6.997282 -2.354134 1.937336 0.275393 -0.131011
    17 -2.867767 -2.740969 0.531125 2.051196 0.577049 -0.321829
    18 3.765471 0.470495 -0.868637 -2.357384 0.294121 2.078946
    19 0.903012 5.627890 -2.644695 -0.850743 -0.016503 1.849520
    20 0.708618 6.298582 -2.636013 0.054273 -0.849420 0.220735
    21 5.284586 7.253554 2.664105 0.845555 0.108222 -1.372743
    22 6.946648 6.587124 1.429667 -1.090396 0.577049 -0.321829
    23 7.537933 7.453606 1.870349 -1.090396 0.577049 -0.321829
    24 8.154472 8.357077 2.329839 -1.090396 0.577049 -0.321829
    25 8.874294 9.411907 2.866308 -1.090396 0.577049 -0.321829
    26 -4.125858 -2.321501 1.394414 2.051196 0.577049 -0.321829
    27 -4.826813 -3.348669 0.872014 2.051196 0.577049 -0.321829
    28 -5.441669 -4.249685 0.413772 2.051196 0.577049 -0.321829
    29 -0.552532 -1.343527 1.604446 -0.415180 0.312114 -0.422073
    30 0.552589 1.343534 -1.604463 -0.688022 0.392484 -0.648593
    31 0.000000 -2.021618 -0.000004 0.186809 0.000000 0.000000
    32 -0.000021 2.021633 0.000027 -0.035410 0.000000 0.000000
    33 -0.000004 -1.136217 -0.000004 -0.210111 0.000000 0.000000
    34 -0.000011 1.136200 -0.000019 -0.593713 0.000000 0.000000
    35 -0.032677 -4.587727 1.352317 2.844703 1.216154 2.484990
    36 0.032719 4.587772 -1.352291 2.439892 0.932751 2.234200
    37 0.000000 -1.754536 -0.000002 0.662896 0.000000 0.000000
    38 -0.000006 1.754520 -0.000034 0.213845 0.000000 0.000000
    39 0.000000 -1.227020 -0.000002 0.092660 0.000000 0.000000
    40 0.000002 1.227070 0.000032 -0.119953 0.000000 0.000000
    41 -0.367996 -4.208406 0.173244 2.943027 1.091688 2.536231
    42 0.368011 4.208412 -0.173239 2.782439 0.995206 2.236075
    43 0.000000 -2.372318 -0.000004 0.722081 0.000000 0.000000
    44 -0.000006 2.372318 -0.000032 1.096875 0.000000 0.000000
    45 0.000004 -1.580070 -0.000001 0.034255 0.000000 0.000000
    46 -0.000002 1.580170 0.000030 0.148714 0.000000 0.000000
    47 -0.937645 -3.860697 -0.959317 3.044205 1.001841 2.581100
    48 0.937672 3.860714 0.959333 3.762244 0.913843 2.450343
    49 0.000000 -1.690632 0.000000 0.491549 0.000000 0.000000
    50 -0.000013 1.690666 0.000021 1.392141 0.000000 0.000000
    51 -0.000002 -1.423443 0.000002 0.234212 0.000000 0.000000
    52 0.000008 1.423420 0.000028 1.015310 0.000000 0.000000
    53 -1.546646 -3.404194 -1.915569 3.024293 0.944156 2.514436
    54 1.546661 3.404217 1.915585 4.125824 0.695007 2.416292
    55 0.000004 -1.437820 0.000000 0.424958 0.000000 0.000000
    56 -0.000021 1.437870 0.000031 0.962721 0.000000 0.000000
    57 -0.000002 -1.059402 0.000000 0.322075 0.000000 0.000000
    58 0.000006 1.059372 0.000008 0.981952 0.000000 0.000000
    59 -0.000004 -13.013485 -0.000004 0.010936 -0.284123 -0.076426
    60 0.161133 -10.812500 0.023087 0.010936 -0.284123 -0.076426
  time 13
    0 0.000000 0.826660 0.000001 -1.559900 -0.000006 -0.000006
    1 -7.059201 7.545358 -8.025539 -0.906045 0.177514 0.686617
    2 0.000000 14.313023 0.000003 -1.467819 0.000000 0.000000
    3 -0.000011 13.013483 -0.000005 0.199793 0.805189 0.024252
    4 8.652996 -22.135220 3.978737 2.947657 0.312156 -0.581899
    5 0.000000 -14.313034 0.000000 -0.487806 0.000000 0.000000
    6 -0.000004 -13.013485 -0.000004 0.000000 0.000000 0.000000
    7 -1.330879 -2.698427 0.462449 -0.194886 -0.547260 3.056712
    8 1.330910 2.698444 -0.462436 0.194890 0.547268 -0.084879
    9 2.867775 4.112955 -1.293475 -0.936373 1.027353 0.561971
    10 3.556210 4.238403 0.987502 -1.090396 0.577049 -0.321829
    11 4.139183 5.092691 1.421975 -1.090396 0.577049 -0.321829
    12 4.777527 6.028128 1.897721 -1.090396 0.577049 -0.321829
    13 5.490345 7.072691 2.428969 -1.090396 0.577049 -0.321829
    14 6.566406 8.640625 3.232422 -1.090396 0.577049 -0.321829
    15 7.558525 6.997282 -2.354134 -1.937336 -0.275393 3.010581
    16 7.558525 6.997282 -2.354134 1.937336 0.275393 -0.131011
    17 -2.867767 -2.740969 0.531125 2.051196 0.577049 -0.321829
    18 3.952976 3.626841 -0.942858 -1.914509 0.429456 -3.289602
    19 -1.589252 4.467698 -3.508002 -0.202909 0.502115 -2.805440
    20 -2.166470 4.275083 -3.843081 -0.488745 -0.235094 1.897698
    21 -4.309457 10.784912 -2.164167 0.310696 -0.446661 0.100568
    22 6.946648 6.587124 1.429667 -1.090396 0.577049 -0.321829
    23 7.537933 7.453606 1.870349 -1.090396 0.577049 -0.321829
    24 8.154472 8.357077 2.329839 -1.090396 0.577049 -0.321829
    25 8.874294 9.411907 2.866308 -1.090396 0.577049 -0.321829
    26 -4.125858 -2.321501 1.394414 2.051196 0.577049 -0.321829
    27 -4.826813 -3.348669 0.872014 2.051196 0.577049 -0.321829
    28 -5.441669 -4.249685 0.413772 2.051196 0.577049 -0.321829
    29 -0.552532 -1.343527 1.604446 -0.415180 0.312114 -0.422073
    30 0.552589 1.343534 -1.604463 -1.076418 0.429874 -0.470938
    31 0.000000 -2.021618 -0.000004 0.186809 0.000000 0.000000
    32 -0.000021 2.021633 0.000027 -0.048777 0.000000 0.000000
    33 -0.000004 -1.136217 -0.000004 -0.210111 0.000000 0.000000
    34 -0.000011 1.136200 -0.000019 -0.697724 0.000000 0.000000
    35 -0.032677 -4.587727 1.352317 2.844703 1.216154 2.484990
    36 0.032719 4.587772 -1.352291 2.656405 0.957506 2.636206
    37 0.000000 -1.754536 -0.000002 0.662896 0.000000 0.000000
    38 -0.000006 1.754520 -0.000034 0.235479 0.000000 0.000000
    39 0.000000 -1.227020 -0.000002 0.092660 0.000000 0.000000
    40 0.000002 1.227070 0.000032 -0.252685 0.000000 0.000000
    41 -0.367996 -4.208406 0.173244 2.943027 1.091688 2.536231
    42 0.368011 4.208412 -0.173239 2.800402 1.009332 2.467578
    43 0.000000 -2.372318 -0.000004 0.722081 0.000000 0.000000
    44 -0.000006 2.372318 -0.000032 0.802234 0.000000 0.000000
    45 0.000004 -1.580070 -0.000001 0.034255 0.000000 0.000000
    46 -0.000002 1.580170 0.000030 -0.278573 0.000000 0.000000
    47 -0.937645 -3.860697 -0.959317 3.044205 1.001841 2.581100
    48 0.937672 3.860714 0.959333 3.428540 0.860144 2.420254
    49 0.000000 -1.690632 0.000000 0.491549 0.000000 0.000000
    50 -0.000013 1.690666 0.000021 1.387885 0.000000 0.000000
    51 -0.000002 -1.423443 0.000002 0.234212 0.000000 0.000000
    52 0.000008 1.423420 0.000028 1.010171 0.000000 0.000000
    53 -1.546646 -3.404194 -1.915569 3.024293 0.944156 2.514436
    54 1.546661 3.404217 1.915585 4.086506 0.631474 2.457959
    55 0.000004 -1.437820 0.000000 0.424958 0.000000 0.000000
    56 -0.000021 1.437870 0.000031 1.005900 0.000000 0.000000
    57 -0.000002 -1.059402 0.000000 0.322075 0.000000 0.000000
    58 0.000006 1.059372 0.000008 0.979345 0.000000 0.000000
    59 -0.000004 -13.013485 -0.000004 0.010936 -0.284123 -0.076426
    60 0.161133 -10.812500 0.023087 0.010936 -0.284123 -0.076426
  time 14
    0 0.000000 0.826660 0.000001 -1.559900 -0.000006 -0.000006
    1 -7.059201 7.545358 -8.025539 -0.940508 0.198593 0.687610
    2 0.000000 14.313023 0.000003 -1.476251 0.000000 0.000000
    3 -0.000011 13.013483 -0.000005 0.383343 0.961878 0.541777
    4 8.652996 -22.135220 3.978737 2.947657 0.312156 -0.581899
    5 0.000000 -14.313034 0.000000 -0.487806 0.000000 0.000000
    6 -0.000004 -13.013485 -0.000004 0.000000 0.000000 0.000000
    7 -1.330879 -2.698427 0.462449 -0.194886 -0.547260 3.056712
    8 1.330910 2.698444 -0.462436 0.194890 0.547268 -0.084879
    9 0.765843 5.094498 -1.445009 -1.090205 0.998860 1.174983
    10 3.556210 4.238403 0.987502 -1.090396 0.577049 -0.321829
    11 4.139183 5.092691 1.421975 -1.090396 0.577049 -0.321829
    12 4.777527 6.028128 1.897721 -1.090396 0.577049 -0.321829
    13 5.490345 7.072691 2.428969 -1.090396 0.577049 -0.321829
    14 6.566406 8.640625 3.232422 -1.090396 0.577049 -0.321829
    15 7.558525 6.997282 -2.354134 -1.937336 -0.275393 3.010581
    16 7.558525 6.997282 -2.354134 1.937336 0.275393 -0.131011
    17 -2.867767 -2.740969 0.531125 2.051196 0.577049 -0.321829
    18 1.812286 5.427677 -1.071768 -1.860006 0.500501 -2.521557
    19 -2.597095 2.299663 -4.027549 0.094406 0.542633 -1.584775
    20 -2.607890 1.696879 -4.389973 -0.548048 -0.048692 -3.416649
    21 -9.387737 3.675320 -4.011880 0.114975 -0.538948 1.153591
    22 6.946648 6.587124 1.429667 -1.090396 0.577049 -0.321829
    23 7.537933 7.453606 1.870349 -1.090396 0.577049 -0.321829
    24 8.154472 8.357077 2.329839 -1.090396 0.577049 -0.321829
    25 8.874294 9.411907 2.866308 -1.090396 0.577049 -0.321829
    26 -4.125858 -2.321501 1.394414 2.051196 0.577049 -0.321829
    27 -4.826813 -3.348669 0.872014 2.051196 0.577049 -0.321829
    28 -5.441669 -4.249685 0.413772 2.051196 0.577049 -0.321829
    29 -0.552532 -1.343527 1.604446 -0.415180 0.312114 -0.422073
    30 0.552589 1.343534 -1.604463 -1.265482 0.431698 -0.366340
    31 0.000000 -2.021618 -0.000004 0.186809 0.000000 0.000000
    32 -0.000021 2.021633 0.000027 -0.053776 0.000000 0.000000
    33 -0.000004 -1.136217 -0.000004 -0.210111 0.000000 0.000000
    34 -0.000011 1.136200 -0.000019 -0.739179 0.000000 0.000000
    35 -0.032677 -4.587727 1.352317 2.844703 1.216154 2.484990
    36 0.032719 4.587772 -1.352291 2.759713 0.896453 2.813738
    37 0.000000 -1.754536 -0.000002 0.662896 0.000000 0.000000
    38 -0.000006 1.754520 -0.000034 0.267499 0.000000 0.000000
    39 0.000000 -1.227020 -0.000002 0.092660 0.000000 0.000000
    40 0.000002 1.227070 0.000032 -0.302677 0.000000 0.000000
    41 -0.367996 -4.208406 0.173244 2.943027 1.091688 2.536231
    42 0.368011 4.208412 -0.173239 2.833364 0.959225 2.605426
    43 0.000000 -2.372318 -0.000004 0.722081 0.000000 0.000000
    44 -0.000006 2.372318 -0.000032 0.659740 0.000000 0.000000
    45 0.000004 -1.580070 -0.000001 0.034255 0.000000 0.000000
    46 -0.000002 1.580170 0.000030 -0.485476 0.000000 0.000000
    47 -0.937645 -3.860697 -0.959317 3.044205 1.001841 2.581100
    48 0.937672 3.860714 0.959333 3.095859 0.739422 2.394654
    49 0.000000 -1.690632 0.000000 0.491549 0.000000 0.000000
    50 -0.000013 1.690666 0.000021 1.376268 0.000000 0.000000
    51 -0.000002 -1.423443 0.000002 0.234212 0.000000 0.000000
    52 0.000008 1.423420 0.000028 0.996149 0.000000 0.000000
    53 -1.546646 -3.404194 -1.915569 3.024293 0.944156 2.514436
    54 1.546661 3.404217 1.915585 4.019409 0.473519 2.503386
    55 0.000004 -1.437820 0.000000 0.424958 0.000000 0.000000
    56 -0.000021 1.437870 0.000031 1.038658 0.000000 0.000000
    57 -0.000002 -1.059402 0.000000 0.322075 0.000000 0.000000
    58 0.000006 1.059372 0.000008 0.972533 0.000000 0.000000
    59 -0.000004 -13.013485 -0.000004 0.010936 -0.284123 -0.076426
    60 0.161133 -10.812500 0.023087 0.010936 -0.284123 -0.076426
  time 15
    0 0.000000 0.826660 0.000001 -1.559900 -0.000006 -0.000006
    1 -7.059201 7.545358 -8.025539 -0.945023 0.204840 0.687916
    2 0.000000 14.313023 0.000003 -1.528184 0.000000 0.000000
    3 -0.000011 13.013483 -0.000005 0.590303 0.923814 0.889542
    4 8.652996 -22.135220 3.978737 2.947657 0.312156 -0.581899
    5 0.000000 -14.313034 0.000000 -0.487806 0.000000 0.000000
    6 -0.000004 -13.013485 -0.000004 0.000000 0.000000 0.000000
    7 -1.330879 -2.698427 0.462449 -0.194886 -0.547260 3.056712
    8 1.330910 2.698444 -0.462436 0.194890 0.547268 -0.084879
    9 -1.181535 4.505573 -1.192452 -1.318079 0.731000 1.711261
    10 3.556210 4.238403 0.987502 -1.090396 0.577049 -0.321829
    11 4.139183 5.092691 1.421975 -1.090396 0.577049 -0.321829
    12 4.777527 6.028128 1.897721 -1.090396 0.577049 -0.321829
    13 5.490345 7.072691 2.428969 -1.090396 0.577049 -0.321829
    14 6.566406 8.640625 3.232422 -1.090396 0.577049 -0.321829
    15 7.558525 6.997282 -2.354134 -1.937336 -0.275393 3.010581
    16 7.558525 6.997282 -2.354134 1.937336 0.275393 -0.131011
    17 -2.867767 -2.740969 0.531125 2.051196 0.577049 -0.321829
    18 -0.644820 5.314392 -0.478000 -1.842504 0.804896 -1.798957
    19 -1.624409 1.159003 -4.910389 0.422828 0.689633 -0.681452
    20 -1.205503 0.817946 -5.358752 -0.789283 0.051722 -2.816473
    21 -7.918942 -1.391241 -5.672087 0.023772 -0.790130 1.811060
    22 6.946648 6.587124 1.429667 -1.090396 0.577049 -0.321829
    23 7.537933 7.453606 1.870349 -1.090396 0.577049 -0.321829
    24 8.154472 8.357077 2.329839 -1.090396 0.577049 -0.321829
    25 8.874294 9.411907 2.866308 -1.090396 0.577049 -0.321829
    26 -4.125858 -2.321501 1.394414 2.051196 0.577049 -0.321829
    27 -4.826813 -3.348669 0.872014 2.051196 0.577049 -0.321829
    28 -5.441669 -4.249685 0.413772 2.051196 0.577049 -0.321829
    29 -0.552532 -1.343527 1.604446 -0.415180 0.312114 -0.422073
    30 0.552589 1.343534 -1.604463 -1.193567 0.397401 -0.362536
    31 0.000000 -2.021618 -0.000004 0.186809 0.000000 0.000000
    32 -0.000021 2.021633 0.000027 -0.053776 0.000000 0.000000
    33 -0.000004 -1.136217 -0.000004 -0.210111 0.000000 0.000000
    34 -0.000011 1.136200 -0.000019 -0.712084 0.000000 0.000000
    35 -0.032677 -4.587727 1.352317 2.844703 1.216154 2.484990
    36 0.032719 4.587772 -1.352291 2.822739 0.783923 2.752842
    37 0.000000 -1.754536 -0.000002 0.662896 0.000000 0.000000
    38 -0.000006 1.754520 -0.000034 0.380884 0.000000 0.000000
    39 0.000000 -1.227020 -0.000002 0.092660 0.000000 0.000000
    40 0.000002 1.227070 0.000032 -0.302477 0.000000 0.000000
    41 -0.367996 -4.208406 0.173244 2.943027 1.091688 2.536231
    42 0.368011 4.208412 -0.173239 2.937279 0.815901 2.611773
    43 0.000000 -2.372318 -0.000004 0.722081 0.000000 0.000000
    44 -0.000006 2.372318 -0.000032 0.872692 0.000000 0.000000
    45 0.000004 -1.580070 -0.000001 0.034255 0.000000 0.000000
    46 -0.000002 1.580170 0.000030 -0.374146 0.000000 0.000000
    47 -0.937645 -3.860697 -0.959317 3.044205 1.001841 2.581100
    48 0.937672 3.860714 0.959333 3.168508 0.553342 2.418206
    49 0.000000 -1.690632 0.000000 0.491549 0.000000 0.000000
    50 -0.000013 1.690666 0.000021 1.358591 0.000000 0.000000
    51 -0.000002 -1.423443 0.000002 0.234212 0.000000 0.000000
    52 0.000008 1.423420 0.000028 0.975007 0.000000 0.000000
    53 -1.546646 -3.404194 -1.915569 3.024293 0.944156 2.514436
    54 1.546661 3.404217 1.915585 3.938928 0.282371 2.538990
    55 0.000004 -1.437820 0.000000 0.424958 0.000000 0.000000
    56 -0.000021 1.437870 0.000031 1.062706 0.000000 0.000000
    57 -0.000002 -1.059402 0.000000 0.322075 0.000000 0.000000
    58 0.000006 1.059372 0.000008 0.962936 0.000000 0.000000
    59 -0.000004 -13.013485 -0.000004 0.010936 -0.284123 -0.076426
    60 0.161133 -10.812500 0.023087 0.010936 -0.284123 -0.076426
  time 16
    0 0.000000 0.826660 0.000001 -1.559900 -0.000006 -0.000006
    1 -7.059201 7.545358 -8.025539 -0.927884 0.200071 0.687687
    2 0.000000 14.313023 0.000003 -1.602846 0.000000 0.000000
    3 -0.000011 13.013483 -0.000005 0.635689 0.877921 0.865962
    4 8.652996 -22.135220 3.978737 2.947657 0.312156 -0.581899
    5 0.000000 -14.313034 0.000000 -0.487806 0.000000 0.000000
    6 -0.000004 -13.013485 -0.000004 0.000000 0.000000 0.000000
    7 -1.330879 -2.698427 0.462449 -0.194886 -0.547260 3.056712
    8 1.330910 2.698444 -0.462436 0.194890 0.547268 -0.084879
    9 -2.510697 3.229567 -1.748077 -1.821147 0.692591 2.126054
    10 3.556210 4.238403 0.987502 -1.090396 0.577049 -0.321829
    11 4.139183 5.092691 1.421975 -1.090396 0.577049 -0.321829
    12 4.777527 6.028128 1.897721 -1.090396 0.577049 -0.321829
    13 5.490345 7.072691 2.428969 -1.090396 0.577049 -0.321829
    14 6.566406 8.640625 3.232422 -1.090396 0.577049 -0.321829
    15 7.558525 6.997282 -2.354134 -1.937336 -0.275393 3.010581
    16 7.558525 6.997282 -2.354134 1.937336 0.275393 -0.131011
    17 -2.867767 -2.740969 0.531125 2.051196 0.577049 -0.321829
    18 -2.855825 3.849504 -0.915514 -1.280540 0.841399 -0.634282
    19 0.442060 1.416824 -5.515876 0.701934 0.391728 0.211612
    20 1.071910 1.544531 -5.784546 -0.726627 0.336001 -2.150443
    21 -2.637531 -4.024134 -8.070598 -0.362690 -0.715311 2.731017
    22 6.946648 6.587124 1.429667 -1.090396 0.577049 -0.321829
    23 7.537933 7.453606 1.870349 -1.090396 0.577049 -0.321829
    24 8.154472 8.357077 2.329839 -1.090396 0.577049 -0.321829
    25 8.874294 9.411907 2.866308 -1.090396 0.577049 -0.321829
    26 -4.125858 -2.321501 1.394414 2.051196 0.577049 -0.321829
    27 -4.826813 -3.348669 0.872014 2.051196 0.577049 -0.321829
    28 -5.441669 -4.249685 0.413772 2.051196 0.577049 -0.321829
    29 -0.552532 -1.343527 1.604446 -0.415180 0.312114 -0.422073
    30 0.552589 1.343534 -1.604463 -1.029225 0.354143 -0.371122
    31 0.000000 -2.021618 -0.000004 0.186809 0.000000 0.000000
    32 -0.000021 2.021633 0.000027 -0.053776 0.000000 0.000000
    33 -0.000004 -1.136217 -0.000004 -0.210111 0.000000 0.000000
    34 -0.000011 1.136200 -0.000019 -0.647206 0.000000 0.000000
    35 -0.032677 -4.587727 1.352317 2.844703 1.216154 2.484990
    36 0.032719 4.587772 -1.352291 2.950181 0.646713 2.661232
    37 0.000000 -1.754536 -0.000002 0.662896 0.000000 0.000000
    38 -0.000006 1.754520 -0.000034 0.551778 0.000000 0.000000
    39 0.000000 -1.227020 -0.000002 0.092660 0.000000 0.000000
    40 0.000002 1.227070 0.000032 -0.300813 0.000000 0.000000
    41 -0.367996 -4.208406 0.173244 2.943027 1.091688 2.536231
    42 0.368011 4.208412 -0.173239 3.096160 0.635130 2.590411
    43 0.000000 -2.372318 -0.000004 0.722081 0.000000 0.000000
    44 -0.000006 2.372318 -0.000032 1.268982 0.000000 0.000000
    45 0.000004 -1.580070 -0.000001 0.034255 0.000000 0.000000
    46 -0.000002 1.580170 0.000030 -0.167243 0.000000 0.000000
    47 -0.937645 -3.860697 -0.959317 3.044205 1.001841 2.581100
    48 0.937672 3.860714 0.959333 3.294762 0.346750 2.449477
    49 0.000000 -1.690632 0.000000 0.491549 0.000000 0.000000
    50 -0.000013 1.690666 0.000021 1.336208 0.000000 0.000000
    51 -0.000002 -1.423443 0.000002 0.234212 0.000000 0.000000
    52 0.000008 1.423420 0.000028 0.948432 0.000000 0.000000
    53 -1.546646 -3.404194 -1.915569 3.024293 0.944156 2.514436
    54 1.546661 3.404217 1.915585 3.869707 0.121362 2.562241
    55 0.000004 -1.437820 0.000000 0.424958 0.000000 0.000000
    56 -0.000021 1.437870 0.000031 1.079326 0.000000 0.000000
    57 -0.000002 -1.059402 0.000000 0.322075 0.000000 0.000000
    58 0.000006 1.059372 0.000008 0.951976 0.000000 0.000000
    59 -0.000004 -13.013485 -0.000004 0.010936 -0.284123 -0.076426
    60 0.161133 -10.812500 0.023087 0.010936 -0.284123 -0.076426
  time 17
    0 0.000000 0.826660 0.000001 -1.559900 -0.000006 -0.000006
    1 -7.059201 7.545358 -8.025539 -0.902083 0.190390 0.687228
    2 0.000000 14.313023 0.000003 -1.689055 0.000000 0.000000
    3 -0.000011 13.013483 -0.000005 0.643046 0.841932 0.725054
    4 8.652996 -22.135220 3.978737 2.947657 0.312156 -0.581899
    5 0.000000 -14.313034 0.000000 -0.487806 0.000000 0.000000
    6 -0.000004 -13.013485 -0.000004 0.000000 0.000000 0.000000
    7 -1.330879 -2.698427 0.462449 -0.194886 -0.547260 3.056712
    8 1.330910 2.698444 -0.462436 0.194890 0.547268 -0.084879
    9 -2.417965 1.953561 -3.414952 -2.574407 0.953296 2.150276
    10 3.556210 4.238403 0.987502 -1.090396 0.577049 -0.321829
    11 4.139183 5.092691 1.421975 -1.090396 0.577049 -0.321829
    12 4.777527 6.028128 1.897721 -1.090396 0.577049 -0.321829
    13 5.490345 7.072691 2.428969 -1.090396 0.577049 -0.321829
    14 6.566406 8.640625 3.232422 -1.090396 0.577049 -0.321829
    15 7.558525 6.997282 -2.354134 -1.937336 -0.275393 3.010581
    16 7.558525 6.997282 -2.354134 1.937336 0.275393 -0.131011
    17 -2.867767 -2.740969 0.531125 2.051196 0.577049 -0.321829
    18 -3.484751 2.095544 -2.954638 -1.031232 0.316350 0.100495
    19 2.344462 2.666862 -4.879138 0.495094 -0.133542 0.777363
    20 2.837589 3.153955 -4.788422 -0.183130 0.480334 -1.416160
    21 3.737663 -3.063167 -8.043253 -0.471425 -0.206425 -2.988612
    22 6.946648 6.587124 1.429667 -1.090396 0.577049 -0.321829
    23 7.537933 7.453606 1.870349 -1.090396 0.577049 -0.321829
    24 8.154472 8.357077 2.329839 -1.090396 0.577049 -0.321829
    25 8.874294 9.411907 2.866308 -1.090396 0.577049 -0.321829
    26 -4.125858 -2.321501 1.394414 2.051196 0.577049 -0.321829
    27 -4.826813 -3.348669 0.872014 2.051196 0.577049 -0.321829
    28 -5.441669 -4.249685 0.413772 2.051196 0.577049 -0.321829
    29 -0.552532 -1.343527 1.604446 -0.415180 0.312114 -0.422073
    30 0.552589 1.343534 -1.604463 -0.835954 0.311717 -0.385034
    31 0.000000 -2.021618 -0.000004 0.186809 0.000000 0.000000
    32 -0.000021 2.021633 0.000027 -0.053776 0.000000 0.000000
    33 -0.000004 -1.136217 -0.000004 -0.210111 0.000000 0.000000
    34 -0.000011 1.136200 -0.000019 -0.570197 0.000000 0.000000
    35 -0.032677 -4.587727 1.352317 2.844703 1.216154 2.484990
    36 0.032719 4.587772 -1.352291 2.995411 0.573561 2.598895
    37 0.000000 -1.754536 -0.000002 0.662896 0.000000 0.000000
    38 -0.000006 1.754520 -0.000034 0.639629 0.000000 0.000000
    39 0.000000 -1.227020 -0.000002 0.092660 0.000000 0.000000
    40 0.000002 1.227070 0.000032 -0.296486 0.000000 0.000000
    41 -0.367996 -4.208406 0.173244 2.943027 1.091688 2.536231
    42 0.368011 4.208412 -0.173239 3.132445 0.538148 2.535302
    43 0.000000 -2.372318 -0.000004 0.722081 0.000000 0.000000
    44 -0.000006 2.372318 -0.000032 1.481539 0.000000 0.000000
    45 0.000004 -1.580070 -0.000001 0.034255 0.000000 0.000000
    46 -0.000002 1.580170 0.000030 -0.056254 0.000000 0.000000
    47 -0.937645 -3.860697 -0.959317 3.044205 1.001841 2.581100
    48 0.937672 3.860714 0.959333 3.340655 0.245182 2.448689
    49 0.000000 -1.690632 0.000000 0.491549 0.000000 0.000000
    50 -0.000013 1.690666 0.000021 1.310770 0.000000 0.000000
    51 -0.000002 -1.423443 0.000002 0.234212 0.000000 0.000000
    52 0.000008 1.423420 0.000028 0.918480 0.000000 0.000000
    53 -1.546646 -3.404194 -1.915569 3.024293 0.944156 2.514436
    54 1.546661 3.404217 1.915585 3.840635 0.053967 2.570912
    55 0.000004 -1.437820 0.000000 0.424958 0.000000 0.000000
    56 -0.000021 1.437870 0.000031 1.089800 0.000000 0.000000
    57 -0.000002 -1.059402 0.000000 0.322075 0.000000 0.000000
    58 0.000006 1.059372 0.000008 0.940957 0.000000 0.000000
    59 -0.000004 -13.013485 -0.000004 0.010936 -0.284123 -0.076426
    60 0.161133 -10.812500 0.023087 0.010936 -0.284123 -0.076426
  time 18
    0 0.000000 0.826660 0.000001 -1.559900 -0.000006 -0.000006
    1 -7.059201 7.545358 -8.025539 -0.880705 0.182760 0.686847
    2 0.000000 14.313023 0.000003 -1.777525 0.000000 0.000000
    3 -0.000011 13.013483 -0.000005 0.674577 0.838347 0.631307
    4 8.652996 -22.135220 3.978737 2.947657 0.312156 -0.581899
    5 0.000000 -14.313034 0.000000 -0.487806 0.000000 0.000000
    6 -0.000004 -13.013485 -0.000004 0.000000 0.000000 0.000000
    7 -1.330879 -2.698427 0.462449 -0.194886 -0.547260 3.056712
    8 1.330910 2.698444 -0.462436 0.194890 0.547268 -0.084879
    9 -0.872427 1.511866 -4.930294 -3.748455 1.036767 1.544644
    10 3.556210 4.238403 0.987502 -1.090396 0.577049 -0.321829
    11 4.139183 5.092691 1.421975 -1.090396 0.577049 -0.321829
    12 4.777527 6.028128 1.897721 -1.090396 0.577049 -0.321829
    13 5.490345 7.072691 2.428969 -1.090396 0.577049 -0.321829
    14 6.566406 8.640625 3.232422 -1.090396 0.577049 -0.321829
    15 7.558525 6.997282 -2.354134 -1.937336 -0.275393 3.010581
    16 7.558525 6.997282 -2.354134 1.937336 0.275393 -0.131011
    17 -2.867767 -2.740969 0.531125 2.051196 0.577049 -0.321829
    18 -2.043300 1.181454 -5.196894 -1.118647 -0.294400 0.512656
    19 3.102298 4.057529 -3.410343 -0.015700 -0.522369 1.361522
    20 3.232132 4.650094 -3.061807 0.438066 0.294779 -0.795471
    21 7.909666 -0.215424 -5.144727 -0.362116 0.385664 -2.600056
    22 6.946648 6.587124 1.429667 -1.090396 0.577049 -0.321829
    23 7.537933 7.453606 1.870349 -1.090396 0.577049 -0.321829
    24 8.154472 8.357077 2.329839 -1.090396 0.577049 -0.321829
    25 8.874294 9.411907 2.866308 -1.090396 0.577049 -0.321829
    26 -4.125858 -2.321501 1.394414 2.051196 0.577049 -0.321829
    27 -4.826813 -3.348669 0.872014 2.051196 0.577049 -0.321829
    28 -5.441669 -4.249685 0.413772 2.051196 0.577049 -0.321829
    29 -0.552532 -1.343527 1.604446 -0.415180 0.312114 -0.422073
    30 0.552589 1.343534 -1.604463 -0.674277 0.279125 -0.397771
    31 0.000000 -2.021618 -0.000004 0.186809 0.000000 0.000000
    32 -0.000021 2.021633 0.000027 -0.053776 0.000000 0.000000
    33 -0.000004 -1.136217 -0.000004 -0.210111 0.000000 0.000000
    34 -0.000011 1.136200 -0.000019 -0.505458 0.000000 0.000000
    35 -0.032677 -4.587727 1.352317 2.844703 1.216154 2.484990
    36 0.032719 4.587772 -1.352291 2.869879 0.608968 2.546189
    37 0.000000 -1.754536 -0.000002 0.662896 0.000000 0.000000
    38 -0.000006 1.754520 -0.000034 0.502297 0.000000 0.000000
    39 0.000000 -1.227020 -0.000002 0.092660 0.000000 0.000000
    40 0.000002 1.227070 0.000032 -0.287832 0.000000 0.000000
    41 -0.367996 -4.208406 0.173244 2.943027 1.091688 2.536231
    42 0.368011 4.208412 -0.173239 2.992245 0.509930 2.402794
    43 0.000000 -2.372318 -0.000004 0.722081 0.000000 0.000000
    44 -0.000006 2.372318 -0.000032 1.107272 0.000000 0.000000
    45 0.000004 -1.580070 -0.000001 0.034255 0.000000 0.000000
    46 -0.000002 1.580170 0.000030 -0.125373 0.000000 0.000000
    47 -0.937645 -3.860697 -0.959317 3.044205 1.001841 2.581100
    48 0.937672 3.860714 0.959333 3.250448 0.378859 2.351882
    49 0.000000 -1.690632 0.000000 0.491549 0.000000 0.000000
    50 -0.000013 1.690666 0.000021 1.266354 0.000000 0.000000
    51 -0.000002 -1.423443 0.000002 0.234212 0.000000 0.000000
    52 0.000008 1.423420 0.000028 0.868560 0.000000 0.000000
    53 -1.546646 -3.404194 -1.915569 3.024293 0.944156 2.514436
    54 1.546661 3.404217 1.915585 3.872107 0.187114 2.511980
    55 0.000004 -1.437820 0.000000 0.424958 0.000000 0.000000
    56 -0.000021 1.437870 0.000031 1.095625 0.000000 0.000000
    57 -0.000002 -1.059402 0.000000 0.322075 0.000000 0.000000
    58 0.000006 1.059372 0.000008 0.931361 0.000000 0.000000
    59 -0.000004 -13.013485 -0.000004 0.010936 -0.284123 -0.076426
    60 0.161133 -10.812500 0.023087 0.010936 -0.284123 -0.076426
  time 19
    0 0.000000 0.826660 0.000001 -1.559900 -0.000006 -0.000006
    1 -7.059201 7.545358 -8.025539 -0.870845 0.180709 0.686770
    2 0.000000 14.313023 0.000003 -1.861841 0.000000 0.000000
    3 -0.000011 13.013483 -0.000005 0.733818 0.894618 0.638208
    4 8.652996 -22.135220 3.978737 2.947657 0.312156 -0.581899
    5 0.000000 -14.313034 0.000000 -0.487806 0.000000 0.000000
    6 -0.000004 -13.013485 -0.000004 0.000000 0.000000 0.000000
    7 -1.330879 -2.698427 0.462449 -0.194886 -0.547260 3.056712
    8 1.330910 2.698444 -0.462436 0.194890 0.547268 -0.084879
    9 1.074951 1.659098 -5.435407 1.726379 0.896561 1.300253
    10 3.556210 4.238403 0.987502 -1.090396 0.577049 -0.321829
    11 4.139183 5.092691 1.421975 -1.090396 0.577049 -0.321829
    12 4.777527 6.028128 1.897721 -1.090396 0.577049 -0.321829
    13 5.490345 7.072691 2.428969 -1.090396 0.577049 -0.321829
    14 6.566406 8.640625 3.232422 -1.090396 0.577049 -0.321829
    15 7.558525 6.997282 -2.354134 -1.937336 -0.275393 3.010581
    16 7.558525 6.997282 -2.354134 1.937336 0.275393 -0.131011
    17 -2.867767 -2.740969 0.531125 2.051196 0.577049 -0.321829
    18 0.304428 0.923633 -6.185206 -1.447569 -0.664554 1.102088
    19 2.508530 5.237253 -2.390781 -0.557790 -0.516450 2.069646
    20 2.220383 5.771222 -2.038338 0.737741 -0.075434 -0.319625
    21 8.890164 3.511252 -1.558680 0.014192 0.740836 -1.951791
    22 6.946648 6.587124 1.429667 -1.090396 0.577049 -0.321829
    23 7.537933 7.453606 1.870349 -1.090396 0.577049 -0.321829
    24 8.154472 8.357077 2.329839 -1.090396 0.577049 -0.321829
    25 8.874294 9.411907 2.866308 -1.090396 0.577049 -0.321829
    26 -4.125858 -2.321501 1.394414 2.051196 0.577049 -0.321829
    27 -4.826813 -3.348669 0.872014 2.051196 0.577049 -0.321829
    28 -5.441669 -4.249685 0.413772 2.051196 0.577049 -0.321829
    29 -0.552532 -1.343527 1.604446 -0.415180 0.312114 -0.422073
    30 0.552589 1.343534 -1.604463 -0.606726 0.266199 -0.403336
    31 0.000000 -2.021618 -0.000004 0.186809 0.000000 0.000000
    32 -0.000021 2.021633 0.000027 -0.053776 0.000000 0.000000
    33 -0.000004 -1.136217 -0.000004 -0.210111 0.000000 0.000000
    34 -0.000011 1.136200 -0.000019 -0.478456 0.000000 0.000000
    35 -0.032677 -4.587727 1.352317 2.844703 1.216154 2.484990
    36 0.032719 4.587772 -1.352291 2.682622 0.700379 2.481198
    37 0.000000 -1.754536 -0.000002 0.662896 0.000000 0.000000
    38 -0.000006 1.754520 -0.000034 0.247090 0.000000 0.000000
    39 0.000000 -1.227020 -0.000002 0.092660 0.000000 0.000000
    40 0.000002 1.227070 0.000032 -0.273654 0.000000 0.000000
    41 -0.367996 -4.208406 0.173244 2.943027 1.091688 2.536231
    42 0.368011 4.208412 -0.173239 2.827436 0.476881 2.240255
    43 0.000000 -2.372318 -0.000004 0.722081 0.000000 0.000000
    44 -0.000006 2.372318 -0.000032 0.411383 0.000000 0.000000
    45 0.000004 -1.580070 -0.000001 0.034255 0.000000 0.000000
    46 -0.000002 1.580170 0.000030 -0.268959 0.000000 0.000000
    47 -0.937645 -3.860697 -0.959317 3.044205 1.001841 2.581100
    48 0.937672 3.860714 0.959333 3.083875 0.621907 2.160080
    49 0.000000 -1.690632 0.000000 0.491549 0.000000 0.000000
    50 -0.000013 1.690666 0.000021 1.210370 0.000000 0.000000
    51 -0.000002 -1.423443 0.000002 0.234212 0.000000 0.000000
    52 0.000008 1.423420 0.000028 0.805353 0.000000 0.000000
    53 -1.546646 -3.404194 -1.915569 3.024293 0.944156 2.514436
    54 1.546661 3.404217 1.915585 3.914655 0.422404 2.362731
    55 0.000004 -1.437820 0.000000 0.424958 0.000000 0.000000
    56 -0.000021 1.437870 0.000031 1.098083 0.000000 0.000000
    57 -0.000002 -1.059402 0.000000 0.322075 0.000000 0.000000
    58 0.000006 1.059372 0.000008 0.924548 0.000000 0.000000
    59 -0.000004 -13.013485 -0.000004 0.010936 -0.284123 -0.076426
    60 0.161133 -10.812500 0.023087 0.010936 -0.284123 -0.076426
  time 20
    0 0.000000 0.826660 0.000001 -1.559900 -0.000006 -0.000006
    1 -7.059201 7.545358 -8.025539 -0.869186 0.180614 0.686770
    2 0.000000 14.313023 0.000003 -1.939252 0.000000 0.000000
    3 -0.000011 13.013483 -0.000005 0.809397 0.982679 0.702240
    4 8.652996 -22.135220 3.978737 2.947657 0.312156 -0.581899
    5 0.000000 -14.313034 0.000000 -0.487806 0.000000 0.000000
    6 -0.000004 -13.013485 -0.000004 0.000000 0.000000 0.000000
    7 -1.330879 -2.698427 0.462449 -0.194886 -0.547260 3.056712
    8 1.330910 2.698444 -0.462436 0.194890 0.547268 -0.084879
    9 2.435024 1.855406 -5.233362 1.272641 0.979906 1.427227
    10 3.556210 4.238403 0.987502 -1.090396 0.577049 -0.321829
    11 4.139183 5.092691 1.421975 -1.090396 0.577049 -0.321829
    12 4.777527 6.028128 1.897721 -1.090396 0.577049 -0.321829
    13 5.490345 7.072691 2.428969 -1.090396 0.577049 -0.321829
    14 6.566406 8.640625 3.232422 -1.090396 0.577049 -0.321829
    15 7.558525 6.997282 -2.354134 -1.937336 -0.275393 3.010581
    16 7.558525 6.997282 -2.354134 1.937336 0.275393 -0.131011
    17 -2.867767 -2.740969 0.531125 2.051196 0.577049 -0.321829
    18 2.249799 0.818161 -5.966449 -1.765267 -0.561528 1.781641
    19 1.168645 5.909148 -2.683758 -0.647696 -0.250031 2.598965
    20 0.591427 6.263425 -2.507103 0.605340 -0.348826 0.232429
    21 7.077609 7.741850 -0.128949 0.357639 0.600572 -1.212546
    22 6.946648 6.587124 1.429667 -1.090396 0.577049 -0.321829
    23 7.537933 7.453606 1.870349 -1.090396 0.577049 -0.321829
    24 8.154472 8.357077 2.329839 -1.090396 0.577049 -0.321829
    25 8.874294 9.411907 2.866308 -1.090396 0.577049 -0.321829
    26 -4.125858 -2.321501 1.394414 2.051196 0.577049 -0.321829
    27 -4.826813 -3.348669 0.872014 2.051196 0.577049 -0.321829
    28 -5.441669 -4.249685 0.413772 2.051196 0.577049 -0.321829
    29 -0.552532 -1.343527 1.604446 -0.415180 0.312114 -0.422073
    30 0.552589 1.343534 -1.604463 -0.672761 0.287927 -0.404858
    31 0.000000 -2.021618 -0.000004 0.186809 0.000000 0.000000
    32 -0.000021 2.021633 0.000027 -0.053776 0.000000 0.000000
    33 -0.000004 -1.136217 -0.000004 -0.210111 0.000000 0.000000
    34 -0.000011 1.136200 -0.000019 -0.519075 0.000000 0.000000
    35 -0.032677 -4.587727 1.352317 2.844703 1.216154 2.484990
    36 0.032719 4.587772 -1.352291 2.564382 0.798917 2.419164
    37 0.000000 -1.754536 -0.000002 0.662896 0.000000 0.000000
    38 -0.000006 1.754520 -0.000034 0.110166 0.000000 0.000000
    39 0.000000 -1.227020 -0.000002 0.092660 0.000000 0.000000
    40 0.000002 1.227070 0.000032 -0.252619 0.000000 0.000000
    41 -0.367996 -4.208406 0.173244 2.943027 1.091688 2.536231
    42 0.368011 4.208412 -0.173239 2.735377 0.499968 2.127406
    43 0.000000 -2.372318 -0.000004 0.722081 0.000000 0.000000
    44 -0.000006 2.372318 -0.000032 0.037994 0.000000 0.000000
    45 0.000004 -1.580070 -0.000001 0.034255 0.000000 0.000000
    46 -0.000002 1.580170 0.000030 -0.390302 0.000000 0.000000
    47 -0.937645 -3.860697 -0.959317 3.044205 1.001841 2.581100
    48 0.937672 3.860714 0.959333 2.969791 0.742876 2.028851
    49 0.000000 -1.690632 0.000000 0.491549 0.000000 0.000000
    50 -0.000013 1.690666 0.000021 1.179224 0.000000 0.000000
    51 -0.000002 -1.423443 0.000002 0.234212 0.000000 0.000000
    52 0.000008 1.423420 0.000028 0.766372 0.000000 0.000000
    53 -1.546646 -3.404194 -1.915569 3.024293 0.944156 2.514436
    54 1.546661 3.404217 1.915585 3.923515 0.539444 2.257835
    55 0.000004 -1.437820 0.000000 0.424958 0.000000 0.000000
    56 -0.000021 1.437870 0.000031 1.098618 0.000000 0.000000
    57 -0.000002 -1.059402 0.000000 0.322075 0.000000 0.000000
    58 0.000006 1.059372 0.000008 0.922001 0.000000 0.000000
    59 -0.000004 -13.013485 -0.000004 0.010936 -0.284123 -0.076426
    60 0.161133 -10.812500 0.023087 0.010936 -0.284123 -0.076426
  time 21
    0 0.000000 0.826660 0.000001 -1.559900 -0.000006 -0.000006
    1 -7.059201 7.545358 -8.025539 -0.872412 0.179517 0.686694
    2 0.000000 14.313023 0.000003 -2.008293 0.000000 0.000000
    3 -0.000011 13.013483 -0.000005 0.912113 1.073334 0.838739
    4 8.652996 -22.135220 3.978737 2.947657 0.312156 -0.581899
    5 0.000000 -14.313034 0.000000 -0.487806 0.000000 0.000000
    6 -0.000004 -13.013485 -0.000004 0.000000 0.000000 0.000000
    7 -1.330879 -2.698427 0.462449 -0.194886 -0.547260 3.056712
    8 1.330910 2.698444 -0.462436 0.194890 0.547268 -0.084879
    9 3.362347 2.444332 -3.970578 0.182790 1.142643 0.941567
    10 3.556210 4.238403 0.987502 -1.090396 0.577049 -0.321829
    11 4.139183 5.092691 1.421975 -1.090396 0.577049 -0.321829
    12 4.777527 6.028128 1.897721 -1.090396 0.577049 -0.321829
    13 5.490345 7.072691 2.428969 -1.090396 0.577049 -0.321829
    14 6.566406 8.640625 3.232422 -1.090396 0.577049 -0.321829
    15 7.558525 6.997282 -2.354134 -1.937336 -0.275393 3.010581
    16 7.558525 6.997282 -2.354134 1.937336 0.275393 -0.131011
    17 -2.867767 -2.740969 0.531125 2.051196 0.577049 -0.321829
    18 3.945164 1.329896 -4.274991 -1.992507 -0.075489 2.345667
    19 -0.347026 5.721642 -3.804886 -0.463901 0.248389 -3.193824
    20 -1.021904 5.759503 -3.979804 0.006276 -0.521804 1.048864
    21 2.093082 11.038826 -0.453178 0.519256 0.053549 -0.602246
    22 6.946648 6.587124 1.429667 -1.090396 0.577049 -0.321829
    23 7.537933 7.453606 1.870349 -1.090396 0.577049 -0.321829
    24 8.154472 8.357077 2.329839 -1.090396 0.577049 -0.321829
    25 8.874294 9.411907 2.866308 -1.090396 0.577049 -0.321829
    26 -4.125858 -2.321501 1.394414 2.051196 0.577049 -0.321829
    27 -4.826813 -3.348669 0.872014 2.051196 0.577049 -0.321829
    28 -5.441669 -4.249685 0.413772 2.051196 0.577049 -0.321829
    29 -0.552532 -1.343527 1.604446 -0.415180 0.312114 -0.422073
    30 0.552589 1.343534 -1.604463 -0.820170 0.335666 -0.408227
    31 0.000000 -2.021618 -0.000004 0.186809 0.000000 0.000000
    32 -0.000021 2.021633 0.000027 -0.053776 0.000000 0.000000
    33 -0.000004 -1.136217 -0.000004 -0.210111 0.000000 0.000000
    34 -0.000011 1.136200 -0.000019 -0.608771 0.000000 0.000000
    35 -0.032677 -4.587727 1.352317 2.844703 1.216154 2.484990
    36 0.032719 4.587772 -1.352291 2.596851 0.886655 2.363046
    37 0.000000 -1.754536 -0.000002 0.662896 0.000000 0.000000
    38 -0.000006 1.754520 -0.000034 0.182188 0.000000 0.000000
    39 0.000000 -1.227020 -0.000002 0.092660 0.000000 0.000000
    40 0.000002 1.227070 0.000032 -0.223197 0.000000 0.000000
    41 -0.367996 -4.208406 0.173244 2.943027 1.091688 2.536231
    42 0.368011 4.208412 -0.173239 2.768788 0.656685 2.087313
    43 0.000000 -2.372318 -0.000004 0.722081 0.000000 0.000000
    44 -0.000006 2.372318 -0.000032 0.075767 0.000000 0.000000
    45 0.000004 -1.580070 -0.000001 0.034255 0.000000 0.000000
    46 -0.000002 1.580170 0.000030 -0.468523 0.000000 0.000000
    47 -0.937645 -3.860697 -0.959317 3.044205 1.001841 2.581100
    48 0.937672 3.860714 0.959333 3.064458 0.760581 2.108329
    49 0.000000 -1.690632 0.000000 0.491549 0.000000 0.000000
    50 -0.000013 1.690666 0.000021 1.174417 0.000000 0.000000
    51 -0.000002 -1.423443 0.000002 0.234212 0.000000 0.000000
    52 0.000008 1.423420 0.000028 0.755947 0.000000 0.000000
    53 -1.546646 -3.404194 -1.915569 3.024293 0.944156 2.514436
    54 1.546661 3.404217 1.915585 3.923515 0.539444 2.257835
    55 0.000004 -1.437820 0.000000 0.424958 0.000000 0.000000
    56 -0.000021 1.437870 0.000031 1.098618 0.000000 0.000000
    57 -0.000002 -1.059402 0.000000 0.322075 0.000000 0.000000
    58 0.000006 1.059372 0.000008 0.922001 0.000000 0.000000
    59 -0.000004 -13.013485 -0.000004 0.010936 -0.284123 -0.076426
    60 0.161133 -10.812500 0.023087 0.010936 -0.284123 -0.076426
  time 22
    0 0.000000 0.826660 0.000001 -1.559900 -0.000006 -0.000006
    1 -7.059201 7.545358 -8.025539 -0.875268 0.173604 0.686388
    2 0.000000 14.313023 0.000003 -2.067619 0.000000 0.000000
    3 -0.000011 13.013483 -0.000005 1.036996 1.136679 1.036106
    4 8.652996 -22.135220 3.978737 2.947657 0.312156 -0.581899
    5 0.000000 -14.313034 0.000000 -0.487806 0.000000 0.000000
    6 -0.000004 -13.013485 -0.000004 0.000000 0.000000 0.000000
    7 -1.330879 -2.698427 0.462449 -0.194886 -0.547260 3.056712
    8 1.330910 2.698444 -0.462436 0.194890 0.547268 -0.084879
    9 2.867775 3.818492 -2.455236 -0.945951 0.973755 0.528856
    10 3.556210 4.238403 0.987502 -1.090396 0.577049 -0.321829
    11 4.139183 5.092691 1.421975 -1.090396 0.577049 -0.321829
    12 4.777527 6.028128 1.897721 -1.090396 0.577049 -0.321829
    13 5.490345 7.072691 2.428969 -1.090396 0.577049 -0.321829
    14 6.566406 8.640625 3.232422 -1.090396 0.577049 -0.321829
    15 7.558525 6.997282 -2.354134 -1.937336 -0.275393 3.010581
    16 7.558525 6.997282 -2.354134 1.937336 0.275393 -0.131011
    17 -2.867767 -2.740969 0.531125 2.051196 0.577049 -0.321829
    18 3.870943 3.302612 -2.146020 -1.949132 0.473424 -3.329773
    19 -1.518937 4.338788 -4.953359 0.013036 0.590047 -2.394812
    20 -1.947713 3.958667 -5.343127 -0.555904 -0.209726 1.970168
    21 -4.578997 10.335679 -3.832187 0.299871 -0.516182 0.163171
    22 6.946648 6.587124 1.429667 -1.090396 0.577049 -0.321829
    23 7.537933 7.453606 1.870349 -1.090396 0.577049 -0.321829
    24 8.154472 8.357077 2.329839 -1.090396 0.577049 -0.321829
    25 8.874294 9.411907 2.866308 -1.090396 0.577049 -0.321829
    26 -4.125858 -2.321501 1.394414 2.051196 0.577049 -0.321829
    27 -4.826813 -3.348669 0.872014 2.051196 0.577049 -0.321829
    28 -5.441669 -4.249685 0.413772 2.051196 0.577049 -0.321829
    29 -0.552532 -1.343527 1.604446 -0.415180 0.312114 -0.422073
    30 0.552589 1.343534 -1.604463 -0.971552 0.383563 -0.411726
    31 0.000000 -2.021618 -0.000004 0.186809 0.000000 0.000000
    32 -0.000021 2.021633 0.000027 -0.053776 0.000000 0.000000
    33 -0.000004 -1.136217 -0.000004 -0.210111 0.000000 0.000000
    34 -0.000011 1.136200 -0.000019 -0.698560 0.000000 0.000000
    35 -0.032677 -4.587727 1.352317 2.844703 1.216154 2.484990
    36 0.032719 4.587772 -1.352291 2.725508 0.976768 2.296158
    37 0.000000 -1.754536 -0.000002 0.662896 0.000000 0.000000
    38 -0.000006 1.754520 -0.000034 0.359341 0.000000 0.000000
    39 0.000000 -1.227020 -0.000002 0.092660 0.000000 0.000000
    40 0.000002 1.227070 0.000032 -0.183923 0.000000 0.000000
    41 -0.367996 -4.208406 0.173244 2.943027 1.091688 2.536231
    42 0.368011 4.208412 -0.173239 2.879169 0.900456 2.104806
    43 0.000000 -2.372318 -0.000004 0.722081 0.000000 0.000000
    44 -0.000006 2.372318 -0.000032 0.181936 0.000000 0.000000
    45 0.000004 -1.580070 -0.000001 0.034255 0.000000 0.000000
    46 -0.000002 1.580170 0.000030 -0.538382 0.000000 0.000000
    47 -0.937645 -3.860697 -0.959317 3.044205 1.001841 2.581100
    48 0.937672 3.860714 0.959333 3.270607 0.780629 2.263819
    49 0.000000 -1.690632 0.000000 0.491549 0.000000 0.000000
    50 -0.000013 1.690666 0.000021 1.172664 0.000000 0.000000
    51 -0.000002 -1.423443 0.000002 0.234212 0.000000 0.000000
    52 0.000008 1.423420 0.000028 0.752056 0.000000 0.000000
    53 -1.546646 -3.404194 -1.915569 3.024293 0.944156 2.514436
    54 1.546661 3.404217 1.915585 3.923515 0.539444 2.257835
    55 0.000004 -1.437820 0.000000 0.424958 0.000000 0.000000
    56 -0.000021 1.437870 0.000031 1.098618 0.000000 0.000000
    57 -0.000002 -1.059402 0.000000 0.322075 0.000000 0.000000
    58 0.000006 1.059372 0.000008 0.922001 0.000000 0.000000
    59 -0.000004 -13.013485 -0.000004 0.010936 -0.284123 -0.076426
    60 0.161133 -10.812500 0.023087 0.010936 -0.284123 -0.076426
  time 23
    0 0.000000 0.826660 0.000001 -1.559900 -0.000006 -0.000006
    1 -7.059201 7.545358 -8.025539 -0.870200 0.157246 0.685624
    2 0.000000 14.313023 0.000003 -2.116803 0.000000 0.000000
    3 -0.000011 13.013483 -0.000005 1.125474 1.155876 1.218903
    4 8.652996 -22.135220 3.978737 2.947657 0.312156 -0.581899
    5 0.000000 -14.313034 0.000000 -0.487806 0.000000 0.000000
    6 -0.000004 -13.013485 -0.000004 0.000000 0.000000 0.000000
    7 -1.330879 -2.698427 0.462449 -0.194886 -0.547260 3.056712
    8 1.330910 2.698444 -0.462436 0.194890 0.547268 -0.084879
    9 2.095006 4.554650 -1.950123 -1.341547 0.902146 0.477669
    10 3.556210 4.238403 0.987502 -1.090396 0.577049 -0.321829
    11 4.139183 5.092691 1.421975 -1.090396 0.577049 -0.321829
    12 4.777527 6.028128 1.897721 -1.090396 0.577049 -0.321829
    13 5.490345 7.072691 2.428969 -1.090396 0.577049 -0.321829
    14 6.566406 8.640625 3.232422 -1.090396 0.577049 -0.321829
    15 7.558525 6.997282 -2.354134 -1.937336 -0.275393 3.010581
    16 7.558525 6.997282 -2.354134 1.937336 0.275393 -0.131011
    17 -2.867767 -2.740969 0.531125 2.051196 0.577049 -0.321829
    18 3.097481 4.392489 -1.368652 -1.748336 0.647986 -2.952702
    19 -1.733787 3.487199 -5.090082 0.298780 0.550444 -1.970187
    20 -1.967245 2.935198 -5.456411 -0.606872 0.130416 2.394729
    21 -7.075167 7.741850 -6.336170 -0.091860 -0.612835 0.797535
    22 6.946648 6.587124 1.429667 -1.090396 0.577049 -0.321829
    23 7.537933 7.453606 1.870349 -1.090396 0.577049 -0.321829
    24 8.154472 8.357077 2.329839 -1.090396 0.577049 -0.321829
    25 8.874294 9.411907 2.866308 -1.090396 0.577049 -0.321829
    26 -4.125858 -2.321501 1.394414 2.051196 0.577049 -0.321829
    27 -4.826813 -3.348669 0.872014 2.051196 0.577049 -0.321829
    28 -5.441669 -4.249685 0.413772 2.051196 0.577049 -0.321829
    29 -0.552532 -1.343527 1.604446 -0.415180 0.312114 -0.422073
    30 0.552589 1.343534 -1.604463 -1.047073 0.405291 -0.413378
    31 0.000000 -2.021618 -0.000004 0.186809 0.000000 0.000000
    32 -0.000021 2.021633 0.000027 -0.053776 0.000000 0.000000
    33 -0.000004 -1.136217 -0.000004 -0.210111 0.000000 0.000000
    34 -0.000011 1.136200 -0.000019 -0.739179 0.000000 0.000000
    35 -0.032677 -4.587727 1.352317 2.844703 1.216154 2.484990
    36 0.032719 4.587772 -1.352291 2.883248 1.070926 2.217441
    37 0.000000 -1.754536 -0.000002 0.662896 0.000000 0.000000
    38 -0.000006 1.754520 -0.000034 0.580850 0.000000 0.000000
    39 0.000000 -1.227020 -0.000002 0.092660 0.000000 0.000000
    40 0.000002 1.227070 0.000032 -0.133732 0.000000 0.000000
    41 -0.367996 -4.208406 0.173244 2.943027 1.091688 2.536231
    42 0.368011 4.208412 -0.173239 3.017932 1.123438 2.184914
    43 0.000000 -2.372318 -0.000004 0.722081 0.000000 0.000000
    44 -0.000006 2.372318 -0.000032 0.343470 0.000000 0.000000
    45 0.000004 -1.580070 -0.000001 0.034255 0.000000 0.000000
    46 -0.000002 1.580170 0.000030 -0.588330 0.000000 0.000000
    47 -0.937645 -3.860697 -0.959317 3.044205 1.001841 2.581100
    48 0.937672 3.860714 0.959333 3.446192 0.777545 2.352276
    49 0.000000 -1.690632 0.000000 0.491549 0.000000 0.000000
    50 -0.000013 1.690666 0.000021 1.172464 0.000000 0.000000
    51 -0.000002 -1.423443 0.000002 0.234212 0.000000 0.000000
    52 0.000008 1.423420 0.000028 0.751543 0.000000 0.000000
    53 -1.546646 -3.404194 -1.915569 3.024293 0.944156 2.514436
    54 1.546661 3.404217 1.915585 3.923515 0.539444 2.257835
    55 0.000004 -1.437820 0.000000 0.424958 0.000000 0.000000
    56 -0.000021 1.437870 0.000031 1.098618 0.000000 0.000000
    57 -0.000002 -1.059402 0.000000 0.322075 0.000000 0.000000
    58 0.000006 1.059372 0.000008 0.922001 0.000000 0.000000
    59 -0.000004 -13.013485 -0.000004 0.010936 -0.284123 -0.076426
    60 0.161133 -10.812500 0.023087 0.010936 -0.284123 -0.076426
  time 24
    0 0.000000 0.826660 0.000001 -1.559900 -0.000006 -0.000006
    1 -7.059201 7.545358 -8.025539 -0.864395 0.105456 0.683333
    2 0.000000 14.313023 0.000003 -2.156578 0.000000 0.000000
    3 -0.000011 13.013483 -0.000005 1.176784 1.134509 1.370834
    4 8.652996 -22.135220 3.978737 2.947657 0.312156 -0.581899
    5 0.000000 -14.313034 0.000000 -0.487806 0.000000 0.000000
    6 -0.000004 -13.013485 -0.000004 0.000000 0.000000 0.000000
    7 -1.330879 -2.698427 0.462449 -0.194886 -0.547260 3.056712
    8 1.330910 2.698444 -0.462436 0.194890 0.547268 -0.084879
    9 2.125917 4.652804 -1.647054 -1.579192 0.864679 0.246524
    10 3.556210 4.238403 0.987502 -1.090396 0.577049 -0.321829
    11 4.139183 5.092691 1.421975 -1.090396 0.577049 -0.321829
    12 4.777527 6.028128 1.897721 -1.090396 0.577049 -0.321829
    13 5.490345 7.072691 2.428969 -1.090396 0.577049 -0.321829
    14 6.566406 8.640625 3.232422 -1.090396 0.577049 -0.321829
    15 7.558525 6.997282 -2.354134 -1.937336 -0.275393 3.010581
    16 7.558525 6.997282 -2.354134 1.937336 0.275393 -0.131011
    17 -2.867767 -2.740969 0.531125 2.051196 0.577049 -0.321829
    18 3.054511 4.556557 -0.958484 -1.563424 0.705955 -2.883864
    19 -1.483780 3.381727 -4.961172 0.447391 0.465442 -1.945068
    20 -1.713331 2.798475 -5.272812 -0.496601 0.411999 2.584530
    21 -7.192358 6.273055 -8.078410 -0.416626 -0.492659 1.129528
    22 6.946648 6.587124 1.429667 -1.090396 0.577049 -0.321829
    23 7.537933 7.453606 1.870349 -1.090396 0.577049 -0.321829
    24 8.154472 8.357077 2.329839 -1.090396 0.577049 -0.321829
    25 8.874294 9.411907 2.866308 -1.090396 0.577049 -0.321829
    26 -4.125858 -2.321501 1.394414 2.051196 0.577049 -0.321829
    27 -4.826813 -3.348669 0.872014 2.051196 0.577049 -0.321829
    28 -5.441669 -4.249685 0.413772 2.051196 0.577049 -0.321829
    29 -0.552532 -1.343527 1.604446 -0.415180 0.312114 -0.422073
    30 0.552589 1.343534 -1.604463 -1.047726 0.355491 -0.391816
    31 0.000000 -2.021618 -0.000004 0.186809 0.000000 0.000000
    32 -0.000021 2.021633 0.000027 -0.053776 0.000000 0.000000
    33 -0.000004 -1.136217 -0.000004 -0.210111 0.000000 0.000000
    34 -0.000011 1.136200 -0.000019 -0.739179 0.000000 0.000000
    35 -0.032677 -4.587727 1.352317 2.844703 1.216154 2.484990
    36 0.032719 4.587772 -1.352291 2.999925 1.172099 2.119385
    37 0.000000 -1.754536 -0.000002 0.662896 0.000000 0.000000
    38 -0.000006 1.754520 -0.000034 0.788708 0.000000 0.000000
    39 0.000000 -1.227020 -0.000002 0.092660 0.000000 0.000000
    40 0.000002 1.227070 0.000032 -0.070827 0.000000 0.000000
    41 -0.367996 -4.208406 0.173244 2.943027 1.091688 2.536231
    42 0.368011 4.208412 -0.173239 3.119691 1.221986 2.270131
    43 0.000000 -2.372318 -0.000004 0.722081 0.000000 0.000000
    44 -0.000006 2.372318 -0.000032 0.549842 0.000000 0.000000
    45 0.000004 -1.580070 -0.000001 0.034255 0.000000 0.000000
    46 -0.000002 1.580170 0.000030 -0.607501 0.000000 0.000000
    47 -0.937645 -3.860697 -0.959317 3.044205 1.001841 2.581100
    48 0.937672 3.860714 0.959333 3.602360 0.767798 2.353773
    49 0.000000 -1.690632 0.000000 0.491549 0.000000 0.000000
    50 -0.000013 1.690666 0.000021 1.280225 0.000000 0.000000
    51 -0.000002 -1.423443 0.000002 0.234212 0.000000 0.000000
    52 0.000008 1.423420 0.000028 0.859384 0.000000 0.000000
    53 -1.546646 -3.404194 -1.915569 3.024293 0.944156 2.514436
    54 1.546661 3.404217 1.915585 3.977138 0.539444 2.257835
    55 0.000004 -1.437820 0.000000 0.424958 0.000000 0.000000
    56 -0.000021 1.437870 0.000031 1.152271 0.000000 0.000000
    57 -0.000002 -1.059402 0.000000 0.322075 0.000000 0.000000
    58 0.000006 1.059372 0.000008 0.975672 0.000000 0.000000
    59 -0.000004 -13.013485 -0.000004 0.010936 -0.284123 -0.076426
    60 0.161133 -10.812500 0.023087 0.010936 -0.284123 -0.076426
  time 25
    0 0.000000 0.826660 0.000001 -1.559900 -0.000006 -0.000006
    1 -7.059201 7.545358 -8.025539 -0.871767 0.012415 0.679132
    2 0.000000 14.313023 0.000003 -2.181323 0.000000 0.000000
    3 -0.000011 13.013483 -0.000005 1.190257 1.098521 1.482506
    4 8.652996 -22.135220 3.978737 2.947657 0.312156 -0.581899
    5 0.000000 -14.313034 0.000000 -0.487806 0.000000 0.000000
    6 -0.000004 -13.013485 -0.000004 0.000000 0.000000 0.000000
    7 -1.330879 -2.698427 0.462449 -0.194886 -0.547260 3.056712
    8 1.330910 2.698444 -0.462436 0.194890 0.547268 -0.084879
    9 2.156827 4.505573 -1.546032 -1.724212 0.798781 0.049914
    10 3.556210 4.238403 0.987502 -1.090396 0.577049 -0.321829
    11 4.139183 5.092691 1.421975 -1.090396 0.577049 -0.321829
    12 4.777527 6.028128 1.897721 -1.090396 0.577049 -0.321829
    13 5.490345 7.072691 2.428969 -1.090396 0.577049 -0.321829
    14 6.566406 8.640625 3.232422 -1.090396 0.577049 -0.321829
    15 7.558525 6.997282 -2.354134 -1.937336 -0.275393 3.010581
    16 7.558525 6.997282 -2.354134 1.937336 0.275393 -0.131011
    17 -2.867767 -2.740969 0.531125 2.051196 0.577049 -0.321829
    18 2.988103 4.384676 -0.763165 -1.422933 0.760547 -2.878687
    19 -1.327525 3.241098 -5.019767 0.565463 0.415587 -1.983801
    20 -1.580515 2.657846 -5.300157 -0.255174 0.646230 -3.396806
    21 -7.032197 4.151897 -9.539392 -0.644154 -0.261390 1.392496
    22 6.946648 6.587124 1.429667 -1.090396 0.577049 -0.321829
    23 7.537933 7.453606 1.870349 -1.090396 0.577049 -0.321829
    24 8.154472 8.357077 2.329839 -1.090396 0.577049 -0.321829
    25 8.874294 9.411907 2.866308 -1.090396 0.577049 -0.321829
    26 -4.125858 -2.321501 1.394414 2.051196 0.577049 -0.321829
    27 -4.826813 -3.348669 0.872014 2.051196 0.577049 -0.321829
    28 -5.441669 -4.249685 0.413772 2.051196 0.577049 -0.321829
    29 -0.552532 -1.343527 1.604446 -0.415180 0.312114 -0.422073
    30 0.552589 1.343534 -1.604463 -1.038998 0.245225 -0.346842
    31 0.000000 -2.021618 -0.000004 0.186809 0.000000 0.000000
    32 -0.000021 2.021633 0.000027 -0.053776 0.000000 0.000000
    33 -0.000004 -1.136217 -0.000004 -0.210111 0.000000 0.000000
    34 -0.000011 1.136200 -0.000019 -0.739179 0.000000 0.000000
    35 -0.032677 -4.587727 1.352317 2.844703 1.216154 2.484990
    36 0.032719 4.587772 -1.352291 3.983174 1.401427 2.971553
    37 0.000000 -1.754536 -0.000002 0.662896 0.000000 0.000000
    38 -0.000006 1.754520 -0.000034 1.016295 0.000000 0.000000
    39 0.000000 -1.227020 -0.000002 0.092660 0.000000 0.000000
    40 0.000002 1.227070 0.000032 0.927931 0.000000 0.000000
    41 -0.367996 -4.208406 0.173244 2.943027 1.091688 2.536231
    42 0.368011 4.208412 -0.173239 3.123284 1.202330 2.311617
    43 0.000000 -2.372318 -0.000004 0.722081 0.000000 0.000000
    44 -0.000006 2.372318 -0.000032 1.018740 0.000000 0.000000
    45 0.000004 -1.580070 -0.000001 0.034255 0.000000 0.000000
    46 -0.000002 1.580170 0.000030 -0.146650 0.000000 0.000000
    47 -0.937645 -3.860697 -0.959317 3.044205 1.001841 2.581100
    48 0.937672 3.860714 0.959333 3.778223 0.762216 2.351331
    49 0.000000 -1.690632 0.000000 0.491549 0.000000 0.000000
    50 -0.000013 1.690666 0.000021 1.480723 0.000000 0.000000
    51 -0.000002 -1.423443 0.000002 0.234212 0.000000 0.000000
    52 0.000008 1.423420 0.000028 1.059724 0.000000 0.000000
    53 -1.546646 -3.404194 -1.915569 3.024293 0.944156 2.514436
    54 1.546661 3.404217 1.915585 4.077000 0.539444 2.257835
    55 0.000004 -1.437820 0.000000 0.424958 0.000000 0.000000
    56 -0.000021 1.437870 0.000031 1.252097 0.000000 0.000000
    57 -0.000002 -1.059402 0.000000 0.322075 0.000000 0.000000
    58 0.000006 1.059372 0.000008 1.075492 0.000000 0.000000
    59 -0.000004 -13.013485 -0.000004 0.010936 -0.284123 -0.076426
    60 0.161133 -10.812500 0.023087 0.010936 -0.284123 -0.076426
  time 26
    0 0.000000 0.826660 0.000001 -1.559900 -0.000006 -0.000006
    1 -7.059201 7.545358 -8.025539 -0.887063 -0.096268 0.674167
    2 0.000000 14.313023 0.000003 -2.186271 0.000000 0.000000
    3 -0.000011 13.013483 -0.000005 1.126239 1.079890 1.498227
    4 8.652996 -22.135220 3.978737 2.947657 0.312156 -0.581899
    5 0.000000 -14.313034 0.000000 -0.487806 0.000000 0.000000
    6 -0.000004 -13.013485 -0.000004 0.000000 0.000000 0.000000
    7 -1.330879 -2.698427 0.462449 -0.194886 -0.547260 3.056712
    8 1.330910 2.698444 -0.462436 0.194890 0.547268 -0.084879
    9 2.002274 4.554650 -1.495520 -1.772583 0.694160 0.058429
    10 3.556210 4.238403 0.987502 -1.090396 0.577049 -0.321829
    11 4.139183 5.092691 1.421975 -1.090396 0.577049 -0.321829
    12 4.777527 6.028128 1.897721 -1.090396 0.577049 -0.321829
    13 5.490345 7.072691 2.428969 -1.090396 0.577049 -0.321829
    14 6.566406 8.640625 3.232422 -1.090396 0.577049 -0.321829
    15 7.558525 6.997282 -2.354134 -1.937336 -0.275393 3.010581
    16 7.558525 6.997282 -2.354134 1.937336 0.275393 -0.131011
    17 -2.867767 -2.740969 0.531125 2.051196 0.577049 -0.321829
    18 2.749815 4.490148 -0.661600 -1.334377 0.852459 -2.773418
    19 -1.038454 3.049686 -5.304932 0.685717 0.426022 -1.893297
    20 -1.236754 2.439089 -5.589228 0.452724 0.657804 -2.329604
    21 -5.118076 -1.559215 -9.937842 -0.734112 0.289884 2.017273
    22 6.946648 6.587124 1.429667 -1.090396 0.577049 -0.321829
    23 7.537933 7.453606 1.870349 -1.090396 0.577049 -0.321829
    24 8.154472 8.357077 2.329839 -1.090396 0.577049 -0.321829
    25 8.874294 9.411907 2.866308 -1.090396 0.577049 -0.321829
    26 -4.125858 -2.321501 1.394414 2.051196 0.577049 -0.321829
    27 -4.826813 -3.348669 0.872014 2.051196 0.577049 -0.321829
    28 -5.441669 -4.249685 0.413772 2.051196 0.577049 -0.321829
    29 -0.552532 -1.343527 1.604446 -0.415180 0.312114 -0.422073
    30 0.552589 1.343534 -1.604463 -1.033118 0.134958 -0.304433
    31 0.000000 -2.021618 -0.000004 0.186809 0.000000 0.000000
    32 -0.000021 2.021633 0.000027 -0.053776 0.000000 0.000000
    33 -0.000004 -1.136217 -0.000004 -0.210111 0.000000 0.000000
    34 -0.000011 1.136200 -0.000019 -0.739179 0.000000 0.000000
    35 -0.032677 -4.587727 1.352317 2.844703 1.216154 2.484990
    36 0.032719 4.587772 -1.352291 4.650336 1.252266 3.790277
    37 0.000000 -1.754536 -0.000002 0.662896 0.000000 0.000000
    38 -0.000006 1.754520 -0.000034 1.016295 0.000000 0.000000
    39 0.000000 -1.227020 -0.000002 0.092660 0.000000 0.000000
    40 0.000002 1.227070 0.000032 1.318208 0.000000 0.000000
    41 -0.367996 -4.208406 0.173244 2.943027 1.091688 2.536231
    42 0.368011 4.208412 -0.173239 3.138103 1.153989 2.364868
    43 0.000000 -2.372318 -0.000004 0.722081 0.000000 0.000000
    44 -0.000006 2.372318 -0.000032 1.386163 0.000000 0.000000
    45 0.000004 -1.580070 -0.000001 0.034255 0.000000 0.000000
    46 -0.000002 1.580170 0.000030 0.447946 0.000000 0.000000
    47 -0.937645 -3.860697 -0.959317 3.044205 1.001841 2.581100
    48 0.937672 3.860714 0.959333 3.862949 0.754566 2.351882
    49 0.000000 -1.690632 0.000000 0.491549 0.000000 0.000000
    50 -0.000013 1.690666 0.000021 1.588233 0.000000 0.000000
    51 -0.000002 -1.423443 0.000002 0.234212 0.000000 0.000000
    52 0.000008 1.423420 0.000028 1.167271 0.000000 0.000000
    53 -1.546646 -3.404194 -1.915569 3.024293 0.944156 2.514436
    54 1.546661 3.404217 1.915585 4.130531 0.539444 2.257835
    55 0.000004 -1.437820 0.000000 0.424958 0.000000 0.000000
    56 -0.000021 1.437870 0.000031 1.305643 0.000000 0.000000
    57 -0.000002 -1.059402 0.000000 0.322075 0.000000 0.000000
    58 0.000006 1.059372 0.000008 1.128986 0.000000 0.000000
    59 -0.000004 -13.013485 -0.000004 0.010936 -0.284123 -0.076426
    60 0.161133 -10.812500 0.023087 0.010936 -0.284123 -0.076426
  time 27
    0 0.000000 0.826660 0.000001 -1.559900 -0.000006 -0.000006
    1 -7.059201 7.545358 -8.025539 -0.904018 -0.194316 0.669661
    2 0.000000 14.313023 0.000003 -2.175579 0.000000 0.000000
    3 -0.000011 13.013483 -0.000005 0.958263 1.081588 1.371410
    4 8.652996 -22.135220 3.978737 2.947657 0.312156 -0.581899
    5 0.000000 -14.313034 0.000000 -0.487806 0.000000 0.000000
    6 -0.000004 -13.013485 -0.000004 0.000000 0.000000 0.000000
    7 -1.330879 -2.698427 0.462449 -0.194886 -0.547260 3.056712
    8 1.330910 2.698444 -0.462436 0.194890 0.547268 -0.084879
    9 1.878631 4.456495 -2.354214 -1.669709 0.651357 0.250687
    10 3.556210 4.238403 0.987502 -1.090396 0.577049 -0.321829
    11 4.139183 5.092691 1.421975 -1.090396 0.577049 -0.321829
    12 4.777527 6.028128 1.897721 -1.090396 0.577049 -0.321829
    13 5.490345 7.072691 2.428969 -1.090396 0.577049 -0.321829
    14 6.566406 8.640625 3.232422 -1.090396 0.577049 -0.321829
    15 7.558525 6.997282 -2.354134 -1.937336 -0.275393 3.010581
    16 7.558525 6.997282 -2.354134 1.937336 0.275393 -0.131011
    17 -2.867767 -2.740969 0.531125 2.051196 0.577049 -0.321829
    18 2.620904 4.415927 -1.489750 -1.441767 0.912935 -2.728261
    19 -0.831416 2.916869 -6.367464 0.693778 0.516822 -1.761470
    20 -0.943776 2.329711 -6.706450 0.804325 0.017846 -1.254829
    21 1.206336 -4.410864 -6.886968 -0.124816 0.796965 -2.982189
    22 6.946648 6.587124 1.429667 -1.090396 0.577049 -0.321829
    23 7.537933 7.453606 1.870349 -1.090396 0.577049 -0.321829
    24 8.154472 8.357077 2.329839 -1.090396 0.577049 -0.321829
    25 8.874294 9.411907 2.866308 -1.090396 0.577049 -0.321829
    26 -4.125858 -2.321501 1.394414 2.051196 0.577049 -0.321829
    27 -4.826813 -3.348669 0.872014 2.051196 0.577049 -0.321829
    28 -5.441669 -4.249685 0.413772 2.051196 0.577049 -0.321829
    29 -0.552532 -1.343527 1.604446 -0.415180 0.312114 -0.422073
    30 0.552589 1.343534 -1.604463 -1.031603 0.084682 -0.285544
    31 0.000000 -2.021618 -0.000004 0.186809 0.000000 0.000000
    32 -0.000021 2.021633 0.000027 -0.053776 0.000000 0.000000
    33 -0.000004 -1.136217 -0.000004 -0.210111 0.000000 0.000000
    34 -0.000011 1.136200 -0.000019 -0.739179 0.000000 0.000000
    35 -0.032677 -4.587727 1.352317 2.844703 1.216154 2.484990
    36 0.032719 4.587772 -1.352291 4.098202 1.233115 3.192235
    37 0.000000 -1.754536 -0.000002 0.662896 0.000000 0.000000
    38 -0.000006 1.754520 -0.000034 0.927537 0.000000 0.000000
    39 0.000000 -1.227020 -0.000002 0.092660 0.000000 0.000000
    40 0.000002 1.227070 0.000032 1.318208 0.000000 0.000000
    41 -0.367996 -4.208406 0.173244 2.943027 1.091688 2.536231
    42 0.368011 4.208412 -0.173239 3.276237 1.078096 2.425782
    43 0.000000 -2.372318 -0.000004 0.722081 0.000000 0.000000
    44 -0.000006 2.372318 -0.000032 1.394411 0.000000 0.000000
    45 0.000004 -1.580070 -0.000001 0.034255 0.000000 0.000000
    46 -0.000002 1.580170 0.000030 0.650525 0.000000 0.000000
    47 -0.937645 -3.860697 -0.959317 3.044205 1.001841 2.581100
    48 0.937672 3.860714 0.959333 3.847063 0.738528 2.359129
    49 0.000000 -1.690632 0.000000 0.491549 0.000000 0.000000
    50 -0.000013 1.690666 0.000021 1.565850 0.000000 0.000000
    51 -0.000002 -1.423443 0.000002 0.234212 0.000000 0.000000
    52 0.000008 1.423420 0.000028 1.147010 0.000000 0.000000
    53 -1.546646 -3.404194 -1.915569 3.024293 0.944156 2.514436
    54 1.546661 3.404217 1.915585 4.096751 0.539444 2.257835
    55 0.000004 -1.437820 0.000000 0.424958 0.000000 0.000000
    56 -0.000021 1.437870 0.000031 1.271121 0.000000 0.000000
    57 -0.000002 -1.059402 0.000000 0.322075 0.000000 0.000000
    58 0.000006 1.059372 0.000008 1.093916 0.000000 0.000000
    59 -0.000004 -13.013485 -0.000004 0.010936 -0.284123 -0.076426
    60 0.161133 -10.812500 0.023087 0.010936 -0.284123 -0.076426
  time 28
    0 0.000000 0.826660 0.000001 -1.559900 -0.000006 -0.000006
    1 -7.059201 7.545358 -8.025539 -0.916642 -0.256598 0.666758
    2 0.000000 14.313023 0.000003 -2.161649 0.000000 0.000000
    3 -0.000011 13.013483 -0.000005 0.335091 0.843064 0.499026
    4 8.652996 -22.135220 3.978737 2.947657 0.312156 -0.581899
    5 0.000000 -14.313034 0.000000 -0.487806 0.000000 0.000000
    6 -0.000004 -13.013485 -0.000004 0.000000 0.000000 0.000000
    7 -1.330879 -2.698427 0.462449 -0.194886 -0.547260 3.056712
    8 1.330910 2.698444 -0.462436 0.194890 0.547268 -0.084879
    9 2.218649 4.603727 -2.051145 -1.398731 0.590794 0.068553
    10 3.556210 4.238403 0.987502 -1.090396 0.577049 -0.321829
    11 4.139183 5.092691 1.421975 -1.090396 0.577049 -0.321829
    12 4.777527 6.028128 1.897721 -1.090396 0.577049 -0.321829
    13 5.490345 7.072691 2.428969 -1.090396 0.577049 -0.321829
    14 6.566406 8.640625 3.232422 -1.090396 0.577049 -0.321829
    15 7.558525 6.997282 -2.354134 -1.937336 -0.275393 3.010581
    16 7.558525 6.997282 -2.354134 1.937336 0.275393 -0.131011
    17 -2.867767 -2.740969 0.531125 2.051196 0.577049 -0.321829
    18 2.847474 4.111231 -1.243649 -1.820436 0.958319 -3.374930
    19 -0.597034 4.936462 -6.285431 0.616865 0.736559 -2.147458
    20 -0.869555 4.521184 -6.745513 0.777213 -0.406168 -1.005690
    21 2.573565 -1.004510 -4.000161 0.471834 0.743631 -2.310915
    22 6.946648 6.587124 1.429667 -1.090396 0.577049 -0.321829
    23 7.537933 7.453606 1.870349 -1.090396 0.577049 -0.321829
    24 8.154472 8.357077 2.329839 -1.090396 0.577049 -0.321829
    25 8.874294 9.411907 2.866308 -1.090396 0.577049 -0.321829
    26 -4.125858 -2.321501 1.394414 2.051196 0.577049 -0.321829
    27 -4.826813 -3.348669 0.872014 2.051196 0.577049 -0.321829
    28 -5.441669 -4.249685 0.413772 2.051196 0.577049 -0.321829
    29 -0.552532 -1.343527 1.604446 -0.415180 0.312114 -0.422073
    30 0.552589 1.343534 -1.604463 -0.636020 0.109265 -0.264133
    31 0.000000 -2.021618 -0.000004 0.186809 0.000000 0.000000
    32 -0.000021 2.021633 0.000027 -0.053776 0.000000 0.000000
    33 -0.000004 -1.136217 -0.000004 -0.210111 0.000000 0.000000
    34 -0.000011 1.136200 -0.000019 -0.739179 0.000000 0.000000
    35 -0.032677 -4.587727 1.352317 2.844703 1.216154 2.484990
    36 0.032719 4.587772 -1.352291 3.563779 1.133909 2.608223
    37 0.000000 -1.754536 -0.000002 0.662896 0.000000 0.000000
    38 -0.000006 1.754520 -0.000034 0.839006 0.000000 0.000000
    39 0.000000 -1.227020 -0.000002 0.092660 0.000000 0.000000
    40 0.000002 1.227070 0.000032 1.318474 0.000000 0.000000
    41 -0.367996 -4.208406 0.173244 2.943027 1.091688 2.536231
    42 0.368011 4.208412 -0.173239 3.473109 0.992341 2.474311
    43 0.000000 -2.372318 -0.000004 0.722081 0.000000 0.000000
    44 -0.000006 2.372318 -0.000032 1.403360 0.000000 0.000000
    45 0.000004 -1.580070 -0.000001 0.034255 0.000000 0.000000
    46 -0.000002 1.580170 0.000030 0.740068 0.000000 0.000000
    47 -0.937645 -3.860697 -0.959317 3.044205 1.001841 2.581100
    48 0.937672 3.860714 0.959333 3.802842 0.720576 2.370314
    49 0.000000 -1.690632 0.000000 0.491549 0.000000 0.000000
    50 -0.000013 1.690666 0.000021 1.512771 0.000000 0.000000
    51 -0.000002 -1.423443 0.000002 0.234212 0.000000 0.000000
    52 0.000008 1.423420 0.000028 1.096062 0.000000 0.000000
    53 -1.546646 -3.404194 -1.915569 3.024293 0.944156 2.514436
    54 1.546661 3.404217 1.915585 4.016824 0.539444 2.257835
    55 0.000004 -1.437820 0.000000 0.424958 0.000000 0.000000
    56 -0.000021 1.437870 0.000031 1.190374 0.000000 0.000000
    57 -0.000002 -1.059402 0.000000 0.322075 0.000000 0.000000
    58 0.000006 1.059372 0.000008 1.012638 0.000000 0.000000
    59 -0.000004 -13.013485 -0.000004 0.010936 -0.284123 -0.076426
    60 0.161133 -10.812500 0.023087 0.010936 -0.284123 -0.076426
  time 29
    0 0.000000 0.826660 0.000001 -1.559900 -0.000006 -0.000006
    1 -7.059201 7.545358 -8.025539 -0.922079 -0.268043 0.666224
    2 0.000000 14.313023 0.000003 -2.157678 0.000000 0.000000
    3 -0.000011 13.013483 -0.000005 0.219477 0.209752 -0.235614
    4 8.652996 -22.135220 3.978737 2.947657 0.312156 -0.581899
    5 0.000000 -14.313034 0.000000 -0.487806 0.000000 0.000000
    6 -0.000004 -13.013485 -0.000004 0.000000 0.000000 0.000000
    7 -1.330879 -2.698427 0.462449 -0.194886 -0.547260 3.056712
    8 1.330910 2.698444 -0.462436 0.194890 0.547268 -0.084879
    9 2.249560 2.738795 -0.232736 -0.892024 0.825203 -0.617502
    10 3.556210 4.238403 0.987502 -1.090396 0.577049 -0.321829
    11 4.139183 5.092691 1.421975 -1.090396 0.577049 -0.321829
    12 4.777527 6.028128 1.897721 -1.090396 0.577049 -0.321829
    13 5.490345 7.072691 2.428969 -1.090396 0.577049 -0.321829
    14 6.566406 8.640625 3.232422 -1.090396 0.577049 -0.321829
    15 7.558525 6.997282 -2.354134 -1.937336 -0.275393 3.010581
    16 7.558525 6.997282 -2.354134 1.937336 0.275393 -0.131011
    17 -2.867767 -2.740969 0.531125 2.051196 0.577049 -0.321829
    18 2.050575 1.591622 0.127487 -2.095996 0.556237 1.691808
    19 1.430372 6.788081 -3.117365 -0.049936 0.740830 2.610470
    20 0.993783 7.044699 -3.577448 0.665505 -0.100802 -1.814072
    21 -0.766380 0.237715 -2.918097 0.369710 -0.574873 -0.990035
    22 6.946648 6.587124 1.429667 -1.090396 0.577049 -0.321829
    23 7.537933 7.453606 1.870349 -1.090396 0.577049 -0.321829
    24 8.154472 8.357077 2.329839 -1.090396 0.577049 -0.321829
    25 8.874294 9.411907 2.866308 -1.090396 0.577049 -0.321829
    26 -4.125858 -2.321501 1.394414 2.051196 0.577049 -0.321829
    27 -4.826813 -3.348669 0.872014 2.051196 0.577049 -0.321829
    28 -5.441669 -4.249685 0.413772 2.051196 0.577049 -0.321829
    29 -0.552532 -1.343527 1.604446 -0.415180 0.312114 -0.422073
    30 0.552589 1.343534 -1.604463 -0.164576 0.163149 -0.253808
    31 0.000000 -2.021618 -0.000004 0.186809 0.000000 0.000000
    32 -0.000021 2.021633 0.000027 -0.053776 0.000000 0.000000
    33 -0.000004 -1.136217 -0.000004 -0.210111 0.000000 0.000000
    34 -0.000011 1.136200 -0.000019 -0.739179 0.000000 0.000000
    35 -0.032677 -4.587727 1.352317 2.844703 1.216154 2.484990
    36 0.032719 4.587772 -1.352291 3.387721 1.079091 2.360770
    37 0.000000 -1.754536 -0.000002 0.662896 0.000000 0.000000
    38 -0.000006 1.754520 -0.000034 0.914112 0.000000 0.000000
    39 0.000000 -1.227020 -0.000002 0.092660 0.000000 0.000000
    40 0.000002 1.227070 0.000032 1.419188 0.000000 0.000000
    41 -0.367996 -4.208406 0.173244 2.943027 1.091688 2.536231
    42 0.368011 4.208412 -0.173239 3.571456 0.951629 2.492655
    43 0.000000 -2.372318 -0.000004 0.722081 0.000000 0.000000
    44 -0.000006 2.372318 -0.000032 1.698396 0.000000 0.000000
    45 0.000004 -1.580070 -0.000001 0.034255 0.000000 0.000000
    46 -0.000002 1.580170 0.000030 0.760263 0.000000 0.000000
    47 -0.937645 -3.860697 -0.959317 3.044205 1.001841 2.581100
    48 0.937672 3.860714 0.959333 3.745893 0.713729 2.383547
    49 0.000000 -1.690632 0.000000 0.491549 0.000000 0.000000
    50 -0.000013 1.690666 0.000021 1.450679 0.000000 0.000000
    51 -0.000002 -1.423443 0.000002 0.234212 0.000000 0.000000
    52 0.000008 1.423420 0.000028 1.029845 0.000000 0.000000
    53 -1.546646 -3.404194 -1.915569 3.024293 0.944156 2.514436
    54 1.546661 3.404217 1.915585 3.923515 0.539444 2.257835
    55 0.000004 -1.437820 0.000000 0.424958 0.000000 0.000000
    56 -0.000021 1.437870 0.000031 1.098618 0.000000 0.000000
    57 -0.000002 -1.059402 0.000000 0.322075 0.000000 0.000000
    58 0.000006 1.059372 0.000008 0.922001 0.000000 0.000000
    59 -0.000004 -13.013485 -0.000004 0.010936 -0.284123 -0.076426
    60 0.161133 -10.812500 0.023087 0.010936 -0.284123 -0.076426
  time 30
    0 0.000000 0.826660 0.000001 -1.559900 -0.000006 -0.000006
    1 -7.059201 7.545358 -8.025539 -0.916458 -0.224503 0.668210
    2 0.000000 14.313023 0.000003 -2.169225 0.000000 0.000000
    3 -0.000011 13.013483 -0.000005 0.351717 -0.069430 -0.643384
    4 8.652996 -22.135220 3.978737 2.947657 0.312156 -0.581899
    5 0.000000 -14.313034 0.000000 -0.487806 0.000000 0.000000
    6 -0.000004 -13.013485 -0.000004 0.000000 0.000000 0.000000
    7 -1.330879 -2.698427 0.462449 -0.194886 -0.547260 3.056712
    8 1.330910 2.698444 -0.462436 0.194890 0.547268 -0.084879
    9 2.651400 2.395255 -0.131713 -0.369224 0.573158 0.131756
    10 3.556210 4.238403 0.987502 -1.090396 0.577049 -0.321829
    11 4.139183 5.092691 1.421975 -1.090396 0.577049 -0.321829
    12 4.777527 6.028128 1.897721 -1.090396 0.577049 -0.321829
    13 5.490345 7.072691 2.428969 -1.090396 0.577049 -0.321829
    14 6.566406 8.640625 3.232422 -1.090396 0.577049 -0.321829
    15 7.558525 6.997282 -2.354134 -1.937336 -0.275393 3.010581
    16 7.558525 6.997282 -2.354134 1.937336 0.275393 -0.131011
    17 -2.867767 -2.740969 0.531125 2.051196 0.577049 -0.321829
    18 2.831848 1.161922 -0.130333 -2.536208 0.308123 1.909441
    19 0.883480 6.698235 -1.984518 -0.820015 0.746505 2.381332
    20 0.521112 7.044699 -2.448507 0.980414 0.338168 -1.431593
    21 1.393842 0.472097 -4.855656 0.974695 -0.360663 -0.977955
    22 6.946648 6.587124 1.429667 -1.090396 0.577049 -0.321829
    23 7.537933 7.453606 1.870349 -1.090396 0.577049 -0.321829
    24 8.154472 8.357077 2.329839 -1.090396 0.577049 -0.321829
    25 8.874294 9.411907 2.866308 -1.090396 0.577049 -0.321829
    26 -4.125858 -2.321501 1.394414 2.051196 0.577049 -0.321829
    27 -4.826813 -3.348669 0.872014 2.051196 0.577049 -0.321829
    28 -5.441669 -4.249685 0.413772 2.051196 0.577049 -0.321829
    29 -0.552532 -1.343527 1.604446 -0.415180 0.312114 -0.422073
    30 0.552589 1.343534 -1.604463 -0.099770 0.256009 -0.314345
    31 0.000000 -2.021618 -0.000004 0.186809 0.000000 0.000000
    32 -0.000021 2.021633 0.000027 -0.061628 0.000000 0.000000
    33 -0.000004 -1.136217 -0.000004 -0.210111 0.000000 0.000000
    34 -0.000011 1.136200 -0.000019 -0.591483 0.000000 0.000000
    35 -0.032677 -4.587727 1.352317 2.844703 1.216154 2.484990
    36 0.032719 4.587772 -1.352291 3.112609 1.018261 2.180357
    37 0.000000 -1.754536 -0.000002 0.662896 0.000000 0.000000
    38 -0.000006 1.754520 -0.000034 0.798051 0.000000 0.000000
    39 0.000000 -1.227020 -0.000002 0.092660 0.000000 0.000000
    40 0.000002 1.227070 0.000032 1.414529 0.000000 0.000000
    41 -0.367996 -4.208406 0.173244 2.943027 1.091688 2.536231
    42 0.368011 4.208412 -0.173239 3.417155 0.952695 2.407593
    43 0.000000 -2.372318 -0.000004 0.722081 0.000000 0.000000
    44 -0.000006 2.372318 -0.000032 1.677513 0.000000 0.000000
    45 0.000004 -1.580070 -0.000001 0.034255 0.000000 0.000000
    46 -0.000002 1.580170 0.000030 0.745131 0.000000 0.000000
    47 -0.937645 -3.860697 -0.959317 3.044205 1.001841 2.581100
    48 0.937672 3.860714 0.959333 3.666276 0.756263 2.409541
    49 0.000000 -1.690632 0.000000 0.491549 0.000000 0.000000
    50 -0.000013 1.690666 0.000021 1.366954 0.000000 0.000000
    51 -0.000002 -1.423443 0.000002 0.234212 0.000000 0.000000
    52 0.000008 1.423420 0.000028 0.926996 0.000000 0.000000
    53 -1.546646 -3.404194 -1.915569 3.024293 0.944156 2.514436
    54 1.546661 3.404217 1.915585 3.815254 0.583672 2.273182
    55 0.000004 -1.437820 0.000000 0.424958 0.000000 0.000000
    56 -0.000021 1.437870 0.000031 0.979928 0.000000 0.000000
    57 -0.000002 -1.059402 0.000000 0.322075 0.000000 0.000000
    58 0.000006 1.059372 0.000008 0.808259 0.000000 0.000000
    59 -0.000004 -13.013485 -0.000004 0.010936 -0.284123 -0.076426
    60 0.161133 -10.812500 0.023087 0.010936 -0.284123 -0.076426
  time 31
    0 0.000000 0.826660 0.000001 -1.559900 -0.000006 -0.000006
    1 -7.059201 7.545358 -8.025539 -0.871767 -0.133656 0.672487
    2 0.000000 14.313023 0.000003 -2.197880 0.000000 0.000000
    3 -0.000011 13.013483 -0.000005 0.300884 0.068015 -0.716139
    4 8.652996 -22.135220 3.978737 2.947657 0.312156 -0.581899
    5 0.000000 -14.313034 0.000000 -0.487806 0.000000 0.000000
    6 -0.000004 -13.013485 -0.000004 0.000000 0.000000 0.000000
    7 -1.330879 -2.698427 0.462449 -0.194886 -0.547260 3.056712
    8 1.330910 2.698444 -0.462436 0.194890 0.547268 -0.084879
    9 1.044040 1.855406 0.070332 -0.601601 -0.743672 0.337260
    10 3.556210 4.238403 0.987502 -1.090396 0.577049 -0.321829
    11 4.139183 5.092691 1.421975 -1.090396 0.577049 -0.321829
    12 4.777527 6.028128 1.897721 -1.090396 0.577049 -0.321829
    13 5.490345 7.072691 2.428969 -1.090396 0.577049 -0.321829
    14 6.566406 8.640625 3.232422 -1.090396 0.577049 -0.321829
    15 7.558525 6.997282 -2.354134 -1.937336 -0.275393 3.010581
    16 7.558525 6.997282 -2.354134 1.937336 0.275393 -0.131011
    17 -2.867767 -2.740969 0.531125 2.051196 0.577049 -0.321829
    18 1.187267 0.607217 0.248585 -3.981543 0.429565 1.473024
    19 1.723349 6.182594 -2.300934 -2.707847 0.708489 1.102951
    20 1.958656 6.646249 -2.749298 -3.983878 0.203454 -0.801606
    21 6.788538 1.733854 -4.234543 -3.965774 -0.284621 -1.233925
    22 6.946648 6.587124 1.429667 -1.090396 0.577049 -0.321829
    23 7.537933 7.453606 1.870349 -1.090396 0.577049 -0.321829
    24 8.154472 8.357077 2.329839 -1.090396 0.577049 -0.321829
    25 8.874294 9.411907 2.866308 -1.090396 0.577049 -0.321829
    26 -4.125858 -2.321501 1.394414 2.051196 0.577049 -0.321829
    27 -4.826813 -3.348669 0.872014 2.051196 0.577049 -0.321829
    28 -5.441669 -4.249685 0.413772 2.051196 0.577049 -0.321829
    29 -0.552532 -1.343527 1.604446 -0.415180 0.312114 -0.422073
    30 0.552589 1.343534 -1.604463 -0.098855 0.316991 -0.394250
    31 0.000000 -2.021618 -0.000004 0.186809 0.000000 0.000000
    32 -0.000021 2.021633 0.000027 -0.069507 0.000000 0.000000
    33 -0.000004 -1.136217 -0.000004 -0.210111 0.000000 0.000000
    34 -0.000011 1.136200 -0.000019 -0.443972 0.000000 0.000000
    35 -0.032677 -4.587727 1.352317 2.844703 1.216154 2.484990
    36 0.032719 4.587772 -1.352291 2.762230 0.951345 2.033311
    37 0.000000 -1.754536 -0.000002 0.662896 0.000000 0.000000
    38 -0.000006 1.754520 -0.000034 0.582392 0.000000 0.000000
    39 0.000000 -1.227020 -0.000002 0.092660 0.000000 0.000000
    40 0.000002 1.227070 0.000032 1.381579 0.000000 0.000000
    41 -0.367996 -4.208406 0.173244 2.943027 1.091688 2.536231
    42 0.368011 4.208412 -0.173239 3.064006 0.935971 2.202174
    43 0.000000 -2.372318 -0.000004 0.722081 0.000000 0.000000
    44 -0.000006 2.372318 -0.000032 1.628026 0.000000 0.000000
    45 0.000004 -1.580070 -0.000001 0.034255 0.000000 0.000000
    46 -0.000002 1.580170 0.000030 0.701440 0.000000 0.000000
    47 -0.937645 -3.860697 -0.959317 3.044205 1.001841 2.581100
    48 0.937672 3.860714 0.959333 3.588982 0.843026 2.455936
    49 0.000000 -1.690632 0.000000 0.491549 0.000000 0.000000
    50 -0.000013 1.690666 0.000021 1.273865 0.000000 0.000000
    51 -0.000002 -1.423443 0.000002 0.234212 0.000000 0.000000
    52 0.000008 1.423420 0.000028 0.808436 0.000000 0.000000
    53 -1.546646 -3.404194 -1.915569 3.024293 0.944156 2.514436
    54 1.546661 3.404217 1.915585 3.709669 0.665531 2.306562
    55 0.000004 -1.437820 0.000000 0.424958 0.000000 0.000000
    56 -0.000021 1.437870 0.000031 0.849642 0.000000 0.000000
    57 -0.000002 -1.059402 0.000000 0.322075 0.000000 0.000000
    58 0.000006 1.059372 0.000008 0.684566 0.000000 0.000000
    59 -0.000004 -13.013485 -0.000004 0.010936 -0.284123 -0.076426
    60 0.161133 -10.812500 0.023087 0.010936 -0.284123 -0.076426
  time 32
    0 0.000000 0.826660 0.000001 -1.559900 -0.000006 -0.000006
    1 -7.059201 7.545358 -8.025539 -0.817861 -0.046433 0.676382
    2 0.000000 14.313023 0.000003 -2.206556 0.000000 0.000000
    3 -0.000011 13.013483 -0.000005 0.159376 0.285314 -0.735598
    4 8.652996 -22.135220 3.978737 2.947657 0.312156 -0.581899
    5 0.000000 -14.313034 0.000000 -0.487806 0.000000 0.000000
    6 -0.000004 -13.013485 -0.000004 0.000000 0.000000 0.000000
    7 -1.330879 -2.698427 0.462449 -0.194886 -0.547260 3.056712
    8 1.330910 2.698444 -0.462436 0.194890 0.547268 -0.084879
    9 1.013129 2.198946 -0.535804 -2.539254 -1.186382 2.296456
    10 3.556210 4.238403 0.987502 -1.090396 0.577049 -0.321829
    11 4.139183 5.092691 1.421975 -1.090396 0.577049 -0.321829
    12 4.777527 6.028128 1.897721 -1.090396 0.577049 -0.321829
    13 5.490345 7.072691 2.428969 -1.090396 0.577049 -0.321829
    14 6.566406 8.640625 3.232422 -1.090396 0.577049 -0.321829
    15 7.558525 6.997282 -2.354134 -1.937336 -0.275393 3.010581
    16 7.558525 6.997282 -2.354134 1.937336 0.275393 -0.131011
    17 -2.867767 -2.740969 0.531125 2.051196 0.577049 -0.321829
    18 1.038825 0.993948 -0.251431 1.248869 0.214086 1.293164
    19 2.676503 6.780269 -1.558724 -3.604249 0.173272 1.020595
    20 3.029001 7.353302 -1.678952 -3.528329 -0.407384 -0.164620
    21 9.444869 6.362902 1.085932 -3.323044 -0.526546 -0.613366
    22 6.946648 6.587124 1.429667 -1.090396 0.577049 -0.321829
    23 7.537933 7.453606 1.870349 -1.090396 0.577049 -0.321829
    24 8.154472 8.357077 2.329839 -1.090396 0.577049 -0.321829
    25 8.874294 9.411907 2.866308 -1.090396 0.577049 -0.321829
    26 -4.125858 -2.321501 1.394414 2.051196 0.577049 -0.321829
    27 -4.826813 -3.348669 0.872014 2.051196 0.577049 -0.321829
    28 -5.441669 -4.249685 0.413772 2.051196 0.577049 -0.321829
    29 -0.552532 -1.343527 1.604446 -0.415180 0.312114 -0.422073
    30 0.552589 1.343534 -1.604463 -0.062584 0.299267 -0.468133
    31 0.000000 -2.021618 -0.000004 0.186809 0.000000 0.000000
    32 -0.000021 2.021633 0.000027 -0.066383 0.000000 0.000000
    33 -0.000004 -1.136217 -0.000004 -0.210111 0.000000 0.000000
    34 -0.000011 1.136200 -0.000019 -0.502391 0.000000 0.000000
    35 -0.032677 -4.587727 1.352317 2.844703 1.216154 2.484990
    36 0.032719 4.587772 -1.352291 2.477829 0.871846 1.903253
    37 0.000000 -1.754536 -0.000002 0.662896 0.000000 0.000000
    38 -0.000006 1.754520 -0.000034 0.466694 0.000000 0.000000
    39 0.000000 -1.227020 -0.000002 0.092660 0.000000 0.000000
    40 0.000002 1.227070 0.000032 1.293046 0.000000 0.000000
    41 -0.367996 -4.208406 0.173244 2.943027 1.091688 2.536231
    42 0.368011 4.208412 -0.173239 2.698463 0.879301 1.972143
    43 0.000000 -2.372318 -0.000004 0.722081 0.000000 0.000000
    44 -0.000006 2.372318 -0.000032 1.570335 0.000000 0.000000
    45 0.000004 -1.580070 -0.000001 0.034255 0.000000 0.000000
    46 -0.000002 1.580170 0.000030 0.632435 0.000000 0.000000
    47 -0.937645 -3.860697 -0.959317 3.044205 1.001841 2.581100
    48 0.937672 3.860714 0.959333 3.577741 0.921338 2.508790
    49 0.000000 -1.690632 0.000000 0.491549 0.000000 0.000000
    50 -0.000013 1.690666 0.000021 1.230050 0.000000 0.000000
    51 -0.000002 -1.423443 0.000002 0.234212 0.000000 0.000000
    52 0.000008 1.423420 0.000028 0.751910 0.000000 0.000000
    53 -1.546646 -3.404194 -1.915569 3.024293 0.944156 2.514436
    54 1.546661 3.404217 1.915585 3.663430 0.709183 2.327357
    55 0.000004 -1.437820 0.000000 0.424958 0.000000 0.000000
    56 -0.000021 1.437870 0.000031 0.788561 0.000000 0.000000
    57 -0.000002 -1.059402 0.000000 0.322075 0.000000 0.000000
    58 0.000006 1.059372 0.000008 0.626806 0.000000 0.000000
    59 -0.000004 -13.013485 -0.000004 0.010936 -0.284123 -0.076426
    60 0.161133 -10.812500 0.023087 0.010936 -0.284123 -0.076426
  time 33
    0 0.000000 0.826660 0.000001 -1.559900 -0.000006 -0.000006
    1 -7.059201 7.545358 -8.025539 -0.793995 -0.005754 0.678292
    2 0.000000 14.313023 0.000003 -2.183828 0.000000 0.000000
    3 -0.000011 13.013483 -0.000005 0.001529 0.497471 -0.635620
    4 8.652996 -22.135220 3.978737 2.947657 0.312156 -0.581899
    5 0.000000 -14.313034 0.000000 -0.487806 0.000000 0.000000
    6 -0.000004 -13.013485 -0.000004 0.000000 0.000000 0.000000
    7 -1.330879 -2.698427 0.462449 -0.194886 -0.547260 3.056712
    8 1.330910 2.698444 -0.462436 0.194890 0.547268 -0.084879
    9 1.384058 2.738795 -1.141941 -3.304775 -0.797269 -3.404960
    10 3.556210 4.238403 0.987502 -1.090396 0.577049 -0.321829
    11 4.139183 5.092691 1.421975 -1.090396 0.577049 -0.321829
    12 4.777527 6.028128 1.897721 -1.090396 0.577049 -0.321829
    13 5.490345 7.072691 2.428969 -1.090396 0.577049 -0.321829
    14 6.566406 8.640625 3.232422 -1.090396 0.577049 -0.321829
    15 7.558525 6.997282 -2.354134 -1.937336 -0.275393 3.010581
    16 7.558525 6.997282 -2.354134 1.937336 0.275393 -0.131011
    17 -2.867767 -2.740969 0.531125 2.051196 0.577049 -0.321829
    18 1.195080 1.482244 -1.075675 0.803997 -0.113681 1.189812
    19 3.461684 7.166999 -0.386813 -3.963303 -0.209208 0.999599
    20 3.825900 7.728313 -0.241409 -3.414417 -0.824105 -0.079401
    21 8.624531 7.421528 4.921986 -3.209998 -0.855808 -0.352699
    22 6.946648 6.587124 1.429667 -1.090396 0.577049 -0.321829
    23 7.537933 7.453606 1.870349 -1.090396 0.577049 -0.321829
    24 8.154472 8.357077 2.329839 -1.090396 0.577049 -0.321829
    25 8.874294 9.411907 2.866308 -1.090396 0.577049 -0.321829
    26 -4.125858 -2.321501 1.394414 2.051196 0.577049 -0.321829
    27 -4.826813 -3.348669 0.872014 2.051196 0.577049 -0.321829
    28 -5.441669 -4.249685 0.413772 2.051196 0.577049 -0.321829
    29 -0.552532 -1.343527 1.604446 -0.415180 0.312114 -0.422073
    30 0.552589 1.343534 -1.604463 -0.026183 0.268777 -0.544669
    31 0.000000 -2.021618 -0.000004 0.186809 0.000000 0.000000
    32 -0.000021 2.021633 0.000027 -0.017315 0.000000 0.000000
    33 -0.000004 -1.136217 -0.000004 -0.210111 0.000000 0.000000
    34 -0.000011 1.136200 -0.000019 -0.406095 0.000000 0.000000
    35 -0.032677 -4.587727 1.352317 2.844703 1.216154 2.484990
    36 0.032719 4.587772 -1.352291 2.205930 0.824860 1.594601
    37 0.000000 -1.754536 -0.000002 0.662896 0.000000 0.000000
    38 -0.000006 1.754520 -0.000034 0.530643 0.000000 0.000000
    39 0.000000 -1.227020 -0.000002 0.092660 0.000000 0.000000
    40 0.000002 1.227070 0.000032 0.550568 0.000000 0.000000
    41 -0.367996 -4.208406 0.173244 2.943027 1.091688 2.536231
    42 0.368011 4.208412 -0.173239 2.485245 0.791281 1.800702
    43 0.000000 -2.372318 -0.000004 0.722081 0.000000 0.000000
    44 -0.000006 2.372318 -0.000032 1.476977 0.000000 0.000000
    45 0.000004 -1.580070 -0.000001 0.034255 0.000000 0.000000
    46 -0.000002 1.580170 0.000030 0.435431 0.000000 0.000000
    47 -0.937645 -3.860697 -0.959317 3.044205 1.001841 2.581100
    48 0.937672 3.860714 0.959333 3.729728 0.969084 2.561329
    49 0.000000 -1.690632 0.000000 0.491549 0.000000 0.000000
    50 -0.000013 1.690666 0.000021 1.338762 0.000000 0.000000
    51 -0.000002 -1.423443 0.000002 0.234212 0.000000 0.000000
    52 0.000008 1.423420 0.000028 1.149065 0.000000 0.000000
    53 -1.546646 -3.404194 -1.915569 3.024293 0.944156 2.514436
    54 1.546661 3.404217 1.915585 3.717145 0.709183 2.327357
    55 0.000004 -1.437820 0.000000 0.424958 0.000000 0.000000
    56 -0.000021 1.437870 0.000031 0.863270 0.000000 0.000000
    57 -0.000002 -1.059402 0.000000 0.322075 0.000000 0.000000
    58 0.000006 1.059372 0.000008 1.135799 0.000000 0.000000
    59 -0.000004 -13.013485 -0.000004 0.010936 -0.284123 -0.076426
    60 0.161133 -10.812500 0.023087 0.010936 -0.284123 -0.076426
  time 34
    0 0.000000 0.826660 0.000001 -1.559900 -0.000006 -0.000006
    1 -7.059201 7.545358 -8.025539 -0.789019 0.002877 0.678674
    2 0.000000 14.313023 0.000003 -2.154012 0.000000 0.000000
    3 -0.000011 13.013483 -0.000005 -0.070611 0.738259 -0.363965
    4 8.652996 -22.135220 3.978737 2.947657 0.312156 -0.581899
    5 0.000000 -14.313034 0.000000 -0.487806 0.000000 0.000000
    6 -0.000004 -13.013485 -0.000004 0.000000 0.000000 0.000000
    7 -1.330879 -2.698427 0.462449 -0.194886 -0.547260 3.056712
    8 1.330910 2.698444 -0.462436 0.194890 0.547268 -0.084879
    9 1.909541 3.082335 -1.293475 -3.446538 -0.587400 -3.364464
    10 3.556210 4.238403 0.987502 -1.090396 0.577049 -0.321829
    11 4.139183 5.092691 1.421975 -1.090396 0.577049 -0.321829
    12 4.777527 6.028128 1.897721 -1.090396 0.577049 -0.321829
    13 5.490345 7.072691 2.428969 -1.090396 0.577049 -0.321829
    14 6.566406 8.640625 3.232422 -1.090396 0.577049 -0.321829
    15 7.558525 6.997282 -2.354134 -1.937336 -0.275393 3.010581
    16 7.558525 6.997282 -2.354134 1.937336 0.275393 -0.131011
    17 -2.867767 -2.740969 0.531125 2.051196 0.577049 -0.321829
    18 1.628687 1.829911 -1.345214 0.609383 -0.252611 1.174952
    19 3.926542 7.338879 0.175704 -4.094273 -0.502476 0.907081
    20 4.294665 7.810347 0.508614 -2.799833 -1.001680 -0.763358
    21 7.073703 5.253493 6.472815 -2.790868 -0.999565 -0.774043
    22 6.946648 6.587124 1.429667 -1.090396 0.577049 -0.321829
    23 7.537933 7.453606 1.870349 -1.090396 0.577049 -0.321829
    24 8.154472 8.357077 2.329839 -1.090396 0.577049 -0.321829
    25 8.874294 9.411907 2.866308 -1.090396 0.577049 -0.321829
    26 -4.125858 -2.321501 1.394414 2.051196 0.577049 -0.321829
    27 -4.826813 -3.348669 0.872014 2.051196 0.577049 -0.321829
    28 -5.441669 -4.249685 0.413772 2.051196 0.577049 -0.321829
    29 -0.552532 -1.343527 1.604446 -0.415180 0.312114 -0.422073
    30 0.552589 1.343534 -1.604463 -0.009876 0.255494 -0.581100
    31 0.000000 -2.021618 -0.000004 0.186809 0.000000 0.000000
    32 -0.000021 2.021633 0.000027 0.027053 0.000000 0.000000
    33 -0.000004 -1.136217 -0.000004 -0.210111 0.000000 0.000000
    34 -0.000011 1.136200 -0.000019 -0.309893 0.000000 0.000000
    35 -0.032677 -4.587727 1.352317 2.844703 1.216154 2.484990
    36 0.032719 4.587772 -1.352291 1.955560 0.841895 1.389920
    37 0.000000 -1.754536 -0.000002 0.662896 0.000000 0.000000
    38 -0.000006 1.754520 -0.000034 0.516538 0.000000 0.000000
    39 0.000000 -1.227020 -0.000002 0.092660 0.000000 0.000000
    40 0.000002 1.227070 0.000032 0.141386 0.000000 0.000000
    41 -0.367996 -4.208406 0.173244 2.943027 1.091688 2.536231
    42 0.368011 4.208412 -0.173239 2.558263 0.612042 1.702714
    43 0.000000 -2.372318 -0.000004 0.722081 0.000000 0.000000
    44 -0.000006 2.372318 -0.000032 1.185319 0.000000 0.000000
    45 0.000004 -1.580070 -0.000001 0.034255 0.000000 0.000000
    46 -0.000002 1.580170 0.000030 0.646145 0.000000 0.000000
    47 -0.937645 -3.860697 -0.959317 3.044205 1.001841 2.581100
    48 0.937672 3.860714 0.959333 3.857468 1.005357 2.586062
    49 0.000000 -1.690632 0.000000 0.491549 0.000000 0.000000
    50 -0.000013 1.690666 0.000021 1.447424 0.000000 0.000000
    51 -0.000002 -1.423443 0.000002 0.234212 0.000000 0.000000
    52 0.000008 1.423420 0.000028 1.546221 0.000000 0.000000
    53 -1.546646 -3.404194 -1.915569 3.024293 0.944156 2.514436
    54 1.546661 3.404217 1.915585 3.812301 0.709327 2.326282
    55 0.000004 -1.437820 0.000000 0.424958 0.000000 0.000000
    56 -0.000021 1.437870 0.000031 0.937978 0.000000 0.000000
    57 -0.000002 -1.059402 0.000000 0.322075 0.000000 0.000000
    58 0.000006 1.059372 0.000008 1.644791 0.000000 0.000000
    59 -0.000004 -13.013485 -0.000004 0.010936 -0.284123 -0.076426
    60 0.161133 -10.812500 0.023087 0.010936 -0.284123 -0.076426
  time 35
    0 0.000000 0.826660 0.000001 -1.559900 -0.000006 -0.000006
    1 -7.059201 7.545358 -8.025539 -0.787176 -0.006756 0.678216
    2 0.000000 14.313023 0.000003 -2.137087 0.000000 0.000000
    3 -0.000011 13.013483 -0.000005 0.076630 0.990272 0.085312
    4 8.652996 -22.135220 3.978737 2.947657 0.312156 -0.581899
    5 0.000000 -14.313034 0.000000 -0.487806 0.000000 0.000000
    6 -0.000004 -13.013485 -0.000004 0.000000 0.000000 0.000000
    7 -1.330879 -2.698427 0.462449 -0.194886 -0.547260 3.056712
    8 1.330910 2.698444 -0.462436 0.194890 0.547268 -0.084879
    9 2.156827 2.640641 -0.333759 -2.929485 -0.707648 2.709735
    10 3.556210 4.238403 0.987502 -1.090396 0.577049 -0.321829
    11 4.139183 5.092691 1.421975 -1.090396 0.577049 -0.321829
    12 4.777527 6.028128 1.897721 -1.090396 0.577049 -0.321829
    13 5.490345 7.072691 2.428969 -1.090396 0.577049 -0.321829
    14 6.566406 8.640625 3.232422 -1.090396 0.577049 -0.321829
    15 7.558525 6.997282 -2.354134 -1.937336 -0.275393 3.010581
    16 7.558525 6.997282 -2.354134 1.937336 0.275393 -0.131011
    17 -2.867767 -2.740969 0.531125 2.051196 0.577049 -0.321829
    18 2.058387 1.454900 0.041547 0.718770 0.160585 1.277920
    19 3.805444 7.272471 -0.945424 -4.056054 -0.334851 0.821082
    20 4.247788 7.743939 -0.717986 -2.790635 -0.911518 -0.944244
    21 6.823695 4.308152 4.871204 -2.872491 -0.931384 -0.841534
    22 6.946648 6.587124 1.429667 -1.090396 0.577049 -0.321829
    23 7.537933 7.453606 1.870349 -1.090396 0.577049 -0.321829
    24 8.154472 8.357077 2.329839 -1.090396 0.577049 -0.321829
    25 8.874294 9.411907 2.866308 -1.090396 0.577049 -0.321829
    26 -4.125858 -2.321501 1.394414 2.051196 0.577049 -0.321829
    27 -4.826813 -3.348669 0.872014 2.051196 0.577049 -0.321829
    28 -5.441669 -4.249685 0.413772 2.051196 0.577049 -0.321829
    29 -0.552532 -1.343527 1.604446 -0.415180 0.312114 -0.422073
    30 0.552589 1.343534 -1.604463 -0.204349 0.263939 -0.580122
    31 0.000000 -2.021618 -0.000004 0.186809 0.000000 0.000000
    32 -0.000021 2.021633 0.000027 0.014446 0.000000 0.000000
    33 -0.000004 -1.136217 -0.000004 -0.210111 0.000000 0.000000
    34 -0.000011 1.136200 -0.000019 -0.376816 0.000000 0.000000
    35 -0.032677 -4.587727 1.352317 2.844703 1.216154 2.484990
    36 0.032719 4.587772 -1.352291 1.926477 1.059607 1.077628
    37 0.000000 -1.754536 -0.000002 0.662896 0.000000 0.000000
    38 -0.000006 1.754520 -0.000034 0.483112 0.000000 0.000000
    39 0.000000 -1.227020 -0.000002 0.092660 0.000000 0.000000
    40 0.000002 1.227070 0.000032 -0.009187 0.000000 0.000000
    41 -0.367996 -4.208406 0.173244 2.943027 1.091688 2.536231
    42 0.368011 4.208412 -0.173239 2.752082 0.644259 1.759913
    43 0.000000 -2.372318 -0.000004 0.722081 0.000000 0.000000
    44 -0.000006 2.372318 -0.000032 0.868831 0.000000 0.000000
    45 0.000004 -1.580070 -0.000001 0.034255 0.000000 0.000000
    46 -0.000002 1.580170 0.000030 1.034805 0.000000 0.000000
    47 -0.937645 -3.860697 -0.959317 3.044205 1.001841 2.581100
    48 0.937672 3.860714 0.959333 2.994503 0.835716 1.830826
    49 0.000000 -1.690632 0.000000 0.491549 0.000000 0.000000
    50 -0.000013 1.690666 0.000021 1.447424 0.000000 0.000000
    51 -0.000002 -1.423443 0.000002 0.234212 0.000000 0.000000
    52 0.000008 1.423420 0.000028 1.546221 0.000000 0.000000
    53 -1.546646 -3.404194 -1.915569 3.024293 0.944156 2.514436
    54 1.546661 3.404217 1.915585 3.574643 0.733732 1.871784
    55 0.000004 -1.437820 0.000000 0.424958 0.000000 0.000000
    56 -0.000021 1.437870 0.000031 0.937978 0.000000 0.000000
    57 -0.000002 -1.059402 0.000000 0.322075 0.000000 0.000000
    58 0.000006 1.059372 0.000008 1.644791 0.000000 0.000000
    59 -0.000004 -13.013485 -0.000004 0.010936 -0.284123 -0.076426
    60 0.161133 -10.812500 0.023087 0.010936 -0.284123 -0.076426
  time 36
    0 0.000000 0.826660 0.000001 -1.559900 -0.000006 -0.000006
    1 -7.059201 7.545358 -8.025539 -0.794548 -0.045050 0.676459
    2 0.000000 14.313023 0.000003 -2.132383 0.000000 0.000000
    3 -0.000011 13.013483 -0.000005 0.568136 1.092342 0.797137
    4 8.652996 -22.135220 3.978737 2.947657 0.312156 -0.581899
    5 0.000000 -14.313034 0.000000 -0.487806 0.000000 0.000000
    6 -0.000004 -13.013485 -0.000004 0.000000 0.000000 0.000000
    7 -1.330879 -2.698427 0.462449 -0.194886 -0.547260 3.056712
    8 1.330910 2.698444 -0.462436 0.194890 0.547268 -0.084879
    9 2.991418 2.591564 0.322889 -2.196244 -0.815721 2.446232
    10 3.556210 4.238403 0.987502 -1.090396 0.577049 -0.321829
    11 4.139183 5.092691 1.421975 -1.090396 0.577049 -0.321829
    12 4.777527 6.028128 1.897721 -1.090396 0.577049 -0.321829
    13 5.490345 7.072691 2.428969 -1.090396 0.577049 -0.321829
    14 6.566406 8.640625 3.232422 -1.090396 0.577049 -0.321829
    15 7.558525 6.997282 -2.354134 -1.937336 -0.275393 3.010581
    16 7.558525 6.997282 -2.354134 1.937336 0.275393 -0.131011
    17 -2.867767 -2.740969 0.531125 2.051196 0.577049 -0.321829
    18 3.452961 1.728345 1.014233 1.067001 0.588927 1.664867
    19 2.957762 6.819332 -2.410312 -4.002566 -0.048112 0.859336
    20 3.407919 7.337676 -2.378193 -3.102862 -0.861417 -0.720892
    21 6.905729 4.370654 2.980521 -2.790485 -0.804861 -1.140070
    22 6.946648 6.587124 1.429667 -1.090396 0.577049 -0.321829
    23 7.537933 7.453606 1.870349 -1.090396 0.577049 -0.321829
    24 8.154472 8.357077 2.329839 -1.090396 0.577049 -0.321829
    25 8.874294 9.411907 2.866308 -1.090396 0.577049 -0.321829
    26 -4.125858 -2.321501 1.394414 2.051196 0.577049 -0.321829
    27 -4.826813 -3.348669 0.872014 2.051196 0.577049 -0.321829
    28 -5.441669 -4.249685 0.413772 2.051196 0.577049 -0.321829
    29 -0.552532 -1.343527 1.604446 -0.415180 0.312114 -0.422073
    30 0.552589 1.343534 -1.604463 -0.631891 0.275953 -0.573035
    31 0.000000 -2.021618 -0.000004 0.186809 0.000000 0.000000
    32 -0.000021 2.021633 0.000027 -0.013348 0.000000 0.000000
    33 -0.000004 -1.136217 -0.000004 -0.210111 0.000000 0.000000
    34 -0.000011 1.136200 -0.000019 -0.524466 0.000000 0.000000
    35 -0.032677 -4.587727 1.352317 2.844703 1.216154 2.484990
    36 0.032719 4.587772 -1.352291 2.126669 1.225432 1.508224
    37 0.000000 -1.754536 -0.000002 0.662896 0.000000 0.000000
    38 -0.000006 1.754520 -0.000034 0.443201 0.000000 0.000000
    39 0.000000 -1.227020 -0.000002 0.092660 0.000000 0.000000
    40 0.000002 1.227070 0.000032 -0.133466 0.000000 0.000000
    41 -0.367996 -4.208406 0.173244 2.943027 1.091688 2.536231
    42 0.368011 4.208412 -0.173239 3.010926 0.733778 1.893892
    43 0.000000 -2.372318 -0.000004 0.722081 0.000000 0.000000
    44 -0.000006 2.372318 -0.000032 0.719843 0.000000 0.000000
    45 0.000004 -1.580070 -0.000001 0.034255 0.000000 0.000000
    46 -0.000002 1.580170 0.000030 1.244552 0.000000 0.000000
    47 -0.937645 -3.860697 -0.959317 3.044205 1.001841 2.581100
    48 0.937672 3.860714 0.959333 3.093908 0.899131 1.890375
    49 0.000000 -1.690632 0.000000 0.491549 0.000000 0.000000
    50 -0.000013 1.690666 0.000021 1.447424 0.000000 0.000000
    51 -0.000002 -1.423443 0.000002 0.234212 0.000000 0.000000
    52 0.000008 1.423420 0.000028 1.546221 0.000000 0.000000
    53 -1.546646 -3.404194 -1.915569 3.024293 0.944156 2.514436
    54 1.546661 3.404217 1.915585 3.647740 0.765168 1.957113
    55 0.000004 -1.437820 0.000000 0.424958 0.000000 0.000000
    56 -0.000021 1.437870 0.000031 0.937978 0.000000 0.000000
    57 -0.000002 -1.059402 0.000000 0.322075 0.000000 0.000000
    58 0.000006 1.059372 0.000008 1.644791 0.000000 0.000000
    59 -0.000004 -13.013485 -0.000004 0.010936 -0.284123 -0.076426
    60 0.161133 -10.812500 0.023087 0.010936 -0.284123 -0.076426
  time 37
    0 0.000000 0.826660 0.000001 -1.559900 -0.000006 -0.000006
    1 -7.059201 7.545358 -8.025539 -0.816663 -0.112053 0.673480
    2 0.000000 14.313023 0.000003 -2.125784 0.000000 0.000000
    3 -0.000011 13.013483 -0.000005 0.948421 1.007253 1.309103
    4 8.652996 -22.135220 3.978737 2.947657 0.312156 -0.581899
    5 0.000000 -14.313034 0.000000 -0.487806 0.000000 0.000000
    6 -0.000004 -13.013485 -0.000004 0.000000 0.000000 0.000000
    7 -1.330879 -2.698427 0.462449 -0.194886 -0.547260 3.056712
    8 1.330910 2.698444 -0.462436 0.194890 0.547268 -0.084879
    9 3.207793 2.787872 0.070332 -1.833599 -0.815219 2.338182
    10 3.556210 4.238403 0.987502 -1.090396 0.577049 -0.321829
    11 4.139183 5.092691 1.421975 -1.090396 0.577049 -0.321829
    12 4.777527 6.028128 1.897721 -1.090396 0.577049 -0.321829
    13 5.490345 7.072691 2.428969 -1.090396 0.577049 -0.321829
    14 6.566406 8.640625 3.232422 -1.090396 0.577049 -0.321829
    15 7.558525 6.997282 -2.354134 -1.937336 -0.275393 3.010581
    16 7.558525 6.997282 -2.354134 1.937336 0.275393 -0.131011
    17 -2.867767 -2.740969 0.531125 2.051196 0.577049 -0.321829
    18 3.906100 2.134608 0.815008 1.330767 0.723608 1.984318
    19 2.039765 6.346662 -3.261901 -3.916833 0.392460 1.213877
    20 2.259446 6.939227 -3.522759 -3.688513 -0.687646 0.035726
    21 7.729973 7.206678 0.917958 -2.692289 -0.748616 -1.345133
    22 6.946648 6.587124 1.429667 -1.090396 0.577049 -0.321829
    23 7.537933 7.453606 1.870349 -1.090396 0.577049 -0.321829
    24 8.154472 8.357077 2.329839 -1.090396 0.577049 -0.321829
    25 8.874294 9.411907 2.866308 -1.090396 0.577049 -0.321829
    26 -4.125858 -2.321501 1.394414 2.051196 0.577049 -0.321829
    27 -4.826813 -3.348669 0.872014 2.051196 0.577049 -0.321829
    28 -5.441669 -4.249685 0.413772 2.051196 0.577049 -0.321829
    29 -0.552532 -1.343527 1.604446 -0.415180 0.312114 -0.422073
    30 0.552589 1.343534 -1.604463 -1.058936 0.288046 -0.562080
    31 0.000000 -2.021618 -0.000004 0.186809 0.000000 0.000000
    32 -0.000021 2.021633 0.000027 -0.041197 0.000000 0.000000
    33 -0.000004 -1.136217 -0.000004 -0.210111 0.000000 0.000000
    34 -0.000011 1.136200 -0.000019 -0.672256 0.000000 0.000000
    35 -0.032677 -4.587727 1.352317 2.844703 1.216154 2.484990
    36 0.032719 4.587772 -1.352291 2.730804 1.172359 2.435696
    37 0.000000 -1.754536 -0.000002 0.662896 0.000000 0.000000
    38 -0.000006 1.754520 -0.000034 0.409684 0.000000 0.000000
    39 0.000000 -1.227020 -0.000002 0.092660 0.000000 0.000000
    40 0.000002 1.227070 0.000032 -0.217805 0.000000 0.000000
    41 -0.367996 -4.208406 0.173244 2.943027 1.091688 2.536231
    42 0.368011 4.208412 -0.173239 3.333538 0.836190 2.099155
    43 0.000000 -2.372318 -0.000004 0.722081 0.000000 0.000000
    44 -0.000006 2.372318 -0.000032 0.793898 0.000000 0.000000
    45 0.000004 -1.580070 -0.000001 0.034255 0.000000 0.000000
    46 -0.000002 1.580170 0.000030 1.190224 0.000000 0.000000
    47 -0.937645 -3.860697 -0.959317 3.044205 1.001841 2.581100
    48 0.937672 3.860714 0.959333 3.330622 0.995487 2.061855
    49 0.000000 -1.690632 0.000000 0.491549 0.000000 0.000000
    50 -0.000013 1.690666 0.000021 1.447424 0.000000 0.000000
    51 -0.000002 -1.423443 0.000002 0.234212 0.000000 0.000000
    52 0.000008 1.423420 0.000028 1.546221 0.000000 0.000000
    53 -1.546646 -3.404194 -1.915569 3.024293 0.944156 2.514436
    54 1.546661 3.404217 1.915585 3.781659 0.810952 2.133909
    55 0.000004 -1.437820 0.000000 0.424958 0.000000 0.000000
    56 -0.000021 1.437870 0.000031 0.937978 0.000000 0.000000
    57 -0.000002 -1.059402 0.000000 0.322075 0.000000 0.000000
    58 0.000006 1.059372 0.000008 1.644791 0.000000 0.000000
    59 -0.000004 -13.013485 -0.000004 0.010936 -0.284123 -0.076426
    60 0.161133 -10.812500 0.023087 0.010936 -0.284123 -0.076426
  time 38
    0 0.000000 0.826660 0.000001 -1.559900 -0.000006 -0.000006
    1 -7.059201 7.545358 -8.025539 -0.840621 -0.176338 0.670501
    2 0.000000 14.313023 0.000003 -2.118636 0.000000 0.000000
    3 -0.000011 13.013483 -0.000005 1.044640 0.923625 1.424801
    4 8.652996 -22.135220 3.978737 2.947657 0.312156 -0.581899
    5 0.000000 -14.313034 0.000000 -0.487806 0.000000 0.000000
    6 -0.000004 -13.013485 -0.000004 0.000000 0.000000 0.000000
    7 -1.330879 -2.698427 0.462449 -0.194886 -0.547260 3.056712
    8 1.330910 2.698444 -0.462436 0.194890 0.547268 -0.084879
    9 3.207793 2.984181 -0.232736 -1.537429 -0.795324 2.269302
    10 3.556210 4.238403 0.987502 -1.090396 0.577049 -0.321829
    11 4.139183 5.092691 1.421975 -1.090396 0.577049 -0.321829
    12 4.777527 6.028128 1.897721 -1.090396 0.577049 -0.321829
    13 5.490345 7.072691 2.428969 -1.090396 0.577049 -0.321829
    14 6.566406 8.640625 3.232422 -1.090396 0.577049 -0.321829
    15 7.558525 6.997282 -2.354134 -1.937336 -0.275393 3.010581
    16 7.558525 6.997282 -2.354134 1.937336 0.275393 -0.131011
    17 -2.867767 -2.740969 0.531125 2.051196 0.577049 -0.321829
    18 4.077980 2.576028 0.475154 1.603283 0.774876 2.315946
    19 1.078798 5.791957 -3.832231 -3.271275 0.843712 2.203582
    20 0.810183 6.157953 -4.343096 -3.990968 -0.063332 0.750166
    21 5.936949 11.011481 -3.961097 -3.050298 -0.847482 -0.886401
    22 6.946648 6.587124 1.429667 -1.090396 0.577049 -0.321829
    23 7.537933 7.453606 1.870349 -1.090396 0.577049 -0.321829
    24 8.154472 8.357077 2.329839 -1.090396 0.577049 -0.321829
    25 8.874294 9.411907 2.866308 -1.090396 0.577049 -0.321829
    26 -4.125858 -2.321501 1.394414 2.051196 0.577049 -0.321829
    27 -4.826813 -3.348669 0.872014 2.051196 0.577049 -0.321829
    28 -5.441669 -4.249685 0.413772 2.051196 0.577049 -0.321829
    29 -0.552532 -1.343527 1.604446 -0.415180 0.312114 -0.422073
    30 0.552589 1.343534 -1.604463 -1.250456 0.296769 -0.549538
    31 0.000000 -2.021618 -0.000004 0.186809 0.000000 0.000000
    32 -0.000021 2.021633 0.000027 -0.053776 0.000000 0.000000
    33 -0.000004 -1.136217 -0.000004 -0.210111 0.000000 0.000000
    34 -0.000011 1.136200 -0.000019 -0.739179 0.000000 0.000000
    35 -0.032677 -4.587727 1.352317 2.844703 1.216154 2.484990
    36 0.032719 4.587772 -1.352291 2.848696 1.053520 2.704459
    37 0.000000 -1.754536 -0.000002 0.662896 0.000000 0.000000
    38 -0.000006 1.754520 -0.000034 0.395624 0.000000 0.000000
    39 0.000000 -1.227020 -0.000002 0.092660 0.000000 0.000000
    40 0.000002 1.227070 0.000032 -0.248758 0.000000 0.000000
    41 -0.367996 -4.208406 0.173244 2.943027 1.091688 2.536231
    42 0.368011 4.208412 -0.173239 3.692256 0.910784 2.348382
    43 0.000000 -2.372318 -0.000004 0.722081 0.000000 0.000000
    44 -0.000006 2.372318 -0.000032 0.898620 0.000000 0.000000
    45 0.000004 -1.580070 -0.000001 0.034255 0.000000 0.000000
    46 -0.000002 1.580170 0.000030 1.136180 0.000000 0.000000
    47 -0.937645 -3.860697 -0.959317 3.044205 1.001841 2.581100
    48 0.937672 3.860714 0.959333 3.509086 1.047181 2.213485
    49 0.000000 -1.690632 0.000000 0.491549 0.000000 0.000000
    50 -0.000013 1.690666 0.000021 1.447424 0.000000 0.000000
    51 -0.000002 -1.423443 0.000002 0.234212 0.000000 0.000000
    52 0.000008 1.423420 0.000028 1.546221 0.000000 0.000000
    53 -1.546646 -3.404194 -1.915569 3.024293 0.944156 2.514436
    54 1.546661 3.404217 1.915585 3.881983 0.822967 2.248550
    55 0.000004 -1.437820 0.000000 0.424958 0.000000 0.000000
    56 -0.000021 1.437870 0.000031 0.937978 0.000000 0.000000
    57 -0.000002 -1.059402 0.000000 0.322075 0.000000 0.000000
    58 0.000006 1.059372 0.000008 1.644791 0.000000 0.000000
    59 -0.000004 -13.013485 -0.000004 0.010936 -0.284123 -0.076426
    60 0.161133 -10.812500 0.023087 0.010936 -0.284123 -0.076426
  time 39
    0 0.000000 0.826660 0.000001 -1.559900 -0.000006 -0.000006
    1 -7.059201 7.545358 -8.025539 -0.853614 -0.207860 0.669050
    2 0.000000 14.313023 0.000003 -2.120713 0.000000 0.000000
    3 -0.000011 13.013483 -0.000005 0.766400 0.755003 0.815446
    4 8.652996 -22.135220 3.978737 2.947657 0.312156 -0.581899
    5 0.000000 -14.313034 0.000000 -0.487806 0.000000 0.000000
    6 -0.000004 -13.013485 -0.000004 0.000000 0.000000 0.000000
    7 -1.330879 -2.698427 0.462449 -0.194886 -0.547260 3.056712
    8 1.330910 2.698444 -0.462436 0.194890 0.547268 -0.084879
    9 3.115061 2.836949 -0.384270 -1.344037 -0.776621 2.252933
    10 3.556210 4.238403 0.987502 -1.090396 0.577049 -0.321829
    11 4.139183 5.092691 1.421975 -1.090396 0.577049 -0.321829
    12 4.777527 6.028128 1.897721 -1.090396 0.577049 -0.321829
    13 5.490345 7.072691 2.428969 -1.090396 0.577049 -0.321829
    14 6.566406 8.640625 3.232422 -1.090396 0.577049 -0.321829
    15 7.558525 6.997282 -2.354134 -1.937336 -0.275393 3.010581
    16 7.558525 6.997282 -2.354134 1.937336 0.275393 -0.131011
    17 -2.867767 -2.740969 0.531125 2.051196 0.577049 -0.321829
    18 4.085793 2.579934 0.291555 1.795424 0.768338 2.570683
    19 0.340495 4.952088 -3.984579 -2.421248 0.507180 -2.841392
    20 -0.232817 4.771192 -4.315752 -3.760367 0.632277 1.498252
    21 0.108646 10.437245 -8.539362 -3.733265 -0.657261 0.067781
    22 6.946648 6.587124 1.429667 -1.090396 0.577049 -0.321829
    23 7.537933 7.453606 1.870349 -1.090396 0.577049 -0.321829
    24 8.154472 8.357077 2.329839 -1.090396 0.577049 -0.321829
    25 8.874294 9.411907 2.866308 -1.090396 0.577049 -0.321829
    26 -4.125858 -2.321501 1.394414 2.051196 0.577049 -0.321829
    27 -4.826813 -3.348669 0.872014 2.051196 0.577049 -0.321829
    28 -5.441669 -4.249685 0.413772 2.051196 0.577049 -0.321829
    29 -0.552532 -1.343527 1.604446 -0.415180 0.312114 -0.422073
    30 0.552589 1.343534 -1.604463 -1.140546 0.295421 -0.529823
    31 0.000000 -2.021618 -0.000004 0.186809 0.000000 0.000000
    32 -0.000021 2.021633 0.000027 -0.052472 0.000000 0.000000
    33 -0.000004 -1.136217 -0.000004 -0.210111 0.000000 0.000000
    34 -0.000011 1.136200 -0.000019 -0.718451 0.000000 0.000000
    35 -0.032677 -4.587727 1.352317 2.844703 1.216154 2.484990
    36 0.032719 4.587772 -1.352291 2.826472 1.093306 2.646141
    37 0.000000 -1.754536 -0.000002 0.662896 0.000000 0.000000
    38 -0.000006 1.754520 -0.000034 0.581939 0.000000 0.000000
    39 0.000000 -1.227020 -0.000002 0.092660 0.000000 0.000000
    40 0.000002 1.227070 0.000032 -0.208486 0.000000 0.000000
    41 -0.367996 -4.208406 0.173244 2.943027 1.091688 2.536231
    42 0.368011 4.208412 -0.173239 4.023490 0.942667 2.568274
    43 0.000000 -2.372318 -0.000004 0.722081 0.000000 0.000000
    44 -0.000006 2.372318 -0.000032 0.964865 0.000000 0.000000
    45 0.000004 -1.580070 -0.000001 0.034255 0.000000 0.000000
    46 -0.000002 1.580170 0.000030 1.152507 0.000000 0.000000
    47 -0.937645 -3.860697 -0.959317 3.044205 1.001841 2.581100
    48 0.937672 3.860714 0.959333 3.523486 1.044158 2.280281
    49 0.000000 -1.690632 0.000000 0.491549 0.000000 0.000000
    50 -0.000013 1.690666 0.000021 1.501054 0.000000 0.000000
    51 -0.000002 -1.423443 0.000002 0.234212 0.000000 0.000000
    52 0.000008 1.423420 0.000028 1.467524 0.000000 0.000000
    53 -1.546646 -3.404194 -1.915569 3.024293 0.944156 2.514436
    54 1.546661 3.404217 1.915585 3.930068 0.810664 2.270036
    55 0.000004 -1.437820 0.000000 0.424958 0.000000 0.000000
    56 -0.000021 1.437870 0.000031 0.937978 0.000000 0.000000
    57 -0.000002 -1.059402 0.000000 0.322075 0.000000 0.000000
    58 0.000006 1.059372 0.000008 1.644791 0.000000 0.000000
    59 -0.000004 -13.013485 -0.000004 0.010936 -0.284123 -0.076426
    60 0.161133 -10.812500 0.023087 0.010936 -0.284123 -0.076426
  time 40
    0 0.000000 0.826660 0.000001 -1.559900 -0.000006 -0.000006
    1 -7.059201 7.545358 -8.025539 -0.857023 -0.210340 0.668897
    2 0.000000 14.313023 0.000003 -2.132811 0.000000 0.000000
    3 -0.000011 13.013483 -0.000005 0.691585 0.480585 0.401253
    4 8.652996 -22.135220 3.978737 2.947657 0.312156 -0.581899
    5 0.000000 -14.313034 0.000000 -0.487806 0.000000 0.000000
    6 -0.000004 -13.013485 -0.000004 0.000000 0.000000 0.000000
    7 -1.330879 -2.698427 0.462449 -0.194886 -0.547260 3.056712
    8 1.330910 2.698444 -0.462436 0.194890 0.547268 -0.084879
    9 2.991418 2.689718 -0.283247 -1.289535 -0.774801 2.298822
    10 3.556210 4.238403 0.987502 -1.090396 0.577049 -0.321829
    11 4.139183 5.092691 1.421975 -1.090396 0.577049 -0.321829
    12 4.777527 6.028128 1.897721 -1.090396 0.577049 -0.321829
    13 5.490345 7.072691 2.428969 -1.090396 0.577049 -0.321829
    14 6.566406 8.640625 3.232422 -1.090396 0.577049 -0.321829
    15 7.558525 6.997282 -2.354134 -1.937336 -0.275393 3.010581
    16 7.558525 6.997282 -2.354134 1.937336 0.275393 -0.131011
    17 -2.867767 -2.740969 0.531125 2.051196 0.577049 -0.321829
    18 4.023291 2.540870 0.357963 1.846788 0.756570 2.690237
    19 -0.022798 4.467698 -3.855669 -2.292080 -0.058242 -2.234415
    20 -0.451574 3.931322 -3.827456 -2.367372 0.397836 -2.662811
    21 -6.227484 0.866640 -6.508050 -3.910114 0.410293 1.246968
    22 6.946648 6.587124 1.429667 -1.090396 0.577049 -0.321829
    23 7.537933 7.453606 1.870349 -1.090396 0.577049 -0.321829
    24 8.154472 8.357077 2.329839 -1.090396 0.577049 -0.321829
    25 8.874294 9.411907 2.866308 -1.090396 0.577049 -0.321829
    26 -4.125858 -2.321501 1.394414 2.051196 0.577049 -0.321829
    27 -4.826813 -3.348669 0.872014 2.051196 0.577049 -0.321829
    28 -5.441669 -4.249685 0.413772 2.051196 0.577049 -0.321829
    29 -0.552532 -1.343527 1.604446 -0.415180 0.312114 -0.422073
    30 0.552589 1.343534 -1.604463 -0.894463 0.283526 -0.501152
    31 0.000000 -2.021618 -0.000004 0.186809 0.000000 0.000000
    32 -0.000021 2.021633 0.000027 -0.049293 0.000000 0.000000
    33 -0.000004 -1.136217 -0.000004 -0.210111 0.000000 0.000000
    34 -0.000011 1.136200 -0.000019 -0.668863 0.000000 0.000000
    35 -0.032677 -4.587727 1.352317 2.844703 1.216154 2.484990
    36 0.032719 4.587772 -1.352291 2.737054 1.172730 2.466486
    37 0.000000 -1.754536 -0.000002 0.662896 0.000000 0.000000
    38 -0.000006 1.754520 -0.000034 0.992574 0.000000 0.000000
    39 0.000000 -1.227020 -0.000002 0.092660 0.000000 0.000000
    40 0.000002 1.227070 0.000032 -0.084673 0.000000 0.000000
    41 -0.367996 -4.208406 0.173244 2.943027 1.091688 2.536231
    42 0.368011 4.208412 -0.173239 4.173659 0.948231 2.660303
    43 0.000000 -2.372318 -0.000004 0.722081 0.000000 0.000000
    44 -0.000006 2.372318 -0.000032 1.033393 0.000000 0.000000
    45 0.000004 -1.580070 -0.000001 0.034255 0.000000 0.000000
    46 -0.000002 1.580170 0.000030 1.191646 0.000000 0.000000
    47 -0.937645 -3.860697 -0.959317 3.044205 1.001841 2.581100
    48 0.937672 3.860714 0.959333 3.470439 1.015689 2.336365
    49 0.000000 -1.690632 0.000000 0.491549 0.000000 0.000000
    50 -0.000013 1.690666 0.000021 1.629345 0.000000 0.000000
    51 -0.000002 -1.423443 0.000002 0.234212 0.000000 0.000000
    52 0.000008 1.423420 0.000028 1.279297 0.000000 0.000000
    53 -1.546646 -3.404194 -1.915569 3.024293 0.944156 2.514436
    54 1.546661 3.404217 1.915585 3.984429 0.794903 2.286380
    55 0.000004 -1.437820 0.000000 0.424958 0.000000 0.000000
    56 -0.000021 1.437870 0.000031 0.937978 0.000000 0.000000
    57 -0.000002 -1.059402 0.000000 0.322075 0.000000 0.000000
    58 0.000006 1.059372 0.000008 1.644791 0.000000 0.000000
    59 -0.000004 -13.013485 -0.000004 0.010936 -0.284123 -0.076426
    60 0.161133 -10.812500 0.023087 0.010936 -0.284123 -0.076426
  time 41
    0 0.000000 0.826660 0.000001 -1.559900 -0.000006 -0.000006
    1 -7.059201 7.545358 -8.025539 -0.864395 -0.207240 0.669050
    2 0.000000 14.313023 0.000003 -2.145458 0.000000 0.000000
    3 -0.000011 13.013483 -0.000005 0.692541 0.458936 0.391763
    4 8.652996 -22.135220 3.978737 2.947657 0.312156 -0.581899
    5 0.000000 -14.313034 0.000000 -0.487806 0.000000 0.000000
    6 -0.000004 -13.013485 -0.000004 0.000000 0.000000 0.000000
    7 -1.330879 -2.698427 0.462449 -0.194886 -0.547260 3.056712
    8 1.330910 2.698444 -0.462436 0.194890 0.547268 -0.084879
    9 2.775043 2.395255 0.070332 -1.678713 -0.816788 2.492499
    10 3.556210 4.238403 0.987502 -1.090396 0.577049 -0.321829
    11 4.139183 5.092691 1.421975 -1.090396 0.577049 -0.321829
    12 4.777527 6.028128 1.897721 -1.090396 0.577049 -0.321829
    13 5.490345 7.072691 2.428969 -1.090396 0.577049 -0.321829
    14 6.566406 8.640625 3.232422 -1.090396 0.577049 -0.321829
    15 7.558525 6.997282 -2.354134 -1.937336 -0.275393 3.010581
    16 7.558525 6.997282 -2.354134 1.937336 0.275393 -0.131011
    17 -2.867767 -2.740969 0.531125 2.051196 0.577049 -0.321829
    18 3.589684 2.005698 0.775944 1.469831 0.748452 2.344900
    19 0.418622 5.202095 -3.410343 -2.323092 0.214645 -2.323003
    20 -0.049218 4.712596 -3.561822 -2.301842 -0.006360 -2.120439
    21 -3.700064 -1.340458 -3.457176 -3.687376 0.674169 1.814319
    22 6.946648 6.587124 1.429667 -1.090396 0.577049 -0.321829
    23 7.537933 7.453606 1.870349 -1.090396 0.577049 -0.321829
    24 8.154472 8.357077 2.329839 -1.090396 0.577049 -0.321829
    25 8.874294 9.411907 2.866308 -1.090396 0.577049 -0.321829
    26 -4.125858 -2.321501 1.394414 2.051196 0.577049 -0.321829
    27 -4.826813 -3.348669 0.872014 2.051196 0.577049 -0.321829
    28 -5.441669 -4.249685 0.413772 2.051196 0.577049 -0.321829
    29 -0.552532 -1.343527 1.604446 -0.415180 0.312114 -0.422073
    30 0.552589 1.343534 -1.604463 -0.631316 0.267230 -0.471590
    31 0.000000 -2.021618 -0.000004 0.186809 0.000000 0.000000
    32 -0.000021 2.021633 0.000027 -0.045489 0.000000 0.000000
    33 -0.000004 -1.136217 -0.000004 -0.210111 0.000000 0.000000
    34 -0.000011 1.136200 -0.000019 -0.609979 0.000000 0.000000
    35 -0.032677 -4.587727 1.352317 2.844703 1.216154 2.484990
    36 0.032719 4.587772 -1.352291 2.568723 1.228327 2.182480
    37 0.000000 -1.754536 -0.000002 0.662896 0.000000 0.000000
    38 -0.000006 1.754520 -0.000034 1.401305 0.000000 0.000000
    39 0.000000 -1.227020 -0.000002 0.092660 0.000000 0.000000
    40 0.000002 1.227070 0.000032 0.124545 0.000000 0.000000
    41 -0.367996 -4.208406 0.173244 2.943027 1.091688 2.536231
    42 0.368011 4.208412 -0.173239 4.061840 0.981413 2.589172
    43 0.000000 -2.372318 -0.000004 0.722081 0.000000 0.000000
    44 -0.000006 2.372318 -0.000032 1.093935 0.000000 0.000000
    45 0.000004 -1.580070 -0.000001 0.034255 0.000000 0.000000
    46 -0.000002 1.580170 0.000030 1.238067 0.000000 0.000000
    47 -0.937645 -3.860697 -0.959317 3.044205 1.001841 2.581100
    48 0.937672 3.860714 0.959333 3.378838 0.977165 2.375198
    49 0.000000 -1.690632 0.000000 0.491549 0.000000 0.000000
    50 -0.000013 1.690666 0.000021 1.781572 0.000000 0.000000
    51 -0.000002 -1.423443 0.000002 0.234212 0.000000 0.000000
    52 0.000008 1.423420 0.000028 1.055759 0.000000 0.000000
    53 -1.546646 -3.404194 -1.915569 3.024293 0.944156 2.514436
    54 1.546661 3.404217 1.915585 4.034729 0.779373 2.297660
    55 0.000004 -1.437820 0.000000 0.424958 0.000000 0.000000
    56 -0.000021 1.437870 0.000031 0.937978 0.000000 0.000000
    57 -0.000002 -1.059402 0.000000 0.322075 0.000000 0.000000
    58 0.000006 1.059372 0.000008 1.644791 0.000000 0.000000
    59 -0.000004 -13.013485 -0.000004 0.010936 -0.284123 -0.076426
    60 0.161133 -10.812500 0.023087 0.010936 -0.284123 -0.076426
  time 42
    0 0.000000 0.826660 0.000001 -1.559900 -0.000006 -0.000006
    1 -7.059201 7.545358 -8.025539 -0.873241 -0.201756 0.669355
    2 0.000000 14.313023 0.000003 -2.157067 0.000000 0.000000
    3 -0.000011 13.013483 -0.000005 0.685661 0.445729 0.397898
    4 8.652996 -22.135220 3.978737 2.947657 0.312156 -0.581899
    5 0.000000 -14.313034 0.000000 -0.487806 0.000000 0.000000
    6 -0.000004 -13.013485 -0.000004 0.000000 0.000000 0.000000
    7 -1.330879 -2.698427 0.462449 -0.194886 -0.547260 3.056712
    8 1.330910 2.698444 -0.462436 0.194890 0.547268 -0.084879
    9 2.249560 1.904483 -0.434781 -2.455345 -0.869192 -3.422180
    10 3.556210 4.238403 0.987502 -1.090396 0.577049 -0.321829
    11 4.139183 5.092691 1.421975 -1.090396 0.577049 -0.321829
    12 4.777527 6.028128 1.897721 -1.090396 0.577049 -0.321829
    13 5.490345 7.072691 2.428969 -1.090396 0.577049 -0.321829
    14 6.566406 8.640625 3.232422 -1.090396 0.577049 -0.321829
    15 7.558525 6.997282 -2.354134 -1.937336 -0.275393 3.010581
    16 7.558525 6.997282 -2.354134 1.937336 0.275393 -0.131011
    17 -2.867767 -2.740969 0.531125 2.051196 0.577049 -0.321829
    18 2.788878 0.974416 0.147019 0.991667 0.421338 1.849136
    19 1.227240 6.358381 -2.379061 -2.620407 0.651373 -2.676202
    20 0.728150 6.111076 -2.803987 -2.344571 -0.162742 -1.706326
    21 -0.156987 -0.797473 -1.601650 -3.526526 0.731520 2.303442
    22 6.946648 6.587124 1.429667 -1.090396 0.577049 -0.321829
    23 7.537933 7.453606 1.870349 -1.090396 0.577049 -0.321829
    24 8.154472 8.357077 2.329839 -1.090396 0.577049 -0.321829
    25 8.874294 9.411907 2.866308 -1.090396 0.577049 -0.321829
    26 -4.125858 -2.321501 1.394414 2.051196 0.577049 -0.321829
    27 -4.826813 -3.348669 0.872014 2.051196 0.577049 -0.321829
    28 -5.441669 -4.249685 0.413772 2.051196 0.577049 -0.321829
    29 -0.552532 -1.343527 1.604446 -0.415180 0.312114 -0.422073
    30 0.552589 1.343534 -1.604463 -0.301716 0.252798 -0.448462
    31 0.000000 -2.021618 -0.000004 0.186809 0.000000 0.000000
    32 -0.000021 2.021633 0.000027 -0.042311 0.000000 0.000000
    33 -0.000004 -1.136217 -0.000004 -0.210111 0.000000 0.000000
    34 -0.000011 1.136200 -0.000019 -0.560530 0.000000 0.000000
    35 -0.032677 -4.587727 1.352317 2.844703 1.216154 2.484990
    36 0.032719 4.587772 -1.352291 2.452567 1.223094 1.961950
    37 0.000000 -1.754536 -0.000002 0.662896 0.000000 0.000000
    38 -0.000006 1.754520 -0.000034 1.587529 0.000000 0.000000
    39 0.000000 -1.227020 -0.000002 0.092660 0.000000 0.000000
    40 0.000002 1.227070 0.000032 0.424758 0.000000 0.000000
    41 -0.367996 -4.208406 0.173244 2.943027 1.091688 2.536231
    42 0.368011 4.208412 -0.173239 3.823474 1.040416 2.433367
    43 0.000000 -2.372318 -0.000004 0.722081 0.000000 0.000000
    44 -0.000006 2.372318 -0.000032 1.137456 0.000000 0.000000
    45 0.000004 -1.580070 -0.000001 0.034255 0.000000 0.000000
    46 -0.000002 1.580170 0.000030 1.277036 0.000000 0.000000
    47 -0.937645 -3.860697 -0.959317 3.044205 1.001841 2.581100
    48 0.937672 3.860714 0.959333 3.282406 0.943176 2.397174
    49 0.000000 -1.690632 0.000000 0.491549 0.000000 0.000000
    50 -0.000013 1.690666 0.000021 1.909462 0.000000 0.000000
    51 -0.000002 -1.423443 0.000002 0.234212 0.000000 0.000000
    52 0.000008 1.423420 0.000028 0.868046 0.000000 0.000000
    53 -1.546646 -3.404194 -1.915569 3.024293 0.944156 2.514436
    54 1.546661 3.404217 1.915585 4.072108 0.767501 2.304336
    55 0.000004 -1.437820 0.000000 0.424958 0.000000 0.000000
    56 -0.000021 1.437870 0.000031 0.937978 0.000000 0.000000
    57 -0.000002 -1.059402 0.000000 0.322075 0.000000 0.000000
    58 0.000006 1.059372 0.000008 1.644791 0.000000 0.000000
    59 -0.000004 -13.013485 -0.000004 0.010936 -0.284123 -0.076426
    60 0.161133 -10.812500 0.023087 0.010936 -0.284123 -0.076426
  time 43
    0 0.000000 0.826660 0.000001 -1.559900 -0.000006 -0.000006
    1 -7.059201 7.545358 -8.025539 -0.881534 -0.197464 0.669508
    2 0.000000 14.313023 0.000003 -2.166231 0.000000 0.000000
    3 -0.000011 13.013483 -0.000005 0.671520 0.430965 0.400486
    4 8.652996 -22.135220 3.978737 2.947657 0.312156 -0.581899
    5 0.000000 -14.313034 0.000000 -0.487806 0.000000 0.000000
    6 -0.000004 -13.013485 -0.000004 0.000000 0.000000 0.000000
    7 -1.330879 -2.698427 0.462449 -0.194886 -0.547260 3.056712
    8 1.330910 2.698444 -0.462436 0.194890 0.547268 -0.084879
    9 2.156827 1.953561 -1.040918 -2.932934 -0.862540 -3.144389
    10 3.556210 4.238403 0.987502 -1.090396 0.577049 -0.321829
    11 4.139183 5.092691 1.421975 -1.090396 0.577049 -0.321829
    12 4.777527 6.028128 1.897721 -1.090396 0.577049 -0.321829
    13 5.490345 7.072691 2.428969 -1.090396 0.577049 -0.321829
    14 6.566406 8.640625 3.232422 -1.090396 0.577049 -0.321829
    15 7.558525 6.997282 -2.354134 -1.937336 -0.275393 3.010581
    16 7.558525 6.997282 -2.354134 1.937336 0.275393 -0.131011
    17 -2.867767 -2.740969 0.531125 2.051196 0.577049 -0.321829
    18 2.605279 0.849412 -0.743633 0.873339 0.135250 1.727185
    19 1.633503 6.866209 -1.589975 -2.987806 0.790318 -3.009938
    20 1.146131 6.802504 -2.089121 -2.355205 0.178033 -1.828547
    21 -0.578875 0.061928 -3.289202 -2.577902 -0.610157 -0.917750
    22 6.946648 6.587124 1.429667 -1.090396 0.577049 -0.321829
    23 7.537933 7.453606 1.870349 -1.090396 0.577049 -0.321829
    24 8.154472 8.357077 2.329839 -1.090396 0.577049 -0.321829
    25 8.874294 9.411907 2.866308 -1.090396 0.577049 -0.321829
    26 -4.125858 -2.321501 1.394414 2.051196 0.577049 -0.321829
    27 -4.826813 -3.348669 0.872014 2.051196 0.577049 -0.321829
    28 -5.441669 -4.249685 0.413772 2.051196 0.577049 -0.321829
    29 -0.552532 -1.343527 1.604446 -0.415180 0.312114 -0.422073
    30 0.552589 1.343534 -1.604463 -0.088977 0.246493 -0.439137
    31 0.000000 -2.021618 -0.000004 0.186809 0.000000 0.000000
    32 -0.000021 2.021633 0.000027 -0.040979 0.000000 0.000000
    33 -0.000004 -1.136217 -0.000004 -0.210111 0.000000 0.000000
    34 -0.000011 1.136200 -0.000019 -0.539756 0.000000 0.000000
    35 -0.032677 -4.587727 1.352317 2.844703 1.216154 2.484990
    36 0.032719 4.587772 -1.352291 2.456734 1.186425 1.888086
    37 0.000000 -1.754536 -0.000002 0.662896 0.000000 0.000000
    38 -0.000006 1.754520 -0.000034 0.719634 0.000000 0.000000
    39 0.000000 -1.227020 -0.000002 0.092660 0.000000 0.000000
    40 0.000002 1.227070 0.000032 1.484357 0.000000 0.000000
    41 -0.367996 -4.208406 0.173244 2.943027 1.091688 2.536231
    42 0.368011 4.208412 -0.173239 3.641960 1.081261 2.324543
    43 0.000000 -2.372318 -0.000004 0.722081 0.000000 0.000000
    44 -0.000006 2.372318 -0.000032 1.154083 0.000000 0.000000
    45 0.000004 -1.580070 -0.000001 0.034255 0.000000 0.000000
    46 -0.000002 1.580170 0.000030 1.293363 0.000000 0.000000
    47 -0.937645 -3.860697 -0.959317 3.044205 1.001841 2.581100
    48 0.937672 3.860714 0.959333 3.217375 0.928648 2.404264
    49 0.000000 -1.690632 0.000000 0.491549 0.000000 0.000000
    50 -0.000013 1.690666 0.000021 1.963092 0.000000 0.000000
    51 -0.000002 -1.423443 0.000002 0.234212 0.000000 0.000000
    52 0.000008 1.423420 0.000028 0.789349 0.000000 0.000000
    53 -1.546646 -3.404194 -1.915569 3.024293 0.944156 2.514436
    54 1.546661 3.404217 1.915585 4.086691 0.762747 2.306562
    55 0.000004 -1.437820 0.000000 0.424958 0.000000 0.000000
    56 -0.000021 1.437870 0.000031 0.937978 0.000000 0.000000
    57 -0.000002 -1.059402 0.000000 0.322075 0.000000 0.000000
    58 0.000006 1.059372 0.000008 1.644791 0.000000 0.000000
    59 -0.000004 -13.013485 -0.000004 0.010936 -0.284123 -0.076426
    60 0.161133 -10.812500 0.023087 0.010936 -0.284123 -0.076426
  time 44
    0 0.000000 0.826660 0.000001 -1.559900 -0.000006 -0.000006
    1 -7.059201 7.545358 -8.025539 -0.885957 -0.198656 0.669508
    2 0.000000 14.313023 0.000003 -2.174296 0.000000 0.000000
    3 -0.000011 13.013483 -0.000005 0.643046 0.402854 0.382944
    4 8.652996 -22.135220 3.978737 2.947657 0.312156 -0.581899
    5 0.000000 -14.313034 0.000000 -0.487806 0.000000 0.000000
    6 -0.000004 -13.013485 -0.000004 0.000000 0.000000 0.000000
    7 -1.330879 -2.698427 0.462449 -0.194886 -0.547260 3.056712
    8 1.330910 2.698444 -0.462436 0.194890 0.547268 -0.084879
    9 2.373203 2.051715 -1.040918 -2.965214 -0.850239 -3.082133
    10 3.556210 4.238403 0.987502 -1.090396 0.577049 -0.321829
    11 4.139183 5.092691 1.421975 -1.090396 0.577049 -0.321829
    12 4.777527 6.028128 1.897721 -1.090396 0.577049 -0.321829
    13 5.490345 7.072691 2.428969 -1.090396 0.577049 -0.321829
    14 6.566406 8.640625 3.232422 -1.090396 0.577049 -0.321829
    15 7.558525 6.997282 -2.354134 -1.937336 -0.275393 3.010581
    16 7.558525 6.997282 -2.354134 1.937336 0.275393 -0.131011
    17 -2.867767 -2.740969 0.531125 2.051196 0.577049 -0.321829
    18 2.851380 0.927540 -0.716289 0.857834 0.116072 1.763138
    19 1.664754 6.920898 -1.445439 -3.016068 0.804902 -2.992298
    20 1.185195 6.853287 -1.948492 -2.355397 0.232204 -1.820591
    21 -0.473403 0.163494 -3.527490 -3.131441 -0.825065 -0.040646
    22 6.946648 6.587124 1.429667 -1.090396 0.577049 -0.321829
    23 7.537933 7.453606 1.870349 -1.090396 0.577049 -0.321829
    24 8.154472 8.357077 2.329839 -1.090396 0.577049 -0.321829
    25 8.874294 9.411907 2.866308 -1.090396 0.577049 -0.321829
    26 -4.125858 -2.321501 1.394414 2.051196 0.577049 -0.321829
    27 -4.826813 -3.348669 0.872014 2.051196 0.577049 -0.321829
    28 -5.441669 -4.249685 0.413772 2.051196 0.577049 -0.321829
    29 -0.552532 -1.343527 1.604446 -0.415180 0.312114 -0.422073
    30 0.552589 1.343534 -1.604463 -0.088977 0.246493 -0.439137
    31 0.000000 -2.021618 -0.000004 0.186809 0.000000 0.000000
    32 -0.000021 2.021633 0.000027 -0.040979 0.000000 0.000000
    33 -0.000004 -1.136217 -0.000004 -0.210111 0.000000 0.000000
    34 -0.000011 1.136200 -0.000019 -0.539756 0.000000 0.000000
    35 -0.032677 -4.587727 1.352317 2.844703 1.216154 2.484990
    36 0.032719 4.587772 -1.352291 2.471405 1.114313 1.880729
    37 0.000000 -1.754536 -0.000002 0.662896 0.000000 0.000000
    38 -0.000006 1.754520 -0.000034 0.360112 0.000000 0.000000
    39 0.000000 -1.227020 -0.000002 0.092660 0.000000 0.000000
    40 0.000002 1.227070 0.000032 1.659559 0.000000 0.000000
    41 -0.367996 -4.208406 0.173244 2.943027 1.091688 2.536231
    42 0.368011 4.208412 -0.173239 3.576216 1.105748 2.315023
    43 0.000000 -2.372318 -0.000004 0.722081 0.000000 0.000000
    44 -0.000006 2.372318 -0.000032 1.152898 0.000000 0.000000
    45 0.000004 -1.580070 -0.000001 0.034255 0.000000 0.000000
    46 -0.000002 1.580170 0.000030 1.292225 0.000000 0.000000
    47 -0.937645 -3.860697 -0.959317 3.044205 1.001841 2.581100
    48 0.937672 3.860714 0.959333 3.186067 0.928648 2.404264
    49 0.000000 -1.690632 0.000000 0.491549 0.000000 0.000000
    50 -0.000013 1.690666 0.000021 1.962792 0.000000 0.000000
    51 -0.000002 -1.423443 0.000002 0.234212 0.000000 0.000000
    52 0.000008 1.423420 0.000028 0.789349 0.000000 0.000000
    53 -1.546646 -3.404194 -1.915569 3.024293 0.944156 2.514436
    54 1.546661 3.404217 1.915585 4.082353 0.762747 2.306562
    55 0.000004 -1.437820 0.000000 0.424958 0.000000 0.000000
    56 -0.000021 1.437870 0.000031 0.937978 0.000000 0.000000
    57 -0.000002 -1.059402 0.000000 0.322075 0.000000 0.000000
    58 0.000006 1.059372 0.000008 1.644791 0.000000 0.000000
    59 -0.000004 -13.013485 -0.000004 0.010936 -0.284123 -0.076426
    60 0.161133 -10.812500 0.023087 0.010936 -0.284123 -0.076426
  time 45
    0 0.000000 0.826660 0.000001 -1.559900 -0.000006 -0.000006
    1 -7.059201 7.545358 -8.025539 -0.892131 -0.196224 0.669584
    2 0.000000 14.313023 0.000003 -2.180467 0.000000 0.000000
    3 -0.000011 13.013483 -0.000005 0.617343 0.385308 0.377960
    4 8.652996 -22.135220 3.978737 2.947657 0.312156 -0.581899
    5 0.000000 -14.313034 0.000000 -0.487806 0.000000 0.000000
    6 -0.000004 -13.013485 -0.000004 0.000000 0.000000 0.000000
    7 -1.330879 -2.698427 0.462449 -0.194886 -0.547260 3.056712
    8 1.330910 2.698444 -0.462436 0.194890 0.547268 -0.084879
    9 2.496846 2.002638 -0.990406 -2.968470 -0.846159 -3.065670
    10 3.556210 4.238403 0.987502 -1.090396 0.577049 -0.321829
    11 4.139183 5.092691 1.421975 -1.090396 0.577049 -0.321829
    12 4.777527 6.028128 1.897721 -1.090396 0.577049 -0.321829
    13 5.490345 7.072691 2.428969 -1.090396 0.577049 -0.321829
    14 6.566406 8.640625 3.232422 -1.090396 0.577049 -0.321829
    15 7.558525 6.997282 -2.354134 -1.937336 -0.275393 3.010581
    16 7.558525 6.997282 -2.354134 1.937336 0.275393 -0.131011
    17 -2.867767 -2.740969 0.531125 2.051196 0.577049 -0.321829
    18 2.968571 0.888476 -0.665506 0.853649 0.114383 1.776656
    19 1.703817 6.866209 -1.382937 -3.018628 0.809174 -2.980218
    20 1.224259 6.790785 -1.889896 -2.361241 0.270573 -1.842159
    21 -0.555436 0.202558 -3.730621 -3.223794 -0.839854 0.094337
    22 6.946648 6.587124 1.429667 -1.090396 0.577049 -0.321829
    23 7.537933 7.453606 1.870349 -1.090396 0.577049 -0.321829
    24 8.154472 8.357077 2.329839 -1.090396 0.577049 -0.321829
    25 8.874294 9.411907 2.866308 -1.090396 0.577049 -0.321829
    26 -4.125858 -2.321501 1.394414 2.051196 0.577049 -0.321829
    27 -4.826813 -3.348669 0.872014 2.051196 0.577049 -0.321829
    28 -5.441669 -4.249685 0.413772 2.051196 0.577049 -0.321829
    29 -0.552532 -1.343527 1.604446 -0.415180 0.312114 -0.422073
    30 0.552589 1.343534 -1.604463 -0.115501 0.279997 -0.447005
    31 0.000000 -2.021618 -0.000004 0.186809 0.000000 0.000000
    32 -0.000021 2.021633 0.000027 -0.037366 0.000000 0.000000
    33 -0.000004 -1.136217 -0.000004 -0.210111 0.000000 0.000000
    34 -0.000011 1.136200 -0.000019 -0.536131 0.000000 0.000000
    35 -0.032677 -4.587727 1.352317 2.844703 1.216154 2.484990
    36 0.032719 4.587772 -1.352291 2.501269 1.027911 1.904694
    37 0.000000 -1.754536 -0.000002 0.662896 0.000000 0.000000
    38 -0.000006 1.754520 -0.000034 0.226499 0.000000 0.000000
    39 0.000000 -1.227020 -0.000002 0.092660 0.000000 0.000000
    40 0.000002 1.227070 0.000032 1.658494 0.000000 0.000000
    41 -0.367996 -4.208406 0.173244 2.943027 1.091688 2.536231
    42 0.368011 4.208412 -0.173239 3.528525 1.128469 2.326246
    43 0.000000 -2.372318 -0.000004 0.722081 0.000000 0.000000
    44 -0.000006 2.372318 -0.000032 1.150091 0.000000 0.000000
    45 0.000004 -1.580070 -0.000001 0.034255 0.000000 0.000000
    46 -0.000002 1.580170 0.000030 1.289323 0.000000 0.000000
    47 -0.937645 -3.860697 -0.959317 3.044205 1.001841 2.581100
    48 0.937672 3.860714 0.959333 3.164978 0.928648 2.404264
    49 0.000000 -1.690632 0.000000 0.491549 0.000000 0.000000
    50 -0.000013 1.690666 0.000021 1.962091 0.000000 0.000000
    51 -0.000002 -1.423443 0.000002 0.234212 0.000000 0.000000
    52 0.000008 1.423420 0.000028 0.789349 0.000000 0.000000
    53 -1.546646 -3.404194 -1.915569 3.024293 0.944156 2.514436
    54 1.546661 3.404217 1.915585 4.071555 0.762747 2.306562
    55 0.000004 -1.437820 0.000000 0.424958 0.000000 0.000000
    56 -0.000021 1.437870 0.000031 0.937978 0.000000 0.000000
    57 -0.000002 -1.059402 0.000000 0.322075 0.000000 0.000000
    58 0.000006 1.059372 0.000008 1.644791 0.000000 0.000000
    59 -0.000004 -13.013485 -0.000004 0.010936 -0.284123 -0.076426
    60 0.161133 -10.812500 0.023087 0.010936 -0.284123 -0.076426
  time 46
    0 0.000000 0.826660 0.000001 -1.559900 -0.000006 -0.000006
    1 -7.059201 7.545358 -8.025539 -0.903834 -0.180487 0.670348
    2 0.000000 14.313023 0.000003 -2.183889 0.000000 0.000000
    3 -0.000011 13.013483 -0.000005 0.635211 0.435352 0.461642
    4 8.652996 -22.135220 3.978737 2.947657 0.312156 -0.581899
    5 0.000000 -14.313034 0.000000 -0.487806 0.000000 0.000000
    6 -0.000004 -13.013485 -0.000004 0.000000 0.000000 0.000000
    7 -1.330879 -2.698427 0.462449 -0.194886 -0.547260 3.056712
    8 1.330910 2.698444 -0.462436 0.194890 0.547268 -0.084879
    9 2.527757 1.855406 -0.939895 -2.953145 -0.848419 -3.079389
    10 3.556210 4.238403 0.987502 -1.090396 0.577049 -0.321829
    11 4.139183 5.092691 1.421975 -1.090396 0.577049 -0.321829
    12 4.777527 6.028128 1.897721 -1.090396 0.577049 -0.321829
    13 5.490345 7.072691 2.428969 -1.090396 0.577049 -0.321829
    14 6.566406 8.640625 3.232422 -1.090396 0.577049 -0.321829
    15 7.558525 6.997282 -2.354134 -1.937336 -0.275393 3.010581
    16 7.558525 6.997282 -2.354134 1.937336 0.275393 -0.131011
    17 -2.867767 -2.740969 0.531125 2.051196 0.577049 -0.321829
    18 2.999822 0.775191 -0.591285 0.857264 0.124081 1.774738
    19 1.742881 6.745111 -1.371218 -3.004403 0.806001 -2.972068
    20 1.267229 6.669687 -1.878177 -2.373504 0.306458 -1.892868
    21 -0.824976 0.253340 -3.965004 -3.005080 -0.850917 -0.216661
    22 6.946648 6.587124 1.429667 -1.090396 0.577049 -0.321829
    23 7.537933 7.453606 1.870349 -1.090396 0.577049 -0.321829
    24 8.154472 8.357077 2.329839 -1.090396 0.577049 -0.321829
    25 8.874294 9.411907 2.866308 -1.090396 0.577049 -0.321829
    26 -4.125858 -2.321501 1.394414 2.051196 0.577049 -0.321829
    27 -4.826813 -3.348669 0.872014 2.051196 0.577049 -0.321829
    28 -5.441669 -4.249685 0.413772 2.051196 0.577049 -0.321829
    29 -0.552532 -1.343527 1.604446 -0.415180 0.312114 -0.422073
    30 0.552589 1.343534 -1.604463 -0.186135 0.366038 -0.467981
    31 0.000000 -2.021618 -0.000004 0.186809 0.000000 0.000000
    32 -0.000021 2.021633 0.000027 -0.028237 0.000000 0.000000
    33 -0.000004 -1.136217 -0.000004 -0.210111 0.000000 0.000000
    34 -0.000011 1.136200 -0.000019 -0.526976 0.000000 0.000000
    35 -0.032677 -4.587727 1.352317 2.844703 1.216154 2.484990
    36 0.032719 4.587772 -1.352291 2.522017 0.986121 1.918496
    37 0.000000 -1.754536 -0.000002 0.662896 0.000000 0.000000
    38 -0.000006 1.754520 -0.000034 0.296979 0.000000 0.000000
    39 0.000000 -1.227020 -0.000002 0.092660 0.000000 0.000000
    40 0.000002 1.227070 0.000032 1.650306 0.000000 0.000000
    41 -0.367996 -4.208406 0.173244 2.943027 1.091688 2.536231
    42 0.368011 4.208412 -0.173239 3.497179 1.148059 2.351943
    43 0.000000 -2.372318 -0.000004 0.722081 0.000000 0.000000
    44 -0.000006 2.372318 -0.000032 1.146318 0.000000 0.000000
    45 0.000004 -1.580070 -0.000001 0.034255 0.000000 0.000000
    46 -0.000002 1.580170 0.000030 1.285455 0.000000 0.000000
    47 -0.937645 -3.860697 -0.959317 3.044205 1.001841 2.581100
    48 0.937672 3.860714 0.959333 3.152250 0.928648 2.404264
    49 0.000000 -1.690632 0.000000 0.491549 0.000000 0.000000
    50 -0.000013 1.690666 0.000021 1.961139 0.000000 0.000000
    51 -0.000002 -1.423443 0.000002 0.234212 0.000000 0.000000
    52 0.000008 1.423420 0.000028 0.789349 0.000000 0.000000
    53 -1.546646 -3.404194 -1.915569 3.024293 0.944156 2.514436
    54 1.546661 3.404217 1.915585 4.057341 0.762747 2.306562
    55 0.000004 -1.437820 0.000000 0.424958 0.000000 0.000000
    56 -0.000021 1.437870 0.000031 0.937978 0.000000 0.000000
    57 -0.000002 -1.059402 0.000000 0.322075 0.000000 0.000000
    58 0.000006 1.059372 0.000008 1.644791 0.000000 0.000000
    59 -0.000004 -13.013485 -0.000004 0.010936 -0.284123 -0.076426
    60 0.161133 -10.812500 0.023087 0.010936 -0.284123 -0.076426
  time 47
    0 0.000000 0.826660 0.000001 -1.559900 -0.000006 -0.000006
    1 -7.059201 7.545358 -8.025539 -0.915813 -0.157834 0.671418
    2 0.000000 14.313023 0.000003 -2.186699 0.000000 0.000000
    3 -0.000011 13.013483 -0.000005 0.711077 0.529922 0.637729
    4 8.652996 -22.135220 3.978737 2.947657 0.312156 -0.581899
    5 0.000000 -14.313034 0.000000 -0.487806 0.000000 0.000000
    6 -0.000004 -13.013485 -0.000004 0.000000 0.000000 0.000000
    7 -1.330879 -2.698427 0.462449 -0.194886 -0.547260 3.056712
    8 1.330910 2.698444 -0.462436 0.194890 0.547268 -0.084879
    9 2.496846 1.708175 -0.838872 -2.929677 -0.853440 -3.107868
    10 3.556210 4.238403 0.987502 -1.090396 0.577049 -0.321829
    11 4.139183 5.092691 1.421975 -1.090396 0.577049 -0.321829
    12 4.777527 6.028128 1.897721 -1.090396 0.577049 -0.321829
    13 5.490345 7.072691 2.428969 -1.090396 0.577049 -0.321829
    14 6.566406 8.640625 3.232422 -1.090396 0.577049 -0.321829
    15 7.558525 6.997282 -2.354134 -1.937336 -0.275393 3.010581
    16 7.558525 6.997282 -2.354134 1.937336 0.275393 -0.131011
    17 -2.867767 -2.740969 0.531125 2.051196 0.577049 -0.321829
    18 2.976384 0.638468 -0.524877 0.864588 0.138683 1.764959
    19 1.781945 6.612295 -1.390750 -2.983159 0.799044 -2.967658
    20 1.302386 6.532964 -1.889896 -2.397263 0.359203 -1.980580
    21 -1.297647 0.425221 -4.336109 -2.797287 -0.820698 -0.531303
    22 6.946648 6.587124 1.429667 -1.090396 0.577049 -0.321829
    23 7.537933 7.453606 1.870349 -1.090396 0.577049 -0.321829
    24 8.154472 8.357077 2.329839 -1.090396 0.577049 -0.321829
    25 8.874294 9.411907 2.866308 -1.090396 0.577049 -0.321829
    26 -4.125858 -2.321501 1.394414 2.051196 0.577049 -0.321829
    27 -4.826813 -3.348669 0.872014 2.051196 0.577049 -0.321829
    28 -5.441669 -4.249685 0.413772 2.051196 0.577049 -0.321829
    29 -0.552532 -1.343527 1.604446 -0.415180 0.312114 -0.422073
    30 0.552589 1.343534 -1.604463 -0.287657 0.481736 -0.499152
    31 0.000000 -2.021618 -0.000004 0.186809 0.000000 0.000000
    32 -0.000021 2.021633 0.000027 -0.016445 0.000000 0.000000
    33 -0.000004 -1.136217 -0.000004 -0.210111 0.000000 0.000000
    34 -0.000011 1.136200 -0.000019 -0.515218 0.000000 0.000000
    35 -0.032677 -4.587727 1.352317 2.844703 1.216154 2.484990
    36 0.032719 4.587772 -1.352291 2.569852 1.038971 1.948603
    37 0.000000 -1.754536 -0.000002 0.662896 0.000000 0.000000
    38 -0.000006 1.754520 -0.000034 0.450956 0.000000 0.000000
    39 0.000000 -1.227020 -0.000002 0.092660 0.000000 0.000000
    40 0.000002 1.227070 0.000032 1.518239 0.000000 0.000000
    41 -0.367996 -4.208406 0.173244 2.943027 1.091688 2.536231
    42 0.368011 4.208412 -0.173239 3.478768 1.163017 2.383444
    43 0.000000 -2.372318 -0.000004 0.722081 0.000000 0.000000
    44 -0.000006 2.372318 -0.000032 1.142589 0.000000 0.000000
    45 0.000004 -1.580070 -0.000001 0.034255 0.000000 0.000000
    46 -0.000002 1.580170 0.000030 1.281700 0.000000 0.000000
    47 -0.937645 -3.860697 -0.959317 3.044205 1.001841 2.581100
    48 0.937672 3.860714 0.959333 3.145747 0.928648 2.404264
    49 0.000000 -1.690632 0.000000 0.491549 0.000000 0.000000
    50 -0.000013 1.690666 0.000021 1.960188 0.000000 0.000000
    51 -0.000002 -1.423443 0.000002 0.234212 0.000000 0.000000
    52 0.000008 1.423420 0.000028 0.789349 0.000000 0.000000
    53 -1.546646 -3.404194 -1.915569 3.024293 0.944156 2.514436
    54 1.546661 3.404217 1.915585 4.043405 0.762747 2.306562
    55 0.000004 -1.437820 0.000000 0.424958 0.000000 0.000000
    56 -0.000021 1.437870 0.000031 0.937978 0.000000 0.000000
    57 -0.000002 -1.059402 0.000000 0.322075 0.000000 0.000000
    58 0.000006 1.059372 0.000008 1.644791 0.000000 0.000000
    59 -0.000004 -13.013485 -0.000004 0.010936 -0.284123 -0.076426
    60 0.161133 -10.812500 0.023087 0.010936 -0.284123 -0.076426
  time 48
    0 0.000000 0.826660 0.000001 -1.559900 -0.000006 -0.000006
    1 -7.059201 7.545358 -8.025539 -0.926410 -0.134896 0.672411
    2 0.000000 14.313023 0.000003 -2.188349 0.000000 0.000000
    3 -0.000011 13.013483 -0.000005 0.821150 0.604918 0.837301
    4 8.652996 -22.135220 3.978737 2.947657 0.312156 -0.581899
    5 0.000000 -14.313034 0.000000 -0.487806 0.000000 0.000000
    6 -0.000004 -13.013485 -0.000004 0.000000 0.000000 0.000000
    7 -1.330879 -2.698427 0.462449 -0.194886 -0.547260 3.056712
    8 1.330910 2.698444 -0.462436 0.194890 0.547268 -0.084879
    9 2.465935 1.610021 -0.788361 -2.907934 -0.858398 -3.136442
    10 3.556210 4.238403 0.987502 -1.090396 0.577049 -0.321829
    11 4.139183 5.092691 1.421975 -1.090396 0.577049 -0.321829
    12 4.777527 6.028128 1.897721 -1.090396 0.577049 -0.321829
    13 5.490345 7.072691 2.428969 -1.090396 0.577049 -0.321829
    14 6.566406 8.640625 3.232422 -1.090396 0.577049 -0.321829
    15 7.558525 6.997282 -2.354134 -1.937336 -0.275393 3.010581
    16 7.558525 6.997282 -2.354134 1.937336 0.275393 -0.131011
    17 -2.867767 -2.740969 0.531125 2.051196 0.577049 -0.321829
    18 2.933414 0.521277 -0.481907 0.871912 0.151976 1.753934
    19 1.809289 6.495104 -1.422001 -2.964097 0.792027 -2.966220
    20 1.325824 6.415773 -1.917241 -2.433573 0.427484 -2.093119
    21 -1.848445 0.800232 -4.812686 -2.607696 -0.748965 -0.837604
    22 6.946648 6.587124 1.429667 -1.090396 0.577049 -0.321829
    23 7.537933 7.453606 1.870349 -1.090396 0.577049 -0.321829
    24 8.154472 8.357077 2.329839 -1.090396 0.577049 -0.321829
    25 8.874294 9.411907 2.866308 -1.090396 0.577049 -0.321829
    26 -4.125858 -2.321501 1.394414 2.051196 0.577049 -0.321829
    27 -4.826813 -3.348669 0.872014 2.051196 0.577049 -0.321829
    28 -5.441669 -4.249685 0.413772 2.051196 0.577049 -0.321829
    29 -0.552532 -1.343527 1.604446 -0.415180 0.312114 -0.422073
    30 0.552589 1.343534 -1.604463 -0.406766 0.605364 -0.538669
    31 0.000000 -2.021618 -0.000004 0.186809 0.000000 0.000000
    32 -0.000021 2.021633 0.000027 -0.004627 0.000000 0.000000
    33 -0.000004 -1.136217 -0.000004 -0.210111 0.000000 0.000000
    34 -0.000011 1.136200 -0.000019 -0.503413 0.000000 0.000000
    35 -0.032677 -4.587727 1.352317 2.844703 1.216154 2.484990
    36 0.032719 4.587772 -1.352291 2.658054 1.135913 2.022467
    37 0.000000 -1.754536 -0.000002 0.662896 0.000000 0.000000
    38 -0.000006 1.754520 -0.000034 0.605296 0.000000 0.000000
    39 0.000000 -1.227020 -0.000002 0.092660 0.000000 0.000000
    40 0.000002 1.227070 0.000032 1.286323 0.000000 0.000000
    41 -0.367996 -4.208406 0.173244 2.943027 1.091688 2.536231
    42 0.368011 4.208412 -0.173239 3.467720 1.172479 2.410766
    43 0.000000 -2.372318 -0.000004 0.722081 0.000000 0.000000
    44 -0.000006 2.372318 -0.000032 1.139737 0.000000 0.000000
    45 0.000004 -1.580070 -0.000001 0.034255 0.000000 0.000000
    46 -0.000002 1.580170 0.000030 1.278799 0.000000 0.000000
    47 -0.937645 -3.860697 -0.959317 3.044205 1.001841 2.581100
    48 0.937672 3.860714 0.959333 3.143239 0.928648 2.404264
    49 0.000000 -1.690632 0.000000 0.491549 0.000000 0.000000
    50 -0.000013 1.690666 0.000021 1.959487 0.000000 0.000000
    51 -0.000002 -1.423443 0.000002 0.234212 0.000000 0.000000
    52 0.000008 1.423420 0.000028 0.789349 0.000000 0.000000
    53 -1.546646 -3.404194 -1.915569 3.024293 0.944156 2.514436
    54 1.546661 3.404217 1.915585 4.032607 0.762747 2.306562
    55 0.000004 -1.437820 0.000000 0.424958 0.000000 0.000000
    56 -0.000021 1.437870 0.000031 0.937978 0.000000 0.000000
    57 -0.000002 -1.059402 0.000000 0.322075 0.000000 0.000000
    58 0.000006 1.059372 0.000008 1.644791 0.000000 0.000000
    59 -0.000004 -13.013485 -0.000004 0.010936 -0.284123 -0.076426
    60 0.161133 -10.812500 0.023087 0.010936 -0.284123 -0.076426
  time 49
    0 0.000000 0.826660 0.000001 -1.559900 -0.000006 -0.000006
    1 -7.059201 7.545358 -8.025539 -0.933689 -0.118825 0.673174
    2 0.000000 14.313023 0.000003 -2.188715 0.000000 0.000000
    3 -0.000011 13.013483 -0.000005 0.892525 0.630576 0.949931
    4 8.652996 -22.135220 3.978737 2.947657 0.312156 -0.581899
    5 0.000000 -14.313034 0.000000 -0.487806 0.000000 0.000000
    6 -0.000004 -13.013485 -0.000004 0.000000 0.000000 0.000000
    7 -1.330879 -2.698427 0.462449 -0.194886 -0.547260 3.056712
    8 1.330910 2.698444 -0.462436 0.194890 0.547268 -0.084879
    9 2.465935 1.560943 -0.788361 -2.898355 -0.860532 -3.149404
    10 3.556210 4.238403 0.987502 -1.090396 0.577049 -0.321829
    11 4.139183 5.092691 1.421975 -1.090396 0.577049 -0.321829
    12 4.777527 6.028128 1.897721 -1.090396 0.577049 -0.321829
    13 5.490345 7.072691 2.428969 -1.090396 0.577049 -0.321829
    14 6.566406 8.640625 3.232422 -1.090396 0.577049 -0.321829
    15 7.558525 6.997282 -2.354134 -1.937336 -0.275393 3.010581
    16 7.558525 6.997282 -2.354134 1.937336 0.275393 -0.131011
    17 -2.867767 -2.740969 0.531125 2.051196 0.577049 -0.321829
    18 2.913882 0.474401 -0.458468 0.875241 0.157642 1.748661
    19 1.817102 6.444321 -1.433720 -2.955941 0.788793 -2.966124
    20 1.333637 6.364990 -1.928960 -2.475918 0.493970 -2.197222
    21 -2.282052 1.284622 -5.242386 -2.384288 -0.551175 -1.225585
    22 6.946648 6.587124 1.429667 -1.090396 0.577049 -0.321829
    23 7.537933 7.453606 1.870349 -1.090396 0.577049 -0.321829
    24 8.154472 8.357077 2.329839 -1.090396 0.577049 -0.321829
    25 8.874294 9.411907 2.866308 -1.090396 0.577049 -0.321829
    26 -4.125858 -2.321501 1.394414 2.051196 0.577049 -0.321829
    27 -4.826813 -3.348669 0.872014 2.051196 0.577049 -0.321829
    28 -5.441669 -4.249685 0.413772 2.051196 0.577049 -0.321829
    29 -0.552532 -1.343527 1.604446 -0.415180 0.312114 -0.422073
    30 0.552589 1.343534 -1.604463 -0.524568 0.714679 -0.582534
    31 0.000000 -2.021618 -0.000004 0.186809 0.000000 0.000000
    32 -0.000021 2.021633 0.000027 0.004475 0.000000 0.000000
    33 -0.000004 -1.136217 -0.000004 -0.210111 0.000000 0.000000
    34 -0.000011 1.136200 -0.000019 -0.494351 0.000000 0.000000
    35 -0.032677 -4.587727 1.352317 2.844703 1.216154 2.484990
    36 0.032719 4.587772 -1.352291 2.716306 1.186945 2.076234
    37 0.000000 -1.754536 -0.000002 0.662896 0.000000 0.000000
    38 -0.000006 1.754520 -0.000034 0.675414 0.000000 0.000000
    39 0.000000 -1.227020 -0.000002 0.092660 0.000000 0.000000
    40 0.000002 1.227070 0.000032 1.162976 0.000000 0.000000
    41 -0.367996 -4.208406 0.173244 2.943027 1.091688 2.536231
    42 0.368011 4.208412 -0.173239 3.457482 1.175744 2.422299
    43 0.000000 -2.372318 -0.000004 0.722081 0.000000 0.000000
    44 -0.000006 2.372318 -0.000032 1.138552 0.000000 0.000000
    45 0.000004 -1.580070 -0.000001 0.034255 0.000000 0.000000
    46 -0.000002 1.580170 0.000030 1.277605 0.000000 0.000000
    47 -0.937645 -3.860697 -0.959317 3.044205 1.001841 2.581100
    48 0.937672 3.860714 0.959333 3.143053 0.928648 2.404264
    49 0.000000 -1.690632 0.000000 0.491549 0.000000 0.000000
    50 -0.000013 1.690666 0.000021 1.959136 0.000000 0.000000
    51 -0.000002 -1.423443 0.000002 0.234212 0.000000 0.000000
    52 0.000008 1.423420 0.000028 0.789349 0.000000 0.000000
    53 -1.546646 -3.404194 -1.915569 3.024293 0.944156 2.514436
    54 1.546661 3.404217 1.915585 4.028269 0.762747 2.306562
    55 0.000004 -1.437820 0.000000 0.424958 0.000000 0.000000
    56 -0.000021 1.437870 0.000031 0.937978 0.000000 0.000000
    57 -0.000002 -1.059402 0.000000 0.322075 0.000000 0.000000
    58 0.000006 1.059372 0.000008 1.644791 0.000000 0.000000
    59 -0.000004 -13.013485 -0.000004 0.010936 -0.284123 -0.076426
    60 0.161133 -10.812500 0.023087 0.010936 -0.284123 -0.076426
  time 50
    0 0.000000 0.826660 0.000001 -1.559900 -0.000006 -0.000006
    1 -7.059201 7.545358 -8.025539 -0.937928 -0.110336 0.673556
    2 0.000000 14.313023 0.000003 -2.188654 0.000000 0.000000
    3 -0.000011 13.013483 -0.000005 0.912208 0.629869 0.973991
    4 8.652996 -22.135220 3.978737 2.947657 0.312156 -0.581899
    5 0.000000 -14.313034 0.000000 -0.487806 0.000000 0.000000
    6 -0.000004 -13.013485 -0.000004 0.000000 0.000000 0.000000
    7 -1.330879 -2.698427 0.462449 -0.194886 -0.547260 3.056712
    8 1.330910 2.698444 -0.462436 0.194890 0.547268 -0.084879
    9 2.465935 1.560943 -0.788361 -2.898355 -0.860532 -3.149404
    10 3.556210 4.238403 0.987502 -1.090396 0.577049 -0.321829
    11 4.139183 5.092691 1.421975 -1.090396 0.577049 -0.321829
    12 4.777527 6.028128 1.897721 -1.090396 0.577049 -0.321829
    13 5.490345 7.072691 2.428969 -1.090396 0.577049 -0.321829
    14 6.566406 8.640625 3.232422 -1.090396 0.577049 -0.321829
    15 7.558525 6.997282 -2.354134 -1.937336 -0.275393 3.010581
    16 7.558525 6.997282 -2.354134 1.937336 0.275393 -0.131011
    17 -2.867767 -2.740969 0.531125 2.051196 0.577049 -0.321829
    18 2.913882 0.474401 -0.458468 0.875241 0.157642 1.748661
    19 1.817102 6.444321 -1.433720 -2.955941 0.788793 -2.966124
    20 1.333637 6.364990 -1.928960 -2.507151 0.535827 -2.260393
    21 -2.500808 1.632289 -5.504113 -2.258692 -0.298013 -1.519327
    22 6.946648 6.587124 1.429667 -1.090396 0.577049 -0.321829
    23 7.537933 7.453606 1.870349 -1.090396 0.577049 -0.321829
    24 8.154472 8.357077 2.329839 -1.090396 0.577049 -0.321829
    25 8.874294 9.411907 2.866308 -1.090396 0.577049 -0.321829
    26 -4.125858 -2.321501 1.394414 2.051196 0.577049 -0.321829
    27 -4.826813 -3.348669 0.872014 2.051196 0.577049 -0.321829
    28 -5.441669 -4.249685 0.413772 2.051196 0.577049 -0.321829
    29 -0.552532 -1.343527 1.604446 -0.415180 0.312114 -0.422073
    30 0.552589 1.343534 -1.604463 -0.613416 0.788150 -0.619530
    31 0.000000 -2.021618 -0.000004 0.186809 0.000000 0.000000
    32 -0.000021 2.021633 0.000027 0.008089 0.000000 0.000000
    33 -0.000004 -1.136217 -0.000004 -0.210111 0.000000 0.000000
    34 -0.000011 1.136200 -0.000019 -0.490726 0.000000 0.000000
    35 -0.032677 -4.587727 1.352317 2.844703 1.216154 2.484990
    36 0.032719 4.587772 -1.352291 2.716306 1.186945 2.076234
    37 0.000000 -1.754536 -0.000002 0.662896 0.000000 0.000000
    38 -0.000006 1.754520 -0.000034 0.675414 0.000000 0.000000
    39 0.000000 -1.227020 -0.000002 0.092660 0.000000 0.000000
    40 0.000002 1.227070 0.000032 1.166038 0.000000 0.000000
    41 -0.367996 -4.208406 0.173244 2.943027 1.091688 2.536231
    42 0.368011 4.208412 -0.173239 3.443111 1.175144 2.417345
    43 0.000000 -2.372318 -0.000004 0.722081 0.000000 0.000000
    44 -0.000006 2.372318 -0.000032 1.138552 0.000000 0.000000
    45 0.000004 -1.580070 -0.000001 0.034255 0.000000 0.000000
    46 -0.000002 1.580170 0.000030 1.277605 0.000000 0.000000
    47 -0.937645 -3.860697 -0.959317 3.044205 1.001841 2.581100
    48 0.937672 3.860714 0.959333 3.143053 0.928648 2.404264
    49 0.000000 -1.690632 0.000000 0.491549 0.000000 0.000000
    50 -0.000013 1.690666 0.000021 1.959136 0.000000 0.000000
    51 -0.000002 -1.423443 0.000002 0.234212 0.000000 0.000000
    52 0.000008 1.423420 0.000028 0.789349 0.000000 0.000000
    53 -1.546646 -3.404194 -1.915569 3.024293 0.944156 2.514436
    54 1.546661 3.404217 1.915585 4.028269 0.762747 2.306562
    55 0.000004 -1.437820 0.000000 0.424958 0.000000 0.000000
    56 -0.000021 1.437870 0.000031 0.937978 0.000000 0.000000
    57 -0.000002 -1.059402 0.000000 0.322075 0.000000 0.000000
    58 0.000006 1.059372 0.000008 1.644791 0.000000 0.000000
    59 -0.000004 -13.013485 -0.000004 0.010936 -0.284123 -0.076426
    60 0.161133 -10.812500 0.023087 0.010936 -0.284123 -0.076426
  time 51
    0 0.000000 0.826660 0.000001 -1.559900 -0.000006 -0.000006
    1 -7.059201 7.545358 -8.025539 -0.940416 -0.104852 0.673785
    2 0.000000 14.313023 0.000003 -2.188532 0.000000 0.000000
    3 -0.000011 13.013483 -0.000005 0.928547 0.628737 0.992971
    4 8.652996 -22.135220 3.978737 2.947657 0.312156 -0.581899
    5 0.000000 -14.313034 0.000000 -0.487806 0.000000 0.000000
    6 -0.000004 -13.013485 -0.000004 0.000000 0.000000 0.000000
    7 -1.330879 -2.698427 0.462449 -0.194886 -0.547260 3.056712
    8 1.330910 2.698444 -0.462436 0.194890 0.547268 -0.084879
    9 2.465935 1.560943 -0.788361 -2.898355 -0.860532 -3.149404
    10 3.556210 4.238403 0.987502 -1.090396 0.577049 -0.321829
    11 4.139183 5.092691 1.421975 -1.090396 0.577049 -0.321829
    12 4.777527 6.028128 1.897721 -1.090396 0.577049 -0.321829
    13 5.490345 7.072691 2.428969 -1.090396 0.577049 -0.321829
    14 6.566406 8.640625 3.232422 -1.090396 0.577049 -0.321829
    15 7.558525 6.997282 -2.354134 -1.937336 -0.275393 3.010581
    16 7.558525 6.997282 -2.354134 1.937336 0.275393 -0.131011
    17 -2.867767 -2.740969 0.531125 2.051196 0.577049 -0.321829
    18 2.913882 0.474401 -0.458468 0.875146 0.157642 1.748661
    19 1.817102 6.448227 -1.433720 -2.955941 0.788793 -2.966124
    20 1.333637 6.368897 -1.928960 -2.522192 0.553743 -2.289439
    21 -2.590655 1.796356 -5.613491 -2.209929 -0.088112 -1.710585
    22 6.946648 6.587124 1.429667 -1.090396 0.577049 -0.321829
    23 7.537933 7.453606 1.870349 -1.090396 0.577049 -0.321829
    24 8.154472 8.357077 2.329839 -1.090396 0.577049 -0.321829
    25 8.874294 9.411907 2.866308 -1.090396 0.577049 -0.321829
    26 -4.125858 -2.321501 1.394414 2.051196 0.577049 -0.321829
    27 -4.826813 -3.348669 0.872014 2.051196 0.577049 -0.321829
    28 -5.441669 -4.249685 0.413772 2.051196 0.577049 -0.321829
    29 -0.552532 -1.343527 1.604446 -0.415180 0.312114 -0.422073
    30 0.552589 1.343534 -1.604463 -0.659120 0.822090 -0.640637
    31 0.000000 -2.021618 -0.000004 0.186809 0.000000 0.000000
    32 -0.000021 2.021633 0.000027 0.008089 0.000000 0.000000
    33 -0.000004 -1.136217 -0.000004 -0.210111 0.000000 0.000000
    34 -0.000011 1.136200 -0.000019 -0.490726 0.000000 0.000000
    35 -0.032677 -4.587727 1.352317 2.844703 1.216154 2.484990
    36 0.032719 4.587772 -1.352291 2.716306 1.186945 2.076234
    37 0.000000 -1.754536 -0.000002 0.662896 0.000000 0.000000
    38 -0.000006 1.754520 -0.000034 0.675414 0.000000 0.000000
    39 0.000000 -1.227020 -0.000002 0.092660 0.000000 0.000000
    40 0.000002 1.227070 0.000032 1.173693 0.000000 0.000000
    41 -0.367996 -4.208406 0.173244 2.943027 1.091688 2.536231
    42 0.368011 4.208412 -0.173239 3.425508 1.173612 2.404961
    43 0.000000 -2.372318 -0.000004 0.722081 0.000000 0.000000
    44 -0.000006 2.372318 -0.000032 1.138552 0.000000 0.000000
    45 0.000004 -1.580070 -0.000001 0.034255 0.000000 0.000000
    46 -0.000002 1.580170 0.000030 1.277605 0.000000 0.000000
    47 -0.937645 -3.860697 -0.959317 3.044205 1.001841 2.581100
    48 0.937672 3.860714 0.959333 3.143053 0.928648 2.404264
    49 0.000000 -1.690632 0.000000 0.491549 0.000000 0.000000
    50 -0.000013 1.690666 0.000021 1.959136 0.000000 0.000000
    51 -0.000002 -1.423443 0.000002 0.234212 0.000000 0.000000
    52 0.000008 1.423420 0.000028 0.789349 0.000000 0.000000
    53 -1.546646 -3.404194 -1.915569 3.024293 0.944156 2.514436
    54 1.546661 3.404217 1.915585 4.028269 0.762747 2.306562
    55 0.000004 -1.437820 0.000000 0.424958 0.000000 0.000000
    56 -0.000021 1.437870 0.000031 0.937978 0.000000 0.000000
    57 -0.000002 -1.059402 0.000000 0.322075 0.000000 0.000000
    58 0.000006 1.059372 0.000008 1.644791 0.000000 0.000000
    59 -0.000004 -13.013485 -0.000004 0.010936 -0.284123 -0.076426
    60 0.161133 -10.812500 0.023087 0.010936 -0.284123 -0.076426
  time 52
    0 0.000000 0.826660 0.000001 -1.559900 -0.000006 -0.000006
    1 -7.059201 7.545358 -8.025539 -0.941614 -0.101514 0.673938
    2 0.000000 14.313023 0.000003 -2.188471 0.000000 0.000000
    3 -0.000011 13.013483 -0.000005 0.942211 0.627369 1.007828
    4 8.652996 -22.135220 3.978737 2.947657 0.312156 -0.581899
    5 0.000000 -14.313034 0.000000 -0.487806 0.000000 0.000000
    6 -0.000004 -13.013485 -0.000004 0.000000 0.000000 0.000000
    7 -1.330879 -2.698427 0.462449 -0.194886 -0.547260 3.056712
    8 1.330910 2.698444 -0.462436 0.194890 0.547268 -0.084879
    9 2.465935 1.560943 -0.788361 -2.898355 -0.860532 -3.149404
    10 3.556210 4.238403 0.987502 -1.090396 0.577049 -0.321829
    11 4.139183 5.092691 1.421975 -1.090396 0.577049 -0.321829
    12 4.777527 6.028128 1.897721 -1.090396 0.577049 -0.321829
    13 5.490345 7.072691 2.428969 -1.090396 0.577049 -0.321829
    14 6.566406 8.640625 3.232422 -1.090396 0.577049 -0.321829
    15 7.558525 6.997282 -2.354134 -1.937336 -0.275393 3.010581
    16 7.558525 6.997282 -2.354134 1.937336 0.275393 -0.131011
    17 -2.867767 -2.740969 0.531125 2.051196 0.577049 -0.321829
    18 2.913882 0.474401 -0.458468 0.875241 0.157642 1.748661
    19 1.817102 6.444321 -1.437626 -2.955941 0.788793 -2.966124
    20 1.333637 6.364990 -1.928960 -2.533593 0.566744 -2.311199
    21 -2.657063 1.917454 -5.687712 -2.193260 0.005921 -1.797538
    22 6.946648 6.587124 1.429667 -1.090396 0.577049 -0.321829
    23 7.537933 7.453606 1.870349 -1.090396 0.577049 -0.321829
    24 8.154472 8.357077 2.329839 -1.090396 0.577049 -0.321829
    25 8.874294 9.411907 2.866308 -1.090396 0.577049 -0.321829
    26 -4.125858 -2.321501 1.394414 2.051196 0.577049 -0.321829
    27 -4.826813 -3.348669 0.872014 2.051196 0.577049 -0.321829
    28 -5.441669 -4.249685 0.413772 2.051196 0.577049 -0.321829
    29 -0.552532 -1.343527 1.604446 -0.415180 0.312114 -0.422073
    30 0.552589 1.343534 -1.604463 -0.674878 0.831725 -0.649266
    31 0.000000 -2.021618 -0.000004 0.186809 0.000000 0.000000
    32 -0.000021 2.021633 0.000027 0.008089 0.000000 0.000000
    33 -0.000004 -1.136217 -0.000004 -0.210111 0.000000 0.000000
    34 -0.000011 1.136200 -0.000019 -0.490726 0.000000 0.000000
    35 -0.032677 -4.587727 1.352317 2.844703 1.216154 2.484990
    36 0.032719 4.587772 -1.352291 2.716306 1.186945 2.076234
    37 0.000000 -1.754536 -0.000002 0.662896 0.000000 0.000000
    38 -0.000006 1.754520 -0.000034 0.675414 0.000000 0.000000
    39 0.000000 -1.227020 -0.000002 0.092660 0.000000 0.000000
    40 0.000002 1.227070 0.000032 1.183678 0.000000 0.000000
    41 -0.367996 -4.208406 0.173244 2.943027 1.091688 2.536231
    42 0.368011 4.208412 -0.173239 3.407276 1.171513 2.388940
    43 0.000000 -2.372318 -0.000004 0.722081 0.000000 0.000000
    44 -0.000006 2.372318 -0.000032 1.138552 0.000000 0.000000
    45 0.000004 -1.580070 -0.000001 0.034255 0.000000 0.000000
    46 -0.000002 1.580170 0.000030 1.277605 0.000000 0.000000
    47 -0.937645 -3.860697 -0.959317 3.044205 1.001841 2.581100
    48 0.937672 3.860714 0.959333 3.143053 0.928648 2.404264
    49 0.000000 -1.690632 0.000000 0.491549 0.000000 0.000000
    50 -0.000013 1.690666 0.000021 1.959136 0.000000 0.000000
    51 -0.000002 -1.423443 0.000002 0.234212 0.000000 0.000000
    52 0.000008 1.423420 0.000028 0.789349 0.000000 0.000000
    53 -1.546646 -3.404194 -1.915569 3.024293 0.944156 2.514436
    54 1.546661 3.404217 1.915585 4.028269 0.762747 2.306562
    55 0.000004 -1.437820 0.000000 0.424958 0.000000 0.000000
    56 -0.000021 1.437870 0.000031 0.937978 0.000000 0.000000
    57 -0.000002 -1.059402 0.000000 0.322075 0.000000 0.000000
    58 0.000006 1.059372 0.000008 1.644791 0.000000 0.000000
    59 -0.000004 -13.013485 -0.000004 0.010936 -0.284123 -0.076426
    60 0.161133 -10.812500 0.023087 0.010936 -0.284123 -0.076426
  time 53
    0 0.000000 0.826660 0.000001 -1.559900 -0.000006 -0.000006
    1 -7.059201 7.545358 -8.025539 -0.942167 -0.099558 0.674015
    2 0.000000 14.313023 0.000003 -2.188471 0.000000 0.000000
    3 -0.000011 13.013483 -0.000005 0.953294 0.626048 1.019619
    4 8.652996 -22.135220 3.978737 2.947657 0.312156 -0.581899
    5 0.000000 -14.313034 0.000000 -0.487806 0.000000 0.000000
    6 -0.000004 -13.013485 -0.000004 0.000000 0.000000 0.000000
    7 -1.330879 -2.698427 0.462449 -0.194886 -0.547260 3.056712
    8 1.330910 2.698444 -0.462436 0.194890 0.547268 -0.084879
    9 2.465935 1.560943 -0.788361 -2.898355 -0.860532 -3.149404
    10 3.556210 4.238403 0.987502 -1.090396 0.577049 -0.321829
    11 4.139183 5.092691 1.421975 -1.090396 0.577049 -0.321829
    12 4.777527 6.028128 1.897721 -1.090396 0.577049 -0.321829
    13 5.490345 7.072691 2.428969 -1.090396 0.577049 -0.321829
    14 6.566406 8.640625 3.232422 -1.090396 0.577049 -0.321829
    15 7.558525 6.997282 -2.354134 -1.937336 -0.275393 3.010581
    16 7.558525 6.997282 -2.354134 1.937336 0.275393 -0.131011
    17 -2.867767 -2.740969 0.531125 2.051196 0.577049 -0.321829
    18 2.913882 0.474401 -0.458468 0.875241 0.157642 1.748661
    19 1.817102 6.444321 -1.433720 -2.955941 0.788793 -2.966124
    20 1.333637 6.364990 -1.928960 -2.541927 0.575570 -2.326344
    21 -2.700033 1.999488 -5.742402 -2.178698 -0.061678 -1.768106
    22 6.946648 6.587124 1.429667 -1.090396 0.577049 -0.321829
    23 7.537933 7.453606 1.870349 -1.090396 0.577049 -0.321829
    24 8.154472 8.357077 2.329839 -1.090396 0.577049 -0.321829
    25 8.874294 9.411907 2.866308 -1.090396 0.577049 -0.321829
    26 -4.125858 -2.321501 1.394414 2.051196 0.577049 -0.321829
    27 -4.826813 -3.348669 0.872014 2.051196 0.577049 -0.321829
    28 -5.441669 -4.249685 0.413772 2.051196 0.577049 -0.321829
    29 -0.552532 -1.343527 1.604446 -0.415180 0.312114 -0.422073
    30 0.552589 1.343534 -1.604463 -0.670618 0.826333 -0.648919
    31 0.000000 -2.021618 -0.000004 0.186809 0.000000 0.000000
    32 -0.000021 2.021633 0.000027 0.008089 0.000000 0.000000
    33 -0.000004 -1.136217 -0.000004 -0.210111 0.000000 0.000000
    34 -0.000011 1.136200 -0.000019 -0.490726 0.000000 0.000000
    35 -0.032677 -4.587727 1.352317 2.844703 1.216154 2.484990
    36 0.032719 4.587772 -1.352291 2.716306 1.186945 2.076234
    37 0.000000 -1.754536 -0.000002 0.662896 0.000000 0.000000
    38 -0.000006 1.754520 -0.000034 0.675414 0.000000 0.000000
    39 0.000000 -1.227020 -0.000002 0.092660 0.000000 0.000000
    40 0.000002 1.227070 0.000032 1.193663 0.000000 0.000000
    41 -0.367996 -4.208406 0.173244 2.943027 1.091688 2.536231
    42 0.368011 4.208412 -0.173239 3.391289 1.169381 2.373150
    43 0.000000 -2.372318 -0.000004 0.722081 0.000000 0.000000
    44 -0.000006 2.372318 -0.000032 1.138552 0.000000 0.000000
    45 0.000004 -1.580070 -0.000001 0.034255 0.000000 0.000000
    46 -0.000002 1.580170 0.000030 1.277605 0.000000 0.000000
    47 -0.937645 -3.860697 -0.959317 3.044205 1.001841 2.581100
    48 0.937672 3.860714 0.959333 3.143053 0.928648 2.404264
    49 0.000000 -1.690632 0.000000 0.491549 0.000000 0.000000
    50 -0.000013 1.690666 0.000021 1.959136 0.000000 0.000000
    51 -0.000002 -1.423443 0.000002 0.234212 0.000000 0.000000
    52 0.000008 1.423420 0.000028 0.789349 0.000000 0.000000
    53 -1.546646 -3.404194 -1.915569 3.024293 0.944156 2.514436
    54 1.546661 3.404217 1.915585 4.028269 0.762747 2.306562
    55 0.000004 -1.437820 0.000000 0.424958 0.000000 0.000000
    56 -0.000021 1.437870 0.000031 0.937978 0.000000 0.000000
    57 -0.000002 -1.059402 0.000000 0.322075 0.000000 0.000000
    58 0.000006 1.059372 0.000008 1.644791 0.000000 0.000000
    59 -0.000004 -13.013485 -0.000004 0.010936 -0.284123 -0.076426
    60 0.161133 -10.812500 0.023087 0.010936 -0.284123 -0.076426
  time 54
    0 0.000000 0.826660 0.000001 -1.559900 -0.000006 -0.000006
    1 -7.059201 7.545358 -8.025539 -0.942443 -0.098128 0.674091
    2 0.000000 14.313023 0.000003 -2.188410 0.000000 0.000000
    3 -0.000011 13.013483 -0.000005 0.962372 0.624775 1.028917
    4 8.652996 -22.135220 3.978737 2.947657 0.312156 -0.581899
    5 0.000000 -14.313034 0.000000 -0.487806 0.000000 0.000000
    6 -0.000004 -13.013485 -0.000004 0.000000 0.000000 0.000000
    7 -1.330879 -2.698427 0.462449 -0.194886 -0.547260 3.056712
    8 1.330910 2.698444 -0.462436 0.194890 0.547268 -0.084879
    9 2.465935 1.560943 -0.788361 -2.898355 -0.860532 -3.149404
    10 3.556210 4.238403 0.987502 -1.090396 0.577049 -0.321829
    11 4.139183 5.092691 1.421975 -1.090396 0.577049 -0.321829
    12 4.777527 6.028128 1.897721 -1.090396 0.577049 -0.321829
    13 5.490345 7.072691 2.428969 -1.090396 0.577049 -0.321829
    14 6.566406 8.640625 3.232422 -1.090396 0.577049 -0.321829
    15 7.558525 6.997282 -2.354134 -1.937336 -0.275393 3.010581
    16 7.558525 6.997282 -2.354134 1.937336 0.275393 -0.131011
    17 -2.867767 -2.740969 0.531125 2.051196 0.577049 -0.321829
    18 2.913882 0.474401 -0.458468 0.875241 0.157642 1.748661
    19 1.817102 6.444321 -1.433720 -2.955941 0.788793 -2.966124
    20 1.333637 6.364990 -1.928960 -2.547293 0.580960 -2.336122
    21 -2.731284 2.058083 -5.781465 -2.174675 -0.197226 -1.693233
    22 6.946648 6.587124 1.429667 -1.090396 0.577049 -0.321829
    23 7.537933 7.453606 1.870349 -1.090396 0.577049 -0.321829
    24 8.154472 8.357077 2.329839 -1.090396 0.577049 -0.321829
    25 8.874294 9.411907 2.866308 -1.090396 0.577049 -0.321829
    26 -4.125858 -2.321501 1.394414 2.051196 0.577049 -0.321829
    27 -4.826813 -3.348669 0.872014 2.051196 0.577049 -0.321829
    28 -5.441669 -4.249685 0.413772 2.051196 0.577049 -0.321829
    29 -0.552532 -1.343527 1.604446 -0.415180 0.312114 -0.422073
    30 0.552589 1.343534 -1.604463 -0.657866 0.814993 -0.644484
    31 0.000000 -2.021618 -0.000004 0.186809 0.000000 0.000000
    32 -0.000021 2.021633 0.000027 0.008089 0.000000 0.000000
    33 -0.000004 -1.136217 -0.000004 -0.210111 0.000000 0.000000
    34 -0.000011 1.136200 -0.000019 -0.490726 0.000000 0.000000
    35 -0.032677 -4.587727 1.352317 2.844703 1.216154 2.484990
    36 0.032719 4.587772 -1.352291 2.716306 1.186945 2.076234
    37 0.000000 -1.754536 -0.000002 0.662896 0.000000 0.000000
    38 -0.000006 1.754520 -0.000034 0.675414 0.000000 0.000000
    39 0.000000 -1.227020 -0.000002 0.092660 0.000000 0.000000
    40 0.000002 1.227070 0.000032 1.201318 0.000000 0.000000
    41 -0.367996 -4.208406 0.173244 2.943027 1.091688 2.536231
    42 0.368011 4.208412 -0.173239 3.379882 1.167648 2.361076
    43 0.000000 -2.372318 -0.000004 0.722081 0.000000 0.000000
    44 -0.000006 2.372318 -0.000032 1.138552 0.000000 0.000000
    45 0.000004 -1.580070 -0.000001 0.034255 0.000000 0.000000
    46 -0.000002 1.580170 0.000030 1.277605 0.000000 0.000000
    47 -0.937645 -3.860697 -0.959317 3.044205 1.001841 2.581100
    48 0.937672 3.860714 0.959333 3.143053 0.928648 2.404264
    49 0.000000 -1.690632 0.000000 0.491549 0.000000 0.000000
    50 -0.000013 1.690666 0.000021 1.959136 0.000000 0.000000
    51 -0.000002 -1.423443 0.000002 0.234212 0.000000 0.000000
    52 0.000008 1.423420 0.000028 0.789349 0.000000 0.000000
    53 -1.546646 -3.404194 -1.915569 3.024293 0.944156 2.514436
    54 1.546661 3.404217 1.915585 4.028269 0.762747 2.306562
    55 0.000004 -1.437820 0.000000 0.424958 0.000000 0.000000
    56 -0.000021 1.437870 0.000031 0.937978 0.000000 0.000000
    57 -0.000002 -1.059402 0.000000 0.322075 0.000000 0.000000
    58 0.000006 1.059372 0.000008 1.644791 0.000000 0.000000
    59 -0.000004 -13.013485 -0.000004 0.010936 -0.284123 -0.076426
    60 0.161133 -10.812500 0.023087 0.010936 -0.284123 -0.076426
  time 55
    0 0.000000 0.826660 0.000001 -1.559900 -0.000006 -0.000006
    1 -7.059201 7.545358 -8.025539 -0.942996 -0.096506 0.674167
    2 0.000000 14.313023 0.000003 -2.188410 0.000000 0.000000
    3 -0.000011 13.013483 -0.000005 0.969729 0.623737 1.037256
    4 8.652996 -22.135220 3.978737 2.947657 0.312156 -0.581899
    5 0.000000 -14.313034 0.000000 -0.487806 0.000000 0.000000
    6 -0.000004 -13.013485 -0.000004 0.000000 0.000000 0.000000
    7 -1.330879 -2.698427 0.462449 -0.194886 -0.547260 3.056712
    8 1.330910 2.698444 -0.462436 0.194890 0.547268 -0.084879
    9 2.465935 1.560943 -0.788361 -2.898355 -0.860532 -3.149404
    10 3.556210 4.238403 0.987502 -1.090396 0.577049 -0.321829
    11 4.139183 5.092691 1.421975 -1.090396 0.577049 -0.321829
    12 4.777527 6.028128 1.897721 -1.090396 0.577049 -0.321829
    13 5.490345 7.072691 2.428969 -1.090396 0.577049 -0.321829
    14 6.566406 8.640625 3.232422 -1.090396 0.577049 -0.321829
    15 7.558525 6.997282 -2.354134 -1.937336 -0.275393 3.010581
    16 7.558525 6.997282 -2.354134 1.937336 0.275393 -0.131011
    17 -2.867767 -2.740969 0.531125 2.051196 0.577049 -0.321829
    18 2.913882 0.474401 -0.458468 0.875241 0.157642 1.748661
    19 1.817102 6.448227 -1.433720 -2.955941 0.788793 -2.966124
    20 1.333637 6.368897 -1.928960 -2.550071 0.583920 -2.341299
    21 -2.743003 2.089334 -5.797091 -2.179177 -0.270007 -1.651626
    22 6.946648 6.587124 1.429667 -1.090396 0.577049 -0.321829
    23 7.537933 7.453606 1.870349 -1.090396 0.577049 -0.321829
    24 8.154472 8.357077 2.329839 -1.090396 0.577049 -0.321829
    25 8.874294 9.411907 2.866308 -1.090396 0.577049 -0.321829
    26 -4.125858 -2.321501 1.394414 2.051196 0.577049 -0.321829
    27 -4.826813 -3.348669 0.872014 2.051196 0.577049 -0.321829
    28 -5.441669 -4.249685 0.413772 2.051196 0.577049 -0.321829
    29 -0.552532 -1.343527 1.604446 -0.415180 0.312114 -0.422073
    30 0.552589 1.343534 -1.604463 -0.647962 0.806706 -0.640680
    31 0.000000 -2.021618 -0.000004 0.186809 0.000000 0.000000
    32 -0.000021 2.021633 0.000027 0.008089 0.000000 0.000000
    33 -0.000004 -1.136217 -0.000004 -0.210111 0.000000 0.000000
    34 -0.000011 1.136200 -0.000019 -0.490726 0.000000 0.000000
    35 -0.032677 -4.587727 1.352317 2.844703 1.216154 2.484990
    36 0.032719 4.587772 -1.352291 2.716306 1.186945 2.076234
    37 0.000000 -1.754536 -0.000002 0.662896 0.000000 0.000000
    38 -0.000006 1.754520 -0.000034 0.675414 0.000000 0.000000
    39 0.000000 -1.227020 -0.000002 0.092660 0.000000 0.000000
    40 0.000002 1.227070 0.000032 1.204380 0.000000 0.000000
    41 -0.367996 -4.208406 0.173244 2.943027 1.091688 2.536231
    42 0.368011 4.208412 -0.173239 3.375571 1.166949 2.356277
    43 0.000000 -2.372318 -0.000004 0.722081 0.000000 0.000000
    44 -0.000006 2.372318 -0.000032 1.138552 0.000000 0.000000
    45 0.000004 -1.580070 -0.000001 0.034255 0.000000 0.000000
    46 -0.000002 1.580170 0.000030 1.277605 0.000000 0.000000
    47 -0.937645 -3.860697 -0.959317 3.044205 1.001841 2.581100
    48 0.937672 3.860714 0.959333 3.143053 0.928648 2.404264
    49 0.000000 -1.690632 0.000000 0.491549 0.000000 0.000000
    50 -0.000013 1.690666 0.000021 1.959136 0.000000 0.000000
    51 -0.000002 -1.423443 0.000002 0.234212 0.000000 0.000000
    52 0.000008 1.423420 0.000028 0.789349 0.000000 0.000000
    53 -1.546646 -3.404194 -1.915569 3.024293 0.944156 2.514436
    54 1.546661 3.404217 1.915585 4.028269 0.762747 2.306562
    55 0.000004 -1.437820 0.000000 0.424958 0.000000 0.000000
    56 -0.000021 1.437870 0.000031 0.937978 0.000000 0.000000
    57 -0.000002 -1.059402 0.000000 0.322075 0.000000 0.000000
    58 0.000006 1.059372 0.000008 1.644791 0.000000 0.000000
    59 -0.000004 -13.013485 -0.000004 0.010936 -0.284123 -0.076426
    60 0.161133 -10.812500 0.023087 0.010936 -0.284123 -0.076426
  time 56
    0 0.000000 0.826660 0.000001 -1.559900 -0.000006 -0.000006
    1 -7.059201 7.545358 -8.025539 -0.943641 -0.095219 0.674244
    2 0.000000 14.313023 0.000003 -2.188349 0.000000 0.000000
    3 -0.000011 13.013483 -0.000005 0.973551 0.623124 1.042241
    4 8.652996 -22.135220 3.978737 2.947657 0.312156 -0.581899
    5 0.000000 -14.313034 0.000000 -0.487806 0.000000 0.000000
    6 -0.000004 -13.013485 -0.000004 0.000000 0.000000 0.000000
    7 -1.330879 -2.698427 0.462449 -0.194886 -0.547260 3.056712
    8 1.330910 2.698444 -0.462436 0.194890 0.547268 -0.084879
    9 2.465935 1.560943 -0.788361 -2.898355 -0.860532 -3.149404
    10 3.556210 4.238403 0.987502 -1.090396 0.577049 -0.321829
    11 4.139183 5.092691 1.421975 -1.090396 0.577049 -0.321829
    12 4.777527 6.028128 1.897721 -1.090396 0.577049 -0.321829
    13 5.490345 7.072691 2.428969 -1.090396 0.577049 -0.321829
    14 6.566406 8.640625 3.232422 -1.090396 0.577049 -0.321829
    15 7.558525 6.997282 -2.354134 -1.937336 -0.275393 3.010581
    16 7.558525 6.997282 -2.354134 1.937336 0.275393 -0.131011
    17 -2.867767 -2.740969 0.531125 2.051196 0.577049 -0.321829
    18 2.913882 0.474401 -0.458468 0.875146 0.157642 1.748661
    19 1.817102 6.448227 -1.433720 -2.955941 0.788793 -2.966124
    20 1.333637 6.368897 -1.928960 -2.551029 0.584766 -2.342832
    21 -2.746909 2.093240 -5.804904 -2.179177 -0.268726 -1.652680
    22 6.946648 6.587124 1.429667 -1.090396 0.577049 -0.321829
    23 7.537933 7.453606 1.870349 -1.090396 0.577049 -0.321829
    24 8.154472 8.357077 2.329839 -1.090396 0.577049 -0.321829
    25 8.874294 9.411907 2.866308 -1.090396 0.577049 -0.321829
    26 -4.125858 -2.321501 1.394414 2.051196 0.577049 -0.321829
    27 -4.826813 -3.348669 0.872014 2.051196 0.577049 -0.321829
    28 -5.441669 -4.249685 0.413772 2.051196 0.577049 -0.321829
    29 -0.552532 -1.343527 1.604446 -0.415180 0.312114 -0.422073
    30 0.552589 1.343534 -1.604463 -0.644878 0.804327 -0.639441
    31 0.000000 -2.021618 -0.000004 0.186809 0.000000 0.000000
    32 -0.000021 2.021633 0.000027 0.008089 0.000000 0.000000
    33 -0.000004 -1.136217 -0.000004 -0.210111 0.000000 0.000000
    34 -0.000011 1.136200 -0.000019 -0.490726 0.000000 0.000000
    35 -0.032677 -4.587727 1.352317 2.844703 1.216154 2.484990
    36 0.032719 4.587772 -1.352291 2.716306 1.186945 2.076234
    37 0.000000 -1.754536 -0.000002 0.662896 0.000000 0.000000
    38 -0.000006 1.754520 -0.000034 0.675414 0.000000 0.000000
    39 0.000000 -1.227020 -0.000002 0.092660 0.000000 0.000000
    40 0.000002 1.227070 0.000032 1.204380 0.000000 0.000000
    41 -0.367996 -4.208406 0.173244 2.943027 1.091688 2.536231
    42 0.368011 4.208412 -0.173239 3.375571 1.166949 2.356277
    43 0.000000 -2.372318 -0.000004 0.722081 0.000000 0.000000
    44 -0.000006 2.372318 -0.000032 1.138552 0.000000 0.000000
    45 0.000004 -1.580070 -0.000001 0.034255 0.000000 0.000000
    46 -0.000002 1.580170 0.000030 1.277605 0.000000 0.000000
    47 -0.937645 -3.860697 -0.959317 3.044205 1.001841 2.581100
    48 0.937672 3.860714 0.959333 3.143053 0.928648 2.404264
    49 0.000000 -1.690632 0.000000 0.491549 0.000000 0.000000
    50 -0.000013 1.690666 0.000021 1.959136 0.000000 0.000000
    51 -0.000002 -1.423443 0.000002 0.234212 0.000000 0.000000
    52 0.000008 1.423420 0.000028 0.789349 0.000000 0.000000
    53 -1.546646 -3.404194 -1.915569 3.024293 0.944156 2.514436
    54 1.546661 3.404217 1.915585 4.028269 0.762747 2.306562
    55 0.000004 -1.437820 0.000000 0.424958 0.000000 0.000000
    56 -0.000021 1.437870 0.000031 0.937978 0.000000 0.000000
    57 -0.000002 -1.059402 0.000000 0.322075 0.000000 0.000000
    58 0.000006 1.059372 0.000008 1.644791 0.000000 0.000000
    59 -0.000004 -13.013485 -0.000004 0.010936 -0.284123 -0.076426
    60 0.161133 -10.812500 0.023087 0.010936 -0.284123 -0.076426
  time 57
    0 0.000000 0.826660 0.000001 -1.559900 -0.000006 -0.000006
    1 -7.059201 7.545358 -8.025539 -0.943641 -0.095028 0.674244
    2 0.000000 14.313023 0.000003 -2.188349 0.000000 0.000000
    3 -0.000011 13.013483 -0.000005 0.973169 0.622983 1.042816
    4 8.652996 -22.135220 3.978737 2.947657 0.312156 -0.581899
    5 0.000000 -14.313034 0.000000 -0.487806 0.000000 0.000000
    6 -0.000004 -13.013485 -0.000004 0.000000 0.000000 0.000000
    7 -1.330879 -2.698427 0.462449 -0.194886 -0.547260 3.056712
    8 1.330910 2.698444 -0.462436 0.194890 0.547268 -0.084879
    9 2.465935 1.560943 -0.788361 -2.898355 -0.860532 -3.149404
    10 3.556210 4.238403 0.987502 -1.090396 0.577049 -0.321829
    11 4.139183 5.092691 1.421975 -1.090396 0.577049 -0.321829
    12 4.777527 6.028128 1.897721 -1.090396 0.577049 -0.321829
    13 5.490345 7.072691 2.428969 -1.090396 0.577049 -0.321829
    14 6.566406 8.640625 3.232422 -1.090396 0.577049 -0.321829
    15 7.558525 6.997282 -2.354134 -1.937336 -0.275393 3.010581
    16 7.558525 6.997282 -2.354134 1.937336 0.275393 -0.131011
    17 -2.867767 -2.740969 0.531125 2.051196 0.577049 -0.321829
    18 2.913882 0.474401 -0.458468 0.875241 0.157642 1.748661
    19 1.817102 6.444321 -1.433720 -2.955941 0.788793 -2.966124
    20 1.333637 6.364990 -1.928960 -2.550646 0.584396 -2.342161
    21 -2.746909 2.089334 -5.797091 -2.179273 -0.269250 -1.652297
    22 6.946648 6.587124 1.429667 -1.090396 0.577049 -0.321829
    23 7.537933 7.453606 1.870349 -1.090396 0.577049 -0.321829
    24 8.154472 8.357077 2.329839 -1.090396 0.577049 -0.321829
    25 8.874294 9.411907 2.866308 -1.090396 0.577049 -0.321829
    26 -4.125858 -2.321501 1.394414 2.051196 0.577049 -0.321829
    27 -4.826813 -3.348669 0.872014 2.051196 0.577049 -0.321829
    28 -5.441669 -4.249685 0.413772 2.051196 0.577049 -0.321829
    29 -0.552532 -1.343527 1.604446 -0.415180 0.312114 -0.422073
    30 0.552589 1.343534 -1.604463 -0.644539 0.804089 -0.639289
    31 0.000000 -2.021618 -0.000004 0.186809 0.000000 0.000000
    32 -0.000021 2.021633 0.000027 0.008089 0.000000 0.000000
    33 -0.000004 -1.136217 -0.000004 -0.210111 0.000000 0.000000
    34 -0.000011 1.136200 -0.000019 -0.490726 0.000000 0.000000
    35 -0.032677 -4.587727 1.352317 2.844703 1.216154 2.484990
    36 0.032719 4.587772 -1.352291 2.716306 1.186945 2.076234
    37 0.000000 -1.754536 -0.000002 0.662896 0.000000 0.000000
    38 -0.000006 1.754520 -0.000034 0.675414 0.000000 0.000000
    39 0.000000 -1.227020 -0.000002 0.092660 0.000000 0.000000
    40 0.000002 1.227070 0.000032 1.204380 0.000000 0.000000
    41 -0.367996 -4.208406 0.173244 2.943027 1.091688 2.536231
    42 0.368011 4.208412 -0.173239 3.375571 1.166949 2.356277
    43 0.000000 -2.372318 -0.000004 0.722081 0.000000 0.000000
    44 -0.000006 2.372318 -0.000032 1.138552 0.000000 0.000000
    45 0.000004 -1.580070 -0.000001 0.034255 0.000000 0.000000
    46 -0.000002 1.580170 0.000030 1.277605 0.000000 0.000000
    47 -0.937645 -3.860697 -0.959317 3.044205 1.001841 2.581100
    48 0.937672 3.860714 0.959333 3.143053 0.928648 2.404264
    49 0.000000 -1.690632 0.000000 0.491549 0.000000 0.000000
    50 -0.000013 1.690666 0.000021 1.959136 0.000000 0.000000
    51 -0.000002 -1.423443 0.000002 0.234212 0.000000 0.000000
    52 0.000008 1.423420 0.000028 0.789349 0.000000 0.000000
    53 -1.546646 -3.404194 -1.915569 3.024293 0.944156 2.514436
    54 1.546661 3.404217 1.915585 4.028269 0.762747 2.306562
    55 0.000004 -1.437820 0.000000 0.424958 0.000000 0.000000
    56 -0.000021 1.437870 0.000031 0.937978 0.000000 0.000000
    57 -0.000002 -1.059402 0.000000 0.322075 0.000000 0.000000
    58 0.000006 1.059372 0.000008 1.644791 0.000000 0.000000
    59 -0.000004 -13.013485 -0.000004 0.010936 -0.284123 -0.076426
    60 0.161133 -10.812500 0.023087 0.010936 -0.284123 -0.076426
  time 58
    0 0.000000 0.826660 0.000001 -1.559900 -0.000006 -0.000006
    1 -7.059201 7.545358 -8.025539 -0.943457 -0.095553 0.674244
    2 0.000000 14.313023 0.000003 -2.188349 0.000000 0.000000
    3 -0.000011 13.013483 -0.000005 0.970589 0.623077 1.040994
    4 8.652996 -22.135220 3.978737 2.947657 0.312156 -0.581899
    5 0.000000 -14.313034 0.000000 -0.487806 0.000000 0.000000
    6 -0.000004 -13.013485 -0.000004 0.000000 0.000000 0.000000
    7 -1.330879 -2.698427 0.462449 -0.194886 -0.547260 3.056712
    8 1.330910 2.698444 -0.462436 0.194890 0.547268 -0.084879
    9 2.465935 1.560943 -0.788361 -2.898355 -0.860532 -3.149404
    10 3.556210 4.238403 0.987502 -1.090396 0.577049 -0.321829
    11 4.139183 5.092691 1.421975 -1.090396 0.577049 -0.321829
    12 4.777527 6.028128 1.897721 -1.090396 0.577049 -0.321829
    13 5.490345 7.072691 2.428969 -1.090396 0.577049 -0.321829
    14 6.566406 8.640625 3.232422 -1.090396 0.577049 -0.321829
    15 7.558525 6.997282 -2.354134 -1.937336 -0.275393 3.010581
    16 7.558525 6.997282 -2.354134 1.937336 0.275393 -0.131011
    17 -2.867767 -2.740969 0.531125 2.051196 0.577049 -0.321829
    18 2.913882 0.474401 -0.458468 0.875241 0.157642 1.748661
    19 1.817102 6.448227 -1.433720 -2.955941 0.788793 -2.966124
    20 1.333637 6.368897 -1.928960 -2.549496 0.583339 -2.340436
    21 -2.743003 2.077615 -5.789278 -2.179177 -0.270589 -1.650954
    22 6.946648 6.587124 1.429667 -1.090396 0.577049 -0.321829
    23 7.537933 7.453606 1.870349 -1.090396 0.577049 -0.321829
    24 8.154472 8.357077 2.329839 -1.090396 0.577049 -0.321829
    25 8.874294 9.411907 2.866308 -1.090396 0.577049 -0.321829
    26 -4.125858 -2.321501 1.394414 2.051196 0.577049 -0.321829
    27 -4.826813 -3.348669 0.872014 2.051196 0.577049 -0.321829
    28 -5.441669 -4.249685 0.413772 2.051196 0.577049 -0.321829
    29 -0.552532 -1.343527 1.604446 -0.415180 0.312114 -0.422073
    30 0.552589 1.343534 -1.604463 -0.645662 0.804922 -0.639767
    31 0.000000 -2.021618 -0.000004 0.186809 0.000000 0.000000
    32 -0.000021 2.021633 0.000027 0.008089 0.000000 0.000000
    33 -0.000004 -1.136217 -0.000004 -0.210111 0.000000 0.000000
    34 -0.000011 1.136200 -0.000019 -0.490726 0.000000 0.000000
    35 -0.032677 -4.587727 1.352317 2.844703 1.216154 2.484990
    36 0.032719 4.587772 -1.352291 2.716306 1.186945 2.076234
    37 0.000000 -1.754536 -0.000002 0.662896 0.000000 0.000000
    38 -0.000006 1.754520 -0.000034 0.675414 0.000000 0.000000
    39 0.000000 -1.227020 -0.000002 0.092660 0.000000 0.000000
    40 0.000002 1.227070 0.000032 1.204380 0.000000 0.000000
    41 -0.367996 -4.208406 0.173244 2.943027 1.091688 2.536231
    42 0.368011 4.208412 -0.173239 3.375571 1.166949 2.356277
    43 0.000000 -2.372318 -0.000004 0.722081 0.000000 0.000000
    44 -0.000006 2.372318 -0.000032 1.138552 0.000000 0.000000
    45 0.000004 -1.580070 -0.000001 0.034255 0.000000 0.000000
    46 -0.000002 1.580170 0.000030 1.277605 0.000000 0.000000
    47 -0.937645 -3.860697 -0.959317 3.044205 1.001841 2.581100
    48 0.937672 3.860714 0.959333 3.143053 0.928648 2.404264
    49 0.000000 -1.690632 0.000000 0.491549 0.000000 0.000000
    50 -0.000013 1.690666 0.000021 1.959136 0.000000 0.000000
    51 -0.000002 -1.423443 0.000002 0.234212 0.000000 0.000000
    52 0.000008 1.423420 0.000028 0.789349 0.000000 0.000000
    53 -1.546646 -3.404194 -1.915569 3.024293 0.944156 2.514436
    54 1.546661 3.404217 1.915585 4.028269 0.762747 2.306562
    55 0.000004 -1.437820 0.000000 0.424958 0.000000 0.000000
    56 -0.000021 1.437870 0.000031 0.937978 0.000000 0.000000
    57 -0.000002 -1.059402 0.000000 0.322075 0.000000 0.000000
    58 0.000006 1.059372 0.000008 1.644791 0.000000 0.000000
    59 -0.000004 -13.013485 -0.000004 0.010936 -0.284123 -0.076426
    60 0.161133 -10.812500 0.023087 0.010936 -0.284123 -0.076426
  time 59
    0 0.000000 0.826660 0.000001 -1.559900 -0.000006 -0.000006
    1 -7.059201 7.545358 -8.025539 -0.943088 -0.096173 0.674167
    2 0.000000 14.313023 0.000003 -2.188410 0.000000 0.000000
    3 -0.000011 13.013483 -0.000005 0.967531 0.623313 1.038502
    4 8.652996 -22.135220 3.978737 2.947657 0.312156 -0.581899
    5 0.000000 -14.313034 0.000000 -0.487806 0.000000 0.000000
    6 -0.000004 -13.013485 -0.000004 0.000000 0.000000 0.000000
    7 -1.330879 -2.698427 0.462449 -0.194886 -0.547260 3.056712
    8 1.330910 2.698444 -0.462436 0.194890 0.547268 -0.084879
    9 2.465935 1.560943 -0.788361 -2.898355 -0.860532 -3.149404
    10 3.556210 4.238403 0.987502 -1.090396 0.577049 -0.321829
    11 4.139183 5.092691 1.421975 -1.090396 0.577049 -0.321829
    12 4.777527 6.028128 1.897721 -1.090396 0.577049 -0.321829
    13 5.490345 7.072691 2.428969 -1.090396 0.577049 -0.321829
    14 6.566406 8.640625 3.232422 -1.090396 0.577049 -0.321829
    15 7.558525 6.997282 -2.354134 -1.937336 -0.275393 3.010581
    16 7.558525 6.997282 -2.354134 1.937336 0.275393 -0.131011
    17 -2.867767 -2.740969 0.531125 2.051196 0.577049 -0.321829
    18 2.913882 0.474401 -0.458468 0.875146 0.157642 1.748661
    19 1.817102 6.444321 -1.433720 -2.955941 0.788793 -2.966124
    20 1.333637 6.364990 -1.928960 -2.548538 0.582282 -2.338423
    21 -2.735190 2.069802 -5.785372 -2.179177 -0.272045 -1.649612
    22 6.946648 6.587124 1.429667 -1.090396 0.577049 -0.321829
    23 7.537933 7.453606 1.870349 -1.090396 0.577049 -0.321829
    24 8.154472 8.357077 2.329839 -1.090396 0.577049 -0.321829
    25 8.874294 9.411907 2.866308 -1.090396 0.577049 -0.321829
    26 -4.125858 -2.321501 1.394414 2.051196 0.577049 -0.321829
    27 -4.826813 -3.348669 0.872014 2.051196 0.577049 -0.321829
    28 -5.441669 -4.249685 0.413772 2.051196 0.577049 -0.321829
    29 -0.552532 -1.343527 1.604446 -0.415180 0.312114 -0.422073
    30 0.552589 1.343534 -1.604463 -0.647204 0.806151 -0.640398
    31 0.000000 -2.021618 -0.000004 0.186809 0.000000 0.000000
    32 -0.000021 2.021633 0.000027 0.008089 0.000000 0.000000
    33 -0.000004 -1.136217 -0.000004 -0.210111 0.000000 0.000000
    34 -0.000011 1.136200 -0.000019 -0.490726 0.000000 0.000000
    35 -0.032677 -4.587727 1.352317 2.844703 1.216154 2.484990
    36 0.032719 4.587772 -1.352291 2.716306 1.186945 2.076234
    37 0.000000 -1.754536 -0.000002 0.662896 0.000000 0.000000
    38 -0.000006 1.754520 -0.000034 0.675414 0.000000 0.000000
    39 0.000000 -1.227020 -0.000002 0.092660 0.000000 0.000000
    40 0.000002 1.227070 0.000032 1.204513 0.000000 0.000000
    41 -0.367996 -4.208406 0.173244 2.943027 1.091688 2.536231
    42 0.368011 4.208412 -0.173239 3.375571 1.166949 2.356277
    43 0.000000 -2.372318 -0.000004 0.722081 0.000000 0.000000
    44 -0.000006 2.372318 -0.000032 1.138552 0.000000 0.000000
    45 0.000004 -1.580070 -0.000001 0.034255 0.000000 0.000000
    46 -0.000002 1.580170 0.000030 1.277605 0.000000 0.000000
    47 -0.937645 -3.860697 -0.959317 3.044205 1.001841 2.581100
    48 0.937672 3.860714 0.959333 3.143053 0.928648 2.404264
    49 0.000000 -1.690632 0.000000 0.491549 0.000000 0.000000
    50 -0.000013 1.690666 0.000021 1.959136 0.000000 0.000000
    51 -0.000002 -1.423443 0.000002 0.234212 0.000000 0.000000
    52 0.000008 1.423420 0.000028 0.789349 0.000000 0.000000
    53 -1.546646 -3.404194 -1.915569 3.024293 0.944156 2.514436
    54 1.546661 3.404217 1.915585 4.028269 0.762747 2.306562
    55 0.000004 -1.437820 0.000000 0.424958 0.000000 0.000000
    56 -0.000021 1.437870 0.000031 0.937978 0.000000 0.000000
    57 -0.000002 -1.059402 0.000000 0.322075 0.000000 0.000000
    58 0.000006 1.059372 0.000008 1.644791 0.000000 0.000000
    59 -0.000004 -13.013485 -0.000004 0.010936 -0.284123 -0.076426
    60 0.161133 -10.812500 0.023087 0.010936 -0.284123 -0.076426
  time 60
    0 0.000000 0.826660 0.000001 -1.559900 -0.000006 -0.000006
    1 -7.059201 7.545358 -8.025539 -0.942996 -0.096506 0.674167
    2 0.000000 14.313023 0.000003 -2.188410 0.000000 0.000000
    3 -0.000011 13.013483 -0.000005 0.966098 0.623360 1.037352
    4 8.652996 -22.135220 3.978737 2.947657 0.312156 -0.581899
    5 0.000000 -14.313034 0.000000 -0.487806 0.000000 0.000000
    6 -0.000004 -13.013485 -0.000004 0.000000 0.000000 0.000000
    7 -1.330879 -2.698427 0.462449 -0.194886 -0.547260 3.056712
    8 1.330910 2.698444 -0.462436 0.194890 0.547268 -0.084879
    9 2.465935 1.560943 -0.788361 -2.898355 -0.860532 -3.149404
    10 3.556210 4.238403 0.987502 -1.090396 0.577049 -0.321829
    11 4.139183 5.092691 1.421975 -1.090396 0.577049 -0.321829
    12 4.777527 6.028128 1.897721 -1.090396 0.577049 -0.321829
    13 5.490345 7.072691 2.428969 -1.090396 0.577049 -0.321829
    14 6.566406 8.640625 3.232422 -1.090396 0.577049 -0.321829
    15 7.558525 6.997282 -2.354134 -1.937336 -0.275393 3.010581
    16 7.558525 6.997282 -2.354134 1.937336 0.275393 -0.131011
    17 -2.867767 -2.740969 0.531125 2.051196 0.577049 -0.321829
    18 2.913882 0.474401 -0.458468 0.875241 0.157642 1.748661
    19 1.817102 6.444321 -1.433720 -2.955941 0.788793 -2.966124
    20 1.333637 6.364990 -1.928960 -2.548059 0.581806 -2.337560
    21 -2.735190 2.061989 -5.785372 -2.179273 -0.272685 -1.649037
    22 6.946648 6.587124 1.429667 -1.090396 0.577049 -0.321829
    23 7.537933 7.453606 1.870349 -1.090396 0.577049 -0.321829
    24 8.154472 8.357077 2.329839 -1.090396 0.577049 -0.321829
    25 8.874294 9.411907 2.866308 -1.090396 0.577049 -0.321829
    26 -4.125858 -2.321501 1.394414 2.051196 0.577049 -0.321829
    27 -4.826813 -3.348669 0.872014 2.051196 0.577049 -0.321829
    28 -5.441669 -4.249685 0.413772 2.051196 0.577049 -0.321829
    29 -0.552532 -1.343527 1.604446 -0.415180 0.312114 -0.422073
    30 0.552589 1.343534 -1.604463 -0.647988 0.806706 -0.640680
    31 0.000000 -2.021618 -0.000004 0.186809 0.000000 0.000000
    32 -0.000021 2.021633 0.000027 0.008089 0.000000 0.000000
    33 -0.000004 -1.136217 -0.000004 -0.210111 0.000000 0.000000
    34 -0.000011 1.136200 -0.000019 -0.490726 0.000000 0.000000
    35 -0.032677 -4.587727 1.352317 2.844703 1.216154 2.484990
    36 0.032719 4.587772 -1.352291 2.716306 1.186945 2.076234
    37 0.000000 -1.754536 -0.000002 0.662896 0.000000 0.000000
    38 -0.000006 1.754520 -0.000034 0.675414 0.000000 0.000000
    39 0.000000 -1.227020 -0.000002 0.092660 0.000000 0.000000
    40 0.000002 1.227070 0.000032 1.204380 0.000000 0.000000
    41 -0.367996 -4.208406 0.173244 2.943027 1.091688 2.536231
    42 0.368011 4.208412 -0.173239 3.375571 1.166949 2.356277
    43 0.000000 -2.372318 -0.000004 0.722081 0.000000 0.000000
    44 -0.000006 2.372318 -0.000032 1.138552 0.000000 0.000000
    45 0.000004 -1.580070 -0.000001 0.034255 0.000000 0.000000
    46 -0.000002 1.580170 0.000030 1.277605 0.000000 0.000000
    47 -0.937645 -3.860697 -0.959317 3.044205 1.001841 2.581100
    48 0.937672 3.860714 0.959333 3.143053 0.928648 2.404264
    49 0.000000 -1.690632 0.000000 0.491549 0.000000 0.000000
    50 -0.000013 1.690666 0.000021 1.959136 0.000000 0.000000
    51 -0.000002 -1.423443 0.000002 0.234212 0.000000 0.000000
    52 0.000008 1.423420 0.000028 0.789349 0.000000 0.000000
    53 -1.546646 -3.404194 -1.915569 3.024293 0.944156 2.514436
    54 1.546661 3.404217 1.915585 4.028269 0.762747 2.306562
    55 0.000004 -1.437820 0.000000 0.424958 0.000000 0.000000
    56 -0.000021 1.437870 0.000031 0.937978 0.000000 0.000000
    57 -0.000002 -1.059402 0.000000 0.322075 0.000000 0.000000
    58 0.000006 1.059372 0.000008 1.644791 0.000000 0.000000
    59 -0.000004 -13.013485 -0.000004 0.010936 -0.284123 -0.076426
    60 0.161133 -10.812500 0.023087 0.010936 -0.284123 -0.076426
end
