// Created by Crowbar 0.74
version 1
nodes
  0 "root" -1
  1 "bip_upperArm_R" 0
  2 "bip_lowerArm_R" 1
  3 "bip_hand_R" 2
  4 "bip_upperArm_L" 0
  5 "bip_lowerArm_L" 4
  6 "bip_hand_L" 5
  7 "effect_hand_L" 6
  8 "effect_hand_R" 3
  9 "weapon_bone" 3
  10 "weapon_bone_1" 3
  11 "weapon_bone_2" 3
  12 "weapon_bone_3" 3
  13 "weapon_bone_4" 3
  14 "weapon_bone_5" 3
  15 "weapon_bone_6" 3
  16 "weapon_bone_7" 3
  17 "weapon_bone_L" 6
  18 "vm_weapon_bone" 3
  19 "vm_weapon_bone_1" 3
  20 "vm_weapon_bone_2" 3
  21 "vm_weapon_bone_3" 3
  22 "vm_weapon_bone_4" 3
  23 "vm_weapon_bone_5" 3
  24 "vm_weapon_bone_6" 3
  25 "vm_weapon_bone_7" 3
  26 "vm_weapon_bone_L" 6
  27 "vm_weapon_bone_L_1" 6
  28 "vm_weapon_bone_L_2" 6
  29 "bip_thumb_0_L" 6
  30 "bip_thumb_0_R" 3
  31 "bip_thumb_1_L" 29
  32 "bip_thumb_1_R" 30
  33 "bip_thumb_2_L" 31
  34 "bip_thumb_2_R" 32
  35 "bip_index_0_L" 6
  36 "bip_index_0_R" 3
  37 "bip_index_1_L" 35
  38 "bip_index_1_R" 36
  39 "bip_index_2_L" 37
  40 "bip_index_2_R" 38
  41 "bip_middle_0_L" 6
  42 "bip_middle_0_R" 3
  43 "bip_middle_1_L" 41
  44 "bip_middle_1_R" 42
  45 "bip_middle_2_L" 43
  46 "bip_middle_2_R" 44
  47 "bip_ring_0_L" 6
  48 "bip_ring_0_R" 3
  49 "bip_ring_1_L" 47
  50 "bip_ring_1_R" 48
  51 "bip_ring_2_L" 49
  52 "bip_ring_2_R" 50
  53 "bip_pinky_0_L" 6
  54 "bip_pinky_0_R" 3
  55 "bip_pinky_1_L" 53
  56 "bip_pinky_1_R" 54
  57 "bip_pinky_2_L" 55
  58 "bip_pinky_2_R" 56
  59 "Sleeve_Control" 5
  60 "Wrist_Control" 5
end
skeleton
  time 0
    0 0.000000 0.826660 0.000001 -1.559900 -0.000006 -0.000006
    1 -7.059201 7.545358 -8.025539 -0.942996 -0.096506 0.674167
    2 0.000000 14.313023 0.000003 -2.188410 0.000000 0.000000
    3 -0.000011 13.013483 -0.000005 0.966098 0.623737 1.037256
    4 8.652996 -22.135220 3.978737 2.947657 0.312156 -0.581899
    5 0.000000 -14.313034 0.000000 -0.487806 0.000000 0.000000
    6 -0.000004 -13.013485 -0.000004 0.000000 0.000000 0.000000
    7 -1.330879 -2.698427 0.462449 -0.194886 -0.547260 3.056712
    8 1.330910 2.698444 -0.462436 0.194890 0.547268 -0.084879
    9 2.465935 1.560943 -0.788361 -2.898355 -0.860532 -3.149404
    10 3.556210 4.238403 0.987502 -1.090396 0.577049 -0.321829
    11 4.139183 5.092691 1.421975 -1.090396 0.577049 -0.321829
    12 4.777527 6.028128 1.897721 -1.090396 0.577049 -0.321829
    13 5.490345 7.072691 2.428969 -1.090396 0.577049 -0.321829
    14 6.566406 8.648438 3.232422 -1.090396 0.577049 -0.321829
    15 7.558525 6.997282 -2.354134 -1.937336 -0.275393 3.010581
    16 7.558525 6.997282 -2.354134 1.937336 0.275393 -0.131011
    17 -2.867767 -2.740969 0.531125 2.051196 0.577049 -0.321829
    18 2.913882 0.474401 -0.458468 0.875241 0.157642 1.748661
    19 1.817102 6.444321 -1.433720 -2.955941 0.788793 -2.966124
    20 1.333637 6.364990 -1.928960 -2.548059 0.581806 -2.337560
    21 -2.735190 2.061989 -5.781465 -2.179273 -0.272685 -1.649037
    22 6.946648 6.587124 1.429667 -1.090396 0.577049 -0.321829
    23 7.537933 7.453606 1.870349 -1.090396 0.577049 -0.321829
    24 8.154472 8.357077 2.329839 -1.090396 0.577049 -0.321829
    25 8.874294 9.411907 2.866308 -1.090396 0.577049 -0.321829
    26 -4.125858 -2.321501 1.394414 2.051196 0.577049 -0.321829
    27 -4.826813 -3.348669 0.872014 2.051196 0.577049 -0.321829
    28 -5.441669 -4.249685 0.413772 2.051196 0.577049 -0.321829
    29 -0.552532 -1.343527 1.604446 -0.415180 0.312114 -0.422073
    30 0.552589 1.343534 -1.604463 -0.647988 0.806706 -0.640680
    31 0.000000 -2.021618 -0.000004 0.186809 0.000000 0.000000
    32 -0.000021 2.021633 0.000027 0.008089 0.000000 0.000000
    33 -0.000004 -1.136217 -0.000004 -0.210111 0.000000 0.000000
    34 -0.000011 1.136200 -0.000019 -0.490726 0.000000 0.000000
    35 -0.032677 -4.587727 1.352317 2.844703 1.216154 2.484990
    36 0.032719 4.587772 -1.352291 2.716306 1.186945 2.076234
    37 0.000000 -1.754536 -0.000002 0.662896 0.000000 0.000000
    38 -0.000006 1.754520 -0.000034 0.675414 0.000000 0.000000
    39 0.000000 -1.227020 -0.000002 0.092660 0.000000 0.000000
    40 0.000002 1.227070 0.000032 1.204380 0.000000 0.000000
    41 -0.367996 -4.208406 0.173244 2.943027 1.091688 2.536231
    42 0.368011 4.208412 -0.173239 3.375571 1.166949 2.356277
    43 0.000000 -2.372318 -0.000004 0.722081 0.000000 0.000000
    44 -0.000006 2.372318 -0.000032 1.138552 0.000000 0.000000
    45 0.000004 -1.580070 -0.000001 0.034255 0.000000 0.000000
    46 -0.000002 1.580170 0.000030 1.277605 0.000000 0.000000
    47 -0.937645 -3.860697 -0.959317 3.044205 1.001841 2.581100
    48 0.937672 3.860714 0.959333 3.143053 0.928648 2.404264
    49 0.000000 -1.690632 0.000000 0.491549 0.000000 0.000000
    50 -0.000013 1.690666 0.000021 1.959136 0.000000 0.000000
    51 -0.000002 -1.423443 0.000002 0.234212 0.000000 0.000000
    52 0.000008 1.423420 0.000028 0.789349 0.000000 0.000000
    53 -1.546646 -3.404194 -1.915569 3.024293 0.944156 2.514436
    54 1.546661 3.404217 1.915585 4.028269 0.762747 2.306562
    55 0.000004 -1.437820 0.000000 0.424958 0.000000 0.000000
    56 -0.000021 1.437870 0.000031 0.937978 0.000000 0.000000
    57 -0.000002 -1.059402 0.000000 0.322075 0.000000 0.000000
    58 0.000006 1.059372 0.000008 1.644791 0.000000 0.000000
    59 -0.000004 -13.013485 -0.000004 0.010936 -0.284123 -0.076426
    60 0.161133 -10.812500 0.023087 0.010936 -0.284123 -0.076426
  time 1
    0 0.000000 0.826660 0.000001 -1.559900 -0.000006 -0.000006
    1 -7.059201 7.545358 -8.025539 -0.942535 -0.097937 0.674091
    2 0.000000 14.313023 0.000003 -2.188410 0.000000 0.000000
    3 -0.000011 13.013483 -0.000005 0.978328 0.624728 1.058728
    4 8.652996 -22.135220 3.978737 2.947657 0.312156 -0.581899
    5 0.000000 -14.313034 0.000000 -0.487806 0.000000 0.000000
    6 -0.000004 -13.013485 -0.000004 0.000000 0.000000 0.000000
    7 -1.330879 -2.698427 0.462449 -0.194886 -0.547260 3.056712
    8 1.330910 2.698444 -0.462436 0.194890 0.547268 -0.084879
    9 2.465935 1.560943 -0.788361 -2.898355 -0.860532 -3.149404
    10 3.556210 4.238403 0.987502 -1.090396 0.577049 -0.321829
    11 4.139183 5.092691 1.421975 -1.090396 0.577049 -0.321829
    12 4.777527 6.028128 1.897721 -1.090396 0.577049 -0.321829
    13 5.490345 7.072691 2.428969 -1.090396 0.577049 -0.321829
    14 6.566406 8.648438 3.232422 -1.090396 0.577049 -0.321829
    15 7.558525 6.997282 -2.354134 -1.937336 -0.275393 3.010581
    16 7.558525 6.997282 -2.354134 1.937336 0.275393 -0.131011
    17 -2.867767 -2.740969 0.531125 2.051196 0.577049 -0.321829
    18 2.913882 0.474401 -0.458468 0.875241 0.157642 1.748661
    19 1.817102 6.444321 -1.433720 -2.953760 0.788854 -2.959413
    20 1.333637 6.364990 -1.928960 -2.548538 0.582969 -2.335259
    21 -2.719565 2.058083 -5.789278 -2.178698 -0.271521 -1.646640
    22 6.946648 6.587124 1.429667 -1.090396 0.577049 -0.321829
    23 7.537933 7.453606 1.870349 -1.090396 0.577049 -0.321829
    24 8.154472 8.357077 2.329839 -1.090396 0.577049 -0.321829
    25 8.874294 9.411907 2.866308 -1.090396 0.577049 -0.321829
    26 -4.125858 -2.321501 1.394414 2.051196 0.577049 -0.321829
    27 -4.826813 -3.348669 0.872014 2.051196 0.577049 -0.321829
    28 -5.441669 -4.249685 0.413772 2.051196 0.577049 -0.321829
    29 -0.552532 -1.343527 1.604446 -0.415180 0.312114 -0.422073
    30 0.552589 1.343534 -1.604463 -0.640828 0.797547 -0.645049
    31 0.000000 -2.021618 -0.000004 0.186809 0.000000 0.000000
    32 -0.000021 2.021633 0.000027 0.020967 0.000000 0.000000
    33 -0.000004 -1.136217 -0.000004 -0.210111 0.000000 0.000000
    34 -0.000011 1.136200 -0.000019 -0.481570 0.000000 0.000000
    35 -0.032677 -4.587727 1.352317 2.844703 1.216154 2.484990
    36 0.032719 4.587772 -1.352291 2.702503 1.172916 2.063646
    37 0.000000 -1.754536 -0.000002 0.662896 0.000000 0.000000
    38 -0.000006 1.754520 -0.000034 0.675822 0.000000 0.000000
    39 0.000000 -1.227020 -0.000002 0.092660 0.000000 0.000000
    40 0.000002 1.227070 0.000032 1.200585 0.000000 0.000000
    41 -0.367996 -4.208406 0.173244 2.943027 1.091688 2.536231
    42 0.368011 4.208412 -0.173239 3.352489 1.153756 2.333599
    43 0.000000 -2.372318 -0.000004 0.722081 0.000000 0.000000
    44 -0.000006 2.372318 -0.000032 1.149213 0.000000 0.000000
    45 0.000004 -1.580070 -0.000001 0.034255 0.000000 0.000000
    46 -0.000002 1.580170 0.000030 1.257239 0.000000 0.000000
    47 -0.937645 -3.860697 -0.959317 3.044205 1.001841 2.581100
    48 0.937672 3.860714 0.959333 3.145283 0.922017 2.397174
    49 0.000000 -1.690632 0.000000 0.491549 0.000000 0.000000
    50 -0.000013 1.690666 0.000021 1.948971 0.000000 0.000000
    51 -0.000002 -1.423443 0.000002 0.234212 0.000000 0.000000
    52 0.000008 1.423420 0.000028 0.793974 0.000000 0.000000
    53 -1.546646 -3.404194 -1.915569 3.024293 0.944156 2.514436
    54 1.546661 3.404217 1.915585 4.025592 0.757215 2.303185
    55 0.000004 -1.437820 0.000000 0.424958 0.000000 0.000000
    56 -0.000021 1.437870 0.000031 0.937925 0.000000 0.000000
    57 -0.000002 -1.059402 0.000000 0.322075 0.000000 0.000000
    58 0.000006 1.059372 0.000008 1.644732 0.000000 0.000000
    59 -0.000004 -13.013485 -0.000004 0.010936 -0.284123 -0.076426
    60 0.161133 -10.812500 0.023087 0.010936 -0.284123 -0.076426
  time 2
    0 0.000000 0.826660 0.000001 -1.559900 -0.000006 -0.000006
    1 -7.059201 7.545358 -8.025539 -0.941614 -0.102563 0.673938
    2 0.000000 14.313023 0.000003 -2.188288 0.000000 0.000000
    3 -0.000011 13.013483 -0.000005 1.001833 0.625577 1.105314
    4 8.652996 -22.135220 3.978737 2.947657 0.312156 -0.581899
    5 0.000000 -14.313034 0.000000 -0.487806 0.000000 0.000000
    6 -0.000004 -13.013485 -0.000004 0.000000 0.000000 0.000000
    7 -1.330879 -2.698427 0.462449 -0.194886 -0.547260 3.056712
    8 1.330910 2.698444 -0.462436 0.194890 0.547268 -0.084879
    9 2.465935 1.560943 -0.788361 -2.898259 -0.860532 -3.149404
    10 3.556210 4.238403 0.987502 -1.090396 0.577049 -0.321829
    11 4.139183 5.092691 1.421975 -1.090396 0.577049 -0.321829
    12 4.777527 6.028128 1.897721 -1.090396 0.577049 -0.321829
    13 5.490345 7.072691 2.428969 -1.090396 0.577049 -0.321829
    14 6.566406 8.648438 3.232422 -1.090396 0.577049 -0.321829
    15 7.558525 6.997282 -2.354134 -1.937336 -0.275393 3.010581
    16 7.558525 6.997282 -2.354134 1.937336 0.275393 -0.131011
    17 -2.867767 -2.740969 0.531125 2.051196 0.577049 -0.321829
    18 2.913882 0.474401 -0.458468 0.875241 0.157642 1.748661
    19 1.817102 6.444321 -1.437626 -2.947501 0.788976 -2.941101
    20 1.337543 6.357178 -1.932866 -2.548634 0.585188 -2.327016
    21 -2.676595 2.022926 -5.800997 -2.177453 -0.269716 -1.638587
    22 6.946648 6.587124 1.429667 -1.090396 0.577049 -0.321829
    23 7.537933 7.453606 1.870349 -1.090396 0.577049 -0.321829
    24 8.154472 8.357077 2.329839 -1.090396 0.577049 -0.321829
    25 8.874294 9.411907 2.866308 -1.090396 0.577049 -0.321829
    26 -4.125858 -2.321501 1.394414 2.051196 0.577049 -0.321829
    27 -4.826813 -3.348669 0.872014 2.051196 0.577049 -0.321829
    28 -5.441669 -4.249685 0.413772 2.051196 0.577049 -0.321829
    29 -0.552532 -1.343527 1.604446 -0.415180 0.312114 -0.422073
    30 0.552589 1.343534 -1.604463 -0.621726 0.772885 -0.656831
    31 0.000000 -2.021618 -0.000004 0.186809 0.000000 0.000000
    32 -0.000021 2.021633 0.000027 0.055554 0.000000 0.000000
    33 -0.000004 -1.136217 -0.000004 -0.210111 0.000000 0.000000
    34 -0.000011 1.136200 -0.000019 -0.456985 0.000000 0.000000
    35 -0.032677 -4.587727 1.352317 2.844703 1.216154 2.484990
    36 0.032719 4.587772 -1.352291 2.667864 1.134206 2.032856
    37 0.000000 -1.754536 -0.000002 0.662896 0.000000 0.000000
    38 -0.000006 1.754520 -0.000034 0.677137 0.000000 0.000000
    39 0.000000 -1.227020 -0.000002 0.092660 0.000000 0.000000
    40 0.000002 1.227070 0.000032 1.190268 0.000000 0.000000
    41 -0.367996 -4.208406 0.173244 2.943027 1.091688 2.536231
    42 0.368011 4.208412 -0.173239 3.294828 1.116808 2.277794
    43 0.000000 -2.372318 -0.000004 0.722081 0.000000 0.000000
    44 -0.000006 2.372318 -0.000032 1.178432 0.000000 0.000000
    45 0.000004 -1.580070 -0.000001 0.034255 0.000000 0.000000
    46 -0.000002 1.580170 0.000030 1.201431 0.000000 0.000000
    47 -0.937645 -3.860697 -0.959317 3.044205 1.001841 2.581100
    48 0.937672 3.860714 0.959333 3.152158 0.903696 2.378585
    49 0.000000 -1.690632 0.000000 0.491549 0.000000 0.000000
    50 -0.000013 1.690666 0.000021 1.921029 0.000000 0.000000
    51 -0.000002 -1.423443 0.000002 0.234212 0.000000 0.000000
    52 0.000008 1.423420 0.000028 0.806601 0.000000 0.000000
    53 -1.546646 -3.404194 -1.915569 3.024293 0.944156 2.514436
    54 1.546661 3.404217 1.915585 4.018209 0.741915 2.294207
    55 0.000004 -1.437820 0.000000 0.424958 0.000000 0.000000
    56 -0.000021 1.437870 0.000031 0.937658 0.000000 0.000000
    57 -0.000002 -1.059402 0.000000 0.322075 0.000000 0.000000
    58 0.000006 1.059372 0.000008 1.644554 0.000000 0.000000
    59 -0.000004 -13.013485 -0.000004 0.010936 -0.284123 -0.076426
    60 0.161133 -10.812500 0.023087 0.010936 -0.284123 -0.076426
  time 3
    0 0.000000 0.826660 0.000001 -1.559900 -0.000006 -0.000006
    1 -7.059201 7.545358 -8.025539 -0.940232 -0.110908 0.673556
    2 0.000000 14.313023 0.000003 -2.187921 0.000000 0.000000
    3 -0.000011 13.013483 -0.000005 1.016644 0.624633 1.150558
    4 8.652996 -22.135220 3.978737 2.947657 0.312156 -0.581899
    5 0.000000 -14.313034 0.000000 -0.487806 0.000000 0.000000
    6 -0.000004 -13.013485 -0.000004 0.000000 0.000000 0.000000
    7 -1.330879 -2.698427 0.462449 -0.194886 -0.547260 3.056712
    8 1.330910 2.698444 -0.462436 0.194890 0.547268 -0.084879
    9 2.465935 1.560943 -0.788361 -2.898355 -0.860532 -3.149404
    10 3.556210 4.238403 0.987502 -1.090396 0.577049 -0.321829
    11 4.139183 5.092691 1.421975 -1.090396 0.577049 -0.321829
    12 4.777527 6.028128 1.897721 -1.090396 0.577049 -0.321829
    13 5.490345 7.072691 2.428969 -1.090396 0.577049 -0.321829
    14 6.566406 8.648438 3.232422 -1.090396 0.577049 -0.321829
    15 7.558525 6.997282 -2.354134 -1.937336 -0.275393 3.010581
    16 7.558525 6.997282 -2.354134 1.937336 0.275393 -0.131011
    17 -2.867767 -2.740969 0.531125 2.051196 0.577049 -0.321829
    18 2.913882 0.474401 -0.458468 0.875241 0.157642 1.748661
    19 1.817102 6.444321 -1.433720 -2.938112 0.789281 -2.912818
    20 1.341450 6.341552 -1.928960 -2.546334 0.586245 -2.309857
    21 -2.594561 1.944798 -5.812716 -2.175154 -0.270065 -1.623344
    22 6.946648 6.587124 1.429667 -1.090396 0.577049 -0.321829
    23 7.537933 7.453606 1.870349 -1.090396 0.577049 -0.321829
    24 8.154472 8.357077 2.329839 -1.090396 0.577049 -0.321829
    25 8.874294 9.411907 2.866308 -1.090396 0.577049 -0.321829
    26 -4.125858 -2.321501 1.394414 2.051196 0.577049 -0.321829
    27 -4.826813 -3.348669 0.872014 2.051196 0.577049 -0.321829
    28 -5.441669 -4.249685 0.413772 2.051196 0.577049 -0.321829
    29 -0.552532 -1.343527 1.604446 -0.415180 0.312114 -0.422073
    30 0.552589 1.343534 -1.604463 -0.593686 0.736327 -0.674285
    31 0.000000 -2.021618 -0.000004 0.186809 0.000000 0.000000
    32 -0.000021 2.021633 0.000027 0.106686 0.000000 0.000000
    33 -0.000004 -1.136217 -0.000004 -0.210111 0.000000 0.000000
    34 -0.000011 1.136200 -0.000019 -0.420642 0.000000 0.000000
    35 -0.032677 -4.587727 1.352317 2.844703 1.216154 2.484990
    36 0.032719 4.587772 -1.352291 2.622721 1.075046 1.994862
    37 0.000000 -1.754536 -0.000002 0.662896 0.000000 0.000000
    38 -0.000006 1.754520 -0.000034 0.679495 0.000000 0.000000
    39 0.000000 -1.227020 -0.000002 0.092660 0.000000 0.000000
    40 0.000002 1.227070 0.000032 1.174492 0.000000 0.000000
    41 -0.367996 -4.208406 0.173244 2.943027 1.091688 2.536231
    42 0.368011 4.208412 -0.173239 3.220193 1.059006 2.207437
    43 0.000000 -2.372318 -0.000004 0.722081 0.000000 0.000000
    44 -0.000006 2.372318 -0.000032 1.222654 0.000000 0.000000
    45 0.000004 -1.580070 -0.000001 0.034255 0.000000 0.000000
    46 -0.000002 1.580170 0.000030 1.116952 0.000000 0.000000
    47 -0.937645 -3.860697 -0.959317 3.044205 1.001841 2.581100
    48 0.937672 3.860714 0.959333 3.163770 0.875628 2.352040
    49 0.000000 -1.690632 0.000000 0.491549 0.000000 0.000000
    50 -0.000013 1.690666 0.000021 1.878716 0.000000 0.000000
    51 -0.000002 -1.423443 0.000002 0.234212 0.000000 0.000000
    52 0.000008 1.423420 0.000028 0.825835 0.000000 0.000000
    53 -1.546646 -3.404194 -1.915569 3.024293 0.944156 2.514436
    54 1.546661 3.404217 1.915585 4.007503 0.718692 2.281239
    55 0.000004 -1.437820 0.000000 0.424958 0.000000 0.000000
    56 -0.000021 1.437870 0.000031 0.937070 0.000000 0.000000
    57 -0.000002 -1.059402 0.000000 0.322075 0.000000 0.000000
    58 0.000006 1.059372 0.000008 1.643902 0.000000 0.000000
    59 -0.000004 -13.013485 -0.000004 0.010936 -0.284123 -0.076426
    60 0.161133 -10.812500 0.023087 0.010936 -0.284123 -0.076426
  time 4
    0 0.000000 0.826660 0.000001 -1.559900 -0.000006 -0.000006
    1 -7.059201 7.545358 -8.025539 -0.938757 -0.123451 0.672945
    2 0.000000 14.313023 0.000003 -2.187005 0.000000 0.000000
    3 -0.000011 13.013483 -0.000005 1.002216 0.621945 1.167812
    4 8.652996 -22.135220 3.978737 2.947657 0.312156 -0.581899
    5 0.000000 -14.313034 0.000000 -0.487806 0.000000 0.000000
    6 -0.000004 -13.013485 -0.000004 0.000000 0.000000 0.000000
    7 -1.330879 -2.698427 0.462449 -0.194886 -0.547260 3.056712
    8 1.330910 2.698444 -0.462436 0.194890 0.547268 -0.084879
    9 2.465935 1.560943 -0.788361 -2.898355 -0.860532 -3.149404
    10 3.556210 4.238403 0.987502 -1.090396 0.577049 -0.321829
    11 4.139183 5.092691 1.421975 -1.090396 0.577049 -0.321829
    12 4.777527 6.028128 1.897721 -1.090396 0.577049 -0.321829
    13 5.490345 7.072691 2.428969 -1.090396 0.577049 -0.321829
    14 6.566406 8.648438 3.232422 -1.090396 0.577049 -0.321829
    15 7.558525 6.997282 -2.354134 -1.937336 -0.275393 3.010581
    16 7.558525 6.997282 -2.354134 1.937336 0.275393 -0.131011
    17 -2.867767 -2.740969 0.531125 2.051196 0.577049 -0.321829
    18 2.913882 0.474401 -0.458468 0.875241 0.157642 1.748661
    19 1.817102 6.448227 -1.433720 -2.925783 0.789769 -2.876482
    20 1.345356 6.325927 -1.932866 -2.539149 0.583603 -2.280620
    21 -2.469557 1.804169 -5.797091 -2.172088 -0.275131 -1.599569
    22 6.946648 6.587124 1.429667 -1.090396 0.577049 -0.321829
    23 7.537933 7.453606 1.870349 -1.090396 0.577049 -0.321829
    24 8.154472 8.357077 2.329839 -1.090396 0.577049 -0.321829
    25 8.874294 9.411907 2.866308 -1.090396 0.577049 -0.321829
    26 -4.125858 -2.321501 1.394414 2.051196 0.577049 -0.321829
    27 -4.826813 -3.348669 0.872014 2.051196 0.577049 -0.321829
    28 -5.441669 -4.249685 0.413772 2.051196 0.577049 -0.321829
    29 -0.552532 -1.343527 1.604446 -0.415180 0.312114 -0.422073
    30 0.552589 1.343534 -1.604463 -0.560055 0.691602 -0.695566
    31 0.000000 -2.021618 -0.000004 0.186809 0.000000 0.000000
    32 -0.000021 2.021633 0.000027 0.168931 0.000000 0.000000
    33 -0.000004 -1.136217 -0.000004 -0.210111 0.000000 0.000000
    34 -0.000011 1.136200 -0.000019 -0.376398 0.000000 0.000000
    35 -0.032677 -4.587727 1.352317 2.844703 1.216154 2.484990
    36 0.032719 4.587772 -1.352291 2.574279 1.000038 1.957703
    37 0.000000 -1.754536 -0.000002 0.662896 0.000000 0.000000
    38 -0.000006 1.754520 -0.000034 0.682761 0.000000 0.000000
    39 0.000000 -1.227020 -0.000002 0.092660 0.000000 0.000000
    40 0.000002 1.227070 0.000032 1.154655 0.000000 0.000000
    41 -0.367996 -4.208406 0.173244 2.943027 1.091688 2.536231
    42 0.368011 4.208412 -0.173239 3.141875 0.983945 2.137159
    43 0.000000 -2.372318 -0.000004 0.722081 0.000000 0.000000
    44 -0.000006 2.372318 -0.000032 1.278195 0.000000 0.000000
    45 0.000004 -1.580070 -0.000001 0.034255 0.000000 0.000000
    46 -0.000002 1.580170 0.000030 1.010742 0.000000 0.000000
    47 -0.937645 -3.860697 -0.959317 3.044205 1.001841 2.581100
    48 0.937672 3.860714 0.959333 3.180307 0.839849 2.321399
    49 0.000000 -1.690632 0.000000 0.491549 0.000000 0.000000
    50 -0.000013 1.690666 0.000021 1.825537 0.000000 0.000000
    51 -0.000002 -1.423443 0.000002 0.234212 0.000000 0.000000
    52 0.000008 1.423420 0.000028 0.849987 0.000000 0.000000
    53 -1.546646 -3.404194 -1.915569 3.024293 0.944156 2.514436
    54 1.546661 3.404217 1.915585 3.994581 0.689388 2.265892
    55 0.000004 -1.437820 0.000000 0.424958 0.000000 0.000000
    56 -0.000021 1.437870 0.000031 0.935841 0.000000 0.000000
    57 -0.000002 -1.059402 0.000000 0.322075 0.000000 0.000000
    58 0.000006 1.059372 0.000008 1.642658 0.000000 0.000000
    59 -0.000004 -13.013485 -0.000004 0.010936 -0.284123 -0.076426
    60 0.161133 -10.812500 0.023087 0.010936 -0.284123 -0.076426
  time 5
    0 0.000000 0.826660 0.000001 -1.559900 -0.000006 -0.000006
    1 -7.059201 7.545358 -8.025539 -0.939402 -0.137662 0.687992
    2 0.000000 14.313023 0.000003 -2.184927 0.000000 0.000000
    3 -0.000011 13.013483 -0.000005 0.866345 0.629067 1.044925
    4 8.652996 -22.135220 3.978737 2.947657 0.312156 -0.581899
    5 0.000000 -14.313034 0.000000 -0.487806 0.000000 0.000000
    6 -0.000004 -13.013485 -0.000004 0.000000 0.000000 0.000000
    7 -1.330879 -2.698427 0.462449 -0.194886 -0.547260 3.056712
    8 1.330910 2.698444 -0.462436 0.194890 0.547268 -0.084879
    9 2.465935 1.560943 -0.788361 -2.898355 -0.860532 -3.149404
    10 3.556210 4.238403 0.987502 -1.090396 0.577049 -0.321829
    11 4.139183 5.092691 1.421975 -1.090396 0.577049 -0.321829
    12 4.777527 6.028128 1.897721 -1.090396 0.577049 -0.321829
    13 5.490345 7.072691 2.428969 -1.090396 0.577049 -0.321829
    14 6.566406 8.648438 3.232422 -1.090396 0.577049 -0.321829
    15 7.558525 6.997282 -2.354134 -1.937336 -0.275393 3.010581
    16 7.558525 6.997282 -2.354134 1.937336 0.275393 -0.131011
    17 -2.867767 -2.740969 0.531125 2.051196 0.577049 -0.321829
    18 2.913882 0.474401 -0.458468 0.875241 0.157642 1.748661
    19 1.817102 6.448227 -1.437626 -2.911273 0.790318 -2.834489
    20 1.349262 6.306395 -1.936773 -2.447752 0.471456 -2.082191
    21 -1.692190 0.776794 -5.101757 -2.122559 -0.061853 -1.678661
    22 6.946648 6.587124 1.429667 -1.090396 0.577049 -0.321829
    23 7.537933 7.453606 1.870349 -1.090396 0.577049 -0.321829
    24 8.154472 8.357077 2.329839 -1.090396 0.577049 -0.321829
    25 8.874294 9.411907 2.866308 -1.090396 0.577049 -0.321829
    26 -4.125858 -2.321501 1.394414 2.051196 0.577049 -0.321829
    27 -4.826813 -3.348669 0.872014 2.051196 0.577049 -0.321829
    28 -5.441669 -4.249685 0.413772 2.051196 0.577049 -0.321829
    29 -0.552532 -1.343527 1.604446 -0.415180 0.312114 -0.422073
    30 0.552589 1.343534 -1.604463 -0.524019 0.642952 -0.718650
    31 0.000000 -2.021618 -0.000004 0.186809 0.000000 0.000000
    32 -0.000021 2.021633 0.000027 0.236284 0.000000 0.000000
    33 -0.000004 -1.136217 -0.000004 -0.210111 0.000000 0.000000
    34 -0.000011 1.136200 -0.000019 -0.328483 0.000000 0.000000
    35 -0.032677 -4.587727 1.352317 2.844703 1.216154 2.484990
    36 0.032719 4.587772 -1.352291 2.526358 0.914862 1.925852
    37 0.000000 -1.754536 -0.000002 0.662896 0.000000 0.000000
    38 -0.000006 1.754520 -0.000034 0.686979 0.000000 0.000000
    39 0.000000 -1.227020 -0.000002 0.092660 0.000000 0.000000
    40 0.000002 1.227070 0.000032 1.132422 0.000000 0.000000
    41 -0.367996 -4.208406 0.173244 2.943027 1.091688 2.536231
    42 0.368011 4.208412 -0.173239 3.067329 0.897025 2.075394
    43 0.000000 -2.372318 -0.000004 0.722081 0.000000 0.000000
    44 -0.000006 2.372318 -0.000032 1.340931 0.000000 0.000000
    45 0.000004 -1.580070 -0.000001 0.034255 0.000000 0.000000
    46 -0.000002 1.580170 0.000030 0.890878 0.000000 0.000000
    47 -0.937645 -3.860697 -0.959317 3.044205 1.001841 2.581100
    48 0.937672 3.860714 0.959333 3.201303 0.798920 2.290127
    49 0.000000 -1.690632 0.000000 0.491549 0.000000 0.000000
    50 -0.000013 1.690666 0.000021 1.765498 0.000000 0.000000
    51 -0.000002 -1.423443 0.000002 0.234212 0.000000 0.000000
    52 0.000008 1.423420 0.000028 0.877370 0.000000 0.000000
    53 -1.546646 -3.404194 -1.915569 3.024293 0.944156 2.514436
    54 1.546661 3.404217 1.915585 3.980460 0.656138 2.249855
    55 0.000004 -1.437820 0.000000 0.424958 0.000000 0.000000
    56 -0.000021 1.437870 0.000031 0.933810 0.000000 0.000000
    57 -0.000002 -1.059402 0.000000 0.322075 0.000000 0.000000
    58 0.000006 1.059372 0.000008 1.640644 0.000000 0.000000
    59 -0.000004 -13.013485 -0.000004 0.010936 -0.284123 -0.076426
    60 0.161133 -10.812500 0.023087 0.010936 -0.284123 -0.076426
  time 6
    0 0.000000 0.826660 0.000001 -1.559900 -0.000006 -0.000006
    1 -7.059201 7.545358 -8.025539 -0.945668 -0.147390 0.735960
    2 0.000000 14.313023 0.000003 -2.181261 0.000000 0.000000
    3 -0.000011 13.013483 -0.000005 0.573964 0.607983 0.717673
    4 8.652996 -22.135220 3.978737 2.947657 0.312156 -0.581899
    5 0.000000 -14.313034 0.000000 -0.487806 0.000000 0.000000
    6 -0.000004 -13.013485 -0.000004 0.000000 0.000000 0.000000
    7 -1.330879 -2.698427 0.462449 -0.194886 -0.547260 3.056712
    8 1.330910 2.698444 -0.462436 0.194890 0.547268 -0.084879
    9 2.465935 1.610021 -0.737850 -2.861477 -0.901263 -3.188575
    10 3.556210 4.238403 0.987502 -1.090396 0.577049 -0.321829
    11 4.139183 5.092691 1.421975 -1.090396 0.577049 -0.321829
    12 4.777527 6.028128 1.897721 -1.090396 0.577049 -0.321829
    13 5.490345 7.072691 2.428969 -1.090396 0.577049 -0.321829
    14 6.566406 8.648438 3.232422 -1.090396 0.577049 -0.321829
    15 7.558525 6.997282 -2.354134 -1.937336 -0.275393 3.010581
    16 7.558525 6.997282 -2.354134 1.937336 0.275393 -0.131011
    17 -2.867767 -2.740969 0.531125 2.051196 0.577049 -0.321829
    18 2.929508 0.509558 -0.399873 0.920518 0.172407 1.745401
    19 1.856166 6.467759 -1.461065 -2.885667 0.744492 -2.792593
    20 1.372701 6.294676 -1.936773 -2.412592 0.305031 -1.914629
    21 -0.848414 -0.074795 -4.011880 -2.202361 0.419085 -1.957830
    22 6.946648 6.587124 1.429667 -1.090396 0.577049 -0.321829
    23 7.537933 7.453606 1.870349 -1.090396 0.577049 -0.321829
    24 8.154472 8.357077 2.329839 -1.090396 0.577049 -0.321829
    25 8.874294 9.411907 2.866308 -1.090396 0.577049 -0.321829
    26 -4.125858 -2.321501 1.394414 2.051196 0.577049 -0.321829
    27 -4.826813 -3.348669 0.872014 2.051196 0.577049 -0.321829
    28 -5.441669 -4.249685 0.413772 2.051196 0.577049 -0.321829
    29 -0.552532 -1.343527 1.604446 -0.415180 0.312114 -0.422073
    30 0.552589 1.343534 -1.604463 -0.488323 0.593984 -0.741822
    31 0.000000 -2.021618 -0.000004 0.186809 0.000000 0.000000
    32 -0.000021 2.021633 0.000027 0.303855 0.000000 0.000000
    33 -0.000004 -1.136217 -0.000004 -0.210111 0.000000 0.000000
    34 -0.000011 1.136200 -0.000019 -0.280474 0.000000 0.000000
    35 -0.032677 -4.587727 1.352317 2.844703 1.216154 2.484990
    36 0.032719 4.587772 -1.352291 2.480000 0.824118 1.900447
    37 0.000000 -1.754536 -0.000002 0.662896 0.000000 0.000000
    38 -0.000006 1.754520 -0.000034 0.692376 0.000000 0.000000
    39 0.000000 -1.227020 -0.000002 0.092660 0.000000 0.000000
    40 0.000002 1.227070 0.000032 1.108658 0.000000 0.000000
    41 -0.367996 -4.208406 0.173244 2.943027 1.091688 2.536231
    42 0.368011 4.208412 -0.173239 2.998173 0.803108 2.024387
    43 0.000000 -2.372318 -0.000004 0.722081 0.000000 0.000000
    44 -0.000006 2.372318 -0.000032 1.407616 0.000000 0.000000
    45 0.000004 -1.580070 -0.000001 0.034255 0.000000 0.000000
    46 -0.000002 1.580170 0.000030 0.763505 0.000000 0.000000
    47 -0.937645 -3.860697 -0.959317 3.044205 1.001841 2.581100
    48 0.937672 3.860714 0.959333 3.225736 0.754936 2.260116
    49 0.000000 -1.690632 0.000000 0.491549 0.000000 0.000000
    50 -0.000013 1.690666 0.000021 1.701753 0.000000 0.000000
    51 -0.000002 -1.423443 0.000002 0.234212 0.000000 0.000000
    52 0.000008 1.423420 0.000028 0.906441 0.000000 0.000000
    53 -1.546646 -3.404194 -1.915569 3.024293 0.944156 2.514436
    54 1.546661 3.404217 1.915585 3.966155 0.620697 2.234048
    55 0.000004 -1.437820 0.000000 0.424958 0.000000 0.000000
    56 -0.000021 1.437870 0.000031 0.930817 0.000000 0.000000
    57 -0.000002 -1.059402 0.000000 0.322075 0.000000 0.000000
    58 0.000006 1.059372 0.000008 1.637682 0.000000 0.000000
    59 -0.000004 -13.013485 -0.000004 0.010936 -0.284123 -0.076426
    60 0.161133 -10.812500 0.023087 0.010936 -0.284123 -0.076426
  time 7
    0 0.000000 0.826660 0.000001 -1.559900 -0.000006 -0.000006
    1 -7.059201 7.545358 -8.025539 -0.957371 -0.148440 0.806536
    2 0.000000 14.313023 0.000003 -2.176740 0.000000 0.000000
    3 -0.000011 13.013483 -0.000005 0.298973 0.506810 0.347382
    4 8.652996 -22.135220 3.978737 2.947657 0.312156 -0.581899
    5 0.000000 -14.313034 0.000000 -0.487806 0.000000 0.000000
    6 -0.000004 -13.013485 -0.000004 0.000000 0.000000 0.000000
    7 -1.330879 -2.698427 0.462449 -0.194886 -0.547260 3.056712
    8 1.330910 2.698444 -0.462436 0.194890 0.547268 -0.084879
    9 2.589578 1.806329 -0.384270 -2.453813 -1.153307 2.669808
    10 3.556210 4.238403 0.987502 -1.090396 0.577049 -0.321829
    11 4.139183 5.092691 1.421975 -1.090396 0.577049 -0.321829
    12 4.777527 6.028128 1.897721 -1.090396 0.577049 -0.321829
    13 5.490345 7.072691 2.428969 -1.090396 0.577049 -0.321829
    14 6.566406 8.648438 3.232422 -1.090396 0.577049 -0.321829
    15 7.558525 6.997282 -2.354134 -1.937336 -0.275393 3.010581
    16 7.558525 6.997282 -2.354134 1.937336 0.275393 -0.131011
    17 -2.867767 -2.740969 0.531125 2.051196 0.577049 -0.321829
    18 3.113107 0.759566 -0.052206 1.240594 0.260342 1.743196
    19 2.071016 6.608388 -1.636851 -2.841378 0.421445 -2.801125
    20 1.470360 6.400148 -1.925054 -2.632079 0.055210 -1.976650
    21 -1.250770 -0.102139 -2.273546 -2.511991 0.422928 -2.379366
    22 6.946648 6.587124 1.429667 -1.090396 0.577049 -0.321829
    23 7.537933 7.453606 1.870349 -1.090396 0.577049 -0.321829
    24 8.154472 8.357077 2.329839 -1.090396 0.577049 -0.321829
    25 8.874294 9.411907 2.866308 -1.090396 0.577049 -0.321829
    26 -4.125858 -2.321501 1.394414 2.051196 0.577049 -0.321829
    27 -4.826813 -3.348669 0.872014 2.051196 0.577049 -0.321829
    28 -5.441669 -4.249685 0.413772 2.051196 0.577049 -0.321829
    29 -0.552532 -1.343527 1.604446 -0.415180 0.312114 -0.422073
    30 0.552589 1.343534 -1.604463 -0.455867 0.548665 -0.763167
    31 0.000000 -2.021618 -0.000004 0.186809 0.000000 0.000000
    32 -0.000021 2.021633 0.000027 0.366045 0.000000 0.000000
    33 -0.000004 -1.136217 -0.000004 -0.210111 0.000000 0.000000
    34 -0.000011 1.136200 -0.000019 -0.236277 0.000000 0.000000
    35 -0.032677 -4.587727 1.352317 2.844703 1.216154 2.484990
    36 0.032719 4.587772 -1.352291 2.435898 0.733188 1.881564
    37 0.000000 -1.754536 -0.000002 0.662896 0.000000 0.000000
    38 -0.000006 1.754520 -0.000034 0.698862 0.000000 0.000000
    39 0.000000 -1.227020 -0.000002 0.092660 0.000000 0.000000
    40 0.000002 1.227070 0.000032 1.084894 0.000000 0.000000
    41 -0.367996 -4.208406 0.173244 2.943027 1.091688 2.536231
    42 0.368011 4.208412 -0.173239 2.935572 0.707992 1.984372
    43 0.000000 -2.372318 -0.000004 0.722081 0.000000 0.000000
    44 -0.000006 2.372318 -0.000032 1.474344 0.000000 0.000000
    45 0.000004 -1.580070 -0.000001 0.034255 0.000000 0.000000
    46 -0.000002 1.580170 0.000030 0.635905 0.000000 0.000000
    47 -0.937645 -3.860697 -0.959317 3.044205 1.001841 2.581100
    48 0.937672 3.860714 0.959333 3.252120 0.710367 2.233256
    49 0.000000 -1.690632 0.000000 0.491549 0.000000 0.000000
    50 -0.000013 1.690666 0.000021 1.637857 0.000000 0.000000
    51 -0.000002 -1.423443 0.000002 0.234212 0.000000 0.000000
    52 0.000008 1.423420 0.000028 0.935658 0.000000 0.000000
    53 -1.546646 -3.404194 -1.915569 3.024293 0.944156 2.514436
    54 1.546661 3.404217 1.915585 3.952218 0.585026 2.219468
    55 0.000004 -1.437820 0.000000 0.424958 0.000000 0.000000
    56 -0.000021 1.437870 0.000031 0.926542 0.000000 0.000000
    57 -0.000002 -1.059402 0.000000 0.322075 0.000000 0.000000
    58 0.000006 1.059372 0.000008 1.633535 0.000000 0.000000
    59 -0.000004 -13.013485 -0.000004 0.010936 -0.284123 -0.076426
    60 0.161133 -10.812500 0.023087 0.010936 -0.284123 -0.076426
  time 8
    0 0.000000 0.826660 0.000001 -1.559900 -0.000006 -0.000006
    1 -7.059201 7.545358 -8.025539 -0.971469 -0.137328 0.887500
    2 0.000000 14.313023 0.000003 -2.172769 0.000000 0.000000
    3 -0.000011 13.013483 -0.000005 0.147050 0.388374 0.065565
    4 8.652996 -22.135220 3.978737 2.947657 0.312156 -0.581899
    5 0.000000 -14.313034 0.000000 -0.487806 0.000000 0.000000
    6 -0.000004 -13.013485 -0.000004 0.000000 0.000000 0.000000
    7 -1.330879 -2.698427 0.462449 -0.194886 -0.547260 3.056712
    8 1.330910 2.698444 -0.462436 0.194890 0.547268 -0.084879
    9 2.898686 2.198946 -0.131713 -0.999687 -1.179478 1.181133
    10 3.556210 4.238403 0.987502 -1.090396 0.577049 -0.321829
    11 4.139183 5.092691 1.421975 -1.090396 0.577049 -0.321829
    12 4.777527 6.028128 1.897721 -1.090396 0.577049 -0.321829
    13 5.490345 7.072691 2.428969 -1.090396 0.577049 -0.321829
    14 6.566406 8.648438 3.232422 -1.090396 0.577049 -0.321829
    15 7.558525 6.997282 -2.354134 -1.937336 -0.275393 3.010581
    16 7.558525 6.997282 -2.354134 1.937336 0.275393 -0.131011
    17 -2.867767 -2.740969 0.531125 2.051196 0.577049 -0.321829
    18 3.550620 1.111139 0.143113 1.790097 0.326647 1.788832
    19 2.262428 6.788081 -1.824357 -2.843274 -0.108279 -2.881563
    20 1.591457 6.614998 -1.753173 -3.033883 -0.298408 -2.001573
    21 -1.153111 0.456472 0.335909 -2.726011 -0.080019 -2.463251
    22 6.946648 6.587124 1.429667 -1.090396 0.577049 -0.321829
    23 7.537933 7.453606 1.870349 -1.090396 0.577049 -0.321829
    24 8.154472 8.357077 2.329839 -1.090396 0.577049 -0.321829
    25 8.874294 9.411907 2.866308 -1.090396 0.577049 -0.321829
    26 -4.125858 -2.321501 1.394414 2.051196 0.577049 -0.321829
    27 -4.826813 -3.348669 0.872014 2.051196 0.577049 -0.321829
    28 -5.441669 -4.249685 0.413772 2.051196 0.577049 -0.321829
    29 -0.552532 -1.343527 1.604446 -0.415180 0.312114 -0.422073
    30 0.552589 1.343534 -1.604463 -0.429474 0.511434 -0.780687
    31 0.000000 -2.021618 -0.000004 0.186809 0.000000 0.000000
    32 -0.000021 2.021633 0.000027 0.417042 0.000000 0.000000
    33 -0.000004 -1.136217 -0.000004 -0.210111 0.000000 0.000000
    34 -0.000011 1.136200 -0.000019 -0.200120 0.000000 0.000000
    35 -0.032677 -4.587727 1.352317 2.844703 1.216154 2.484990
    36 0.032719 4.587772 -1.352291 2.395270 0.648012 1.868672
    37 0.000000 -1.754536 -0.000002 0.662896 0.000000 0.000000
    38 -0.000006 1.754520 -0.000034 0.706436 0.000000 0.000000
    39 0.000000 -1.227020 -0.000002 0.092660 0.000000 0.000000
    40 0.000002 1.227070 0.000032 1.062461 0.000000 0.000000
    41 -0.367996 -4.208406 0.173244 2.943027 1.091688 2.536231
    42 0.368011 4.208412 -0.173239 2.879888 0.618206 1.954882
    43 0.000000 -2.372318 -0.000004 0.722081 0.000000 0.000000
    44 -0.000006 2.372318 -0.000032 1.537124 0.000000 0.000000
    45 0.000004 -1.580070 -0.000001 0.034255 0.000000 0.000000
    46 -0.000002 1.580170 0.000030 0.516042 0.000000 0.000000
    47 -0.937645 -3.860697 -0.959317 3.044205 1.001841 2.581100
    48 0.937672 3.860714 0.959333 3.278225 0.668173 2.210413
    49 0.000000 -1.690632 0.000000 0.491549 0.000000 0.000000
    50 -0.000013 1.690666 0.000021 1.577818 0.000000 0.000000
    51 -0.000002 -1.423443 0.000002 0.234212 0.000000 0.000000
    52 0.000008 1.423420 0.000028 0.963261 0.000000 0.000000
    53 -1.546646 -3.404194 -1.915569 3.024293 0.944156 2.514436
    54 1.546661 3.404217 1.915585 3.939574 0.551430 2.206884
    55 0.000004 -1.437820 0.000000 0.424958 0.000000 0.000000
    56 -0.000021 1.437870 0.000031 0.921038 0.000000 0.000000
    57 -0.000002 -1.059402 0.000000 0.322075 0.000000 0.000000
    58 0.000006 1.059372 0.000008 1.627967 0.000000 0.000000
    59 -0.000004 -13.013485 -0.000004 0.010936 -0.284123 -0.076426
    60 0.161133 -10.812500 0.023087 0.010936 -0.284123 -0.076426
  time 9
    0 0.000000 0.826660 0.000001 -1.559900 -0.000006 -0.000006
    1 -7.059201 7.545358 -8.025539 -0.983080 -0.110813 0.968311
    2 0.000000 14.313023 0.000003 -2.171241 0.000000 0.000000
    3 -0.000011 13.013483 -0.000005 0.081026 0.342763 -0.070550
    4 8.652996 -22.135220 3.978737 2.947657 0.312156 -0.581899
    5 0.000000 -14.313034 0.000000 -0.487806 0.000000 0.000000
    6 -0.000004 -13.013485 -0.000004 0.000000 0.000000 0.000000
    7 -1.330879 -2.698427 0.462449 -0.194886 -0.547260 3.056712
    8 1.330910 2.698444 -0.462436 0.194890 0.547268 -0.084879
    9 3.269615 2.444332 -0.182224 -0.337902 -0.678716 0.459692
    10 3.556210 4.238403 0.987502 -1.090396 0.577049 -0.321829
    11 4.139183 5.092691 1.421975 -1.090396 0.577049 -0.321829
    12 4.777527 6.028128 1.897721 -1.090396 0.577049 -0.321829
    13 5.490345 7.072691 2.428969 -1.090396 0.577049 -0.321829
    14 6.566406 8.648438 3.232422 -1.090396 0.577049 -0.321829
    15 7.558525 6.997282 -2.354134 -1.937336 -0.275393 3.010581
    16 7.558525 6.997282 -2.354134 1.937336 0.275393 -0.131011
    17 -2.867767 -2.740969 0.531125 2.051196 0.577049 -0.321829
    18 3.831879 1.290832 -0.220180 -3.848852 0.261050 1.813376
    19 2.383526 7.057621 -1.789200 -2.924740 -0.723861 -2.990668
    20 1.864903 6.982197 -1.327379 -3.650383 -0.577455 -1.873505
    21 0.163336 1.296341 2.496131 -3.146482 -0.604393 -2.374956
    22 6.946648 6.587124 1.429667 -1.090396 0.577049 -0.321829
    23 7.537933 7.453606 1.870349 -1.090396 0.577049 -0.321829
    24 8.154472 8.357077 2.329839 -1.090396 0.577049 -0.321829
    25 8.874294 9.411907 2.866308 -1.090396 0.577049 -0.321829
    26 -4.125858 -2.321501 1.394414 2.051196 0.577049 -0.321829
    27 -4.826813 -3.348669 0.872014 2.051196 0.577049 -0.321829
    28 -5.441669 -4.249685 0.413772 2.051196 0.577049 -0.321829
    29 -0.552532 -1.343527 1.604446 -0.415180 0.312114 -0.422073
    30 0.552589 1.343534 -1.604463 -0.411731 0.486018 -0.792577
    31 0.000000 -2.021618 -0.000004 0.186809 0.000000 0.000000
    32 -0.000021 2.021633 0.000027 0.451738 0.000000 0.000000
    33 -0.000004 -1.136217 -0.000004 -0.210111 0.000000 0.000000
    34 -0.000011 1.136200 -0.000019 -0.175441 0.000000 0.000000
    35 -0.032677 -4.587727 1.352317 2.844703 1.216154 2.484990
    36 0.032719 4.587772 -1.352291 2.359329 0.573152 1.860709
    37 0.000000 -1.754536 -0.000002 0.662896 0.000000 0.000000
    38 -0.000006 1.754520 -0.000034 0.715189 0.000000 0.000000
    39 0.000000 -1.227020 -0.000002 0.092660 0.000000 0.000000
    40 0.000002 1.227070 0.000032 1.042824 0.000000 0.000000
    41 -0.367996 -4.208406 0.173244 2.943027 1.091688 2.536231
    42 0.368011 4.208412 -0.173239 2.832106 0.538815 1.934062
    43 0.000000 -2.372318 -0.000004 0.722081 0.000000 0.000000
    44 -0.000006 2.372318 -0.000032 1.592578 0.000000 0.000000
    45 0.000004 -1.580070 -0.000001 0.034255 0.000000 0.000000
    46 -0.000002 1.580170 0.000030 0.410116 0.000000 0.000000
    47 -0.937645 -3.860697 -0.959317 3.044205 1.001841 2.581100
    48 0.937672 3.860714 0.959333 3.302101 0.630667 2.192139
    49 0.000000 -1.690632 0.000000 0.491549 0.000000 0.000000
    50 -0.000013 1.690666 0.000021 1.524839 0.000000 0.000000
    51 -0.000002 -1.423443 0.000002 0.234212 0.000000 0.000000
    52 0.000008 1.423420 0.000028 0.987707 0.000000 0.000000
    53 -1.546646 -3.404194 -1.915569 3.024293 0.944156 2.514436
    54 1.546661 3.404217 1.915585 3.928591 0.521723 2.196678
    55 0.000004 -1.437820 0.000000 0.424958 0.000000 0.000000
    56 -0.000021 1.437870 0.000031 0.913823 0.000000 0.000000
    57 -0.000002 -1.059402 0.000000 0.322075 0.000000 0.000000
    58 0.000006 1.059372 0.000008 1.620858 0.000000 0.000000
    59 -0.000004 -13.013485 -0.000004 0.010936 -0.284123 -0.076426
    60 0.161133 -10.812500 0.023087 0.010936 -0.284123 -0.076426
  time 10
    0 0.000000 0.826660 0.000001 -1.559900 -0.000006 -0.000006
    1 -7.059201 7.545358 -8.025539 -0.990636 -0.067321 1.039040
    2 0.000000 14.313023 0.000003 -2.171852 0.000000 0.000000
    3 -0.000011 13.013483 -0.000005 0.036595 0.366960 -0.100457
    4 8.652996 -22.135220 3.978737 2.947657 0.312156 -0.581899
    5 0.000000 -14.313034 0.000000 -0.487806 0.000000 0.000000
    6 -0.000004 -13.013485 -0.000004 0.000000 0.000000 0.000000
    7 -1.330879 -2.698427 0.462449 -0.194886 -0.547260 3.056712
    8 1.330910 2.698444 -0.462436 0.194890 0.547268 -0.084879
    9 3.145972 2.591564 -0.535804 -0.112518 -0.125674 0.138095
    10 3.556210 4.238403 0.987502 -1.090396 0.577049 -0.321829
    11 4.139183 5.092691 1.421975 -1.090396 0.577049 -0.321829
    12 4.777527 6.028128 1.897721 -1.090396 0.577049 -0.321829
    13 5.490345 7.072691 2.428969 -1.090396 0.577049 -0.321829
    14 6.566406 8.648438 3.232422 -1.090396 0.577049 -0.321829
    15 7.558525 6.997282 -2.354134 -1.937336 -0.275393 3.010581
    16 7.558525 6.997282 -2.354134 1.937336 0.275393 -0.131011
    17 -2.867767 -2.740969 0.531125 2.051196 0.577049 -0.321829
    18 3.378740 1.345521 -0.849105 -3.267959 0.111550 1.694780
    19 2.617908 7.409194 -1.511847 -3.254299 -1.293615 -2.925090
    20 2.431327 7.372834 -0.842989 1.918146 -0.642196 -1.684950
    21 1.807917 1.714323 3.320375 -3.948434 -0.852140 -1.967801
    22 6.946648 6.587124 1.429667 -1.090396 0.577049 -0.321829
    23 7.537933 7.453606 1.870349 -1.090396 0.577049 -0.321829
    24 8.154472 8.357077 2.329839 -1.090396 0.577049 -0.321829
    25 8.874294 9.411907 2.866308 -1.090396 0.577049 -0.321829
    26 -4.125858 -2.321501 1.394414 2.051196 0.577049 -0.321829
    27 -4.826813 -3.348669 0.872014 2.051196 0.577049 -0.321829
    28 -5.441669 -4.249685 0.413772 2.051196 0.577049 -0.321829
    29 -0.552532 -1.343527 1.604446 -0.415180 0.312114 -0.422073
    30 0.552589 1.343534 -1.604463 -0.405224 0.476661 -0.796925
    31 0.000000 -2.021618 -0.000004 0.186809 0.000000 0.000000
    32 -0.000021 2.021633 0.000027 0.464507 0.000000 0.000000
    33 -0.000004 -1.136217 -0.000004 -0.210111 0.000000 0.000000
    34 -0.000011 1.136200 -0.000019 -0.166379 0.000000 0.000000
    35 -0.032677 -4.587727 1.352317 2.844703 1.216154 2.484990
    36 0.032719 4.587772 -1.352291 2.330073 0.513659 1.856310
    37 0.000000 -1.754536 -0.000002 0.662896 0.000000 0.000000
    38 -0.000006 1.754520 -0.000034 0.725258 0.000000 0.000000
    39 0.000000 -1.227020 -0.000002 0.092660 0.000000 0.000000
    40 0.000002 1.227070 0.000032 1.027048 0.000000 0.000000
    41 -0.367996 -4.208406 0.173244 2.943027 1.091688 2.536231
    42 0.368011 4.208412 -0.173239 2.794295 0.475481 1.920672
    43 0.000000 -2.372318 -0.000004 0.722081 0.000000 0.000000
    44 -0.000006 2.372318 -0.000032 1.636888 0.000000 0.000000
    45 0.000004 -1.580070 -0.000001 0.034255 0.000000 0.000000
    46 -0.000002 1.580170 0.000030 0.325523 0.000000 0.000000
    47 -0.937645 -3.860697 -0.959317 3.044205 1.001841 2.581100
    48 0.937672 3.860714 0.959333 3.321703 0.600563 2.178748
    49 0.000000 -1.690632 0.000000 0.491549 0.000000 0.000000
    50 -0.000013 1.690666 0.000021 1.482426 0.000000 0.000000
    51 -0.000002 -1.423443 0.000002 0.234212 0.000000 0.000000
    52 0.000008 1.423420 0.000028 1.007528 0.000000 0.000000
    53 -1.546646 -3.404194 -1.915569 3.024293 0.944156 2.514436
    54 1.546661 3.404217 1.915585 3.919823 0.497924 2.189004
    55 0.000004 -1.437820 0.000000 0.424958 0.000000 0.000000
    56 -0.000021 1.437870 0.000031 0.904846 0.000000 0.000000
    57 -0.000002 -1.059402 0.000000 0.322075 0.000000 0.000000
    58 0.000006 1.059372 0.000008 1.611913 0.000000 0.000000
    59 -0.000004 -13.013485 -0.000004 0.010936 -0.284123 -0.076426
    60 0.161133 -10.812500 0.023087 0.010936 -0.284123 -0.076426
  time 11
    0 0.000000 0.826660 0.000001 -1.559900 -0.000006 -0.000006
    1 -7.059201 7.545358 -8.025539 -0.993124 -0.015674 1.091438
    2 0.000000 14.313023 0.000003 -2.173074 0.000000 0.000000
    3 -0.000011 13.013483 -0.000005 -0.000096 0.414929 -0.097006
    4 8.652996 -22.135220 3.978737 2.947657 0.312156 -0.581899
    5 0.000000 -14.313034 0.000000 -0.487806 0.000000 0.000000
    6 -0.000004 -13.013485 -0.000004 0.000000 0.000000 0.000000
    7 -1.330879 -2.698427 0.462449 -0.194886 -0.547260 3.056712
    8 1.330910 2.698444 -0.462436 0.194890 0.547268 -0.084879
    9 2.651400 2.787872 -0.788361 -0.007920 0.310821 -0.092955
    10 3.556210 4.238403 0.987502 -1.090396 0.577049 -0.321829
    11 4.139183 5.092691 1.421975 -1.090396 0.577049 -0.321829
    12 4.777527 6.028128 1.897721 -1.090396 0.577049 -0.321829
    13 5.490345 7.072691 2.428969 -1.090396 0.577049 -0.321829
    14 6.566406 8.648438 3.232422 -1.090396 0.577049 -0.321829
    15 7.558525 6.997282 -2.354134 -1.937336 -0.275393 3.010581
    16 7.558525 6.997282 -2.354134 1.937336 0.275393 -0.131011
    17 -2.867767 -2.740969 0.531125 2.051196 0.577049 -0.321829
    18 2.429492 1.568184 -1.204585 -2.830792 0.007597 1.480310
    19 2.989013 7.694359 -1.230589 0.710849 -1.360983 -0.881253
    20 3.083690 7.587684 -0.546105 1.337285 -0.845879 -1.554006
    21 3.143895 2.854982 4.683698 1.609857 -0.997469 -1.613757
    22 6.946648 6.587124 1.429667 -1.090396 0.577049 -0.321829
    23 7.537933 7.453606 1.870349 -1.090396 0.577049 -0.321829
    24 8.154472 8.357077 2.329839 -1.090396 0.577049 -0.321829
    25 8.874294 9.411907 2.866308 -1.090396 0.577049 -0.321829
    26 -4.125858 -2.321501 1.394414 2.051196 0.577049 -0.321829
    27 -4.826813 -3.348669 0.872014 2.051196 0.577049 -0.321829
    28 -5.441669 -4.249685 0.413772 2.051196 0.577049 -0.321829
    29 -0.552532 -1.343527 1.604446 -0.415180 0.312114 -0.422073
    30 0.552589 1.343534 -1.604463 -0.416565 0.482767 -0.785534
    31 0.000000 -2.021618 -0.000004 0.186809 0.000000 0.000000
    32 -0.000021 2.021633 0.000027 0.460921 0.000000 0.000000
    33 -0.000004 -1.136217 -0.000004 -0.210111 0.000000 0.000000
    34 -0.000011 1.136200 -0.000019 -0.172328 0.000000 0.000000
    35 -0.032677 -4.587727 1.352317 2.844703 1.216154 2.484990
    36 0.032719 4.587772 -1.352291 2.310540 0.474652 1.854414
    37 0.000000 -1.754536 -0.000002 0.662896 0.000000 0.000000
    38 -0.000006 1.754520 -0.000034 0.736505 0.000000 0.000000
    39 0.000000 -1.227020 -0.000002 0.092660 0.000000 0.000000
    40 0.000002 1.227070 0.000032 1.016597 0.000000 0.000000
    41 -0.367996 -4.208406 0.173244 2.943027 1.091688 2.536231
    42 0.368011 4.208412 -0.173239 2.769326 0.433837 1.913241
    43 0.000000 -2.372318 -0.000004 0.722081 0.000000 0.000000
    44 -0.000006 2.372318 -0.000032 1.666063 0.000000 0.000000
    45 0.000004 -1.580070 -0.000001 0.034255 0.000000 0.000000
    46 -0.000002 1.580170 0.000030 0.269716 0.000000 0.000000
    47 -0.937645 -3.860697 -0.959317 3.044205 1.001841 2.581100
    48 0.937672 3.860714 0.959333 3.334895 0.580700 2.170477
    49 0.000000 -1.690632 0.000000 0.491549 0.000000 0.000000
    50 -0.000013 1.690666 0.000021 1.454484 0.000000 0.000000
    51 -0.000002 -1.423443 0.000002 0.234212 0.000000 0.000000
    52 0.000008 1.423420 0.000028 1.020816 0.000000 0.000000
    53 -1.546646 -3.404194 -1.915569 3.024293 0.944156 2.514436
    54 1.546661 3.404217 1.915585 3.914193 0.482249 2.184247
    55 0.000004 -1.437820 0.000000 0.424958 0.000000 0.000000
    56 -0.000021 1.437870 0.000031 0.893890 0.000000 0.000000
    57 -0.000002 -1.059402 0.000000 0.322075 0.000000 0.000000
    58 0.000006 1.059372 0.000008 1.601072 0.000000 0.000000
    59 -0.000004 -13.013485 -0.000004 0.010936 -0.284123 -0.076426
    60 0.161133 -10.812500 0.023087 0.010936 -0.284123 -0.076426
  time 12
    0 0.000000 0.826660 0.000001 -1.559900 -0.000006 -0.000006
    1 -7.059201 7.545358 -8.025539 -0.991281 0.035258 1.119240
    2 0.000000 14.313023 0.000003 -2.173685 0.000000 0.000000
    3 -0.000011 13.013483 -0.000005 -0.024747 0.467756 -0.085791
    4 8.652996 -22.135220 3.978737 2.947657 0.312156 -0.581899
    5 0.000000 -14.313034 0.000000 -0.487806 0.000000 0.000000
    6 -0.000004 -13.013485 -0.000004 0.000000 0.000000 0.000000
    7 -1.330879 -2.698427 0.462449 -0.194886 -0.547260 3.056712
    8 1.330910 2.698444 -0.462436 0.194890 0.547268 -0.084879
    9 2.218649 2.935104 -0.889384 0.043996 0.533368 -0.219361
    10 3.556210 4.238403 0.987502 -1.090396 0.577049 -0.321829
    11 4.139183 5.092691 1.421975 -1.090396 0.577049 -0.321829
    12 4.777527 6.028128 1.897721 -1.090396 0.577049 -0.321829
    13 5.490345 7.072691 2.428969 -1.090396 0.577049 -0.321829
    14 6.566406 8.648438 3.232422 -1.090396 0.577049 -0.321829
    15 7.558525 6.997282 -2.354134 -1.937336 -0.275393 3.010581
    16 7.558525 6.997282 -2.354134 1.937336 0.275393 -0.131011
    17 -2.867767 -2.740969 0.531125 2.051196 0.577049 -0.321829
    18 1.757597 1.826005 -1.333495 -2.607642 -0.037896 1.329021
    19 3.239021 7.792018 -1.082147 0.432880 -1.151253 -0.777997
    20 3.443076 7.599403 -0.444540 0.572766 -1.125771 -0.930728
    21 5.229896 5.097238 5.902485 0.836166 -1.157471 -0.970286
    22 6.946648 6.587124 1.429667 -1.090396 0.577049 -0.321829
    23 7.537933 7.453606 1.870349 -1.090396 0.577049 -0.321829
    24 8.154472 8.357077 2.329839 -1.090396 0.577049 -0.321829
    25 8.874294 9.411907 2.866308 -1.090396 0.577049 -0.321829
    26 -4.125858 -2.321501 1.394414 2.051196 0.577049 -0.321829
    27 -4.826813 -3.348669 0.872014 2.051196 0.577049 -0.321829
    28 -5.441669 -4.249685 0.413772 2.051196 0.577049 -0.321829
    29 -0.552532 -1.343527 1.604446 -0.415180 0.312114 -0.422073
    30 0.552589 1.343534 -1.604463 -0.443298 0.499063 -0.755733
    31 0.000000 -2.021618 -0.000004 0.186809 0.000000 0.000000
    32 -0.000021 2.021633 0.000027 0.451439 0.000000 0.000000
    33 -0.000004 -1.136217 -0.000004 -0.210111 0.000000 0.000000
    34 -0.000011 1.136200 -0.000019 -0.188036 0.000000 0.000000
    35 -0.032677 -4.587727 1.352317 2.844703 1.216154 2.484990
    36 0.032719 4.587772 -1.352291 2.303421 0.460586 1.853959
    37 0.000000 -1.754536 -0.000002 0.662896 0.000000 0.000000
    38 -0.000006 1.754520 -0.000034 0.749068 0.000000 0.000000
    39 0.000000 -1.227020 -0.000002 0.092660 0.000000 0.000000
    40 0.000002 1.227070 0.000032 1.012869 0.000000 0.000000
    41 -0.367996 -4.208406 0.173244 2.943027 1.091688 2.536231
    42 0.368011 4.208412 -0.173239 2.760165 0.418778 1.910842
    43 0.000000 -2.372318 -0.000004 0.722081 0.000000 0.000000
    44 -0.000006 2.372318 -0.000032 1.676636 0.000000 0.000000
    45 0.000004 -1.580070 -0.000001 0.034255 0.000000 0.000000
    46 -0.000002 1.580170 0.000030 0.249520 0.000000 0.000000
    47 -0.937645 -3.860697 -0.959317 3.044205 1.001841 2.581100
    48 0.937672 3.860714 0.959333 3.339726 0.573483 2.167563
    49 0.000000 -1.690632 0.000000 0.491549 0.000000 0.000000
    50 -0.000013 1.690666 0.000021 1.444369 0.000000 0.000000
    51 -0.000002 -1.423443 0.000002 0.234212 0.000000 0.000000
    52 0.000008 1.423420 0.000028 1.026248 0.000000 0.000000
    53 -1.546646 -3.404194 -1.915569 3.024293 0.944156 2.514436
    54 1.546661 3.404217 1.915585 3.912163 0.476544 2.182559
    55 0.000004 -1.437820 0.000000 0.424958 0.000000 0.000000
    56 -0.000021 1.437870 0.000031 0.880744 0.000000 0.000000
    57 -0.000002 -1.059402 0.000000 0.322075 0.000000 0.000000
    58 0.000006 1.059372 0.000008 1.588039 0.000000 0.000000
    59 -0.000004 -13.013485 -0.000004 0.010936 -0.284123 -0.076426
    60 0.161133 -10.812500 0.023087 0.010936 -0.284123 -0.076426
  time 13
    0 0.000000 0.826660 0.000001 -1.559900 -0.000006 -0.000006
    1 -7.059201 7.545358 -8.025539 -0.989899 0.076080 1.110686
    2 0.000000 14.313023 0.000003 -2.172524 0.000000 0.000000
    3 -0.000011 13.013483 -0.000005 -0.021785 0.528271 -0.059431
    4 8.652996 -22.135220 3.978737 2.947657 0.312156 -0.581899
    5 0.000000 -14.313034 0.000000 -0.487806 0.000000 0.000000
    6 -0.000004 -13.013485 -0.000004 0.000000 0.000000 0.000000
    7 -1.330879 -2.698427 0.462449 -0.194886 -0.547260 3.056712
    8 1.330910 2.698444 -0.462436 0.194890 0.547268 -0.084879
    9 2.095006 2.886027 -1.091429 0.107693 0.626379 -0.201574
    10 3.556210 4.238403 0.987502 -1.090396 0.577049 -0.321829
    11 4.139183 5.092691 1.421975 -1.090396 0.577049 -0.321829
    12 4.777527 6.028128 1.897721 -1.090396 0.577049 -0.321829
    13 5.490345 7.072691 2.428969 -1.090396 0.577049 -0.321829
    14 6.566406 8.648438 3.232422 -1.090396 0.577049 -0.321829
    15 7.558525 6.997282 -2.354134 -1.937336 -0.275393 3.010581
    16 7.558525 6.997282 -2.354134 1.937336 0.275393 -0.131011
    17 -2.867767 -2.740969 0.531125 2.051196 0.577049 -0.321829
    18 1.573997 1.822098 -1.583503 -2.512333 -0.087257 1.305916
    19 3.192144 7.729516 -1.027458 0.437907 -1.043185 -0.810594
    20 3.435264 7.482212 -0.432821 0.083590 -1.108754 -0.409637
    21 6.288522 6.159771 5.882953 0.539757 -1.093540 -0.663602
    22 6.946648 6.587124 1.429667 -1.090396 0.577049 -0.321829
    23 7.537933 7.453606 1.870349 -1.090396 0.577049 -0.321829
    24 8.154472 8.357077 2.329839 -1.090396 0.577049 -0.321829
    25 8.874294 9.411907 2.866308 -1.090396 0.577049 -0.321829
    26 -4.125858 -2.321501 1.394414 2.051196 0.577049 -0.321829
    27 -4.826813 -3.348669 0.872014 2.051196 0.577049 -0.321829
    28 -5.441669 -4.249685 0.413772 2.051196 0.577049 -0.321829
    29 -0.552532 -1.343527 1.604446 -0.415180 0.312114 -0.422073
    30 0.552589 1.343534 -1.604463 -0.473794 0.523170 -0.714107
    31 0.000000 -2.021618 -0.000004 0.186809 0.000000 0.000000
    32 -0.000021 2.021633 0.000027 0.438017 0.000000 0.000000
    33 -0.000004 -1.136217 -0.000004 -0.210111 0.000000 0.000000
    34 -0.000011 1.136200 -0.000019 -0.210112 0.000000 0.000000
    35 -0.032677 -4.587727 1.352317 2.844703 1.216154 2.484990
    36 0.032719 4.587772 -1.352291 2.315922 0.467340 1.856993
    37 0.000000 -1.754536 -0.000002 0.662896 0.000000 0.000000
    38 -0.000006 1.754520 -0.000034 0.766530 0.000000 0.000000
    39 0.000000 -1.227020 -0.000002 0.092660 0.000000 0.000000
    40 0.000002 1.227070 0.000032 1.012869 0.000000 0.000000
    41 -0.367996 -4.208406 0.173244 2.943027 1.091688 2.536231
    42 0.368011 4.208412 -0.173239 2.770225 0.427074 1.914789
    43 0.000000 -2.372318 -0.000004 0.722081 0.000000 0.000000
    44 -0.000006 2.372318 -0.000032 1.676636 0.000000 0.000000
    45 0.000004 -1.580070 -0.000001 0.034255 0.000000 0.000000
    46 -0.000002 1.580170 0.000030 0.249520 0.000000 0.000000
    47 -0.937645 -3.860697 -0.959317 3.044205 1.001841 2.581100
    48 0.937672 3.860714 0.959333 3.324955 0.577863 2.167720
    49 0.000000 -1.690632 0.000000 0.491549 0.000000 0.000000
    50 -0.000013 1.690666 0.000021 1.444369 0.000000 0.000000
    51 -0.000002 -1.423443 0.000002 0.234212 0.000000 0.000000
    52 0.000008 1.423420 0.000028 1.026909 0.000000 0.000000
    53 -1.546646 -3.404194 -1.915569 3.024293 0.944156 2.514436
    54 1.546661 3.404217 1.915585 3.888351 0.485073 2.184937
    55 0.000004 -1.437820 0.000000 0.424958 0.000000 0.000000
    56 -0.000021 1.437870 0.000031 0.841145 0.000000 0.000000
    57 -0.000002 -1.059402 0.000000 0.322075 0.000000 0.000000
    58 0.000006 1.059372 0.000008 1.505991 0.000000 0.000000
    59 -0.000004 -13.013485 -0.000004 0.010936 -0.284123 -0.076426
    60 0.161133 -10.812500 0.023087 0.010936 -0.284123 -0.076426
  time 14
    0 0.000000 0.826660 0.000001 -1.559900 -0.000006 -0.000006
    1 -7.059201 7.545358 -8.025539 -0.995612 0.098112 1.055768
    2 0.000000 14.313023 0.000003 -2.168981 0.000000 0.000000
    3 -0.000011 13.013483 -0.000005 0.046150 0.637416 0.059335
    4 8.652996 -22.135220 3.978737 2.947657 0.312156 -0.581899
    5 0.000000 -14.313034 0.000000 -0.487806 0.000000 0.000000
    6 -0.000004 -13.013485 -0.000004 0.000000 0.000000 0.000000
    7 -1.330879 -2.698427 0.462449 -0.194886 -0.547260 3.056712
    8 1.330910 2.698444 -0.462436 0.194890 0.547268 -0.084879
    9 2.095006 2.738795 -1.445009 0.198020 0.721335 -0.088319
    10 3.556210 4.238403 0.987502 -1.090396 0.577049 -0.321829
    11 4.139183 5.092691 1.421975 -1.090396 0.577049 -0.321829
    12 4.777527 6.028128 1.897721 -1.090396 0.577049 -0.321829
    13 5.490345 7.072691 2.428969 -1.090396 0.577049 -0.321829
    14 6.566406 8.648438 3.232422 -1.090396 0.577049 -0.321829
    15 7.558525 6.997282 -2.354134 -1.937336 -0.275393 3.010581
    16 7.558525 6.997282 -2.354134 1.937336 0.275393 -0.131011
    17 -2.867767 -2.740969 0.531125 2.051196 0.577049 -0.321829
    18 1.601342 1.642405 -1.946795 -2.410365 -0.148332 1.350689
    19 2.946043 7.569355 -1.015739 0.442459 -0.924559 -0.761698
    20 3.247758 7.286894 -0.464072 0.175179 -1.003107 -0.437723
    21 6.659628 5.605066 5.476691 0.677328 -0.929637 -0.766277
    22 6.946648 6.587124 1.429667 -1.090396 0.577049 -0.321829
    23 7.537933 7.453606 1.870349 -1.090396 0.577049 -0.321829
    24 8.154472 8.357077 2.329839 -1.090396 0.577049 -0.321829
    25 8.874294 9.411907 2.866308 -1.090396 0.577049 -0.321829
    26 -4.125858 -2.321501 1.394414 2.051196 0.577049 -0.321829
    27 -4.826813 -3.348669 0.872014 2.051196 0.577049 -0.321829
    28 -5.441669 -4.249685 0.413772 2.051196 0.577049 -0.321829
    29 -0.552532 -1.343527 1.604446 -0.415180 0.312114 -0.422073
    30 0.552589 1.343534 -1.604463 -0.496685 0.552035 -0.667764
    31 0.000000 -2.021618 -0.000004 0.186809 0.000000 0.000000
    32 -0.000021 2.021633 0.000027 0.422694 0.000000 0.000000
    33 -0.000004 -1.136217 -0.000004 -0.210111 0.000000 0.000000
    34 -0.000011 1.136200 -0.000019 -0.235533 0.000000 0.000000
    35 -0.032677 -4.587727 1.352317 2.844703 1.216154 2.484990
    36 0.032719 4.587772 -1.352291 2.349172 0.485229 1.865335
    37 0.000000 -1.754536 -0.000002 0.662896 0.000000 0.000000
    38 -0.000006 1.754520 -0.000034 0.790840 0.000000 0.000000
    39 0.000000 -1.227020 -0.000002 0.092660 0.000000 0.000000
    40 0.000002 1.227070 0.000032 1.012803 0.000000 0.000000
    41 -0.367996 -4.208406 0.173244 2.943027 1.091688 2.536231
    42 0.368011 4.208412 -0.173239 2.797079 0.449095 1.925548
    43 0.000000 -2.372318 -0.000004 0.722081 0.000000 0.000000
    44 -0.000006 2.372318 -0.000032 1.676636 0.000000 0.000000
    45 0.000004 -1.580070 -0.000001 0.034255 0.000000 0.000000
    46 -0.000002 1.580170 0.000030 0.249520 0.000000 0.000000
    47 -0.937645 -3.860697 -0.959317 3.044205 1.001841 2.581100
    48 0.937672 3.860714 0.959333 3.285379 0.589275 2.168114
    49 0.000000 -1.690632 0.000000 0.491549 0.000000 0.000000
    50 -0.000013 1.690666 0.000021 1.444369 0.000000 0.000000
    51 -0.000002 -1.423443 0.000002 0.234212 0.000000 0.000000
    52 0.000008 1.423420 0.000028 1.027202 0.000000 0.000000
    53 -1.546646 -3.404194 -1.915569 3.024293 0.944156 2.514436
    54 1.546661 3.404217 1.915585 3.826329 0.507432 2.191306
    55 0.000004 -1.437820 0.000000 0.424958 0.000000 0.000000
    56 -0.000021 1.437870 0.000031 0.761200 0.000000 0.000000
    57 -0.000002 -1.059402 0.000000 0.322075 0.000000 0.000000
    58 0.000006 1.059372 0.000008 1.314763 0.000000 0.000000
    59 -0.000004 -13.013485 -0.000004 0.010936 -0.284123 -0.076426
    60 0.161133 -10.812500 0.023087 0.010936 -0.284123 -0.076426
  time 15
    0 0.000000 0.826660 0.000001 -1.559900 -0.000006 -0.000006
    1 -7.059201 7.545358 -8.025539 -1.009341 0.107173 0.978088
    2 0.000000 14.313023 0.000003 -2.162932 0.000000 0.000000
    3 -0.000011 13.013483 -0.000005 0.191958 0.754154 0.239736
    4 8.652996 -22.135220 3.978737 2.947657 0.312156 -0.581899
    5 0.000000 -14.313034 0.000000 -0.487806 0.000000 0.000000
    6 -0.000004 -13.013485 -0.000004 0.000000 0.000000 0.000000
    7 -1.330879 -2.698427 0.462449 -0.194886 -0.547260 3.056712
    8 1.330910 2.698444 -0.462436 0.194890 0.547268 -0.084879
    9 2.187738 2.493409 -1.798588 0.315261 0.802170 0.092964
    10 3.556210 4.238403 0.987502 -1.090396 0.577049 -0.321829
    11 4.139183 5.092691 1.421975 -1.090396 0.577049 -0.321829
    12 4.777527 6.028128 1.897721 -1.090396 0.577049 -0.321829
    13 5.490345 7.072691 2.428969 -1.090396 0.577049 -0.321829
    14 6.566406 8.648438 3.232422 -1.090396 0.577049 -0.321829
    15 7.558525 6.997282 -2.354134 -1.937336 -0.275393 3.010581
    16 7.558525 6.997282 -2.354134 1.937336 0.275393 -0.131011
    17 -2.867767 -2.740969 0.531125 2.051196 0.577049 -0.321829
    18 1.749784 1.396304 -2.372589 -2.314009 -0.217198 1.433428
    19 2.590563 7.334973 -1.027458 0.454883 -0.808497 -0.665153
    20 2.966499 7.048605 -0.526574 0.251822 -0.897883 -0.396696
    21 7.003388 5.284744 4.980582 0.720534 -0.794672 -0.711920
    22 6.946648 6.587124 1.429667 -1.090396 0.577049 -0.321829
    23 7.537933 7.453606 1.870349 -1.090396 0.577049 -0.321829
    24 8.154472 8.357077 2.329839 -1.090396 0.577049 -0.321829
    25 8.874294 9.411907 2.866308 -1.090396 0.577049 -0.321829
    26 -4.125858 -2.321501 1.394414 2.051196 0.577049 -0.321829
    27 -4.826813 -3.348669 0.872014 2.051196 0.577049 -0.321829
    28 -5.441669 -4.249685 0.413772 2.051196 0.577049 -0.321829
    29 -0.552532 -1.343527 1.604446 -0.415180 0.312114 -0.422073
    30 0.552589 1.343534 -1.604463 -0.501650 0.583517 -0.623530
    31 0.000000 -2.021618 -0.000004 0.186809 0.000000 0.000000
    32 -0.000021 2.021633 0.000027 0.407343 0.000000 0.000000
    33 -0.000004 -1.136217 -0.000004 -0.210111 0.000000 0.000000
    34 -0.000011 1.136200 -0.000019 -0.260955 0.000000 0.000000
    35 -0.032677 -4.587727 1.352317 2.844703 1.216154 2.484990
    36 0.032719 4.587772 -1.352291 2.397874 0.511135 1.877999
    37 0.000000 -1.754536 -0.000002 0.662896 0.000000 0.000000
    38 -0.000006 1.754520 -0.000034 0.819685 0.000000 0.000000
    39 0.000000 -1.227020 -0.000002 0.092660 0.000000 0.000000
    40 0.000002 1.227070 0.000032 1.012803 0.000000 0.000000
    41 -0.367996 -4.208406 0.173244 2.943027 1.091688 2.536231
    42 0.368011 4.208412 -0.173239 2.836507 0.480879 1.942034
    43 0.000000 -2.372318 -0.000004 0.722081 0.000000 0.000000
    44 -0.000006 2.372318 -0.000032 1.676636 0.000000 0.000000
    45 0.000004 -1.580070 -0.000001 0.034255 0.000000 0.000000
    46 -0.000002 1.580170 0.000030 0.249520 0.000000 0.000000
    47 -0.937645 -3.860697 -0.959317 3.044205 1.001841 2.581100
    48 0.937672 3.860714 0.959333 3.227501 0.605498 2.168902
    49 0.000000 -1.690632 0.000000 0.491549 0.000000 0.000000
    50 -0.000013 1.690666 0.000021 1.444469 0.000000 0.000000
    51 -0.000002 -1.423443 0.000002 0.234212 0.000000 0.000000
    52 0.000008 1.423420 0.000028 1.027349 0.000000 0.000000
    53 -1.546646 -3.404194 -1.915569 3.024293 0.944156 2.514436
    54 1.546661 3.404217 1.915585 3.738465 0.539098 2.201052
    55 0.000004 -1.437820 0.000000 0.424958 0.000000 0.000000
    56 -0.000021 1.437870 0.000031 0.654374 0.000000 0.000000
    57 -0.000002 -1.059402 0.000000 0.322075 0.000000 0.000000
    58 0.000006 1.059372 0.000008 1.050374 0.000000 0.000000
    59 -0.000004 -13.013485 -0.000004 0.010936 -0.284123 -0.076426
    60 0.161133 -10.812500 0.023087 0.010936 -0.284123 -0.076426
  time 16
    0 0.000000 0.826660 0.000001 -1.559900 -0.000006 -0.000006
    1 -7.059201 7.545358 -8.025539 -1.025099 0.113134 0.916754
    2 0.000000 14.313023 0.000003 -2.156028 0.000000 0.000000
    3 -0.000011 13.013483 -0.000005 0.357545 0.829810 0.416494
    4 8.652996 -22.135220 3.978737 2.947657 0.312156 -0.581899
    5 0.000000 -14.313034 0.000000 -0.487806 0.000000 0.000000
    6 -0.000004 -13.013485 -0.000004 0.000000 0.000000 0.000000
    7 -1.330879 -2.698427 0.462449 -0.194886 -0.547260 3.056712
    8 1.330910 2.698444 -0.462436 0.194890 0.547268 -0.084879
    9 2.280471 2.297101 -2.202679 0.445051 0.854951 0.300455
    10 3.556210 4.238403 0.987502 -1.090396 0.577049 -0.321829
    11 4.139183 5.092691 1.421975 -1.090396 0.577049 -0.321829
    12 4.777527 6.028128 1.897721 -1.090396 0.577049 -0.321829
    13 5.490345 7.072691 2.428969 -1.090396 0.577049 -0.321829
    14 6.566406 8.648438 3.232422 -1.090396 0.577049 -0.321829
    15 7.558525 6.997282 -2.354134 -1.937336 -0.275393 3.010581
    16 7.558525 6.997282 -2.354134 1.937336 0.275393 -0.131011
    17 -2.867767 -2.740969 0.531125 2.051196 0.577049 -0.321829
    18 1.941196 1.189266 -2.798383 -2.236202 -0.286391 1.525658
    19 2.227271 7.081059 -1.046990 0.478592 -0.710375 -0.553940
    20 2.673522 6.810317 -0.589075 0.323292 -0.807827 -0.329019
    21 7.276834 5.167553 4.492286 0.666790 -0.769868 -0.489600
    22 6.946648 6.587124 1.429667 -1.090396 0.577049 -0.321829
    23 7.537933 7.453606 1.870349 -1.090396 0.577049 -0.321829
    24 8.154472 8.357077 2.329839 -1.090396 0.577049 -0.321829
    25 8.874294 9.411907 2.866308 -1.090396 0.577049 -0.321829
    26 -4.125858 -2.321501 1.394414 2.051196 0.577049 -0.321829
    27 -4.826813 -3.348669 0.872014 2.051196 0.577049 -0.321829
    28 -5.441669 -4.249685 0.413772 2.051196 0.577049 -0.321829
    29 -0.552532 -1.343527 1.604446 -0.415180 0.312114 -0.422073
    30 0.552589 1.343534 -1.604463 -0.481006 0.637203 -0.575470
    31 0.000000 -2.021618 -0.000004 0.186809 0.000000 0.000000
    32 -0.000021 2.021633 0.000027 0.393921 0.000000 0.000000
    33 -0.000004 -1.136217 -0.000004 -0.210111 0.000000 0.000000
    34 -0.000011 1.136200 -0.000019 -0.283123 0.000000 0.000000
    35 -0.032677 -4.587727 1.352317 2.844703 1.216154 2.484990
    36 0.032719 4.587772 -1.352291 2.456300 0.541717 1.894001
    37 0.000000 -1.754536 -0.000002 0.662896 0.000000 0.000000
    38 -0.000006 1.754520 -0.000034 0.850662 0.000000 0.000000
    39 0.000000 -1.227020 -0.000002 0.092660 0.000000 0.000000
    40 0.000002 1.227070 0.000032 1.012803 0.000000 0.000000
    41 -0.367996 -4.208406 0.173244 2.943027 1.091688 2.536231
    42 0.368011 4.208412 -0.173239 2.884109 0.518425 1.963087
    43 0.000000 -2.372318 -0.000004 0.722081 0.000000 0.000000
    44 -0.000006 2.372318 -0.000032 1.676636 0.000000 0.000000
    45 0.000004 -1.580070 -0.000001 0.034255 0.000000 0.000000
    46 -0.000002 1.580170 0.000030 0.249520 0.000000 0.000000
    47 -0.937645 -3.860697 -0.959317 3.044205 1.001841 2.581100
    48 0.937672 3.860714 0.959333 3.158010 0.624159 2.169847
    49 0.000000 -1.690632 0.000000 0.491549 0.000000 0.000000
    50 -0.000013 1.690666 0.000021 1.444670 0.000000 0.000000
    51 -0.000002 -1.423443 0.000002 0.234212 0.000000 0.000000
    52 0.000008 1.423420 0.000028 1.027423 0.000000 0.000000
    53 -1.546646 -3.404194 -1.915569 3.024293 0.944156 2.514436
    54 1.546661 3.404217 1.915585 3.637772 0.575518 2.213329
    55 0.000004 -1.437820 0.000000 0.424958 0.000000 0.000000
    56 -0.000021 1.437870 0.000031 0.534883 0.000000 0.000000
    57 -0.000002 -1.059402 0.000000 0.322075 0.000000 0.000000
    58 0.000006 1.059372 0.000008 0.749730 0.000000 0.000000
    59 -0.000004 -13.013485 -0.000004 0.010936 -0.284123 -0.076426
    60 0.161133 -10.812500 0.023087 0.010936 -0.284123 -0.076426
  time 17
    0 0.000000 0.826660 0.000001 -1.559900 -0.000006 -0.000006
    1 -7.059201 7.545358 -8.025539 -1.028969 0.122529 0.908352
    2 0.000000 14.313023 0.000003 -2.153462 0.000000 0.000000
    3 -0.000011 13.013483 -0.000005 0.424621 0.853205 0.495000
    4 8.652996 -22.135220 3.978737 2.947657 0.312156 -0.581899
    5 0.000000 -14.313034 0.000000 -0.487806 0.000000 0.000000
    6 -0.000004 -13.013485 -0.000004 0.000000 0.000000 0.000000
    7 -1.330879 -2.698427 0.462449 -0.194886 -0.547260 3.056712
    8 1.330910 2.698444 -0.462436 0.194890 0.547268 -0.084879
    9 2.373203 2.149869 -2.455236 0.551948 0.877795 0.471992
    10 3.556210 4.238403 0.987502 -1.090396 0.577049 -0.321829
    11 4.139183 5.092691 1.421975 -1.090396 0.577049 -0.321829
    12 4.777527 6.028128 1.897721 -1.090396 0.577049 -0.321829
    13 5.490345 7.072691 2.428969 -1.090396 0.577049 -0.321829
    14 6.566406 8.648438 3.232422 -1.090396 0.577049 -0.321829
    15 7.558525 6.997282 -2.354134 -1.937336 -0.275393 3.010581
    16 7.558525 6.997282 -2.354134 1.937336 0.275393 -0.131011
    17 -2.867767 -2.740969 0.531125 2.051196 0.577049 -0.321829
    18 2.101357 1.072075 -3.130425 -2.186074 -0.341473 1.600440
    19 1.949919 6.858396 -1.054802 0.504103 -0.645143 -0.457874
    20 2.443046 6.622811 -0.635952 0.384415 -0.744777 -0.271407
    21 7.440901 5.163647 4.121181 0.487545 -0.856623 -0.102290
    22 6.946648 6.587124 1.429667 -1.090396 0.577049 -0.321829
    23 7.537933 7.453606 1.870349 -1.090396 0.577049 -0.321829
    24 8.154472 8.357077 2.329839 -1.090396 0.577049 -0.321829
    25 8.874294 9.411907 2.866308 -1.090396 0.577049 -0.321829
    26 -4.125858 -2.321501 1.394414 2.051196 0.577049 -0.321829
    27 -4.826813 -3.348669 0.872014 2.051196 0.577049 -0.321829
    28 -5.441669 -4.249685 0.413772 2.051196 0.577049 -0.321829
    29 -0.552532 -1.343527 1.604446 -0.415180 0.312114 -0.422073
    30 0.552589 1.343534 -1.604463 -0.444944 0.712736 -0.521802
    31 0.000000 -2.021618 -0.000004 0.186809 0.000000 0.000000
    32 -0.000021 2.021633 0.000027 0.384466 0.000000 0.000000
    33 -0.000004 -1.136217 -0.000004 -0.210111 0.000000 0.000000
    34 -0.000011 1.136200 -0.000019 -0.298785 0.000000 0.000000
    35 -0.032677 -4.587727 1.352317 2.844703 1.216154 2.484990
    36 0.032719 4.587772 -1.352291 2.518284 0.573524 1.911898
    37 0.000000 -1.754536 -0.000002 0.662896 0.000000 0.000000
    38 -0.000006 1.754520 -0.000034 0.881185 0.000000 0.000000
    39 0.000000 -1.227020 -0.000002 0.092660 0.000000 0.000000
    40 0.000002 1.227070 0.000032 1.012803 0.000000 0.000000
    41 -0.367996 -4.208406 0.173244 2.943027 1.091688 2.536231
    42 0.368011 4.208412 -0.173239 2.935033 0.557371 1.986848
    43 0.000000 -2.372318 -0.000004 0.722081 0.000000 0.000000
    44 -0.000006 2.372318 -0.000032 1.676636 0.000000 0.000000
    45 0.000004 -1.580070 -0.000001 0.034255 0.000000 0.000000
    46 -0.000002 1.580170 0.000030 0.249520 0.000000 0.000000
    47 -0.937645 -3.860697 -0.959317 3.044205 1.001841 2.581100
    48 0.937672 3.860714 0.959333 3.083875 0.642696 2.171029
    49 0.000000 -1.690632 0.000000 0.491549 0.000000 0.000000
    50 -0.000013 1.690666 0.000021 1.444920 0.000000 0.000000
    51 -0.000002 -1.423443 0.000002 0.234212 0.000000 0.000000
    52 0.000008 1.423420 0.000028 1.027423 0.000000 0.000000
    53 -1.546646 -3.404194 -1.915569 3.024293 0.944156 2.514436
    54 1.546661 3.404217 1.915585 3.537726 0.611852 2.226451
    55 0.000004 -1.437820 0.000000 0.424958 0.000000 0.000000
    56 -0.000021 1.437870 0.000031 0.417636 0.000000 0.000000
    57 -0.000002 -1.059402 0.000000 0.322075 0.000000 0.000000
    58 0.000006 1.059372 0.000008 0.452225 0.000000 0.000000
    59 -0.000004 -13.013485 -0.000004 0.010936 -0.284123 -0.076426
    60 0.161133 -10.812500 0.023087 0.010936 -0.284123 -0.076426
  time 18
    0 0.000000 0.826660 0.000001 -1.559900 -0.000006 -0.000006
    1 -7.059201 7.545358 -8.025539 -1.028969 0.130350 0.908734
    2 0.000000 14.313023 0.000003 -2.152606 0.000000 0.000000
    3 -0.000011 13.013483 -0.000005 0.466662 0.865893 0.548200
    4 8.652996 -22.135220 3.978737 2.947657 0.312156 -0.581899
    5 0.000000 -14.313034 0.000000 -0.487806 0.000000 0.000000
    6 -0.000004 -13.013485 -0.000004 0.000000 0.000000 0.000000
    7 -1.330879 -2.698427 0.462449 -0.194886 -0.547260 3.056712
    8 1.330910 2.698444 -0.462436 0.194890 0.547268 -0.084879
    9 2.435024 2.100792 -2.657282 0.595339 0.882440 0.542764
    10 3.556210 4.238403 0.987502 -1.090396 0.577049 -0.321829
    11 4.139183 5.092691 1.421975 -1.090396 0.577049 -0.321829
    12 4.777527 6.028128 1.897721 -1.090396 0.577049 -0.321829
    13 5.490345 7.072691 2.428969 -1.090396 0.577049 -0.321829
    14 6.566406 8.648438 3.232422 -1.090396 0.577049 -0.321829
    15 7.558525 6.997282 -2.354134 -1.937336 -0.275393 3.010581
    16 7.558525 6.997282 -2.354134 1.937336 0.275393 -0.131011
    17 -2.867767 -2.740969 0.531125 2.051196 0.577049 -0.321829
    18 2.167766 1.033012 -3.271054 -2.168572 -0.364301 1.631407
    19 1.836634 6.764643 -1.062615 0.513777 -0.623969 -0.402268
    20 2.353199 6.548590 -0.655484 0.421396 -0.715657 -0.252907
    21 7.511216 5.148021 3.949300 0.150708 -0.945358 0.395844
    22 6.946648 6.587124 1.429667 -1.090396 0.577049 -0.321829
    23 7.537933 7.453606 1.870349 -1.090396 0.577049 -0.321829
    24 8.154472 8.357077 2.329839 -1.090396 0.577049 -0.321829
    25 8.874294 9.411907 2.866308 -1.090396 0.577049 -0.321829
    26 -4.125858 -2.321501 1.394414 2.051196 0.577049 -0.321829
    27 -4.826813 -3.348669 0.872014 2.051196 0.577049 -0.321829
    28 -5.441669 -4.249685 0.413772 2.051196 0.577049 -0.321829
    29 -0.552532 -1.343527 1.604446 -0.415180 0.312114 -0.422073
    30 0.552589 1.343534 -1.604463 -0.410555 0.779903 -0.476980
    31 0.000000 -2.021618 -0.000004 0.186809 0.000000 0.000000
    32 -0.000021 2.021633 0.000027 0.380880 0.000000 0.000000
    33 -0.000004 -1.136217 -0.000004 -0.210111 0.000000 0.000000
    34 -0.000011 1.136200 -0.000019 -0.304734 0.000000 0.000000
    35 -0.032677 -4.587727 1.352317 2.844703 1.216154 2.484990
    36 0.032719 4.587772 -1.352291 2.578186 0.603586 1.930174
    37 0.000000 -1.754536 -0.000002 0.662896 0.000000 0.000000
    38 -0.000006 1.754520 -0.000034 0.909214 0.000000 0.000000
    39 0.000000 -1.227020 -0.000002 0.092660 0.000000 0.000000
    40 0.000002 1.227070 0.000032 1.012803 0.000000 0.000000
    41 -0.367996 -4.208406 0.173244 2.943027 1.091688 2.536231
    42 0.368011 4.208412 -0.173239 2.984431 0.594119 2.011384
    43 0.000000 -2.372318 -0.000004 0.722081 0.000000 0.000000
    44 -0.000006 2.372318 -0.000032 1.676636 0.000000 0.000000
    45 0.000004 -1.580070 -0.000001 0.034255 0.000000 0.000000
    46 -0.000002 1.580170 0.000030 0.249520 0.000000 0.000000
    47 -0.937645 -3.860697 -0.959317 3.044205 1.001841 2.581100
    48 0.937672 3.860714 0.959333 3.011690 0.658982 2.172132
    49 0.000000 -1.690632 0.000000 0.491549 0.000000 0.000000
    50 -0.000013 1.690666 0.000021 1.445321 0.000000 0.000000
    51 -0.000002 -1.423443 0.000002 0.234212 0.000000 0.000000
    52 0.000008 1.423420 0.000028 1.027496 0.000000 0.000000
    53 -1.546646 -3.404194 -1.915569 3.024293 0.944156 2.514436
    54 1.546661 3.404217 1.915585 3.450600 0.643719 2.238882
    55 0.000004 -1.437820 0.000000 0.424958 0.000000 0.000000
    56 -0.000021 1.437870 0.000031 0.315940 0.000000 0.000000
    57 -0.000002 -1.059402 0.000000 0.322075 0.000000 0.000000
    58 0.000006 1.059372 0.000008 0.193227 0.000000 0.000000
    59 -0.000004 -13.013485 -0.000004 0.010936 -0.284123 -0.076426
    60 0.161133 -10.812500 0.023087 0.010936 -0.284123 -0.076426
  time 19
    0 0.000000 0.826660 0.000001 -1.559900 -0.000006 -0.000006
    1 -7.059201 7.545358 -8.025539 -1.028508 0.137026 0.908963
    2 0.000000 14.313023 0.000003 -2.152057 0.000000 0.000000
    3 -0.000011 13.013483 -0.000005 0.504213 0.875421 0.595265
    4 8.652996 -22.135220 3.978737 2.947657 0.312156 -0.581899
    5 0.000000 -14.313034 0.000000 -0.487806 0.000000 0.000000
    6 -0.000004 -13.013485 -0.000004 0.000000 0.000000 0.000000
    7 -1.330879 -2.698427 0.462449 -0.194886 -0.547260 3.056712
    8 1.330910 2.698444 -0.462436 0.194890 0.547268 -0.084879
    9 2.373203 2.100792 -2.556259 0.547830 0.843780 0.474168
    10 3.556210 4.238403 0.987502 -1.090396 0.577049 -0.321829
    11 4.139183 5.092691 1.421975 -1.090396 0.577049 -0.321829
    12 4.777527 6.028128 1.897721 -1.090396 0.577049 -0.321829
    13 5.490345 7.072691 2.428969 -1.090396 0.577049 -0.321829
    14 6.566406 8.648438 3.232422 -1.090396 0.577049 -0.321829
    15 7.558525 6.997282 -2.354134 -1.937336 -0.275393 3.010581
    16 7.558525 6.997282 -2.354134 1.937336 0.275393 -0.131011
    17 -2.867767 -2.740969 0.531125 2.051196 0.577049 -0.321829
    18 2.120889 1.021293 -3.239803 -2.220127 -0.353459 1.617218
    19 1.871791 6.780269 -1.093866 0.522976 -0.675959 -0.417703
    20 2.364918 6.568122 -0.655484 0.470926 -0.742452 -0.335729
    21 7.272928 4.780822 4.082117 -0.244088 -0.979128 0.825528
    22 6.946648 6.587124 1.429667 -1.090396 0.577049 -0.321829
    23 7.537933 7.453606 1.870349 -1.090396 0.577049 -0.321829
    24 8.154472 8.357077 2.329839 -1.090396 0.577049 -0.321829
    25 8.874294 9.411907 2.866308 -1.090396 0.577049 -0.321829
    26 -4.125858 -2.321501 1.394414 2.051196 0.577049 -0.321829
    27 -4.826813 -3.348669 0.872014 2.051196 0.577049 -0.321829
    28 -5.441669 -4.249685 0.413772 2.051196 0.577049 -0.321829
    29 -0.552532 -1.343527 1.604446 -0.415180 0.312114 -0.422073
    30 0.552589 1.343534 -1.604463 -0.395163 0.808847 -0.458200
    31 0.000000 -2.021618 -0.000004 0.186809 0.000000 0.000000
    32 -0.000021 2.021633 0.000027 0.380880 0.000000 0.000000
    33 -0.000004 -1.136217 -0.000004 -0.210111 0.000000 0.000000
    34 -0.000011 1.136200 -0.000019 -0.304734 0.000000 0.000000
    35 -0.032677 -4.587727 1.352317 2.844703 1.216154 2.484990
    36 0.032719 4.587772 -1.352291 2.629406 0.628749 1.946555
    37 0.000000 -1.754536 -0.000002 0.662896 0.000000 0.000000
    38 -0.000006 1.754520 -0.000034 0.932163 0.000000 0.000000
    39 0.000000 -1.227020 -0.000002 0.092660 0.000000 0.000000
    40 0.000002 1.227070 0.000032 1.012803 0.000000 0.000000
    41 -0.367996 -4.208406 0.173244 2.943027 1.091688 2.536231
    42 0.368011 4.208412 -0.173239 3.027272 0.624802 2.033675
    43 0.000000 -2.372318 -0.000004 0.722081 0.000000 0.000000
    44 -0.000006 2.372318 -0.000032 1.676636 0.000000 0.000000
    45 0.000004 -1.580070 -0.000001 0.034255 0.000000 0.000000
    46 -0.000002 1.580170 0.000030 0.249520 0.000000 0.000000
    47 -0.937645 -3.860697 -0.959317 3.044205 1.001841 2.581100
    48 0.937672 3.860714 0.959333 2.947867 0.670486 2.172919
    49 0.000000 -1.690632 0.000000 0.491549 0.000000 0.000000
    50 -0.000013 1.690666 0.000021 1.445921 0.000000 0.000000
    51 -0.000002 -1.423443 0.000002 0.234212 0.000000 0.000000
    52 0.000008 1.423420 0.000028 1.027863 0.000000 0.000000
    53 -1.546646 -3.404194 -1.915569 3.024293 0.944156 2.514436
    54 1.546661 3.404217 1.915585 3.389040 0.666597 2.248243
    55 0.000004 -1.437820 0.000000 0.424958 0.000000 0.000000
    56 -0.000021 1.437870 0.000031 0.244118 0.000000 0.000000
    57 -0.000002 -1.059402 0.000000 0.322075 0.000000 0.000000
    58 0.000006 1.059372 0.000008 0.010293 0.000000 0.000000
    59 -0.000004 -13.013485 -0.000004 0.010936 -0.284123 -0.076426
    60 0.161133 -10.812500 0.023087 0.010936 -0.284123 -0.076426
  time 20
    0 0.000000 0.826660 0.000001 -1.559900 -0.000006 -0.000006
    1 -7.059201 7.545358 -8.025539 -1.027771 0.142701 0.909269
    2 0.000000 14.313023 0.000003 -2.151690 0.000000 0.000000
    3 -0.000011 13.013483 -0.000005 0.537082 0.882307 0.635812
    4 8.652996 -22.135220 3.978737 2.947657 0.312156 -0.581899
    5 0.000000 -14.313034 0.000000 -0.487806 0.000000 0.000000
    6 -0.000004 -13.013485 -0.000004 0.000000 0.000000 0.000000
    7 -1.330879 -2.698427 0.462449 -0.194886 -0.547260 3.056712
    8 1.330910 2.698444 -0.462436 0.194890 0.547268 -0.084879
    9 2.280471 2.051715 -2.455236 0.455588 0.754095 0.339909
    10 3.556210 4.238403 0.987502 -1.090396 0.577049 -0.321829
    11 4.139183 5.092691 1.421975 -1.090396 0.577049 -0.321829
    12 4.777527 6.028128 1.897721 -1.090396 0.577049 -0.321829
    13 5.490345 7.072691 2.428969 -1.090396 0.577049 -0.321829
    14 6.566406 8.648438 3.232422 -1.090396 0.577049 -0.321829
    15 7.558525 6.997282 -2.354134 -1.937336 -0.275393 3.010581
    16 7.558525 6.997282 -2.354134 1.937336 0.275393 -0.131011
    17 -2.867767 -2.740969 0.531125 2.051196 0.577049 -0.321829
    18 2.027136 0.990042 -3.157769 -2.333604 -0.326490 1.587018
    19 1.949919 6.811520 -1.168087 0.551712 -0.786407 -0.489129
    20 2.380544 6.587654 -0.675016 0.578706 -0.805343 -0.522942
    21 6.608845 4.069863 4.382907 -0.492597 -1.028212 0.980836
    22 6.946648 6.587124 1.429667 -1.090396 0.577049 -0.321829
    23 7.537933 7.453606 1.870349 -1.090396 0.577049 -0.321829
    24 8.154472 8.357077 2.329839 -1.090396 0.577049 -0.321829
    25 8.874294 9.411907 2.866308 -1.090396 0.577049 -0.321829
    26 -4.125858 -2.321501 1.394414 2.051196 0.577049 -0.321829
    27 -4.826813 -3.348669 0.872014 2.051196 0.577049 -0.321829
    28 -5.441669 -4.249685 0.413772 2.051196 0.577049 -0.321829
    29 -0.552532 -1.343527 1.604446 -0.415180 0.312114 -0.422073
    30 0.552589 1.343534 -1.604463 -0.395189 0.808847 -0.458200
    31 0.000000 -2.021618 -0.000004 0.186809 0.000000 0.000000
    32 -0.000021 2.021633 0.000027 0.380880 0.000000 0.000000
    33 -0.000004 -1.136217 -0.000004 -0.210111 0.000000 0.000000
    34 -0.000011 1.136200 -0.000019 -0.304734 0.000000 0.000000
    35 -0.032677 -4.587727 1.352317 2.844703 1.216154 2.484990
    36 0.032719 4.587772 -1.352291 2.665173 0.645970 1.958310
    37 0.000000 -1.754536 -0.000002 0.662896 0.000000 0.000000
    38 -0.000006 1.754520 -0.000034 0.947674 0.000000 0.000000
    39 0.000000 -1.227020 -0.000002 0.092660 0.000000 0.000000
    40 0.000002 1.227070 0.000032 1.012803 0.000000 0.000000
    41 -0.367996 -4.208406 0.173244 2.943027 1.091688 2.536231
    42 0.368011 4.208412 -0.173239 3.057360 0.645691 2.049774
    43 0.000000 -2.372318 -0.000004 0.722081 0.000000 0.000000
    44 -0.000006 2.372318 -0.000032 1.676636 0.000000 0.000000
    45 0.000004 -1.580070 -0.000001 0.034255 0.000000 0.000000
    46 -0.000002 1.580170 0.000030 0.249520 0.000000 0.000000
    47 -0.937645 -3.860697 -0.959317 3.044205 1.001841 2.581100
    48 0.937672 3.860714 0.959333 2.899650 0.674835 2.173234
    49 0.000000 -1.690632 0.000000 0.491549 0.000000 0.000000
    50 -0.000013 1.690666 0.000021 1.446673 0.000000 0.000000
    51 -0.000002 -1.423443 0.000002 0.234212 0.000000 0.000000
    52 0.000008 1.423420 0.000028 1.028524 0.000000 0.000000
    53 -1.546646 -3.404194 -1.915569 3.024293 0.944156 2.514436
    54 1.546661 3.404217 1.915585 3.365689 0.675904 2.251466
    55 0.000004 -1.437820 0.000000 0.424958 0.000000 0.000000
    56 -0.000021 1.437870 0.000031 0.216596 0.000000 0.000000
    57 -0.000002 -1.059402 0.000000 0.322075 0.000000 0.000000
    58 0.000006 1.059372 0.000008 -0.058781 0.000000 0.000000
    59 -0.000004 -13.013485 -0.000004 0.010936 -0.284123 -0.076426
    60 0.161133 -10.812500 0.023087 0.010936 -0.284123 -0.076426
  time 21
    0 0.000000 0.826660 0.000001 -1.559900 -0.000006 -0.000006
    1 -7.059201 7.545358 -8.025539 -1.026757 0.147661 0.909574
    2 0.000000 14.313023 0.000003 -2.151446 0.000000 0.000000
    3 -0.000011 13.013483 -0.000005 0.565269 0.887118 0.670512
    4 8.652996 -22.135220 3.978737 2.947657 0.312156 -0.581899
    5 0.000000 -14.313034 0.000000 -0.487806 0.000000 0.000000
    6 -0.000004 -13.013485 -0.000004 0.000000 0.000000 0.000000
    7 -1.330879 -2.698427 0.462449 -0.194886 -0.547260 3.056712
    8 1.330910 2.698444 -0.462436 0.194890 0.547268 -0.084879
    9 2.187738 2.051715 -2.404725 0.375990 0.658261 0.222965
    10 3.556210 4.238403 0.987502 -1.090396 0.577049 -0.321829
    11 4.139183 5.092691 1.421975 -1.090396 0.577049 -0.321829
    12 4.777527 6.028128 1.897721 -1.090396 0.577049 -0.321829
    13 5.490345 7.072691 2.428969 -1.090396 0.577049 -0.321829
    14 6.566406 8.648438 3.232422 -1.090396 0.577049 -0.321829
    15 7.558525 6.997282 -2.354134 -1.937336 -0.275393 3.010581
    16 7.558525 6.997282 -2.354134 1.937336 0.275393 -0.131011
    17 -2.867767 -2.740969 0.531125 2.051196 0.577049 -0.321829
    18 1.933383 0.954884 -3.056204 -2.447842 -0.294726 1.556721
    19 2.031953 6.834958 -1.246214 0.590500 -0.897771 -0.577429
    20 2.396169 6.607185 -0.702360 0.727682 -0.847517 -0.750417
    21 5.804133 3.347185 4.550881 -0.160741 -1.184371 0.466020
    22 6.946648 6.587124 1.429667 -1.090396 0.577049 -0.321829
    23 7.537933 7.453606 1.870349 -1.090396 0.577049 -0.321829
    24 8.154472 8.357077 2.329839 -1.090396 0.577049 -0.321829
    25 8.874294 9.411907 2.866308 -1.090396 0.577049 -0.321829
    26 -4.125858 -2.321501 1.394414 2.051196 0.577049 -0.321829
    27 -4.826813 -3.348669 0.872014 2.051196 0.577049 -0.321829
    28 -5.441669 -4.249685 0.413772 2.051196 0.577049 -0.321829
    29 -0.552532 -1.343527 1.604446 -0.415180 0.312114 -0.422073
    30 0.552589 1.343534 -1.604463 -0.395215 0.808847 -0.458200
    31 0.000000 -2.021618 -0.000004 0.186809 0.000000 0.000000
    32 -0.000021 2.021633 0.000027 0.380880 0.000000 0.000000
    33 -0.000004 -1.136217 -0.000004 -0.210111 0.000000 0.000000
    34 -0.000011 1.136200 -0.000019 -0.304734 0.000000 0.000000
    35 -0.032677 -4.587727 1.352317 2.844703 1.216154 2.484990
    36 0.032719 4.587772 -1.352291 2.678629 0.652354 1.962860
    37 0.000000 -1.754536 -0.000002 0.662896 0.000000 0.000000
    38 -0.000006 1.754520 -0.000034 0.953298 0.000000 0.000000
    39 0.000000 -1.227020 -0.000002 0.092660 0.000000 0.000000
    40 0.000002 1.227070 0.000032 1.012869 0.000000 0.000000
    41 -0.367996 -4.208406 0.173244 2.943027 1.091688 2.536231
    42 0.368011 4.208412 -0.173239 3.068766 0.653487 2.056044
    43 0.000000 -2.372318 -0.000004 0.722081 0.000000 0.000000
    44 -0.000006 2.372318 -0.000032 1.676636 0.000000 0.000000
    45 0.000004 -1.580070 -0.000001 0.034255 0.000000 0.000000
    46 -0.000002 1.580170 0.000030 0.249520 0.000000 0.000000
    47 -0.937645 -3.860697 -0.959317 3.044205 1.001841 2.581100
    48 0.937672 3.860714 0.959333 2.865556 0.672614 2.171423
    49 0.000000 -1.690632 0.000000 0.491549 0.000000 0.000000
    50 -0.000013 1.690666 0.000021 1.450729 0.000000 0.000000
    51 -0.000002 -1.423443 0.000002 0.234212 0.000000 0.000000
    52 0.000008 1.423420 0.000028 1.032561 0.000000 0.000000
    53 -1.546646 -3.404194 -1.915569 3.024293 0.944156 2.514436
    54 1.546661 3.404217 1.915585 3.384148 0.676624 2.250852
    55 0.000004 -1.437820 0.000000 0.424958 0.000000 0.000000
    56 -0.000021 1.437870 0.000031 0.216115 0.000000 0.000000
    57 -0.000002 -1.059402 0.000000 0.322075 0.000000 0.000000
    58 0.000006 1.059372 0.000008 -0.051732 0.000000 0.000000
    59 -0.000004 -13.013485 -0.000004 0.010936 -0.284123 -0.076426
    60 0.161133 -10.812500 0.023087 0.010936 -0.284123 -0.076426
  time 22
    0 0.000000 0.826660 0.000001 -1.559900 -0.000006 -0.000006
    1 -7.059201 7.545358 -8.025539 -1.025928 0.152096 0.909727
    2 0.000000 14.313023 0.000003 -2.151262 0.000000 0.000000
    3 -0.000011 13.013483 -0.000005 0.589252 0.890373 0.699652
    4 8.652996 -22.135220 3.978737 2.947657 0.312156 -0.581899
    5 0.000000 -14.313034 0.000000 -0.487806 0.000000 0.000000
    6 -0.000004 -13.013485 -0.000004 0.000000 0.000000 0.000000
    7 -1.330879 -2.698427 0.462449 -0.194886 -0.547260 3.056712
    8 1.330910 2.698444 -0.462436 0.194890 0.547268 -0.084879
    9 2.156827 2.002638 -2.354214 0.343039 0.613074 0.174616
    10 3.556210 4.238403 0.987502 -1.090396 0.577049 -0.321829
    11 4.139183 5.092691 1.421975 -1.090396 0.577049 -0.321829
    12 4.777527 6.028128 1.897721 -1.090396 0.577049 -0.321829
    13 5.490345 7.072691 2.428969 -1.090396 0.577049 -0.321829
    14 6.566406 8.648438 3.232422 -1.090396 0.577049 -0.321829
    15 7.558525 6.997282 -2.354134 -1.937336 -0.275393 3.010581
    16 7.558525 6.997282 -2.354134 1.937336 0.275393 -0.131011
    17 -2.867767 -2.740969 0.531125 2.051196 0.577049 -0.321829
    18 1.890413 0.939259 -3.001515 -2.499777 -0.278709 1.542724
    19 2.071016 6.842770 -1.285278 0.613545 -0.948236 -0.624599
    20 2.400076 6.611092 -0.721892 0.840444 -0.825796 -0.908393
    21 5.331462 2.776855 4.421971 0.853793 -0.996421 -0.742598
    22 6.946648 6.587124 1.429667 -1.090396 0.577049 -0.321829
    23 7.537933 7.453606 1.870349 -1.090396 0.577049 -0.321829
    24 8.154472 8.357077 2.329839 -1.090396 0.577049 -0.321829
    25 8.874294 9.411907 2.866308 -1.090396 0.577049 -0.321829
    26 -4.125858 -2.321501 1.394414 2.051196 0.577049 -0.321829
    27 -4.826813 -3.348669 0.872014 2.051196 0.577049 -0.321829
    28 -5.441669 -4.249685 0.413772 2.051196 0.577049 -0.321829
    29 -0.552532 -1.343527 1.604446 -0.415180 0.312114 -0.422073
    30 0.552589 1.343534 -1.604463 -0.395320 0.808847 -0.458200
    31 0.000000 -2.021618 -0.000004 0.186809 0.000000 0.000000
    32 -0.000021 2.021633 0.000027 0.380880 0.000000 0.000000
    33 -0.000004 -1.136217 -0.000004 -0.210111 0.000000 0.000000
    34 -0.000011 1.136200 -0.000019 -0.304734 0.000000 0.000000
    35 -0.032677 -4.587727 1.352317 2.844703 1.216154 2.484990
    36 0.032719 4.587772 -1.352291 2.678629 0.652354 1.962860
    37 0.000000 -1.754536 -0.000002 0.662896 0.000000 0.000000
    38 -0.000006 1.754520 -0.000034 0.953298 0.000000 0.000000
    39 0.000000 -1.227020 -0.000002 0.092660 0.000000 0.000000
    40 0.000002 1.227070 0.000032 1.012869 0.000000 0.000000
    41 -0.367996 -4.208406 0.173244 2.943027 1.091688 2.536231
    42 0.368011 4.208412 -0.173239 3.068766 0.653487 2.056044
    43 0.000000 -2.372318 -0.000004 0.722081 0.000000 0.000000
    44 -0.000006 2.372318 -0.000032 1.676636 0.000000 0.000000
    45 0.000004 -1.580070 -0.000001 0.034255 0.000000 0.000000
    46 -0.000002 1.580170 0.000030 0.249520 0.000000 0.000000
    47 -0.937645 -3.860697 -0.959317 3.044205 1.001841 2.581100
    48 0.937672 3.860714 0.959333 2.839264 0.667032 2.166933
    49 0.000000 -1.690632 0.000000 0.491549 0.000000 0.000000
    50 -0.000013 1.690666 0.000021 1.459592 0.000000 0.000000
    51 -0.000002 -1.423443 0.000002 0.234212 0.000000 0.000000
    52 0.000008 1.423420 0.000028 1.041444 0.000000 0.000000
    53 -1.546646 -3.404194 -1.915569 3.024293 0.944156 2.514436
    54 1.546661 3.404217 1.915585 3.425311 0.676855 2.249932
    55 0.000004 -1.437820 0.000000 0.424958 0.000000 0.000000
    56 -0.000021 1.437870 0.000031 0.216008 0.000000 0.000000
    57 -0.000002 -1.059402 0.000000 0.322075 0.000000 0.000000
    58 0.000006 1.059372 0.000008 -0.036092 0.000000 0.000000
    59 -0.000004 -13.013485 -0.000004 0.010936 -0.284123 -0.076426
    60 0.161133 -10.812500 0.023087 0.010936 -0.284123 -0.076426
  time 23
    0 0.000000 0.826660 0.000001 -1.559900 -0.000006 -0.000006
    1 -7.059201 7.545358 -8.025539 -1.024914 0.156006 0.909956
    2 0.000000 14.313023 0.000003 -2.151140 0.000000 0.000000
    3 -0.000011 13.013483 -0.000005 0.608935 0.892165 0.723232
    4 8.652996 -22.135220 3.978737 2.947657 0.312156 -0.581899
    5 0.000000 -14.313034 0.000000 -0.487806 0.000000 0.000000
    6 -0.000004 -13.013485 -0.000004 0.000000 0.000000 0.000000
    7 -1.330879 -2.698427 0.462449 -0.194886 -0.547260 3.056712
    8 1.330910 2.698444 -0.462436 0.194890 0.547268 -0.084879
    9 2.156827 2.002638 -2.354214 0.343039 0.613074 0.174616
    10 3.556210 4.238403 0.987502 -1.090396 0.577049 -0.321829
    11 4.139183 5.092691 1.421975 -1.090396 0.577049 -0.321829
    12 4.777527 6.028128 1.897721 -1.090396 0.577049 -0.321829
    13 5.490345 7.072691 2.428969 -1.090396 0.577049 -0.321829
    14 6.566406 8.648438 3.232422 -1.090396 0.577049 -0.321829
    15 7.558525 6.997282 -2.354134 -1.937336 -0.275393 3.010581
    16 7.558525 6.997282 -2.354134 1.937336 0.275393 -0.131011
    17 -2.867767 -2.740969 0.531125 2.051196 0.577049 -0.321829
    18 1.890413 0.939259 -3.001515 -2.499777 -0.278709 1.542724
    19 2.071016 6.842770 -1.285278 0.613545 -0.948236 -0.624599
    20 2.400076 6.611092 -0.717986 0.879244 -0.782248 -0.962362
    21 5.249428 2.444814 4.207121 1.107284 -0.469893 -1.207082
    22 6.946648 6.587124 1.429667 -1.090396 0.577049 -0.321829
    23 7.537933 7.453606 1.870349 -1.090396 0.577049 -0.321829
    24 8.154472 8.357077 2.329839 -1.090396 0.577049 -0.321829
    25 8.874294 9.411907 2.866308 -1.090396 0.577049 -0.321829
    26 -4.125858 -2.321501 1.394414 2.051196 0.577049 -0.321829
    27 -4.826813 -3.348669 0.872014 2.051196 0.577049 -0.321829
    28 -5.441669 -4.249685 0.413772 2.051196 0.577049 -0.321829
    29 -0.552532 -1.343527 1.604446 -0.415180 0.312114 -0.422073
    30 0.552589 1.343534 -1.604463 -0.395398 0.808847 -0.458200
    31 0.000000 -2.021618 -0.000004 0.186809 0.000000 0.000000
    32 -0.000021 2.021633 0.000027 0.380880 0.000000 0.000000
    33 -0.000004 -1.136217 -0.000004 -0.210111 0.000000 0.000000
    34 -0.000011 1.136200 -0.000019 -0.304734 0.000000 0.000000
    35 -0.032677 -4.587727 1.352317 2.844703 1.216154 2.484990
    36 0.032719 4.587772 -1.352291 2.678629 0.652354 1.962860
    37 0.000000 -1.754536 -0.000002 0.662896 0.000000 0.000000
    38 -0.000006 1.754520 -0.000034 0.953298 0.000000 0.000000
    39 0.000000 -1.227020 -0.000002 0.092660 0.000000 0.000000
    40 0.000002 1.227070 0.000032 1.012803 0.000000 0.000000
    41 -0.367996 -4.208406 0.173244 2.943027 1.091688 2.536231
    42 0.368011 4.208412 -0.173239 3.068766 0.653487 2.056044
    43 0.000000 -2.372318 -0.000004 0.722081 0.000000 0.000000
    44 -0.000006 2.372318 -0.000032 1.676636 0.000000 0.000000
    45 0.000004 -1.580070 -0.000001 0.034255 0.000000 0.000000
    46 -0.000002 1.580170 0.000030 0.249520 0.000000 0.000000
    47 -0.937645 -3.860697 -0.959317 3.044205 1.001841 2.581100
    48 0.937672 3.860714 0.959333 2.820127 0.659691 2.161104
    49 0.000000 -1.690632 0.000000 0.491549 0.000000 0.000000
    50 -0.000013 1.690666 0.000021 1.470859 0.000000 0.000000
    51 -0.000002 -1.423443 0.000002 0.234212 0.000000 0.000000
    52 0.000008 1.423420 0.000028 1.052676 0.000000 0.000000
    53 -1.546646 -3.404194 -1.915569 3.024293 0.944156 2.514436
    54 1.546661 3.404217 1.915585 3.466198 0.676797 2.249087
    55 0.000004 -1.437820 0.000000 0.424958 0.000000 0.000000
    56 -0.000021 1.437870 0.000031 0.216008 0.000000 0.000000
    57 -0.000002 -1.059402 0.000000 0.322075 0.000000 0.000000
    58 0.000006 1.059372 0.000008 -0.020571 0.000000 0.000000
    59 -0.000004 -13.013485 -0.000004 0.010936 -0.284123 -0.076426
    60 0.161133 -10.812500 0.023087 0.010936 -0.284123 -0.076426
  time 24
    0 0.000000 0.826660 0.000001 -1.559900 -0.000006 -0.000006
    1 -7.059201 7.545358 -8.025539 -1.024085 0.159440 0.910109
    2 0.000000 14.313023 0.000003 -2.151079 0.000000 0.000000
    3 -0.000011 13.013483 -0.000005 0.624605 0.892872 0.742212
    4 8.652996 -22.135220 3.978737 2.947657 0.312156 -0.581899
    5 0.000000 -14.313034 0.000000 -0.487806 0.000000 0.000000
    6 -0.000004 -13.013485 -0.000004 0.000000 0.000000 0.000000
    7 -1.330879 -2.698427 0.462449 -0.194886 -0.547260 3.056712
    8 1.330910 2.698444 -0.462436 0.194890 0.547268 -0.084879
    9 2.156827 2.002638 -2.354214 0.343039 0.613074 0.174711
    10 3.556210 4.238403 0.987502 -1.090396 0.577049 -0.321829
    11 4.139183 5.092691 1.421975 -1.090396 0.577049 -0.321829
    12 4.777527 6.028128 1.897721 -1.090396 0.577049 -0.321829
    13 5.490345 7.072691 2.428969 -1.090396 0.577049 -0.321829
    14 6.566406 8.648438 3.232422 -1.090396 0.577049 -0.321829
    15 7.558525 6.997282 -2.354134 -1.937336 -0.275393 3.010581
    16 7.558525 6.997282 -2.354134 1.937336 0.275393 -0.131011
    17 -2.867767 -2.740969 0.531125 2.051196 0.577049 -0.321829
    18 1.890413 0.939259 -3.001515 -2.499777 -0.278709 1.542724
    19 2.071016 6.846677 -1.285278 0.613545 -0.948236 -0.624599
    20 2.400076 6.614998 -0.717986 0.887100 -0.772576 -0.973577
    21 5.229896 2.378405 4.164151 1.118588 -0.043279 -1.451356
    22 6.946648 6.587124 1.429667 -1.090396 0.577049 -0.321829
    23 7.537933 7.453606 1.870349 -1.090396 0.577049 -0.321829
    24 8.154472 8.357077 2.329839 -1.090396 0.577049 -0.321829
    25 8.874294 9.411907 2.866308 -1.090396 0.577049 -0.321829
    26 -4.125858 -2.321501 1.394414 2.051196 0.577049 -0.321829
    27 -4.826813 -3.348669 0.872014 2.051196 0.577049 -0.321829
    28 -5.441669 -4.249685 0.413772 2.051196 0.577049 -0.321829
    29 -0.552532 -1.343527 1.604446 -0.415180 0.312114 -0.422073
    30 0.552589 1.343534 -1.604463 -0.395555 0.808847 -0.458200
    31 0.000000 -2.021618 -0.000004 0.186809 0.000000 0.000000
    32 -0.000021 2.021633 0.000027 0.380880 0.000000 0.000000
    33 -0.000004 -1.136217 -0.000004 -0.210111 0.000000 0.000000
    34 -0.000011 1.136200 -0.000019 -0.304734 0.000000 0.000000
    35 -0.032677 -4.587727 1.352317 2.844703 1.216154 2.484990
    36 0.032719 4.587772 -1.352291 2.678629 0.652354 1.962860
    37 0.000000 -1.754536 -0.000002 0.662896 0.000000 0.000000
    38 -0.000006 1.754520 -0.000034 0.953298 0.000000 0.000000
    39 0.000000 -1.227020 -0.000002 0.092660 0.000000 0.000000
    40 0.000002 1.227070 0.000032 1.012869 0.000000 0.000000
    41 -0.367996 -4.208406 0.173244 2.943027 1.091688 2.536231
    42 0.368011 4.208412 -0.173239 3.068766 0.653487 2.056044
    43 0.000000 -2.372318 -0.000004 0.722081 0.000000 0.000000
    44 -0.000006 2.372318 -0.000032 1.676636 0.000000 0.000000
    45 0.000004 -1.580070 -0.000001 0.034255 0.000000 0.000000
    46 -0.000002 1.580170 0.000030 0.249520 0.000000 0.000000
    47 -0.937645 -3.860697 -0.959317 3.044205 1.001841 2.581100
    48 0.937672 3.860714 0.959333 2.807306 0.652134 2.155196
    49 0.000000 -1.690632 0.000000 0.491549 0.000000 0.000000
    50 -0.000013 1.690666 0.000021 1.482226 0.000000 0.000000
    51 -0.000002 -1.423443 0.000002 0.234212 0.000000 0.000000
    52 0.000008 1.423420 0.000028 1.064055 0.000000 0.000000
    53 -1.546646 -3.404194 -1.915569 3.024293 0.944156 2.514436
    54 1.546661 3.404217 1.915585 3.484749 0.676682 2.248474
    55 0.000004 -1.437820 0.000000 0.424958 0.000000 0.000000
    56 -0.000021 1.437870 0.000031 0.215474 0.000000 0.000000
    57 -0.000002 -1.059402 0.000000 0.322075 0.000000 0.000000
    58 0.000006 1.059372 0.000008 -0.013462 0.000000 0.000000
    59 -0.000004 -13.013485 -0.000004 0.010936 -0.284123 -0.076426
    60 0.161133 -10.812500 0.023087 0.010936 -0.284123 -0.076426
  time 25
    0 0.000000 0.826660 0.000001 -1.559900 -0.000006 -0.000006
    1 -7.059201 7.545358 -8.025539 -1.023348 0.162492 0.910261
    2 0.000000 14.313023 0.000003 -2.150957 0.000000 0.000000
    3 -0.000011 13.013483 -0.000005 0.636835 0.892589 0.756782
    4 8.652996 -22.135220 3.978737 2.947657 0.312156 -0.581899
    5 0.000000 -14.313034 0.000000 -0.487806 0.000000 0.000000
    6 -0.000004 -13.013485 -0.000004 0.000000 0.000000 0.000000
    7 -1.330879 -2.698427 0.462449 -0.194886 -0.547260 3.056712
    8 1.330910 2.698444 -0.462436 0.194890 0.547268 -0.084879
    9 2.156827 2.002638 -2.354214 0.343039 0.613074 0.174616
    10 3.556210 4.238403 0.987502 -1.090396 0.577049 -0.321829
    11 4.139183 5.092691 1.421975 -1.090396 0.577049 -0.321829
    12 4.777527 6.028128 1.897721 -1.090396 0.577049 -0.321829
    13 5.490345 7.072691 2.428969 -1.090396 0.577049 -0.321829
    14 6.566406 8.648438 3.232422 -1.090396 0.577049 -0.321829
    15 7.558525 6.997282 -2.354134 -1.937336 -0.275393 3.010581
    16 7.558525 6.997282 -2.354134 1.937336 0.275393 -0.131011
    17 -2.867767 -2.740969 0.531125 2.051196 0.577049 -0.321829
    18 1.890413 0.939259 -3.001515 -2.499777 -0.278709 1.542724
    19 2.071016 6.846677 -1.285278 0.613545 -0.948236 -0.624599
    20 2.400076 6.611092 -0.717986 0.878765 -0.782882 -0.961691
    21 5.253335 2.452626 4.218840 1.098087 0.114744 -1.549046
    22 6.946648 6.587124 1.429667 -1.090396 0.577049 -0.321829
    23 7.537933 7.453606 1.870349 -1.090396 0.577049 -0.321829
    24 8.154472 8.357077 2.329839 -1.090396 0.577049 -0.321829
    25 8.874294 9.411907 2.866308 -1.090396 0.577049 -0.321829
    26 -4.125858 -2.321501 1.394414 2.051196 0.577049 -0.321829
    27 -4.826813 -3.348669 0.872014 2.051196 0.577049 -0.321829
    28 -5.441669 -4.249685 0.413772 2.051196 0.577049 -0.321829
    29 -0.552532 -1.343527 1.604446 -0.415180 0.312114 -0.422073
    30 0.552589 1.343534 -1.604463 -0.395764 0.808847 -0.458200
    31 0.000000 -2.021618 -0.000004 0.186809 0.000000 0.000000
    32 -0.000021 2.021633 0.000027 0.380880 0.000000 0.000000
    33 -0.000004 -1.136217 -0.000004 -0.210111 0.000000 0.000000
    34 -0.000011 1.136200 -0.000019 -0.304734 0.000000 0.000000
    35 -0.032677 -4.587727 1.352317 2.844703 1.216154 2.484990
    36 0.032719 4.587772 -1.352291 2.678629 0.652354 1.962860
    37 0.000000 -1.754536 -0.000002 0.662896 0.000000 0.000000
    38 -0.000006 1.754520 -0.000034 0.953298 0.000000 0.000000
    39 0.000000 -1.227020 -0.000002 0.092660 0.000000 0.000000
    40 0.000002 1.227070 0.000032 1.012869 0.000000 0.000000
    41 -0.367996 -4.208406 0.173244 2.943027 1.091688 2.536231
    42 0.368011 4.208412 -0.173239 3.068766 0.653487 2.056044
    43 0.000000 -2.372318 -0.000004 0.722081 0.000000 0.000000
    44 -0.000006 2.372318 -0.000032 1.676636 0.000000 0.000000
    45 0.000004 -1.580070 -0.000001 0.034255 0.000000 0.000000
    46 -0.000002 1.580170 0.000030 0.249520 0.000000 0.000000
    47 -0.937645 -3.860697 -0.959317 3.044205 1.001841 2.581100
    48 0.937672 3.860714 0.959333 2.799781 0.646027 2.150549
    49 0.000000 -1.690632 0.000000 0.491549 0.000000 0.000000
    50 -0.000013 1.690666 0.000021 1.491339 0.000000 0.000000
    51 -0.000002 -1.423443 0.000002 0.234212 0.000000 0.000000
    52 0.000008 1.423420 0.000028 1.073231 0.000000 0.000000
    53 -1.546646 -3.404194 -1.915569 3.024293 0.944156 2.514436
    54 1.546661 3.404217 1.915585 3.481611 0.676624 2.248090
    55 0.000004 -1.437820 0.000000 0.424958 0.000000 0.000000
    56 -0.000021 1.437870 0.000031 0.210290 0.000000 0.000000
    57 -0.000002 -1.059402 0.000000 0.322075 0.000000 0.000000
    58 0.000006 1.059372 0.000008 -0.016780 0.000000 0.000000
    59 -0.000004 -13.013485 -0.000004 0.010936 -0.284123 -0.076426
    60 0.161133 -10.812500 0.023087 0.010936 -0.284123 -0.076426
  time 26
    0 0.000000 0.826660 0.000001 -1.559900 -0.000006 -0.000006
    1 -7.059201 7.545358 -8.025539 -1.022611 0.165163 0.910414
    2 0.000000 14.313023 0.000003 -2.150896 0.000000 0.000000
    3 -0.000011 13.013483 -0.000005 0.645817 0.891505 0.767518
    4 8.652996 -22.135220 3.978737 2.947657 0.312156 -0.581899
    5 0.000000 -14.313034 0.000000 -0.487806 0.000000 0.000000
    6 -0.000004 -13.013485 -0.000004 0.000000 0.000000 0.000000
    7 -1.330879 -2.698427 0.462449 -0.194886 -0.547260 3.056712
    8 1.330910 2.698444 -0.462436 0.194890 0.547268 -0.084879
    9 2.156827 2.002638 -2.354214 0.343039 0.613074 0.174616
    10 3.556210 4.238403 0.987502 -1.090396 0.577049 -0.321829
    11 4.139183 5.092691 1.421975 -1.090396 0.577049 -0.321829
    12 4.777527 6.028128 1.897721 -1.090396 0.577049 -0.321829
    13 5.490345 7.072691 2.428969 -1.090396 0.577049 -0.321829
    14 6.566406 8.648438 3.232422 -1.090396 0.577049 -0.321829
    15 7.558525 6.997282 -2.354134 -1.937336 -0.275393 3.010581
    16 7.558525 6.997282 -2.354134 1.937336 0.275393 -0.131011
    17 -2.867767 -2.740969 0.531125 2.051196 0.577049 -0.321829
    18 1.890413 0.939259 -3.001515 -2.499872 -0.278709 1.542724
    19 2.071016 6.846677 -1.285278 0.613545 -0.948236 -0.624599
    20 2.400076 6.611092 -0.717986 0.862095 -0.802489 -0.938109
    21 5.288492 2.597162 4.316499 1.101440 0.012151 -1.496702
    22 6.946648 6.587124 1.429667 -1.090396 0.577049 -0.321829
    23 7.537933 7.453606 1.870349 -1.090396 0.577049 -0.321829
    24 8.154472 8.357077 2.329839 -1.090396 0.577049 -0.321829
    25 8.874294 9.411907 2.866308 -1.090396 0.577049 -0.321829
    26 -4.125858 -2.321501 1.394414 2.051196 0.577049 -0.321829
    27 -4.826813 -3.348669 0.872014 2.051196 0.577049 -0.321829
    28 -5.441669 -4.249685 0.413772 2.051196 0.577049 -0.321829
    29 -0.552532 -1.343527 1.604446 -0.415180 0.312114 -0.422073
    30 0.552589 1.343534 -1.604463 -0.395973 0.808847 -0.458200
    31 0.000000 -2.021618 -0.000004 0.186809 0.000000 0.000000
    32 -0.000021 2.021633 0.000027 0.380880 0.000000 0.000000
    33 -0.000004 -1.136217 -0.000004 -0.210111 0.000000 0.000000
    34 -0.000011 1.136200 -0.000019 -0.304734 0.000000 0.000000
    35 -0.032677 -4.587727 1.352317 2.844703 1.216154 2.484990
    36 0.032719 4.587772 -1.352291 2.678629 0.652354 1.962860
    37 0.000000 -1.754536 -0.000002 0.662896 0.000000 0.000000
    38 -0.000006 1.754520 -0.000034 0.953298 0.000000 0.000000
    39 0.000000 -1.227020 -0.000002 0.092660 0.000000 0.000000
    40 0.000002 1.227070 0.000032 1.012803 0.000000 0.000000
    41 -0.367996 -4.208406 0.173244 2.943027 1.091688 2.536231
    42 0.368011 4.208412 -0.173239 3.068766 0.653487 2.056044
    43 0.000000 -2.372318 -0.000004 0.722081 0.000000 0.000000
    44 -0.000006 2.372318 -0.000032 1.676636 0.000000 0.000000
    45 0.000004 -1.580070 -0.000001 0.034255 0.000000 0.000000
    46 -0.000002 1.580170 0.000030 0.249520 0.000000 0.000000
    47 -0.937645 -3.860697 -0.959317 3.044205 1.001841 2.581100
    48 0.937672 3.860714 0.959333 2.796994 0.642974 2.148265
    49 0.000000 -1.690632 0.000000 0.491549 0.000000 0.000000
    50 -0.000013 1.690666 0.000021 1.495796 0.000000 0.000000
    51 -0.000002 -1.423443 0.000002 0.234212 0.000000 0.000000
    52 0.000008 1.423420 0.000028 1.077709 0.000000 0.000000
    53 -1.546646 -3.404194 -1.915569 3.024293 0.944156 2.514436
    54 1.546661 3.404217 1.915585 3.474135 0.676566 2.247860
    55 0.000004 -1.437820 0.000000 0.424958 0.000000 0.000000
    56 -0.000021 1.437870 0.000031 0.198266 0.000000 0.000000
    57 -0.000002 -1.059402 0.000000 0.322075 0.000000 0.000000
    58 0.000006 1.059372 0.000008 -0.025192 0.000000 0.000000
    59 -0.000004 -13.013485 -0.000004 0.010936 -0.284123 -0.076426
    60 0.161133 -10.812500 0.023087 0.010936 -0.284123 -0.076426
  time 27
    0 0.000000 0.826660 0.000001 -1.559900 -0.000006 -0.000006
    1 -7.059201 7.545358 -8.025539 -1.021966 0.167452 0.910567
    2 0.000000 14.313023 0.000003 -2.150835 0.000000 0.000000
    3 -0.000011 13.013483 -0.000005 0.652123 0.889665 0.774899
    4 8.652996 -22.135220 3.978737 2.947657 0.312156 -0.581899
    5 0.000000 -14.313034 0.000000 -0.487806 0.000000 0.000000
    6 -0.000004 -13.013485 -0.000004 0.000000 0.000000 0.000000
    7 -1.330879 -2.698427 0.462449 -0.194886 -0.547260 3.056712
    8 1.330910 2.698444 -0.462436 0.194890 0.547268 -0.084879
    9 2.156827 2.002638 -2.354214 0.343039 0.613074 0.174711
    10 3.556210 4.238403 0.987502 -1.090396 0.577049 -0.321829
    11 4.139183 5.092691 1.421975 -1.090396 0.577049 -0.321829
    12 4.777527 6.028128 1.897721 -1.090396 0.577049 -0.321829
    13 5.490345 7.072691 2.428969 -1.090396 0.577049 -0.321829
    14 6.566406 8.648438 3.232422 -1.090396 0.577049 -0.321829
    15 7.558525 6.997282 -2.354134 -1.937336 -0.275393 3.010581
    16 7.558525 6.997282 -2.354134 1.937336 0.275393 -0.131011
    17 -2.867767 -2.740969 0.531125 2.051196 0.577049 -0.321829
    18 1.890413 0.939259 -3.001515 -2.499777 -0.278709 1.542724
    19 2.071016 6.846677 -1.289184 0.613545 -0.948236 -0.624599
    20 2.400076 6.614998 -0.717986 0.845042 -0.820934 -0.914720
    21 5.323649 2.741698 4.402439 1.087644 -0.229482 -1.371689
    22 6.946648 6.587124 1.429667 -1.090396 0.577049 -0.321829
    23 7.537933 7.453606 1.870349 -1.090396 0.577049 -0.321829
    24 8.154472 8.357077 2.329839 -1.090396 0.577049 -0.321829
    25 8.874294 9.411907 2.866308 -1.090396 0.577049 -0.321829
    26 -4.125858 -2.321501 1.394414 2.051196 0.577049 -0.321829
    27 -4.826813 -3.348669 0.872014 2.051196 0.577049 -0.321829
    28 -5.441669 -4.249685 0.413772 2.051196 0.577049 -0.321829
    29 -0.552532 -1.343527 1.604446 -0.415180 0.312114 -0.422073
    30 0.552589 1.343534 -1.604463 -0.396287 0.808847 -0.458200
    31 0.000000 -2.021618 -0.000004 0.186809 0.000000 0.000000
    32 -0.000021 2.021633 0.000027 0.380880 0.000000 0.000000
    33 -0.000004 -1.136217 -0.000004 -0.210111 0.000000 0.000000
    34 -0.000011 1.136200 -0.000019 -0.304734 0.000000 0.000000
    35 -0.032677 -4.587727 1.352317 2.844703 1.216154 2.484990
    36 0.032719 4.587772 -1.352291 2.678629 0.652354 1.962860
    37 0.000000 -1.754536 -0.000002 0.662896 0.000000 0.000000
    38 -0.000006 1.754520 -0.000034 0.953298 0.000000 0.000000
    39 0.000000 -1.227020 -0.000002 0.092660 0.000000 0.000000
    40 0.000002 1.227070 0.000032 1.012869 0.000000 0.000000
    41 -0.367996 -4.208406 0.173244 2.943027 1.091688 2.536231
    42 0.368011 4.208412 -0.173239 3.068766 0.653487 2.056044
    43 0.000000 -2.372318 -0.000004 0.722081 0.000000 0.000000
    44 -0.000006 2.372318 -0.000032 1.676636 0.000000 0.000000
    45 0.000004 -1.580070 -0.000001 0.034255 0.000000 0.000000
    46 -0.000002 1.580170 0.000030 0.249520 0.000000 0.000000
    47 -0.937645 -3.860697 -0.959317 3.044205 1.001841 2.581100
    48 0.937672 3.860714 0.959333 2.796158 0.642141 2.147634
    49 0.000000 -1.690632 0.000000 0.491549 0.000000 0.000000
    50 -0.000013 1.690666 0.000021 1.497048 0.000000 0.000000
    51 -0.000002 -1.423443 0.000002 0.234212 0.000000 0.000000
    52 0.000008 1.423420 0.000028 1.078884 0.000000 0.000000
    53 -1.546646 -3.404194 -1.915569 3.024293 0.944156 2.514436
    54 1.546661 3.404217 1.915585 3.463890 0.676538 2.247630
    55 0.000004 -1.437820 0.000000 0.424958 0.000000 0.000000
    56 -0.000021 1.437870 0.000031 0.182128 0.000000 0.000000
    57 -0.000002 -1.059402 0.000000 0.322075 0.000000 0.000000
    58 0.000006 1.059372 0.000008 -0.036684 0.000000 0.000000
    59 -0.000004 -13.013485 -0.000004 0.010936 -0.284123 -0.076426
    60 0.161133 -10.812500 0.023087 0.010936 -0.284123 -0.076426
  time 28
    0 0.000000 0.826660 0.000001 -1.559900 -0.000006 -0.000006
    1 -7.059201 7.545358 -8.025539 -1.021505 0.169407 0.910643
    2 0.000000 14.313023 0.000003 -2.150773 0.000000 0.000000
    3 -0.000011 13.013483 -0.000005 0.656136 0.887354 0.779691
    4 8.652996 -22.135220 3.978737 2.947657 0.312156 -0.581899
    5 0.000000 -14.313034 0.000000 -0.487806 0.000000 0.000000
    6 -0.000004 -13.013485 -0.000004 0.000000 0.000000 0.000000
    7 -1.330879 -2.698427 0.462449 -0.194886 -0.547260 3.056712
    8 1.330910 2.698444 -0.462436 0.194890 0.547268 -0.084879
    9 2.156827 2.002638 -2.354214 0.343039 0.613074 0.174616
    10 3.556210 4.238403 0.987502 -1.090396 0.577049 -0.321829
    11 4.139183 5.092691 1.421975 -1.090396 0.577049 -0.321829
    12 4.777527 6.028128 1.897721 -1.090396 0.577049 -0.321829
    13 5.490345 7.072691 2.428969 -1.090396 0.577049 -0.321829
    14 6.566406 8.648438 3.232422 -1.090396 0.577049 -0.321829
    15 7.558525 6.997282 -2.354134 -1.937336 -0.275393 3.010581
    16 7.558525 6.997282 -2.354134 1.937336 0.275393 -0.131011
    17 -2.867767 -2.740969 0.531125 2.051196 0.577049 -0.321829
    18 1.890413 0.939259 -3.001515 -2.499777 -0.278763 1.542724
    19 2.071016 6.846677 -1.285278 0.613545 -0.948236 -0.624599
    20 2.400076 6.611092 -0.717986 0.832492 -0.833882 -0.897561
    21 5.347088 2.843263 4.468848 1.027577 -0.505119 -1.206315
    22 6.946648 6.587124 1.429667 -1.090396 0.577049 -0.321829
    23 7.537933 7.453606 1.870349 -1.090396 0.577049 -0.321829
    24 8.154472 8.357077 2.329839 -1.090396 0.577049 -0.321829
    25 8.874294 9.411907 2.866308 -1.090396 0.577049 -0.321829
    26 -4.125858 -2.321501 1.394414 2.051196 0.577049 -0.321829
    27 -4.826813 -3.348669 0.872014 2.051196 0.577049 -0.321829
    28 -5.441669 -4.249685 0.413772 2.051196 0.577049 -0.321829
    29 -0.552532 -1.343527 1.604446 -0.415180 0.312114 -0.422073
    30 0.552589 1.343534 -1.604463 -0.396600 0.808847 -0.458178
    31 0.000000 -2.021618 -0.000004 0.186809 0.000000 0.000000
    32 -0.000021 2.021633 0.000027 0.380880 0.000000 0.000000
    33 -0.000004 -1.136217 -0.000004 -0.210111 0.000000 0.000000
    34 -0.000011 1.136200 -0.000019 -0.304734 0.000000 0.000000
    35 -0.032677 -4.587727 1.352317 2.844703 1.216154 2.484990
    36 0.032719 4.587772 -1.352291 2.678629 0.652354 1.962860
    37 0.000000 -1.754536 -0.000002 0.662896 0.000000 0.000000
    38 -0.000006 1.754520 -0.000034 0.953298 0.000000 0.000000
    39 0.000000 -1.227020 -0.000002 0.092660 0.000000 0.000000
    40 0.000002 1.227070 0.000032 1.012869 0.000000 0.000000
    41 -0.367996 -4.208406 0.173244 2.943027 1.091688 2.536231
    42 0.368011 4.208412 -0.173239 3.068766 0.653487 2.056044
    43 0.000000 -2.372318 -0.000004 0.722081 0.000000 0.000000
    44 -0.000006 2.372318 -0.000032 1.676636 0.000000 0.000000
    45 0.000004 -1.580070 -0.000001 0.034255 0.000000 0.000000
    46 -0.000002 1.580170 0.000030 0.249520 0.000000 0.000000
    47 -0.937645 -3.860697 -0.959317 3.044205 1.001841 2.581100
    48 0.937672 3.860714 0.959333 2.795600 0.641493 2.147162
    49 0.000000 -1.690632 0.000000 0.491549 0.000000 0.000000
    50 -0.000013 1.690666 0.000021 1.497849 0.000000 0.000000
    51 -0.000002 -1.423443 0.000002 0.234212 0.000000 0.000000
    52 0.000008 1.423420 0.000028 1.079692 0.000000 0.000000
    53 -1.546646 -3.404194 -1.915569 3.024293 0.944156 2.514436
    54 1.546661 3.404217 1.915585 3.452815 0.676509 2.247399
    55 0.000004 -1.437820 0.000000 0.424958 0.000000 0.000000
    56 -0.000021 1.437870 0.000031 0.164706 0.000000 0.000000
    57 -0.000002 -1.059402 0.000000 0.322075 0.000000 0.000000
    58 0.000006 1.059372 0.000008 -0.049303 0.000000 0.000000
    59 -0.000004 -13.013485 -0.000004 0.010936 -0.284123 -0.076426
    60 0.161133 -10.812500 0.023087 0.010936 -0.284123 -0.076426
  time 29
    0 0.000000 0.826660 0.000001 -1.559900 -0.000006 -0.000006
    1 -7.059201 7.545358 -8.025539 -1.020952 0.171028 0.910720
    2 0.000000 14.313023 0.000003 -2.150712 0.000000 0.000000
    3 -0.000011 13.013483 -0.000005 0.658334 0.884382 0.782375
    4 8.652996 -22.135220 3.978737 2.947657 0.312156 -0.581899
    5 0.000000 -14.313034 0.000000 -0.487806 0.000000 0.000000
    6 -0.000004 -13.013485 -0.000004 0.000000 0.000000 0.000000
    7 -1.330879 -2.698427 0.462449 -0.194886 -0.547260 3.056712
    8 1.330910 2.698444 -0.462436 0.194890 0.547268 -0.084879
    9 2.156827 2.002638 -2.354214 0.343039 0.613074 0.174616
    10 3.556210 4.238403 0.987502 -1.090396 0.577049 -0.321829
    11 4.139183 5.092691 1.421975 -1.090396 0.577049 -0.321829
    12 4.777527 6.028128 1.897721 -1.090396 0.577049 -0.321829
    13 5.490345 7.072691 2.428969 -1.090396 0.577049 -0.321829
    14 6.566406 8.648438 3.232422 -1.090396 0.577049 -0.321829
    15 7.558525 6.997282 -2.354134 -1.937336 -0.275393 3.010581
    16 7.558525 6.997282 -2.354134 1.937336 0.275393 -0.131011
    17 -2.867767 -2.740969 0.531125 2.051196 0.577049 -0.321829
    18 1.890413 0.939259 -3.001515 -2.499777 -0.278709 1.542724
    19 2.071016 6.846677 -1.285278 0.613545 -0.948236 -0.624599
    20 2.400076 6.614998 -0.717986 0.822337 -0.843765 -0.883949
    21 5.362713 2.925297 4.511818 0.930722 -0.711585 -1.037873
    22 6.946648 6.587124 1.429667 -1.090396 0.577049 -0.321829
    23 7.537933 7.453606 1.870349 -1.090396 0.577049 -0.321829
    24 8.154472 8.357077 2.329839 -1.090396 0.577049 -0.321829
    25 8.874294 9.411907 2.866308 -1.090396 0.577049 -0.321829
    26 -4.125858 -2.321501 1.394414 2.051196 0.577049 -0.321829
    27 -4.826813 -3.348669 0.872014 2.051196 0.577049 -0.321829
    28 -5.441669 -4.249685 0.413772 2.051196 0.577049 -0.321829
    29 -0.552532 -1.343527 1.604446 -0.415180 0.312114 -0.422073
    30 0.552589 1.343534 -1.604463 -0.397045 0.808847 -0.458200
    31 0.000000 -2.021618 -0.000004 0.186809 0.000000 0.000000
    32 -0.000021 2.021633 0.000027 0.380880 0.000000 0.000000
    33 -0.000004 -1.136217 -0.000004 -0.210111 0.000000 0.000000
    34 -0.000011 1.136200 -0.000019 -0.304734 0.000000 0.000000
    35 -0.032677 -4.587727 1.352317 2.844703 1.216154 2.484990
    36 0.032719 4.587772 -1.352291 2.678629 0.652354 1.962860
    37 0.000000 -1.754536 -0.000002 0.662896 0.000000 0.000000
    38 -0.000006 1.754520 -0.000034 0.953298 0.000000 0.000000
    39 0.000000 -1.227020 -0.000002 0.092660 0.000000 0.000000
    40 0.000002 1.227070 0.000032 1.012869 0.000000 0.000000
    41 -0.367996 -4.208406 0.173244 2.943027 1.091688 2.536231
    42 0.368011 4.208412 -0.173239 3.068766 0.653487 2.056044
    43 0.000000 -2.372318 -0.000004 0.722081 0.000000 0.000000
    44 -0.000006 2.372318 -0.000032 1.676636 0.000000 0.000000
    45 0.000004 -1.580070 -0.000001 0.034255 0.000000 0.000000
    46 -0.000002 1.580170 0.000030 0.249520 0.000000 0.000000
    47 -0.937645 -3.860697 -0.959317 3.044205 1.001841 2.581100
    48 0.937672 3.860714 0.959333 2.795136 0.641061 2.146847
    49 0.000000 -1.690632 0.000000 0.491549 0.000000 0.000000
    50 -0.000013 1.690666 0.000021 1.498350 0.000000 0.000000
    51 -0.000002 -1.423443 0.000002 0.234212 0.000000 0.000000
    52 0.000008 1.423420 0.000028 1.080205 0.000000 0.000000
    53 -1.546646 -3.404194 -1.915569 3.024293 0.944156 2.514436
    54 1.546661 3.404217 1.915585 3.442663 0.676422 2.247246
    55 0.000004 -1.437820 0.000000 0.424958 0.000000 0.000000
    56 -0.000021 1.437870 0.000031 0.148888 0.000000 0.000000
    57 -0.000002 -1.059402 0.000000 0.322075 0.000000 0.000000
    58 0.000006 1.059372 0.000008 -0.060795 0.000000 0.000000
    59 -0.000004 -13.013485 -0.000004 0.010936 -0.284123 -0.076426
    60 0.161133 -10.812500 0.023087 0.010936 -0.284123 -0.076426
  time 30
    0 0.000000 0.826660 0.000001 -1.559900 -0.000006 -0.000006
    1 -7.059201 7.545358 -8.025539 -1.020768 0.172364 0.910796
    2 0.000000 14.313023 0.000003 -2.150590 0.000000 0.000000
    3 -0.000011 13.013483 -0.000005 0.659290 0.880892 0.783526
    4 8.652996 -22.135220 3.978737 2.947657 0.312156 -0.581899
    5 0.000000 -14.313034 0.000000 -0.487806 0.000000 0.000000
    6 -0.000004 -13.013485 -0.000004 0.000000 0.000000 0.000000
    7 -1.330879 -2.698427 0.462449 -0.194886 -0.547260 3.056712
    8 1.330910 2.698444 -0.462436 0.194890 0.547268 -0.084879
    9 2.156827 2.002638 -2.354214 0.343039 0.613074 0.174711
    10 3.556210 4.238403 0.987502 -1.090396 0.577049 -0.321829
    11 4.139183 5.092691 1.421975 -1.090396 0.577049 -0.321829
    12 4.777527 6.028128 1.897721 -1.090396 0.577049 -0.321829
    13 5.490345 7.072691 2.428969 -1.090396 0.577049 -0.321829
    14 6.566406 8.648438 3.232422 -1.090396 0.577049 -0.321829
    15 7.558525 6.997282 -2.354134 -1.937336 -0.275393 3.010581
    16 7.558525 6.997282 -2.354134 1.937336 0.275393 -0.131011
    17 -2.867767 -2.740969 0.531125 2.051196 0.577049 -0.321829
    18 1.890413 0.939259 -3.001515 -2.499872 -0.278709 1.542724
    19 2.071016 6.846677 -1.285278 0.613545 -0.948236 -0.624599
    20 2.400076 6.614998 -0.721892 0.814672 -0.851058 -0.873692
    21 5.374432 2.983893 4.546975 0.842393 -0.823784 -0.910943
    22 6.946648 6.587124 1.429667 -1.090396 0.577049 -0.321829
    23 7.537933 7.453606 1.870349 -1.090396 0.577049 -0.321829
    24 8.154472 8.357077 2.329839 -1.090396 0.577049 -0.321829
    25 8.874294 9.411907 2.866308 -1.090396 0.577049 -0.321829
    26 -4.125858 -2.321501 1.394414 2.051196 0.577049 -0.321829
    27 -4.826813 -3.348669 0.872014 2.051196 0.577049 -0.321829
    28 -5.441669 -4.249685 0.413772 2.051196 0.577049 -0.321829
    29 -0.552532 -1.343527 1.604446 -0.415180 0.312114 -0.422073
    30 0.552589 1.343534 -1.604463 -0.397515 0.808847 -0.458200
    31 0.000000 -2.021618 -0.000004 0.186809 0.000000 0.000000
    32 -0.000021 2.021633 0.000027 0.380880 0.000000 0.000000
    33 -0.000004 -1.136217 -0.000004 -0.210111 0.000000 0.000000
    34 -0.000011 1.136200 -0.000019 -0.304734 0.000000 0.000000
    35 -0.032677 -4.587727 1.352317 2.844703 1.216154 2.484990
    36 0.032719 4.587772 -1.352291 2.678629 0.652354 1.962860
    37 0.000000 -1.754536 -0.000002 0.662896 0.000000 0.000000
    38 -0.000006 1.754520 -0.000034 0.953298 0.000000 0.000000
    39 0.000000 -1.227020 -0.000002 0.092660 0.000000 0.000000
    40 0.000002 1.227070 0.000032 1.012803 0.000000 0.000000
    41 -0.367996 -4.208406 0.173244 2.943027 1.091688 2.536231
    42 0.368011 4.208412 -0.173239 3.068766 0.653487 2.056044
    43 0.000000 -2.372318 -0.000004 0.722081 0.000000 0.000000
    44 -0.000006 2.372318 -0.000032 1.676636 0.000000 0.000000
    45 0.000004 -1.580070 -0.000001 0.034255 0.000000 0.000000
    46 -0.000002 1.580170 0.000030 0.249520 0.000000 0.000000
    47 -0.937645 -3.860697 -0.959317 3.044205 1.001841 2.581100
    48 0.937672 3.860714 0.959333 2.794857 0.640753 2.146610
    49 0.000000 -1.690632 0.000000 0.491549 0.000000 0.000000
    50 -0.000013 1.690666 0.000021 1.498650 0.000000 0.000000
    51 -0.000002 -1.423443 0.000002 0.234212 0.000000 0.000000
    52 0.000008 1.423420 0.000028 1.080499 0.000000 0.000000
    53 -1.546646 -3.404194 -1.915569 3.024293 0.944156 2.514436
    54 1.546661 3.404217 1.915585 3.435279 0.676422 2.247169
    55 0.000004 -1.437820 0.000000 0.424958 0.000000 0.000000
    56 -0.000021 1.437870 0.000031 0.137292 0.000000 0.000000
    57 -0.000002 -1.059402 0.000000 0.322075 0.000000 0.000000
    58 0.000006 1.059372 0.000008 -0.069207 0.000000 0.000000
    59 -0.000004 -13.013485 -0.000004 0.010936 -0.284123 -0.076426
    60 0.161133 -10.812500 0.023087 0.010936 -0.284123 -0.076426
  time 31
    0 0.000000 0.826660 0.000001 -1.559900 -0.000006 -0.000006
    1 -7.059201 7.545358 -8.025539 -1.020676 0.173413 0.910873
    2 0.000000 14.313023 0.000003 -2.150468 0.000000 0.000000
    3 -0.000011 13.013483 -0.000005 0.659290 0.877024 0.783526
    4 8.652996 -22.135220 3.978737 2.947657 0.312156 -0.581899
    5 0.000000 -14.313034 0.000000 -0.487806 0.000000 0.000000
    6 -0.000004 -13.013485 -0.000004 0.000000 0.000000 0.000000
    7 -1.330879 -2.698427 0.462449 -0.194886 -0.547260 3.056712
    8 1.330910 2.698444 -0.462436 0.194890 0.547268 -0.084879
    9 2.156827 2.002638 -2.354214 0.343039 0.613074 0.174711
    10 3.556210 4.238403 0.987502 -1.090396 0.577049 -0.321829
    11 4.139183 5.092691 1.421975 -1.090396 0.577049 -0.321829
    12 4.777527 6.028128 1.897721 -1.090396 0.577049 -0.321829
    13 5.490345 7.072691 2.428969 -1.090396 0.577049 -0.321829
    14 6.566406 8.648438 3.232422 -1.090396 0.577049 -0.321829
    15 7.558525 6.997282 -2.354134 -1.937336 -0.275393 3.010581
    16 7.558525 6.997282 -2.354134 1.937336 0.275393 -0.131011
    17 -2.867767 -2.740969 0.531125 2.051196 0.577049 -0.321829
    18 1.890413 0.939259 -3.001515 -2.499777 -0.278709 1.542724
    19 2.071016 6.846677 -1.285278 0.613545 -0.948236 -0.624599
    20 2.400076 6.611092 -0.721892 0.809211 -0.856026 -0.866406
    21 5.386151 3.026863 4.570413 0.805989 -0.858894 -0.862338
    22 6.946648 6.587124 1.429667 -1.090396 0.577049 -0.321829
    23 7.537933 7.453606 1.870349 -1.090396 0.577049 -0.321829
    24 8.154472 8.357077 2.329839 -1.090396 0.577049 -0.321829
    25 8.874294 9.411907 2.866308 -1.090396 0.577049 -0.321829
    26 -4.125858 -2.321501 1.394414 2.051196 0.577049 -0.321829
    27 -4.826813 -3.348669 0.872014 2.051196 0.577049 -0.321829
    28 -5.441669 -4.249685 0.413772 2.051196 0.577049 -0.321829
    29 -0.552532 -1.343527 1.604446 -0.415180 0.312114 -0.422073
    30 0.552589 1.343534 -1.604463 -0.398064 0.808847 -0.458200
    31 0.000000 -2.021618 -0.000004 0.186809 0.000000 0.000000
    32 -0.000021 2.021633 0.000027 0.380880 0.000000 0.000000
    33 -0.000004 -1.136217 -0.000004 -0.210111 0.000000 0.000000
    34 -0.000011 1.136200 -0.000019 -0.304734 0.000000 0.000000
    35 -0.032677 -4.587727 1.352317 2.844703 1.216154 2.484990
    36 0.032719 4.587772 -1.352291 2.678629 0.652354 1.962860
    37 0.000000 -1.754536 -0.000002 0.662896 0.000000 0.000000
    38 -0.000006 1.754520 -0.000034 0.953298 0.000000 0.000000
    39 0.000000 -1.227020 -0.000002 0.092660 0.000000 0.000000
    40 0.000002 1.227070 0.000032 1.012869 0.000000 0.000000
    41 -0.367996 -4.208406 0.173244 2.943027 1.091688 2.536231
    42 0.368011 4.208412 -0.173239 3.068766 0.653487 2.056044
    43 0.000000 -2.372318 -0.000004 0.722081 0.000000 0.000000
    44 -0.000006 2.372318 -0.000032 1.676636 0.000000 0.000000
    45 0.000004 -1.580070 -0.000001 0.034255 0.000000 0.000000
    46 -0.000002 1.580170 0.000030 0.249520 0.000000 0.000000
    47 -0.937645 -3.860697 -0.959317 3.044205 1.001841 2.581100
    48 0.937672 3.860714 0.959333 2.794671 0.640568 2.146453
    49 0.000000 -1.690632 0.000000 0.491549 0.000000 0.000000
    50 -0.000013 1.690666 0.000021 1.498800 0.000000 0.000000
    51 -0.000002 -1.423443 0.000002 0.234212 0.000000 0.000000
    52 0.000008 1.423420 0.000028 1.080646 0.000000 0.000000
    53 -1.546646 -3.404194 -1.915569 3.024293 0.944156 2.514436
    54 1.546661 3.404217 1.915585 3.432326 0.676422 2.247169
    55 0.000004 -1.437820 0.000000 0.424958 0.000000 0.000000
    56 -0.000021 1.437870 0.000031 0.132803 0.000000 0.000000
    57 -0.000002 -1.059402 0.000000 0.322075 0.000000 0.000000
    58 0.000006 1.059372 0.000008 -0.072525 0.000000 0.000000
    59 -0.000004 -13.013485 -0.000004 0.010936 -0.284123 -0.076426
    60 0.161133 -10.812500 0.023087 0.010936 -0.284123 -0.076426
  time 32
    0 0.000000 0.826660 0.000001 -1.559900 -0.000006 -0.000006
    1 -7.059201 7.545358 -8.025539 -1.020676 0.174224 0.910873
    2 0.000000 14.313023 0.000003 -2.150407 0.000000 0.000000
    3 -0.000011 13.013483 -0.000005 0.658907 0.872685 0.782951
    4 8.652996 -22.135220 3.978737 2.947657 0.312156 -0.581899
    5 0.000000 -14.313034 0.000000 -0.487806 0.000000 0.000000
    6 -0.000004 -13.013485 -0.000004 0.000000 0.000000 0.000000
    7 -1.330879 -2.698427 0.462449 -0.194886 -0.547260 3.056712
    8 1.330910 2.698444 -0.462436 0.194890 0.547268 -0.084879
    9 2.156827 1.953561 -2.354214 0.343039 0.613074 0.174616
    10 3.556210 4.238403 0.987502 -1.090396 0.577049 -0.321829
    11 4.139183 5.092691 1.421975 -1.090396 0.577049 -0.321829
    12 4.777527 6.028128 1.897721 -1.090396 0.577049 -0.321829
    13 5.490345 7.072691 2.428969 -1.090396 0.577049 -0.321829
    14 6.566406 8.648438 3.232422 -1.090396 0.577049 -0.321829
    15 7.558525 6.997282 -2.354134 -1.937336 -0.275393 3.010581
    16 7.558525 6.997282 -2.354134 1.937336 0.275393 -0.131011
    17 -2.867767 -2.740969 0.531125 2.051196 0.577049 -0.321829
    18 1.890413 0.939259 -3.001515 -2.499777 -0.278709 1.542724
    19 2.071016 6.842770 -1.285278 0.613545 -0.948236 -0.624599
    20 2.400076 6.611092 -0.721892 0.805858 -0.858985 -0.862189
    21 5.390058 3.046394 4.586039 0.816144 -0.849636 -0.875568
    22 6.946648 6.587124 1.429667 -1.090396 0.577049 -0.321829
    23 7.537933 7.453606 1.870349 -1.090396 0.577049 -0.321829
    24 8.154472 8.357077 2.329839 -1.090396 0.577049 -0.321829
    25 8.874294 9.411907 2.866308 -1.090396 0.577049 -0.321829
    26 -4.125858 -2.321501 1.394414 2.051196 0.577049 -0.321829
    27 -4.826813 -3.348669 0.872014 2.051196 0.577049 -0.321829
    28 -5.441669 -4.249685 0.413772 2.051196 0.577049 -0.321829
    29 -0.552532 -1.343527 1.604446 -0.415180 0.312114 -0.422073
    30 0.552589 1.343534 -1.604463 -0.398691 0.808847 -0.458200
    31 0.000000 -2.021618 -0.000004 0.186809 0.000000 0.000000
    32 -0.000021 2.021633 0.000027 0.380880 0.000000 0.000000
    33 -0.000004 -1.136217 -0.000004 -0.210111 0.000000 0.000000
    34 -0.000011 1.136200 -0.000019 -0.304734 0.000000 0.000000
    35 -0.032677 -4.587727 1.352317 2.844703 1.216154 2.484990
    36 0.032719 4.587772 -1.352291 2.678629 0.652354 1.962860
    37 0.000000 -1.754536 -0.000002 0.662896 0.000000 0.000000
    38 -0.000006 1.754520 -0.000034 0.953298 0.000000 0.000000
    39 0.000000 -1.227020 -0.000002 0.092660 0.000000 0.000000
    40 0.000002 1.227070 0.000032 1.012869 0.000000 0.000000
    41 -0.367996 -4.208406 0.173244 2.943027 1.091688 2.536231
    42 0.368011 4.208412 -0.173239 3.068766 0.653487 2.056044
    43 0.000000 -2.372318 -0.000004 0.722081 0.000000 0.000000
    44 -0.000006 2.372318 -0.000032 1.676636 0.000000 0.000000
    45 0.000004 -1.580070 -0.000001 0.034255 0.000000 0.000000
    46 -0.000002 1.580170 0.000030 0.249520 0.000000 0.000000
    47 -0.937645 -3.860697 -0.959317 3.044205 1.001841 2.581100
    48 0.937672 3.860714 0.959333 2.794579 0.640475 2.146374
    49 0.000000 -1.690632 0.000000 0.491549 0.000000 0.000000
    50 -0.000013 1.690666 0.000021 1.498950 0.000000 0.000000
    51 -0.000002 -1.423443 0.000002 0.234212 0.000000 0.000000
    52 0.000008 1.423420 0.000028 1.080793 0.000000 0.000000
    53 -1.546646 -3.404194 -1.915569 3.024293 0.944156 2.514436
    54 1.546661 3.404217 1.915585 3.432326 0.676422 2.247169
    55 0.000004 -1.437820 0.000000 0.424958 0.000000 0.000000
    56 -0.000021 1.437870 0.000031 0.132803 0.000000 0.000000
    57 -0.000002 -1.059402 0.000000 0.322075 0.000000 0.000000
    58 0.000006 1.059372 0.000008 -0.072525 0.000000 0.000000
    59 -0.000004 -13.013485 -0.000004 0.010936 -0.284123 -0.076426
    60 0.161133 -10.812500 0.023087 0.010936 -0.284123 -0.076426
  time 33
    0 0.000000 0.826660 0.000001 -1.559900 -0.000006 -0.000006
    1 -7.059201 7.545358 -8.025539 -1.020768 0.174748 0.910949
    2 0.000000 14.313023 0.000003 -2.150285 0.000000 0.000000
    3 -0.000011 13.013483 -0.000005 0.658621 0.868015 0.782759
    4 8.652996 -22.135220 3.978737 2.947657 0.312156 -0.581899
    5 0.000000 -14.313034 0.000000 -0.487806 0.000000 0.000000
    6 -0.000004 -13.013485 -0.000004 0.000000 0.000000 0.000000
    7 -1.330879 -2.698427 0.462449 -0.194886 -0.547260 3.056712
    8 1.330910 2.698444 -0.462436 0.194890 0.547268 -0.084879
    9 2.156827 2.002638 -2.354214 0.343039 0.613074 0.174711
    10 3.556210 4.238403 0.987502 -1.090396 0.577049 -0.321829
    11 4.139183 5.092691 1.421975 -1.090396 0.577049 -0.321829
    12 4.777527 6.028128 1.897721 -1.090396 0.577049 -0.321829
    13 5.490345 7.072691 2.428969 -1.090396 0.577049 -0.321829
    14 6.566406 8.648438 3.232422 -1.090396 0.577049 -0.321829
    15 7.558525 6.997282 -2.354134 -1.937336 -0.275393 3.010581
    16 7.558525 6.997282 -2.354134 1.937336 0.275393 -0.131011
    17 -2.867767 -2.740969 0.531125 2.051196 0.577049 -0.321829
    18 1.890413 0.939259 -3.001515 -2.499777 -0.278709 1.542724
    19 2.071016 6.846677 -1.285278 0.613545 -0.948236 -0.624599
    20 2.400076 6.614998 -0.721892 0.804325 -0.860360 -0.860176
    21 5.393964 3.062020 4.589945 0.848908 -0.816797 -0.920051
    22 6.946648 6.587124 1.429667 -1.090396 0.577049 -0.321829
    23 7.537933 7.453606 1.870349 -1.090396 0.577049 -0.321829
    24 8.154472 8.357077 2.329839 -1.090396 0.577049 -0.321829
    25 8.874294 9.411907 2.866308 -1.090396 0.577049 -0.321829
    26 -4.125858 -2.321501 1.394414 2.051196 0.577049 -0.321829
    27 -4.826813 -3.348669 0.872014 2.051196 0.577049 -0.321829
    28 -5.441669 -4.249685 0.413772 2.051196 0.577049 -0.321829
    29 -0.552532 -1.343527 1.604446 -0.415180 0.312114 -0.422073
    30 0.552589 1.343534 -1.604463 -0.399370 0.808847 -0.458200
    31 0.000000 -2.021618 -0.000004 0.186809 0.000000 0.000000
    32 -0.000021 2.021633 0.000027 0.380880 0.000000 0.000000
    33 -0.000004 -1.136217 -0.000004 -0.210111 0.000000 0.000000
    34 -0.000011 1.136200 -0.000019 -0.304734 0.000000 0.000000
    35 -0.032677 -4.587727 1.352317 2.844703 1.216154 2.484990
    36 0.032719 4.587772 -1.352291 2.678629 0.652354 1.962860
    37 0.000000 -1.754536 -0.000002 0.662896 0.000000 0.000000
    38 -0.000006 1.754520 -0.000034 0.953298 0.000000 0.000000
    39 0.000000 -1.227020 -0.000002 0.092660 0.000000 0.000000
    40 0.000002 1.227070 0.000032 1.012869 0.000000 0.000000
    41 -0.367996 -4.208406 0.173244 2.943027 1.091688 2.536231
    42 0.368011 4.208412 -0.173239 3.068766 0.653487 2.056044
    43 0.000000 -2.372318 -0.000004 0.722081 0.000000 0.000000
    44 -0.000006 2.372318 -0.000032 1.676636 0.000000 0.000000
    45 0.000004 -1.580070 -0.000001 0.034255 0.000000 0.000000
    46 -0.000002 1.580170 0.000030 0.249520 0.000000 0.000000
    47 -0.937645 -3.860697 -0.959317 3.044205 1.001841 2.581100
    48 0.937672 3.860714 0.959333 2.794579 0.640444 2.146374
    49 0.000000 -1.690632 0.000000 0.491549 0.000000 0.000000
    50 -0.000013 1.690666 0.000021 1.499251 0.000000 0.000000
    51 -0.000002 -1.423443 0.000002 0.234212 0.000000 0.000000
    52 0.000008 1.423420 0.000028 1.081086 0.000000 0.000000
    53 -1.546646 -3.404194 -1.915569 3.024293 0.944156 2.514436
    54 1.546661 3.404217 1.915585 3.432326 0.676422 2.247169
    55 0.000004 -1.437820 0.000000 0.424958 0.000000 0.000000
    56 -0.000021 1.437870 0.000031 0.132803 0.000000 0.000000
    57 -0.000002 -1.059402 0.000000 0.322075 0.000000 0.000000
    58 0.000006 1.059372 0.000008 -0.072525 0.000000 0.000000
    59 -0.000004 -13.013485 -0.000004 0.010936 -0.284123 -0.076426
    60 0.161133 -10.812500 0.023087 0.010936 -0.284123 -0.076426
  time 34
    0 0.000000 0.826660 0.000001 -1.559900 -0.000006 -0.000006
    1 -7.059201 7.545358 -8.025539 -1.020952 0.174987 0.910949
    2 0.000000 14.313023 0.000003 -2.150101 0.000000 0.000000
    3 -0.000011 13.013483 -0.000005 0.658812 0.863016 0.782855
    4 8.652996 -22.135220 3.978737 2.947657 0.312156 -0.581899
    5 0.000000 -14.313034 0.000000 -0.487806 0.000000 0.000000
    6 -0.000004 -13.013485 -0.000004 0.000000 0.000000 0.000000
    7 -1.330879 -2.698427 0.462449 -0.194886 -0.547260 3.056712
    8 1.330910 2.698444 -0.462436 0.194890 0.547268 -0.084879
    9 2.156827 2.002638 -2.354214 0.343039 0.613074 0.174616
    10 3.556210 4.238403 0.987502 -1.090396 0.577049 -0.321829
    11 4.139183 5.092691 1.421975 -1.090396 0.577049 -0.321829
    12 4.777527 6.028128 1.897721 -1.090396 0.577049 -0.321829
    13 5.490345 7.072691 2.428969 -1.090396 0.577049 -0.321829
    14 6.566406 8.648438 3.232422 -1.090396 0.577049 -0.321829
    15 7.558525 6.997282 -2.354134 -1.937336 -0.275393 3.010581
    16 7.558525 6.997282 -2.354134 1.937336 0.275393 -0.131011
    17 -2.867767 -2.740969 0.531125 2.051196 0.577049 -0.321829
    18 1.890413 0.939259 -3.001515 -2.499777 -0.278709 1.542724
    19 2.071016 6.846677 -1.285278 0.613545 -0.948236 -0.624599
    20 2.400076 6.614998 -0.721892 0.804325 -0.860360 -0.860176
    21 5.393964 3.062020 4.589945 0.892306 -0.765967 -0.980927
    22 6.946648 6.587124 1.429667 -1.090396 0.577049 -0.321829
    23 7.537933 7.453606 1.870349 -1.090396 0.577049 -0.321829
    24 8.154472 8.357077 2.329839 -1.090396 0.577049 -0.321829
    25 8.874294 9.411907 2.866308 -1.090396 0.577049 -0.321829
    26 -4.125858 -2.321501 1.394414 2.051196 0.577049 -0.321829
    27 -4.826813 -3.348669 0.872014 2.051196 0.577049 -0.321829
    28 -5.441669 -4.249685 0.413772 2.051196 0.577049 -0.321829
    29 -0.552532 -1.343527 1.604446 -0.415180 0.312114 -0.422073
    30 0.552589 1.343534 -1.604463 -0.400154 0.808847 -0.458178
    31 0.000000 -2.021618 -0.000004 0.186809 0.000000 0.000000
    32 -0.000021 2.021633 0.000027 0.380880 0.000000 0.000000
    33 -0.000004 -1.136217 -0.000004 -0.210111 0.000000 0.000000
    34 -0.000011 1.136200 -0.000019 -0.304734 0.000000 0.000000
    35 -0.032677 -4.587727 1.352317 2.844703 1.216154 2.484990
    36 0.032719 4.587772 -1.352291 2.678629 0.652354 1.962860
    37 0.000000 -1.754536 -0.000002 0.662896 0.000000 0.000000
    38 -0.000006 1.754520 -0.000034 0.953298 0.000000 0.000000
    39 0.000000 -1.227020 -0.000002 0.092660 0.000000 0.000000
    40 0.000002 1.227070 0.000032 1.012869 0.000000 0.000000
    41 -0.367996 -4.208406 0.173244 2.943027 1.091688 2.536231
    42 0.368011 4.208412 -0.173239 3.068766 0.653487 2.056044
    43 0.000000 -2.372318 -0.000004 0.722081 0.000000 0.000000
    44 -0.000006 2.372318 -0.000032 1.676636 0.000000 0.000000
    45 0.000004 -1.580070 -0.000001 0.034255 0.000000 0.000000
    46 -0.000002 1.580170 0.000030 0.249520 0.000000 0.000000
    47 -0.937645 -3.860697 -0.959317 3.044205 1.001841 2.581100
    48 0.937672 3.860714 0.959333 2.794486 0.640444 2.146374
    49 0.000000 -1.690632 0.000000 0.491549 0.000000 0.000000
    50 -0.000013 1.690666 0.000021 1.499651 0.000000 0.000000
    51 -0.000002 -1.423443 0.000002 0.234212 0.000000 0.000000
    52 0.000008 1.423420 0.000028 1.081527 0.000000 0.000000
    53 -1.546646 -3.404194 -1.915569 3.024293 0.944156 2.514436
    54 1.546661 3.404217 1.915585 3.432326 0.676422 2.247169
    55 0.000004 -1.437820 0.000000 0.424958 0.000000 0.000000
    56 -0.000021 1.437870 0.000031 0.132803 0.000000 0.000000
    57 -0.000002 -1.059402 0.000000 0.322075 0.000000 0.000000
    58 0.000006 1.059372 0.000008 -0.072525 0.000000 0.000000
    59 -0.000004 -13.013485 -0.000004 0.010936 -0.284123 -0.076426
    60 0.161133 -10.812500 0.023087 0.010936 -0.284123 -0.076426
  time 35
    0 0.000000 0.826660 0.000001 -1.559900 -0.000006 -0.000006
    1 -7.059201 7.545358 -8.025539 -1.021413 0.174987 0.910949
    2 0.000000 14.313023 0.000003 -2.149979 0.000000 0.000000
    3 -0.000011 13.013483 -0.000005 0.660054 0.857686 0.784293
    4 8.652996 -22.135220 3.978737 2.947657 0.312156 -0.581899
    5 0.000000 -14.313034 0.000000 -0.487806 0.000000 0.000000
    6 -0.000004 -13.013485 -0.000004 0.000000 0.000000 0.000000
    7 -1.330879 -2.698427 0.462449 -0.194886 -0.547260 3.056712
    8 1.330910 2.698444 -0.462436 0.194890 0.547268 -0.084879
    9 2.156827 2.002638 -2.404725 0.343039 0.613074 0.174711
    10 3.556210 4.238403 0.987502 -1.090396 0.577049 -0.321829
    11 4.139183 5.092691 1.421975 -1.090396 0.577049 -0.321829
    12 4.777527 6.028128 1.897721 -1.090396 0.577049 -0.321829
    13 5.490345 7.072691 2.428969 -1.090396 0.577049 -0.321829
    14 6.566406 8.648438 3.232422 -1.090396 0.577049 -0.321829
    15 7.558525 6.997282 -2.354134 -1.937336 -0.275393 3.010581
    16 7.558525 6.997282 -2.354134 1.937336 0.275393 -0.131011
    17 -2.867767 -2.740969 0.531125 2.051196 0.577049 -0.321829
    18 1.890413 0.939259 -3.001515 -2.499777 -0.278709 1.542724
    19 2.071016 6.846677 -1.289184 0.613545 -0.948236 -0.624599
    20 2.400076 6.614998 -0.721892 0.805667 -0.859250 -0.861805
    21 5.390058 3.050301 4.586039 0.934650 -0.705471 -1.043817
    22 6.946648 6.587124 1.429667 -1.090396 0.577049 -0.321829
    23 7.537933 7.453606 1.870349 -1.090396 0.577049 -0.321829
    24 8.154472 8.357077 2.329839 -1.090396 0.577049 -0.321829
    25 8.874294 9.411907 2.866308 -1.090396 0.577049 -0.321829
    26 -4.125858 -2.321501 1.394414 2.051196 0.577049 -0.321829
    27 -4.826813 -3.348669 0.872014 2.051196 0.577049 -0.321829
    28 -5.441669 -4.249685 0.413772 2.051196 0.577049 -0.321829
    29 -0.552532 -1.343527 1.604446 -0.415180 0.312114 -0.422073
    30 0.552589 1.343534 -1.604463 -0.398273 0.797983 -0.454352
    31 0.000000 -2.021618 -0.000004 0.186809 0.000000 0.000000
    32 -0.000021 2.021633 0.000027 0.380880 0.000000 0.000000
    33 -0.000004 -1.136217 -0.000004 -0.210111 0.000000 0.000000
    34 -0.000011 1.136200 -0.000019 -0.299529 0.000000 0.000000
    35 -0.032677 -4.587727 1.352317 2.844703 1.216154 2.484990
    36 0.032719 4.587772 -1.352291 2.678629 0.652354 1.962860
    37 0.000000 -1.754536 -0.000002 0.662896 0.000000 0.000000
    38 -0.000006 1.754520 -0.000034 0.956790 0.000000 0.000000
    39 0.000000 -1.227020 -0.000002 0.092660 0.000000 0.000000
    40 0.000002 1.227070 0.000032 1.016331 0.000000 0.000000
    41 -0.367996 -4.208406 0.173244 2.943027 1.091688 2.536231
    42 0.368011 4.208412 -0.173239 3.068766 0.653487 2.056044
    43 0.000000 -2.372318 -0.000004 0.722081 0.000000 0.000000
    44 -0.000006 2.372318 -0.000032 1.676636 0.000000 0.000000
    45 0.000004 -1.580070 -0.000001 0.034255 0.000000 0.000000
    46 -0.000002 1.580170 0.000030 0.249520 0.000000 0.000000
    47 -0.937645 -3.860697 -0.959317 3.044205 1.001841 2.581100
    48 0.937672 3.860714 0.959333 2.794300 0.641925 2.145744
    49 0.000000 -1.690632 0.000000 0.491549 0.000000 0.000000
    50 -0.000013 1.690666 0.000021 1.500353 0.000000 0.000000
    51 -0.000002 -1.423443 0.000002 0.234212 0.000000 0.000000
    52 0.000008 1.423420 0.000028 1.082188 0.000000 0.000000
    53 -1.546646 -3.404194 -1.915569 3.024293 0.944156 2.514436
    54 1.546661 3.404217 1.915585 3.432326 0.676422 2.247169
    55 0.000004 -1.437820 0.000000 0.424958 0.000000 0.000000
    56 -0.000021 1.437870 0.000031 0.132803 0.000000 0.000000
    57 -0.000002 -1.059402 0.000000 0.322075 0.000000 0.000000
    58 0.000006 1.059372 0.000008 -0.072525 0.000000 0.000000
    59 -0.000004 -13.013485 -0.000004 0.010936 -0.284123 -0.076426
    60 0.161133 -10.812500 0.023087 0.010936 -0.284123 -0.076426
  time 36
    0 0.000000 0.826660 0.000001 -1.559900 -0.000006 -0.000006
    1 -7.059201 7.545358 -8.025539 -1.021781 0.174748 0.910949
    2 0.000000 14.313023 0.000003 -2.149796 0.000000 0.000000
    3 -0.000011 13.013483 -0.000005 0.660341 0.852639 0.784388
    4 8.652996 -22.135220 3.978737 2.947657 0.312156 -0.581899
    5 0.000000 -14.313034 0.000000 -0.487806 0.000000 0.000000
    6 -0.000004 -13.013485 -0.000004 0.000000 0.000000 0.000000
    7 -1.330879 -2.698427 0.462449 -0.194886 -0.547260 3.056712
    8 1.330910 2.698444 -0.462436 0.194890 0.547268 -0.084879
    9 2.156827 2.002638 -2.303702 0.330875 0.611693 0.170264
    10 3.556210 4.238403 0.987502 -1.090396 0.577049 -0.321829
    11 4.139183 5.092691 1.421975 -1.090396 0.577049 -0.321829
    12 4.777527 6.028128 1.897721 -1.090396 0.577049 -0.321829
    13 5.490345 7.072691 2.428969 -1.090396 0.577049 -0.321829
    14 6.566406 8.648438 3.232422 -1.090396 0.577049 -0.321829
    15 7.558525 6.997282 -2.354134 -1.937336 -0.275393 3.010581
    16 7.558525 6.997282 -2.354134 1.937336 0.275393 -0.131011
    17 -2.867767 -2.740969 0.531125 2.051196 0.577049 -0.321829
    18 1.906039 0.923633 -2.962451 -2.503201 -0.269229 1.546175
    19 2.067110 6.842770 -1.304810 0.603113 -0.956290 -0.613477
    20 2.392263 6.618904 -0.733611 0.801643 -0.866649 -0.857396
    21 5.374432 3.104990 4.605570 0.967318 -0.654408 -1.095586
    22 6.946648 6.587124 1.429667 -1.090396 0.577049 -0.321829
    23 7.537933 7.453606 1.870349 -1.090396 0.577049 -0.321829
    24 8.154472 8.357077 2.329839 -1.090396 0.577049 -0.321829
    25 8.874294 9.411907 2.866308 -1.090396 0.577049 -0.321829
    26 -4.125858 -2.321501 1.394414 2.051196 0.577049 -0.321829
    27 -4.826813 -3.348669 0.872014 2.051196 0.577049 -0.321829
    28 -5.441669 -4.249685 0.413772 2.051196 0.577049 -0.321829
    29 -0.552532 -1.343527 1.604446 -0.415180 0.312114 -0.422073
    30 0.552589 1.343534 -1.604463 -0.393517 0.773955 -0.446397
    31 0.000000 -2.021618 -0.000004 0.186809 0.000000 0.000000
    32 -0.000021 2.021633 0.000027 0.380880 0.000000 0.000000
    33 -0.000004 -1.136217 -0.000004 -0.210111 0.000000 0.000000
    34 -0.000011 1.136200 -0.000019 -0.288050 0.000000 0.000000
    35 -0.032677 -4.587727 1.352317 2.844703 1.216154 2.484990
    36 0.032719 4.587772 -1.352291 2.678629 0.652354 1.962860
    37 0.000000 -1.754536 -0.000002 0.662896 0.000000 0.000000
    38 -0.000006 1.754520 -0.000034 0.965317 0.000000 0.000000
    39 0.000000 -1.227020 -0.000002 0.092660 0.000000 0.000000
    40 0.000002 1.227070 0.000032 1.024918 0.000000 0.000000
    41 -0.367996 -4.208406 0.173244 2.943027 1.091688 2.536231
    42 0.368011 4.208412 -0.173239 3.068766 0.653487 2.056044
    43 0.000000 -2.372318 -0.000004 0.722081 0.000000 0.000000
    44 -0.000006 2.372318 -0.000032 1.676636 0.000000 0.000000
    45 0.000004 -1.580070 -0.000001 0.034255 0.000000 0.000000
    46 -0.000002 1.580170 0.000030 0.249520 0.000000 0.000000
    47 -0.937645 -3.860697 -0.959317 3.044205 1.001841 2.581100
    48 0.937672 3.860714 0.959333 2.793928 0.645287 2.144326
    49 0.000000 -1.690632 0.000000 0.491549 0.000000 0.000000
    50 -0.000013 1.690666 0.000021 1.501254 0.000000 0.000000
    51 -0.000002 -1.423443 0.000002 0.234212 0.000000 0.000000
    52 0.000008 1.423420 0.000028 1.083142 0.000000 0.000000
    53 -1.546646 -3.404194 -1.915569 3.024293 0.944156 2.514436
    54 1.546661 3.404217 1.915585 3.432326 0.676422 2.247169
    55 0.000004 -1.437820 0.000000 0.424958 0.000000 0.000000
    56 -0.000021 1.437870 0.000031 0.132803 0.000000 0.000000
    57 -0.000002 -1.059402 0.000000 0.322075 0.000000 0.000000
    58 0.000006 1.059372 0.000008 -0.072525 0.000000 0.000000
    59 -0.000004 -13.013485 -0.000004 0.010936 -0.284123 -0.076426
    60 0.161133 -10.812500 0.023087 0.010936 -0.284123 -0.076426
  time 37
    0 0.000000 0.826660 0.000001 -1.559900 -0.000006 -0.000006
    1 -7.059201 7.545358 -8.025539 -1.022518 0.174271 0.910873
    2 0.000000 14.313023 0.000003 -2.149613 0.000000 0.000000
    3 -0.000011 13.013483 -0.000005 0.659098 0.849762 0.782759
    4 8.652996 -22.135220 3.978737 2.947657 0.312156 -0.581899
    5 0.000000 -14.313034 0.000000 -0.487806 0.000000 0.000000
    6 -0.000004 -13.013485 -0.000004 0.000000 0.000000 0.000000
    7 -1.330879 -2.698427 0.462449 -0.194886 -0.547260 3.056712
    8 1.330910 2.698444 -0.462436 0.194890 0.547268 -0.084879
    9 2.187738 2.002638 -2.253191 0.307503 0.608618 0.161749
    10 3.556210 4.238403 0.987502 -1.090396 0.577049 -0.321829
    11 4.139183 5.092691 1.421975 -1.090396 0.577049 -0.321829
    12 4.777527 6.028128 1.897721 -1.090396 0.577049 -0.321829
    13 5.490345 7.072691 2.428969 -1.090396 0.577049 -0.321829
    14 6.566406 8.648438 3.232422 -1.090396 0.577049 -0.321829
    15 7.558525 6.997282 -2.354134 -1.937336 -0.275393 3.010581
    16 7.558525 6.997282 -2.354134 1.937336 0.275393 -0.131011
    17 -2.867767 -2.740969 0.531125 2.051196 0.577049 -0.321829
    18 1.933383 0.888476 -2.884324 -2.510050 -0.250977 1.552886
    19 2.055391 6.842770 -1.336061 0.582628 -0.971912 -0.591906
    20 2.380544 6.626717 -0.760956 0.802314 -0.875845 -0.859505
    21 5.319743 3.147960 4.621196 0.995004 -0.613825 -1.140357
    22 6.946648 6.587124 1.429667 -1.090396 0.577049 -0.321829
    23 7.537933 7.453606 1.870349 -1.090396 0.577049 -0.321829
    24 8.154472 8.357077 2.329839 -1.090396 0.577049 -0.321829
    25 8.874294 9.411907 2.866308 -1.090396 0.577049 -0.321829
    26 -4.125858 -2.321501 1.394414 2.051196 0.577049 -0.321829
    27 -4.826813 -3.348669 0.872014 2.051196 0.577049 -0.321829
    28 -5.441669 -4.249685 0.413772 2.051196 0.577049 -0.321829
    29 -0.552532 -1.343527 1.604446 -0.415180 0.312114 -0.422073
    30 0.552589 1.343534 -1.604463 -0.389179 0.749769 -0.438963
    31 0.000000 -2.021618 -0.000004 0.186809 0.000000 0.000000
    32 -0.000021 2.021633 0.000027 0.380880 0.000000 0.000000
    33 -0.000004 -1.136217 -0.000004 -0.210111 0.000000 0.000000
    34 -0.000011 1.136200 -0.000019 -0.276570 0.000000 0.000000
    35 -0.032677 -4.587727 1.352317 2.844703 1.216154 2.484990
    36 0.032719 4.587772 -1.352291 2.678629 0.652354 1.962860
    37 0.000000 -1.754536 -0.000002 0.662896 0.000000 0.000000
    38 -0.000006 1.754520 -0.000034 0.976474 0.000000 0.000000
    39 0.000000 -1.227020 -0.000002 0.092660 0.000000 0.000000
    40 0.000002 1.227070 0.000032 1.036101 0.000000 0.000000
    41 -0.367996 -4.208406 0.173244 2.943027 1.091688 2.536231
    42 0.368011 4.208412 -0.173239 3.068766 0.653487 2.056044
    43 0.000000 -2.372318 -0.000004 0.722081 0.000000 0.000000
    44 -0.000006 2.372318 -0.000032 1.676636 0.000000 0.000000
    45 0.000004 -1.580070 -0.000001 0.034255 0.000000 0.000000
    46 -0.000002 1.580170 0.000030 0.249520 0.000000 0.000000
    47 -0.937645 -3.860697 -0.959317 3.044205 1.001841 2.581100
    48 0.937672 3.860714 0.959333 2.793928 0.648649 2.142987
    49 0.000000 -1.690632 0.000000 0.491549 0.000000 0.000000
    50 -0.000013 1.690666 0.000021 1.502005 0.000000 0.000000
    51 -0.000002 -1.423443 0.000002 0.234212 0.000000 0.000000
    52 0.000008 1.423420 0.000028 1.083803 0.000000 0.000000
    53 -1.546646 -3.404194 -1.915569 3.024293 0.944156 2.514436
    54 1.546661 3.404217 1.915585 3.432326 0.676422 2.247169
    55 0.000004 -1.437820 0.000000 0.424958 0.000000 0.000000
    56 -0.000021 1.437870 0.000031 0.132803 0.000000 0.000000
    57 -0.000002 -1.059402 0.000000 0.322075 0.000000 0.000000
    58 0.000006 1.059372 0.000008 -0.072525 0.000000 0.000000
    59 -0.000004 -13.013485 -0.000004 0.010936 -0.284123 -0.076426
    60 0.161133 -10.812500 0.023087 0.010936 -0.284123 -0.076426
  time 38
    0 0.000000 0.826660 0.000001 -1.559900 -0.000006 -0.000006
    1 -7.059201 7.545358 -8.025539 -1.023256 0.173461 0.910873
    2 0.000000 14.313023 0.000003 -2.149429 0.000000 0.000000
    3 -0.000011 13.013483 -0.000005 0.658239 0.851130 0.782280
    4 8.652996 -22.135220 3.978737 2.947657 0.312156 -0.581899
    5 0.000000 -14.313034 0.000000 -0.487806 0.000000 0.000000
    6 -0.000004 -13.013485 -0.000004 0.000000 0.000000 0.000000
    7 -1.330879 -2.698427 0.462449 -0.194886 -0.547260 3.056712
    8 1.330910 2.698444 -0.462436 0.194890 0.547268 -0.084879
    9 2.187738 2.002638 -2.202679 0.292656 0.605480 0.156072
    10 3.556210 4.238403 0.987502 -1.090396 0.577049 -0.321829
    11 4.139183 5.092691 1.421975 -1.090396 0.577049 -0.321829
    12 4.777527 6.028128 1.897721 -1.090396 0.577049 -0.321829
    13 5.490345 7.072691 2.428969 -1.090396 0.577049 -0.321829
    14 6.566406 8.648438 3.232422 -1.090396 0.577049 -0.321829
    15 7.558525 6.997282 -2.354134 -1.937336 -0.275393 3.010581
    16 7.558525 6.997282 -2.354134 1.937336 0.275393 -0.131011
    17 -2.867767 -2.740969 0.531125 2.051196 0.577049 -0.321829
    18 1.952915 0.872851 -2.837447 -2.515472 -0.239427 1.557009
    19 2.047578 6.842770 -1.359499 0.570394 -0.982407 -0.578675
    20 2.368825 6.638436 -0.776581 0.809211 -0.881764 -0.868515
    21 5.257241 3.151866 4.632915 1.016464 -0.585411 -1.173240
    22 6.946648 6.587124 1.429667 -1.090396 0.577049 -0.321829
    23 7.537933 7.453606 1.870349 -1.090396 0.577049 -0.321829
    24 8.154472 8.357077 2.329839 -1.090396 0.577049 -0.321829
    25 8.874294 9.411907 2.866308 -1.090396 0.577049 -0.321829
    26 -4.125858 -2.321501 1.394414 2.051196 0.577049 -0.321829
    27 -4.826813 -3.348669 0.872014 2.051196 0.577049 -0.321829
    28 -5.441669 -4.249685 0.413772 2.051196 0.577049 -0.321829
    29 -0.552532 -1.343527 1.604446 -0.415180 0.312114 -0.422073
    30 0.552589 1.343534 -1.604463 -0.387402 0.738865 -0.435746
    31 0.000000 -2.021618 -0.000004 0.186809 0.000000 0.000000
    32 -0.000021 2.021633 0.000027 0.380880 0.000000 0.000000
    33 -0.000004 -1.136217 -0.000004 -0.210111 0.000000 0.000000
    34 -0.000011 1.136200 -0.000019 -0.271365 0.000000 0.000000
    35 -0.032677 -4.587727 1.352317 2.844703 1.216154 2.484990
    36 0.032719 4.587772 -1.352291 2.678629 0.652354 1.962860
    37 0.000000 -1.754536 -0.000002 0.662896 0.000000 0.000000
    38 -0.000006 1.754520 -0.000034 0.987631 0.000000 0.000000
    39 0.000000 -1.227020 -0.000002 0.092660 0.000000 0.000000
    40 0.000002 1.227070 0.000032 1.047284 0.000000 0.000000
    41 -0.367996 -4.208406 0.173244 2.943027 1.091688 2.536231
    42 0.368011 4.208412 -0.173239 3.068497 0.653254 2.056121
    43 0.000000 -2.372318 -0.000004 0.722081 0.000000 0.000000
    44 -0.000006 2.372318 -0.000032 1.683874 0.000000 0.000000
    45 0.000004 -1.580070 -0.000001 0.034255 0.000000 0.000000
    46 -0.000002 1.580170 0.000030 0.256688 0.000000 0.000000
    47 -0.937645 -3.860697 -0.959317 3.044205 1.001841 2.581100
    48 0.937672 3.860714 0.959333 2.794764 0.650160 2.142357
    49 0.000000 -1.690632 0.000000 0.491549 0.000000 0.000000
    50 -0.000013 1.690666 0.000021 1.502305 0.000000 0.000000
    51 -0.000002 -1.423443 0.000002 0.234212 0.000000 0.000000
    52 0.000008 1.423420 0.000028 1.084170 0.000000 0.000000
    53 -1.546646 -3.404194 -1.915569 3.024293 0.944156 2.514436
    54 1.546661 3.404217 1.915585 3.432326 0.676422 2.247169
    55 0.000004 -1.437820 0.000000 0.424958 0.000000 0.000000
    56 -0.000021 1.437870 0.000031 0.132803 0.000000 0.000000
    57 -0.000002 -1.059402 0.000000 0.322075 0.000000 0.000000
    58 0.000006 1.059372 0.000008 -0.072525 0.000000 0.000000
    59 -0.000004 -13.013485 -0.000004 0.010936 -0.284123 -0.076426
    60 0.161133 -10.812500 0.023087 0.010936 -0.284123 -0.076426
  time 39
    0 0.000000 0.826660 0.000001 -1.559900 -0.000006 -0.000006
    1 -7.059201 7.545358 -8.025539 -1.024085 0.172459 0.910796
    2 0.000000 14.313023 0.000003 -2.149185 0.000000 0.000000
    3 -0.000011 13.013483 -0.000005 0.659863 0.858865 0.786401
    4 8.652996 -22.135220 3.978737 2.947657 0.312156 -0.581899
    5 0.000000 -14.313034 0.000000 -0.487806 0.000000 0.000000
    6 -0.000004 -13.013485 -0.000004 0.000000 0.000000 0.000000
    7 -1.330879 -2.698427 0.462449 -0.194886 -0.547260 3.056712
    8 1.330910 2.698444 -0.462436 0.194890 0.547268 -0.084879
    9 2.187738 2.002638 -2.303702 0.305779 0.603911 0.160330
    10 3.556210 4.238403 0.987502 -1.090396 0.577049 -0.321829
    11 4.139183 5.092691 1.421975 -1.090396 0.577049 -0.321829
    12 4.777527 6.028128 1.897721 -1.090396 0.577049 -0.321829
    13 5.490345 7.072691 2.428969 -1.090396 0.577049 -0.321829
    14 6.566406 8.648438 3.232422 -1.090396 0.577049 -0.321829
    15 7.558525 6.997282 -2.354134 -1.937336 -0.275393 3.010581
    16 7.558525 6.997282 -2.354134 1.937336 0.275393 -0.131011
    17 -2.867767 -2.740969 0.531125 2.051196 0.577049 -0.321829
    18 1.941196 0.892382 -2.884324 -2.515091 -0.250378 1.553845
    19 2.055391 6.846677 -1.336061 0.586612 -0.976244 -0.595261
    20 2.380544 6.634530 -0.764862 0.812660 -0.886626 -0.870337
    21 5.245522 3.159679 4.668072 1.025278 -0.577842 -1.183211
    22 6.946648 6.587124 1.429667 -1.090396 0.577049 -0.321829
    23 7.537933 7.453606 1.870349 -1.090396 0.577049 -0.321829
    24 8.154472 8.357077 2.329839 -1.090396 0.577049 -0.321829
    25 8.874294 9.411907 2.866308 -1.090396 0.577049 -0.321829
    26 -4.125858 -2.321501 1.394414 2.051196 0.577049 -0.321829
    27 -4.826813 -3.348669 0.872014 2.051196 0.577049 -0.321829
    28 -5.441669 -4.249685 0.413772 2.051196 0.577049 -0.321829
    29 -0.552532 -1.343527 1.604446 -0.415180 0.312114 -0.422073
    30 0.552589 1.343534 -1.604463 -0.388630 0.754646 -0.438050
    31 0.000000 -2.021618 -0.000004 0.186809 0.000000 0.000000
    32 -0.000021 2.021633 0.000027 0.380880 0.000000 0.000000
    33 -0.000004 -1.136217 -0.000004 -0.210111 0.000000 0.000000
    34 -0.000011 1.136200 -0.000019 -0.276896 0.000000 0.000000
    35 -0.032677 -4.587727 1.352317 2.844703 1.216154 2.484990
    36 0.032719 4.587772 -1.352291 2.665607 0.644300 1.956110
    37 0.000000 -1.754536 -0.000002 0.662896 0.000000 0.000000
    38 -0.000006 1.754520 -0.000034 0.996203 0.000000 0.000000
    39 0.000000 -1.227020 -0.000002 0.092660 0.000000 0.000000
    40 0.000002 1.227070 0.000032 1.056004 0.000000 0.000000
    41 -0.367996 -4.208406 0.173244 2.943027 1.091688 2.536231
    42 0.368011 4.208412 -0.173239 3.067778 0.652454 2.056121
    43 0.000000 -2.372318 -0.000004 0.722081 0.000000 0.000000
    44 -0.000006 2.372318 -0.000032 1.699844 0.000000 0.000000
    45 0.000004 -1.580070 -0.000001 0.034255 0.000000 0.000000
    46 -0.000002 1.580170 0.000030 0.272674 0.000000 0.000000
    47 -0.937645 -3.860697 -0.959317 3.044205 1.001841 2.581100
    48 0.937672 3.860714 0.959333 2.792721 0.647076 2.137394
    49 0.000000 -1.690632 0.000000 0.491549 0.000000 0.000000
    50 -0.000013 1.690666 0.000021 1.493993 0.000000 0.000000
    51 -0.000002 -1.423443 0.000002 0.234212 0.000000 0.000000
    52 0.000008 1.423420 0.000028 1.079912 0.000000 0.000000
    53 -1.546646 -3.404194 -1.915569 3.024293 0.944156 2.514436
    54 1.546661 3.404217 1.915585 3.423096 0.679217 2.246325
    55 0.000004 -1.437820 0.000000 0.424958 0.000000 0.000000
    56 -0.000021 1.437870 0.000031 0.133230 0.000000 0.000000
    57 -0.000002 -1.059402 0.000000 0.322075 0.000000 0.000000
    58 0.000006 1.059372 0.000008 -0.087039 0.000000 0.000000
    59 -0.000004 -13.013485 -0.000004 0.010936 -0.284123 -0.076426
    60 0.161133 -10.812500 0.023087 0.010936 -0.284123 -0.076426
  time 40
    0 0.000000 0.826660 0.000001 -1.559900 -0.000006 -0.000006
    1 -7.059201 7.545358 -8.025539 -1.024638 0.170695 0.910720
    2 0.000000 14.313023 0.000003 -2.149246 0.000000 0.000000
    3 -0.000011 13.013483 -0.000005 0.676297 0.874147 0.795508
    4 8.652996 -22.135220 3.978737 2.947657 0.312156 -0.581899
    5 0.000000 -14.313034 0.000000 -0.487806 0.000000 0.000000
    6 -0.000004 -13.013485 -0.000004 0.000000 0.000000 0.000000
    7 -1.330879 -2.698427 0.462449 -0.194886 -0.547260 3.056712
    8 1.330910 2.698444 -0.462436 0.194890 0.547268 -0.084879
    9 2.156827 2.051715 -2.354214 0.348308 0.603973 0.175279
    10 3.556210 4.238403 0.987502 -1.090396 0.577049 -0.321829
    11 4.139183 5.092691 1.421975 -1.090396 0.577049 -0.321829
    12 4.777527 6.028128 1.897721 -1.090396 0.577049 -0.321829
    13 5.490345 7.072691 2.428969 -1.090396 0.577049 -0.321829
    14 6.566406 8.648438 3.232422 -1.090396 0.577049 -0.321829
    15 7.558525 6.997282 -2.354134 -1.937336 -0.275393 3.010581
    16 7.558525 6.997282 -2.354134 1.937336 0.275393 -0.131011
    17 -2.867767 -2.740969 0.531125 2.051196 0.577049 -0.321829
    18 1.902133 0.954884 -3.024953 -2.508148 -0.284702 1.542724
    19 2.082735 6.850583 -1.273559 0.629857 -0.951470 -0.640035
    20 2.403982 6.618904 -0.706267 0.816014 -0.885622 -0.869282
    21 5.276773 3.144054 4.722762 1.017135 -0.601132 -1.162503
    22 6.946648 6.587124 1.429667 -1.090396 0.577049 -0.321829
    23 7.537933 7.453606 1.870349 -1.090396 0.577049 -0.321829
    24 8.154472 8.357077 2.329839 -1.090396 0.577049 -0.321829
    25 8.874294 9.411907 2.866308 -1.090396 0.577049 -0.321829
    26 -4.125858 -2.321501 1.394414 2.051196 0.577049 -0.321829
    27 -4.826813 -3.348669 0.872014 2.051196 0.577049 -0.321829
    28 -5.441669 -4.249685 0.413772 2.051196 0.577049 -0.321829
    29 -0.552532 -1.343527 1.604446 -0.415180 0.312114 -0.422073
    30 0.552589 1.343534 -1.604463 -0.392576 0.794375 -0.444179
    31 0.000000 -2.021618 -0.000004 0.186809 0.000000 0.000000
    32 -0.000021 2.021633 0.000027 0.380880 0.000000 0.000000
    33 -0.000004 -1.136217 -0.000004 -0.210111 0.000000 0.000000
    34 -0.000011 1.136200 -0.000019 -0.291535 0.000000 0.000000
    35 -0.032677 -4.587727 1.352317 2.844703 1.216154 2.484990
    36 0.032719 4.587772 -1.352291 2.633139 0.623628 1.939654
    37 0.000000 -1.754536 -0.000002 0.662896 0.000000 0.000000
    38 -0.000006 1.754520 -0.000034 0.999514 0.000000 0.000000
    39 0.000000 -1.227020 -0.000002 0.092660 0.000000 0.000000
    40 0.000002 1.227070 0.000032 1.059399 0.000000 0.000000
    41 -0.367996 -4.208406 0.173244 2.943027 1.091688 2.536231
    42 0.368011 4.208412 -0.173239 3.066252 0.650889 2.055579
    43 0.000000 -2.372318 -0.000004 0.722081 0.000000 0.000000
    44 -0.000006 2.372318 -0.000032 1.715813 0.000000 0.000000
    45 0.000004 -1.580070 -0.000001 0.034255 0.000000 0.000000
    46 -0.000002 1.580170 0.000030 0.288546 0.000000 0.000000
    47 -0.937645 -3.860697 -0.959317 3.044205 1.001841 2.581100
    48 0.937672 3.860714 0.959333 2.784917 0.639334 2.124949
    49 0.000000 -1.690632 0.000000 0.491549 0.000000 0.000000
    50 -0.000013 1.690666 0.000021 1.473062 0.000000 0.000000
    51 -0.000002 -1.423443 0.000002 0.234212 0.000000 0.000000
    52 0.000008 1.423420 0.000028 1.069120 0.000000 0.000000
    53 -1.546646 -3.404194 -1.915569 3.024293 0.944156 2.514436
    54 1.546661 3.404217 1.915585 3.413036 0.686910 2.243793
    55 0.000004 -1.437820 0.000000 0.424958 0.000000 0.000000
    56 -0.000021 1.437870 0.000031 0.136437 0.000000 0.000000
    57 -0.000002 -1.059402 0.000000 0.322075 0.000000 0.000000
    58 0.000006 1.059372 0.000008 -0.105818 0.000000 0.000000
    59 -0.000004 -13.013485 -0.000004 0.010936 -0.284123 -0.076426
    60 0.161133 -10.812500 0.023087 0.010936 -0.284123 -0.076426
  time 41
    0 0.000000 0.826660 0.000001 -1.559900 -0.000006 -0.000006
    1 -7.059201 7.545358 -8.025539 -1.024546 0.168215 0.910567
    2 0.000000 14.313023 0.000003 -2.149674 0.000000 0.000000
    3 -0.000011 13.013483 -0.000005 0.712224 0.894665 0.807394
    4 8.652996 -22.135220 3.978737 2.947657 0.312156 -0.581899
    5 0.000000 -14.313034 0.000000 -0.487806 0.000000 0.000000
    6 -0.000004 -13.013485 -0.000004 0.000000 0.000000 0.000000
    7 -1.330879 -2.698427 0.462449 -0.194886 -0.547260 3.056712
    8 1.330910 2.698444 -0.462436 0.194890 0.547268 -0.084879
    9 2.125917 2.100792 -2.505748 0.404438 0.604413 0.195148
    10 3.556210 4.238403 0.987502 -1.090396 0.577049 -0.321829
    11 4.139183 5.092691 1.421975 -1.090396 0.577049 -0.321829
    12 4.777527 6.028128 1.897721 -1.090396 0.577049 -0.321829
    13 5.490345 7.072691 2.428969 -1.090396 0.577049 -0.321829
    14 6.566406 8.648438 3.232422 -1.090396 0.577049 -0.321829
    15 7.558525 6.997282 -2.354134 -1.937336 -0.275393 3.010581
    16 7.558525 6.997282 -2.354134 1.937336 0.275393 -0.131011
    17 -2.867767 -2.740969 0.531125 2.051196 0.577049 -0.321829
    18 1.847443 1.048637 -3.204646 -2.497209 -0.329759 1.527192
    19 2.113986 6.854490 -1.195432 0.680501 -0.916322 -0.693149
    20 2.439139 6.591560 -0.639858 0.818025 -0.882239 -0.866023
    21 5.335368 3.112803 4.773544 0.981880 -0.672923 -1.097600
    22 6.946648 6.587124 1.429667 -1.090396 0.577049 -0.321829
    23 7.537933 7.453606 1.870349 -1.090396 0.577049 -0.321829
    24 8.154472 8.357077 2.329839 -1.090396 0.577049 -0.321829
    25 8.874294 9.411907 2.866308 -1.090396 0.577049 -0.321829
    26 -4.125858 -2.321501 1.394414 2.051196 0.577049 -0.321829
    27 -4.826813 -3.348669 0.872014 2.051196 0.577049 -0.321829
    28 -5.441669 -4.249685 0.413772 2.051196 0.577049 -0.321829
    29 -0.552532 -1.343527 1.604446 -0.415180 0.312114 -0.422073
    30 0.552589 1.343534 -1.604463 -0.399632 0.845761 -0.453092
    31 0.000000 -2.021618 -0.000004 0.186809 0.000000 0.000000
    32 -0.000021 2.021633 0.000027 0.380880 0.000000 0.000000
    33 -0.000004 -1.136217 -0.000004 -0.210111 0.000000 0.000000
    34 -0.000011 1.136200 -0.000019 -0.311938 0.000000 0.000000
    35 -0.032677 -4.587727 1.352317 2.844703 1.216154 2.484990
    36 0.032719 4.587772 -1.352291 2.591555 0.596052 1.918875
    37 0.000000 -1.754536 -0.000002 0.662896 0.000000 0.000000
    38 -0.000006 1.754520 -0.000034 0.987087 0.000000 0.000000
    39 0.000000 -1.227020 -0.000002 0.092660 0.000000 0.000000
    40 0.000002 1.227070 0.000032 1.046818 0.000000 0.000000
    41 -0.367996 -4.208406 0.173244 2.943027 1.091688 2.536231
    42 0.368011 4.208412 -0.173239 3.063557 0.648357 2.054031
    43 0.000000 -2.372318 -0.000004 0.722081 0.000000 0.000000
    44 -0.000006 2.372318 -0.000032 1.723052 0.000000 0.000000
    45 0.000004 -1.580070 -0.000001 0.034255 0.000000 0.000000
    46 -0.000002 1.580170 0.000030 0.295770 0.000000 0.000000
    47 -0.937645 -3.860697 -0.959317 3.044205 1.001841 2.581100
    48 0.937672 3.860714 0.959333 2.774698 0.629125 2.109195
    49 0.000000 -1.690632 0.000000 0.491549 0.000000 0.000000
    50 -0.000013 1.690666 0.000021 1.445821 0.000000 0.000000
    51 -0.000002 -1.423443 0.000002 0.234212 0.000000 0.000000
    52 0.000008 1.423420 0.000028 1.055172 0.000000 0.000000
    53 -1.546646 -3.404194 -1.915569 3.024293 0.944156 2.514436
    54 1.546661 3.404217 1.915585 3.413313 0.698522 2.240033
    55 0.000004 -1.437820 0.000000 0.424958 0.000000 0.000000
    56 -0.000021 1.437870 0.000031 0.149316 0.000000 0.000000
    57 -0.000002 -1.059402 0.000000 0.322075 0.000000 0.000000
    58 0.000006 1.059372 0.000008 -0.114645 0.000000 0.000000
    59 -0.000004 -13.013485 -0.000004 0.010936 -0.284123 -0.076426
    60 0.161133 -10.812500 0.023087 0.010936 -0.284123 -0.076426
  time 42
    0 0.000000 0.826660 0.000001 -1.559900 -0.000006 -0.000006
    1 -7.059201 7.545358 -8.025539 -1.024085 0.165258 0.910414
    2 0.000000 14.313023 0.000003 -2.150285 0.000000 0.000000
    3 -0.000011 13.013483 -0.000005 0.758947 0.917588 0.820718
    4 8.652996 -22.135220 3.978737 2.947657 0.312156 -0.581899
    5 0.000000 -14.313034 0.000000 -0.487806 0.000000 0.000000
    6 -0.000004 -13.013485 -0.000004 0.000000 0.000000 0.000000
    7 -1.330879 -2.698427 0.462449 -0.194886 -0.547260 3.056712
    8 1.330910 2.698444 -0.462436 0.194890 0.547268 -0.084879
    9 2.064095 2.149869 -2.657282 0.469573 0.604727 0.217761
    10 3.556210 4.238403 0.987502 -1.090396 0.577049 -0.321829
    11 4.139183 5.092691 1.421975 -1.090396 0.577049 -0.321829
    12 4.777527 6.028128 1.897721 -1.090396 0.577049 -0.321829
    13 5.490345 7.072691 2.428969 -1.090396 0.577049 -0.321829
    14 6.566406 8.648438 3.232422 -1.090396 0.577049 -0.321829
    15 7.558525 6.997282 -2.354134 -1.937336 -0.275393 3.010581
    16 7.558525 6.997282 -2.354134 1.937336 0.275393 -0.131011
    17 -2.867767 -2.740969 0.531125 2.051196 0.577049 -0.321829
    18 1.781035 1.165828 -3.407777 -2.482180 -0.381354 1.507826
    19 2.153050 6.858396 -1.093866 0.731618 -0.873363 -0.747126
    20 2.482109 6.560309 -0.561731 0.823390 -0.872515 -0.866502
    21 5.409589 3.034675 4.800889 0.908688 -0.779999 -0.982365
    22 6.946648 6.587124 1.429667 -1.090396 0.577049 -0.321829
    23 7.537933 7.453606 1.870349 -1.090396 0.577049 -0.321829
    24 8.154472 8.357077 2.329839 -1.090396 0.577049 -0.321829
    25 8.874294 9.411907 2.866308 -1.090396 0.577049 -0.321829
    26 -4.125858 -2.321501 1.394414 2.051196 0.577049 -0.321829
    27 -4.826813 -3.348669 0.872014 2.051196 0.577049 -0.321829
    28 -5.441669 -4.249685 0.413772 2.051196 0.577049 -0.321829
    29 -0.552532 -1.343527 1.604446 -0.415180 0.312114 -0.422073
    30 0.552589 1.343534 -1.604463 -0.409065 0.897464 -0.462982
    31 0.000000 -2.021618 -0.000004 0.186809 0.000000 0.000000
    32 -0.000021 2.021633 0.000027 0.380880 0.000000 0.000000
    33 -0.000004 -1.136217 -0.000004 -0.210111 0.000000 0.000000
    34 -0.000011 1.136200 -0.000019 -0.335268 0.000000 0.000000
    35 -0.032677 -4.587727 1.352317 2.844703 1.216154 2.484990
    36 0.032719 4.587772 -1.352291 2.549711 0.567029 1.898551
    37 0.000000 -1.754536 -0.000002 0.662896 0.000000 0.000000
    38 -0.000006 1.754520 -0.000034 0.959421 0.000000 0.000000
    39 0.000000 -1.227020 -0.000002 0.092660 0.000000 0.000000
    40 0.000002 1.227070 0.000032 1.019193 0.000000 0.000000
    41 -0.367996 -4.208406 0.173244 2.943027 1.091688 2.536231
    42 0.368011 4.208412 -0.173239 3.057719 0.643259 2.049233
    43 0.000000 -2.372318 -0.000004 0.722081 0.000000 0.000000
    44 -0.000006 2.372318 -0.000032 1.718182 0.000000 0.000000
    45 0.000004 -1.580070 -0.000001 0.034255 0.000000 0.000000
    46 -0.000002 1.580170 0.000030 0.280069 0.000000 0.000000
    47 -0.937645 -3.860697 -0.959317 3.044205 1.001841 2.581100
    48 0.937672 3.860714 0.959333 2.764571 0.618761 2.093599
    49 0.000000 -1.690632 0.000000 0.491549 0.000000 0.000000
    50 -0.000013 1.690666 0.000021 1.418380 0.000000 0.000000
    51 -0.000002 -1.423443 0.000002 0.234212 0.000000 0.000000
    52 0.000008 1.423420 0.000028 1.041224 0.000000 0.000000
    53 -1.546646 -3.404194 -1.915569 3.024293 0.944156 2.514436
    54 1.546661 3.404217 1.915585 3.416820 0.713102 2.235199
    55 0.000004 -1.437820 0.000000 0.424958 0.000000 0.000000
    56 -0.000021 1.437870 0.000031 0.174272 0.000000 0.000000
    57 -0.000002 -1.059402 0.000000 0.322075 0.000000 0.000000
    58 0.000006 1.059372 0.000008 -0.123708 0.000000 0.000000
    59 -0.000004 -13.013485 -0.000004 0.010936 -0.284123 -0.076426
    60 0.161133 -10.812500 0.023087 0.010936 -0.284123 -0.076426
  time 43
    0 0.000000 0.826660 0.000001 -1.559900 -0.000006 -0.000006
    1 -7.059201 7.545358 -8.025539 -1.023348 0.162063 0.910261
    2 0.000000 14.313023 0.000003 -2.151018 0.000000 0.000000
    3 -0.000011 13.013483 -0.000005 0.807200 0.939992 0.833946
    4 8.652996 -22.135220 3.978737 2.947657 0.312156 -0.581899
    5 0.000000 -14.313034 0.000000 -0.487806 0.000000 0.000000
    6 -0.000004 -13.013485 -0.000004 0.000000 0.000000 0.000000
    7 -1.330879 -2.698427 0.462449 -0.194886 -0.547260 3.056712
    8 1.330910 2.698444 -0.462436 0.194890 0.547268 -0.084879
    9 2.033184 2.248024 -2.808816 0.538059 0.604664 0.241415
    10 3.556210 4.238403 0.987502 -1.090396 0.577049 -0.321829
    11 4.139183 5.092691 1.421975 -1.090396 0.577049 -0.321829
    12 4.777527 6.028128 1.897721 -1.090396 0.577049 -0.321829
    13 5.490345 7.072691 2.428969 -1.090396 0.577049 -0.321829
    14 6.566406 8.648438 3.232422 -1.090396 0.577049 -0.321829
    15 7.558525 6.997282 -2.354134 -1.937336 -0.275393 3.010581
    16 7.558525 6.997282 -2.354134 1.937336 0.275393 -0.131011
    17 -2.867767 -2.740969 0.531125 2.051196 0.577049 -0.321829
    18 1.702908 1.306458 -3.610908 -2.463822 -0.435292 1.485008
    19 2.196020 6.846677 -0.996207 0.777804 -0.825827 -0.797268
    20 2.525079 6.517339 -0.483603 0.836132 -0.851904 -0.877526
    21 5.483810 2.882327 4.785263 0.797846 -0.886434 -0.827346
    22 6.946648 6.587124 1.429667 -1.090396 0.577049 -0.321829
    23 7.537933 7.453606 1.870349 -1.090396 0.577049 -0.321829
    24 8.154472 8.357077 2.329839 -1.090396 0.577049 -0.321829
    25 8.874294 9.411907 2.866308 -1.090396 0.577049 -0.321829
    26 -4.125858 -2.321501 1.394414 2.051196 0.577049 -0.321829
    27 -4.826813 -3.348669 0.872014 2.051196 0.577049 -0.321829
    28 -5.441669 -4.249685 0.413772 2.051196 0.577049 -0.321829
    29 -0.552532 -1.343527 1.604446 -0.415180 0.312114 -0.422073
    30 0.552589 1.343534 -1.604463 -0.417401 0.938066 -0.469633
    31 0.000000 -2.021618 -0.000004 0.186809 0.000000 0.000000
    32 -0.000021 2.021633 0.000027 0.380880 0.000000 0.000000
    33 -0.000004 -1.136217 -0.000004 -0.210111 0.000000 0.000000
    34 -0.000011 1.136200 -0.000019 -0.358273 0.000000 0.000000
    35 -0.032677 -4.587727 1.352317 2.844703 1.216154 2.484990
    36 0.032719 4.587772 -1.352291 2.516288 0.542533 1.882398
    37 0.000000 -1.754536 -0.000002 0.662896 0.000000 0.000000
    38 -0.000006 1.754520 -0.000034 0.931346 0.000000 0.000000
    39 0.000000 -1.227020 -0.000002 0.092660 0.000000 0.000000
    40 0.000002 1.227070 0.000032 0.990969 0.000000 0.000000
    41 -0.367996 -4.208406 0.173244 2.943027 1.091688 2.536231
    42 0.368011 4.208412 -0.173239 3.048109 0.635197 2.040641
    43 0.000000 -2.372318 -0.000004 0.722081 0.000000 0.000000
    44 -0.000006 2.372318 -0.000032 1.705810 0.000000 0.000000
    45 0.000004 -1.580070 -0.000001 0.034255 0.000000 0.000000
    46 -0.000002 1.580170 0.000030 0.240077 0.000000 0.000000
    47 -0.937645 -3.860697 -0.959317 3.044205 1.001841 2.581100
    48 0.937672 3.860714 0.959333 2.757418 0.610649 2.081941
    49 0.000000 -1.690632 0.000000 0.491549 0.000000 0.000000
    50 -0.000013 1.690666 0.000021 1.396898 0.000000 0.000000
    51 -0.000002 -1.423443 0.000002 0.234212 0.000000 0.000000
    52 0.000008 1.423420 0.000028 1.030506 0.000000 0.000000
    53 -1.546646 -3.404194 -1.915569 3.024293 0.944156 2.514436
    54 1.546661 3.404217 1.915585 3.422358 0.729669 2.229367
    55 0.000004 -1.437820 0.000000 0.424958 0.000000 0.000000
    56 -0.000021 1.437870 0.000031 0.207137 0.000000 0.000000
    57 -0.000002 -1.059402 0.000000 0.322075 0.000000 0.000000
    58 0.000006 1.059372 0.000008 -0.132535 0.000000 0.000000
    59 -0.000004 -13.013485 -0.000004 0.010936 -0.284123 -0.076426
    60 0.161133 -10.812500 0.023087 0.010936 -0.284123 -0.076426
  time 44
    0 0.000000 0.826660 0.000001 -1.559900 -0.000006 -0.000006
    1 -7.059201 7.545358 -8.025539 -1.022518 0.158915 0.910109
    2 0.000000 14.313023 0.000003 -2.151812 0.000000 0.000000
    3 -0.000011 13.013483 -0.000005 0.847330 0.958765 0.845257
    4 8.652996 -22.135220 3.978737 2.947657 0.312156 -0.581899
    5 0.000000 -14.313034 0.000000 -0.487806 0.000000 0.000000
    6 -0.000004 -13.013485 -0.000004 0.000000 0.000000 0.000000
    7 -1.330879 -2.698427 0.462449 -0.194886 -0.547260 3.056712
    8 1.330910 2.698444 -0.462436 0.194890 0.547268 -0.084879
    9 1.971363 2.346178 -2.960350 0.604726 0.604099 0.263649
    10 3.556210 4.238403 0.987502 -1.090396 0.577049 -0.321829
    11 4.139183 5.092691 1.421975 -1.090396 0.577049 -0.321829
    12 4.777527 6.028128 1.897721 -1.090396 0.577049 -0.321829
    13 5.490345 7.072691 2.428969 -1.090396 0.577049 -0.321829
    14 6.566406 8.648438 3.232422 -1.090396 0.577049 -0.321829
    15 7.558525 6.997282 -2.354134 -1.937336 -0.275393 3.010581
    16 7.558525 6.997282 -2.354134 1.937336 0.275393 -0.131011
    17 -2.867767 -2.740969 0.531125 2.051196 0.577049 -0.321829
    18 1.624780 1.450993 -3.802320 -2.443371 -0.486887 1.460464
    19 2.238990 6.838864 -0.902454 0.816118 -0.777987 -0.840411
    20 2.568050 6.482182 -0.413289 0.859317 -0.816494 -0.903600
    21 5.550219 2.616694 4.683698 0.702140 -0.945125 -0.700607
    22 6.946648 6.587124 1.429667 -1.090396 0.577049 -0.321829
    23 7.537933 7.453606 1.870349 -1.090396 0.577049 -0.321829
    24 8.154472 8.357077 2.329839 -1.090396 0.577049 -0.321829
    25 8.874294 9.411907 2.866308 -1.090396 0.577049 -0.321829
    26 -4.125858 -2.321501 1.394414 2.051196 0.577049 -0.321829
    27 -4.826813 -3.348669 0.872014 2.051196 0.577049 -0.321829
    28 -5.441669 -4.249685 0.413772 2.051196 0.577049 -0.321829
    29 -0.552532 -1.343527 1.604446 -0.415180 0.312114 -0.422073
    30 0.552589 1.343534 -1.604463 -0.418473 0.956265 -0.466634
    31 0.000000 -2.021618 -0.000004 0.186809 0.000000 0.000000
    32 -0.000021 2.021633 0.000027 0.380880 0.000000 0.000000
    33 -0.000004 -1.136217 -0.000004 -0.210111 0.000000 0.000000
    34 -0.000011 1.136200 -0.000019 -0.377839 0.000000 0.000000
    35 -0.032677 -4.587727 1.352317 2.844703 1.216154 2.484990
    36 0.032719 4.587772 -1.352291 2.499446 0.528764 1.873753
    37 0.000000 -1.754536 -0.000002 0.662896 0.000000 0.000000
    38 -0.000006 1.754520 -0.000034 0.917786 0.000000 0.000000
    39 0.000000 -1.227020 -0.000002 0.092660 0.000000 0.000000
    40 0.000002 1.227070 0.000032 0.977323 0.000000 0.000000
    41 -0.367996 -4.208406 0.173244 2.943027 1.091688 2.536231
    42 0.368011 4.208412 -0.173239 3.036882 0.625669 2.030192
    43 0.000000 -2.372318 -0.000004 0.722081 0.000000 0.000000
    44 -0.000006 2.372318 -0.000032 1.689271 0.000000 0.000000
    45 0.000004 -1.580070 -0.000001 0.034255 0.000000 0.000000
    46 -0.000002 1.580170 0.000030 0.186716 0.000000 0.000000
    47 -0.937645 -3.860697 -0.959317 3.044205 1.001841 2.581100
    48 0.937672 3.860714 0.959333 2.755467 0.607411 2.077294
    49 0.000000 -1.690632 0.000000 0.491549 0.000000 0.000000
    50 -0.000013 1.690666 0.000021 1.387534 0.000000 0.000000
    51 -0.000002 -1.423443 0.000002 0.234212 0.000000 0.000000
    52 0.000008 1.423420 0.000028 1.026248 0.000000 0.000000
    53 -1.546646 -3.404194 -1.915569 3.024293 0.944156 2.514436
    54 1.546661 3.404217 1.915585 3.428726 0.747130 2.222844
    55 0.000004 -1.437820 0.000000 0.424958 0.000000 0.000000
    56 -0.000021 1.437870 0.000031 0.243423 0.000000 0.000000
    57 -0.000002 -1.059402 0.000000 0.322075 0.000000 0.000000
    58 0.000006 1.059372 0.000008 -0.140710 0.000000 0.000000
    59 -0.000004 -13.013485 -0.000004 0.010936 -0.284123 -0.076426
    60 0.161133 -10.812500 0.023087 0.010936 -0.284123 -0.076426
  time 45
    0 0.000000 0.826660 0.000001 -1.559900 -0.000006 -0.000006
    1 -7.059201 7.545358 -8.025539 -1.021597 0.156006 0.909956
    2 0.000000 14.313023 0.000003 -2.152606 0.000000 0.000000
    3 -0.000011 13.013483 -0.000005 0.870071 0.971075 0.852734
    4 8.652996 -22.135220 3.978737 2.947657 0.312156 -0.581899
    5 0.000000 -14.313034 0.000000 -0.487806 0.000000 0.000000
    6 -0.000004 -13.013485 -0.000004 0.000000 0.000000 0.000000
    7 -1.330879 -2.698427 0.462449 -0.194886 -0.547260 3.056712
    8 1.330910 2.698444 -0.462436 0.194890 0.547268 -0.084879
    9 1.909541 2.444332 -3.061373 0.664497 0.603158 0.282951
    10 3.556210 4.238403 0.987502 -1.090396 0.577049 -0.321829
    11 4.139183 5.092691 1.421975 -1.090396 0.577049 -0.321829
    12 4.777527 6.028128 1.897721 -1.090396 0.577049 -0.321829
    13 5.490345 7.072691 2.428969 -1.090396 0.577049 -0.321829
    14 6.566406 8.648438 3.232422 -1.090396 0.577049 -0.321829
    15 7.558525 6.997282 -2.354134 -1.937336 -0.275393 3.010581
    16 7.558525 6.997282 -2.354134 1.937336 0.275393 -0.131011
    17 -2.867767 -2.740969 0.531125 2.051196 0.577049 -0.321829
    18 1.550559 1.587716 -3.962481 -2.422635 -0.532652 1.435633
    19 2.281960 6.823239 -0.820420 0.846087 -0.733929 -0.875501
    20 2.611020 6.435305 -0.354693 0.884418 -0.774479 -0.934754
    21 5.593189 2.315903 4.531349 0.693997 -0.940525 -0.684597
    22 6.946648 6.587124 1.429667 -1.090396 0.577049 -0.321829
    23 7.537933 7.453606 1.870349 -1.090396 0.577049 -0.321829
    24 8.154472 8.357077 2.329839 -1.090396 0.577049 -0.321829
    25 8.874294 9.411907 2.866308 -1.090396 0.577049 -0.321829
    26 -4.125858 -2.321501 1.394414 2.051196 0.577049 -0.321829
    27 -4.826813 -3.348669 0.872014 2.051196 0.577049 -0.321829
    28 -5.441669 -4.249685 0.413772 2.051196 0.577049 -0.321829
    29 -0.552532 -1.343527 1.604446 -0.415180 0.312114 -0.422073
    30 0.552589 1.343534 -1.604463 -0.411861 0.956979 -0.454439
    31 0.000000 -2.021618 -0.000004 0.186809 0.000000 0.000000
    32 -0.000021 2.021633 0.000027 0.380880 0.000000 0.000000
    33 -0.000004 -1.136217 -0.000004 -0.210111 0.000000 0.000000
    34 -0.000011 1.136200 -0.000019 -0.390898 0.000000 0.000000
    35 -0.032677 -4.587727 1.352317 2.844703 1.216154 2.484990
    36 0.032719 4.587772 -1.352291 2.493977 0.522937 1.870188
    37 0.000000 -1.754536 -0.000002 0.662896 0.000000 0.000000
    38 -0.000006 1.754520 -0.000034 0.916425 0.000000 0.000000
    39 0.000000 -1.227020 -0.000002 0.092660 0.000000 0.000000
    40 0.000002 1.227070 0.000032 0.975925 0.000000 0.000000
    41 -0.367996 -4.208406 0.173244 2.943027 1.091688 2.536231
    42 0.368011 4.208412 -0.173239 3.025656 0.616140 2.019743
    43 0.000000 -2.372318 -0.000004 0.722081 0.000000 0.000000
    44 -0.000006 2.372318 -0.000032 1.671897 0.000000 0.000000
    45 0.000004 -1.580070 -0.000001 0.034255 0.000000 0.000000
    46 -0.000002 1.580170 0.000030 0.130567 0.000000 0.000000
    47 -0.937645 -3.860697 -0.959317 3.044205 1.001841 2.581100
    48 0.937672 3.860714 0.959333 2.756953 0.607565 2.077215
    49 0.000000 -1.690632 0.000000 0.491549 0.000000 0.000000
    50 -0.000013 1.690666 0.000021 1.386383 0.000000 0.000000
    51 -0.000002 -1.423443 0.000002 0.234212 0.000000 0.000000
    52 0.000008 1.423420 0.000028 1.026248 0.000000 0.000000
    53 -1.546646 -3.404194 -1.915569 3.024293 0.944156 2.514436
    54 1.546661 3.404217 1.915585 3.434725 0.764649 2.215938
    55 0.000004 -1.437820 0.000000 0.424958 0.000000 0.000000
    56 -0.000021 1.437870 0.000031 0.279067 0.000000 0.000000
    57 -0.000002 -1.059402 0.000000 0.322075 0.000000 0.000000
    58 0.000006 1.059372 0.000008 -0.147819 0.000000 0.000000
    59 -0.000004 -13.013485 -0.000004 0.010936 -0.284123 -0.076426
    60 0.161133 -10.812500 0.023087 0.010936 -0.284123 -0.076426
  time 46
    0 0.000000 0.826660 0.000001 -1.559900 -0.000006 -0.000006
    1 -7.059201 7.545358 -8.025539 -1.020676 0.153431 0.909803
    2 0.000000 14.313023 0.000003 -2.153340 0.000000 0.000000
    3 -0.000011 13.013483 -0.000005 0.880773 0.978575 0.857335
    4 8.652996 -22.135220 3.978737 2.947657 0.312156 -0.581899
    5 0.000000 -14.313034 0.000000 -0.487806 0.000000 0.000000
    6 -0.000004 -13.013485 -0.000004 0.000000 0.000000 0.000000
    7 -1.330879 -2.698427 0.462449 -0.194886 -0.547260 3.056712
    8 1.330910 2.698444 -0.462436 0.194890 0.547268 -0.084879
    9 1.878631 2.542486 -3.162396 0.712102 0.601840 0.297427
    10 3.556210 4.238403 0.987502 -1.090396 0.577049 -0.321829
    11 4.139183 5.092691 1.421975 -1.090396 0.577049 -0.321829
    12 4.777527 6.028128 1.897721 -1.090396 0.577049 -0.321829
    13 5.490345 7.072691 2.428969 -1.090396 0.577049 -0.321829
    14 6.566406 8.648438 3.232422 -1.090396 0.577049 -0.321829
    15 7.558525 6.997282 -2.354134 -1.937336 -0.275393 3.010581
    16 7.558525 6.997282 -2.354134 1.937336 0.275393 -0.131011
    17 -2.867767 -2.740969 0.531125 2.051196 0.577049 -0.321829
    18 1.488057 1.708814 -4.087485 -2.404563 -0.568828 1.413582
    19 2.313211 6.815426 -0.757918 0.867520 -0.698110 -0.902153
    20 2.642271 6.404054 -0.307817 0.902237 -0.740391 -0.958527
    21 5.624440 2.077615 4.406346 0.777153 -0.873741 -0.786218
    22 6.946648 6.587124 1.429667 -1.090396 0.577049 -0.321829
    23 7.537933 7.453606 1.870349 -1.090396 0.577049 -0.321829
    24 8.154472 8.357077 2.329839 -1.090396 0.577049 -0.321829
    25 8.874294 9.411907 2.866308 -1.090396 0.577049 -0.321829
    26 -4.125858 -2.321501 1.394414 2.051196 0.577049 -0.321829
    27 -4.826813 -3.348669 0.872014 2.051196 0.577049 -0.321829
    28 -5.441669 -4.249685 0.413772 2.051196 0.577049 -0.321829
    29 -0.552532 -1.343527 1.604446 -0.415180 0.312114 -0.422073
    30 0.552589 1.343534 -1.604463 -0.402271 0.952974 -0.438941
    31 0.000000 -2.021618 -0.000004 0.186809 0.000000 0.000000
    32 -0.000021 2.021633 0.000027 0.380880 0.000000 0.000000
    33 -0.000004 -1.136217 -0.000004 -0.210111 0.000000 0.000000
    34 -0.000011 1.136200 -0.000019 -0.398845 0.000000 0.000000
    35 -0.032677 -4.587727 1.352317 2.844703 1.216154 2.484990
    36 0.032719 4.587772 -1.352291 2.489549 0.518112 1.867231
    37 0.000000 -1.754536 -0.000002 0.662896 0.000000 0.000000
    38 -0.000006 1.754520 -0.000034 0.915336 0.000000 0.000000
    39 0.000000 -1.227020 -0.000002 0.092660 0.000000 0.000000
    40 0.000002 1.227070 0.000032 0.974860 0.000000 0.000000
    41 -0.367996 -4.208406 0.173244 2.943027 1.091688 2.536231
    42 0.368011 4.208412 -0.173239 3.016405 0.608145 2.011075
    43 0.000000 -2.372318 -0.000004 0.722081 0.000000 0.000000
    44 -0.000006 2.372318 -0.000032 1.656893 0.000000 0.000000
    45 0.000004 -1.580070 -0.000001 0.034255 0.000000 0.000000
    46 -0.000002 1.580170 0.000030 0.082098 0.000000 0.000000
    47 -0.937645 -3.860697 -0.959317 3.044205 1.001841 2.581100
    48 0.937672 3.860714 0.959333 2.758254 0.607997 2.077136
    49 0.000000 -1.690632 0.000000 0.491549 0.000000 0.000000
    50 -0.000013 1.690666 0.000021 1.385481 0.000000 0.000000
    51 -0.000002 -1.423443 0.000002 0.234212 0.000000 0.000000
    52 0.000008 1.423420 0.000028 1.026248 0.000000 0.000000
    53 -1.546646 -3.404194 -1.915569 3.024293 0.944156 2.514436
    54 1.546661 3.404217 1.915585 3.439063 0.781188 2.208955
    55 0.000004 -1.437820 0.000000 0.424958 0.000000 0.000000
    56 -0.000021 1.437870 0.000031 0.309902 0.000000 0.000000
    57 -0.000002 -1.059402 0.000000 0.322075 0.000000 0.000000
    58 0.000006 1.059372 0.000008 -0.153447 0.000000 0.000000
    59 -0.000004 -13.013485 -0.000004 0.010936 -0.284123 -0.076426
    60 0.161133 -10.812500 0.023087 0.010936 -0.284123 -0.076426
  time 47
    0 0.000000 0.826660 0.000001 -1.559900 -0.000006 -0.000006
    1 -7.059201 7.545358 -8.025539 -1.019754 0.151476 0.909727
    2 0.000000 14.313023 0.000003 -2.153951 0.000000 0.000000
    3 -0.000011 13.013483 -0.000005 0.890996 0.984990 0.861552
    4 8.652996 -22.135220 3.978737 2.947657 0.312156 -0.581899
    5 0.000000 -14.313034 0.000000 -0.487806 0.000000 0.000000
    6 -0.000004 -13.013485 -0.000004 0.000000 0.000000 0.000000
    7 -1.330879 -2.698427 0.462449 -0.194886 -0.547260 3.056712
    8 1.330910 2.698444 -0.462436 0.194890 0.547268 -0.084879
    9 1.847720 2.591564 -3.212907 0.744765 0.600584 0.306510
    10 3.556210 4.238403 0.987502 -1.090396 0.577049 -0.321829
    11 4.139183 5.092691 1.421975 -1.090396 0.577049 -0.321829
    12 4.777527 6.028128 1.897721 -1.090396 0.577049 -0.321829
    13 5.490345 7.072691 2.428969 -1.090396 0.577049 -0.321829
    14 6.566406 8.648438 3.232422 -1.090396 0.577049 -0.321829
    15 7.558525 6.997282 -2.354134 -1.937336 -0.275393 3.010581
    16 7.558525 6.997282 -2.354134 1.937336 0.275393 -0.131011
    17 -2.867767 -2.740969 0.531125 2.051196 0.577049 -0.321829
    18 1.441181 1.794754 -4.173425 -2.391246 -0.593400 1.396996
    19 2.336649 6.803707 -0.711042 0.881081 -0.673274 -0.920178
    20 2.665709 6.372803 -0.276566 0.913351 -0.717348 -0.974536
    21 5.640065 1.913547 4.312593 0.887995 -0.752750 -0.936732
    22 6.946648 6.587124 1.429667 -1.090396 0.577049 -0.321829
    23 7.537933 7.453606 1.870349 -1.090396 0.577049 -0.321829
    24 8.154472 8.357077 2.329839 -1.090396 0.577049 -0.321829
    25 8.874294 9.411907 2.866308 -1.090396 0.577049 -0.321829
    26 -4.125858 -2.321501 1.394414 2.051196 0.577049 -0.321829
    27 -4.826813 -3.348669 0.872014 2.051196 0.577049 -0.321829
    28 -5.441669 -4.249685 0.413772 2.051196 0.577049 -0.321829
    29 -0.552532 -1.343527 1.604446 -0.415180 0.312114 -0.422073
    30 0.552589 1.343534 -1.604463 -0.390721 0.945163 -0.421443
    31 0.000000 -2.021618 -0.000004 0.186809 0.000000 0.000000
    32 -0.000021 2.021633 0.000027 0.380880 0.000000 0.000000
    33 -0.000004 -1.136217 -0.000004 -0.210111 0.000000 0.000000
    34 -0.000011 1.136200 -0.000019 -0.405212 0.000000 0.000000
    35 -0.032677 -4.587727 1.352317 2.844703 1.216154 2.484990
    36 0.032719 4.587772 -1.352291 2.486077 0.514290 1.864956
    37 0.000000 -1.754536 -0.000002 0.662896 0.000000 0.000000
    38 -0.000006 1.754520 -0.000034 0.914475 0.000000 0.000000
    39 0.000000 -1.227020 -0.000002 0.092660 0.000000 0.000000
    40 0.000002 1.227070 0.000032 0.973928 0.000000 0.000000
    41 -0.367996 -4.208406 0.173244 2.943027 1.091688 2.536231
    42 0.368011 4.208412 -0.173239 3.010836 0.603280 2.005657
    43 0.000000 -2.372318 -0.000004 0.722081 0.000000 0.000000
    44 -0.000006 2.372318 -0.000032 1.647724 0.000000 0.000000
    45 0.000004 -1.580070 -0.000001 0.034255 0.000000 0.000000
    46 -0.000002 1.580170 0.000030 0.052459 0.000000 0.000000
    47 -0.937645 -3.860697 -0.959317 3.044205 1.001841 2.581100
    48 0.937672 3.860714 0.959333 2.759555 0.608614 2.076979
    49 0.000000 -1.690632 0.000000 0.491549 0.000000 0.000000
    50 -0.000013 1.690666 0.000021 1.384730 0.000000 0.000000
    51 -0.000002 -1.423443 0.000002 0.234212 0.000000 0.000000
    52 0.000008 1.423420 0.000028 1.026248 0.000000 0.000000
    53 -1.546646 -3.404194 -1.915569 3.024293 0.944156 2.514436
    54 1.546661 3.404217 1.915585 3.440909 0.795739 2.202356
    55 0.000004 -1.437820 0.000000 0.424958 0.000000 0.000000
    56 -0.000021 1.437870 0.000031 0.331438 0.000000 0.000000
    57 -0.000002 -1.059402 0.000000 0.322075 0.000000 0.000000
    58 0.000006 1.059372 0.000008 -0.157120 0.000000 0.000000
    59 -0.000004 -13.013485 -0.000004 0.010936 -0.284123 -0.076426
    60 0.161133 -10.812500 0.023087 0.010936 -0.284123 -0.076426
  time 48
    0 0.000000 0.826660 0.000001 -1.559900 -0.000006 -0.000006
    1 -7.059201 7.545358 -8.025539 -1.019109 0.149855 0.909650
    2 0.000000 14.313023 0.000003 -2.154439 0.000000 0.000000
    3 -0.000011 13.013483 -0.000005 0.900551 0.990320 0.865387
    4 8.652996 -22.135220 3.978737 2.947657 0.312156 -0.581899
    5 0.000000 -14.313034 0.000000 -0.487806 0.000000 0.000000
    6 -0.000004 -13.013485 -0.000004 0.000000 0.000000 0.000000
    7 -1.330879 -2.698427 0.462449 -0.194886 -0.547260 3.056712
    8 1.330910 2.698444 -0.462436 0.194890 0.547268 -0.084879
    9 1.816809 2.640641 -3.263418 0.764785 0.599769 0.311714
    10 3.556210 4.238403 0.987502 -1.090396 0.577049 -0.321829
    11 4.139183 5.092691 1.421975 -1.090396 0.577049 -0.321829
    12 4.777527 6.028128 1.897721 -1.090396 0.577049 -0.321829
    13 5.490345 7.072691 2.428969 -1.090396 0.577049 -0.321829
    14 6.566406 8.648438 3.232422 -1.090396 0.577049 -0.321829
    15 7.558525 6.997282 -2.354134 -1.937336 -0.275393 3.010581
    16 7.558525 6.997282 -2.354134 1.937336 0.275393 -0.131011
    17 -2.867767 -2.740969 0.531125 2.051196 0.577049 -0.321829
    18 1.409930 1.845536 -4.220302 -2.382876 -0.608274 1.385970
    19 2.352275 6.788081 -0.687604 0.889048 -0.658019 -0.931203
    20 2.681334 6.357178 -0.257034 0.919578 -0.703396 -0.984122
    21 5.647878 1.823701 4.257904 0.976898 -0.598803 -1.078426
    22 6.946648 6.587124 1.429667 -1.090396 0.577049 -0.321829
    23 7.537933 7.453606 1.870349 -1.090396 0.577049 -0.321829
    24 8.154472 8.357077 2.329839 -1.090396 0.577049 -0.321829
    25 8.874294 9.411907 2.866308 -1.090396 0.577049 -0.321829
    26 -4.125858 -2.321501 1.394414 2.051196 0.577049 -0.321829
    27 -4.826813 -3.348669 0.872014 2.051196 0.577049 -0.321829
    28 -5.441669 -4.249685 0.413772 2.051196 0.577049 -0.321829
    29 -0.552532 -1.343527 1.604446 -0.415180 0.312114 -0.422073
    30 0.552589 1.343534 -1.604463 -0.378099 0.934537 -0.402901
    31 0.000000 -2.021618 -0.000004 0.186809 0.000000 0.000000
    32 -0.000021 2.021633 0.000027 0.380880 0.000000 0.000000
    33 -0.000004 -1.136217 -0.000004 -0.210111 0.000000 0.000000
    34 -0.000011 1.136200 -0.000019 -0.410185 0.000000 0.000000
    35 -0.032677 -4.587727 1.352317 2.844703 1.216154 2.484990
    36 0.032719 4.587772 -1.352291 2.483299 0.511283 1.863136
    37 0.000000 -1.754536 -0.000002 0.662896 0.000000 0.000000
    38 -0.000006 1.754520 -0.000034 0.913749 0.000000 0.000000
    39 0.000000 -1.227020 -0.000002 0.092660 0.000000 0.000000
    40 0.000002 1.227070 0.000032 0.973329 0.000000 0.000000
    41 -0.367996 -4.208406 0.173244 2.943027 1.091688 2.536231
    42 0.368011 4.208412 -0.173239 3.008142 0.600982 2.003025
    43 0.000000 -2.372318 -0.000004 0.722081 0.000000 0.000000
    44 -0.000006 2.372318 -0.000032 1.643162 0.000000 0.000000
    45 0.000004 -1.580070 -0.000001 0.034255 0.000000 0.000000
    46 -0.000002 1.580170 0.000030 0.037498 0.000000 0.000000
    47 -0.937645 -3.860697 -0.959317 3.044205 1.001841 2.581100
    48 0.937672 3.860714 0.959333 2.760762 0.609385 2.076664
    49 0.000000 -1.690632 0.000000 0.491549 0.000000 0.000000
    50 -0.000013 1.690666 0.000021 1.384129 0.000000 0.000000
    51 -0.000002 -1.423443 0.000002 0.234212 0.000000 0.000000
    52 0.000008 1.423420 0.000028 1.026248 0.000000 0.000000
    53 -1.546646 -3.404194 -1.915569 3.024293 0.944156 2.514436
    54 1.546661 3.404217 1.915585 3.438971 0.807379 2.196294
    55 0.000004 -1.437820 0.000000 0.424958 0.000000 0.000000
    56 -0.000021 1.437870 0.000031 0.339561 0.000000 0.000000
    57 -0.000002 -1.059402 0.000000 0.322075 0.000000 0.000000
    58 0.000006 1.059372 0.000008 -0.158482 0.000000 0.000000
    59 -0.000004 -13.013485 -0.000004 0.010936 -0.284123 -0.076426
    60 0.161133 -10.812500 0.023087 0.010936 -0.284123 -0.076426
  time 49
    0 0.000000 0.826660 0.000001 -1.559900 -0.000006 -0.000006
    1 -7.059201 7.545358 -8.025539 -1.018556 0.148138 0.909574
    2 0.000000 14.313023 0.000003 -2.154806 0.000000 0.000000
    3 -0.000011 13.013483 -0.000005 0.908864 0.994282 0.868550
    4 8.652996 -22.135220 3.978737 2.947657 0.312156 -0.581899
    5 0.000000 -14.313034 0.000000 -0.487806 0.000000 0.000000
    6 -0.000004 -13.013485 -0.000004 0.000000 0.000000 0.000000
    7 -1.330879 -2.698427 0.462449 -0.194886 -0.547260 3.056712
    8 1.330910 2.698444 -0.462436 0.194890 0.547268 -0.084879
    9 1.816809 2.640641 -3.313930 0.774651 0.599392 0.313890
    10 3.556210 4.238403 0.987502 -1.090396 0.577049 -0.321829
    11 4.139183 5.092691 1.421975 -1.090396 0.577049 -0.321829
    12 4.777527 6.028128 1.897721 -1.090396 0.577049 -0.321829
    13 5.490345 7.072691 2.428969 -1.090396 0.577049 -0.321829
    14 6.566406 8.648438 3.232422 -1.090396 0.577049 -0.321829
    15 7.558525 6.997282 -2.354134 -1.937336 -0.275393 3.010581
    16 7.558525 6.997282 -2.354134 1.937336 0.275393 -0.131011
    17 -2.867767 -2.740969 0.531125 2.051196 0.577049 -0.321829
    18 1.394305 1.872881 -4.247646 -2.378595 -0.615738 1.380122
    19 2.360088 6.784175 -0.671978 0.892841 -0.650391 -0.937051
    20 2.689147 6.345459 -0.253128 0.922261 -0.697001 -0.988819
    21 5.647878 1.772918 4.226653 1.032080 -0.444973 -1.189730
    22 6.946648 6.587124 1.429667 -1.090396 0.577049 -0.321829
    23 7.537933 7.453606 1.870349 -1.090396 0.577049 -0.321829
    24 8.154472 8.357077 2.329839 -1.090396 0.577049 -0.321829
    25 8.874294 9.411907 2.866308 -1.090396 0.577049 -0.321829
    26 -4.125858 -2.321501 1.394414 2.051196 0.577049 -0.321829
    27 -4.826813 -3.348669 0.872014 2.051196 0.577049 -0.321829
    28 -5.441669 -4.249685 0.413772 2.051196 0.577049 -0.321829
    29 -0.552532 -1.343527 1.604446 -0.415180 0.312114 -0.422073
    30 0.552589 1.343534 -1.604463 -0.365373 0.921968 -0.384468
    31 0.000000 -2.021618 -0.000004 0.186809 0.000000 0.000000
    32 -0.000021 2.021633 0.000027 0.380880 0.000000 0.000000
    33 -0.000004 -1.136217 -0.000004 -0.210111 0.000000 0.000000
    34 -0.000011 1.136200 -0.000019 -0.413949 0.000000 0.000000
    35 -0.032677 -4.587727 1.352317 2.844703 1.216154 2.484990
    36 0.032719 4.587772 -1.352291 2.481215 0.509019 1.861846
    37 0.000000 -1.754536 -0.000002 0.662896 0.000000 0.000000
    38 -0.000006 1.754520 -0.000034 0.913205 0.000000 0.000000
    39 0.000000 -1.227020 -0.000002 0.092660 0.000000 0.000000
    40 0.000002 1.227070 0.000032 0.972730 0.000000 0.000000
    41 -0.367996 -4.208406 0.173244 2.943027 1.091688 2.536231
    42 0.368011 4.208412 -0.173239 3.006346 0.599482 2.001167
    43 0.000000 -2.372318 -0.000004 0.722081 0.000000 0.000000
    44 -0.000006 2.372318 -0.000032 1.639696 0.000000 0.000000
    45 0.000004 -1.580070 -0.000001 0.034255 0.000000 0.000000
    46 -0.000002 1.580170 0.000030 0.026461 0.000000 0.000000
    47 -0.937645 -3.860697 -0.959317 3.044205 1.001841 2.581100
    48 0.937672 3.860714 0.959333 2.761784 0.610248 2.076427
    49 0.000000 -1.690632 0.000000 0.491549 0.000000 0.000000
    50 -0.000013 1.690666 0.000021 1.383729 0.000000 0.000000
    51 -0.000002 -1.423443 0.000002 0.234212 0.000000 0.000000
    52 0.000008 1.423420 0.000028 1.026248 0.000000 0.000000
    53 -1.546646 -3.404194 -1.915569 3.024293 0.944156 2.514436
    54 1.546661 3.404217 1.915585 3.433802 0.816340 2.190232
    55 0.000004 -1.437820 0.000000 0.424958 0.000000 0.000000
    56 -0.000021 1.437870 0.000031 0.339561 0.000000 0.000000
    57 -0.000002 -1.059402 0.000000 0.322075 0.000000 0.000000
    58 0.000006 1.059372 0.000008 -0.158482 0.000000 0.000000
    59 -0.000004 -13.013485 -0.000004 0.010936 -0.284123 -0.076426
    60 0.161133 -10.812500 0.023087 0.010936 -0.284123 -0.076426
  time 50
    0 0.000000 0.826660 0.000001 -1.559900 -0.000006 -0.000006
    1 -7.059201 7.545358 -8.025539 -1.018280 0.146516 0.909498
    2 0.000000 14.313023 0.000003 -2.155234 0.000000 0.000000
    3 -0.000011 13.013483 -0.000005 0.915839 0.997112 0.870754
    4 8.652996 -22.135220 3.978737 2.947657 0.312156 -0.581899
    5 0.000000 -14.313034 0.000000 -0.487806 0.000000 0.000000
    6 -0.000004 -13.013485 -0.000004 0.000000 0.000000 0.000000
    7 -1.330879 -2.698427 0.462449 -0.194886 -0.547260 3.056712
    8 1.330910 2.698444 -0.462436 0.194890 0.547268 -0.084879
    9 1.816809 2.640641 -3.313930 0.776949 0.599204 0.313985
    10 3.556210 4.238403 0.987502 -1.090396 0.577049 -0.321829
    11 4.139183 5.092691 1.421975 -1.090396 0.577049 -0.321829
    12 4.777527 6.028128 1.897721 -1.090396 0.577049 -0.321829
    13 5.490345 7.072691 2.428969 -1.090396 0.577049 -0.321829
    14 6.566406 8.648438 3.232422 -1.090396 0.577049 -0.321829
    15 7.558525 6.997282 -2.354134 -1.937336 -0.275393 3.010581
    16 7.558525 6.997282 -2.354134 1.937336 0.275393 -0.131011
    17 -2.867767 -2.740969 0.531125 2.051196 0.577049 -0.321829
    18 1.390398 1.880694 -4.251553 -2.377549 -0.617427 1.378396
    19 2.363994 6.784175 -0.671978 0.893790 -0.648683 -0.938585
    20 2.689147 6.349365 -0.249221 0.922740 -0.696050 -0.989682
    21 5.647878 1.769012 4.230559 1.059383 -0.328523 -1.262590
    22 6.946648 6.587124 1.429667 -1.090396 0.577049 -0.321829
    23 7.537933 7.453606 1.870349 -1.090396 0.577049 -0.321829
    24 8.154472 8.357077 2.329839 -1.090396 0.577049 -0.321829
    25 8.874294 9.411907 2.866308 -1.090396 0.577049 -0.321829
    26 -4.125858 -2.321501 1.394414 2.051196 0.577049 -0.321829
    27 -4.826813 -3.348669 0.872014 2.051196 0.577049 -0.321829
    28 -5.441669 -4.249685 0.413772 2.051196 0.577049 -0.321829
    29 -0.552532 -1.343527 1.604446 -0.415180 0.312114 -0.422073
    30 0.552589 1.343534 -1.604463 -0.353300 0.908487 -0.367122
    31 0.000000 -2.021618 -0.000004 0.186809 0.000000 0.000000
    32 -0.000021 2.021633 0.000027 0.380880 0.000000 0.000000
    33 -0.000004 -1.136217 -0.000004 -0.210111 0.000000 0.000000
    34 -0.000011 1.136200 -0.000019 -0.416645 0.000000 0.000000
    35 -0.032677 -4.587727 1.352317 2.844703 1.216154 2.484990
    36 0.032719 4.587772 -1.352291 2.479739 0.507386 1.860860
    37 0.000000 -1.754536 -0.000002 0.662896 0.000000 0.000000
    38 -0.000006 1.754520 -0.000034 0.912842 0.000000 0.000000
    39 0.000000 -1.227020 -0.000002 0.092660 0.000000 0.000000
    40 0.000002 1.227070 0.000032 0.972397 0.000000 0.000000
    41 -0.367996 -4.208406 0.173244 2.943027 1.091688 2.536231
    42 0.368011 4.208412 -0.173239 3.005268 0.598583 1.999929
    43 0.000000 -2.372318 -0.000004 0.722081 0.000000 0.000000
    44 -0.000006 2.372318 -0.000032 1.637239 0.000000 0.000000
    45 0.000004 -1.580070 -0.000001 0.034255 0.000000 0.000000
    46 -0.000002 1.580170 0.000030 0.018440 0.000000 0.000000
    47 -0.937645 -3.860697 -0.959317 3.044205 1.001841 2.581100
    48 0.937672 3.860714 0.959333 2.762713 0.611112 2.076191
    49 0.000000 -1.690632 0.000000 0.491549 0.000000 0.000000
    50 -0.000013 1.690666 0.000021 1.383428 0.000000 0.000000
    51 -0.000002 -1.423443 0.000002 0.234212 0.000000 0.000000
    52 0.000008 1.423420 0.000028 1.026248 0.000000 0.000000
    53 -1.546646 -3.404194 -1.915569 3.024293 0.944156 2.514436
    54 1.546661 3.404217 1.915585 3.426880 0.823428 2.183556
    55 0.000004 -1.437820 0.000000 0.424958 0.000000 0.000000
    56 -0.000021 1.437870 0.000031 0.339561 0.000000 0.000000
    57 -0.000002 -1.059402 0.000000 0.322075 0.000000 0.000000
    58 0.000006 1.059372 0.000008 -0.158482 0.000000 0.000000
    59 -0.000004 -13.013485 -0.000004 0.010936 -0.284123 -0.076426
    60 0.161133 -10.812500 0.023087 0.010936 -0.284123 -0.076426
  time 51
    0 0.000000 0.826660 0.000001 -1.559900 -0.000006 -0.000006
    1 -7.059201 7.545358 -8.025539 -1.017911 0.144943 0.909421
    2 0.000000 14.313023 0.000003 -2.155539 0.000000 0.000000
    3 -0.000011 13.013483 -0.000005 0.921477 0.998998 0.872384
    4 8.652996 -22.135220 3.978737 2.947657 0.312156 -0.581899
    5 0.000000 -14.313034 0.000000 -0.487806 0.000000 0.000000
    6 -0.000004 -13.013485 -0.000004 0.000000 0.000000 0.000000
    7 -1.330879 -2.698427 0.462449 -0.194886 -0.547260 3.056712
    8 1.330910 2.698444 -0.462436 0.194890 0.547268 -0.084879
    9 1.816809 2.640641 -3.313930 0.774267 0.599455 0.313417
    10 3.556210 4.238403 0.987502 -1.090396 0.577049 -0.321829
    11 4.139183 5.092691 1.421975 -1.090396 0.577049 -0.321829
    12 4.777527 6.028128 1.897721 -1.090396 0.577049 -0.321829
    13 5.490345 7.072691 2.428969 -1.090396 0.577049 -0.321829
    14 6.566406 8.648438 3.232422 -1.090396 0.577049 -0.321829
    15 7.558525 6.997282 -2.354134 -1.937336 -0.275393 3.010581
    16 7.558525 6.997282 -2.354134 1.937336 0.275393 -0.131011
    17 -2.867767 -2.740969 0.531125 2.051196 0.577049 -0.321829
    18 1.394305 1.872881 -4.243740 -2.378595 -0.615357 1.379930
    19 2.360088 6.788081 -0.679791 0.892652 -0.650696 -0.937051
    20 2.689147 6.349365 -0.249221 0.921302 -0.698851 -0.987764
    21 5.647878 1.784637 4.242278 1.067334 -0.284621 -1.288666
    22 6.946648 6.587124 1.429667 -1.090396 0.577049 -0.321829
    23 7.537933 7.453606 1.870349 -1.090396 0.577049 -0.321829
    24 8.154472 8.357077 2.329839 -1.090396 0.577049 -0.321829
    25 8.874294 9.411907 2.866308 -1.090396 0.577049 -0.321829
    26 -4.125858 -2.321501 1.394414 2.051196 0.577049 -0.321829
    27 -4.826813 -3.348669 0.872014 2.051196 0.577049 -0.321829
    28 -5.441669 -4.249685 0.413772 2.051196 0.577049 -0.321829
    29 -0.552532 -1.343527 1.604446 -0.415180 0.312114 -0.422073
    30 0.552589 1.343534 -1.604463 -0.342508 0.895165 -0.351581
    31 0.000000 -2.021618 -0.000004 0.186809 0.000000 0.000000
    32 -0.000021 2.021633 0.000027 0.380880 0.000000 0.000000
    33 -0.000004 -1.136217 -0.000004 -0.210111 0.000000 0.000000
    34 -0.000011 1.136200 -0.000019 -0.418457 0.000000 0.000000
    35 -0.032677 -4.587727 1.352317 2.844703 1.216154 2.484990
    36 0.032719 4.587772 -1.352291 2.478784 0.506310 1.860254
    37 0.000000 -1.754536 -0.000002 0.662896 0.000000 0.000000
    38 -0.000006 1.754520 -0.000034 0.912570 0.000000 0.000000
    39 0.000000 -1.227020 -0.000002 0.092660 0.000000 0.000000
    40 0.000002 1.227070 0.000032 0.972131 0.000000 0.000000
    41 -0.367996 -4.208406 0.173244 2.943027 1.091688 2.536231
    42 0.368011 4.208412 -0.173239 3.004549 0.598083 1.999232
    43 0.000000 -2.372318 -0.000004 0.722081 0.000000 0.000000
    44 -0.000006 2.372318 -0.000032 1.635572 0.000000 0.000000
    45 0.000004 -1.580070 -0.000001 0.034255 0.000000 0.000000
    46 -0.000002 1.580170 0.000030 0.013036 0.000000 0.000000
    47 -0.937645 -3.860697 -0.959317 3.044205 1.001841 2.581100
    48 0.937672 3.860714 0.959333 2.763364 0.612007 2.076033
    49 0.000000 -1.690632 0.000000 0.491549 0.000000 0.000000
    50 -0.000013 1.690666 0.000021 1.383178 0.000000 0.000000
    51 -0.000002 -1.423443 0.000002 0.234212 0.000000 0.000000
    52 0.000008 1.423420 0.000028 1.026248 0.000000 0.000000
    53 -1.546646 -3.404194 -1.915569 3.024293 0.944156 2.514436
    54 1.546661 3.404217 1.915585 3.419220 0.828759 2.177034
    55 0.000004 -1.437820 0.000000 0.424958 0.000000 0.000000
    56 -0.000021 1.437870 0.000031 0.339561 0.000000 0.000000
    57 -0.000002 -1.059402 0.000000 0.322075 0.000000 0.000000
    58 0.000006 1.059372 0.000008 -0.158482 0.000000 0.000000
    59 -0.000004 -13.013485 -0.000004 0.010936 -0.284123 -0.076426
    60 0.161133 -10.812500 0.023087 0.010936 -0.284123 -0.076426
  time 52
    0 0.000000 0.826660 0.000001 -1.559900 -0.000006 -0.000006
    1 -7.059201 7.545358 -8.025539 -1.017819 0.143464 0.909345
    2 0.000000 14.313023 0.000003 -2.155784 0.000000 0.000000
    3 -0.000011 13.013483 -0.000005 0.925681 1.000036 0.873247
    4 8.652996 -22.135220 3.978737 2.947657 0.312156 -0.581899
    5 0.000000 -14.313034 0.000000 -0.487806 0.000000 0.000000
    6 -0.000004 -13.013485 -0.000004 0.000000 0.000000 0.000000
    7 -1.330879 -2.698427 0.462449 -0.194886 -0.547260 3.056712
    8 1.330910 2.698444 -0.462436 0.194890 0.547268 -0.084879
    9 1.816809 2.640641 -3.313930 0.769095 0.599957 0.312660
    10 3.556210 4.238403 0.987502 -1.090396 0.577049 -0.321829
    11 4.139183 5.092691 1.421975 -1.090396 0.577049 -0.321829
    12 4.777527 6.028128 1.897721 -1.090396 0.577049 -0.321829
    13 5.490345 7.072691 2.428969 -1.090396 0.577049 -0.321829
    14 6.566406 8.648438 3.232422 -1.090396 0.577049 -0.321829
    15 7.558525 6.997282 -2.354134 -1.937336 -0.275393 3.010581
    16 7.558525 6.997282 -2.354134 1.937336 0.275393 -0.131011
    17 -2.867767 -2.740969 0.531125 2.051196 0.577049 -0.321829
    18 1.402117 1.857256 -4.232021 -2.380593 -0.611325 1.383286
    19 2.356181 6.788081 -0.683697 0.890376 -0.654663 -0.933408
    20 2.685241 6.353271 -0.260940 0.919003 -0.703184 -0.984026
    21 5.651784 1.815888 4.257904 1.063886 -0.307853 -1.275532
    22 6.946648 6.587124 1.429667 -1.090396 0.577049 -0.321829
    23 7.537933 7.453606 1.870349 -1.090396 0.577049 -0.321829
    24 8.154472 8.357077 2.329839 -1.090396 0.577049 -0.321829
    25 8.874294 9.411907 2.866308 -1.090396 0.577049 -0.321829
    26 -4.125858 -2.321501 1.394414 2.051196 0.577049 -0.321829
    27 -4.826813 -3.348669 0.872014 2.051196 0.577049 -0.321829
    28 -5.441669 -4.249685 0.413772 2.051196 0.577049 -0.321829
    29 -0.552532 -1.343527 1.604446 -0.415180 0.312114 -0.422073
    30 0.552589 1.343534 -1.604463 -0.333388 0.882913 -0.338473
    31 0.000000 -2.021618 -0.000004 0.186809 0.000000 0.000000
    32 -0.000021 2.021633 0.000027 0.380880 0.000000 0.000000
    33 -0.000004 -1.136217 -0.000004 -0.210111 0.000000 0.000000
    34 -0.000011 1.136200 -0.000019 -0.419619 0.000000 0.000000
    35 -0.032677 -4.587727 1.352317 2.844703 1.216154 2.484990
    36 0.032719 4.587772 -1.352291 2.478177 0.505679 1.859799
    37 0.000000 -1.754536 -0.000002 0.662896 0.000000 0.000000
    38 -0.000006 1.754520 -0.000034 0.912479 0.000000 0.000000
    39 0.000000 -1.227020 -0.000002 0.092660 0.000000 0.000000
    40 0.000002 1.227070 0.000032 0.971997 0.000000 0.000000
    41 -0.367996 -4.208406 0.173244 2.943027 1.091688 2.536231
    42 0.368011 4.208412 -0.173239 3.004190 0.597750 1.998768
    43 0.000000 -2.372318 -0.000004 0.722081 0.000000 0.000000
    44 -0.000006 2.372318 -0.000032 1.634563 0.000000 0.000000
    45 0.000004 -1.580070 -0.000001 0.034255 0.000000 0.000000
    46 -0.000002 1.580170 0.000030 0.009793 0.000000 0.000000
    47 -0.937645 -3.860697 -0.959317 3.044205 1.001841 2.581100
    48 0.937672 3.860714 0.959333 2.763921 0.612778 2.075797
    49 0.000000 -1.690632 0.000000 0.491549 0.000000 0.000000
    50 -0.000013 1.690666 0.000021 1.383028 0.000000 0.000000
    51 -0.000002 -1.423443 0.000002 0.234212 0.000000 0.000000
    52 0.000008 1.423420 0.000028 1.026248 0.000000 0.000000
    53 -1.546646 -3.404194 -1.915569 3.024293 0.944156 2.514436
    54 1.546661 3.404217 1.915585 3.411652 0.832447 2.171432
    55 0.000004 -1.437820 0.000000 0.424958 0.000000 0.000000
    56 -0.000021 1.437870 0.000031 0.339561 0.000000 0.000000
    57 -0.000002 -1.059402 0.000000 0.322075 0.000000 0.000000
    58 0.000006 1.059372 0.000008 -0.158482 0.000000 0.000000
    59 -0.000004 -13.013485 -0.000004 0.010936 -0.284123 -0.076426
    60 0.161133 -10.812500 0.023087 0.010936 -0.284123 -0.076426
  time 53
    0 0.000000 0.826660 0.000001 -1.559900 -0.000006 -0.000006
    1 -7.059201 7.545358 -8.025539 -1.017819 0.142272 0.909269
    2 0.000000 14.313023 0.000003 -2.155967 0.000000 0.000000
    3 -0.000011 13.013483 -0.000005 0.928547 1.000555 0.873726
    4 8.652996 -22.135220 3.978737 2.947657 0.312156 -0.581899
    5 0.000000 -14.313034 0.000000 -0.487806 0.000000 0.000000
    6 -0.000004 -13.013485 -0.000004 0.000000 0.000000 0.000000
    7 -1.330879 -2.698427 0.462449 -0.194886 -0.547260 3.056712
    8 1.330910 2.698444 -0.462436 0.194890 0.547268 -0.084879
    9 1.816809 2.640641 -3.263418 0.763923 0.600459 0.312281
    10 3.556210 4.238403 0.987502 -1.090396 0.577049 -0.321829
    11 4.139183 5.092691 1.421975 -1.090396 0.577049 -0.321829
    12 4.777527 6.028128 1.897721 -1.090396 0.577049 -0.321829
    13 5.490345 7.072691 2.428969 -1.090396 0.577049 -0.321829
    14 6.566406 8.648438 3.232422 -1.090396 0.577049 -0.321829
    15 7.558525 6.997282 -2.354134 -1.937336 -0.275393 3.010581
    16 7.558525 6.997282 -2.354134 1.937336 0.275393 -0.131011
    17 -2.867767 -2.740969 0.531125 2.051196 0.577049 -0.321829
    18 1.413836 1.841630 -4.216395 -2.382495 -0.607457 1.386929
    19 2.352275 6.795894 -0.687604 0.888005 -0.658385 -0.929477
    20 2.681334 6.361084 -0.264847 0.916895 -0.707307 -0.979904
    21 5.655691 1.851045 4.277435 1.054689 -0.356995 -1.246101
    22 6.946648 6.587124 1.429667 -1.090396 0.577049 -0.321829
    23 7.537933 7.453606 1.870349 -1.090396 0.577049 -0.321829
    24 8.154472 8.357077 2.329839 -1.090396 0.577049 -0.321829
    25 8.874294 9.411907 2.866308 -1.090396 0.577049 -0.321829
    26 -4.125858 -2.321501 1.394414 2.051196 0.577049 -0.321829
    27 -4.826813 -3.348669 0.872014 2.051196 0.577049 -0.321829
    28 -5.441669 -4.249685 0.413772 2.051196 0.577049 -0.321829
    29 -0.552532 -1.343527 1.604446 -0.415180 0.312114 -0.422073
    30 0.552589 1.343534 -1.604463 -0.326437 0.872921 -0.328474
    31 0.000000 -2.021618 -0.000004 0.186809 0.000000 0.000000
    32 -0.000021 2.021633 0.000027 0.380880 0.000000 0.000000
    33 -0.000004 -1.136217 -0.000004 -0.210111 0.000000 0.000000
    34 -0.000011 1.136200 -0.000019 -0.420177 0.000000 0.000000
    35 -0.032677 -4.587727 1.352317 2.844703 1.216154 2.484990
    36 0.032719 4.587772 -1.352291 2.477916 0.505308 1.859647
    37 0.000000 -1.754536 -0.000002 0.662896 0.000000 0.000000
    38 -0.000006 1.754520 -0.000034 0.912388 0.000000 0.000000
    39 0.000000 -1.227020 -0.000002 0.092660 0.000000 0.000000
    40 0.000002 1.227070 0.000032 0.971864 0.000000 0.000000
    41 -0.367996 -4.208406 0.173244 2.943027 1.091688 2.536231
    42 0.368011 4.208412 -0.173239 3.003831 0.597417 1.998458
    43 0.000000 -2.372318 -0.000004 0.722081 0.000000 0.000000
    44 -0.000006 2.372318 -0.000032 1.633993 0.000000 0.000000
    45 0.000004 -1.580070 -0.000001 0.034255 0.000000 0.000000
    46 -0.000002 1.580170 0.000030 0.008143 0.000000 0.000000
    47 -0.937645 -3.860697 -0.959317 3.044205 1.001841 2.581100
    48 0.937672 3.860714 0.959333 2.764385 0.613394 2.075640
    49 0.000000 -1.690632 0.000000 0.491549 0.000000 0.000000
    50 -0.000013 1.690666 0.000021 1.382978 0.000000 0.000000
    51 -0.000002 -1.423443 0.000002 0.234212 0.000000 0.000000
    52 0.000008 1.423420 0.000028 1.026248 0.000000 0.000000
    53 -1.546646 -3.404194 -1.915569 3.024293 0.944156 2.514436
    54 1.546661 3.404217 1.915585 3.405468 0.834579 2.167519
    55 0.000004 -1.437820 0.000000 0.424958 0.000000 0.000000
    56 -0.000021 1.437870 0.000031 0.339561 0.000000 0.000000
    57 -0.000002 -1.059402 0.000000 0.322075 0.000000 0.000000
    58 0.000006 1.059372 0.000008 -0.158482 0.000000 0.000000
    59 -0.000004 -13.013485 -0.000004 0.010936 -0.284123 -0.076426
    60 0.161133 -10.812500 0.023087 0.010936 -0.284123 -0.076426
  time 54
    0 0.000000 0.826660 0.000001 -1.559900 -0.000006 -0.000006
    1 -7.059201 7.545358 -8.025539 -1.017819 0.141271 0.909192
    2 0.000000 14.313023 0.000003 -2.156089 0.000000 0.000000
    3 -0.000011 13.013483 -0.000005 0.930076 1.000555 0.873726
    4 8.652996 -22.135220 3.978737 2.947657 0.312156 -0.581899
    5 0.000000 -14.313034 0.000000 -0.487806 0.000000 0.000000
    6 -0.000004 -13.013485 -0.000004 0.000000 0.000000 0.000000
    7 -1.330879 -2.698427 0.462449 -0.194886 -0.547260 3.056712
    8 1.330910 2.698444 -0.462436 0.194890 0.547268 -0.084879
    9 1.816809 2.640641 -3.263418 0.760187 0.600835 0.311998
    10 3.556210 4.238403 0.987502 -1.090396 0.577049 -0.321829
    11 4.139183 5.092691 1.421975 -1.090396 0.577049 -0.321829
    12 4.777527 6.028128 1.897721 -1.090396 0.577049 -0.321829
    13 5.490345 7.072691 2.428969 -1.090396 0.577049 -0.321829
    14 6.566406 8.648438 3.232422 -1.090396 0.577049 -0.321829
    15 7.558525 6.997282 -2.354134 -1.937336 -0.275393 3.010581
    16 7.558525 6.997282 -2.354134 1.937336 0.275393 -0.131011
    17 -2.867767 -2.740969 0.531125 2.051196 0.577049 -0.321829
    18 1.421649 1.833817 -4.212489 -2.383922 -0.604514 1.389613
    19 2.348368 6.795894 -0.691510 0.886298 -0.661314 -0.926505
    20 2.677428 6.361084 -0.264847 0.915171 -0.710213 -0.976836
    21 5.659597 1.870577 4.285248 1.040223 -0.419179 -1.207370
    22 6.946648 6.587124 1.429667 -1.090396 0.577049 -0.321829
    23 7.537933 7.453606 1.870349 -1.090396 0.577049 -0.321829
    24 8.154472 8.357077 2.329839 -1.090396 0.577049 -0.321829
    25 8.874294 9.411907 2.866308 -1.090396 0.577049 -0.321829
    26 -4.125858 -2.321501 1.394414 2.051196 0.577049 -0.321829
    27 -4.826813 -3.348669 0.872014 2.051196 0.577049 -0.321829
    28 -5.441669 -4.249685 0.413772 2.051196 0.577049 -0.321829
    29 -0.552532 -1.343527 1.604446 -0.415180 0.312114 -0.422073
    30 0.552589 1.343534 -1.604463 -0.321968 0.866141 -0.322040
    31 0.000000 -2.021618 -0.000004 0.186809 0.000000 0.000000
    32 -0.000021 2.021633 0.000027 0.380880 0.000000 0.000000
    33 -0.000004 -1.136217 -0.000004 -0.210111 0.000000 0.000000
    34 -0.000011 1.136200 -0.000019 -0.420456 0.000000 0.000000
    35 -0.032677 -4.587727 1.352317 2.844703 1.216154 2.484990
    36 0.032719 4.587772 -1.352291 2.477743 0.505197 1.859571
    37 0.000000 -1.754536 -0.000002 0.662896 0.000000 0.000000
    38 -0.000006 1.754520 -0.000034 0.912388 0.000000 0.000000
    39 0.000000 -1.227020 -0.000002 0.092660 0.000000 0.000000
    40 0.000002 1.227070 0.000032 0.971931 0.000000 0.000000
    41 -0.367996 -4.208406 0.173244 2.943027 1.091688 2.536231
    42 0.368011 4.208412 -0.173239 3.003202 0.596851 1.997994
    43 0.000000 -2.372318 -0.000004 0.722081 0.000000 0.000000
    44 -0.000006 2.372318 -0.000032 1.633861 0.000000 0.000000
    45 0.000004 -1.580070 -0.000001 0.034255 0.000000 0.000000
    46 -0.000002 1.580170 0.000030 0.007461 0.000000 0.000000
    47 -0.937645 -3.860697 -0.959317 3.044205 1.001841 2.581100
    48 0.937672 3.860714 0.959333 2.764664 0.613795 2.075561
    49 0.000000 -1.690632 0.000000 0.491549 0.000000 0.000000
    50 -0.000013 1.690666 0.000021 1.382978 0.000000 0.000000
    51 -0.000002 -1.423443 0.000002 0.234212 0.000000 0.000000
    52 0.000008 1.423420 0.000028 1.026248 0.000000 0.000000
    53 -1.546646 -3.404194 -1.915569 3.024293 0.944156 2.514436
    54 1.546661 3.404217 1.915585 3.401499 0.835270 2.166061
    55 0.000004 -1.437820 0.000000 0.424958 0.000000 0.000000
    56 -0.000021 1.437870 0.000031 0.339561 0.000000 0.000000
    57 -0.000002 -1.059402 0.000000 0.322075 0.000000 0.000000
    58 0.000006 1.059372 0.000008 -0.158482 0.000000 0.000000
    59 -0.000004 -13.013485 -0.000004 0.010936 -0.284123 -0.076426
    60 0.161133 -10.812500 0.023087 0.010936 -0.284123 -0.076426
  time 55
    0 0.000000 0.826660 0.000001 -1.559900 -0.000006 -0.000006
    1 -7.059201 7.545358 -8.025539 -1.017819 0.140651 0.909192
    2 0.000000 14.313023 0.000003 -2.156150 0.000000 0.000000
    3 -0.000011 13.013483 -0.000005 0.930267 1.000319 0.873343
    4 8.652996 -22.135220 3.978737 2.947657 0.312156 -0.581899
    5 0.000000 -14.313034 0.000000 -0.487806 0.000000 0.000000
    6 -0.000004 -13.013485 -0.000004 0.000000 0.000000 0.000000
    7 -1.330879 -2.698427 0.462449 -0.194886 -0.547260 3.056712
    8 1.330910 2.698444 -0.462436 0.194890 0.547268 -0.084879
    9 1.816809 2.640641 -3.263418 0.758175 0.601024 0.311903
    10 3.556210 4.238403 0.987502 -1.090396 0.577049 -0.321829
    11 4.139183 5.092691 1.421975 -1.090396 0.577049 -0.321829
    12 4.777527 6.028128 1.897721 -1.090396 0.577049 -0.321829
    13 5.490345 7.072691 2.428969 -1.090396 0.577049 -0.321829
    14 6.566406 8.648438 3.232422 -1.090396 0.577049 -0.321829
    15 7.558525 6.997282 -2.354134 -1.937336 -0.275393 3.010581
    16 7.558525 6.997282 -2.354134 1.937336 0.275393 -0.131011
    17 -2.867767 -2.740969 0.531125 2.051196 0.577049 -0.321829
    18 1.425555 1.826005 -4.204676 -2.384683 -0.602989 1.390956
    19 2.348368 6.795894 -0.695416 0.885254 -0.662718 -0.924971
    20 2.677428 6.368897 -0.264847 0.914309 -0.711799 -0.975399
    21 5.659597 1.886203 4.296967 1.021541 -0.483401 -1.164420
    22 6.946648 6.587124 1.429667 -1.090396 0.577049 -0.321829
    23 7.537933 7.453606 1.870349 -1.090396 0.577049 -0.321829
    24 8.154472 8.357077 2.329839 -1.090396 0.577049 -0.321829
    25 8.874294 9.411907 2.866308 -1.090396 0.577049 -0.321829
    26 -4.125858 -2.321501 1.394414 2.051196 0.577049 -0.321829
    27 -4.826813 -3.348669 0.872014 2.051196 0.577049 -0.321829
    28 -5.441669 -4.249685 0.413772 2.051196 0.577049 -0.321829
    29 -0.552532 -1.343527 1.604446 -0.415180 0.312114 -0.422073
    30 0.552589 1.343534 -1.604463 -0.320348 0.863683 -0.319780
    31 0.000000 -2.021618 -0.000004 0.186809 0.000000 0.000000
    32 -0.000021 2.021633 0.000027 0.380880 0.000000 0.000000
    33 -0.000004 -1.136217 -0.000004 -0.210111 0.000000 0.000000
    34 -0.000011 1.136200 -0.000019 -0.420456 0.000000 0.000000
    35 -0.032677 -4.587727 1.352317 2.844703 1.216154 2.484990
    36 0.032719 4.587772 -1.352291 2.477743 0.505197 1.859571
    37 0.000000 -1.754536 -0.000002 0.662896 0.000000 0.000000
    38 -0.000006 1.754520 -0.000034 0.912388 0.000000 0.000000
    39 0.000000 -1.227020 -0.000002 0.092660 0.000000 0.000000
    40 0.000002 1.227070 0.000032 0.971931 0.000000 0.000000
    41 -0.367996 -4.208406 0.173244 2.943027 1.091688 2.536231
    42 0.368011 4.208412 -0.173239 3.002304 0.595884 1.997297
    43 0.000000 -2.372318 -0.000004 0.722081 0.000000 0.000000
    44 -0.000006 2.372318 -0.000032 1.633773 0.000000 0.000000
    45 0.000004 -1.580070 -0.000001 0.034255 0.000000 0.000000
    46 -0.000002 1.580170 0.000030 0.007518 0.000000 0.000000
    47 -0.937645 -3.860697 -0.959317 3.044205 1.001841 2.581100
    48 0.937672 3.860714 0.959333 2.764757 0.613950 2.075482
    49 0.000000 -1.690632 0.000000 0.491549 0.000000 0.000000
    50 -0.000013 1.690666 0.000021 1.382978 0.000000 0.000000
    51 -0.000002 -1.423443 0.000002 0.234212 0.000000 0.000000
    52 0.000008 1.423420 0.000028 1.026248 0.000000 0.000000
    53 -1.546646 -3.404194 -1.915569 3.024293 0.944156 2.514436
    54 1.546661 3.404217 1.915585 3.398361 0.835270 2.166061
    55 0.000004 -1.437820 0.000000 0.424958 0.000000 0.000000
    56 -0.000021 1.437870 0.000031 0.337477 0.000000 0.000000
    57 -0.000002 -1.059402 0.000000 0.322075 0.000000 0.000000
    58 0.000006 1.059372 0.000008 -0.160437 0.000000 0.000000
    59 -0.000004 -13.013485 -0.000004 0.010936 -0.284123 -0.076426
    60 0.161133 -10.812500 0.023087 0.010936 -0.284123 -0.076426
  time 56
    0 0.000000 0.826660 0.000001 -1.559900 -0.000006 -0.000006
    1 -7.059201 7.545358 -8.025539 -1.016252 0.145610 0.920497
    2 0.000000 14.313023 0.000003 -2.156150 0.000000 0.000000
    3 -0.000011 13.013483 -0.000005 0.949281 0.991404 0.925105
    4 8.652996 -22.135220 3.978737 2.947657 0.312156 -0.581899
    5 0.000000 -14.313034 0.000000 -0.487806 0.000000 0.000000
    6 -0.000004 -13.013485 -0.000004 0.000000 0.000000 0.000000
    7 -1.330879 -2.698427 0.462449 -0.194886 -0.547260 3.056712
    8 1.330910 2.698444 -0.462436 0.194890 0.547268 -0.084879
    9 1.816809 2.640641 -3.263418 0.758559 0.601024 0.311903
    10 3.556210 4.238403 0.987502 -1.090396 0.577049 -0.321829
    11 4.139183 5.092691 1.421975 -1.090396 0.577049 -0.321829
    12 4.777527 6.028128 1.897721 -1.090396 0.577049 -0.321829
    13 5.490345 7.072691 2.428969 -1.090396 0.577049 -0.321829
    14 6.566406 8.648438 3.232422 -1.090396 0.577049 -0.321829
    15 7.558525 6.997282 -2.354134 -1.937336 -0.275393 3.010581
    16 7.558525 6.997282 -2.354134 1.937336 0.275393 -0.131011
    17 -2.867767 -2.740969 0.531125 2.051196 0.577049 -0.321829
    18 1.425555 1.829911 -4.204676 -2.384493 -0.603316 1.390668
    19 2.348368 6.795894 -0.699323 0.885539 -0.662351 -0.925451
    20 2.677428 6.364990 -0.264847 0.914500 -0.711429 -0.975590
    21 5.659597 1.882296 4.293061 1.002669 -0.537667 -1.125593
    22 6.946648 6.587124 1.429667 -1.090396 0.577049 -0.321829
    23 7.537933 7.453606 1.870349 -1.090396 0.577049 -0.321829
    24 8.154472 8.357077 2.329839 -1.090396 0.577049 -0.321829
    25 8.874294 9.411907 2.866308 -1.090396 0.577049 -0.321829
    26 -4.125858 -2.321501 1.394414 2.051196 0.577049 -0.321829
    27 -4.826813 -3.348669 0.872014 2.051196 0.577049 -0.321829
    28 -5.441669 -4.249685 0.413772 2.051196 0.577049 -0.321829
    29 -0.552532 -1.343527 1.604446 -0.415180 0.312114 -0.422073
    30 0.552589 1.343534 -1.604463 -0.320374 0.863683 -0.319780
    31 0.000000 -2.021618 -0.000004 0.186809 0.000000 0.000000
    32 -0.000021 2.021633 0.000027 0.380880 0.000000 0.000000
    33 -0.000004 -1.136217 -0.000004 -0.210111 0.000000 0.000000
    34 -0.000011 1.136200 -0.000019 -0.420456 0.000000 0.000000
    35 -0.032677 -4.587727 1.352317 2.844703 1.216154 2.484990
    36 0.032719 4.587772 -1.352291 2.477743 0.505197 1.859571
    37 0.000000 -1.754536 -0.000002 0.662896 0.000000 0.000000
    38 -0.000006 1.754520 -0.000034 0.912388 0.000000 0.000000
    39 0.000000 -1.227020 -0.000002 0.092660 0.000000 0.000000
    40 0.000002 1.227070 0.000032 0.971864 0.000000 0.000000
    41 -0.367996 -4.208406 0.173244 2.943027 1.091688 2.536231
    42 0.368011 4.208412 -0.173239 2.997364 0.590620 1.999619
    43 0.000000 -2.372318 -0.000004 0.722081 0.000000 0.000000
    44 -0.000006 2.372318 -0.000032 1.642591 0.000000 0.000000
    45 0.000004 -1.580070 -0.000001 0.034255 0.000000 0.000000
    46 -0.000002 1.580170 0.000030 0.067762 0.000000 0.000000
    47 -0.937645 -3.860697 -0.959317 3.044205 1.001841 2.581100
    48 0.937672 3.860714 0.959333 2.764757 0.613950 2.075482
    49 0.000000 -1.690632 0.000000 0.491549 0.000000 0.000000
    50 -0.000013 1.690666 0.000021 1.382978 0.000000 0.000000
    51 -0.000002 -1.423443 0.000002 0.234212 0.000000 0.000000
    52 0.000008 1.423420 0.000028 1.026248 0.000000 0.000000
    53 -1.546646 -3.404194 -1.915569 3.024293 0.944156 2.514436
    54 1.546661 3.404217 1.915585 3.395131 0.835270 2.166061
    55 0.000004 -1.437820 0.000000 0.424958 0.000000 0.000000
    56 -0.000021 1.437870 0.000031 0.333736 0.000000 0.000000
    57 -0.000002 -1.059402 0.000000 0.322075 0.000000 0.000000
    58 0.000006 1.059372 0.000008 -0.164229 0.000000 0.000000
    59 -0.000004 -13.013485 -0.000004 0.010936 -0.284123 -0.076426
    60 0.161133 -10.812500 0.023087 0.010936 -0.284123 -0.076426
  time 57
    0 0.000000 0.826660 0.000001 -1.559900 -0.000006 -0.000006
    1 -7.059201 7.545358 -8.025539 -1.016713 0.147184 0.941196
    2 0.000000 14.313023 0.000003 -2.155661 0.000000 0.000000
    3 -0.000011 13.013483 -0.000005 0.965716 0.960510 1.005144
    4 8.652996 -22.135220 3.978737 2.947657 0.312156 -0.581899
    5 0.000000 -14.313034 0.000000 -0.487806 0.000000 0.000000
    6 -0.000004 -13.013485 -0.000004 0.000000 0.000000 0.000000
    7 -1.330879 -2.698427 0.462449 -0.194886 -0.547260 3.056712
    8 1.330910 2.698444 -0.462436 0.194890 0.547268 -0.084879
    9 1.816809 2.640641 -3.263418 0.762103 0.600584 0.312187
    10 3.556210 4.238403 0.987502 -1.090396 0.577049 -0.321829
    11 4.139183 5.092691 1.421975 -1.090396 0.577049 -0.321829
    12 4.777527 6.028128 1.897721 -1.090396 0.577049 -0.321829
    13 5.490345 7.072691 2.428969 -1.090396 0.577049 -0.321829
    14 6.566406 8.648438 3.232422 -1.090396 0.577049 -0.321829
    15 7.558525 6.997282 -2.354134 -1.937336 -0.275393 3.010581
    16 7.558525 6.997282 -2.354134 1.937336 0.275393 -0.131011
    17 -2.867767 -2.740969 0.531125 2.051196 0.577049 -0.321829
    18 1.417743 1.837724 -4.212489 -2.383161 -0.605986 1.388175
    19 2.352275 6.795894 -0.691510 0.887151 -0.659789 -0.928039
    20 2.681334 6.364990 -0.260940 0.915937 -0.708733 -0.978466
    21 5.655691 1.862765 4.281342 0.991364 -0.565382 -1.104694
    22 6.946648 6.587124 1.429667 -1.090396 0.577049 -0.321829
    23 7.537933 7.453606 1.870349 -1.090396 0.577049 -0.321829
    24 8.154472 8.357077 2.329839 -1.090396 0.577049 -0.321829
    25 8.874294 9.411907 2.866308 -1.090396 0.577049 -0.321829
    26 -4.125858 -2.321501 1.394414 2.051196 0.577049 -0.321829
    27 -4.826813 -3.348669 0.872014 2.051196 0.577049 -0.321829
    28 -5.441669 -4.249685 0.413772 2.051196 0.577049 -0.321829
    29 -0.552532 -1.343527 1.604446 -0.415180 0.312114 -0.422073
    30 0.552589 1.343534 -1.604463 -0.320348 0.863683 -0.319780
    31 0.000000 -2.021618 -0.000004 0.186809 0.000000 0.000000
    32 -0.000021 2.021633 0.000027 0.380880 0.000000 0.000000
    33 -0.000004 -1.136217 -0.000004 -0.210111 0.000000 0.000000
    34 -0.000011 1.136200 -0.000019 -0.420456 0.000000 0.000000
    35 -0.032677 -4.587727 1.352317 2.844703 1.216154 2.484990
    36 0.032719 4.587772 -1.352291 2.477743 0.505197 1.859571
    37 0.000000 -1.754536 -0.000002 0.662896 0.000000 0.000000
    38 -0.000006 1.754520 -0.000034 0.912388 0.000000 0.000000
    39 0.000000 -1.227020 -0.000002 0.092660 0.000000 0.000000
    40 0.000002 1.227070 0.000032 0.971931 0.000000 0.000000
    41 -0.367996 -4.208406 0.173244 2.943027 1.091688 2.536231
    42 0.368011 4.208412 -0.173239 2.989640 0.582092 2.004805
    43 0.000000 -2.372318 -0.000004 0.722081 0.000000 0.000000
    44 -0.000006 2.372318 -0.000032 1.658999 0.000000 0.000000
    45 0.000004 -1.580070 -0.000001 0.034255 0.000000 0.000000
    46 -0.000002 1.580170 0.000030 0.180060 0.000000 0.000000
    47 -0.937645 -3.860697 -0.959317 3.044205 1.001841 2.581100
    48 0.937672 3.860714 0.959333 2.764757 0.613950 2.075482
    49 0.000000 -1.690632 0.000000 0.491549 0.000000 0.000000
    50 -0.000013 1.690666 0.000021 1.382978 0.000000 0.000000
    51 -0.000002 -1.423443 0.000002 0.234212 0.000000 0.000000
    52 0.000008 1.423420 0.000028 1.026248 0.000000 0.000000
    53 -1.546646 -3.404194 -1.915569 3.024293 0.944156 2.514436
    54 1.546661 3.404217 1.915585 3.393654 0.835270 2.166061
    55 0.000004 -1.437820 0.000000 0.424958 0.000000 0.000000
    56 -0.000021 1.437870 0.000031 0.331705 0.000000 0.000000
    57 -0.000002 -1.059402 0.000000 0.322075 0.000000 0.000000
    58 0.000006 1.059372 0.000008 -0.166302 0.000000 0.000000
    59 -0.000004 -13.013485 -0.000004 0.010936 -0.284123 -0.076426
    60 0.161133 -10.812500 0.023087 0.010936 -0.284123 -0.076426
  time 58
    0 0.000000 0.826660 0.000001 -1.559900 -0.000006 -0.000006
    1 -7.059201 7.545358 -8.025539 -1.019846 0.134117 0.951660
    2 0.000000 14.313023 0.000003 -2.155906 0.000000 0.000000
    3 -0.000011 13.013483 -0.000005 0.930076 0.916550 1.014251
    4 8.652996 -22.135220 3.978737 2.947657 0.312156 -0.581899
    5 0.000000 -14.313034 0.000000 -0.487806 0.000000 0.000000
    6 -0.000004 -13.013485 -0.000004 0.000000 0.000000 0.000000
    7 -1.330879 -2.698427 0.462449 -0.194886 -0.547260 3.056712
    8 1.330910 2.698444 -0.462436 0.194890 0.547268 -0.084879
    9 1.816809 2.640641 -3.263418 0.769382 0.599894 0.312660
    10 3.556210 4.238403 0.987502 -1.090396 0.577049 -0.321829
    11 4.139183 5.092691 1.421975 -1.090396 0.577049 -0.321829
    12 4.777527 6.028128 1.897721 -1.090396 0.577049 -0.321829
    13 5.490345 7.072691 2.428969 -1.090396 0.577049 -0.321829
    14 6.566406 8.648438 3.232422 -1.090396 0.577049 -0.321829
    15 7.558525 6.997282 -2.354134 -1.937336 -0.275393 3.010581
    16 7.558525 6.997282 -2.354134 1.937336 0.275393 -0.131011
    17 -2.867767 -2.740969 0.531125 2.051196 0.577049 -0.321829
    18 1.402117 1.857256 -4.232021 -2.380593 -0.611543 1.383094
    19 2.356181 6.791988 -0.679791 0.890470 -0.654480 -0.933792
    20 2.685241 6.353271 -0.253128 0.918907 -0.703396 -0.983930
    21 5.651784 1.815888 4.261810 0.990119 -0.567478 -1.103352
    22 6.946648 6.587124 1.429667 -1.090396 0.577049 -0.321829
    23 7.537933 7.453606 1.870349 -1.090396 0.577049 -0.321829
    24 8.154472 8.357077 2.329839 -1.090396 0.577049 -0.321829
    25 8.874294 9.411907 2.866308 -1.090396 0.577049 -0.321829
    26 -4.125858 -2.321501 1.394414 2.051196 0.577049 -0.321829
    27 -4.826813 -3.348669 0.872014 2.051196 0.577049 -0.321829
    28 -5.441669 -4.249685 0.413772 2.051196 0.577049 -0.321829
    29 -0.552532 -1.343527 1.604446 -0.415180 0.312114 -0.422073
    30 0.552589 1.343534 -1.604463 -0.320374 0.863683 -0.319780
    31 0.000000 -2.021618 -0.000004 0.186809 0.000000 0.000000
    32 -0.000021 2.021633 0.000027 0.380880 0.000000 0.000000
    33 -0.000004 -1.136217 -0.000004 -0.210111 0.000000 0.000000
    34 -0.000011 1.136200 -0.000019 -0.420456 0.000000 0.000000
    35 -0.032677 -4.587727 1.352317 2.844703 1.216154 2.484990
    36 0.032719 4.587772 -1.352291 2.477743 0.505197 1.859571
    37 0.000000 -1.754536 -0.000002 0.662896 0.000000 0.000000
    38 -0.000006 1.754520 -0.000034 0.912388 0.000000 0.000000
    39 0.000000 -1.227020 -0.000002 0.092660 0.000000 0.000000
    40 0.000002 1.227070 0.000032 0.971864 0.000000 0.000000
    41 -0.367996 -4.208406 0.173244 2.943027 1.091688 2.536231
    42 0.368011 4.208412 -0.173239 2.985599 0.577627 2.007669
    43 0.000000 -2.372318 -0.000004 0.722081 0.000000 0.000000
    44 -0.000006 2.372318 -0.000032 1.667817 0.000000 0.000000
    45 0.000004 -1.580070 -0.000001 0.034255 0.000000 0.000000
    46 -0.000002 1.580170 0.000030 0.240532 0.000000 0.000000
    47 -0.937645 -3.860697 -0.959317 3.044205 1.001841 2.581100
    48 0.937672 3.860714 0.959333 2.765129 0.613826 2.075403
    49 0.000000 -1.690632 0.000000 0.491549 0.000000 0.000000
    50 -0.000013 1.690666 0.000021 1.382978 0.000000 0.000000
    51 -0.000002 -1.423443 0.000002 0.234212 0.000000 0.000000
    52 0.000008 1.423420 0.000028 1.026248 0.000000 0.000000
    53 -1.546646 -3.404194 -1.915569 3.024293 0.944156 2.514436
    54 1.546661 3.404217 1.915585 3.440355 0.804988 2.136825
    55 0.000004 -1.437820 0.000000 0.424958 0.000000 0.000000
    56 -0.000021 1.437870 0.000031 0.426988 0.000000 0.000000
    57 -0.000002 -1.059402 0.000000 0.322075 0.000000 0.000000
    58 0.000006 1.059372 0.000008 0.037307 0.000000 0.000000
    59 -0.000004 -13.013485 -0.000004 0.010936 -0.284123 -0.076426
    60 0.161133 -10.812500 0.023087 0.010936 -0.284123 -0.076426
  time 59
    0 0.000000 0.826660 0.000001 -1.559900 -0.000006 -0.000006
    1 -7.059201 7.545358 -8.025539 -1.018003 0.105504 0.931037
    2 0.000000 14.313023 0.000003 -2.159572 0.000000 0.000000
    3 -0.000011 13.013483 -0.000005 0.821532 0.875232 0.878806
    4 8.652996 -22.135220 3.978737 2.947657 0.312156 -0.581899
    5 0.000000 -14.313034 0.000000 -0.487806 0.000000 0.000000
    6 -0.000004 -13.013485 -0.000004 0.000000 0.000000 0.000000
    7 -1.330879 -2.698427 0.462449 -0.194886 -0.547260 3.056712
    8 1.330910 2.698444 -0.462436 0.194890 0.547268 -0.084879
    9 1.600434 2.886027 -3.515975 0.876279 0.581443 0.294021
    10 3.556210 4.238403 0.987502 -1.090396 0.577049 -0.321829
    11 4.139183 5.092691 1.421975 -1.090396 0.577049 -0.321829
    12 4.777527 6.028128 1.897721 -1.090396 0.577049 -0.321829
    13 5.490345 7.072691 2.428969 -1.090396 0.577049 -0.321829
    14 6.566406 8.648438 3.232422 -1.090396 0.577049 -0.321829
    15 7.558525 6.997282 -2.354134 -1.937336 -0.275393 3.010581
    16 7.558525 6.997282 -2.354134 1.937336 0.275393 -0.131011
    17 -2.867767 -2.740969 0.531125 2.051196 0.577049 -0.321829
    18 1.120859 2.212735 -4.513280 -2.342640 -0.697189 1.281755
    19 2.481185 6.713860 -0.546974 0.942062 -0.574115 -1.041746
    20 2.775087 6.212642 -0.167188 0.925135 -0.696684 -1.023041
    21 5.577563 1.538536 4.308686 0.999699 -0.547565 -1.150423
    22 6.946648 6.587124 1.429667 -1.090396 0.577049 -0.321829
    23 7.537933 7.453606 1.870349 -1.090396 0.577049 -0.321829
    24 8.154472 8.357077 2.329839 -1.090396 0.577049 -0.321829
    25 8.874294 9.411907 2.866308 -1.090396 0.577049 -0.321829
    26 -4.125858 -2.321501 1.394414 2.051196 0.577049 -0.321829
    27 -4.826813 -3.348669 0.872014 2.051196 0.577049 -0.321829
    28 -5.441669 -4.249685 0.413772 2.051196 0.577049 -0.321829
    29 -0.552532 -1.343527 1.604446 -0.415180 0.312114 -0.422073
    30 0.552589 1.343534 -1.604463 -0.320348 0.863683 -0.319780
    31 0.000000 -2.021618 -0.000004 0.186809 0.000000 0.000000
    32 -0.000021 2.021633 0.000027 0.380880 0.000000 0.000000
    33 -0.000004 -1.136217 -0.000004 -0.210111 0.000000 0.000000
    34 -0.000011 1.136200 -0.000019 -0.420456 0.000000 0.000000
    35 -0.032677 -4.587727 1.352317 2.844703 1.216154 2.484990
    36 0.032719 4.587772 -1.352291 2.477743 0.505197 1.859571
    37 0.000000 -1.754536 -0.000002 0.662896 0.000000 0.000000
    38 -0.000006 1.754520 -0.000034 0.912388 0.000000 0.000000
    39 0.000000 -1.227020 -0.000002 0.092660 0.000000 0.000000
    40 0.000002 1.227070 0.000032 0.971931 0.000000 0.000000
    41 -0.367996 -4.208406 0.173244 2.943027 1.091688 2.536231
    42 0.368011 4.208412 -0.173239 2.985599 0.577627 2.007669
    43 0.000000 -2.372318 -0.000004 0.722081 0.000000 0.000000
    44 -0.000006 2.372318 -0.000032 1.667817 0.000000 0.000000
    45 0.000004 -1.580070 -0.000001 0.034255 0.000000 0.000000
    46 -0.000002 1.580170 0.000030 0.240532 0.000000 0.000000
    47 -0.937645 -3.860697 -0.959317 3.044205 1.001841 2.581100
    48 0.937672 3.860714 0.959333 2.922040 0.560744 2.031135
    49 0.000000 -1.690632 0.000000 0.491549 0.000000 0.000000
    50 -0.000013 1.690666 0.000021 1.382978 0.000000 0.000000
    51 -0.000002 -1.423443 0.000002 0.234212 0.000000 0.000000
    52 0.000008 1.423420 0.000028 1.026248 0.000000 0.000000
    53 -1.546646 -3.404194 -1.915569 3.024293 0.944156 2.514436
    54 1.546661 3.404217 1.915585 3.555723 0.731773 2.074900
    55 0.000004 -1.437820 0.000000 0.424958 0.000000 0.000000
    56 -0.000021 1.437870 0.000031 0.652503 0.000000 0.000000
    57 -0.000002 -1.059402 0.000000 0.322075 0.000000 0.000000
    58 0.000006 1.059372 0.000008 0.518752 0.000000 0.000000
    59 -0.000004 -13.013485 -0.000004 0.010936 -0.284123 -0.076426
    60 0.161133 -10.812500 0.023087 0.010936 -0.284123 -0.076426
  time 60
    0 0.000000 0.826660 0.000001 -1.559900 -0.000006 -0.000006
    1 -7.059201 7.545358 -8.025539 -1.002062 0.056813 0.880091
    2 0.000000 14.313023 0.000003 -2.169469 0.000000 0.000000
    3 -0.000011 13.013483 -0.000005 0.613713 0.802123 0.526920
    4 8.652996 -22.135220 3.978737 2.947657 0.312156 -0.581899
    5 0.000000 -14.313034 0.000000 -0.487806 0.000000 0.000000
    6 -0.000004 -13.013485 -0.000004 0.000000 0.000000 0.000000
    7 -1.330879 -2.698427 0.462449 -0.194886 -0.547260 3.056712
    8 1.330910 2.698444 -0.462436 0.194890 0.547268 -0.084879
    9 1.414969 3.033258 -3.616998 0.917659 0.558975 0.234981
    10 3.556210 4.238403 0.987502 -1.090396 0.577049 -0.321829
    11 4.139183 5.092691 1.421975 -1.090396 0.577049 -0.321829
    12 4.777527 6.028128 1.897721 -1.090396 0.577049 -0.321829
    13 5.490345 7.072691 2.428969 -1.090396 0.577049 -0.321829
    14 6.566406 8.648438 3.232422 -1.090396 0.577049 -0.321829
    15 7.558525 6.997282 -2.354134 -1.937336 -0.275393 3.010581
    16 7.558525 6.997282 -2.354134 1.937336 0.275393 -0.131011
    17 -2.867767 -2.740969 0.531125 2.051196 0.577049 -0.321829
    18 0.921634 2.443211 -4.650002 -2.341689 -0.738651 1.199687
    19 2.586657 6.659171 -0.488379 0.976772 -0.544886 -1.141454
    20 2.833683 6.126702 -0.124218 0.831151 -0.844029 -0.936480
    21 5.597095 2.292465 5.109492 0.995867 -0.602704 -1.183019
    22 6.946648 6.587124 1.429667 -1.090396 0.577049 -0.321829
    23 7.537933 7.453606 1.870349 -1.090396 0.577049 -0.321829
    24 8.154472 8.357077 2.329839 -1.090396 0.577049 -0.321829
    25 8.874294 9.411907 2.866308 -1.090396 0.577049 -0.321829
    26 -4.125858 -2.321501 1.394414 2.051196 0.577049 -0.321829
    27 -4.826813 -3.348669 0.872014 2.051196 0.577049 -0.321829
    28 -5.441669 -4.249685 0.413772 2.051196 0.577049 -0.321829
    29 -0.552532 -1.343527 1.604446 -0.415180 0.312114 -0.422073
    30 0.552589 1.343534 -1.604463 -0.320374 0.863683 -0.319780
    31 0.000000 -2.021618 -0.000004 0.186809 0.000000 0.000000
    32 -0.000021 2.021633 0.000027 0.380880 0.000000 0.000000
    33 -0.000004 -1.136217 -0.000004 -0.210111 0.000000 0.000000
    34 -0.000011 1.136200 -0.000019 -0.420456 0.000000 0.000000
    35 -0.032677 -4.587727 1.352317 2.844703 1.216154 2.484990
    36 0.032719 4.587772 -1.352291 2.477743 0.505197 1.859571
    37 0.000000 -1.754536 -0.000002 0.662896 0.000000 0.000000
    38 -0.000006 1.754520 -0.000034 0.912388 0.000000 0.000000
    39 0.000000 -1.227020 -0.000002 0.092660 0.000000 0.000000
    40 0.000002 1.227070 0.000032 0.971931 0.000000 0.000000
    41 -0.367996 -4.208406 0.173244 2.943027 1.091688 2.536231
    42 0.368011 4.208412 -0.173239 2.985599 0.577627 2.007669
    43 0.000000 -2.372318 -0.000004 0.722081 0.000000 0.000000
    44 -0.000006 2.372318 -0.000032 1.667817 0.000000 0.000000
    45 0.000004 -1.580070 -0.000001 0.034255 0.000000 0.000000
    46 -0.000002 1.580170 0.000030 0.240532 0.000000 0.000000
    47 -0.937645 -3.860697 -0.959317 3.044205 1.001841 2.581100
    48 0.937672 3.860714 0.959333 3.220719 0.458991 1.960086
    49 0.000000 -1.690632 0.000000 0.491549 0.000000 0.000000
    50 -0.000013 1.690666 0.000021 1.382978 0.000000 0.000000
    51 -0.000002 -1.423443 0.000002 0.234212 0.000000 0.000000
    52 0.000008 1.423420 0.000028 1.026248 0.000000 0.000000
    53 -1.546646 -3.404194 -1.915569 3.024293 0.944156 2.514436
    54 1.546661 3.404217 1.915585 3.701271 0.641846 2.012438
    55 0.000004 -1.437820 0.000000 0.424958 0.000000 0.000000
    56 -0.000021 1.437870 0.000031 0.922320 0.000000 0.000000
    57 -0.000002 -1.059402 0.000000 0.322075 0.000000 0.000000
    58 0.000006 1.059372 0.000008 1.094864 0.000000 0.000000
    59 -0.000004 -13.013485 -0.000004 0.010936 -0.284123 -0.076426
    60 0.161133 -10.812500 0.023087 0.010936 -0.284123 -0.076426
  time 61
    0 0.000000 0.826660 0.000001 -1.559900 -0.000006 -0.000006
    1 -7.059201 7.545358 -8.025539 -0.975616 0.000445 0.812570
    2 0.000000 14.313023 0.000003 -2.180956 0.000000 0.000000
    3 -0.000011 13.013483 -0.000005 0.438762 0.653783 0.108221
    4 8.652996 -22.135220 3.978737 2.947657 0.312156 -0.581899
    5 0.000000 -14.313034 0.000000 -0.487806 0.000000 0.000000
    6 -0.000004 -13.013485 -0.000004 0.000000 0.000000 0.000000
    7 -1.330879 -2.698427 0.462449 -0.194886 -0.547260 3.056712
    8 1.330910 2.698444 -0.462436 0.194890 0.547268 -0.084879
    9 1.260415 3.229567 -3.718021 0.954536 0.529164 0.159005
    10 3.556210 4.238403 0.987502 -1.090396 0.577049 -0.321829
    11 4.139183 5.092691 1.421975 -1.090396 0.577049 -0.321829
    12 4.777527 6.028128 1.897721 -1.090396 0.577049 -0.321829
    13 5.490345 7.072691 2.428969 -1.090396 0.577049 -0.321829
    14 6.566406 8.648438 3.232422 -1.090396 0.577049 -0.321829
    15 7.558525 6.997282 -2.354134 -1.937336 -0.275393 3.010581
    16 7.558525 6.997282 -2.354134 1.937336 0.275393 -0.131011
    17 -2.867767 -2.740969 0.531125 2.051196 0.577049 -0.321829
    18 0.741941 2.708844 -4.782819 -2.350250 -0.781692 1.110333
    19 2.692129 6.596669 -0.429783 1.017363 -0.518830 -1.257366
    20 2.880559 6.029043 -0.085154 0.627471 -1.014787 -0.748020
    21 5.601002 3.429219 5.882953 0.994334 -0.669954 -1.228461
    22 6.946648 6.587124 1.429667 -1.090396 0.577049 -0.321829
    23 7.537933 7.453606 1.870349 -1.090396 0.577049 -0.321829
    24 8.154472 8.357077 2.329839 -1.090396 0.577049 -0.321829
    25 8.874294 9.411907 2.866308 -1.090396 0.577049 -0.321829
    26 -4.125858 -2.321501 1.394414 2.051196 0.577049 -0.321829
    27 -4.826813 -3.348669 0.872014 2.051196 0.577049 -0.321829
    28 -5.441669 -4.249685 0.413772 2.051196 0.577049 -0.321829
    29 -0.552532 -1.343527 1.604446 -0.415180 0.312114 -0.422073
    30 0.552589 1.343534 -1.604463 -0.320348 0.863683 -0.319780
    31 0.000000 -2.021618 -0.000004 0.186809 0.000000 0.000000
    32 -0.000021 2.021633 0.000027 0.380880 0.000000 0.000000
    33 -0.000004 -1.136217 -0.000004 -0.210111 0.000000 0.000000
    34 -0.000011 1.136200 -0.000019 -0.420456 0.000000 0.000000
    35 -0.032677 -4.587727 1.352317 2.844703 1.216154 2.484990
    36 0.032719 4.587772 -1.352291 2.477743 0.505197 1.859571
    37 0.000000 -1.754536 -0.000002 0.662896 0.000000 0.000000
    38 -0.000006 1.754520 -0.000034 0.912388 0.000000 0.000000
    39 0.000000 -1.227020 -0.000002 0.092660 0.000000 0.000000
    40 0.000002 1.227070 0.000032 0.971864 0.000000 0.000000
    41 -0.367996 -4.208406 0.173244 2.943027 1.091688 2.536231
    42 0.368011 4.208412 -0.173239 2.985599 0.577627 2.007669
    43 0.000000 -2.372318 -0.000004 0.722081 0.000000 0.000000
    44 -0.000006 2.372318 -0.000032 1.667817 0.000000 0.000000
    45 0.000004 -1.580070 -0.000001 0.034255 0.000000 0.000000
    46 -0.000002 1.580170 0.000030 0.240532 0.000000 0.000000
    47 -0.937645 -3.860697 -0.959317 3.044205 1.001841 2.581100
    48 0.937672 3.860714 0.959333 3.384412 0.402979 1.927160
    49 0.000000 -1.690632 0.000000 0.491549 0.000000 0.000000
    50 -0.000013 1.690666 0.000021 1.382978 0.000000 0.000000
    51 -0.000002 -1.423443 0.000002 0.234212 0.000000 0.000000
    52 0.000008 1.423420 0.000028 1.026248 0.000000 0.000000
    53 -1.546646 -3.404194 -1.915569 3.024293 0.944156 2.514436
    54 1.546661 3.404217 1.915585 3.827714 0.564944 1.968239
    55 0.000004 -1.437820 0.000000 0.424958 0.000000 0.000000
    56 -0.000021 1.437870 0.000031 1.148637 0.000000 0.000000
    57 -0.000002 -1.059402 0.000000 0.322075 0.000000 0.000000
    58 0.000006 1.059372 0.000008 1.578086 0.000000 0.000000
    59 -0.000004 -13.013485 -0.000004 0.010936 -0.284123 -0.076426
    60 0.161133 -10.812500 0.023087 0.010936 -0.284123 -0.076426
  time 62
    0 0.000000 0.826660 0.000001 -1.559900 -0.000006 -0.000006
    1 -7.059201 7.545358 -8.025539 -0.953501 -0.039518 0.730384
    2 0.000000 14.313023 0.000003 -2.188410 0.000000 0.000000
    3 -0.000011 13.013483 -0.000005 0.386783 0.504027 -0.221427
    4 8.652996 -22.135220 3.978737 2.947657 0.312156 -0.581899
    5 0.000000 -14.313034 0.000000 -0.487806 0.000000 0.000000
    6 -0.000004 -13.013485 -0.000004 0.000000 0.000000 0.000000
    7 -1.330879 -2.698427 0.462449 -0.194886 -0.547260 3.056712
    8 1.330910 2.698444 -0.462436 0.194890 0.547268 -0.084879
    9 1.167683 3.278644 -3.819043 0.985667 0.497909 0.084827
    10 3.556210 4.238403 0.987502 -1.090396 0.577049 -0.321829
    11 4.139183 5.092691 1.421975 -1.090396 0.577049 -0.321829
    12 4.777527 6.028128 1.897721 -1.090396 0.577049 -0.321829
    13 5.490345 7.072691 2.428969 -1.090396 0.577049 -0.321829
    14 6.566406 8.648438 3.232422 -1.090396 0.577049 -0.321829
    15 7.558525 6.997282 -2.354134 -1.937336 -0.275393 3.010581
    16 7.558525 6.997282 -2.354134 1.937336 0.275393 -0.131011
    17 -2.867767 -2.740969 0.531125 2.051196 0.577049 -0.321829
    18 0.620843 2.954945 -4.903916 -2.364042 -0.821846 1.031045
    19 2.781975 6.526355 -0.379000 1.067057 -0.461165 -1.388138
    20 2.896185 5.923571 -0.069528 0.402139 -1.113510 -0.559657
    21 5.526780 4.210492 6.250152 1.042139 -0.634029 -1.354912
    22 6.946648 6.587124 1.429667 -1.090396 0.577049 -0.321829
    23 7.537933 7.453606 1.870349 -1.090396 0.577049 -0.321829
    24 8.154472 8.357077 2.329839 -1.090396 0.577049 -0.321829
    25 8.874294 9.411907 2.866308 -1.090396 0.577049 -0.321829
    26 -4.125858 -2.321501 1.394414 2.051196 0.577049 -0.321829
    27 -4.826813 -3.348669 0.872014 2.051196 0.577049 -0.321829
    28 -5.441669 -4.249685 0.413772 2.051196 0.577049 -0.321829
    29 -0.552532 -1.343527 1.604446 -0.415180 0.312114 -0.422073
    30 0.552589 1.343534 -1.604463 -0.320348 0.863683 -0.319780
    31 0.000000 -2.021618 -0.000004 0.186809 0.000000 0.000000
    32 -0.000021 2.021633 0.000027 0.380880 0.000000 0.000000
    33 -0.000004 -1.136217 -0.000004 -0.210111 0.000000 0.000000
    34 -0.000011 1.136200 -0.000019 -0.420456 0.000000 0.000000
    35 -0.032677 -4.587727 1.352317 2.844703 1.216154 2.484990
    36 0.032719 4.587772 -1.352291 2.477743 0.505197 1.859571
    37 0.000000 -1.754536 -0.000002 0.662896 0.000000 0.000000
    38 -0.000006 1.754520 -0.000034 0.912388 0.000000 0.000000
    39 0.000000 -1.227020 -0.000002 0.092660 0.000000 0.000000
    40 0.000002 1.227070 0.000032 0.971864 0.000000 0.000000
    41 -0.367996 -4.208406 0.173244 2.943027 1.091688 2.536231
    42 0.368011 4.208412 -0.173239 2.985599 0.577627 2.007669
    43 0.000000 -2.372318 -0.000004 0.722081 0.000000 0.000000
    44 -0.000006 2.372318 -0.000032 1.667817 0.000000 0.000000
    45 0.000004 -1.580070 -0.000001 0.034255 0.000000 0.000000
    46 -0.000002 1.580170 0.000030 0.240532 0.000000 0.000000
    47 -0.937645 -3.860697 -0.959317 3.044205 1.001841 2.581100
    48 0.937672 3.860714 0.959333 3.384412 0.402979 1.927160
    49 0.000000 -1.690632 0.000000 0.491549 0.000000 0.000000
    50 -0.000013 1.690666 0.000021 1.382978 0.000000 0.000000
    51 -0.000002 -1.423443 0.000002 0.234212 0.000000 0.000000
    52 0.000008 1.423420 0.000028 1.026248 0.000000 0.000000
    53 -1.546646 -3.404194 -1.915569 3.024293 0.944156 2.514436
    54 1.546661 3.404217 1.915585 3.881429 0.532557 1.951588
    55 0.000004 -1.437820 0.000000 0.424958 0.000000 0.000000
    56 -0.000021 1.437870 0.000031 1.243226 0.000000 0.000000
    57 -0.000002 -1.059402 0.000000 0.322075 0.000000 0.000000
    58 0.000006 1.059372 0.000008 1.779977 0.000000 0.000000
    59 -0.000004 -13.013485 -0.000004 0.010936 -0.284123 -0.076426
    60 0.161133 -10.812500 0.023087 0.010936 -0.284123 -0.076426
  time 63
    0 0.000000 0.826660 0.000001 -1.559900 -0.000006 -0.000006
    1 -7.059201 7.545358 -8.025539 -0.929727 -0.029265 0.630554
    2 0.000000 14.313023 0.000003 -2.184072 0.000000 0.000000
    3 -0.000011 13.013483 -0.000005 0.358692 0.454832 -0.430489
    4 8.652996 -22.135220 3.978737 2.947657 0.312156 -0.581899
    5 0.000000 -14.313034 0.000000 -0.487806 0.000000 0.000000
    6 -0.000004 -13.013485 -0.000004 0.000000 0.000000 0.000000
    7 -1.330879 -2.698427 0.462449 -0.194886 -0.547260 3.056712
    8 1.330910 2.698444 -0.462436 0.194890 0.547268 -0.084879
    9 1.105862 3.425875 -3.869555 1.007698 0.472680 0.029004
    10 3.556210 4.238403 0.987502 -1.090396 0.577049 -0.321829
    11 4.139183 5.092691 1.421975 -1.090396 0.577049 -0.321829
    12 4.777527 6.028128 1.897721 -1.090396 0.577049 -0.321829
    13 5.490345 7.072691 2.428969 -1.090396 0.577049 -0.321829
    14 6.566406 8.648438 3.232422 -1.090396 0.577049 -0.321829
    15 7.558525 6.997282 -2.354134 -1.937336 -0.275393 3.010581
    16 7.558525 6.997282 -2.354134 1.937336 0.275393 -0.131011
    17 -2.867767 -2.740969 0.531125 2.051196 0.577049 -0.321829
    18 0.558342 3.142451 -4.989857 -2.377644 -0.852465 0.974959
    19 2.840571 6.475572 -0.347749 1.115330 -0.357612 -1.514308
    20 2.876653 5.837631 -0.100779 0.246170 -1.154733 -0.443667
    21 5.440840 4.550347 6.343905 1.107763 -0.499646 -1.511561
    22 6.946648 6.587124 1.429667 -1.090396 0.577049 -0.321829
    23 7.537933 7.453606 1.870349 -1.090396 0.577049 -0.321829
    24 8.154472 8.357077 2.329839 -1.090396 0.577049 -0.321829
    25 8.874294 9.411907 2.866308 -1.090396 0.577049 -0.321829
    26 -4.125858 -2.321501 1.394414 2.051196 0.577049 -0.321829
    27 -4.826813 -3.348669 0.872014 2.051196 0.577049 -0.321829
    28 -5.441669 -4.249685 0.413772 2.051196 0.577049 -0.321829
    29 -0.552532 -1.343527 1.604446 -0.415180 0.312114 -0.422073
    30 0.552589 1.343534 -1.604463 -0.320374 0.863683 -0.319758
    31 0.000000 -2.021618 -0.000004 0.186809 0.000000 0.000000
    32 -0.000021 2.021633 0.000027 0.380880 0.000000 0.000000
    33 -0.000004 -1.136217 -0.000004 -0.210111 0.000000 0.000000
    34 -0.000011 1.136200 -0.000019 -0.420456 0.000000 0.000000
    35 -0.032677 -4.587727 1.352317 2.844703 1.216154 2.484990
    36 0.032719 4.587772 -1.352291 2.477743 0.505197 1.859571
    37 0.000000 -1.754536 -0.000002 0.662896 0.000000 0.000000
    38 -0.000006 1.754520 -0.000034 0.912388 0.000000 0.000000
    39 0.000000 -1.227020 -0.000002 0.092660 0.000000 0.000000
    40 0.000002 1.227070 0.000032 0.971864 0.000000 0.000000
    41 -0.367996 -4.208406 0.173244 2.943027 1.091688 2.536231
    42 0.368011 4.208412 -0.173239 2.985599 0.577627 2.007669
    43 0.000000 -2.372318 -0.000004 0.722081 0.000000 0.000000
    44 -0.000006 2.372318 -0.000032 1.667817 0.000000 0.000000
    45 0.000004 -1.580070 -0.000001 0.034255 0.000000 0.000000
    46 -0.000002 1.580170 0.000030 0.240532 0.000000 0.000000
    47 -0.937645 -3.860697 -0.959317 3.044205 1.001841 2.581100
    48 0.937672 3.860714 0.959333 3.384412 0.402979 1.927160
    49 0.000000 -1.690632 0.000000 0.491549 0.000000 0.000000
    50 -0.000013 1.690666 0.000021 1.382978 0.000000 0.000000
    51 -0.000002 -1.423443 0.000002 0.234212 0.000000 0.000000
    52 0.000008 1.423420 0.000028 1.026248 0.000000 0.000000
    53 -1.546646 -3.404194 -1.915569 3.024293 0.944156 2.514436
    54 1.546661 3.404217 1.915585 3.881429 0.532557 1.951588
    55 0.000004 -1.437820 0.000000 0.424958 0.000000 0.000000
    56 -0.000021 1.437870 0.000031 1.243226 0.000000 0.000000
    57 -0.000002 -1.059402 0.000000 0.322075 0.000000 0.000000
    58 0.000006 1.059372 0.000008 1.779977 0.000000 0.000000
    59 -0.000004 -13.013485 -0.000004 0.010936 -0.284123 -0.076426
    60 0.161133 -10.812500 0.023087 0.010936 -0.284123 -0.076426
  time 64
    0 0.000000 0.826660 0.000001 -1.559900 -0.000006 -0.000006
    1 -7.059201 7.545358 -8.025539 -0.898397 0.032301 0.520870
    2 0.000000 14.313023 0.000003 -2.158533 0.000000 0.000000
    3 -0.000011 13.013483 -0.000005 0.234287 0.542091 -0.470940
    4 8.652996 -22.135220 3.978737 2.947657 0.312156 -0.581899
    5 0.000000 -14.313034 0.000000 -0.487806 0.000000 0.000000
    6 -0.000004 -13.013485 -0.000004 0.000000 0.000000 0.000000
    7 -1.330879 -2.698427 0.462449 -0.194886 -0.547260 3.056712
    8 1.330910 2.698444 -0.462436 0.194890 0.547268 -0.084879
    9 1.074951 3.474952 -3.920066 1.015744 0.462512 0.007053
    10 3.556210 4.238403 0.987502 -1.090396 0.577049 -0.321829
    11 4.139183 5.092691 1.421975 -1.090396 0.577049 -0.321829
    12 4.777527 6.028128 1.897721 -1.090396 0.577049 -0.321829
    13 5.490345 7.072691 2.428969 -1.090396 0.577049 -0.321829
    14 6.566406 8.648438 3.232422 -1.090396 0.577049 -0.321829
    15 7.558525 6.997282 -2.354134 -1.937336 -0.275393 3.010581
    16 7.558525 6.997282 -2.354134 1.937336 0.275393 -0.131011
    17 -2.867767 -2.740969 0.531125 2.051196 0.577049 -0.321829
    18 0.542716 3.216672 -5.025014 -2.383827 -0.864233 0.954155
    19 2.860103 6.456040 -0.328218 1.141315 -0.246126 -1.594554
    20 2.845402 5.790754 -0.159375 0.280851 -1.152302 -0.505304
    21 5.343181 4.339403 6.281403 1.154514 -0.261564 -1.656515
    22 6.946648 6.587124 1.429667 -1.090396 0.577049 -0.321829
    23 7.537933 7.453606 1.870349 -1.090396 0.577049 -0.321829
    24 8.154472 8.357077 2.329839 -1.090396 0.577049 -0.321829
    25 8.874294 9.411907 2.866308 -1.090396 0.577049 -0.321829
    26 -4.125858 -2.321501 1.394414 2.051196 0.577049 -0.321829
    27 -4.826813 -3.348669 0.872014 2.051196 0.577049 -0.321829
    28 -5.441669 -4.249685 0.413772 2.051196 0.577049 -0.321829
    29 -0.552532 -1.343527 1.604446 -0.415180 0.312114 -0.422073
    30 0.552589 1.343534 -1.604463 -0.320243 0.863088 -0.319888
    31 0.000000 -2.021618 -0.000004 0.186809 0.000000 0.000000
    32 -0.000021 2.021633 0.000027 0.380853 0.000000 0.000000
    33 -0.000004 -1.136217 -0.000004 -0.210111 0.000000 0.000000
    34 -0.000011 1.136200 -0.000019 -0.420409 0.000000 0.000000
    35 -0.032677 -4.587727 1.352317 2.844703 1.216154 2.484990
    36 0.032719 4.587772 -1.352291 2.477656 0.505271 1.859571
    37 0.000000 -1.754536 -0.000002 0.662896 0.000000 0.000000
    38 -0.000006 1.754520 -0.000034 0.912252 0.000000 0.000000
    39 0.000000 -1.227020 -0.000002 0.092660 0.000000 0.000000
    40 0.000002 1.227070 0.000032 0.971931 0.000000 0.000000
    41 -0.367996 -4.208406 0.173244 2.943027 1.091688 2.536231
    42 0.368011 4.208412 -0.173239 2.985419 0.577627 2.007669
    43 0.000000 -2.372318 -0.000004 0.722081 0.000000 0.000000
    44 -0.000006 2.372318 -0.000032 1.667774 0.000000 0.000000
    45 0.000004 -1.580070 -0.000001 0.034255 0.000000 0.000000
    46 -0.000002 1.580170 0.000030 0.240304 0.000000 0.000000
    47 -0.937645 -3.860697 -0.959317 3.044205 1.001841 2.581100
    48 0.937672 3.860714 0.959333 3.384226 0.403194 1.927160
    49 0.000000 -1.690632 0.000000 0.491549 0.000000 0.000000
    50 -0.000013 1.690666 0.000021 1.382978 0.000000 0.000000
    51 -0.000002 -1.423443 0.000002 0.234212 0.000000 0.000000
    52 0.000008 1.423420 0.000028 1.026175 0.000000 0.000000
    53 -1.546646 -3.404194 -1.915569 3.024293 0.944156 2.514436
    54 1.546661 3.404217 1.915585 3.881244 0.532644 1.951741
    55 0.000004 -1.437820 0.000000 0.424958 0.000000 0.000000
    56 -0.000021 1.437870 0.000031 1.243065 0.000000 0.000000
    57 -0.000002 -1.059402 0.000000 0.322075 0.000000 0.000000
    58 0.000006 1.059372 0.000008 1.780036 0.000000 0.000000
    59 -0.000004 -13.013485 -0.000004 0.010936 -0.284123 -0.076426
    60 0.161133 -10.812500 0.023087 0.010936 -0.284123 -0.076426
  time 65
    0 0.000000 0.826660 0.000001 -1.559900 -0.000006 -0.000006
    1 -7.059201 7.545358 -8.025539 -0.873241 0.103453 0.391022
    2 0.000000 14.313023 0.000003 -2.108677 0.000000 0.000000
    3 -0.000011 13.013483 -0.000005 0.071089 0.730429 -0.403265
    4 8.652996 -22.135220 3.978737 2.947657 0.312156 -0.581899
    5 0.000000 -14.313034 0.000000 -0.487806 0.000000 0.000000
    6 -0.000004 -13.013485 -0.000004 0.000000 0.000000 0.000000
    7 -1.330879 -2.698427 0.462449 -0.194886 -0.547260 3.056712
    8 1.330910 2.698444 -0.462436 0.194890 0.547268 -0.084879
    9 1.353148 3.180489 -3.414952 0.861912 0.612572 0.100533
    10 3.556210 4.238403 0.987502 -1.090396 0.577049 -0.321829
    11 4.139183 5.092691 1.421975 -1.090396 0.577049 -0.321829
    12 4.777527 6.028128 1.897721 -1.090396 0.577049 -0.321829
    13 5.490345 7.072691 2.428969 -1.090396 0.577049 -0.321829
    14 6.566406 8.648438 3.232422 -1.090396 0.577049 -0.321829
    15 7.558525 6.997282 -2.354134 -1.937336 -0.275393 3.010581
    16 7.558525 6.997282 -2.354134 1.937336 0.275393 -0.131011
    17 -2.867767 -2.740969 0.531125 2.051196 0.577049 -0.321829
    18 0.745847 2.572121 -4.407808 -2.317814 -0.670112 1.080612
    19 3.024170 6.803707 -0.570413 0.997921 -0.293173 -1.428405
    20 3.122754 6.154047 -0.366412 0.634943 -0.896826 -0.864969
    21 5.960387 2.737791 5.117305 1.028727 0.228981 -1.815369
    22 6.946648 6.587124 1.429667 -1.090396 0.577049 -0.321829
    23 7.537933 7.453606 1.870349 -1.090396 0.577049 -0.321829
    24 8.154472 8.357077 2.329839 -1.090396 0.577049 -0.321829
    25 8.874294 9.411907 2.866308 -1.090396 0.577049 -0.321829
    26 -4.125858 -2.321501 1.394414 2.051196 0.577049 -0.321829
    27 -4.826813 -3.348669 0.872014 2.051196 0.577049 -0.321829
    28 -5.441669 -4.249685 0.413772 2.051196 0.577049 -0.321829
    29 -0.552532 -1.343527 1.604446 -0.415180 0.312114 -0.422073
    30 0.552589 1.343534 -1.604463 -0.270201 0.616704 -0.376491
    31 0.000000 -2.021618 -0.000004 0.186809 0.000000 0.000000
    32 -0.000021 2.021633 0.000027 0.370528 0.000000 0.000000
    33 -0.000004 -1.136217 -0.000004 -0.210111 0.000000 0.000000
    34 -0.000011 1.136200 -0.000019 -0.386576 0.000000 0.000000
    35 -0.032677 -4.587727 1.352317 2.844703 1.216154 2.484990
    36 0.032719 4.587772 -1.352291 2.437808 0.539676 1.862756
    37 0.000000 -1.754536 -0.000002 0.662896 0.000000 0.000000
    38 -0.000006 1.754520 -0.000034 0.870799 0.000000 0.000000
    39 0.000000 -1.227020 -0.000002 0.092660 0.000000 0.000000
    40 0.000002 1.227070 0.000032 0.975792 0.000000 0.000000
    41 -0.367996 -4.208406 0.173244 2.943027 1.091688 2.536231
    42 0.368011 4.208412 -0.173239 2.937728 0.581725 2.006121
    43 0.000000 -2.372318 -0.000004 0.722081 0.000000 0.000000
    44 -0.000006 2.372318 -0.000032 1.623814 0.000000 0.000000
    45 0.000004 -1.580070 -0.000001 0.034255 0.000000 0.000000
    46 -0.000002 1.580170 0.000030 0.127609 0.000000 0.000000
    47 -0.937645 -3.860697 -0.959317 3.044205 1.001841 2.581100
    48 0.937672 3.860714 0.959333 3.313528 0.495448 1.953469
    49 0.000000 -1.690632 0.000000 0.491549 0.000000 0.000000
    50 -0.000013 1.690666 0.000021 1.390289 0.000000 0.000000
    51 -0.000002 -1.423443 0.000002 0.234212 0.000000 0.000000
    52 0.000008 1.423420 0.000028 1.015383 0.000000 0.000000
    53 -1.546646 -3.404194 -1.915569 3.024293 0.944156 2.514436
    54 1.546661 3.404217 1.915585 3.806394 0.574423 2.027402
    55 0.000004 -1.437820 0.000000 0.424958 0.000000 0.000000
    56 -0.000021 1.437870 0.000031 1.180380 0.000000 0.000000
    57 -0.000002 -1.059402 0.000000 0.322075 0.000000 0.000000
    58 0.000006 1.059372 0.000008 1.785072 0.000000 0.000000
    59 -0.000004 -13.013485 -0.000004 0.010936 -0.284123 -0.076426
    60 0.161133 -10.812500 0.023087 0.010936 -0.284123 -0.076426
  time 66
    0 0.000000 0.826660 0.000001 -1.559900 -0.000006 -0.000006
    1 -7.059201 7.545358 -8.025539 -0.861262 0.176370 0.242537
    2 0.000000 14.313023 0.000003 -2.035726 0.000000 0.000000
    3 -0.000011 13.013483 -0.000005 -0.026563 0.965698 -0.299741
    4 8.652996 -22.135220 3.978737 2.947657 0.312156 -0.581899
    5 0.000000 -14.313034 0.000000 -0.487806 0.000000 0.000000
    6 -0.000004 -13.013485 -0.000004 0.000000 0.000000 0.000000
    7 -1.330879 -2.698427 0.462449 -0.194886 -0.547260 3.056712
    8 1.330910 2.698444 -0.462436 0.194890 0.547268 -0.084879
    9 2.682310 2.591564 -2.404725 0.528577 0.881875 0.303577
    10 3.556210 4.238403 0.987502 -1.090396 0.577049 -0.321829
    11 4.139183 5.092691 1.421975 -1.090396 0.577049 -0.321829
    12 4.777527 6.028128 1.897721 -1.090396 0.577049 -0.321829
    13 5.490345 7.072691 2.428969 -1.090396 0.577049 -0.321829
    14 6.566406 8.648438 3.232422 -1.090396 0.577049 -0.321829
    15 7.558525 6.997282 -2.354134 -1.937336 -0.275393 3.010581
    16 7.558525 6.997282 -2.354134 1.937336 0.275393 -0.131011
    17 -2.867767 -2.740969 0.531125 2.051196 0.577049 -0.321829
    18 2.238080 1.556465 -3.048391 -2.188737 -0.326381 1.450781
    19 2.953856 7.331067 -1.066521 0.675948 -0.450547 -0.902825
    20 3.345417 6.845474 -0.760956 0.753453 -0.383390 -1.087171
    21 6.347118 1.003363 1.835955 0.493773 0.694955 -2.338430
    22 6.946648 6.587124 1.429667 -1.090396 0.577049 -0.321829
    23 7.537933 7.453606 1.870349 -1.090396 0.577049 -0.321829
    24 8.154472 8.357077 2.329839 -1.090396 0.577049 -0.321829
    25 8.874294 9.411907 2.866308 -1.090396 0.577049 -0.321829
    26 -4.125858 -2.321501 1.394414 2.051196 0.577049 -0.321829
    27 -4.826813 -3.348669 0.872014 2.051196 0.577049 -0.321829
    28 -5.441669 -4.249685 0.413772 2.051196 0.577049 -0.321829
    29 -0.552532 -1.343527 1.604446 -0.415180 0.312114 -0.422073
    30 0.552589 1.343534 -1.604463 -0.225098 0.151492 -0.478198
    31 0.000000 -2.021618 -0.000004 0.186809 0.000000 0.000000
    32 -0.000021 2.021633 0.000027 0.351347 0.000000 0.000000
    33 -0.000004 -1.136217 -0.000004 -0.210111 0.000000 0.000000
    34 -0.000011 1.136200 -0.000019 -0.323696 0.000000 0.000000
    35 -0.032677 -4.587727 1.352317 2.844703 1.216154 2.484990
    36 0.032719 4.587772 -1.352291 2.366187 0.611677 1.872160
    37 0.000000 -1.754536 -0.000002 0.662896 0.000000 0.000000
    38 -0.000006 1.754520 -0.000034 0.771655 0.000000 0.000000
    39 0.000000 -1.227020 -0.000002 0.092660 0.000000 0.000000
    40 0.000002 1.227070 0.000032 0.984978 0.000000 0.000000
    41 -0.367996 -4.208406 0.173244 2.943027 1.091688 2.536231
    42 0.368011 4.208412 -0.173239 2.852135 0.595784 2.009914
    43 0.000000 -2.372318 -0.000004 0.722081 0.000000 0.000000
    44 -0.000006 2.372318 -0.000032 1.518874 0.000000 0.000000
    45 0.000004 -1.580070 -0.000001 0.034255 0.000000 0.000000
    46 -0.000002 1.580170 0.000030 -0.082081 0.000000 0.000000
    47 -0.937645 -3.860697 -0.959317 3.044205 1.001841 2.581100
    48 0.937672 3.860714 0.959333 3.163492 0.697690 2.036413
    49 0.000000 -1.690632 0.000000 0.491549 0.000000 0.000000
    50 -0.000013 1.690666 0.000021 1.412622 0.000000 0.000000
    51 -0.000002 -1.423443 0.000002 0.234212 0.000000 0.000000
    52 0.000008 1.423420 0.000028 0.991524 0.000000 0.000000
    53 -1.546646 -3.404194 -1.915569 3.024293 0.944156 2.514436
    54 1.546661 3.404217 1.915585 3.677090 0.652248 2.175422
    55 0.000004 -1.437820 0.000000 0.424958 0.000000 0.000000
    56 -0.000021 1.437870 0.000031 1.042132 0.000000 0.000000
    57 -0.000002 -1.059402 0.000000 0.322075 0.000000 0.000000
    58 0.000006 1.059372 0.000008 1.796091 0.000000 0.000000
    59 -0.000004 -13.013485 -0.000004 0.010936 -0.284123 -0.076426
    60 0.161133 -10.812500 0.023087 0.010936 -0.284123 -0.076426
  time 67
    0 0.000000 0.826660 0.000001 -1.559900 -0.000006 -0.000006
    1 -7.059201 7.545358 -8.025539 -0.865685 0.257965 0.103218
    2 0.000000 14.313023 0.000003 -1.939741 0.000000 0.000000
    3 -0.000011 13.013483 -0.000005 -0.080835 1.184129 -0.253826
    4 8.652996 -22.135220 3.978737 2.947657 0.312156 -0.581899
    5 0.000000 -14.313034 0.000000 -0.487806 0.000000 0.000000
    6 -0.000004 -13.013485 -0.000004 0.000000 0.000000 0.000000
    7 -1.330879 -2.698427 0.462449 -0.194886 -0.547260 3.056712
    8 1.330910 2.698444 -0.462436 0.194890 0.547268 -0.084879
    9 4.135116 2.738795 -1.647054 0.165261 1.025658 0.404721
    10 3.556210 4.238403 0.987502 -1.090396 0.577049 -0.321829
    11 4.139183 5.092691 1.421975 -1.090396 0.577049 -0.321829
    12 4.777527 6.028128 1.897721 -1.090396 0.577049 -0.321829
    13 5.490345 7.072691 2.428969 -1.090396 0.577049 -0.321829
    14 6.566406 8.648438 3.232422 -1.090396 0.577049 -0.321829
    15 7.558525 6.997282 -2.354134 -1.937336 -0.275393 3.010581
    16 7.558525 6.997282 -2.354134 1.937336 0.275393 -0.131011
    17 -2.867767 -2.740969 0.531125 2.051196 0.577049 -0.321829
    18 4.167827 1.525214 -2.013203 -2.109693 -0.085404 1.833988
    19 2.590563 7.448258 -1.472784 0.029253 -0.669369 0.273547
    20 3.118848 7.595497 -1.046121 0.693576 -0.243074 -0.975399
    21 6.909635 1.882296 0.605448 0.193819 0.706542 -2.534290
    22 6.946648 6.587124 1.429667 -1.090396 0.577049 -0.321829
    23 7.537933 7.453606 1.870349 -1.090396 0.577049 -0.321829
    24 8.154472 8.357077 2.329839 -1.090396 0.577049 -0.321829
    25 8.874294 9.411907 2.866308 -1.090396 0.577049 -0.321829
    26 -4.125858 -2.321501 1.394414 2.051196 0.577049 -0.321829
    27 -4.826813 -3.348669 0.872014 2.051196 0.577049 -0.321829
    28 -5.441669 -4.249685 0.413772 2.051196 0.577049 -0.321829
    29 -0.552532 -1.343527 1.604446 -0.415180 0.312114 -0.422073
    30 0.552589 1.343534 -1.604463 -0.225463 -0.099095 -0.518302
    31 0.000000 -2.021618 -0.000004 0.186809 0.000000 0.000000
    32 -0.000021 2.021633 0.000027 0.341131 0.000000 0.000000
    33 -0.000004 -1.136217 -0.000004 -0.210111 0.000000 0.000000
    34 -0.000011 1.136200 -0.000019 -0.289862 0.000000 0.000000
    35 -0.032677 -4.587727 1.352317 2.844703 1.216154 2.484990
    36 0.032719 4.587772 -1.352291 2.336497 0.673398 1.884218
    37 0.000000 -1.754536 -0.000002 0.662896 0.000000 0.000000
    38 -0.000006 1.754520 -0.000034 0.653190 0.000000 0.000000
    39 0.000000 -1.227020 -0.000002 0.092660 0.000000 0.000000
    40 0.000002 1.227070 0.000032 0.996028 0.000000 0.000000
    41 -0.367996 -4.208406 0.173244 2.943027 1.091688 2.536231
    42 0.368011 4.208412 -0.173239 2.817107 0.622404 2.032746
    43 0.000000 -2.372318 -0.000004 0.722081 0.000000 0.000000
    44 -0.000006 2.372318 -0.000032 1.393358 0.000000 0.000000
    45 0.000004 -1.580070 -0.000001 0.034255 0.000000 0.000000
    46 -0.000002 1.580170 0.000030 -0.194834 0.000000 0.000000
    47 -0.937645 -3.860697 -0.959317 3.044205 1.001841 2.581100
    48 0.937672 3.860714 0.959333 3.038539 0.894319 2.167799
    49 0.000000 -1.690632 0.000000 0.491549 0.000000 0.000000
    50 -0.000013 1.690666 0.000021 1.450829 0.000000 0.000000
    51 -0.000002 -1.423443 0.000002 0.234212 0.000000 0.000000
    52 0.000008 1.423420 0.000028 0.967666 0.000000 0.000000
    53 -1.546646 -3.404194 -1.915569 3.024293 0.944156 2.514436
    54 1.546661 3.404217 1.915585 3.605193 0.721976 2.247936
    55 0.000004 -1.437820 0.000000 0.424958 0.000000 0.000000
    56 -0.000021 1.437870 0.000031 0.903723 0.000000 0.000000
    57 -0.000002 -1.059402 0.000000 0.322075 0.000000 0.000000
    58 0.000006 1.059372 0.000008 1.807169 0.000000 0.000000
    59 -0.000004 -13.013485 -0.000004 0.010936 -0.284123 -0.076426
    60 0.161133 -10.812500 0.023087 0.010936 -0.284123 -0.076426
  time 68
    0 0.000000 0.826660 0.000001 -1.559900 -0.000006 -0.000006
    1 -7.059201 7.545358 -8.025539 -0.871767 0.338083 -0.004861
    2 0.000000 14.313023 0.000003 -1.828787 0.000000 0.000000
    3 -0.000011 13.013483 -0.000005 -0.591258 1.362326 -0.737802
    4 8.652996 -22.135220 3.978737 2.947657 0.312156 -0.581899
    5 0.000000 -14.313034 0.000000 -0.487806 0.000000 0.000000
    6 -0.000004 -13.013485 -0.000004 0.000000 0.000000 0.000000
    7 -1.330879 -2.698427 0.462449 -0.194886 -0.547260 3.056712
    8 1.330910 2.698444 -0.462436 0.194890 0.547268 -0.084879
    9 4.227848 2.935104 -0.990406 -0.344129 0.972438 0.049819
    10 3.556210 4.238403 0.987502 -1.090396 0.577049 -0.321829
    11 4.139183 5.092691 1.421975 -1.090396 0.577049 -0.321829
    12 4.777527 6.028128 1.897721 -1.090396 0.577049 -0.321829
    13 5.490345 7.072691 2.428969 -1.090396 0.577049 -0.321829
    14 6.566406 8.648438 3.232422 -1.090396 0.577049 -0.321829
    15 7.558525 6.997282 -2.354134 -1.937336 -0.275393 3.010581
    16 7.558525 6.997282 -2.354134 1.937336 0.275393 -0.131011
    17 -2.867767 -2.740969 0.531125 2.051196 0.577049 -0.321829
    18 4.359239 1.677563 -1.032705 -2.141273 0.191149 1.908386
    19 2.371807 7.385756 -2.199368 -0.366029 0.640145 2.641629
    20 1.884435 7.657999 -2.616481 -0.211104 -0.646106 0.454536
    21 6.972137 10.070046 1.652355 0.673591 -0.046132 -1.400066
    22 6.946648 6.587124 1.429667 -1.090396 0.577049 -0.321829
    23 7.537933 7.453606 1.870349 -1.090396 0.577049 -0.321829
    24 8.154472 8.357077 2.329839 -1.090396 0.577049 -0.321829
    25 8.874294 9.411907 2.866308 -1.090396 0.577049 -0.321829
    26 -4.125858 -2.321501 1.394414 2.051196 0.577049 -0.321829
    27 -4.826813 -3.348669 0.872014 2.051196 0.577049 -0.321829
    28 -5.441669 -4.249685 0.413772 2.051196 0.577049 -0.321829
    29 -0.552532 -1.343527 1.604446 -0.415180 0.312114 -0.422073
    30 0.552589 1.343534 -1.604463 -0.250994 -0.038391 -0.508194
    31 0.000000 -2.021618 -0.000004 0.186809 0.000000 0.000000
    32 -0.000021 2.021633 0.000027 0.391177 0.000000 0.000000
    33 -0.000004 -1.136217 -0.000004 -0.210111 0.000000 0.000000
    34 -0.000011 1.136200 -0.000019 -0.291814 0.000000 0.000000
    35 -0.032677 -4.587727 1.352317 2.844703 1.216154 2.484990
    36 0.032719 4.587772 -1.352291 2.412285 0.702198 1.894077
    37 0.000000 -1.754536 -0.000002 0.662896 0.000000 0.000000
    38 -0.000006 1.754520 -0.000034 0.554273 0.000000 0.000000
    39 0.000000 -1.227020 -0.000002 0.092660 0.000000 0.000000
    40 0.000002 1.227070 0.000032 1.005081 0.000000 0.000000
    41 -0.367996 -4.208406 0.173244 2.943027 1.091688 2.536231
    42 0.368011 4.208412 -0.173239 2.914286 0.690734 2.146447
    43 0.000000 -2.372318 -0.000004 0.722081 0.000000 0.000000
    44 -0.000006 2.372318 -0.000032 1.288637 0.000000 0.000000
    45 0.000004 -1.580070 -0.000001 0.034255 0.000000 0.000000
    46 -0.000002 1.580170 0.000030 -0.102959 0.000000 0.000000
    47 -0.937645 -3.860697 -0.959317 3.044205 1.001841 2.581100
    48 0.937672 3.860714 0.959333 2.999427 0.979417 2.251924
    49 0.000000 -1.690632 0.000000 0.491549 0.000000 0.000000
    50 -0.000013 1.690666 0.000021 1.505160 0.000000 0.000000
    51 -0.000002 -1.423443 0.000002 0.234212 0.000000 0.000000
    52 0.000008 1.423420 0.000028 0.956874 0.000000 0.000000
    53 -1.546646 -3.404194 -1.915569 3.024293 0.944156 2.514436
    54 1.546661 3.404217 1.915585 3.429926 0.928683 2.003307
    55 0.000004 -1.437820 0.000000 0.424958 0.000000 0.000000
    56 -0.000021 1.437870 0.000031 0.841039 0.000000 0.000000
    57 -0.000002 -1.059402 0.000000 0.322075 0.000000 0.000000
    58 0.000006 1.059372 0.000008 1.812204 0.000000 0.000000
    59 -0.000004 -13.013485 -0.000004 0.010936 -0.284123 -0.076426
    60 0.161133 -10.812500 0.023087 0.010936 -0.284123 -0.076426
  time 69
    0 0.000000 0.826660 0.000001 -1.559900 -0.000006 -0.000006
    1 -7.059201 7.545358 -8.025539 -0.814359 0.194873 -0.080097
    2 0.000000 14.313023 0.000003 -1.830681 0.000000 0.000000
    3 -0.000011 13.013483 -0.000005 -0.684610 1.377090 -0.750264
    4 8.652996 -22.135220 3.978737 2.947657 0.312156 -0.581899
    5 0.000000 -14.313034 0.000000 -0.487806 0.000000 0.000000
    6 -0.000004 -13.013485 -0.000004 0.000000 0.000000 0.000000
    7 -1.330879 -2.698427 0.462449 -0.194886 -0.547260 3.056712
    8 1.330910 2.698444 -0.462436 0.194890 0.547268 -0.084879
    9 3.702365 3.131412 -0.535804 -0.642597 0.868068 -0.265533
    10 3.556210 4.238403 0.987502 -1.090396 0.577049 -0.321829
    11 4.139183 5.092691 1.421975 -1.090396 0.577049 -0.321829
    12 4.777527 6.028128 1.897721 -1.090396 0.577049 -0.321829
    13 5.490345 7.072691 2.428969 -1.090396 0.577049 -0.321829
    14 6.566406 8.648438 3.232422 -1.090396 0.577049 -0.321829
    15 7.558525 6.997282 -2.354134 -1.937336 -0.275393 3.010581
    16 7.558525 6.997282 -2.354134 1.937336 0.275393 -0.131011
    17 -2.867767 -2.740969 0.531125 2.051196 0.577049 -0.321829
    18 3.730313 1.884600 -0.356903 -2.166575 0.397747 1.824113
    19 2.313211 7.385756 -2.734541 -0.183941 0.793308 2.683718
    20 1.872716 7.599403 -3.229781 -0.757093 -0.007787 1.376894
    21 3.288431 14.523307 -3.129041 -0.607941 -0.483343 0.796097
    22 6.946648 6.587124 1.429667 -1.090396 0.577049 -0.321829
    23 7.537933 7.453606 1.870349 -1.090396 0.577049 -0.321829
    24 8.154472 8.357077 2.329839 -1.090396 0.577049 -0.321829
    25 8.874294 9.411907 2.866308 -1.090396 0.577049 -0.321829
    26 -4.125858 -2.321501 1.394414 2.051196 0.577049 -0.321829
    27 -4.826813 -3.348669 0.872014 2.051196 0.577049 -0.321829
    28 -5.441669 -4.249685 0.413772 2.051196 0.577049 -0.321829
    29 -0.552532 -1.343527 1.604446 -0.415180 0.312114 -0.422073
    30 0.552589 1.343534 -1.604463 -0.310339 0.102921 -0.479980
    31 0.000000 -2.021618 -0.000004 0.186809 0.000000 0.000000
    32 -0.000021 2.021633 0.000027 0.501485 0.000000 0.000000
    33 -0.000004 -1.136217 -0.000004 -0.210111 0.000000 0.000000
    34 -0.000011 1.136200 -0.000019 -0.301202 0.000000 0.000000
    35 -0.032677 -4.587727 1.352317 2.844703 1.216154 2.484990
    36 0.032719 4.587772 -1.352291 2.485556 0.719419 1.903404
    37 0.000000 -1.754536 -0.000002 0.662896 0.000000 0.000000
    38 -0.000006 1.754520 -0.000034 0.512683 0.000000 0.000000
    39 0.000000 -1.227020 -0.000002 0.092660 0.000000 0.000000
    40 0.000002 1.227070 0.000032 1.008942 0.000000 0.000000
    41 -0.367996 -4.208406 0.173244 2.943027 1.091688 2.536231
    42 0.368011 4.208412 -0.173239 2.998801 0.746704 2.243815
    43 0.000000 -2.372318 -0.000004 0.722081 0.000000 0.000000
    44 -0.000006 2.372318 -0.000032 1.244634 0.000000 0.000000
    45 0.000004 -1.580070 -0.000001 0.034255 0.000000 0.000000
    46 -0.000002 1.580170 0.000030 -0.010800 0.000000 0.000000
    47 -0.937645 -3.860697 -0.959317 3.044205 1.001841 2.581100
    48 0.937672 3.860714 0.959333 3.214866 0.979417 2.251924
    49 0.000000 -1.690632 0.000000 0.491549 0.000000 0.000000
    50 -0.000013 1.690666 0.000021 1.608013 0.000000 0.000000
    51 -0.000002 -1.423443 0.000002 0.234212 0.000000 0.000000
    52 0.000008 1.423420 0.000028 0.963188 0.000000 0.000000
    53 -1.546646 -3.404194 -1.915569 3.024293 0.944156 2.514436
    54 1.546661 3.404217 1.915585 3.512898 0.928683 2.003307
    55 0.000004 -1.437820 0.000000 0.424958 0.000000 0.000000
    56 -0.000021 1.437870 0.000031 0.945139 0.000000 0.000000
    57 -0.000002 -1.059402 0.000000 0.322075 0.000000 0.000000
    58 0.000006 1.059372 0.000008 1.703854 0.000000 0.000000
    59 -0.000004 -13.013485 -0.000004 0.010936 -0.284123 -0.076426
    60 0.161133 -10.812500 0.023087 0.010936 -0.284123 -0.076426
  time 70
    0 0.000000 0.826660 0.000001 -1.559900 -0.000006 -0.000006
    1 -7.059201 7.545358 -8.025539 -0.744143 0.067782 -0.134480
    2 0.000000 14.313023 0.000003 -1.820233 0.000000 0.000000
    3 -0.000011 13.013483 -0.000005 -0.647537 1.423785 -0.618845
    4 8.652996 -22.135220 3.978737 2.947657 0.312156 -0.581899
    5 0.000000 -14.313034 0.000000 -0.487806 0.000000 0.000000
    6 -0.000004 -13.013485 -0.000004 0.000000 0.000000 0.000000
    7 -1.330879 -2.698427 0.462449 -0.194886 -0.547260 3.056712
    8 1.330910 2.698444 -0.462436 0.194890 0.547268 -0.084879
    9 3.362347 3.229567 -0.485293 -0.680050 0.890850 -0.349552
    10 3.556210 4.238403 0.987502 -1.090396 0.577049 -0.321829
    11 4.139183 5.092691 1.421975 -1.090396 0.577049 -0.321829
    12 4.777527 6.028128 1.897721 -1.090396 0.577049 -0.321829
    13 5.490345 7.072691 2.428969 -1.090396 0.577049 -0.321829
    14 6.566406 8.648438 3.232422 -1.090396 0.577049 -0.321829
    15 7.558525 6.997282 -2.354134 -1.937336 -0.275393 3.010581
    16 7.558525 6.997282 -2.354134 1.937336 0.275393 -0.131011
    17 -2.867767 -2.740969 0.531125 2.051196 0.577049 -0.321829
    18 3.335770 2.060387 -0.267056 -2.131856 0.406355 1.782312
    19 2.156956 7.596700 -2.687665 -0.137281 0.762676 2.656585
    20 1.716461 7.818160 -3.167279 0.275677 0.675984 -2.989979
    21 -3.731315 7.073861 -7.605740 0.721205 0.032937 -1.881040
    22 6.946648 6.587124 1.429667 -1.090396 0.577049 -0.321829
    23 7.537933 7.453606 1.870349 -1.090396 0.577049 -0.321829
    24 8.154472 8.357077 2.329839 -1.090396 0.577049 -0.321829
    25 8.874294 9.411907 2.866308 -1.090396 0.577049 -0.321829
    26 -4.125858 -2.321501 1.394414 2.051196 0.577049 -0.321829
    27 -4.826813 -3.348669 0.872014 2.051196 0.577049 -0.321829
    28 -5.441669 -4.249685 0.413772 2.051196 0.577049 -0.321829
    29 -0.552532 -1.343527 1.604446 -0.415180 0.312114 -0.422073
    30 0.552589 1.343534 -1.604463 -0.372925 0.262789 -0.440680
    31 0.000000 -2.021618 -0.000004 0.186809 0.000000 0.000000
    32 -0.000021 2.021633 0.000027 0.611928 0.000000 0.000000
    33 -0.000004 -1.136217 -0.000004 -0.210111 0.000000 0.000000
    34 -0.000011 1.136200 -0.000019 -0.323184 0.000000 0.000000
    35 -0.032677 -4.587727 1.352317 2.844703 1.216154 2.484990
    36 0.032719 4.587772 -1.352291 2.478263 0.741947 1.914552
    37 0.000000 -1.754536 -0.000002 0.662896 0.000000 0.000000
    38 -0.000006 1.754520 -0.000034 0.796781 0.000000 0.000000
    39 0.000000 -1.227020 -0.000002 0.092660 0.000000 0.000000
    40 0.000002 1.227070 0.000032 0.505769 0.000000 0.000000
    41 -0.367996 -4.208406 0.173244 2.943027 1.091688 2.536231
    42 0.368011 4.208412 -0.173239 2.896413 0.791881 2.154419
    43 0.000000 -2.372318 -0.000004 0.722081 0.000000 0.000000
    44 -0.000006 2.372318 -0.000032 1.498518 0.000000 0.000000
    45 0.000004 -1.580070 -0.000001 0.034255 0.000000 0.000000
    46 -0.000002 1.580170 0.000030 -0.276127 0.000000 0.000000
    47 -0.937645 -3.860697 -0.959317 3.044205 1.001841 2.581100
    48 0.937672 3.860714 0.959333 3.615737 0.979417 2.251924
    49 0.000000 -1.690632 0.000000 0.491549 0.000000 0.000000
    50 -0.000013 1.690666 0.000021 1.739809 0.000000 0.000000
    51 -0.000002 -1.423443 0.000002 0.234212 0.000000 0.000000
    52 0.000008 1.423420 0.000028 0.975594 0.000000 0.000000
    53 -1.546646 -3.404194 -1.915569 3.024293 0.944156 2.514436
    54 1.546661 3.404217 1.915585 3.647094 0.928683 2.003307
    55 0.000004 -1.437820 0.000000 0.424958 0.000000 0.000000
    56 -0.000021 1.437870 0.000031 1.150828 0.000000 0.000000
    57 -0.000002 -1.059402 0.000000 0.322075 0.000000 0.000000
    58 0.000006 1.059372 0.000008 1.489759 0.000000 0.000000
    59 -0.000004 -13.013485 -0.000004 0.010936 -0.284123 -0.076426
    60 0.161133 -10.812500 0.023087 0.010936 -0.284123 -0.076426
  time 71
    0 0.000000 0.826660 0.000001 -1.559900 -0.000006 -0.000006
    1 -7.059201 7.545358 -8.025539 -0.680470 -0.013480 -0.214986
    2 0.000000 14.313023 0.000003 -1.798176 0.000000 0.000000
    3 -0.000011 13.013483 -0.000005 -0.671806 1.479159 -0.592677
    4 8.652996 -22.135220 3.978737 2.947657 0.312156 -0.581899
    5 0.000000 -14.313034 0.000000 -0.487806 0.000000 0.000000
    6 -0.000004 -13.013485 -0.000004 0.000000 0.000000 0.000000
    7 -1.330879 -2.698427 0.462449 -0.194886 -0.547260 3.056712
    8 1.330910 2.698444 -0.462436 0.194890 0.547268 -0.084879
    9 3.053240 3.376798 -0.434781 -0.725356 0.975073 -0.445113
    10 3.556210 4.238403 0.987502 -1.090396 0.577049 -0.321829
    11 4.139183 5.092691 1.421975 -1.090396 0.577049 -0.321829
    12 4.777527 6.028128 1.897721 -1.090396 0.577049 -0.321829
    13 5.490345 7.072691 2.428969 -1.090396 0.577049 -0.321829
    14 6.566406 8.648438 3.232422 -1.090396 0.577049 -0.321829
    15 7.558525 6.997282 -2.354134 -1.937336 -0.275393 3.010581
    16 7.558525 6.997282 -2.354134 1.937336 0.275393 -0.131011
    17 -2.867767 -2.740969 0.531125 2.051196 0.577049 -0.321829
    18 2.984197 2.224454 -0.247524 -2.040066 0.381348 1.758536
    19 1.926481 7.842801 -2.531410 -0.302298 0.609940 2.262448
    20 1.568019 8.275205 -2.921178 0.574682 0.270309 -2.307173
    21 -3.055513 3.288589 -4.855656 -0.132959 -0.616329 -0.118396
    22 6.946648 6.587124 1.429667 -1.090396 0.577049 -0.321829
    23 7.537933 7.453606 1.870349 -1.090396 0.577049 -0.321829
    24 8.154472 8.357077 2.329839 -1.090396 0.577049 -0.321829
    25 8.874294 9.411907 2.866308 -1.090396 0.577049 -0.321829
    26 -4.125858 -2.321501 1.394414 2.051196 0.577049 -0.321829
    27 -4.826813 -3.348669 0.872014 2.051196 0.577049 -0.321829
    28 -5.441669 -4.249685 0.413772 2.051196 0.577049 -0.321829
    29 -0.552532 -1.343527 1.604446 -0.415180 0.312114 -0.422073
    30 0.552589 1.343534 -1.604463 -0.398665 0.377219 -0.405249
    31 0.000000 -2.021618 -0.000004 0.186809 0.000000 0.000000
    32 -0.000021 2.021633 0.000027 0.661947 0.000000 0.000000
    33 -0.000004 -1.136217 -0.000004 -0.210111 0.000000 0.000000
    34 -0.000011 1.136200 -0.000019 -0.362502 0.000000 0.000000
    35 -0.032677 -4.587727 1.352317 2.844703 1.216154 2.484990
    36 0.032719 4.587772 -1.352291 2.443538 0.786447 1.931009
    37 0.000000 -1.754536 -0.000002 0.662896 0.000000 0.000000
    38 -0.000006 1.754520 -0.000034 1.079609 0.000000 0.000000
    39 0.000000 -1.227020 -0.000002 0.092660 0.000000 0.000000
    40 0.000002 1.227070 0.000032 0.005258 0.000000 0.000000
    41 -0.367996 -4.208406 0.173244 2.943027 1.091688 2.536231
    42 0.368011 4.208412 -0.173239 2.773817 0.843453 2.043815
    43 0.000000 -2.372318 -0.000004 0.722081 0.000000 0.000000
    44 -0.000006 2.372318 -0.000032 1.751129 0.000000 0.000000
    45 0.000004 -1.580070 -0.000001 0.034255 0.000000 0.000000
    46 -0.000002 1.580170 0.000030 -0.540259 0.000000 0.000000
    47 -0.937645 -3.860697 -0.959317 3.044205 1.001841 2.581100
    48 0.937672 3.860714 0.959333 3.830898 0.979417 2.251924
    49 0.000000 -1.690632 0.000000 0.491549 0.000000 0.000000
    50 -0.000013 1.690666 0.000021 1.823234 0.000000 0.000000
    51 -0.000002 -1.423443 0.000002 0.234212 0.000000 0.000000
    52 0.000008 1.423420 0.000028 0.984404 0.000000 0.000000
    53 -1.546646 -3.404194 -1.915569 3.024293 0.944156 2.514436
    54 1.546661 3.404217 1.915585 3.740034 0.928683 2.003307
    55 0.000004 -1.437820 0.000000 0.424958 0.000000 0.000000
    56 -0.000021 1.437870 0.000031 1.296772 0.000000 0.000000
    57 -0.000002 -1.059402 0.000000 0.322075 0.000000 0.000000
    58 0.000006 1.059372 0.000008 1.337867 0.000000 0.000000
    59 -0.000004 -13.013485 -0.000004 0.010936 -0.284123 -0.076426
    60 0.161133 -10.812500 0.023087 0.010936 -0.284123 -0.076426
  time 72
    0 0.000000 0.826660 0.000001 -1.559900 -0.000006 -0.000006
    1 -7.059201 7.545358 -8.025539 -0.627117 -0.049104 -0.283958
    2 0.000000 14.313023 0.000003 -1.778747 0.000000 0.000000
    3 -0.000011 13.013483 -0.000005 -0.784841 1.467980 -0.743074
    4 8.652996 -22.135220 3.978737 2.947657 0.312156 -0.581899
    5 0.000000 -14.313034 0.000000 -0.487806 0.000000 0.000000
    6 -0.000004 -13.013485 -0.000004 0.000000 0.000000 0.000000
    7 -1.330879 -2.698427 0.462449 -0.194886 -0.547260 3.056712
    8 1.330910 2.698444 -0.462436 0.194890 0.547268 -0.084879
    9 2.775043 3.524029 -0.434781 -0.768077 1.056097 -0.559503
    10 3.556210 4.238403 0.987502 -1.090396 0.577049 -0.321829
    11 4.139183 5.092691 1.421975 -1.090396 0.577049 -0.321829
    12 4.777527 6.028128 1.897721 -1.090396 0.577049 -0.321829
    13 5.490345 7.072691 2.428969 -1.090396 0.577049 -0.321829
    14 6.566406 8.648438 3.232422 -1.090396 0.577049 -0.321829
    15 7.558525 6.997282 -2.354134 -1.937336 -0.275393 3.010581
    16 7.558525 6.997282 -2.354134 1.937336 0.275393 -0.131011
    17 -2.867767 -2.740969 0.531125 2.051196 0.577049 -0.321829
    18 2.585747 2.400241 -0.251431 -1.957027 0.349094 1.710119
    19 1.793664 8.131872 -2.347811 -0.252604 0.521947 2.168109
    20 1.458641 8.618966 -2.690702 0.488267 0.226338 -2.427668
    21 -3.793816 4.179242 -4.320483 -0.116290 -0.522645 -0.227686
    22 6.946648 6.587124 1.429667 -1.090396 0.577049 -0.321829
    23 7.537933 7.453606 1.870349 -1.090396 0.577049 -0.321829
    24 8.154472 8.357077 2.329839 -1.090396 0.577049 -0.321829
    25 8.874294 9.411907 2.866308 -1.090396 0.577049 -0.321829
    26 -4.125858 -2.321501 1.394414 2.051196 0.577049 -0.321829
    27 -4.826813 -3.348669 0.872014 2.051196 0.577049 -0.321829
    28 -5.441669 -4.249685 0.413772 2.051196 0.577049 -0.321829
    29 -0.552532 -1.343527 1.604446 -0.415180 0.312114 -0.422073
    30 0.552589 1.343534 -1.604463 -0.352307 0.433323 -0.384142
    31 0.000000 -2.021618 -0.000004 0.186809 0.000000 0.000000
    32 -0.000021 2.021633 0.000027 0.612553 0.000000 0.000000
    33 -0.000004 -1.136217 -0.000004 -0.210111 0.000000 0.000000
    34 -0.000011 1.136200 -0.000019 -0.433655 0.000000 0.000000
    35 -0.032677 -4.587727 1.352317 2.844703 1.216154 2.484990
    36 0.032719 4.587772 -1.352291 2.389540 0.879789 1.965817
    37 0.000000 -1.754536 -0.000002 0.662896 0.000000 0.000000
    38 -0.000006 1.754520 -0.000034 1.021964 0.000000 0.000000
    39 0.000000 -1.227020 -0.000002 0.092660 0.000000 0.000000
    40 0.000002 1.227070 0.000032 0.241435 0.000000 0.000000
    41 -0.367996 -4.208406 0.173244 2.943027 1.091688 2.536231
    42 0.368011 4.208412 -0.173239 2.769326 0.920779 2.063242
    43 0.000000 -2.372318 -0.000004 0.722081 0.000000 0.000000
    44 -0.000006 2.372318 -0.000032 1.325927 0.000000 0.000000
    45 0.000004 -1.580070 -0.000001 0.034255 0.000000 0.000000
    46 -0.000002 1.580170 0.000030 -0.481152 0.000000 0.000000
    47 -0.937645 -3.860697 -0.959317 3.044205 1.001841 2.581100
    48 0.937672 3.860714 0.959333 3.778316 0.979417 2.251924
    49 0.000000 -1.690632 0.000000 0.491549 0.000000 0.000000
    50 -0.000013 1.690666 0.000021 1.849473 0.000000 0.000000
    51 -0.000002 -1.423443 0.000002 0.234212 0.000000 0.000000
    52 0.000008 1.423420 0.000028 0.987340 0.000000 0.000000
    53 -1.546646 -3.404194 -1.915569 3.024293 0.944156 2.514436
    54 1.546661 3.404217 1.915585 3.770953 0.906122 2.000161
    55 0.000004 -1.437820 0.000000 0.424958 0.000000 0.000000
    56 -0.000021 1.437870 0.000031 1.345562 0.000000 0.000000
    57 -0.000002 -1.059402 0.000000 0.322075 0.000000 0.000000
    58 0.000006 1.059372 0.000008 1.287098 0.000000 0.000000
    59 -0.000004 -13.013485 -0.000004 0.010936 -0.284123 -0.076426
    60 0.161133 -10.812500 0.023087 0.010936 -0.284123 -0.076426
  time 73
    0 0.000000 0.826660 0.000001 -1.559900 -0.000006 -0.000006
    1 -7.059201 7.545358 -8.025539 -0.630158 -0.118014 0.116279
    2 0.000000 14.313023 0.000003 -1.769827 0.000000 0.000000
    3 -0.000011 13.013483 -0.000005 0.642377 1.250823 0.451098
    4 8.652996 -22.135220 3.978737 2.947657 0.312156 -0.581899
    5 0.000000 -14.313034 0.000000 -0.487806 0.000000 0.000000
    6 -0.000004 -13.013485 -0.000004 0.000000 0.000000 0.000000
    7 -1.330879 -2.698427 0.462449 -0.194886 -0.547260 3.056712
    8 1.330910 2.698444 -0.462436 0.194890 0.547268 -0.084879
    9 2.435024 3.769415 -0.434781 -0.740778 1.072038 -0.645886
    10 3.556210 4.238403 0.987502 -1.090396 0.577049 -0.321829
    11 4.139183 5.092691 1.421975 -1.090396 0.577049 -0.321829
    12 4.777527 6.028128 1.897721 -1.090396 0.577049 -0.321829
    13 5.490345 7.072691 2.428969 -1.090396 0.577049 -0.321829
    14 6.566406 8.648438 3.232422 -1.090396 0.577049 -0.321829
    15 7.558525 6.997282 -2.354134 -1.937336 -0.275393 3.010581
    16 7.558525 6.997282 -2.354134 1.937336 0.275393 -0.131011
    17 -2.867767 -2.740969 0.531125 2.051196 0.577049 -0.321829
    18 2.101357 2.638529 -0.259243 -1.952937 0.328663 1.601207
    19 1.938200 8.467820 -2.242339 -0.246344 0.490521 2.053348
    20 1.657866 9.001790 -2.561792 0.465082 0.211804 -2.526882
    21 -4.024292 5.089426 -4.078288 -0.109009 -0.497084 -0.334197
    22 6.946648 6.587124 1.429667 -1.090396 0.577049 -0.321829
    23 7.537933 7.453606 1.870349 -1.090396 0.577049 -0.321829
    24 8.154472 8.357077 2.329839 -1.090396 0.577049 -0.321829
    25 8.874294 9.411907 2.866308 -1.090396 0.577049 -0.321829
    26 -4.125858 -2.321501 1.394414 2.051196 0.577049 -0.321829
    27 -4.826813 -3.348669 0.872014 2.051196 0.577049 -0.321829
    28 -5.441669 -4.249685 0.413772 2.051196 0.577049 -0.321829
    29 -0.552532 -1.343527 1.604446 -0.415180 0.312114 -0.422073
    30 0.552589 1.343534 -1.604463 -0.250942 0.466590 -0.370774
    31 0.000000 -2.021618 -0.000004 0.186809 0.000000 0.000000
    32 -0.000021 2.021633 0.000027 0.494339 0.000000 0.000000
    33 -0.000004 -1.136217 -0.000004 -0.210111 0.000000 0.000000
    34 -0.000011 1.136200 -0.000019 -0.531298 0.000000 0.000000
    35 -0.032677 -4.587727 1.352317 2.844703 1.216154 2.484990
    36 0.032719 4.587772 -1.352291 2.338407 1.004826 2.029671
    37 0.000000 -1.754536 -0.000002 0.662896 0.000000 0.000000
    38 -0.000006 1.754520 -0.000034 0.894746 0.000000 0.000000
    39 0.000000 -1.227020 -0.000002 0.092660 0.000000 0.000000
    40 0.000002 1.227070 0.000032 0.762847 0.000000 0.000000
    41 -0.367996 -4.208406 0.173244 2.943027 1.091688 2.536231
    42 0.368011 4.208412 -0.173239 2.861655 1.030188 2.197917
    43 0.000000 -2.372318 -0.000004 0.722081 0.000000 0.000000
    44 -0.000006 2.372318 -0.000032 0.535320 0.000000 0.000000
    45 0.000004 -1.580070 -0.000001 0.034255 0.000000 0.000000
    46 -0.000002 1.580170 0.000030 -0.339216 0.000000 0.000000
    47 -0.937645 -3.860697 -0.959317 3.044205 1.001841 2.581100
    48 0.937672 3.860714 0.959333 3.662281 0.979417 2.251924
    49 0.000000 -1.690632 0.000000 0.491549 0.000000 0.000000
    50 -0.000013 1.690666 0.000021 1.862943 0.000000 0.000000
    51 -0.000002 -1.423443 0.000002 0.234212 0.000000 0.000000
    52 0.000008 1.423420 0.000028 0.988882 0.000000 0.000000
    53 -1.546646 -3.404194 -1.915569 3.024293 0.944156 2.514436
    54 1.546661 3.404217 1.915585 3.783782 0.856275 1.993562
    55 0.000004 -1.437820 0.000000 0.424958 0.000000 0.000000
    56 -0.000021 1.437870 0.000031 1.370626 0.000000 0.000000
    57 -0.000002 -1.059402 0.000000 0.322075 0.000000 0.000000
    58 0.000006 1.059372 0.000008 1.261033 0.000000 0.000000
    59 -0.000004 -13.013485 -0.000004 0.010936 -0.284123 -0.076426
    60 0.161133 -10.812500 0.023087 0.010936 -0.284123 -0.076426
  time 74
    0 0.000000 0.826660 0.000001 -1.559900 -0.000006 -0.000006
    1 -7.059201 7.545358 -8.025539 -0.683419 -0.153971 0.649878
    2 0.000000 14.313023 0.000003 -1.775876 0.000000 0.000000
    3 -0.000011 13.013483 -0.000005 1.253606 0.926031 0.965268
    4 8.652996 -22.135220 3.978737 2.947657 0.312156 -0.581899
    5 0.000000 -14.313034 0.000000 -0.487806 0.000000 0.000000
    6 -0.000004 -13.013485 -0.000004 0.000000 0.000000 0.000000
    7 -1.330879 -2.698427 0.462449 -0.194886 -0.547260 3.056712
    8 1.330910 2.698444 -0.462436 0.194890 0.547268 -0.084879
    9 2.775043 4.112955 -0.939895 -0.190009 -0.176573 -0.058515
    10 3.556210 4.238403 0.987502 -1.090396 0.577049 -0.321829
    11 4.139183 5.092691 1.421975 -1.090396 0.577049 -0.321829
    12 4.777527 6.028128 1.897721 -1.090396 0.577049 -0.321829
    13 5.490345 7.072691 2.428969 -1.090396 0.577049 -0.321829
    14 6.566406 8.648438 3.232422 -1.090396 0.577049 -0.321829
    15 7.558525 6.997282 -2.354134 -1.937336 -0.275393 3.010581
    16 7.558525 6.997282 -2.354134 1.937336 0.275393 -0.131011
    17 -2.867767 -2.740969 0.531125 2.051196 0.577049 -0.321829
    18 2.726376 2.931507 -1.142083 -3.321321 0.187063 1.478488
    19 3.281991 8.967835 -2.273589 -1.823584 0.571191 1.371877
    20 3.392293 9.533056 -2.643826 1.894195 0.922264 -1.338035
    21 4.390027 5.448812 -8.336231 -4.169927 -1.189553 -2.109303
    22 6.946648 6.587124 1.429667 -1.090396 0.577049 -0.321829
    23 7.537933 7.453606 1.870349 -1.090396 0.577049 -0.321829
    24 8.154472 8.357077 2.329839 -1.090396 0.577049 -0.321829
    25 8.874294 9.411907 2.866308 -1.090396 0.577049 -0.321829
    26 -4.125858 -2.321501 1.394414 2.051196 0.577049 -0.321829
    27 -4.826813 -3.348669 0.872014 2.051196 0.577049 -0.321829
    28 -5.441669 -4.249685 0.413772 2.051196 0.577049 -0.321829
    29 -0.552532 -1.343527 1.604446 -0.415180 0.312114 -0.422073
    30 0.552589 1.343534 -1.604463 -0.130370 0.488437 -0.356384
    31 0.000000 -2.021618 -0.000004 0.186809 0.000000 0.000000
    32 -0.000021 2.021633 0.000027 0.354037 0.000000 0.000000
    33 -0.000004 -1.136217 -0.000004 -0.210111 0.000000 0.000000
    34 -0.000011 1.136200 -0.000019 -0.630568 0.000000 0.000000
    35 -0.032677 -4.587727 1.352317 2.844703 1.216154 2.484990
    36 0.032719 4.587772 -1.352291 2.317919 1.112012 2.112105
    37 0.000000 -1.754536 -0.000002 0.662896 0.000000 0.000000
    38 -0.000006 1.754520 -0.000034 0.768163 0.000000 0.000000
    39 0.000000 -1.227020 -0.000002 0.092660 0.000000 0.000000
    40 0.000002 1.227070 0.000032 1.281663 0.000000 0.000000
    41 -0.367996 -4.208406 0.173244 2.943027 1.091688 2.536231
    42 0.368011 4.208412 -0.173239 3.017932 1.115109 2.397454
    43 0.000000 -2.372318 -0.000004 0.722081 0.000000 0.000000
    44 -0.000006 2.372318 -0.000032 0.111171 0.000000 0.000000
    45 0.000004 -1.580070 -0.000001 0.034255 0.000000 0.000000
    46 -0.000002 1.580170 0.000030 -0.169405 0.000000 0.000000
    47 -0.937645 -3.860697 -0.959317 3.044205 1.001841 2.581100
    48 0.937672 3.860714 0.959333 3.546897 0.979417 2.251924
    49 0.000000 -1.690632 0.000000 0.491549 0.000000 0.000000
    50 -0.000013 1.690666 0.000021 1.867950 0.000000 0.000000
    51 -0.000002 -1.423443 0.000002 0.234212 0.000000 0.000000
    52 0.000008 1.423420 0.000028 0.989395 0.000000 0.000000
    53 -1.546646 -3.404194 -1.915569 3.024293 0.944156 2.514436
    54 1.546661 3.404217 1.915585 3.785628 0.806688 1.987730
    55 0.000004 -1.437820 0.000000 0.424958 0.000000 0.000000
    56 -0.000021 1.437870 0.000031 1.379817 0.000000 0.000000
    57 -0.000002 -1.059402 0.000000 0.322075 0.000000 0.000000
    58 0.000006 1.059372 0.000008 1.251436 0.000000 0.000000
    59 -0.000004 -13.013485 -0.000004 0.010936 -0.284123 -0.076426
    60 0.161133 -10.812500 0.023087 0.010936 -0.284123 -0.076426
  time 75
    0 0.000000 0.826660 0.000001 -1.559900 -0.000006 -0.000006
    1 -7.059201 7.545358 -8.025539 -0.646376 -0.037134 0.820361
    2 0.000000 14.313023 0.000003 -1.798665 0.000000 0.000000
    3 -0.000011 13.013483 -0.000005 0.787899 0.865091 0.497588
    4 8.652996 -22.135220 3.978737 2.947657 0.312156 -0.581899
    5 0.000000 -14.313034 0.000000 -0.487806 0.000000 0.000000
    6 -0.000004 -13.013485 -0.000004 0.000000 0.000000 0.000000
    7 -1.330879 -2.698427 0.462449 -0.194886 -0.547260 3.056712
    8 1.330910 2.698444 -0.462436 0.194890 0.547268 -0.084879
    9 2.435024 4.750958 -0.636827 -0.299397 -0.313703 -0.328642
    10 3.556210 4.238403 0.987502 -1.090396 0.577049 -0.321829
    11 4.139183 5.092691 1.421975 -1.090396 0.577049 -0.321829
    12 4.777527 6.028128 1.897721 -1.090396 0.577049 -0.321829
    13 5.490345 7.072691 2.428969 -1.090396 0.577049 -0.321829
    14 6.566406 8.648438 3.232422 -1.090396 0.577049 -0.321829
    15 7.558525 6.997282 -2.354134 -1.937336 -0.275393 3.010581
    16 7.558525 6.997282 -2.354134 1.937336 0.275393 -0.131011
    17 -2.867767 -2.740969 0.531125 2.051196 0.577049 -0.321829
    18 2.023230 3.646373 -0.739727 -3.468851 0.284206 1.147053
    19 4.453901 9.049869 -2.457189 -1.906187 -0.039447 1.257212
    20 4.661863 9.697123 -2.425069 -3.084851 1.232651 -0.235173
    21 6.960418 9.234083 -9.101879 1.959819 -0.510010 -2.063478
    22 6.946648 6.587124 1.429667 -1.090396 0.577049 -0.321829
    23 7.537933 7.453606 1.870349 -1.090396 0.577049 -0.321829
    24 8.154472 8.357077 2.329839 -1.090396 0.577049 -0.321829
    25 8.874294 9.411907 2.866308 -1.090396 0.577049 -0.321829
    26 -4.125858 -2.321501 1.394414 2.051196 0.577049 -0.321829
    27 -4.826813 -3.348669 0.872014 2.051196 0.577049 -0.321829
    28 -5.441669 -4.249685 0.413772 2.051196 0.577049 -0.321829
    29 -0.552532 -1.343527 1.604446 -0.415180 0.312114 -0.422073
    30 0.552589 1.343534 -1.604463 -0.024667 0.510522 -0.331518
    31 0.000000 -2.021618 -0.000004 0.186809 0.000000 0.000000
    32 -0.000021 2.021633 0.000027 0.236203 0.000000 0.000000
    33 -0.000004 -1.136217 -0.000004 -0.210111 0.000000 0.000000
    34 -0.000011 1.136200 -0.000019 -0.708041 0.000000 0.000000
    35 -0.032677 -4.587727 1.352317 2.844703 1.216154 2.484990
    36 0.032719 4.587772 -1.352291 2.320263 1.157031 2.159654
    37 0.000000 -1.754536 -0.000002 0.662896 0.000000 0.000000
    38 -0.000006 1.754520 -0.000034 0.710427 0.000000 0.000000
    39 0.000000 -1.227020 -0.000002 0.092660 0.000000 0.000000
    40 0.000002 1.227070 0.000032 1.517973 0.000000 0.000000
    41 -0.367996 -4.208406 0.173244 2.943027 1.091688 2.536231
    42 0.368011 4.208412 -0.173239 3.112326 1.145060 2.512082
    43 0.000000 -2.372318 -0.000004 0.722081 0.000000 0.000000
    44 -0.000006 2.372318 -0.000032 0.663556 0.000000 0.000000
    45 0.000004 -1.580070 -0.000001 0.034255 0.000000 0.000000
    46 -0.000002 1.580170 0.000030 -0.024283 0.000000 0.000000
    47 -0.937645 -3.860697 -0.959317 3.044205 1.001841 2.581100
    48 0.937672 3.860714 0.959333 3.494315 0.979417 2.251924
    49 0.000000 -1.690632 0.000000 0.491549 0.000000 0.000000
    50 -0.000013 1.690666 0.000021 1.868651 0.000000 0.000000
    51 -0.000002 -1.423443 0.000002 0.234212 0.000000 0.000000
    52 0.000008 1.423420 0.000028 0.989542 0.000000 0.000000
    53 -1.546646 -3.404194 -1.915569 3.024293 0.944156 2.514436
    54 1.546661 3.404217 1.915585 3.784243 0.784069 1.985198
    55 0.000004 -1.437820 0.000000 0.424958 0.000000 0.000000
    56 -0.000021 1.437870 0.000031 1.381153 0.000000 0.000000
    57 -0.000002 -1.059402 0.000000 0.322075 0.000000 0.000000
    58 0.000006 1.059372 0.000008 1.250073 0.000000 0.000000
    59 -0.000004 -13.013485 -0.000004 0.010936 -0.284123 -0.076426
    60 0.161133 -10.812500 0.023087 0.010936 -0.284123 -0.076426
  time 76
    0 0.000000 0.826660 0.000001 -1.559900 -0.000006 -0.000006
    1 -7.059201 7.549265 -8.025539 -0.618363 0.103215 0.788663
    2 0.000000 14.313023 0.000003 -1.789806 0.000000 0.000000
    3 -0.000011 13.013483 -0.000005 0.419365 0.751513 -0.056651
    4 8.652996 -22.135220 3.978737 2.947657 0.312156 -0.581899
    5 0.000000 -14.313034 0.000000 -0.487806 0.000000 0.000000
    6 -0.000004 -13.013485 -0.000004 0.000000 0.000000 0.000000
    7 -1.330879 -2.698427 0.462449 -0.194886 -0.547260 3.056712
    8 1.330910 2.698444 -0.462436 0.194890 0.547268 -0.084879
    9 1.724077 4.211110 -0.889384 -0.824303 -1.479471 0.532546
    10 3.556210 4.238403 0.987502 -1.090396 0.577049 -0.321829
    11 4.139183 5.092691 1.421975 -1.090396 0.577049 -0.321829
    12 4.777527 6.028128 1.897721 -1.090396 0.577049 -0.321829
    13 5.490345 7.072691 2.428969 -1.090396 0.577049 -0.321829
    14 6.566406 8.648438 3.232422 -1.090396 0.577049 -0.321829
    15 7.558525 6.997282 -2.354134 -1.937336 -0.275393 3.010581
    16 7.558525 6.997282 -2.354134 1.937336 0.275393 -0.131011
    17 -2.867767 -2.740969 0.531125 2.051196 0.577049 -0.321829
    18 1.741971 3.021354 -0.919420 1.632770 0.067038 1.281372
    19 3.473403 8.920959 -1.328248 -3.059503 -0.012232 2.307221
    20 3.013376 9.427584 -1.319566 -3.151435 0.081265 0.762148
    21 8.034670 14.351427 -1.898534 -3.209424 -0.047879 -1.277641
    22 6.946648 6.587124 1.429667 -1.090396 0.577049 -0.321829
    23 7.537933 7.453606 1.870349 -1.090396 0.577049 -0.321829
    24 8.154472 8.357077 2.329839 -1.090396 0.577049 -0.321829
    25 8.874294 9.411907 2.866308 -1.090396 0.577049 -0.321829
    26 -4.125858 -2.321501 1.394414 2.051196 0.577049 -0.321829
    27 -4.826813 -3.348669 0.872014 2.051196 0.577049 -0.321829
    28 -5.441669 -4.249685 0.413772 2.051196 0.577049 -0.321829
    29 -0.552532 -1.343527 1.604446 -0.415180 0.312114 -0.422073
    30 0.552589 1.343534 -1.604463 0.031464 0.544105 -0.285762
    31 0.000000 -2.021618 -0.000004 0.186809 0.000000 0.000000
    32 -0.000021 2.021633 0.000027 0.186809 0.000000 0.000000
    33 -0.000004 -1.136217 -0.000004 -0.210111 0.000000 0.000000
    34 -0.000011 1.136200 -0.000019 -0.739086 0.000000 0.000000
    35 -0.032677 -4.587727 1.352317 2.844703 1.216154 2.484990
    36 0.032719 4.587772 -1.352291 2.278506 1.114684 2.035359
    37 0.000000 -1.754536 -0.000002 0.662896 0.000000 0.000000
    38 -0.000006 1.754520 -0.000034 0.760226 0.000000 0.000000
    39 0.000000 -1.227020 -0.000002 0.092660 0.000000 0.000000
    40 0.000002 1.227070 0.000032 1.408604 0.000000 0.000000
    41 -0.367996 -4.208406 0.173244 2.943027 1.091688 2.536231
    42 0.368011 4.208412 -0.173239 2.982635 1.066102 2.284605
    43 0.000000 -2.372318 -0.000004 0.722081 0.000000 0.000000
    44 -0.000006 2.372318 -0.000032 0.971973 0.000000 0.000000
    45 0.000004 -1.580070 -0.000001 0.034255 0.000000 0.000000
    46 -0.000002 1.580170 0.000030 0.101213 0.000000 0.000000
    47 -0.937645 -3.860697 -0.959317 3.044205 1.001841 2.581100
    48 0.937672 3.860714 0.959333 3.494315 0.979417 2.251924
    49 0.000000 -1.690632 0.000000 0.491549 0.000000 0.000000
    50 -0.000013 1.690666 0.000021 1.868651 0.000000 0.000000
    51 -0.000002 -1.423443 0.000002 0.234212 0.000000 0.000000
    52 0.000008 1.423420 0.000028 0.989542 0.000000 0.000000
    53 -1.546646 -3.404194 -1.915569 3.024293 0.944156 2.514436
    54 1.546661 3.404217 1.915585 3.784243 0.784069 1.985198
    55 0.000004 -1.437820 0.000000 0.424958 0.000000 0.000000
    56 -0.000021 1.437870 0.000031 1.381153 0.000000 0.000000
    57 -0.000002 -1.059402 0.000000 0.322075 0.000000 0.000000
    58 0.000006 1.059372 0.000008 1.250073 0.000000 0.000000
    59 -0.000004 -13.013485 -0.000004 0.010936 -0.284123 -0.076426
    60 0.161133 -10.812500 0.023087 0.010936 -0.284123 -0.076426
  time 77
    0 0.000000 0.826660 0.000001 -1.559900 -0.000006 -0.000006
    1 -6.977167 7.994591 -8.564618 -0.622326 0.169073 0.727176
    2 0.000000 14.313023 0.000003 -1.850965 0.000000 0.000000
    3 -0.000011 13.013483 -0.000005 0.076057 0.905372 -0.268013
    4 8.652996 -22.135220 3.978737 2.947657 0.312156 -0.581899
    5 0.000000 -14.313034 0.000000 -0.487806 0.000000 0.000000
    6 -0.000004 -13.013485 -0.000004 0.000000 0.000000 0.000000
    7 -1.330879 -2.698427 0.462449 -0.194886 -0.547260 3.056712
    8 1.330910 2.698444 -0.462436 0.194890 0.547268 -0.084879
    9 1.600434 4.652804 -2.505748 -3.738972 -0.664909 -2.881832
    10 3.556210 4.238403 0.987502 -1.090396 0.577049 -0.321829
    11 4.139183 5.092691 1.421975 -1.090396 0.577049 -0.321829
    12 4.777527 6.028128 1.897721 -1.090396 0.577049 -0.321829
    13 5.490345 7.072691 2.428969 -1.090396 0.577049 -0.321829
    14 6.566406 8.648438 3.232422 -1.090396 0.577049 -0.321829
    15 7.558525 6.997282 -2.354134 -1.937336 -0.275393 3.010581
    16 7.558525 6.997282 -2.354134 1.937336 0.275393 -0.131011
    17 -2.867767 -2.740969 0.531125 2.051196 0.577049 -0.321829
    18 1.667750 3.494024 -2.778852 0.758720 -0.458556 1.432852
    19 2.418683 8.979554 -0.058678 -3.996117 -0.357307 1.533712
    20 2.443046 9.618996 0.180479 -2.682185 -0.805713 -0.364008
    21 7.007294 7.952794 5.296998 -2.546862 -0.723579 -0.558817
    22 6.946648 6.587124 1.429667 -1.090396 0.577049 -0.321829
    23 7.537933 7.453606 1.870349 -1.090396 0.577049 -0.321829
    24 8.154472 8.357077 2.329839 -1.090396 0.577049 -0.321829
    25 8.874294 9.411907 2.866308 -1.090396 0.577049 -0.321829
    26 -4.125858 -2.321501 1.394414 2.051196 0.577049 -0.321829
    27 -4.826813 -3.348669 0.872014 2.051196 0.577049 -0.321829
    28 -5.441669 -4.249685 0.413772 2.051196 0.577049 -0.321829
    29 -0.552532 -1.343527 1.604446 -0.415180 0.312114 -0.422073
    30 0.552589 1.343534 -1.604463 0.021900 0.600606 -0.185598
    31 0.000000 -2.021618 -0.000004 0.186809 0.000000 0.000000
    32 -0.000021 2.021633 0.000027 0.186809 0.000000 0.000000
    33 -0.000004 -1.136217 -0.000004 -0.210111 0.000000 0.000000
    34 -0.000011 1.136200 -0.000019 -0.677972 0.000000 0.000000
    35 -0.032677 -4.587727 1.352317 2.844703 1.216154 2.484990
    36 0.032719 4.587772 -1.352291 2.260101 1.005902 1.848272
    37 0.000000 -1.754536 -0.000002 0.662896 0.000000 0.000000
    38 -0.000006 1.754520 -0.000034 0.851977 0.000000 0.000000
    39 0.000000 -1.227020 -0.000002 0.092660 0.000000 0.000000
    40 0.000002 1.227070 0.000032 1.206843 0.000000 0.000000
    41 -0.367996 -4.208406 0.173244 2.943027 1.091688 2.536231
    42 0.368011 4.208412 -0.173239 2.892282 0.881267 2.014480
    43 0.000000 -2.372318 -0.000004 0.722081 0.000000 0.000000
    44 -0.000006 2.372318 -0.000032 1.232306 0.000000 0.000000
    45 0.000004 -1.580070 -0.000001 0.034255 0.000000 0.000000
    46 -0.000002 1.580170 0.000030 0.213567 0.000000 0.000000
    47 -0.937645 -3.860697 -0.959317 3.044205 1.001841 2.581100
    48 0.937672 3.860714 0.959333 3.494315 0.979417 2.251924
    49 0.000000 -1.690632 0.000000 0.491549 0.000000 0.000000
    50 -0.000013 1.690666 0.000021 1.868651 0.000000 0.000000
    51 -0.000002 -1.423443 0.000002 0.234212 0.000000 0.000000
    52 0.000008 1.423420 0.000028 0.989542 0.000000 0.000000
    53 -1.546646 -3.404194 -1.915569 3.024293 0.944156 2.514436
    54 1.546661 3.404217 1.915585 3.784243 0.784069 1.985198
    55 0.000004 -1.437820 0.000000 0.424958 0.000000 0.000000
    56 -0.000021 1.437870 0.000031 1.381153 0.000000 0.000000
    57 -0.000002 -1.059402 0.000000 0.322075 0.000000 0.000000
    58 0.000006 1.059372 0.000008 1.250073 0.000000 0.000000
    59 -0.000004 -13.013485 -0.000004 0.010936 -0.284123 -0.076426
    60 0.161133 -10.812500 0.023087 0.010936 -0.284123 -0.076426
  time 78
    0 0.000000 0.826660 0.000001 -1.559900 -0.000006 -0.000006
    1 -6.824819 8.826648 -9.560742 -0.621957 0.240988 0.694714
    2 0.000000 14.313023 0.000003 -1.969557 0.000000 0.000000
    3 -0.000011 13.013483 -0.000005 -0.483192 1.214127 -0.375947
    4 8.652996 -22.135220 3.978737 2.947657 0.312156 -0.581899
    5 0.000000 -14.313034 0.000000 -0.487806 0.000000 0.000000
    6 -0.000004 -13.013485 -0.000004 0.000000 0.000000 0.000000
    7 -1.330879 -2.698427 0.462449 -0.194886 -0.547260 3.056712
    8 1.330910 2.698444 -0.462436 0.194890 0.547268 -0.084879
    9 2.002274 4.554650 -2.101657 -3.472783 0.107353 -3.047787
    10 3.556210 4.238403 0.987502 -1.090396 0.577049 -0.321829
    11 4.139183 5.092691 1.421975 -1.090396 0.577049 -0.321829
    12 4.777527 6.028128 1.897721 -1.090396 0.577049 -0.321829
    13 5.490345 7.072691 2.428969 -1.090396 0.577049 -0.321829
    14 6.566406 8.648438 3.232422 -1.090396 0.577049 -0.321829
    15 7.558525 6.997282 -2.354134 -1.937336 -0.275393 3.010581
    16 7.558525 6.997282 -2.354134 1.937336 0.275393 -0.131011
    17 -2.867767 -2.740969 0.531125 2.051196 0.577049 -0.321829
    18 2.097451 3.400271 -2.181177 -0.113427 -0.329214 1.701299
    19 1.340525 9.190498 -0.199307 1.342939 -1.076380 1.865723
    20 1.247697 9.497899 0.403142 -1.459435 -0.523971 -1.539147
    21 1.428999 3.421406 3.996177 1.406567 -0.941282 1.791215
    22 6.946648 6.587124 1.429667 -1.090396 0.577049 -0.321829
    23 7.537933 7.453606 1.870349 -1.090396 0.577049 -0.321829
    24 8.154472 8.357077 2.329839 -1.090396 0.577049 -0.321829
    25 8.874294 9.411907 2.866308 -1.090396 0.577049 -0.321829
    26 -4.125858 -2.321501 1.394414 2.051196 0.577049 -0.321829
    27 -4.826813 -3.348669 0.872014 2.051196 0.577049 -0.321829
    28 -5.441669 -4.249685 0.413772 2.051196 0.577049 -0.321829
    29 -0.552532 -1.343527 1.604446 -0.415180 0.312114 -0.422073
    30 0.552589 1.343534 -1.604463 -0.018343 0.665077 -0.035332
    31 0.000000 -2.021618 -0.000004 0.186809 0.000000 0.000000
    32 -0.000021 2.021633 0.000027 0.186809 0.000000 0.000000
    33 -0.000004 -1.136217 -0.000004 -0.210111 0.000000 0.000000
    34 -0.000011 1.136200 -0.000019 -0.543102 0.000000 0.000000
    35 -0.032677 -4.587727 1.352317 2.844703 1.216154 2.484990
    36 0.032719 4.587772 -1.352291 2.305244 0.886507 1.755069
    37 0.000000 -1.754536 -0.000002 0.662896 0.000000 0.000000
    38 -0.000006 1.754520 -0.000034 0.901549 0.000000 0.000000
    39 0.000000 -1.227020 -0.000002 0.092660 0.000000 0.000000
    40 0.000002 1.227070 0.000032 1.097941 0.000000 0.000000
    41 -0.367996 -4.208406 0.173244 2.943027 1.091688 2.536231
    42 0.368011 4.208412 -0.173239 2.925154 0.765828 1.924697
    43 0.000000 -2.372318 -0.000004 0.722081 0.000000 0.000000
    44 -0.000006 2.372318 -0.000032 1.474959 0.000000 0.000000
    45 0.000004 -1.580070 -0.000001 0.034255 0.000000 0.000000
    46 -0.000002 1.580170 0.000030 0.262434 0.000000 0.000000
    47 -0.937645 -3.860697 -0.959317 3.044205 1.001841 2.581100
    48 0.937672 3.860714 0.959333 3.494315 0.979417 2.251924
    49 0.000000 -1.690632 0.000000 0.491549 0.000000 0.000000
    50 -0.000013 1.690666 0.000021 1.868651 0.000000 0.000000
    51 -0.000002 -1.423443 0.000002 0.234212 0.000000 0.000000
    52 0.000008 1.423420 0.000028 0.989542 0.000000 0.000000
    53 -1.546646 -3.404194 -1.915569 3.024293 0.944156 2.514436
    54 1.546661 3.404217 1.915585 3.784243 0.784069 1.985198
    55 0.000004 -1.437820 0.000000 0.424958 0.000000 0.000000
    56 -0.000021 1.437870 0.000031 1.381153 0.000000 0.000000
    57 -0.000002 -1.059402 0.000000 0.322075 0.000000 0.000000
    58 0.000006 1.059372 0.000008 1.250073 0.000000 0.000000
    59 -0.000004 -13.013485 -0.000004 0.010936 -0.284123 -0.076426
    60 0.161133 -10.812500 0.023087 0.010936 -0.284123 -0.076426
  time 79
    0 0.000000 0.826660 0.000001 -1.559900 -0.000006 -0.000006
    1 -6.742785 9.271974 -10.099821 -0.628592 0.289058 0.695707
    2 0.000000 14.313023 0.000003 -2.044768 0.000000 0.000000
    3 -0.000011 13.013483 -0.000005 -0.685279 1.434162 -0.288909
    4 8.652996 -22.135220 3.978737 2.947657 0.312156 -0.581899
    5 0.000000 -14.313034 0.000000 -0.487806 0.000000 0.000000
    6 -0.000004 -13.013485 -0.000004 0.000000 0.000000 0.000000
    7 -1.330879 -2.698427 0.462449 -0.194886 -0.547260 3.056712
    8 1.330910 2.698444 -0.462436 0.194890 0.547268 -0.084879
    9 2.156827 3.720338 -1.899611 -3.270292 0.460441 -2.999155
    10 3.556210 4.238403 0.987502 -1.090396 0.577049 -0.321829
    11 4.139183 5.092691 1.421975 -1.090396 0.577049 -0.321829
    12 4.777527 6.028128 1.897721 -1.090396 0.577049 -0.321829
    13 5.490345 7.072691 2.428969 -1.090396 0.577049 -0.321829
    14 6.566406 8.648438 3.232422 -1.090396 0.577049 -0.321829
    15 7.558525 6.997282 -2.354134 -1.937336 -0.275393 3.010581
    16 7.558525 6.997282 -2.354134 1.937336 0.275393 -0.131011
    17 -2.867767 -2.740969 0.531125 2.051196 0.577049 -0.321829
    18 2.206829 2.572121 -1.755383 -0.463751 -0.115152 1.770424
    19 0.996765 8.569386 -1.062615 1.051694 -0.460676 1.961596
    20 0.763307 9.134606 -0.753143 -0.753069 -0.921507 -2.140377
    21 -1.563280 5.601160 4.886829 0.829364 -0.858894 2.311591
    22 6.946648 6.587124 1.429667 -1.090396 0.577049 -0.321829
    23 7.537933 7.453606 1.870349 -1.090396 0.577049 -0.321829
    24 8.154472 8.357077 2.329839 -1.090396 0.577049 -0.321829
    25 8.874294 9.411907 2.866308 -1.090396 0.577049 -0.321829
    26 -4.125858 -2.321501 1.394414 2.051196 0.577049 -0.321829
    27 -4.826813 -3.348669 0.872014 2.051196 0.577049 -0.321829
    28 -5.441669 -4.249685 0.413772 2.051196 0.577049 -0.321829
    29 -0.552532 -1.343527 1.604446 -0.415180 0.312114 -0.422073
    30 0.552589 1.343534 -1.604463 -0.055999 0.712815 0.107936
    31 0.000000 -2.021618 -0.000004 0.186809 0.000000 0.000000
    32 -0.000021 2.021633 0.000027 0.186809 0.000000 0.000000
    33 -0.000004 -1.136217 -0.000004 -0.210111 0.000000 0.000000
    34 -0.000011 1.136200 -0.000019 -0.408233 0.000000 0.000000
    35 -0.032677 -4.587727 1.352317 2.844703 1.216154 2.484990
    36 0.032719 4.587772 -1.352291 2.406816 0.740760 1.837579
    37 0.000000 -1.754536 -0.000002 0.662896 0.000000 0.000000
    38 -0.000006 1.754520 -0.000034 0.901549 0.000000 0.000000
    39 0.000000 -1.227020 -0.000002 0.092660 0.000000 0.000000
    40 0.000002 1.227070 0.000032 1.387104 0.000000 0.000000
    41 -0.367996 -4.208406 0.173244 2.943027 1.091688 2.536231
    42 0.368011 4.208412 -0.173239 2.998891 0.786017 1.972684
    43 0.000000 -2.372318 -0.000004 0.722081 0.000000 0.000000
    44 -0.000006 2.372318 -0.000032 1.738143 0.000000 0.000000
    45 0.000004 -1.580070 -0.000001 0.034255 0.000000 0.000000
    46 -0.000002 1.580170 0.000030 0.169934 0.000000 0.000000
    47 -0.937645 -3.860697 -0.959317 3.044205 1.001841 2.581100
    48 0.937672 3.860714 0.959333 3.467002 0.964859 2.241133
    49 0.000000 -1.690632 0.000000 0.491549 0.000000 0.000000
    50 -0.000013 1.690666 0.000021 1.862642 0.000000 0.000000
    51 -0.000002 -1.423443 0.000002 0.234212 0.000000 0.000000
    52 0.000008 1.423420 0.000028 1.009290 0.000000 0.000000
    53 -1.546646 -3.404194 -1.915569 3.024293 0.944156 2.514436
    54 1.546661 3.404217 1.915585 3.780367 0.772601 1.995634
    55 0.000004 -1.437820 0.000000 0.424958 0.000000 0.000000
    56 -0.000021 1.437870 0.000031 1.375863 0.000000 0.000000
    57 -0.000002 -1.059402 0.000000 0.322075 0.000000 0.000000
    58 0.000006 1.059372 0.000008 1.268852 0.000000 0.000000
    59 -0.000004 -13.013485 -0.000004 0.010936 -0.284123 -0.076426
    60 0.161133 -10.812500 0.023087 0.010936 -0.284123 -0.076426
  time 80
    0 0.000000 0.826660 0.000001 -1.559900 -0.000006 -0.000006
    1 -6.742785 9.271974 -10.099821 -0.617258 0.275706 0.690818
    2 0.000000 14.313023 0.000003 -2.044341 0.000000 0.000000
    3 -0.000011 13.013483 -0.000005 -0.533833 1.444916 -0.166310
    4 8.652996 -22.135220 3.978737 2.947657 0.312156 -0.581899
    5 0.000000 -14.313034 0.000000 -0.487806 0.000000 0.000000
    6 -0.000004 -13.013485 -0.000004 0.000000 0.000000 0.000000
    7 -1.330879 -2.698427 0.462449 -0.194886 -0.547260 3.056712
    8 1.330910 2.698444 -0.462436 0.194890 0.547268 -0.084879
    9 2.095006 3.131412 -2.000634 -3.181785 0.542531 -2.977677
    10 3.556210 4.238403 0.987502 -1.090396 0.577049 -0.321829
    11 4.139183 5.092691 1.421975 -1.090396 0.577049 -0.321829
    12 4.777527 6.028128 1.897721 -1.090396 0.577049 -0.321829
    13 5.490345 7.072691 2.428969 -1.090396 0.577049 -0.321829
    14 6.566406 8.648438 3.232422 -1.090396 0.577049 -0.321829
    15 7.558525 6.997282 -2.354134 -1.937336 -0.275393 3.010581
    16 7.558525 6.997282 -2.354134 1.937336 0.275393 -0.131011
    17 -2.867767 -2.740969 0.531125 2.051196 0.577049 -0.321829
    18 2.101357 1.884600 -1.739757 -0.542986 -0.034409 1.755468
    19 0.977233 7.936554 -1.547005 0.997162 0.312462 1.538601
    20 1.001595 8.587715 -1.753173 0.581580 -0.902851 2.604469
    21 -2.754722 10.902103 3.753982 0.302266 -0.997760 -3.336807
    22 6.946648 6.587124 1.429667 -1.090396 0.577049 -0.321829
    23 7.537933 7.453606 1.870349 -1.090396 0.577049 -0.321829
    24 8.154472 8.357077 2.329839 -1.090396 0.577049 -0.321829
    25 8.874294 9.411907 2.866308 -1.090396 0.577049 -0.321829
    26 -4.125858 -2.321501 1.394414 2.051196 0.577049 -0.321829
    27 -4.826813 -3.348669 0.872014 2.051196 0.577049 -0.321829
    28 -5.441669 -4.249685 0.413772 2.051196 0.577049 -0.321829
    29 -0.552532 -1.343527 1.604446 -0.415180 0.312114 -0.422073
    30 0.552589 1.343534 -1.604463 -0.071861 0.730499 0.172277
    31 0.000000 -2.021618 -0.000004 0.186809 0.000000 0.000000
    32 -0.000021 2.021633 0.000027 0.186809 0.000000 0.000000
    33 -0.000004 -1.136217 -0.000004 -0.210111 0.000000 0.000000
    34 -0.000011 1.136200 -0.000019 -0.347072 0.000000 0.000000
    35 -0.032677 -4.587727 1.352317 2.844703 1.216154 2.484990
    36 0.032719 4.587772 -1.352291 2.460467 0.641962 1.919027
    37 0.000000 -1.754536 -0.000002 0.662896 0.000000 0.000000
    38 -0.000006 1.754520 -0.000034 0.901549 0.000000 0.000000
    39 0.000000 -1.227020 -0.000002 0.092660 0.000000 0.000000
    40 0.000002 1.227070 0.000032 1.674869 0.000000 0.000000
    41 -0.367996 -4.208406 0.173244 2.943027 1.091688 2.536231
    42 0.368011 4.208412 -0.173239 3.040744 0.809471 2.017112
    43 0.000000 -2.372318 -0.000004 0.722081 0.000000 0.000000
    44 -0.000006 2.372318 -0.000032 1.879058 0.000000 0.000000
    45 0.000004 -1.580070 -0.000001 0.034255 0.000000 0.000000
    46 -0.000002 1.580170 0.000030 0.030899 0.000000 0.000000
    47 -0.937645 -3.860697 -0.959317 3.044205 1.001841 2.581100
    48 0.937672 3.860714 0.959333 3.398626 0.927415 2.215691
    49 0.000000 -1.690632 0.000000 0.491549 0.000000 0.000000
    50 -0.000013 1.690666 0.000021 1.847269 0.000000 0.000000
    51 -0.000002 -1.423443 0.000002 0.234212 0.000000 0.000000
    52 0.000008 1.423420 0.000028 1.059797 0.000000 0.000000
    53 -1.546646 -3.404194 -1.915569 3.024293 0.944156 2.514436
    54 1.546661 3.404217 1.915585 3.769199 0.743039 2.021109
    55 0.000004 -1.437820 0.000000 0.424958 0.000000 0.000000
    56 -0.000021 1.437870 0.000031 1.362343 0.000000 0.000000
    57 -0.000002 -1.059402 0.000000 0.322075 0.000000 0.000000
    58 0.000006 1.059372 0.000008 1.316896 0.000000 0.000000
    59 -0.000004 -13.013485 -0.000004 0.010936 -0.284123 -0.076426
    60 0.161133 -10.812500 0.023087 0.010936 -0.284123 -0.076426
  time 81
    0 0.000000 0.826660 0.000001 -1.559900 -0.000006 -0.000006
    1 -6.742785 9.271974 -10.099821 -0.608227 0.267980 0.687992
    2 0.000000 14.313023 0.000003 -2.042202 0.000000 0.000000
    3 -0.000011 13.013483 -0.000005 -0.383343 1.431945 -0.085216
    4 8.652996 -22.135220 3.978737 2.947657 0.312156 -0.581899
    5 0.000000 -14.313034 0.000000 -0.487806 0.000000 0.000000
    6 -0.000004 -13.013485 -0.000004 0.000000 0.000000 0.000000
    7 -1.330879 -2.698427 0.462449 -0.194886 -0.547260 3.056712
    8 1.330910 2.698444 -0.462436 0.194890 0.547268 -0.084879
    9 2.095006 3.131412 -2.000634 -3.179966 0.542531 -2.977867
    10 3.556210 4.238403 0.987502 -1.090396 0.577049 -0.321829
    11 4.139183 5.092691 1.421975 -1.090396 0.577049 -0.321829
    12 4.777527 6.028128 1.897721 -1.090396 0.577049 -0.321829
    13 5.490345 7.072691 2.428969 -1.090396 0.577049 -0.321829
    14 6.566406 8.648438 3.232422 -1.090396 0.577049 -0.321829
    15 7.558525 6.997282 -2.354134 -1.937336 -0.275393 3.010581
    16 7.558525 6.997282 -2.354134 1.937336 0.275393 -0.131011
    17 -2.867767 -2.740969 0.531125 2.051196 0.577049 -0.321829
    18 2.093545 1.884600 -1.731945 -0.542986 -0.032829 1.754221
    19 0.985046 7.932647 -1.550911 0.575611 0.907662 0.852528
    20 1.259416 8.247860 -2.089121 0.997754 -0.304855 1.925210
    21 -1.043733 14.613154 -0.039103 -0.067718 -1.025941 -2.899358
    22 6.946648 6.587124 1.429667 -1.090396 0.577049 -0.321829
    23 7.537933 7.453606 1.870349 -1.090396 0.577049 -0.321829
    24 8.154472 8.357077 2.329839 -1.090396 0.577049 -0.321829
    25 8.874294 9.411907 2.866308 -1.090396 0.577049 -0.321829
    26 -4.125858 -2.321501 1.394414 2.051196 0.577049 -0.321829
    27 -4.826813 -3.348669 0.872014 2.051196 0.577049 -0.321829
    28 -5.441669 -4.249685 0.413772 2.051196 0.577049 -0.321829
    29 -0.552532 -1.343527 1.604446 -0.415180 0.312114 -0.422073
    30 0.552589 1.343534 -1.604463 -0.071861 0.730499 0.172277
    31 0.000000 -2.021618 -0.000004 0.186809 0.000000 0.000000
    32 -0.000021 2.021633 0.000027 0.186809 0.000000 0.000000
    33 -0.000004 -1.136217 -0.000004 -0.210111 0.000000 0.000000
    34 -0.000011 1.136200 -0.000019 -0.347072 0.000000 0.000000
    35 -0.032677 -4.587727 1.352317 2.844703 1.216154 2.484990
    36 0.032719 4.587772 -1.352291 2.460467 0.641962 1.919027
    37 0.000000 -1.754536 -0.000002 0.662896 0.000000 0.000000
    38 -0.000006 1.754520 -0.000034 0.901549 0.000000 0.000000
    39 0.000000 -1.227020 -0.000002 0.092660 0.000000 0.000000
    40 0.000002 1.227070 0.000032 1.674869 0.000000 0.000000
    41 -0.367996 -4.208406 0.173244 2.943027 1.091688 2.536231
    42 0.368011 4.208412 -0.173239 3.040744 0.809471 2.017189
    43 0.000000 -2.372318 -0.000004 0.722081 0.000000 0.000000
    44 -0.000006 2.372318 -0.000032 1.879058 0.000000 0.000000
    45 0.000004 -1.580070 -0.000001 0.034255 0.000000 0.000000
    46 -0.000002 1.580170 0.000030 -0.074458 0.000000 0.000000
    47 -0.937645 -3.860697 -0.959317 3.044205 1.001841 2.581100
    48 0.937672 3.860714 0.959333 3.307768 0.875628 2.184656
    49 0.000000 -1.690632 0.000000 0.491549 0.000000 0.000000
    50 -0.000013 1.690666 0.000021 1.826288 0.000000 0.000000
    51 -0.000002 -1.423443 0.000002 0.234212 0.000000 0.000000
    52 0.000008 1.423420 0.000028 1.129024 0.000000 0.000000
    53 -1.546646 -3.404194 -1.915569 3.024293 0.944156 2.514436
    54 1.546661 3.404217 1.915585 3.751479 0.702037 2.053722
    55 0.000004 -1.437820 0.000000 0.424958 0.000000 0.000000
    56 -0.000021 1.437870 0.000031 1.343906 0.000000 0.000000
    57 -0.000002 -1.059402 0.000000 0.322075 0.000000 0.000000
    58 0.000006 1.059372 0.000008 1.382831 0.000000 0.000000
    59 -0.000004 -13.013485 -0.000004 0.010936 -0.284123 -0.076426
    60 0.161133 -10.812500 0.023087 0.010936 -0.284123 -0.076426
  time 82
    0 0.000000 0.826660 0.000001 -1.559900 -0.000006 -0.000006
    1 -6.742785 9.271974 -10.099821 -0.606937 0.266740 0.687610
    2 0.000000 14.313023 0.000003 -2.038414 0.000000 0.000000
    3 -0.000011 13.013483 -0.000005 -0.359838 1.416427 -0.123366
    4 8.652996 -22.135220 3.978737 2.947657 0.312156 -0.581899
    5 0.000000 -14.313034 0.000000 -0.487806 0.000000 0.000000
    6 -0.000004 -13.013485 -0.000004 0.000000 0.000000 0.000000
    7 -1.330879 -2.698427 0.462449 -0.194886 -0.547260 3.056712
    8 1.330910 2.698444 -0.462436 0.194890 0.547268 -0.084879
    9 2.095006 3.131412 -1.950123 -3.179870 0.541904 -2.978151
    10 3.556210 4.238403 0.987502 -1.090396 0.577049 -0.321829
    11 4.139183 5.092691 1.421975 -1.090396 0.577049 -0.321829
    12 4.777527 6.028128 1.897721 -1.090396 0.577049 -0.321829
    13 5.490345 7.072691 2.428969 -1.090396 0.577049 -0.321829
    14 6.566406 8.648438 3.232422 -1.090396 0.577049 -0.321829
    15 7.558525 6.997282 -2.354134 -1.937336 -0.275393 3.010581
    16 7.558525 6.997282 -2.354134 1.937336 0.275393 -0.131011
    17 -2.867767 -2.740969 0.531125 2.051196 0.577049 -0.321829
    18 2.093545 1.884600 -1.731945 -0.542320 -0.032829 1.753838
    19 0.985046 7.932647 -1.550911 0.063584 1.027630 0.237402
    20 1.329731 8.013478 -2.135998 1.028891 0.006377 1.730232
    21 0.249276 14.999884 -2.254014 -0.266314 -1.006727 -2.666109
    22 6.946648 6.587124 1.429667 -1.090396 0.577049 -0.321829
    23 7.537933 7.453606 1.870349 -1.090396 0.577049 -0.321829
    24 8.154472 8.357077 2.329839 -1.090396 0.577049 -0.321829
    25 8.874294 9.411907 2.866308 -1.090396 0.577049 -0.321829
    26 -4.125858 -2.321501 1.394414 2.051196 0.577049 -0.321829
    27 -4.826813 -3.348669 0.872014 2.051196 0.577049 -0.321829
    28 -5.441669 -4.249685 0.413772 2.051196 0.577049 -0.321829
    29 -0.552532 -1.343527 1.604446 -0.415180 0.312114 -0.422073
    30 0.552589 1.343534 -1.604463 -0.071861 0.730499 0.172277
    31 0.000000 -2.021618 -0.000004 0.186809 0.000000 0.000000
    32 -0.000021 2.021633 0.000027 0.186809 0.000000 0.000000
    33 -0.000004 -1.136217 -0.000004 -0.210111 0.000000 0.000000
    34 -0.000011 1.136200 -0.000019 -0.347072 0.000000 0.000000
    35 -0.032677 -4.587727 1.352317 2.844703 1.216154 2.484990
    36 0.032719 4.587772 -1.352291 2.460467 0.641962 1.919027
    37 0.000000 -1.754536 -0.000002 0.662896 0.000000 0.000000
    38 -0.000006 1.754520 -0.000034 0.901549 0.000000 0.000000
    39 0.000000 -1.227020 -0.000002 0.092660 0.000000 0.000000
    40 0.000002 1.227070 0.000032 1.674869 0.000000 0.000000
    41 -0.367996 -4.208406 0.173244 2.943027 1.091688 2.536231
    42 0.368011 4.208412 -0.173239 3.040744 0.809471 2.017189
    43 0.000000 -2.372318 -0.000004 0.722081 0.000000 0.000000
    44 -0.000006 2.372318 -0.000032 1.879058 0.000000 0.000000
    45 0.000004 -1.580070 -0.000001 0.034255 0.000000 0.000000
    46 -0.000002 1.580170 0.000030 -0.189145 0.000000 0.000000
    47 -0.937645 -3.860697 -0.959317 3.044205 1.001841 2.581100
    48 0.937672 3.860714 0.959333 3.211243 0.818629 2.155275
    49 0.000000 -1.690632 0.000000 0.491549 0.000000 0.000000
    50 -0.000013 1.690666 0.000021 1.803304 0.000000 0.000000
    51 -0.000002 -1.423443 0.000002 0.234212 0.000000 0.000000
    52 0.000008 1.423420 0.000028 1.204711 0.000000 0.000000
    53 -1.546646 -3.404194 -1.915569 3.024293 0.944156 2.514436
    54 1.546661 3.404217 1.915585 3.729605 0.656685 2.086948
    55 0.000004 -1.437820 0.000000 0.424958 0.000000 0.000000
    56 -0.000021 1.437870 0.000031 1.323652 0.000000 0.000000
    57 -0.000002 -1.059402 0.000000 0.322075 0.000000 0.000000
    58 0.000006 1.059372 0.000008 1.454748 0.000000 0.000000
    59 -0.000004 -13.013485 -0.000004 0.010936 -0.284123 -0.076426
    60 0.161133 -10.812500 0.023087 0.010936 -0.284123 -0.076426
  time 83
    0 0.000000 0.826660 0.000001 -1.559900 -0.000006 -0.000006
    1 -6.742785 9.271974 -10.099821 -0.608688 0.266549 0.687534
    2 0.000000 14.313023 0.000003 -2.034015 0.000000 0.000000
    3 -0.000011 13.013483 -0.000005 -0.343882 1.399777 -0.155382
    4 8.652996 -22.135220 3.978737 2.947657 0.312156 -0.581899
    5 0.000000 -14.313034 0.000000 -0.487806 0.000000 0.000000
    6 -0.000004 -13.013485 -0.000004 0.000000 0.000000 0.000000
    7 -1.330879 -2.698427 0.462449 -0.194886 -0.547260 3.056712
    8 1.330910 2.698444 -0.462436 0.194890 0.547268 -0.084879
    9 2.095006 3.131412 -1.950123 -3.180923 0.540209 -2.978718
    10 3.556210 4.238403 0.987502 -1.090396 0.577049 -0.321829
    11 4.139183 5.092691 1.421975 -1.090396 0.577049 -0.321829
    12 4.777527 6.028128 1.897721 -1.090396 0.577049 -0.321829
    13 5.490345 7.072691 2.428969 -1.090396 0.577049 -0.321829
    14 6.566406 8.648438 3.232422 -1.090396 0.577049 -0.321829
    15 7.558525 6.997282 -2.354134 -1.937336 -0.275393 3.010581
    16 7.558525 6.997282 -2.354134 1.937336 0.275393 -0.131011
    17 -2.867767 -2.740969 0.531125 2.051196 0.577049 -0.321829
    18 2.093545 1.884600 -1.735851 -0.540703 -0.033755 1.753742
    19 0.985046 7.928741 -1.554818 0.065386 1.029216 0.238936
    20 1.329731 8.017385 -2.139904 0.858167 0.665256 1.243650
    21 3.155614 13.234205 -6.558833 0.549337 -0.923407 2.649720
    22 6.946648 6.587124 1.429667 -1.090396 0.577049 -0.321829
    23 7.537933 7.453606 1.870349 -1.090396 0.577049 -0.321829
    24 8.154472 8.357077 2.329839 -1.090396 0.577049 -0.321829
    25 8.874294 9.411907 2.866308 -1.090396 0.577049 -0.321829
    26 -4.125858 -2.321501 1.394414 2.051196 0.577049 -0.321829
    27 -4.826813 -3.348669 0.872014 2.051196 0.577049 -0.321829
    28 -5.441669 -4.249685 0.413772 2.051196 0.577049 -0.321829
    29 -0.552532 -1.343527 1.604446 -0.415180 0.312114 -0.422073
    30 0.552589 1.343534 -1.604463 -0.071861 0.730499 0.172277
    31 0.000000 -2.021618 -0.000004 0.186809 0.000000 0.000000
    32 -0.000021 2.021633 0.000027 0.186809 0.000000 0.000000
    33 -0.000004 -1.136217 -0.000004 -0.210111 0.000000 0.000000
    34 -0.000011 1.136200 -0.000019 -0.347072 0.000000 0.000000
    35 -0.032677 -4.587727 1.352317 2.844703 1.216154 2.484990
    36 0.032719 4.587772 -1.352291 2.460467 0.641962 1.919027
    37 0.000000 -1.754536 -0.000002 0.662896 0.000000 0.000000
    38 -0.000006 1.754520 -0.000034 0.901549 0.000000 0.000000
    39 0.000000 -1.227020 -0.000002 0.092660 0.000000 0.000000
    40 0.000002 1.227070 0.000032 1.674869 0.000000 0.000000
    41 -0.367996 -4.208406 0.173244 2.943027 1.091688 2.536231
    42 0.368011 4.208412 -0.173239 3.040744 0.809471 2.017112
    43 0.000000 -2.372318 -0.000004 0.722081 0.000000 0.000000
    44 -0.000006 2.372318 -0.000032 1.879058 0.000000 0.000000
    45 0.000004 -1.580070 -0.000001 0.034255 0.000000 0.000000
    46 -0.000002 1.580170 0.000030 -0.293649 0.000000 0.000000
    47 -0.937645 -3.860697 -0.959317 3.044205 1.001841 2.581100
    48 0.937672 3.860714 0.959333 3.125030 0.766225 2.131959
    49 0.000000 -1.690632 0.000000 0.491549 0.000000 0.000000
    50 -0.000013 1.690666 0.000021 1.782323 0.000000 0.000000
    51 -0.000002 -1.423443 0.000002 0.234212 0.000000 0.000000
    52 0.000008 1.423420 0.000028 1.273791 0.000000 0.000000
    53 -1.546646 -3.404194 -1.915569 3.024293 0.944156 2.514436
    54 1.546661 3.404217 1.915585 3.707454 0.614791 2.115186
    55 0.000004 -1.437820 0.000000 0.424958 0.000000 0.000000
    56 -0.000021 1.437870 0.000031 1.305216 0.000000 0.000000
    57 -0.000002 -1.059402 0.000000 0.322075 0.000000 0.000000
    58 0.000006 1.059372 0.000008 1.520505 0.000000 0.000000
    59 -0.000004 -13.013485 -0.000004 0.010936 -0.284123 -0.076426
    60 0.161133 -10.812500 0.023087 0.010936 -0.284123 -0.076426
  time 84
    0 0.000000 0.826660 0.000001 -1.559900 -0.000006 -0.000006
    1 -6.742785 9.271974 -10.099821 -0.611729 0.266597 0.687534
    2 0.000000 14.313023 0.000003 -2.029677 0.000000 0.000000
    3 -0.000011 13.013483 -0.000005 -0.350188 1.394400 -0.183756
    4 8.652996 -22.135220 3.978737 2.947657 0.312156 -0.581899
    5 0.000000 -14.313034 0.000000 -0.487806 0.000000 0.000000
    6 -0.000004 -13.013485 -0.000004 0.000000 0.000000 0.000000
    7 -1.330879 -2.698427 0.462449 -0.194886 -0.547260 3.056712
    8 1.330910 2.698444 -0.462436 0.194890 0.547268 -0.084879
    9 2.095006 3.131412 -2.000634 -3.182360 0.537009 -2.979759
    10 3.556210 4.238403 0.987502 -1.090396 0.577049 -0.321829
    11 4.139183 5.092691 1.421975 -1.090396 0.577049 -0.321829
    12 4.777527 6.028128 1.897721 -1.090396 0.577049 -0.321829
    13 5.490345 7.072691 2.428969 -1.090396 0.577049 -0.321829
    14 6.566406 8.648438 3.232422 -1.090396 0.577049 -0.321829
    15 7.558525 6.997282 -2.354134 -1.937336 -0.275393 3.010581
    16 7.558525 6.997282 -2.354134 1.937336 0.275393 -0.131011
    17 -2.867767 -2.740969 0.531125 2.051196 0.577049 -0.321829
    18 2.093545 1.884600 -1.743664 -0.537278 -0.035171 1.753359
    19 0.988952 7.928741 -1.547005 0.068326 1.032450 0.241141
    20 1.333637 8.017385 -2.147717 -0.833737 0.706162 -0.876472
    21 4.761132 3.823762 -6.691649 1.023745 0.183216 1.622006
    22 6.946648 6.587124 1.429667 -1.090396 0.577049 -0.321829
    23 7.537933 7.453606 1.870349 -1.090396 0.577049 -0.321829
    24 8.154472 8.357077 2.329839 -1.090396 0.577049 -0.321829
    25 8.874294 9.411907 2.866308 -1.090396 0.577049 -0.321829
    26 -4.125858 -2.321501 1.394414 2.051196 0.577049 -0.321829
    27 -4.826813 -3.348669 0.872014 2.051196 0.577049 -0.321829
    28 -5.441669 -4.249685 0.413772 2.051196 0.577049 -0.321829
    29 -0.552532 -1.343527 1.604446 -0.415180 0.312114 -0.422073
    30 0.552589 1.343534 -1.604463 -0.071861 0.730499 0.172277
    31 0.000000 -2.021618 -0.000004 0.186809 0.000000 0.000000
    32 -0.000021 2.021633 0.000027 0.186809 0.000000 0.000000
    33 -0.000004 -1.136217 -0.000004 -0.210111 0.000000 0.000000
    34 -0.000011 1.136200 -0.000019 -0.347072 0.000000 0.000000
    35 -0.032677 -4.587727 1.352317 2.844703 1.216154 2.484990
    36 0.032719 4.587772 -1.352291 2.460467 0.641962 1.919027
    37 0.000000 -1.754536 -0.000002 0.662896 0.000000 0.000000
    38 -0.000006 1.754520 -0.000034 0.901549 0.000000 0.000000
    39 0.000000 -1.227020 -0.000002 0.092660 0.000000 0.000000
    40 0.000002 1.227070 0.000032 1.674869 0.000000 0.000000
    41 -0.367996 -4.208406 0.173244 2.943027 1.091688 2.536231
    42 0.368011 4.208412 -0.173239 3.040744 0.809471 2.017189
    43 0.000000 -2.372318 -0.000004 0.722081 0.000000 0.000000
    44 -0.000006 2.372318 -0.000032 1.879058 0.000000 0.000000
    45 0.000004 -1.580070 -0.000001 0.034255 0.000000 0.000000
    46 -0.000002 1.580170 0.000030 -0.370163 0.000000 0.000000
    47 -0.937645 -3.860697 -0.959317 3.044205 1.001841 2.581100
    48 0.937672 3.860714 0.959333 3.062600 0.727671 2.116678
    49 0.000000 -1.690632 0.000000 0.491549 0.000000 0.000000
    50 -0.000013 1.690666 0.000021 1.767000 0.000000 0.000000
    51 -0.000002 -1.423443 0.000002 0.234212 0.000000 0.000000
    52 0.000008 1.423420 0.000028 1.324445 0.000000 0.000000
    53 -1.546646 -3.404194 -1.915569 3.024293 0.944156 2.514436
    54 1.546661 3.404217 1.915585 3.690011 0.583845 2.134830
    55 0.000004 -1.437820 0.000000 0.424958 0.000000 0.000000
    56 -0.000021 1.437870 0.000031 1.291695 0.000000 0.000000
    57 -0.000002 -1.059402 0.000000 0.322075 0.000000 0.000000
    58 0.000006 1.059372 0.000008 1.568667 0.000000 0.000000
    59 -0.000004 -13.013485 -0.000004 0.010936 -0.284123 -0.076426
    60 0.161133 -10.812500 0.023087 0.010936 -0.284123 -0.076426
  time 85
    0 0.000000 0.826660 0.000001 -1.559900 -0.000006 -0.000006
    1 -6.742785 9.271974 -10.099821 -0.614401 0.266072 0.687305
    2 0.000000 14.313023 0.000003 -2.026133 0.000000 0.000000
    3 -0.000011 13.013483 -0.000005 -0.378566 1.399117 -0.215580
    4 8.652996 -22.135220 3.978737 2.947657 0.312156 -0.581899
    5 0.000000 -14.313034 0.000000 -0.487806 0.000000 0.000000
    6 -0.000004 -13.013485 -0.000004 0.000000 0.000000 0.000000
    7 -1.330879 -2.698427 0.462449 -0.194886 -0.547260 3.056712
    8 1.330910 2.698444 -0.462436 0.194890 0.547268 -0.084879
    9 2.064095 3.131412 -1.950123 -3.183989 0.531486 -2.981746
    10 3.556210 4.238403 0.987502 -1.090396 0.577049 -0.321829
    11 4.139183 5.092691 1.421975 -1.090396 0.577049 -0.321829
    12 4.777527 6.028128 1.897721 -1.090396 0.577049 -0.321829
    13 5.490345 7.072691 2.428969 -1.090396 0.577049 -0.321829
    14 6.566406 8.648438 3.232422 -1.090396 0.577049 -0.321829
    15 7.558525 6.997282 -2.354134 -1.937336 -0.275393 3.010581
    16 7.558525 6.997282 -2.354134 1.937336 0.275393 -0.131011
    17 -2.867767 -2.740969 0.531125 2.051196 0.577049 -0.321829
    18 2.089638 1.880694 -1.747570 -0.531952 -0.036588 1.751920
    19 0.992858 7.932647 -1.543098 0.071455 1.037881 0.242867
    20 1.337543 8.017385 -2.143810 -1.038854 0.050560 -1.380979
    21 2.628255 1.085397 -2.433707 -1.024868 0.220538 -1.278600
    22 6.946648 6.587124 1.429667 -1.090396 0.577049 -0.321829
    23 7.537933 7.453606 1.870349 -1.090396 0.577049 -0.321829
    24 8.154472 8.357077 2.329839 -1.090396 0.577049 -0.321829
    25 8.874294 9.411907 2.866308 -1.090396 0.577049 -0.321829
    26 -4.125858 -2.321501 1.394414 2.051196 0.577049 -0.321829
    27 -4.826813 -3.348669 0.872014 2.051196 0.577049 -0.321829
    28 -5.441669 -4.249685 0.413772 2.051196 0.577049 -0.321829
    29 -0.552532 -1.343527 1.604446 -0.415180 0.312114 -0.422073
    30 0.552589 1.343534 -1.604463 -0.071887 0.730301 0.172124
    31 0.000000 -2.021618 -0.000004 0.186809 0.000000 0.000000
    32 -0.000021 2.021633 0.000027 0.186809 0.000000 0.000000
    33 -0.000004 -1.136217 -0.000004 -0.210111 0.000000 0.000000
    34 -0.000011 1.136200 -0.000019 -0.347119 0.000000 0.000000
    35 -0.032677 -4.587727 1.352317 2.844703 1.216154 2.484990
    36 0.032719 4.587772 -1.352291 2.460553 0.641962 1.919027
    37 0.000000 -1.754536 -0.000002 0.662896 0.000000 0.000000
    38 -0.000006 1.754520 -0.000034 0.901549 0.000000 0.000000
    39 0.000000 -1.227020 -0.000002 0.092660 0.000000 0.000000
    40 0.000002 1.227070 0.000032 1.674736 0.000000 0.000000
    41 -0.367996 -4.208406 0.173244 2.943027 1.091688 2.536231
    42 0.368011 4.208412 -0.173239 3.040744 0.809471 2.017189
    43 0.000000 -2.372318 -0.000004 0.722081 0.000000 0.000000
    44 -0.000006 2.372318 -0.000032 1.879058 0.000000 0.000000
    45 0.000004 -1.580070 -0.000001 0.034255 0.000000 0.000000
    46 -0.000002 1.580170 0.000030 -0.399802 0.000000 0.000000
    47 -0.937645 -3.860697 -0.959317 3.044205 1.001841 2.581100
    48 0.937672 3.860714 0.959333 3.038817 0.712680 2.111164
    49 0.000000 -1.690632 0.000000 0.491549 0.000000 0.000000
    50 -0.000013 1.690666 0.000021 1.760991 0.000000 0.000000
    51 -0.000002 -1.423443 0.000002 0.234212 0.000000 0.000000
    52 0.000008 1.423420 0.000028 1.344119 0.000000 0.000000
    53 -1.546646 -3.404194 -1.915569 3.024293 0.944156 2.514436
    54 1.546661 3.404217 1.915585 3.683089 0.571801 2.142196
    55 0.000004 -1.437820 0.000000 0.424958 0.000000 0.000000
    56 -0.000021 1.437870 0.000031 1.286458 0.000000 0.000000
    57 -0.000002 -1.059402 0.000000 0.322075 0.000000 0.000000
    58 0.000006 1.059372 0.000008 1.587387 0.000000 0.000000
    59 -0.000004 -13.013485 -0.000004 0.010936 -0.284123 -0.076426
    60 0.161133 -10.812500 0.023087 0.010936 -0.284123 -0.076426
  time 86
    0 0.000000 0.826660 0.000001 -1.559900 -0.000006 -0.000006
    1 -6.742785 9.271974 -10.099821 -0.615138 0.264165 0.686617
    2 0.000000 14.313023 0.000003 -2.024178 0.000000 0.000000
    3 -0.000011 13.013483 -0.000005 -0.406848 1.402371 -0.244816
    4 8.652996 -22.135220 3.978737 2.947657 0.312156 -0.581899
    5 0.000000 -14.313034 0.000000 -0.487806 0.000000 0.000000
    6 -0.000004 -13.013485 -0.000004 0.000000 0.000000 0.000000
    7 -1.330879 -2.698427 0.462449 -0.194886 -0.547260 3.056712
    8 1.330910 2.698444 -0.462436 0.194890 0.547268 -0.084879
    9 2.125917 3.131412 -2.000634 -3.197015 0.502051 -2.974934
    10 3.556210 4.238403 0.987502 -1.090396 0.577049 -0.321829
    11 4.139183 5.092691 1.421975 -1.090396 0.577049 -0.321829
    12 4.777527 6.028128 1.897721 -1.090396 0.577049 -0.321829
    13 5.490345 7.072691 2.428969 -1.090396 0.577049 -0.321829
    14 6.566406 8.648438 3.232422 -1.090396 0.577049 -0.321829
    15 7.558525 6.997282 -2.354134 -1.937336 -0.275393 3.010581
    16 7.558525 6.997282 -2.354134 1.937336 0.275393 -0.131011
    17 -2.867767 -2.740969 0.531125 2.051196 0.577049 -0.321829
    18 2.152140 1.888507 -1.798353 -0.502750 -0.048629 1.764001
    19 0.981139 7.920928 -1.519660 0.099907 1.066073 0.281121
    20 1.306292 8.017385 -2.132091 -1.067691 0.062979 -1.369285
    21 2.686850 1.097116 -2.515741 0.044561 -1.068038 -3.025617
    22 6.946648 6.587124 1.429667 -1.090396 0.577049 -0.321829
    23 7.537933 7.453606 1.870349 -1.090396 0.577049 -0.321829
    24 8.154472 8.357077 2.329839 -1.090396 0.577049 -0.321829
    25 8.874294 9.411907 2.866308 -1.090396 0.577049 -0.321829
    26 -4.125858 -2.321501 1.394414 2.051196 0.577049 -0.321829
    27 -4.826813 -3.348669 0.872014 2.051196 0.577049 -0.321829
    28 -5.441669 -4.249685 0.413772 2.051196 0.577049 -0.321829
    29 -0.552532 -1.343527 1.604446 -0.415180 0.312114 -0.422073
    30 0.552589 1.343534 -1.604463 -0.082862 0.647750 0.111392
    31 0.000000 -2.021618 -0.000004 0.186809 0.000000 0.000000
    32 -0.000021 2.021633 0.000027 0.186809 0.000000 0.000000
    33 -0.000004 -1.136217 -0.000004 -0.210111 0.000000 0.000000
    34 -0.000011 1.136200 -0.000019 -0.353672 0.000000 0.000000
    35 -0.032677 -4.587727 1.352317 2.844703 1.216154 2.484990
    36 0.032719 4.587772 -1.352291 2.480521 0.641962 1.919027
    37 0.000000 -1.754536 -0.000002 0.662896 0.000000 0.000000
    38 -0.000006 1.754520 -0.000034 0.921550 0.000000 0.000000
    39 0.000000 -1.227020 -0.000002 0.092660 0.000000 0.000000
    40 0.000002 1.227070 0.000032 1.626276 0.000000 0.000000
    41 -0.367996 -4.208406 0.173244 2.943027 1.091688 2.536231
    42 0.368011 4.208412 -0.173239 3.040744 0.809471 2.017189
    43 0.000000 -2.372318 -0.000004 0.722081 0.000000 0.000000
    44 -0.000006 2.372318 -0.000032 1.879058 0.000000 0.000000
    45 0.000004 -1.580070 -0.000001 0.034255 0.000000 0.000000
    46 -0.000002 1.580170 0.000030 -0.399802 0.000000 0.000000
    47 -0.937645 -3.860697 -0.959317 3.044205 1.001841 2.581100
    48 0.937672 3.860714 0.959333 3.038817 0.712680 2.111164
    49 0.000000 -1.690632 0.000000 0.491549 0.000000 0.000000
    50 -0.000013 1.690666 0.000021 1.760991 0.000000 0.000000
    51 -0.000002 -1.423443 0.000002 0.234212 0.000000 0.000000
    52 0.000008 1.423420 0.000028 1.344119 0.000000 0.000000
    53 -1.546646 -3.404194 -1.915569 3.024293 0.944156 2.514436
    54 1.546661 3.404217 1.915585 3.683089 0.571801 2.142196
    55 0.000004 -1.437820 0.000000 0.424958 0.000000 0.000000
    56 -0.000021 1.437870 0.000031 1.286458 0.000000 0.000000
    57 -0.000002 -1.059402 0.000000 0.322075 0.000000 0.000000
    58 0.000006 1.059372 0.000008 1.587387 0.000000 0.000000
    59 -0.000004 -13.013485 -0.000004 0.010936 -0.284123 -0.076426
    60 0.161133 -10.812500 0.023087 0.010936 -0.284123 -0.076426
  time 87
    0 0.000000 0.826660 0.000001 -1.559900 -0.000006 -0.000006
    1 -6.742785 9.271974 -10.099821 -0.612466 0.260159 0.685166
    2 0.000000 14.313023 0.000003 -2.024362 0.000000 0.000000
    3 -0.000011 13.013483 -0.000005 -0.419748 1.401428 -0.256702
    4 8.652996 -22.135220 3.978737 2.947657 0.312156 -0.581899
    5 0.000000 -14.313034 0.000000 -0.487806 0.000000 0.000000
    6 -0.000004 -13.013485 -0.000004 0.000000 0.000000 0.000000
    7 -1.330879 -2.698427 0.462449 -0.194886 -0.547260 3.056712
    8 1.330910 2.698444 -0.462436 0.194890 0.547268 -0.084879
    9 2.187738 3.131412 -2.051145 -3.210425 0.454354 -2.957619
    10 3.556210 4.238403 0.987502 -1.090396 0.577049 -0.321829
    11 4.139183 5.092691 1.421975 -1.090396 0.577049 -0.321829
    12 4.777527 6.028128 1.897721 -1.090396 0.577049 -0.321829
    13 5.490345 7.072691 2.428969 -1.090396 0.577049 -0.321829
    14 6.566406 8.648438 3.232422 -1.090396 0.577049 -0.321829
    15 7.558525 6.997282 -2.354134 -1.937336 -0.275393 3.010581
    16 7.558525 6.997282 -2.354134 1.937336 0.275393 -0.131011
    17 -2.867767 -2.740969 0.531125 2.051196 0.577049 -0.321829
    18 2.257612 1.900226 -1.853042 -0.455381 -0.061977 1.784901
    19 0.961607 7.905303 -1.496222 0.139169 1.111961 0.339412
    20 1.255509 8.009572 -2.124279 -1.114060 0.077302 -1.348771
    21 2.776697 1.128367 -2.605587 0.021089 -1.115491 -2.980942
    22 6.946648 6.587124 1.429667 -1.090396 0.577049 -0.321829
    23 7.537933 7.453606 1.870349 -1.090396 0.577049 -0.321829
    24 8.154472 8.357077 2.329839 -1.090396 0.577049 -0.321829
    25 8.874294 9.411907 2.866308 -1.090396 0.577049 -0.321829
    26 -4.125858 -2.321501 1.394414 2.051196 0.577049 -0.321829
    27 -4.826813 -3.348669 0.872014 2.051196 0.577049 -0.321829
    28 -5.441669 -4.249685 0.413772 2.051196 0.577049 -0.321829
    29 -0.552532 -1.343527 1.604446 -0.415180 0.312114 -0.422073
    30 0.552589 1.343534 -1.604463 -0.100397 0.445535 -0.013791
    31 0.000000 -2.021618 -0.000004 0.186809 0.000000 0.000000
    32 -0.000021 2.021633 0.000027 0.186809 0.000000 0.000000
    33 -0.000004 -1.136217 -0.000004 -0.210111 0.000000 0.000000
    34 -0.000011 1.136200 -0.000019 -0.372076 0.000000 0.000000
    35 -0.032677 -4.587727 1.352317 2.844703 1.216154 2.484990
    36 0.032719 4.587772 -1.352291 2.517850 0.641962 1.919027
    37 0.000000 -1.754536 -0.000002 0.662896 0.000000 0.000000
    38 -0.000006 1.754520 -0.000034 0.958650 0.000000 0.000000
    39 0.000000 -1.227020 -0.000002 0.092660 0.000000 0.000000
    40 0.000002 1.227070 0.000032 1.502196 0.000000 0.000000
    41 -0.367996 -4.208406 0.173244 2.943027 1.091688 2.536231
    42 0.368011 4.208412 -0.173239 3.040744 0.809471 2.017112
    43 0.000000 -2.372318 -0.000004 0.722081 0.000000 0.000000
    44 -0.000006 2.372318 -0.000032 1.879058 0.000000 0.000000
    45 0.000004 -1.580070 -0.000001 0.034255 0.000000 0.000000
    46 -0.000002 1.580170 0.000030 -0.399802 0.000000 0.000000
    47 -0.937645 -3.860697 -0.959317 3.044205 1.001841 2.581100
    48 0.937672 3.860714 0.959333 3.038817 0.712680 2.111164
    49 0.000000 -1.690632 0.000000 0.491549 0.000000 0.000000
    50 -0.000013 1.690666 0.000021 1.760991 0.000000 0.000000
    51 -0.000002 -1.423443 0.000002 0.234212 0.000000 0.000000
    52 0.000008 1.423420 0.000028 1.344119 0.000000 0.000000
    53 -1.546646 -3.404194 -1.915569 3.024293 0.944156 2.514436
    54 1.546661 3.404217 1.915585 3.683089 0.571801 2.142196
    55 0.000004 -1.437820 0.000000 0.424958 0.000000 0.000000
    56 -0.000021 1.437870 0.000031 1.286458 0.000000 0.000000
    57 -0.000002 -1.059402 0.000000 0.322075 0.000000 0.000000
    58 0.000006 1.059372 0.000008 1.587387 0.000000 0.000000
    59 -0.000004 -13.013485 -0.000004 0.010936 -0.284123 -0.076426
    60 0.161133 -10.812500 0.023087 0.010936 -0.284123 -0.076426
  time 88
    0 0.000000 0.826660 0.000001 -1.559900 -0.000006 -0.000006
    1 -6.742785 9.271974 -10.099821 -0.603159 0.253530 0.682798
    2 0.000000 14.313023 0.000003 -2.031999 0.000000 0.000000
    3 -0.000011 13.013483 -0.000005 -0.385732 1.394447 -0.220756
    4 8.652996 -22.135220 3.978737 2.947657 0.312156 -0.581899
    5 0.000000 -14.313034 0.000000 -0.487806 0.000000 0.000000
    6 -0.000004 -13.013485 -0.000004 0.000000 0.000000 0.000000
    7 -1.330879 -2.698427 0.462449 -0.194886 -0.547260 3.056712
    8 1.330910 2.698444 -0.462436 0.194890 0.547268 -0.084879
    9 2.187738 3.131412 -2.000634 -3.193950 0.430379 -2.949482
    10 3.556210 4.238403 0.987502 -1.090396 0.577049 -0.321829
    11 4.139183 5.092691 1.421975 -1.090396 0.577049 -0.321829
    12 4.777527 6.028128 1.897721 -1.090396 0.577049 -0.321829
    13 5.490345 7.072691 2.428969 -1.090396 0.577049 -0.321829
    14 6.566406 8.648438 3.232422 -1.090396 0.577049 -0.321829
    15 7.558525 6.997282 -2.354134 -1.937336 -0.275393 3.010581
    16 7.558525 6.997282 -2.354134 1.937336 0.275393 -0.131011
    17 -2.867767 -2.740969 0.531125 2.051196 0.577049 -0.321829
    18 2.265425 1.900226 -1.786634 -0.430935 -0.047702 1.784613
    19 0.969420 7.909209 -1.515754 0.112520 1.137773 0.316498
    20 1.247697 8.001759 -2.155529 -1.137341 0.064089 -1.348867
    21 2.772790 1.108835 -2.543085 0.055674 -1.137500 -3.010662
    22 6.946648 6.587124 1.429667 -1.090396 0.577049 -0.321829
    23 7.537933 7.453606 1.870349 -1.090396 0.577049 -0.321829
    24 8.154472 8.357077 2.329839 -1.090396 0.577049 -0.321829
    25 8.874294 9.411907 2.866308 -1.090396 0.577049 -0.321829
    26 -4.125858 -2.321501 1.394414 2.051196 0.577049 -0.321829
    27 -4.826813 -3.348669 0.872014 2.051196 0.577049 -0.321829
    28 -5.441669 -4.249685 0.413772 2.051196 0.577049 -0.321829
    29 -0.552532 -1.343527 1.604446 -0.415180 0.312114 -0.422073
    30 0.552589 1.343534 -1.604463 -0.115762 0.197446 -0.134039
    31 0.000000 -2.021618 -0.000004 0.186809 0.000000 0.000000
    32 -0.000021 2.021633 0.000027 0.186809 0.000000 0.000000
    33 -0.000004 -1.136217 -0.000004 -0.210111 0.000000 0.000000
    34 -0.000011 1.136200 -0.000019 -0.400146 0.000000 0.000000
    35 -0.032677 -4.587727 1.352317 2.844703 1.216154 2.484990
    36 0.032719 4.587772 -1.352291 2.537904 0.642148 1.919102
    37 0.000000 -1.754536 -0.000002 0.662896 0.000000 0.000000
    38 -0.000006 1.754520 -0.000034 0.978379 0.000000 0.000000
    39 0.000000 -1.227020 -0.000002 0.092660 0.000000 0.000000
    40 0.000002 1.227070 0.000032 1.334783 0.000000 0.000000
    41 -0.367996 -4.208406 0.173244 2.943027 1.091688 2.536231
    42 0.368011 4.208412 -0.173239 3.040565 0.809671 2.017344
    43 0.000000 -2.372318 -0.000004 0.722081 0.000000 0.000000
    44 -0.000006 2.372318 -0.000032 1.878356 0.000000 0.000000
    45 0.000004 -1.580070 -0.000001 0.034255 0.000000 0.000000
    46 -0.000002 1.580170 0.000030 -0.398437 0.000000 0.000000
    47 -0.937645 -3.860697 -0.959317 3.044205 1.001841 2.581100
    48 0.937672 3.860714 0.959333 3.038817 0.712680 2.111164
    49 0.000000 -1.690632 0.000000 0.491549 0.000000 0.000000
    50 -0.000013 1.690666 0.000021 1.760991 0.000000 0.000000
    51 -0.000002 -1.423443 0.000002 0.234212 0.000000 0.000000
    52 0.000008 1.423420 0.000028 1.344119 0.000000 0.000000
    53 -1.546646 -3.404194 -1.915569 3.024293 0.944156 2.514436
    54 1.546661 3.404217 1.915585 3.683089 0.571801 2.142196
    55 0.000004 -1.437820 0.000000 0.424958 0.000000 0.000000
    56 -0.000021 1.437870 0.000031 1.286458 0.000000 0.000000
    57 -0.000002 -1.059402 0.000000 0.322075 0.000000 0.000000
    58 0.000006 1.059372 0.000008 1.587387 0.000000 0.000000
    59 -0.000004 -13.013485 -0.000004 0.010936 -0.284123 -0.076426
    60 0.161133 -10.812500 0.023087 0.010936 -0.284123 -0.076426
  time 89
    0 0.000000 0.826660 0.000001 -1.559900 -0.000006 -0.000006
    1 -6.742785 9.271974 -10.099821 -0.587678 0.244851 0.679667
    2 0.000000 14.313023 0.000003 -2.047518 0.000000 0.000000
    3 -0.000011 13.013483 -0.000005 -0.064400 1.355440 0.038342
    4 8.652996 -22.135220 3.978737 2.947657 0.312156 -0.581899
    5 0.000000 -14.313034 0.000000 -0.487806 0.000000 0.000000
    6 -0.000004 -13.013485 -0.000004 0.000000 0.000000 0.000000
    7 -1.330879 -2.698427 0.462449 -0.194886 -0.547260 3.056712
    8 1.330910 2.698444 -0.462436 0.194890 0.547268 -0.084879
    9 2.311381 3.082335 -1.697566 -3.101613 0.585083 -2.873695
    10 3.556210 4.238403 0.987502 -1.090396 0.577049 -0.321829
    11 4.139183 5.092691 1.421975 -1.090396 0.577049 -0.321829
    12 4.777527 6.028128 1.897721 -1.090396 0.577049 -0.321829
    13 5.490345 7.072691 2.428969 -1.090396 0.577049 -0.321829
    14 6.566406 8.648438 3.232422 -1.090396 0.577049 -0.321829
    15 7.558525 6.997282 -2.354134 -1.937336 -0.275393 3.010581
    16 7.558525 6.997282 -2.354134 1.937336 0.275393 -0.131011
    17 -2.867767 -2.740969 0.531125 2.051196 0.577049 -0.321829
    18 2.374803 1.872881 -1.435061 -0.585504 0.033422 1.816443
    19 0.891293 7.838895 -1.660290 -0.061696 0.984854 0.194738
    20 1.271135 7.915819 -2.241470 -0.982138 -0.017194 -1.313974
    21 3.030611 1.069772 -2.066508 0.173126 -0.971792 -3.081892
    22 6.946648 6.587124 1.429667 -1.090396 0.577049 -0.321829
    23 7.537933 7.453606 1.870349 -1.090396 0.577049 -0.321829
    24 8.154472 8.357077 2.329839 -1.090396 0.577049 -0.321829
    25 8.874294 9.411907 2.866308 -1.090396 0.577049 -0.321829
    26 -4.125858 -2.321501 1.394414 2.051196 0.577049 -0.321829
    27 -4.826813 -3.348669 0.872014 2.051196 0.577049 -0.321829
    28 -5.441669 -4.249685 0.413772 2.051196 0.577049 -0.321829
    29 -0.552532 -1.343527 1.604446 -0.415180 0.312114 -0.422073
    30 0.552589 1.343534 -1.604463 -0.131833 -0.012579 -0.212878
    31 0.000000 -2.021618 -0.000004 0.186809 0.000000 0.000000
    32 -0.000021 2.021633 0.000027 0.186809 0.000000 0.000000
    33 -0.000004 -1.136217 -0.000004 -0.210111 0.000000 0.000000
    34 -0.000011 1.136200 -0.000019 -0.435607 0.000000 0.000000
    35 -0.032677 -4.587727 1.352317 2.844703 1.216154 2.484990
    36 0.032719 4.587772 -1.352291 2.517850 0.715856 1.952319
    37 0.000000 -1.754536 -0.000002 0.662896 0.000000 0.000000
    38 -0.000006 1.754520 -0.000034 0.868758 0.000000 0.000000
    39 0.000000 -1.227020 -0.000002 0.092660 0.000000 0.000000
    40 0.000002 1.227070 0.000032 1.068718 0.000000 0.000000
    41 -0.367996 -4.208406 0.173244 2.943027 1.091688 2.536231
    42 0.368011 4.208412 -0.173239 2.943745 0.895892 2.094821
    43 0.000000 -2.372318 -0.000004 0.722081 0.000000 0.000000
    44 -0.000006 2.372318 -0.000032 1.580733 0.000000 0.000000
    45 0.000004 -1.580070 -0.000001 0.034255 0.000000 0.000000
    46 -0.000002 1.580170 0.000030 0.183018 0.000000 0.000000
    47 -0.937645 -3.860697 -0.959317 3.044205 1.001841 2.581100
    48 0.937672 3.860714 0.959333 3.038817 0.712680 2.111164
    49 0.000000 -1.690632 0.000000 0.491549 0.000000 0.000000
    50 -0.000013 1.690666 0.000021 1.760991 0.000000 0.000000
    51 -0.000002 -1.423443 0.000002 0.234212 0.000000 0.000000
    52 0.000008 1.423420 0.000028 1.344119 0.000000 0.000000
    53 -1.546646 -3.404194 -1.915569 3.024293 0.944156 2.514436
    54 1.546661 3.404217 1.915585 3.683089 0.571801 2.142196
    55 0.000004 -1.437820 0.000000 0.424958 0.000000 0.000000
    56 -0.000021 1.437870 0.000031 1.286458 0.000000 0.000000
    57 -0.000002 -1.059402 0.000000 0.322075 0.000000 0.000000
    58 0.000006 1.059372 0.000008 1.587387 0.000000 0.000000
    59 -0.000004 -13.013485 -0.000004 0.010936 -0.284123 -0.076426
    60 0.161133 -10.812500 0.023087 0.010936 -0.284123 -0.076426
  time 90
    0 0.000000 0.826660 0.000001 -1.559900 -0.000006 -0.000006
    1 -6.742785 9.271974 -10.099821 -0.569710 0.234741 0.676000
    2 0.000000 14.313023 0.000003 -2.065175 0.000000 0.000000
    3 -0.000011 13.013483 -0.000005 0.400638 1.249786 0.351024
    4 8.652996 -22.135220 3.978737 2.947657 0.312156 -0.581899
    5 0.000000 -14.313034 0.000000 -0.487806 0.000000 0.000000
    6 -0.000004 -13.013485 -0.000004 0.000000 0.000000 0.000000
    7 -1.330879 -2.698427 0.462449 -0.194886 -0.547260 3.056712
    8 1.330910 2.698444 -0.462436 0.194890 0.547268 -0.084879
    9 2.558667 3.033258 -1.141941 -2.806879 0.945451 -2.560141
    10 3.556210 4.238403 0.987502 -1.090396 0.577049 -0.321829
    11 4.139183 5.092691 1.421975 -1.090396 0.577049 -0.321829
    12 4.777527 6.028128 1.897721 -1.090396 0.577049 -0.321829
    13 5.490345 7.072691 2.428969 -1.090396 0.577049 -0.321829
    14 6.566406 8.648438 3.232422 -1.090396 0.577049 -0.321829
    15 7.558525 6.997282 -2.354134 -1.937336 -0.275393 3.010581
    16 7.558525 6.997282 -2.354134 1.937336 0.275393 -0.131011
    17 -2.867767 -2.740969 0.531125 2.051196 0.577049 -0.321829
    18 2.577934 1.845536 -0.786603 -0.972449 0.193492 1.877227
    19 0.774102 7.600606 -1.984518 -0.234205 0.586203 0.175564
    20 1.349262 7.700969 -2.378193 -0.596429 -0.181715 -1.246297
    21 3.507188 1.104929 -1.058665 0.278795 -0.561423 -3.050255
    22 6.946648 6.587124 1.429667 -1.090396 0.577049 -0.321829
    23 7.537933 7.453606 1.870349 -1.090396 0.577049 -0.321829
    24 8.154472 8.357077 2.329839 -1.090396 0.577049 -0.321829
    25 8.874294 9.411907 2.866308 -1.090396 0.577049 -0.321829
    26 -4.125858 -2.321501 1.394414 2.051196 0.577049 -0.321829
    27 -4.826813 -3.348669 0.872014 2.051196 0.577049 -0.321829
    28 -5.441669 -4.249685 0.413772 2.051196 0.577049 -0.321829
    29 -0.552532 -1.343527 1.604446 -0.415180 0.312114 -0.422073
    30 0.552589 1.343534 -1.604463 -0.141162 -0.101038 -0.240049
    31 0.000000 -2.021618 -0.000004 0.186809 0.000000 0.000000
    32 -0.000021 2.021633 0.000027 0.186809 0.000000 0.000000
    33 -0.000004 -1.136217 -0.000004 -0.210111 0.000000 0.000000
    34 -0.000011 1.136200 -0.000019 -0.476504 0.000000 0.000000
    35 -0.032677 -4.587727 1.352317 2.844703 1.216154 2.484990
    36 0.032719 4.587772 -1.352291 2.488421 0.878675 2.048175
    37 0.000000 -1.754536 -0.000002 0.662896 0.000000 0.000000
    38 -0.000006 1.754520 -0.000034 0.664710 0.000000 0.000000
    39 0.000000 -1.227020 -0.000002 0.092660 0.000000 0.000000
    40 0.000002 1.227070 0.000032 0.759186 0.000000 0.000000
    41 -0.367996 -4.208406 0.173244 2.943027 1.091688 2.536231
    42 0.368011 4.208412 -0.173239 3.124990 1.036518 2.283289
    43 0.000000 -2.372318 -0.000004 0.722081 0.000000 0.000000
    44 -0.000006 2.372318 -0.000032 1.380416 0.000000 0.000000
    45 0.000004 -1.580070 -0.000001 0.034255 0.000000 0.000000
    46 -0.000002 1.580170 0.000030 0.098197 0.000000 0.000000
    47 -0.937645 -3.860697 -0.959317 3.044205 1.001841 2.581100
    48 0.937672 3.860714 0.959333 3.110723 0.738065 2.143696
    49 0.000000 -1.690632 0.000000 0.491549 0.000000 0.000000
    50 -0.000013 1.690666 0.000021 1.504559 0.000000 0.000000
    51 -0.000002 -1.423443 0.000002 0.234212 0.000000 0.000000
    52 0.000008 1.423420 0.000028 0.890437 0.000000 0.000000
    53 -1.546646 -3.404194 -1.915569 3.024293 0.944156 2.514436
    54 1.546661 3.404217 1.915585 3.719083 0.587072 2.159155
    55 0.000004 -1.437820 0.000000 0.424958 0.000000 0.000000
    56 -0.000021 1.437870 0.000031 0.885821 0.000000 0.000000
    57 -0.000002 -1.059402 0.000000 0.322075 0.000000 0.000000
    58 0.000006 1.059372 0.000008 1.379513 0.000000 0.000000
    59 -0.000004 -13.013485 -0.000004 0.010936 -0.284123 -0.076426
    60 0.161133 -10.812500 0.023087 0.010936 -0.284123 -0.076426
  time 91
    0 0.000000 0.826660 0.000001 -1.559900 -0.000006 -0.000006
    1 -6.758411 9.201659 -10.009974 -0.549438 0.217907 0.685243
    2 0.000000 14.313023 0.000003 -2.072507 0.000000 0.000000
    3 -0.000011 13.013483 -0.000005 0.757514 1.107341 0.537560
    4 8.652996 -22.135220 3.978737 2.947657 0.312156 -0.581899
    5 0.000000 -14.313034 0.000000 -0.487806 0.000000 0.000000
    6 -0.000004 -13.013485 -0.000004 0.000000 0.000000 0.000000
    7 -1.330879 -2.698427 0.462449 -0.194886 -0.547260 3.056712
    8 1.330910 2.698444 -0.462436 0.194890 0.547268 -0.084879
    9 2.558667 2.984181 -0.485293 -1.746626 1.179420 -1.465916
    10 3.556210 4.238403 0.987502 -1.090396 0.577049 -0.321829
    11 4.139183 5.092691 1.421975 -1.090396 0.577049 -0.321829
    12 4.777527 6.028128 1.897721 -1.090396 0.577049 -0.321829
    13 5.490345 7.072691 2.428969 -1.090396 0.577049 -0.321829
    14 6.566406 8.648438 3.232422 -1.090396 0.577049 -0.321829
    15 7.558525 6.997282 -2.354134 -1.937336 -0.275393 3.010581
    16 7.558525 6.997282 -2.354134 1.937336 0.275393 -0.131011
    17 -2.867767 -2.740969 0.531125 2.051196 0.577049 -0.321829
    18 2.499807 1.798660 -0.110801 -1.498743 0.384998 1.865243
    19 0.867854 7.260752 -2.418125 -0.387367 0.067340 0.266836
    20 1.540674 7.443148 -2.464133 -0.074008 -0.383496 -1.251474
    21 3.530626 1.206495 0.183560 0.388966 -0.032100 -2.939239
    22 6.946648 6.587124 1.429667 -1.090396 0.577049 -0.321829
    23 7.537933 7.453606 1.870349 -1.090396 0.577049 -0.321829
    24 8.154472 8.357077 2.329839 -1.090396 0.577049 -0.321829
    25 8.874294 9.411907 2.866308 -1.090396 0.577049 -0.321829
    26 -4.125858 -2.321501 1.394414 2.051196 0.577049 -0.321829
    27 -4.826813 -3.348669 0.872014 2.051196 0.577049 -0.321829
    28 -5.441669 -4.249685 0.413772 2.051196 0.577049 -0.321829
    29 -0.552532 -1.343527 1.604446 -0.415180 0.312114 -0.422073
    30 0.552589 1.343534 -1.604463 -0.153000 -0.040889 -0.242766
    31 0.000000 -2.021618 -0.000004 0.186809 0.000000 0.000000
    32 -0.000021 2.021633 0.000027 0.186809 0.000000 0.000000
    33 -0.000004 -1.136217 -0.000004 -0.210111 0.000000 0.000000
    34 -0.000011 1.136200 -0.000019 -0.520655 0.000000 0.000000
    35 -0.032677 -4.587727 1.352317 2.844703 1.216154 2.484990
    36 0.032719 4.587772 -1.352291 2.494150 1.043425 2.189836
    37 0.000000 -1.754536 -0.000002 0.662896 0.000000 0.000000
    38 -0.000006 1.754520 -0.000034 0.555180 0.000000 0.000000
    39 0.000000 -1.227020 -0.000002 0.092660 0.000000 0.000000
    40 0.000002 1.227070 0.000032 0.611342 0.000000 0.000000
    41 -0.367996 -4.208406 0.173244 2.943027 1.091688 2.536231
    42 0.368011 4.208412 -0.173239 3.290787 1.113777 2.453336
    43 0.000000 -2.372318 -0.000004 0.722081 0.000000 0.000000
    44 -0.000006 2.372318 -0.000032 1.280126 0.000000 0.000000
    45 0.000004 -1.580070 -0.000001 0.034255 0.000000 0.000000
    46 -0.000002 1.580170 0.000030 -0.059497 0.000000 0.000000
    47 -0.937645 -3.860697 -0.959317 3.044205 1.001841 2.581100
    48 0.937672 3.860714 0.959333 3.289095 0.795928 2.229003
    49 0.000000 -1.690632 0.000000 0.491549 0.000000 0.000000
    50 -0.000013 1.690666 0.000021 1.248327 0.000000 0.000000
    51 -0.000002 -1.423443 0.000002 0.234212 0.000000 0.000000
    52 0.000008 1.423420 0.000028 0.436975 0.000000 0.000000
    53 -1.546646 -3.404194 -1.915569 3.024293 0.944156 2.514436
    54 1.546661 3.404217 1.915585 3.806671 0.622743 2.201819
    55 0.000004 -1.437820 0.000000 0.424958 0.000000 0.000000
    56 -0.000021 1.437870 0.000031 0.485451 0.000000 0.000000
    57 -0.000002 -1.059402 0.000000 0.322075 0.000000 0.000000
    58 0.000006 1.059372 0.000008 1.100965 0.000000 0.000000
    59 -0.000004 -13.013485 -0.000004 0.010936 -0.284123 -0.076426
    60 0.161133 -10.812500 0.023087 0.010936 -0.284123 -0.076426
  time 92
    0 0.000000 0.826660 0.000001 -1.559900 -0.000006 -0.000006
    1 -6.793568 9.006341 -9.775592 -0.530916 0.191201 0.713733
    2 0.000000 14.313023 0.000003 -2.059310 0.000000 0.000000
    3 -0.000011 13.013483 -0.000005 1.004891 0.980226 0.658530
    4 8.652996 -22.135220 3.978737 2.947657 0.312156 -0.581899
    5 0.000000 -14.313034 0.000000 -0.487806 0.000000 0.000000
    6 -0.000004 -13.013485 -0.000004 0.000000 0.000000 0.000000
    7 -1.330879 -2.698427 0.462449 -0.194886 -0.547260 3.056712
    8 1.330910 2.698444 -0.462436 0.194890 0.547268 -0.084879
    9 2.311381 2.836949 -0.030690 -0.873441 0.864490 -0.546446
    10 3.556210 4.238403 0.987502 -1.090396 0.577049 -0.321829
    11 4.139183 5.092691 1.421975 -1.090396 0.577049 -0.321829
    12 4.777527 6.028128 1.897721 -1.090396 0.577049 -0.321829
    13 5.490345 7.072691 2.428969 -1.090396 0.577049 -0.321829
    14 6.566406 8.648438 3.232422 -1.090396 0.577049 -0.321829
    15 7.558525 6.997282 -2.354134 -1.937336 -0.275393 3.010581
    16 7.558525 6.997282 -2.354134 1.937336 0.275393 -0.131011
    17 -2.867767 -2.740969 0.531125 2.051196 0.577049 -0.321829
    18 2.191204 1.685375 0.303274 -2.071836 0.520660 1.761220
    19 1.195989 6.932617 -2.750167 -0.580361 -0.429495 0.455803
    20 1.767244 7.212673 -2.456320 0.498039 -0.532479 -1.355097
    21 3.014985 1.241652 1.097651 0.551541 0.476320 -2.746639
    22 6.946648 6.587124 1.429667 -1.090396 0.577049 -0.321829
    23 7.537933 7.453606 1.870349 -1.090396 0.577049 -0.321829
    24 8.154472 8.357077 2.329839 -1.090396 0.577049 -0.321829
    25 8.874294 9.411907 2.866308 -1.090396 0.577049 -0.321829
    26 -4.125858 -2.321501 1.394414 2.051196 0.577049 -0.321829
    27 -4.826813 -3.348669 0.872014 2.051196 0.577049 -0.321829
    28 -5.441669 -4.249685 0.413772 2.051196 0.577049 -0.321829
    29 -0.552532 -1.343527 1.604446 -0.415180 0.312114 -0.422073
    30 0.552589 1.343534 -1.604463 -0.180595 0.080400 -0.249179
    31 0.000000 -2.021618 -0.000004 0.186809 0.000000 0.000000
    32 -0.000021 2.021633 0.000027 0.186809 0.000000 0.000000
    33 -0.000004 -1.136217 -0.000004 -0.210111 0.000000 0.000000
    34 -0.000011 1.136200 -0.000019 -0.565689 0.000000 0.000000
    35 -0.032677 -4.587727 1.352317 2.844703 1.216154 2.484990
    36 0.032719 4.587772 -1.352291 2.496321 1.138140 2.255055
    37 0.000000 -1.754536 -0.000002 0.662896 0.000000 0.000000
    38 -0.000006 1.754520 -0.000034 0.644845 0.000000 0.000000
    39 0.000000 -1.227020 -0.000002 0.092660 0.000000 0.000000
    40 0.000002 1.227070 0.000032 0.886593 0.000000 0.000000
    41 -0.367996 -4.208406 0.173244 2.943027 1.091688 2.536231
    42 0.368011 4.208412 -0.173239 3.083227 1.113777 2.453336
    43 0.000000 -2.372318 -0.000004 0.722081 0.000000 0.000000
    44 -0.000006 2.372318 -0.000032 1.369843 0.000000 0.000000
    45 0.000004 -1.580070 -0.000001 0.034255 0.000000 0.000000
    46 -0.000002 1.580170 0.000030 -0.144090 0.000000 0.000000
    47 -0.937645 -3.860697 -0.959317 3.044205 1.001841 2.581100
    48 0.937672 3.860714 0.959333 3.513731 0.858355 2.345659
    49 0.000000 -1.690632 0.000000 0.491549 0.000000 0.000000
    50 -0.000013 1.690666 0.000021 1.309969 0.000000 0.000000
    51 -0.000002 -1.423443 0.000002 0.234212 0.000000 0.000000
    52 0.000008 1.423420 0.000028 0.544889 0.000000 0.000000
    53 -1.546646 -3.404194 -1.915569 3.024293 0.944156 2.514436
    54 1.546661 3.404217 1.915585 3.913270 0.663399 2.256377
    55 0.000004 -1.437820 0.000000 0.424958 0.000000 0.000000
    56 -0.000021 1.437870 0.000031 0.630273 0.000000 0.000000
    57 -0.000002 -1.059402 0.000000 0.322075 0.000000 0.000000
    58 0.000006 1.059372 0.000008 0.982129 0.000000 0.000000
    59 -0.000004 -13.013485 -0.000004 0.010936 -0.284123 -0.076426
    60 0.161133 -10.812500 0.023087 0.010936 -0.284123 -0.076426
  time 93
    0 0.000000 0.826660 0.000001 -1.559900 -0.000006 -0.000006
    1 -6.844351 8.728988 -9.443551 -0.523176 0.159726 0.751771
    2 0.000000 14.313023 0.000003 -2.022651 0.000000 0.000000
    3 -0.000011 13.013483 -0.000005 1.144775 0.909381 0.748347
    4 8.652996 -22.135220 3.978737 2.947657 0.312156 -0.581899
    5 0.000000 -14.313034 0.000000 -0.487806 0.000000 0.000000
    6 -0.000004 -13.013485 -0.000004 0.000000 0.000000 0.000000
    7 -1.330879 -2.698427 0.462449 -0.194886 -0.547260 3.056712
    8 1.330910 2.698444 -0.462436 0.194890 0.547268 -0.084879
    9 2.064095 2.738795 0.120844 -0.658689 0.494771 -0.279063
    10 3.556210 4.238403 0.987502 -1.090396 0.577049 -0.321829
    11 4.139183 5.092691 1.421975 -1.090396 0.577049 -0.321829
    12 4.777527 6.028128 1.897721 -1.090396 0.577049 -0.321829
    13 5.490345 7.072691 2.428969 -1.090396 0.577049 -0.321829
    14 6.566406 8.648438 3.232422 -1.090396 0.577049 -0.321829
    15 7.558525 6.997282 -2.354134 -1.937336 -0.275393 3.010581
    16 7.558525 6.997282 -2.354134 1.937336 0.275393 -0.131011
    17 -2.867767 -2.740969 0.531125 2.051196 0.577049 -0.321829
    18 1.921664 1.529121 0.420465 -2.542866 0.568877 1.643871
    19 1.555375 6.706048 -2.875170 -0.849035 -0.769505 0.740164
    20 1.927405 7.048605 -2.386005 0.973707 -0.590508 -1.479906
    21 2.425123 1.167431 1.492194 0.807522 0.829047 -2.456061
    22 6.946648 6.587124 1.429667 -1.090396 0.577049 -0.321829
    23 7.537933 7.453606 1.870349 -1.090396 0.577049 -0.321829
    24 8.154472 8.357077 2.329839 -1.090396 0.577049 -0.321829
    25 8.874294 9.411907 2.866308 -1.090396 0.577049 -0.321829
    26 -4.125858 -2.321501 1.394414 2.051196 0.577049 -0.321829
    27 -4.826813 -3.348669 0.872014 2.051196 0.577049 -0.321829
    28 -5.441669 -4.249685 0.413772 2.051196 0.577049 -0.321829
    29 -0.552532 -1.343527 1.604446 -0.415180 0.312114 -0.422073
    30 0.552589 1.343534 -1.604463 -0.205368 0.175282 -0.262873
    31 0.000000 -2.021618 -0.000004 0.186809 0.000000 0.000000
    32 -0.000021 2.021633 0.000027 0.186809 0.000000 0.000000
    33 -0.000004 -1.136217 -0.000004 -0.210111 0.000000 0.000000
    34 -0.000011 1.136200 -0.000019 -0.609794 0.000000 0.000000
    35 -0.032677 -4.587727 1.352317 2.844703 1.216154 2.484990
    36 0.032719 4.587772 -1.352291 2.679671 1.158070 2.192718
    37 0.000000 -1.754536 -0.000002 0.662896 0.000000 0.000000
    38 -0.000006 1.754520 -0.000034 0.811612 0.000000 0.000000
    39 0.000000 -1.227020 -0.000002 0.092660 0.000000 0.000000
    40 0.000002 1.227070 0.000032 1.398886 0.000000 0.000000
    41 -0.367996 -4.208406 0.173244 2.943027 1.091688 2.536231
    42 0.368011 4.208412 -0.173239 3.360572 1.113777 2.453336
    43 0.000000 -2.372318 -0.000004 0.722081 0.000000 0.000000
    44 -0.000006 2.372318 -0.000032 1.536730 0.000000 0.000000
    45 0.000004 -1.580070 -0.000001 0.034255 0.000000 0.000000
    46 -0.000002 1.580170 0.000030 0.503242 0.000000 0.000000
    47 -0.937645 -3.860697 -0.959317 3.044205 1.001841 2.581100
    48 0.937672 3.860714 0.959333 3.714399 0.904220 2.457748
    49 0.000000 -1.690632 0.000000 0.491549 0.000000 0.000000
    50 -0.000013 1.690666 0.000021 1.424790 0.000000 0.000000
    51 -0.000002 -1.423443 0.000002 0.234212 0.000000 0.000000
    52 0.000008 1.423420 0.000028 0.745596 0.000000 0.000000
    53 -1.546646 -3.404194 -1.915569 3.024293 0.944156 2.514436
    54 1.546661 3.404217 1.915585 4.005472 0.695987 2.305718
    55 0.000004 -1.437820 0.000000 0.424958 0.000000 0.000000
    56 -0.000021 1.437870 0.000031 0.899822 0.000000 0.000000
    57 -0.000002 -1.059402 0.000000 0.322075 0.000000 0.000000
    58 0.000006 1.059372 0.000008 0.908435 0.000000 0.000000
    59 -0.000004 -13.013485 -0.000004 0.010936 -0.284123 -0.076426
    60 0.161133 -10.812500 0.023087 0.010936 -0.284123 -0.076426
  time 94
    0 0.000000 0.826660 0.000001 -1.559900 -0.000006 -0.000006
    1 -6.902946 8.404760 -9.060726 -0.536998 0.129158 0.791030
    2 0.000000 14.313023 0.000003 -1.950799 0.000000 0.000000
    3 -0.000011 13.013483 -0.000005 1.198092 0.907919 0.820909
    4 8.652996 -22.135220 3.978737 2.947657 0.312156 -0.581899
    5 0.000000 -14.313034 0.000000 -0.487806 0.000000 0.000000
    6 -0.000004 -13.013485 -0.000004 0.000000 0.000000 0.000000
    7 -1.330879 -2.698427 0.462449 -0.194886 -0.547260 3.056712
    8 1.330910 2.698444 -0.462436 0.194890 0.547268 -0.084879
    9 1.940452 2.640641 0.171355 -0.613766 0.338436 -0.211035
    10 3.556210 4.238403 0.987502 -1.090396 0.577049 -0.321829
    11 4.139183 5.092691 1.421975 -1.090396 0.577049 -0.321829
    12 4.777527 6.028128 1.897721 -1.090396 0.577049 -0.321829
    13 5.490345 7.072691 2.428969 -1.090396 0.577049 -0.321829
    14 6.566406 8.648438 3.232422 -1.090396 0.577049 -0.321829
    15 7.558525 6.997282 -2.354134 -1.937336 -0.275393 3.010581
    16 7.558525 6.997282 -2.354134 1.937336 0.275393 -0.131011
    17 -2.867767 -2.740969 0.531125 2.051196 0.577049 -0.321829
    18 1.812286 1.443180 0.428277 -2.735007 0.574325 1.589414
    19 1.723349 6.620107 -2.890796 -1.022967 -0.880563 0.917819
    20 1.993813 6.974384 -2.358661 1.170106 -0.599916 -1.538860
    21 2.155584 1.108835 1.574228 0.988394 0.945497 -2.263940
    22 6.946648 6.587124 1.429667 -1.090396 0.577049 -0.321829
    23 7.537933 7.453606 1.870349 -1.090396 0.577049 -0.321829
    24 8.154472 8.357077 2.329839 -1.090396 0.577049 -0.321829
    25 8.874294 9.411907 2.866308 -1.090396 0.577049 -0.321829
    26 -4.125858 -2.321501 1.394414 2.051196 0.577049 -0.321829
    27 -4.826813 -3.348669 0.872014 2.051196 0.577049 -0.321829
    28 -5.441669 -4.249685 0.413772 2.051196 0.577049 -0.321829
    29 -0.552532 -1.343527 1.604446 -0.415180 0.312114 -0.422073
    30 0.552589 1.343534 -1.604463 -0.219479 0.224170 -0.286761
    31 0.000000 -2.021618 -0.000004 0.186809 0.000000 0.000000
    32 -0.000021 2.021633 0.000027 0.186809 0.000000 0.000000
    33 -0.000004 -1.136217 -0.000004 -0.210111 0.000000 0.000000
    34 -0.000011 1.136200 -0.000019 -0.650784 0.000000 0.000000
    35 -0.032677 -4.587727 1.352317 2.844703 1.216154 2.484990
    36 0.032719 4.587772 -1.352291 2.889672 1.157031 2.159654
    37 0.000000 -1.754536 -0.000002 0.662896 0.000000 0.000000
    38 -0.000006 1.754520 -0.000034 0.901549 0.000000 0.000000
    39 0.000000 -1.227020 -0.000002 0.092660 0.000000 0.000000
    40 0.000002 1.227070 0.000032 1.674869 0.000000 0.000000
    41 -0.367996 -4.208406 0.173244 2.943027 1.091688 2.536231
    42 0.368011 4.208412 -0.173239 3.638008 1.113777 2.453336
    43 0.000000 -2.372318 -0.000004 0.722081 0.000000 0.000000
    44 -0.000006 2.372318 -0.000032 1.626622 0.000000 0.000000
    45 0.000004 -1.580070 -0.000001 0.034255 0.000000 0.000000
    46 -0.000002 1.580170 0.000030 1.150744 0.000000 0.000000
    47 -0.937645 -3.860697 -0.959317 3.044205 1.001841 2.581100
    48 0.937672 3.860714 0.959333 3.801913 0.921338 2.508790
    49 0.000000 -1.690632 0.000000 0.491549 0.000000 0.000000
    50 -0.000013 1.690666 0.000021 1.486632 0.000000 0.000000
    51 -0.000002 -1.423443 0.000002 0.234212 0.000000 0.000000
    52 0.000008 1.423420 0.000028 0.853658 0.000000 0.000000
    53 -1.546646 -3.404194 -1.915569 3.024293 0.944156 2.514436
    54 1.546661 3.404217 1.915585 4.044789 0.709183 2.327357
    55 0.000004 -1.437820 0.000000 0.424958 0.000000 0.000000
    56 -0.000021 1.437870 0.000031 1.044964 0.000000 0.000000
    57 -0.000002 -1.059402 0.000000 0.322075 0.000000 0.000000
    58 0.000006 1.059372 0.000008 0.883198 0.000000 0.000000
    59 -0.000004 -13.013485 -0.000004 0.010936 -0.284123 -0.076426
    60 0.161133 -10.812500 0.023087 0.010936 -0.284123 -0.076426
  time 95
    0 0.000000 0.826660 0.000001 -1.559900 -0.000006 -0.000006
    1 -6.953729 8.092250 -8.681809 -0.571369 0.104026 0.825937
    2 0.000000 14.313023 0.000003 -1.849316 0.000000 0.000000
    3 -0.000011 13.013483 -0.000005 1.220068 0.948765 0.887242
    4 8.652996 -22.135220 3.978737 2.947657 0.312156 -0.581899
    5 0.000000 -14.313034 0.000000 -0.487806 0.000000 0.000000
    6 -0.000004 -13.013485 -0.000004 0.000000 0.000000 0.000000
    7 -1.330879 -2.698427 0.462449 -0.194886 -0.547260 3.056712
    8 1.330910 2.698444 -0.462436 0.194890 0.547268 -0.084879
    9 1.909541 2.640641 0.171355 -0.619705 0.340632 -0.225227
    10 3.556210 4.238403 0.987502 -1.090396 0.577049 -0.321829
    11 4.139183 5.092691 1.421975 -1.090396 0.577049 -0.321829
    12 4.777527 6.028128 1.897721 -1.090396 0.577049 -0.321829
    13 5.490345 7.072691 2.428969 -1.090396 0.577049 -0.321829
    14 6.566406 8.648438 3.232422 -1.090396 0.577049 -0.321829
    15 7.558525 6.997282 -2.354134 -1.937336 -0.275393 3.010581
    16 7.558525 6.997282 -2.354134 1.937336 0.275393 -0.131011
    17 -2.867767 -2.740969 0.531125 2.051196 0.577049 -0.321829
    18 1.773222 1.439274 0.443903 -2.731012 0.579120 1.579443
    19 1.735068 6.596669 -2.902515 -1.023536 -0.874583 0.905930
    20 2.013345 6.950946 -2.366473 1.167136 -0.605941 -1.547967
    21 2.116520 1.104929 1.601573 0.992035 0.939267 -2.271801
    22 6.946648 6.587124 1.429667 -1.090396 0.577049 -0.321829
    23 7.537933 7.453606 1.870349 -1.090396 0.577049 -0.321829
    24 8.154472 8.357077 2.329839 -1.090396 0.577049 -0.321829
    25 8.874294 9.411907 2.866308 -1.090396 0.577049 -0.321829
    26 -4.125858 -2.321501 1.394414 2.051196 0.577049 -0.321829
    27 -4.826813 -3.348669 0.872014 2.051196 0.577049 -0.321829
    28 -5.441669 -4.249685 0.413772 2.051196 0.577049 -0.321829
    29 -0.552532 -1.343527 1.604446 -0.415180 0.312114 -0.422073
    30 0.552589 1.343534 -1.604463 -0.232545 0.265605 -0.314606
    31 0.000000 -2.021618 -0.000004 0.186809 0.000000 0.000000
    32 -0.000021 2.021633 0.000027 0.186809 0.000000 0.000000
    33 -0.000004 -1.136217 -0.000004 -0.210111 0.000000 0.000000
    34 -0.000011 1.136200 -0.000019 -0.686198 0.000000 0.000000
    35 -0.032677 -4.587727 1.352317 2.844703 1.216154 2.484990
    36 0.032719 4.587772 -1.352291 2.889672 1.157031 2.159654
    37 0.000000 -1.754536 -0.000002 0.662896 0.000000 0.000000
    38 -0.000006 1.754520 -0.000034 0.901549 0.000000 0.000000
    39 0.000000 -1.227020 -0.000002 0.092660 0.000000 0.000000
    40 0.000002 1.227070 0.000032 1.674869 0.000000 0.000000
    41 -0.367996 -4.208406 0.173244 2.943027 1.091688 2.536231
    42 0.368011 4.208412 -0.173239 3.638008 1.113777 2.453336
    43 0.000000 -2.372318 -0.000004 0.722081 0.000000 0.000000
    44 -0.000006 2.372318 -0.000032 1.626622 0.000000 0.000000
    45 0.000004 -1.580070 -0.000001 0.034255 0.000000 0.000000
    46 -0.000002 1.580170 0.000030 1.150744 0.000000 0.000000
    47 -0.937645 -3.860697 -0.959317 3.044205 1.001841 2.581100
    48 0.937672 3.860714 0.959333 3.801913 0.921338 2.508790
    49 0.000000 -1.690632 0.000000 0.491549 0.000000 0.000000
    50 -0.000013 1.690666 0.000021 1.486632 0.000000 0.000000
    51 -0.000002 -1.423443 0.000002 0.234212 0.000000 0.000000
    52 0.000008 1.423420 0.000028 0.853658 0.000000 0.000000
    53 -1.546646 -3.404194 -1.915569 3.024293 0.944156 2.514436
    54 1.546661 3.404217 1.915585 4.044789 0.709183 2.327357
    55 0.000004 -1.437820 0.000000 0.424958 0.000000 0.000000
    56 -0.000021 1.437870 0.000031 1.044964 0.000000 0.000000
    57 -0.000002 -1.059402 0.000000 0.322075 0.000000 0.000000
    58 0.000006 1.059372 0.000008 0.883198 0.000000 0.000000
    59 -0.000004 -13.013485 -0.000004 0.010936 -0.284123 -0.076426
    60 0.161133 -10.812500 0.023087 0.010936 -0.284123 -0.076426
  time 96
    0 0.000000 0.826660 0.000001 -1.559900 -0.000006 -0.000006
    1 -7.008418 7.818804 -8.349767 -0.614585 0.086047 0.853281
    2 0.000000 14.313023 0.000003 -1.740989 0.000000 0.000000
    3 -0.000011 13.013483 -0.000005 1.226661 1.009611 0.941975
    4 8.652996 -22.135220 3.978737 2.947657 0.312156 -0.581899
    5 0.000000 -14.313034 0.000000 -0.487806 0.000000 0.000000
    6 -0.000004 -13.013485 -0.000004 0.000000 0.000000 0.000000
    7 -1.330879 -2.698427 0.462449 -0.194886 -0.547260 3.056712
    8 1.330910 2.698444 -0.462436 0.194890 0.547268 -0.084879
    9 1.909541 2.640641 0.171355 -0.632636 0.349105 -0.242920
    10 3.556210 4.238403 0.987502 -1.090396 0.577049 -0.321829
    11 4.139183 5.092691 1.421975 -1.090396 0.577049 -0.321829
    12 4.777527 6.028128 1.897721 -1.090396 0.577049 -0.321829
    13 5.490345 7.072691 2.428969 -1.090396 0.577049 -0.321829
    14 6.566406 8.648438 3.232422 -1.090396 0.577049 -0.321829
    15 7.558525 6.997282 -2.354134 -1.937336 -0.275393 3.010581
    16 7.558525 6.997282 -2.354134 1.937336 0.275393 -0.131011
    17 -2.867767 -2.740969 0.531125 2.051196 0.577049 -0.321829
    18 1.738065 1.450993 0.475154 -2.717600 0.588927 1.573499
    19 1.735068 6.573231 -2.922047 -1.019837 -0.859877 0.889632
    20 2.021158 6.927508 -2.393818 1.154203 -0.616616 -1.552664
    21 2.096988 1.128367 1.632823 0.990789 0.924245 -2.285031
    22 6.946648 6.587124 1.429667 -1.090396 0.577049 -0.321829
    23 7.537933 7.453606 1.870349 -1.090396 0.577049 -0.321829
    24 8.154472 8.357077 2.329839 -1.090396 0.577049 -0.321829
    25 8.874294 9.411907 2.866308 -1.090396 0.577049 -0.321829
    26 -4.125858 -2.321501 1.394414 2.051196 0.577049 -0.321829
    27 -4.826813 -3.348669 0.872014 2.051196 0.577049 -0.321829
    28 -5.441669 -4.249685 0.413772 2.051196 0.577049 -0.321829
    29 -0.552532 -1.343527 1.604446 -0.415180 0.312114 -0.422073
    30 0.552589 1.343534 -1.604463 -0.243468 0.297602 -0.341386
    31 0.000000 -2.021618 -0.000004 0.186809 0.000000 0.000000
    32 -0.000021 2.021633 0.000027 0.186809 0.000000 0.000000
    33 -0.000004 -1.136217 -0.000004 -0.210111 0.000000 0.000000
    34 -0.000011 1.136200 -0.000019 -0.714222 0.000000 0.000000
    35 -0.032677 -4.587727 1.352317 2.844703 1.216154 2.484990
    36 0.032719 4.587772 -1.352291 2.889672 1.157031 2.159654
    37 0.000000 -1.754536 -0.000002 0.662896 0.000000 0.000000
    38 -0.000006 1.754520 -0.000034 0.901549 0.000000 0.000000
    39 0.000000 -1.227020 -0.000002 0.092660 0.000000 0.000000
    40 0.000002 1.227070 0.000032 1.674869 0.000000 0.000000
    41 -0.367996 -4.208406 0.173244 2.943027 1.091688 2.536231
    42 0.368011 4.208412 -0.173239 3.638008 1.113777 2.453336
    43 0.000000 -2.372318 -0.000004 0.722081 0.000000 0.000000
    44 -0.000006 2.372318 -0.000032 1.626622 0.000000 0.000000
    45 0.000004 -1.580070 -0.000001 0.034255 0.000000 0.000000
    46 -0.000002 1.580170 0.000030 1.150744 0.000000 0.000000
    47 -0.937645 -3.860697 -0.959317 3.044205 1.001841 2.581100
    48 0.937672 3.860714 0.959333 3.801913 0.921338 2.508790
    49 0.000000 -1.690632 0.000000 0.491549 0.000000 0.000000
    50 -0.000013 1.690666 0.000021 1.486632 0.000000 0.000000
    51 -0.000002 -1.423443 0.000002 0.234212 0.000000 0.000000
    52 0.000008 1.423420 0.000028 0.853658 0.000000 0.000000
    53 -1.546646 -3.404194 -1.915569 3.024293 0.944156 2.514436
    54 1.546661 3.404217 1.915585 4.044789 0.709183 2.327357
    55 0.000004 -1.437820 0.000000 0.424958 0.000000 0.000000
    56 -0.000021 1.437870 0.000031 1.044964 0.000000 0.000000
    57 -0.000002 -1.059402 0.000000 0.322075 0.000000 0.000000
    58 0.000006 1.059372 0.000008 0.883198 0.000000 0.000000
    59 -0.000004 -13.013485 -0.000004 0.010936 -0.284123 -0.076426
    60 0.161133 -10.812500 0.023087 0.010936 -0.284123 -0.076426
  time 97
    0 0.000000 0.826660 0.000001 -1.559900 -0.000006 -0.000006
    1 -7.043576 7.619579 -8.115385 -0.652273 0.075460 0.871002
    2 0.000000 14.313023 0.000003 -1.653068 0.000000 0.000000
    3 -0.000011 13.013483 -0.000005 1.226756 1.065551 0.980126
    4 8.652996 -22.135220 3.978737 2.947657 0.312156 -0.581899
    5 0.000000 -14.313034 0.000000 -0.487806 0.000000 0.000000
    6 -0.000004 -13.013485 -0.000004 0.000000 0.000000 0.000000
    7 -1.330879 -2.698427 0.462449 -0.194886 -0.547260 3.056712
    8 1.330910 2.698444 -0.462436 0.194890 0.547268 -0.084879
    9 1.878631 2.689718 0.221867 -0.645663 0.358268 -0.257964
    10 3.556210 4.238403 0.987502 -1.090396 0.577049 -0.321829
    11 4.139183 5.092691 1.421975 -1.090396 0.577049 -0.321829
    12 4.777527 6.028128 1.897721 -1.090396 0.577049 -0.321829
    13 5.490345 7.072691 2.428969 -1.090396 0.577049 -0.321829
    14 6.566406 8.648438 3.232422 -1.090396 0.577049 -0.321829
    15 7.558525 6.997282 -2.354134 -1.937336 -0.275393 3.010581
    16 7.558525 6.997282 -2.354134 1.937336 0.275393 -0.131011
    17 -2.867767 -2.740969 0.531125 2.051196 0.577049 -0.321829
    18 1.718533 1.466619 0.506405 -2.703237 0.598516 1.571102
    19 1.727256 6.561512 -2.941579 -1.015190 -0.844805 0.875442
    20 2.025064 6.915789 -2.417256 1.139928 -0.626711 -1.554101
    21 2.093082 1.159618 1.667981 0.987724 0.908990 -2.297206
    22 6.946648 6.587124 1.429667 -1.090396 0.577049 -0.321829
    23 7.537933 7.453606 1.870349 -1.090396 0.577049 -0.321829
    24 8.154472 8.357077 2.329839 -1.090396 0.577049 -0.321829
    25 8.874294 9.411907 2.866308 -1.090396 0.577049 -0.321829
    26 -4.125858 -2.321501 1.394414 2.051196 0.577049 -0.321829
    27 -4.826813 -3.348669 0.872014 2.051196 0.577049 -0.321829
    28 -5.441669 -4.249685 0.413772 2.051196 0.577049 -0.321829
    29 -0.552532 -1.343527 1.604446 -0.415180 0.312114 -0.422073
    30 0.552589 1.343534 -1.604463 -0.250916 0.318141 -0.361623
    31 0.000000 -2.021618 -0.000004 0.186809 0.000000 0.000000
    32 -0.000021 2.021633 0.000027 0.186809 0.000000 0.000000
    33 -0.000004 -1.136217 -0.000004 -0.210111 0.000000 0.000000
    34 -0.000011 1.136200 -0.000019 -0.732626 0.000000 0.000000
    35 -0.032677 -4.587727 1.352317 2.844703 1.216154 2.484990
    36 0.032719 4.587772 -1.352291 2.889672 1.157031 2.159654
    37 0.000000 -1.754536 -0.000002 0.662896 0.000000 0.000000
    38 -0.000006 1.754520 -0.000034 0.901549 0.000000 0.000000
    39 0.000000 -1.227020 -0.000002 0.092660 0.000000 0.000000
    40 0.000002 1.227070 0.000032 1.674869 0.000000 0.000000
    41 -0.367996 -4.208406 0.173244 2.943027 1.091688 2.536231
    42 0.368011 4.208412 -0.173239 3.638008 1.113777 2.453336
    43 0.000000 -2.372318 -0.000004 0.722081 0.000000 0.000000
    44 -0.000006 2.372318 -0.000032 1.626622 0.000000 0.000000
    45 0.000004 -1.580070 -0.000001 0.034255 0.000000 0.000000
    46 -0.000002 1.580170 0.000030 1.150744 0.000000 0.000000
    47 -0.937645 -3.860697 -0.959317 3.044205 1.001841 2.581100
    48 0.937672 3.860714 0.959333 3.801913 0.921338 2.508790
    49 0.000000 -1.690632 0.000000 0.491549 0.000000 0.000000
    50 -0.000013 1.690666 0.000021 1.486632 0.000000 0.000000
    51 -0.000002 -1.423443 0.000002 0.234212 0.000000 0.000000
    52 0.000008 1.423420 0.000028 0.853658 0.000000 0.000000
    53 -1.546646 -3.404194 -1.915569 3.024293 0.944156 2.514436
    54 1.546661 3.404217 1.915585 4.044789 0.709183 2.327357
    55 0.000004 -1.437820 0.000000 0.424958 0.000000 0.000000
    56 -0.000021 1.437870 0.000031 1.044964 0.000000 0.000000
    57 -0.000002 -1.059402 0.000000 0.322075 0.000000 0.000000
    58 0.000006 1.059372 0.000008 0.883198 0.000000 0.000000
    59 -0.000004 -13.013485 -0.000004 0.010936 -0.284123 -0.076426
    60 0.161133 -10.812500 0.023087 0.010936 -0.284123 -0.076426
  time 98
    0 0.000000 0.826660 0.000001 -1.559900 -0.000006 -0.000006
    1 -7.059201 7.545358 -8.025539 -0.668399 0.071883 0.877341
    2 0.000000 14.313023 0.000003 -1.616776 0.000000 0.000000
    3 -0.000011 13.013483 -0.000005 1.225610 1.090031 0.994409
    4 8.652996 -22.135220 3.978737 2.947657 0.312156 -0.581899
    5 0.000000 -14.313034 0.000000 -0.487806 0.000000 0.000000
    6 -0.000004 -13.013485 -0.000004 0.000000 0.000000 0.000000
    7 -1.330879 -2.698427 0.462449 -0.194886 -0.547260 3.056712
    8 1.330910 2.698444 -0.462436 0.194890 0.547268 -0.084879
    9 1.878631 2.689718 0.221867 -0.651601 0.362598 -0.264303
    10 3.556210 4.238403 0.987502 -1.090396 0.577049 -0.321829
    11 4.139183 5.092691 1.421975 -1.090396 0.577049 -0.321829
    12 4.777527 6.028128 1.897721 -1.090396 0.577049 -0.321829
    13 5.490345 7.072691 2.428969 -1.090396 0.577049 -0.321829
    14 6.566406 8.648438 3.232422 -1.090396 0.577049 -0.321829
    15 7.558525 6.997282 -2.354134 -1.937336 -0.275393 3.010581
    16 7.558525 6.997282 -2.354134 1.937336 0.275393 -0.131011
    17 -2.867767 -2.740969 0.531125 2.051196 0.577049 -0.321829
    18 1.714627 1.474431 0.518124 -2.696388 0.602820 1.570623
    19 1.723349 6.549793 -2.949391 -1.012819 -0.837909 0.869498
    20 2.025064 6.907976 -2.432882 1.133126 -0.631150 -1.554101
    21 2.089176 1.171337 1.679700 0.986191 0.902061 -2.302479
    22 6.946648 6.587124 1.429667 -1.090396 0.577049 -0.321829
    23 7.537933 7.453606 1.870349 -1.090396 0.577049 -0.321829
    24 8.154472 8.357077 2.329839 -1.090396 0.577049 -0.321829
    25 8.874294 9.411907 2.866308 -1.090396 0.577049 -0.321829
    26 -4.125858 -2.321501 1.394414 2.051196 0.577049 -0.321829
    27 -4.826813 -3.348669 0.872014 2.051196 0.577049 -0.321829
    28 -5.441669 -4.249685 0.413772 2.051196 0.577049 -0.321829
    29 -0.552532 -1.343527 1.604446 -0.415180 0.312114 -0.422073
    30 0.552589 1.343534 -1.604463 -0.253607 0.325476 -0.369600
    31 0.000000 -2.021618 -0.000004 0.186809 0.000000 0.000000
    32 -0.000021 2.021633 0.000027 0.186809 0.000000 0.000000
    33 -0.000004 -1.136217 -0.000004 -0.210111 0.000000 0.000000
    34 -0.000011 1.136200 -0.000019 -0.739179 0.000000 0.000000
    35 -0.032677 -4.587727 1.352317 2.844703 1.216154 2.484990
    36 0.032719 4.587772 -1.352291 2.889672 1.157031 2.159654
    37 0.000000 -1.754536 -0.000002 0.662896 0.000000 0.000000
    38 -0.000006 1.754520 -0.000034 0.901549 0.000000 0.000000
    39 0.000000 -1.227020 -0.000002 0.092660 0.000000 0.000000
    40 0.000002 1.227070 0.000032 1.674869 0.000000 0.000000
    41 -0.367996 -4.208406 0.173244 2.943027 1.091688 2.536231
    42 0.368011 4.208412 -0.173239 3.638008 1.113777 2.453336
    43 0.000000 -2.372318 -0.000004 0.722081 0.000000 0.000000
    44 -0.000006 2.372318 -0.000032 1.626622 0.000000 0.000000
    45 0.000004 -1.580070 -0.000001 0.034255 0.000000 0.000000
    46 -0.000002 1.580170 0.000030 1.150744 0.000000 0.000000
    47 -0.937645 -3.860697 -0.959317 3.044205 1.001841 2.581100
    48 0.937672 3.860714 0.959333 3.801913 0.921338 2.508790
    49 0.000000 -1.690632 0.000000 0.491549 0.000000 0.000000
    50 -0.000013 1.690666 0.000021 1.486632 0.000000 0.000000
    51 -0.000002 -1.423443 0.000002 0.234212 0.000000 0.000000
    52 0.000008 1.423420 0.000028 0.853658 0.000000 0.000000
    53 -1.546646 -3.404194 -1.915569 3.024293 0.944156 2.514436
    54 1.546661 3.404217 1.915585 4.044789 0.709183 2.327357
    55 0.000004 -1.437820 0.000000 0.424958 0.000000 0.000000
    56 -0.000021 1.437870 0.000031 1.044964 0.000000 0.000000
    57 -0.000002 -1.059402 0.000000 0.322075 0.000000 0.000000
    58 0.000006 1.059372 0.000008 0.883198 0.000000 0.000000
    59 -0.000004 -13.013485 -0.000004 0.010936 -0.284123 -0.076426
    60 0.161133 -10.812500 0.023087 0.010936 -0.284123 -0.076426
end
