// Created by Crowbar 0.74
version 1
nodes
  0 "root" -1
  1 "bip_upperArm_R" 0
  2 "bip_lowerArm_R" 1
  3 "bip_hand_R" 2
  4 "bip_upperArm_L" 0
  5 "bip_lowerArm_L" 4
  6 "bip_hand_L" 5
  7 "effect_hand_L" 6
  8 "effect_hand_R" 3
  9 "weapon_bone" 3
  10 "weapon_bone_1" 3
  11 "weapon_bone_2" 3
  12 "weapon_bone_3" 3
  13 "weapon_bone_4" 3
  14 "weapon_bone_5" 3
  15 "weapon_bone_6" 3
  16 "weapon_bone_7" 3
  17 "weapon_bone_L" 6
  18 "vm_weapon_bone" 3
  19 "vm_weapon_bone_1" 3
  20 "vm_weapon_bone_2" 3
  21 "vm_weapon_bone_3" 3
  22 "vm_weapon_bone_4" 3
  23 "vm_weapon_bone_5" 3
  24 "vm_weapon_bone_6" 3
  25 "vm_weapon_bone_7" 3
  26 "vm_weapon_bone_L" 6
  27 "vm_weapon_bone_L_1" 6
  28 "vm_weapon_bone_L_2" 6
  29 "bip_thumb_0_L" 6
  30 "bip_thumb_0_R" 3
  31 "bip_thumb_1_L" 29
  32 "bip_thumb_1_R" 30
  33 "bip_thumb_2_L" 31
  34 "bip_thumb_2_R" 32
  35 "bip_index_0_L" 6
  36 "bip_index_0_R" 3
  37 "bip_index_1_L" 35
  38 "bip_index_1_R" 36
  39 "bip_index_2_L" 37
  40 "bip_index_2_R" 38
  41 "bip_middle_0_L" 6
  42 "bip_middle_0_R" 3
  43 "bip_middle_1_L" 41
  44 "bip_middle_1_R" 42
  45 "bip_middle_2_L" 43
  46 "bip_middle_2_R" 44
  47 "bip_ring_0_L" 6
  48 "bip_ring_0_R" 3
  49 "bip_ring_1_L" 47
  50 "bip_ring_1_R" 48
  51 "bip_ring_2_L" 49
  52 "bip_ring_2_R" 50
  53 "bip_pinky_0_L" 6
  54 "bip_pinky_0_R" 3
  55 "bip_pinky_1_L" 53
  56 "bip_pinky_1_R" 54
  57 "bip_pinky_2_L" 55
  58 "bip_pinky_2_R" 56
  59 "Sleeve_Control" 5
  60 "Wrist_Control" 5
end
skeleton
  time 0
    0 0.002111 12.601947 -15.511235 -1.559952 0.000000 -0.000070
    1 -13.078916 -6.615230 -6.857534 -1.246896 -0.139474 0.417145
    2 0.000000 14.313023 0.000003 -1.231125 -0.489900 0.926684
    3 -0.000011 13.013483 -0.000005 -0.224063 -0.239986 1.066013
    4 14.192228 -5.064386 -6.845812 1.527318 0.117286 -0.722012
    5 0.000000 -14.313034 0.000000 -1.576464 -1.082982 1.577346
    6 -0.000004 -13.013485 -0.000004 0.564163 0.155490 1.102111
    7 -1.330879 -2.698427 0.462449 -0.194886 -0.547260 3.056712
    8 1.330910 2.698444 -0.462436 0.194890 0.547268 -0.084879
    9 31.491139 6.812199 0.474423 -1.294325 0.021812 -1.377829
    10 3.556210 4.238403 0.987502 -1.090396 0.577049 -0.321829
    11 4.139183 5.092691 1.421975 -1.090396 0.577049 -0.321829
    12 4.777527 6.028128 1.897721 -1.090396 0.577049 -0.321829
    13 5.490345 7.072691 2.428969 -1.090396 0.577049 -0.321829
    14 6.560660 8.639143 3.229776 -1.090396 0.577049 -0.321829
    15 7.558525 6.997282 -2.354134 -1.937336 -0.275393 3.010581
    16 7.558525 6.997282 -2.354134 1.937336 0.275393 -0.131011
    17 -2.867767 -2.740969 0.531125 2.051196 0.577049 -0.321829
    18 4.324081 2.744001 -0.524877 -1.090396 0.577049 -0.321829
    19 5.012512 3.752832 -0.011802 -1.090396 0.577049 -0.321829
    20 5.595486 4.607124 0.422674 -1.090396 0.577049 -0.321829
    21 6.233833 5.542564 0.898426 -1.090396 0.577049 -0.321829
    22 6.946648 6.587124 1.429667 -1.090396 0.577049 -0.321829
    23 7.537933 7.453606 1.870349 -1.090396 0.577049 -0.321829
    24 8.154472 8.357077 2.329839 -1.090396 0.577049 -0.321829
    25 8.874294 9.411907 2.866308 -1.090396 0.577049 -0.321829
    26 -4.125858 -2.321501 1.394414 2.051196 0.577049 -0.321829
    27 -4.826813 -3.348669 0.872014 2.051196 0.577049 -0.321829
    28 -5.441669 -4.249685 0.413772 2.051196 0.577049 -0.321829
    29 -0.552532 -1.343527 1.604446 -0.922840 0.331235 -0.390308
    30 0.552589 1.343534 -1.604463 -0.910612 0.312114 -0.422073
    31 0.000000 -2.021618 -0.000004 0.186809 0.000000 0.000000
    32 -0.000021 2.021633 0.000027 0.186809 0.000000 0.000000
    33 -0.000004 -1.136217 -0.000004 -0.610988 0.000000 0.000000
    34 -0.000011 1.136200 -0.000019 -0.580329 0.000000 0.000000
    35 -0.032677 -4.587727 1.352317 2.911723 1.326902 2.927417
    36 0.032719 4.587772 -1.352291 4.086135 1.285557 4.143975
    37 0.000000 -1.754536 -0.000002 0.090095 0.000000 0.000000
    38 -0.000006 1.754520 -0.000034 0.202256 0.000000 0.000000
    39 0.000000 -1.227020 -0.000002 -0.361967 0.000000 0.000000
    40 0.000002 1.227070 0.000032 -0.396269 0.000000 0.000000
    41 -0.367996 -4.208406 0.173244 2.597782 1.091688 2.536231
    42 0.368011 4.208412 -0.173239 2.837495 1.100750 2.833678
    43 0.000000 -2.372318 -0.000004 0.416949 0.000000 0.000000
    44 -0.000006 2.372318 -0.000032 0.334608 0.000000 0.000000
    45 0.000004 -1.580070 -0.000001 -0.506845 0.000000 0.000000
    46 -0.000002 1.580170 0.000030 -0.631565 0.000000 0.000000
    47 -0.937645 -3.860697 -0.959317 2.623732 0.963899 2.406312
    48 0.937672 3.860714 0.959333 2.732520 1.001840 2.581100
    49 0.000000 -1.690632 0.000000 0.491549 0.000000 0.000000
    50 -0.000013 1.690666 0.000021 0.491549 0.000000 0.000000
    51 -0.000002 -1.423443 0.000002 -0.304480 0.000000 0.000000
    52 0.000008 1.423420 0.000028 -0.377965 0.000000 0.000000
    53 -1.546646 -3.404194 -1.915569 2.591065 0.818414 1.959722
    54 1.546661 3.404217 1.915585 3.024293 0.944156 2.514435
    55 0.000004 -1.437820 0.000000 0.424958 0.000000 0.000000
    56 -0.000021 1.437870 0.000031 0.443554 0.000000 0.000000
    57 -0.000002 -1.059402 0.000000 0.716255 0.000000 0.000000
    58 0.000006 1.059372 0.000008 0.433624 0.000000 0.000000
    59 -0.000004 -13.013485 -0.000004 0.000000 0.000000 0.000000
    60 0.000000 -10.813480 -0.000004 0.000000 0.000000 0.000000
  time 1
    0 0.170085 12.207404 -14.272916 -1.559952 0.000000 -0.000070
    1 -14.746936 -6.291001 -7.076291 -1.229756 -0.194984 0.413860
    2 0.000000 14.313023 0.000003 -1.181452 -0.391900 0.741323
    3 -0.000011 13.013483 -0.000005 -0.256741 -0.286870 1.056619
    4 15.836809 -2.783067 -5.767654 1.548481 0.105803 -0.727854
    5 0.000000 -14.313034 0.000000 -1.358757 -0.866372 1.261800
    6 -0.000004 -13.013485 -0.000004 0.543535 0.161191 0.981783
    7 -1.330879 -2.698427 0.462449 -0.194886 -0.547260 3.056712
    8 1.330910 2.698444 -0.462436 0.194890 0.547268 -0.084879
    9 26.885436 6.370504 -0.485293 -1.177562 0.119654 -0.882519
    10 3.556210 4.238403 0.987502 -1.090396 0.577049 -0.321829
    11 4.139183 5.092691 1.421975 -1.090396 0.577049 -0.321829
    12 4.777527 6.028128 1.897721 -1.090396 0.577049 -0.321829
    13 5.490345 7.072691 2.428969 -1.090396 0.577049 -0.321829
    14 6.560660 8.639143 3.229776 -1.090396 0.577049 -0.321829
    15 7.558525 6.997282 -2.354134 -1.937336 -0.275393 3.010581
    16 7.558525 6.997282 -2.354134 1.937336 0.275393 -0.131011
    17 -2.867767 -2.740969 0.531125 2.051196 0.577049 -0.321829
    18 4.324081 2.744001 -0.524877 -1.090396 0.577049 -0.321829
    19 5.012512 3.752832 -0.011802 -1.090396 0.577049 -0.321829
    20 5.595486 4.607124 0.422674 -1.090396 0.577049 -0.321829
    21 6.233833 5.542564 0.898426 -1.090396 0.577049 -0.321829
    22 6.946648 6.587124 1.429667 -1.090396 0.577049 -0.321829
    23 7.537933 7.453606 1.870349 -1.090396 0.577049 -0.321829
    24 8.154472 8.357077 2.329839 -1.090396 0.577049 -0.321829
    25 8.874294 9.411907 2.866308 -1.090396 0.577049 -0.321829
    26 -4.125858 -2.321501 1.394414 2.051196 0.577049 -0.321829
    27 -4.826813 -3.348669 0.872014 2.051196 0.577049 -0.321829
    28 -5.441669 -4.249685 0.413772 2.051196 0.577049 -0.321829
    29 -0.552532 -1.343527 1.604446 -1.093814 0.196080 -0.503599
    30 0.552589 1.343534 -1.604463 -0.943695 0.235946 -0.582926
    31 0.000000 -2.021618 -0.000004 0.186809 0.000000 0.000000
    32 -0.000021 2.021633 0.000027 0.186619 0.000000 0.000000
    33 -0.000004 -1.136217 -0.000004 -0.633726 0.000000 0.000000
    34 -0.000011 1.136200 -0.000019 -0.683688 0.000000 0.000000
    35 -0.032677 -4.587727 1.352317 3.017809 1.323673 3.238420
    36 0.032719 4.587772 -1.352291 3.859639 1.285594 4.143975
    37 0.000000 -1.754536 -0.000002 0.204468 0.000000 0.000000
    38 -0.000006 1.754520 -0.000034 0.202256 0.000000 0.000000
    39 0.000000 -1.227020 -0.000002 -0.270897 0.000000 0.000000
    40 0.000002 1.227070 0.000032 -0.290828 0.000000 0.000000
    41 -0.367996 -4.208406 0.173244 2.594369 1.125037 2.647222
    42 0.368011 4.208412 -0.173239 2.771302 1.100750 2.833678
    43 0.000000 -2.372318 -0.000004 0.478104 0.000000 0.000000
    44 -0.000006 2.372318 -0.000032 0.412261 0.000000 0.000000
    45 0.000004 -1.580070 -0.000001 -0.398522 0.000000 0.000000
    46 -0.000002 1.580170 0.000030 -0.498617 0.000000 0.000000
    47 -0.937645 -3.860697 -0.959317 2.489117 0.972612 2.440419
    48 0.937672 3.860714 0.959333 2.599299 1.001840 2.581100
    49 0.000000 -1.690632 0.000000 0.491549 0.000000 0.000000
    50 -0.000013 1.690666 0.000021 0.491549 0.000000 0.000000
    51 -0.000002 -1.423443 0.000002 -0.196676 0.000000 0.000000
    52 0.000008 1.423420 0.000028 -0.255515 0.000000 0.000000
    53 -1.546646 -3.404194 -1.915569 2.400478 0.701144 2.092703
    54 1.546661 3.404217 1.915585 2.643765 0.862384 2.211718
    55 0.000004 -1.437820 0.000000 0.424958 0.000000 0.000000
    56 -0.000021 1.437870 0.000031 0.439867 0.000000 0.000000
    57 -0.000002 -1.059402 0.000000 0.637547 0.000000 0.000000
    58 0.000006 1.059372 0.000008 0.411290 0.000000 0.000000
    59 -0.000004 -13.013485 -0.000004 0.000000 0.000000 0.000000
    60 0.000000 -10.813480 -0.000004 0.000000 0.000000 0.000000
  time 2
    0 0.338059 11.816767 -13.159601 -1.559952 0.000000 -0.000070
    1 -16.407143 -5.970679 -7.599744 -1.212433 -0.250255 0.409430
    2 0.000000 14.313023 0.000003 -1.124203 -0.297498 0.552181
    3 -0.000011 13.013483 -0.000005 -0.289514 -0.333943 1.048759
    4 16.278229 -1.212706 -4.986380 1.569740 0.094433 -0.733792
    5 0.000000 -14.313034 0.000000 -1.097364 -0.673625 0.906780
    6 -0.000004 -13.013485 -0.000004 0.522547 0.164384 0.861647
    7 -1.330879 -2.698427 0.462449 -0.194886 -0.547260 3.056712
    8 1.330910 2.698444 -0.462436 0.194890 0.547268 -0.084879
    9 22.279732 5.928810 -1.445009 -1.061469 0.217183 -0.389195
    10 3.556210 4.238403 0.987502 -1.090396 0.577049 -0.321829
    11 4.139183 5.092691 1.421975 -1.090396 0.577049 -0.321829
    12 4.777527 6.028128 1.897721 -1.090396 0.577049 -0.321829
    13 5.490345 7.072691 2.428969 -1.090396 0.577049 -0.321829
    14 6.560660 8.639143 3.229776 -1.090396 0.577049 -0.321829
    15 7.558525 6.997282 -2.354134 -1.937336 -0.275393 3.010581
    16 7.558525 6.997282 -2.354134 1.937336 0.275393 -0.131011
    17 -2.867767 -2.740969 0.531125 2.051196 0.577049 -0.321829
    18 4.324081 2.744001 -0.524877 -1.090396 0.577049 -0.321829
    19 5.012512 3.752832 -0.011802 -1.090396 0.577049 -0.321829
    20 5.595486 4.607124 0.422674 -1.090396 0.577049 -0.321829
    21 6.233833 5.542564 0.898426 -1.090396 0.577049 -0.321829
    22 6.946648 6.587124 1.429667 -1.090396 0.577049 -0.321829
    23 7.537933 7.453606 1.870349 -1.090396 0.577049 -0.321829
    24 8.154472 8.357077 2.329839 -1.090396 0.577049 -0.321829
    25 8.874294 9.411907 2.866308 -1.090396 0.577049 -0.321829
    26 -4.125858 -2.321501 1.394414 2.051196 0.577049 -0.321829
    27 -4.826813 -3.348669 0.872014 2.051196 0.577049 -0.321829
    28 -5.441669 -4.249685 0.413772 2.051196 0.577049 -0.321829
    29 -0.552532 -1.343527 1.604446 -1.239073 0.077166 -0.608112
    30 0.552589 1.343534 -1.604463 -0.964365 0.174925 -0.711868
    31 0.000000 -2.021618 -0.000004 0.186809 0.000000 0.000000
    32 -0.000021 2.021633 0.000027 0.186374 0.000000 0.000000
    33 -0.000004 -1.136217 -0.000004 -0.628063 0.000000 0.000000
    34 -0.000011 1.136200 -0.000019 -0.735600 0.000000 0.000000
    35 -0.032677 -4.587727 1.352317 3.100195 1.316733 3.470402
    36 0.032719 4.587772 -1.352291 3.699902 1.285594 4.143975
    37 0.000000 -1.754536 -0.000002 0.319055 0.000000 0.000000
    38 -0.000006 1.754520 -0.000034 0.202256 0.000000 0.000000
    39 0.000000 -1.227020 -0.000002 -0.180068 0.000000 0.000000
    40 0.000002 1.227070 0.000032 -0.185587 0.000000 0.000000
    41 -0.367996 -4.208406 0.173244 2.605057 1.151757 2.736231
    42 0.368011 4.208412 -0.173239 2.727922 1.100750 2.833678
    43 0.000000 -2.372318 -0.000004 0.539018 0.000000 0.000000
    44 -0.000006 2.372318 -0.000032 0.489650 0.000000 0.000000
    45 0.000004 -1.580070 -0.000001 -0.290430 0.000000 0.000000
    46 -0.000002 1.580170 0.000030 -0.365385 0.000000 0.000000
    47 -0.937645 -3.860697 -0.959317 2.397516 0.981050 2.474447
    48 0.937672 3.860714 0.959333 2.498408 1.001840 2.581100
    49 0.000000 -1.690632 0.000000 0.491549 0.000000 0.000000
    50 -0.000013 1.690666 0.000021 0.491549 0.000000 0.000000
    51 -0.000002 -1.423443 0.000002 -0.088981 0.000000 0.000000
    52 0.000008 1.423420 0.000028 -0.133065 0.000000 0.000000
    53 -1.546646 -3.404194 -1.915569 2.264528 0.612053 2.221003
    54 1.546661 3.404217 1.915585 2.338640 0.796805 1.968930
    55 0.000004 -1.437820 0.000000 0.424958 0.000000 0.000000
    56 -0.000021 1.437870 0.000031 0.436126 0.000000 0.000000
    57 -0.000002 -1.059402 0.000000 0.558728 0.000000 0.000000
    58 0.000006 1.059372 0.000008 0.388957 0.000000 0.000000
    59 -0.000004 -13.013485 -0.000004 0.000000 0.000000 0.000000
    60 0.000000 -10.813480 -0.000004 0.000000 0.000000 0.000000
  time 3
    0 0.509939 11.422224 -12.186915 -1.559952 0.000000 -0.000070
    1 -18.067350 -5.642544 -8.232576 -1.194372 -0.305670 0.404007
    2 0.000000 14.313023 0.000003 -1.074592 -0.199045 0.367303
    3 -0.000011 13.013483 -0.000005 -0.322383 -0.381299 1.042241
    4 14.000816 -1.251770 -4.314485 1.591287 0.083216 -0.740017
    5 0.000000 -14.313034 0.000000 -0.884204 -0.452124 0.596818
    6 -0.000004 -13.013485 -0.000004 0.501018 0.164977 0.741033
    7 -1.330879 -2.698427 0.462449 -0.194886 -0.547260 3.056712
    8 1.330910 2.698444 -0.462436 0.194890 0.547268 -0.084879
    9 17.643118 5.388961 -2.303702 -0.944898 0.315026 0.105926
    10 3.556210 4.238403 0.987502 -1.090396 0.577049 -0.321829
    11 4.139183 5.092691 1.421975 -1.090396 0.577049 -0.321829
    12 4.777527 6.028128 1.897721 -1.090396 0.577049 -0.321829
    13 5.490345 7.072691 2.428969 -1.090396 0.577049 -0.321829
    14 6.560660 8.639143 3.229776 -1.090396 0.577049 -0.321829
    15 7.558525 6.997282 -2.354134 -1.937336 -0.275393 3.010581
    16 7.558525 6.997282 -2.354134 1.937336 0.275393 -0.131011
    17 -2.867767 -2.740969 0.531125 2.051196 0.577049 -0.321829
    18 4.324081 2.744001 -0.524877 -1.090396 0.577049 -0.321829
    19 5.012512 3.752832 -0.011802 -1.090396 0.577049 -0.321829
    20 5.595486 4.607124 0.422674 -1.090396 0.577049 -0.321829
    21 6.233833 5.542564 0.898426 -1.090396 0.577049 -0.321829
    22 6.946648 6.587124 1.429667 -1.090396 0.577049 -0.321829
    23 7.537933 7.453606 1.870349 -1.090396 0.577049 -0.321829
    24 8.154472 8.357077 2.329839 -1.090396 0.577049 -0.321829
    25 8.874294 9.411907 2.866308 -1.090396 0.577049 -0.321829
    26 -4.125858 -2.321501 1.394414 2.051196 0.577049 -0.321829
    27 -4.826813 -3.348669 0.872014 2.051196 0.577049 -0.321829
    28 -5.441669 -4.249685 0.413772 2.051196 0.577049 -0.321829
    29 -0.552532 -1.343527 1.604446 -1.335078 -0.010921 -0.696331
    30 0.552589 1.343534 -1.604463 -0.960968 0.142888 -0.779470
    31 0.000000 -2.021618 -0.000004 0.186809 0.000000 0.000000
    32 -0.000021 2.021633 0.000027 0.186130 0.000000 0.000000
    33 -0.000004 -1.136217 -0.000004 -0.566178 0.000000 0.000000
    34 -0.000011 1.136200 -0.000019 -0.686430 0.000000 0.000000
    35 -0.032677 -4.587727 1.352317 3.137004 1.302555 3.549802
    36 0.032719 4.587772 -1.352291 3.669431 1.285594 4.143975
    37 0.000000 -1.754536 -0.000002 0.433696 0.000000 0.000000
    38 -0.000006 1.754520 -0.000034 0.202256 0.000000 0.000000
    39 0.000000 -1.227020 -0.000002 -0.088998 0.000000 0.000000
    40 0.000002 1.227070 0.000032 -0.080080 0.000000 0.000000
    41 -0.367996 -4.208406 0.173244 2.643677 1.165782 2.782903
    42 0.368011 4.208412 -0.173239 2.728820 1.100750 2.833678
    43 0.000000 -2.372318 -0.000004 0.600173 0.000000 0.000000
    44 -0.000006 2.372318 -0.000032 0.567302 0.000000 0.000000
    45 0.000004 -1.580070 -0.000001 -0.182108 0.000000 0.000000
    46 -0.000002 1.580170 0.000030 -0.232153 0.000000 0.000000
    47 -0.937645 -3.860697 -0.959317 2.389527 0.989122 2.508869
    48 0.937672 3.860714 0.959333 2.460225 1.001840 2.581100
    49 0.000000 -1.690632 0.000000 0.491549 0.000000 0.000000
    50 -0.000013 1.690666 0.000021 0.491549 0.000000 0.000000
    51 -0.000002 -1.423443 0.000002 0.018877 0.000000 0.000000
    52 0.000008 1.423420 0.000028 -0.010615 0.000000 0.000000
    53 -1.546646 -3.404194 -1.915569 2.234717 0.577333 2.341092
    54 1.546661 3.404217 1.915585 2.178695 0.762430 1.841704
    55 0.000004 -1.437820 0.000000 0.424958 0.000000 0.000000
    56 -0.000021 1.437870 0.000031 0.432386 0.000000 0.000000
    57 -0.000002 -1.059402 0.000000 0.479685 0.000000 0.000000
    58 0.000006 1.059372 0.000008 0.366623 0.000000 0.000000
    59 -0.000004 -13.013485 -0.000004 0.000000 0.000000 0.000000
    60 0.000000 -10.813480 -0.000004 0.000000 0.000000 0.000000
  time 4
    0 0.674007 11.027680 -11.436892 -1.559952 0.000000 -0.000070
    1 -19.731463 -5.318315 -8.756030 -1.175666 -0.360798 0.397362
    2 0.000000 14.313023 0.000003 -1.032190 -0.097698 0.184838
    3 -0.000011 13.013483 -0.000005 -0.355730 -0.428843 1.037544
    4 10.895252 -1.783036 -3.529305 1.612737 0.072074 -0.746338
    5 0.000000 -14.313034 0.000000 -0.705035 -0.216048 0.314680
    6 -0.000004 -13.013485 -0.000004 0.479669 0.163107 0.620515
    7 -1.330879 -2.698427 0.462449 -0.194886 -0.547260 3.056712
    8 1.330910 2.698444 -0.462436 0.194890 0.547268 -0.084879
    9 13.037415 4.996344 -3.263418 -0.828230 0.412681 0.600290
    10 3.556210 4.238403 0.987502 -1.090396 0.577049 -0.321829
    11 4.139183 5.092691 1.421975 -1.090396 0.577049 -0.321829
    12 4.777527 6.028128 1.897721 -1.090396 0.577049 -0.321829
    13 5.490345 7.072691 2.428969 -1.090396 0.577049 -0.321829
    14 6.560660 8.639143 3.229776 -1.090396 0.577049 -0.321829
    15 7.558525 6.997282 -2.354134 -1.937336 -0.275393 3.010581
    16 7.558525 6.997282 -2.354134 1.937336 0.275393 -0.131011
    17 -2.867767 -2.740969 0.531125 2.051196 0.577049 -0.321829
    18 4.324081 2.744001 -0.524877 -1.090396 0.577049 -0.321829
    19 5.012512 3.752832 -0.011802 -1.090396 0.577049 -0.321829
    20 5.595486 4.607124 0.422674 -1.090396 0.577049 -0.321829
    21 6.233833 5.542564 0.898426 -1.090396 0.577049 -0.321829
    22 6.946648 6.587124 1.429667 -1.090396 0.577049 -0.321829
    23 7.537933 7.453606 1.870349 -1.090396 0.577049 -0.321829
    24 8.154472 8.357077 2.329839 -1.090396 0.577049 -0.321829
    25 8.874294 9.411907 2.866308 -1.090396 0.577049 -0.321829
    26 -4.125858 -2.321501 1.394414 2.051196 0.577049 -0.321829
    27 -4.826813 -3.348669 0.872014 2.051196 0.577049 -0.321829
    28 -5.441669 -4.249685 0.413772 2.051196 0.577049 -0.321829
    29 -0.552532 -1.343527 1.604446 -1.274204 -0.000257 -0.731644
    30 0.552589 1.343534 -1.604463 -0.881005 0.203394 -0.651744
    31 0.000000 -2.021618 -0.000004 0.186809 0.000000 0.000000
    32 -0.000021 2.021633 0.000027 0.185912 0.000000 0.000000
    33 -0.000004 -1.136217 -0.000004 -0.325913 0.000000 0.000000
    34 -0.000011 1.136200 -0.000019 -0.316260 0.000000 0.000000
    35 -0.032677 -4.587727 1.352317 3.028661 1.265293 3.143852
    36 0.032719 4.587772 -1.352291 4.050108 1.285594 4.143975
    37 0.000000 -1.754536 -0.000002 0.548496 0.000000 0.000000
    38 -0.000006 1.754520 -0.000034 0.202256 0.000000 0.000000
    39 0.000000 -1.227020 -0.000002 0.002024 0.000000 0.000000
    40 0.000002 1.227070 0.000032 0.025361 0.000000 0.000000
    41 -0.367996 -4.208406 0.173244 2.770494 1.139297 2.694745
    42 0.368011 4.208412 -0.173239 2.870457 1.100750 2.833678
    43 0.000000 -2.372318 -0.000004 0.661288 0.000000 0.000000
    44 -0.000006 2.372318 -0.000032 0.644867 0.000000 0.000000
    45 0.000004 -1.580070 -0.000001 -0.073759 0.000000 0.000000
    46 -0.000002 1.580170 0.000030 -0.098750 0.000000 0.000000
    47 -0.937645 -3.860697 -0.959317 2.647608 0.995848 2.544788
    48 0.937672 3.860714 0.959333 2.621317 1.001840 2.581100
    49 0.000000 -1.690632 0.000000 0.491549 0.000000 0.000000
    50 -0.000013 1.690666 0.000021 0.491549 0.000000 0.000000
    51 -0.000002 -1.423443 0.000002 0.126735 0.000000 0.000000
    52 0.000008 1.423420 0.000028 0.111982 0.000000 0.000000
    53 -1.546646 -3.404194 -1.915569 2.541688 0.715637 2.434939
    54 1.546661 3.404217 1.915585 2.480866 0.827376 2.082190
    55 0.000004 -1.437820 0.000000 0.424958 0.000000 0.000000
    56 -0.000021 1.437870 0.000031 0.428591 0.000000 0.000000
    57 -0.000002 -1.059402 0.000000 0.400670 0.000000 0.000000
    58 0.000006 1.059372 0.000008 0.344290 0.000000 0.000000
    59 -0.000004 -13.013485 -0.000004 0.000000 0.000000 0.000000
    60 0.000000 -10.813480 -0.000004 0.000000 0.000000 0.000000
  time 5
    0 0.841981 10.637043 -11.065787 -1.559952 0.000000 -0.000070
    1 -21.387764 -4.994087 -8.978693 -1.156868 -0.415784 0.390870
    2 0.000000 14.313023 0.000003 -0.982578 0.000000 0.000000
    3 -0.000011 13.013483 -0.000005 -0.388599 -0.476010 1.030354
    4 7.375613 -2.560403 -2.451147 1.634284 0.061083 -0.752946
    5 0.000000 -14.313034 0.000000 -0.487806 0.000000 0.000000
    6 -0.000004 -13.013485 -0.000004 0.458771 0.161830 0.500283
    7 -1.330879 -2.698427 0.462449 -0.194886 -0.547260 3.056712
    8 1.330910 2.698444 -0.462436 0.194890 0.547268 -0.084879
    9 8.431712 4.554650 -4.223134 -0.711851 0.510336 1.094465
    10 3.556210 4.238403 0.987502 -1.090396 0.577049 -0.321829
    11 4.139183 5.092691 1.421975 -1.090396 0.577049 -0.321829
    12 4.777527 6.028128 1.897721 -1.090396 0.577049 -0.321829
    13 5.490345 7.072691 2.428969 -1.090396 0.577049 -0.321829
    14 6.560660 8.639143 3.229776 -1.090396 0.577049 -0.321829
    15 7.558525 6.997282 -2.354134 -1.937336 -0.275393 3.010581
    16 7.558525 6.997282 -2.354134 1.937336 0.275393 -0.131011
    17 -2.867767 -2.740969 0.531125 2.051196 0.577049 -0.321829
    18 4.324081 2.744001 -0.524877 -1.090396 0.577049 -0.321829
    19 5.012512 3.752832 -0.011802 -1.090396 0.577049 -0.321829
    20 5.595486 4.607124 0.422674 -1.090396 0.577049 -0.321829
    21 6.233833 5.542564 0.898426 -1.090396 0.577049 -0.321829
    22 6.946648 6.587124 1.429667 -1.090396 0.577049 -0.321829
    23 7.537933 7.453606 1.870349 -1.090396 0.577049 -0.321829
    24 8.154472 8.357077 2.329839 -1.090396 0.577049 -0.321829
    25 8.874294 9.411907 2.866308 -1.090396 0.577049 -0.321829
    26 -4.125858 -2.321501 1.394414 2.051196 0.577049 -0.321829
    27 -4.826813 -3.348669 0.872014 2.051196 0.577049 -0.321829
    28 -5.441669 -4.249685 0.413772 2.051196 0.577049 -0.321829
    29 -0.552532 -1.343527 1.604446 -1.131237 0.062049 -0.739325
    30 0.552589 1.343534 -1.604463 -0.761217 0.312114 -0.422073
    31 0.000000 -2.021618 -0.000004 0.186809 0.000000 0.000000
    32 -0.000021 2.021633 0.000027 0.185695 0.000000 0.000000
    33 -0.000004 -1.136217 -0.000004 0.006888 0.000000 0.000000
    34 -0.000011 1.136200 -0.000019 0.220615 0.000000 0.000000
    35 -0.032677 -4.587727 1.352317 2.844703 1.216154 2.484990
    36 0.032719 4.587772 -1.352291 4.644867 1.285594 4.143975
    37 0.000000 -1.754536 -0.000002 0.662896 0.000000 0.000000
    38 -0.000006 1.754520 -0.000034 0.202256 0.000000 0.000000
    39 0.000000 -1.227020 -0.000002 0.092660 0.000000 0.000000
    40 0.000002 1.227070 0.000032 0.130336 0.000000 0.000000
    41 -0.367996 -4.208406 0.173244 2.943027 1.091688 2.536231
    42 0.368011 4.208412 -0.173239 3.085113 1.100750 2.833678
    43 0.000000 -2.372318 -0.000004 0.722081 0.000000 0.000000
    44 -0.000006 2.372318 -0.000032 0.722081 0.000000 0.000000
    45 0.000004 -1.580070 -0.000001 0.034255 0.000000 0.000000
    46 -0.000002 1.580170 0.000030 0.034255 0.000000 0.000000
    47 -0.937645 -3.860697 -0.959317 3.044205 1.001841 2.581100
    48 0.937672 3.860714 0.959333 2.886273 1.001840 2.581100
    49 0.000000 -1.690632 0.000000 0.491549 0.000000 0.000000
    50 -0.000013 1.690666 0.000021 0.491549 0.000000 0.000000
    51 -0.000002 -1.423443 0.000002 0.234212 0.000000 0.000000
    52 0.000008 1.423420 0.000028 0.234212 0.000000 0.000000
    53 -1.546646 -3.404194 -1.915569 3.024293 0.944156 2.514436
    54 1.546661 3.404217 1.915585 3.024293 0.944156 2.514435
    55 0.000004 -1.437820 0.000000 0.424958 0.000000 0.000000
    56 -0.000021 1.437870 0.000031 0.424957 0.000000 0.000000
    57 -0.000002 -1.059402 0.000000 0.322075 0.000000 0.000000
    58 0.000006 1.059372 0.000008 0.322075 0.000000 0.000000
    59 -0.000004 -13.013485 -0.000004 0.000000 0.000000 0.000000
    60 0.000000 -10.813480 -0.000004 0.000000 0.000000 0.000000
  time 6
    0 1.009954 10.242500 -11.108757 -1.559952 0.000000 -0.000070
    1 -21.387764 -4.994087 -8.974786 -1.099277 -0.383021 0.408208
    2 0.000000 14.313023 0.000003 -0.982578 0.000000 0.000000
    3 -0.000011 13.013483 -0.000005 -0.414970 -0.482425 0.978305
    4 6.106043 -0.548623 -2.779282 1.655255 0.079577 -0.665890
    5 0.000000 -14.313034 0.000000 -0.487806 0.000000 0.000000
    6 -0.000004 -13.013485 -0.000004 0.458771 0.161830 0.500283
    7 -1.330879 -2.698427 0.462449 -0.194886 -0.547260 3.056712
    8 1.330910 2.698444 -0.462436 0.194890 0.547268 -0.084879
    9 8.431712 4.554650 -4.223134 -0.711851 0.510336 1.094465
    10 3.556210 4.238403 0.987502 -1.090396 0.577049 -0.321829
    11 4.139183 5.092691 1.421975 -1.090396 0.577049 -0.321829
    12 4.777527 6.028128 1.897721 -1.090396 0.577049 -0.321829
    13 5.490345 7.072691 2.428969 -1.090396 0.577049 -0.321829
    14 6.560660 8.639143 3.229776 -1.090396 0.577049 -0.321829
    15 7.558525 6.997282 -2.354134 -1.937336 -0.275393 3.010581
    16 7.558525 6.997282 -2.354134 1.937336 0.275393 -0.131011
    17 -2.867767 -2.740969 0.531125 2.051196 0.577049 -0.321829
    18 4.324081 2.744001 -0.524877 -1.090396 0.577049 -0.321829
    19 5.012512 3.752832 -0.011802 -1.090396 0.577049 -0.321829
    20 5.595486 4.607124 0.422674 -1.090396 0.577049 -0.321829
    21 6.233833 5.542564 0.898426 -1.090396 0.577049 -0.321829
    22 6.946648 6.587124 1.429667 -1.090396 0.577049 -0.321829
    23 7.537933 7.453606 1.870349 -1.090396 0.577049 -0.321829
    24 8.154472 8.357077 2.329839 -1.090396 0.577049 -0.321829
    25 8.874294 9.411907 2.866308 -1.090396 0.577049 -0.321829
    26 -4.125858 -2.321501 1.394414 2.051196 0.577049 -0.321829
    27 -4.826813 -3.348669 0.872014 2.051196 0.577049 -0.321829
    28 -5.441669 -4.249685 0.413772 2.051196 0.577049 -0.321829
    29 -0.552532 -1.343527 1.604446 -1.131237 0.062049 -0.739325
    30 0.552589 1.343534 -1.604463 -0.761217 0.312114 -0.422073
    31 0.000000 -2.021618 -0.000004 0.186809 0.000000 0.000000
    32 -0.000021 2.021633 0.000027 0.185450 0.000000 0.000000
    33 -0.000004 -1.136217 -0.000004 0.006888 0.000000 0.000000
    34 -0.000011 1.136200 -0.000019 0.220615 0.000000 0.000000
    35 -0.032677 -4.587727 1.352317 2.844703 1.216154 2.484990
    36 0.032719 4.587772 -1.352291 4.644780 1.285408 4.143975
    37 0.000000 -1.754536 -0.000002 0.662896 0.000000 0.000000
    38 -0.000006 1.754520 -0.000034 0.202256 0.000000 0.000000
    39 0.000000 -1.227020 -0.000002 0.092660 0.000000 0.000000
    40 0.000002 1.227070 0.000032 0.130336 0.000000 0.000000
    41 -0.367996 -4.208406 0.173244 2.943027 1.091688 2.536231
    42 0.368011 4.208412 -0.173239 3.085113 1.100750 2.833678
    43 0.000000 -2.372318 -0.000004 0.722081 0.000000 0.000000
    44 -0.000006 2.372318 -0.000032 0.722081 0.000000 0.000000
    45 0.000004 -1.580070 -0.000001 0.034255 0.000000 0.000000
    46 -0.000002 1.580170 0.000030 0.034255 0.000000 0.000000
    47 -0.937645 -3.860697 -0.959317 3.044205 1.001841 2.581100
    48 0.937672 3.860714 0.959333 2.886273 1.001840 2.581100
    49 0.000000 -1.690632 0.000000 0.491549 0.000000 0.000000
    50 -0.000013 1.690666 0.000021 0.491549 0.000000 0.000000
    51 -0.000002 -1.423443 0.000002 0.234212 0.000000 0.000000
    52 0.000008 1.423420 0.000028 0.234212 0.000000 0.000000
    53 -1.546646 -3.404194 -1.915569 3.024293 0.944156 2.514436
    54 1.546661 3.404217 1.915585 3.024293 0.944156 2.514435
    55 0.000004 -1.437820 0.000000 0.424958 0.000000 0.000000
    56 -0.000021 1.437870 0.000031 0.424957 0.000000 0.000000
    57 -0.000002 -1.059402 0.000000 0.322075 0.000000 0.000000
    58 0.000006 1.059372 0.000008 0.322075 0.000000 0.000000
    59 -0.000004 -13.013485 -0.000004 0.000000 0.000000 0.000000
    60 0.000000 -10.813480 -0.000004 0.000000 0.000000 0.000000
  time 7
    0 1.177928 9.847957 -11.218135 -1.559952 0.000000 -0.000070
    1 -21.391670 -4.994087 -8.974786 -1.035788 -0.350831 0.427991
    2 0.000000 14.313023 0.000003 -0.982578 0.000000 0.000000
    3 -0.000011 13.013483 -0.000005 -0.441055 -0.490019 0.926255
    4 4.656780 1.302996 -2.990226 1.685037 0.102202 -0.576344
    5 0.000000 -14.313034 0.000000 -0.487686 0.000033 0.000000
    6 -0.000004 -13.013485 -0.000004 0.458771 0.161830 0.500283
    7 -1.330879 -2.698427 0.462449 -0.194886 -0.547260 3.056712
    8 1.330910 2.698444 -0.462436 0.194890 0.547268 -0.084879
    9 8.431712 4.554650 -4.223134 -0.711851 0.510336 1.094465
    10 3.556210 4.238403 0.987502 -1.090396 0.577049 -0.321829
    11 4.139183 5.092691 1.421975 -1.090396 0.577049 -0.321829
    12 4.777527 6.028128 1.897721 -1.090396 0.577049 -0.321829
    13 5.490345 7.072691 2.428969 -1.090396 0.577049 -0.321829
    14 6.560660 8.639143 3.229776 -1.090396 0.577049 -0.321829
    15 7.558525 6.997282 -2.354134 -1.937336 -0.275393 3.010581
    16 7.558525 6.997282 -2.354134 1.937336 0.275393 -0.131011
    17 -2.867767 -2.740969 0.531125 2.051196 0.577049 -0.321829
    18 4.324081 2.744001 -0.524877 -1.090396 0.577049 -0.321829
    19 5.012512 3.752832 -0.011802 -1.090396 0.577049 -0.321829
    20 5.595486 4.607124 0.422674 -1.090396 0.577049 -0.321829
    21 6.233833 5.542564 0.898426 -1.090396 0.577049 -0.321829
    22 6.946648 6.587124 1.429667 -1.090396 0.577049 -0.321829
    23 7.537933 7.453606 1.870349 -1.090396 0.577049 -0.321829
    24 8.154472 8.357077 2.329839 -1.090396 0.577049 -0.321829
    25 8.874294 9.411907 2.866308 -1.090396 0.577049 -0.321829
    26 -4.125858 -2.321501 1.394414 2.051196 0.577049 -0.321829
    27 -4.826813 -3.348669 0.872014 2.051196 0.577049 -0.321829
    28 -5.441669 -4.249685 0.413772 2.051196 0.577049 -0.321829
    29 -0.552532 -1.343527 1.604446 -1.131237 0.062049 -0.739325
    30 0.552589 1.343534 -1.604463 -0.761217 0.312114 -0.422073
    31 0.000000 -2.021618 -0.000004 0.186809 0.000000 0.000000
    32 -0.000021 2.021633 0.000027 0.185233 0.000000 0.000000
    33 -0.000004 -1.136217 -0.000004 0.006888 0.000000 0.000000
    34 -0.000011 1.136200 -0.000019 0.220615 0.000000 0.000000
    35 -0.032677 -4.587727 1.352317 2.844703 1.216154 2.484990
    36 0.032719 4.587772 -1.352291 4.644606 1.285260 4.143975
    37 0.000000 -1.754536 -0.000002 0.662896 0.000000 0.000000
    38 -0.000006 1.754520 -0.000034 0.202256 0.000000 0.000000
    39 0.000000 -1.227020 -0.000002 0.092660 0.000000 0.000000
    40 0.000002 1.227070 0.000032 0.130336 0.000000 0.000000
    41 -0.367996 -4.208406 0.173244 2.943027 1.091688 2.536231
    42 0.368011 4.208412 -0.173239 3.085113 1.100750 2.833678
    43 0.000000 -2.372318 -0.000004 0.722081 0.000000 0.000000
    44 -0.000006 2.372318 -0.000032 0.722081 0.000000 0.000000
    45 0.000004 -1.580070 -0.000001 0.034255 0.000000 0.000000
    46 -0.000002 1.580170 0.000030 0.034255 0.000000 0.000000
    47 -0.937645 -3.860697 -0.959317 3.044205 1.001841 2.581100
    48 0.937672 3.860714 0.959333 2.886273 1.001840 2.581100
    49 0.000000 -1.690632 0.000000 0.491549 0.000000 0.000000
    50 -0.000013 1.690666 0.000021 0.491549 0.000000 0.000000
    51 -0.000002 -1.423443 0.000002 0.234212 0.000000 0.000000
    52 0.000008 1.423420 0.000028 0.234212 0.000000 0.000000
    53 -1.546646 -3.404194 -1.915569 3.024293 0.944156 2.514436
    54 1.546661 3.404217 1.915585 3.024293 0.944156 2.514435
    55 0.000004 -1.437820 0.000000 0.424958 0.000000 0.000000
    56 -0.000021 1.437870 0.000031 0.424957 0.000000 0.000000
    57 -0.000002 -1.059402 0.000000 0.322075 0.000000 0.000000
    58 0.000006 1.059372 0.000008 0.322075 0.000000 0.000000
    59 -0.000004 -13.013485 -0.000004 0.000000 0.000000 0.000000
    60 0.000000 -10.813480 -0.000004 0.000000 0.000000 0.000000
  time 8
    0 1.345902 9.457320 -11.386109 -1.559952 0.000000 -0.000070
    1 -21.391670 -4.994087 -8.978693 -0.975247 -0.318403 0.446551
    2 0.000000 14.313023 0.000003 -0.982578 0.000000 0.000000
    3 -0.000011 13.013483 -0.000005 -0.466662 -0.498839 0.874205
    4 3.098139 2.834292 -3.041009 1.718841 0.121454 -0.492162
    5 0.000000 -14.313034 0.000000 -0.487626 0.000066 0.000000
    6 -0.000004 -13.013485 -0.000004 0.458771 0.161830 0.500283
    7 -1.330879 -2.698427 0.462449 -0.194886 -0.547260 3.056712
    8 1.330910 2.698444 -0.462436 0.194890 0.547268 -0.084879
    9 8.431712 4.554650 -4.223134 -0.711851 0.510336 1.094465
    10 3.556210 4.238403 0.987502 -1.090396 0.577049 -0.321829
    11 4.139183 5.092691 1.421975 -1.090396 0.577049 -0.321829
    12 4.777527 6.028128 1.897721 -1.090396 0.577049 -0.321829
    13 5.490345 7.072691 2.428969 -1.090396 0.577049 -0.321829
    14 6.560660 8.639143 3.229776 -1.090396 0.577049 -0.321829
    15 7.558525 6.997282 -2.354134 -1.937336 -0.275393 3.010581
    16 7.558525 6.997282 -2.354134 1.937336 0.275393 -0.131011
    17 -2.867767 -2.740969 0.531125 2.051196 0.577049 -0.321829
    18 4.324081 2.744001 -0.524877 -1.090396 0.577049 -0.321829
    19 5.012512 3.752832 -0.011802 -1.090396 0.577049 -0.321829
    20 5.595486 4.607124 0.422674 -1.090396 0.577049 -0.321829
    21 6.233833 5.542564 0.898426 -1.090396 0.577049 -0.321829
    22 6.946648 6.587124 1.429667 -1.090396 0.577049 -0.321829
    23 7.537933 7.453606 1.870349 -1.090396 0.577049 -0.321829
    24 8.154472 8.357077 2.329839 -1.090396 0.577049 -0.321829
    25 8.874294 9.411907 2.866308 -1.090396 0.577049 -0.321829
    26 -4.125858 -2.321501 1.394414 2.051196 0.577049 -0.321829
    27 -4.826813 -3.348669 0.872014 2.051196 0.577049 -0.321829
    28 -5.441669 -4.249685 0.413772 2.051196 0.577049 -0.321829
    29 -0.552532 -1.343527 1.604446 -1.131237 0.062049 -0.739325
    30 0.552589 1.343534 -1.604463 -0.761217 0.312114 -0.422073
    31 0.000000 -2.021618 -0.000004 0.186809 0.000000 0.000000
    32 -0.000021 2.021633 0.000027 0.184989 0.000000 0.000000
    33 -0.000004 -1.136217 -0.000004 0.006888 0.000000 0.000000
    34 -0.000011 1.136200 -0.000019 0.220615 0.000000 0.000000
    35 -0.032677 -4.587727 1.352317 2.844703 1.216154 2.484990
    36 0.032719 4.587772 -1.352291 4.644519 1.285074 4.144051
    37 0.000000 -1.754536 -0.000002 0.662896 0.000000 0.000000
    38 -0.000006 1.754520 -0.000034 0.202256 0.000000 0.000000
    39 0.000000 -1.227020 -0.000002 0.092660 0.000000 0.000000
    40 0.000002 1.227070 0.000032 0.130336 0.000000 0.000000
    41 -0.367996 -4.208406 0.173244 2.943027 1.091688 2.536231
    42 0.368011 4.208412 -0.173239 3.085113 1.100750 2.833678
    43 0.000000 -2.372318 -0.000004 0.722081 0.000000 0.000000
    44 -0.000006 2.372318 -0.000032 0.722081 0.000000 0.000000
    45 0.000004 -1.580070 -0.000001 0.034255 0.000000 0.000000
    46 -0.000002 1.580170 0.000030 0.034255 0.000000 0.000000
    47 -0.937645 -3.860697 -0.959317 3.044205 1.001841 2.581100
    48 0.937672 3.860714 0.959333 2.886273 1.001840 2.581100
    49 0.000000 -1.690632 0.000000 0.491549 0.000000 0.000000
    50 -0.000013 1.690666 0.000021 0.491549 0.000000 0.000000
    51 -0.000002 -1.423443 0.000002 0.234212 0.000000 0.000000
    52 0.000008 1.423420 0.000028 0.234212 0.000000 0.000000
    53 -1.546646 -3.404194 -1.915569 3.024293 0.944156 2.514436
    54 1.546661 3.404217 1.915585 3.024293 0.944156 2.514435
    55 0.000004 -1.437820 0.000000 0.424958 0.000000 0.000000
    56 -0.000021 1.437870 0.000031 0.424957 0.000000 0.000000
    57 -0.000002 -1.059402 0.000000 0.322075 0.000000 0.000000
    58 0.000006 1.059372 0.000008 0.322075 0.000000 0.000000
    59 -0.000004 -13.013485 -0.000004 0.000000 0.000000 0.000000
    60 0.000000 -10.813480 -0.000004 0.000000 0.000000 0.000000
  time 9
    0 1.513876 9.062777 -11.616585 -1.559952 0.000000 -0.000070
    1 -21.391670 -4.994087 -8.974786 -0.925949 -0.284734 0.460453
    2 0.000000 14.313023 0.000003 -0.982578 0.000000 0.000000
    3 -0.000011 13.013483 -0.000005 -0.491983 -0.508744 0.822156
    4 1.488715 3.974952 -2.955068 1.749868 0.131725 -0.419184
    5 0.000000 -14.313034 0.000000 -0.487566 0.000099 0.000000
    6 -0.000004 -13.013485 -0.000004 0.458771 0.161830 0.500283
    7 -1.330879 -2.698427 0.462449 -0.194886 -0.547260 3.056712
    8 1.330910 2.698444 -0.462436 0.194890 0.547268 -0.084879
    9 8.431712 4.554650 -4.223134 -0.711851 0.510336 1.094465
    10 3.556210 4.238403 0.987502 -1.090396 0.577049 -0.321829
    11 4.139183 5.092691 1.421975 -1.090396 0.577049 -0.321829
    12 4.777527 6.028128 1.897721 -1.090396 0.577049 -0.321829
    13 5.490345 7.072691 2.428969 -1.090396 0.577049 -0.321829
    14 6.560660 8.639143 3.229776 -1.090396 0.577049 -0.321829
    15 7.558525 6.997282 -2.354134 -1.937336 -0.275393 3.010581
    16 7.558525 6.997282 -2.354134 1.937336 0.275393 -0.131011
    17 -2.867767 -2.740969 0.531125 2.051196 0.577049 -0.321829
    18 4.324081 2.744001 -0.524877 -1.090396 0.577049 -0.321829
    19 5.012512 3.752832 -0.011802 -1.090396 0.577049 -0.321829
    20 5.595486 4.607124 0.422674 -1.090396 0.577049 -0.321829
    21 6.233833 5.542564 0.898426 -1.090396 0.577049 -0.321829
    22 6.946648 6.587124 1.429667 -1.090396 0.577049 -0.321829
    23 7.537933 7.453606 1.870349 -1.090396 0.577049 -0.321829
    24 8.154472 8.357077 2.329839 -1.090396 0.577049 -0.321829
    25 8.874294 9.411907 2.866308 -1.090396 0.577049 -0.321829
    26 -4.125858 -2.321501 1.394414 2.051196 0.577049 -0.321829
    27 -4.826813 -3.348669 0.872014 2.051196 0.577049 -0.321829
    28 -5.441669 -4.249685 0.413772 2.051196 0.577049 -0.321829
    29 -0.552532 -1.343527 1.604446 -1.131237 0.062049 -0.739325
    30 0.552589 1.343534 -1.604463 -0.761217 0.312114 -0.422073
    31 0.000000 -2.021618 -0.000004 0.186809 0.000000 0.000000
    32 -0.000021 2.021633 0.000027 0.184744 0.000000 0.000000
    33 -0.000004 -1.136217 -0.000004 0.006888 0.000000 0.000000
    34 -0.000011 1.136200 -0.000019 0.220615 0.000000 0.000000
    35 -0.032677 -4.587727 1.352317 2.844703 1.216154 2.484990
    36 0.032719 4.587772 -1.352291 4.644346 1.284926 4.144051
    37 0.000000 -1.754536 -0.000002 0.662896 0.000000 0.000000
    38 -0.000006 1.754520 -0.000034 0.202256 0.000000 0.000000
    39 0.000000 -1.227020 -0.000002 0.092660 0.000000 0.000000
    40 0.000002 1.227070 0.000032 0.130336 0.000000 0.000000
    41 -0.367996 -4.208406 0.173244 2.943027 1.091688 2.536231
    42 0.368011 4.208412 -0.173239 3.085113 1.100750 2.833678
    43 0.000000 -2.372318 -0.000004 0.722081 0.000000 0.000000
    44 -0.000006 2.372318 -0.000032 0.722081 0.000000 0.000000
    45 0.000004 -1.580070 -0.000001 0.034255 0.000000 0.000000
    46 -0.000002 1.580170 0.000030 0.034255 0.000000 0.000000
    47 -0.937645 -3.860697 -0.959317 3.044205 1.001841 2.581100
    48 0.937672 3.860714 0.959333 2.886273 1.001840 2.581100
    49 0.000000 -1.690632 0.000000 0.491549 0.000000 0.000000
    50 -0.000013 1.690666 0.000021 0.491549 0.000000 0.000000
    51 -0.000002 -1.423443 0.000002 0.234212 0.000000 0.000000
    52 0.000008 1.423420 0.000028 0.234212 0.000000 0.000000
    53 -1.546646 -3.404194 -1.915569 3.024293 0.944156 2.514436
    54 1.546661 3.404217 1.915585 3.024293 0.944156 2.514435
    55 0.000004 -1.437820 0.000000 0.424958 0.000000 0.000000
    56 -0.000021 1.437870 0.000031 0.424957 0.000000 0.000000
    57 -0.000002 -1.059402 0.000000 0.322075 0.000000 0.000000
    58 0.000006 1.059372 0.000008 0.322075 0.000000 0.000000
    59 -0.000004 -13.013485 -0.000004 0.000000 0.000000 0.000000
    60 0.000000 -10.813480 -0.000004 0.000000 0.000000 0.000000
  time 10
    0 1.681850 8.668233 -11.893937 -1.559952 0.000000 -0.000070
    1 -21.391670 -4.994087 -8.978693 -0.896370 -0.248634 0.466105
    2 0.000000 14.313023 0.000003 -0.982578 0.000000 0.000000
    3 -0.000011 13.013483 -0.000005 -0.516730 -0.519923 0.770106
    4 -0.081645 4.713256 -2.806626 1.770265 0.128124 -0.364020
    5 0.000000 -14.313034 0.000000 -0.487506 0.000132 -0.000048
    6 -0.000004 -13.013485 -0.000004 0.458771 0.161830 0.500283
    7 -1.330879 -2.698427 0.462449 -0.194886 -0.547260 3.056712
    8 1.330910 2.698444 -0.462436 0.194890 0.547268 -0.084879
    9 8.431712 4.554650 -4.223134 -0.711851 0.510336 1.094465
    10 3.556210 4.238403 0.987502 -1.090396 0.577049 -0.321829
    11 4.139183 5.092691 1.421975 -1.090396 0.577049 -0.321829
    12 4.777527 6.028128 1.897721 -1.090396 0.577049 -0.321829
    13 5.490345 7.072691 2.428969 -1.090396 0.577049 -0.321829
    14 6.560660 8.639143 3.229776 -1.090396 0.577049 -0.321829
    15 7.558525 6.997282 -2.354134 -1.937336 -0.275393 3.010581
    16 7.558525 6.997282 -2.354134 1.937336 0.275393 -0.131011
    17 -2.867767 -2.740969 0.531125 2.051196 0.577049 -0.321829
    18 4.324081 2.744001 -0.524877 -1.090396 0.577049 -0.321829
    19 5.012512 3.752832 -0.011802 -1.090396 0.577049 -0.321829
    20 5.595486 4.607124 0.422674 -1.090396 0.577049 -0.321829
    21 6.233833 5.542564 0.898426 -1.090396 0.577049 -0.321829
    22 6.946648 6.587124 1.429667 -1.090396 0.577049 -0.321829
    23 7.537933 7.453606 1.870349 -1.090396 0.577049 -0.321829
    24 8.154472 8.357077 2.329839 -1.090396 0.577049 -0.321829
    25 8.874294 9.411907 2.866308 -1.090396 0.577049 -0.321829
    26 -4.125858 -2.321501 1.394414 2.051196 0.577049 -0.321829
    27 -4.826813 -3.348669 0.872014 2.051196 0.577049 -0.321829
    28 -5.441669 -4.249685 0.413772 2.051196 0.577049 -0.321829
    29 -0.552532 -1.343527 1.604446 -1.131237 0.062049 -0.739325
    30 0.552589 1.343534 -1.604463 -0.761217 0.312114 -0.422073
    31 0.000000 -2.021618 -0.000004 0.186809 0.000000 0.000000
    32 -0.000021 2.021633 0.000027 0.184554 0.000000 0.000000
    33 -0.000004 -1.136217 -0.000004 0.006888 0.000000 0.000000
    34 -0.000011 1.136200 -0.000019 0.220615 0.000000 0.000000
    35 -0.032677 -4.587727 1.352317 2.844703 1.216154 2.484990
    36 0.032719 4.587772 -1.352291 4.644172 1.284740 4.144051
    37 0.000000 -1.754536 -0.000002 0.662896 0.000000 0.000000
    38 -0.000006 1.754520 -0.000034 0.202256 0.000000 0.000000
    39 0.000000 -1.227020 -0.000002 0.092660 0.000000 0.000000
    40 0.000002 1.227070 0.000032 0.130336 0.000000 0.000000
    41 -0.367996 -4.208406 0.173244 2.943027 1.091688 2.536231
    42 0.368011 4.208412 -0.173239 3.085113 1.100750 2.833678
    43 0.000000 -2.372318 -0.000004 0.722081 0.000000 0.000000
    44 -0.000006 2.372318 -0.000032 0.722081 0.000000 0.000000
    45 0.000004 -1.580070 -0.000001 0.034255 0.000000 0.000000
    46 -0.000002 1.580170 0.000030 0.034255 0.000000 0.000000
    47 -0.937645 -3.860697 -0.959317 3.044205 1.001841 2.581100
    48 0.937672 3.860714 0.959333 2.886273 1.001840 2.581100
    49 0.000000 -1.690632 0.000000 0.491549 0.000000 0.000000
    50 -0.000013 1.690666 0.000021 0.491549 0.000000 0.000000
    51 -0.000002 -1.423443 0.000002 0.234212 0.000000 0.000000
    52 0.000008 1.423420 0.000028 0.234212 0.000000 0.000000
    53 -1.546646 -3.404194 -1.915569 3.024293 0.944156 2.514436
    54 1.546661 3.404217 1.915585 3.024293 0.944156 2.514435
    55 0.000004 -1.437820 0.000000 0.424958 0.000000 0.000000
    56 -0.000021 1.437870 0.000031 0.424957 0.000000 0.000000
    57 -0.000002 -1.059402 0.000000 0.322075 0.000000 0.000000
    58 0.000006 1.059372 0.000008 0.322075 0.000000 0.000000
    59 -0.000004 -13.013485 -0.000004 0.000000 0.000000 0.000000
    60 0.000000 -10.813480 -0.000004 0.000000 0.000000 0.000000
  time 11
    0 1.849824 8.277596 -12.206447 -1.559952 0.000000 -0.000070
    1 -21.391670 -4.994087 -8.974786 -0.892223 -0.206286 0.462439
    2 0.000000 14.313023 0.000003 -0.982578 0.000000 0.000000
    3 -0.000011 13.013483 -0.000005 -0.516730 -0.519923 0.770106
    4 0.172269 4.748413 -3.802751 1.741345 0.159542 -0.371011
    5 0.000000 -14.313034 0.000000 -0.487447 0.000198 -0.000048
    6 -0.000004 -13.013485 -0.000004 0.458681 0.161830 0.500283
    7 -1.330879 -2.698427 0.462449 -0.194886 -0.547260 3.056712
    8 1.330910 2.698444 -0.462436 0.194890 0.547268 -0.084879
    9 8.431712 4.554650 -4.273646 -0.711851 0.510336 1.094465
    10 3.556210 4.238403 0.987502 -1.090396 0.577049 -0.321829
    11 4.139183 5.092691 1.421975 -1.090396 0.577049 -0.321829
    12 4.777527 6.028128 1.897721 -1.090396 0.577049 -0.321829
    13 5.490345 7.072691 2.428969 -1.090396 0.577049 -0.321829
    14 6.560660 8.639143 3.229776 -1.090396 0.577049 -0.321829
    15 7.558525 6.997282 -2.354134 -1.937336 -0.275393 3.010581
    16 7.558525 6.997282 -2.354134 1.937336 0.275393 -0.131011
    17 -2.867767 -2.740969 0.531125 2.051196 0.577049 -0.321829
    18 4.324081 2.744001 -0.524877 -1.090396 0.577049 -0.321829
    19 5.012512 3.752832 -0.011802 -1.090396 0.577049 -0.321829
    20 5.595486 4.607124 0.422674 -1.090396 0.577049 -0.321829
    21 6.233833 5.542564 0.898426 -1.090396 0.577049 -0.321829
    22 6.946648 6.587124 1.429667 -1.090396 0.577049 -0.321829
    23 7.537933 7.453606 1.870349 -1.090396 0.577049 -0.321829
    24 8.154472 8.357077 2.329839 -1.090396 0.577049 -0.321829
    25 8.874294 9.411907 2.866308 -1.090396 0.577049 -0.321829
    26 -4.125858 -2.321501 1.394414 2.051196 0.577049 -0.321829
    27 -4.826813 -3.348669 0.872014 2.051196 0.577049 -0.321829
    28 -5.441669 -4.249685 0.413772 2.051196 0.577049 -0.321829
    29 -0.552532 -1.343527 1.604446 -1.131237 0.062049 -0.739325
    30 0.552589 1.343534 -1.604463 -0.799735 0.295738 -0.430529
    31 0.000000 -2.021618 -0.000004 0.186809 0.000000 0.000000
    32 -0.000021 2.021633 0.000027 0.184309 0.000000 0.000000
    33 -0.000004 -1.136217 -0.000004 0.006888 0.000000 0.000000
    34 -0.000011 1.136200 -0.000019 0.220615 0.000000 0.000000
    35 -0.032677 -4.587727 1.352317 2.844703 1.216154 2.484990
    36 0.032719 4.587772 -1.352291 4.644085 1.284592 4.144127
    37 0.000000 -1.754536 -0.000002 0.662896 0.000000 0.000000
    38 -0.000006 1.754520 -0.000034 0.202256 0.000000 0.000000
    39 0.000000 -1.227020 -0.000002 0.092660 0.000000 0.000000
    40 0.000002 1.227070 0.000032 0.130336 0.000000 0.000000
    41 -0.367996 -4.208406 0.173244 2.943027 1.091688 2.536231
    42 0.368011 4.208412 -0.173239 3.085113 1.100750 2.833678
    43 0.000000 -2.372318 -0.000004 0.722081 0.000000 0.000000
    44 -0.000006 2.372318 -0.000032 0.722081 0.000000 0.000000
    45 0.000004 -1.580070 -0.000001 0.034255 0.000000 0.000000
    46 -0.000002 1.580170 0.000030 0.034255 0.000000 0.000000
    47 -0.937645 -3.860697 -0.959317 3.044205 1.001841 2.581100
    48 0.937672 3.860714 0.959333 2.886273 1.001840 2.581100
    49 0.000000 -1.690632 0.000000 0.491549 0.000000 0.000000
    50 -0.000013 1.690666 0.000021 0.491549 0.000000 0.000000
    51 -0.000002 -1.423443 0.000002 0.234212 0.000000 0.000000
    52 0.000008 1.423420 0.000028 0.234212 0.000000 0.000000
    53 -1.546646 -3.404194 -1.915569 3.024293 0.944156 2.514436
    54 1.546661 3.404217 1.915585 3.024293 0.944156 2.514435
    55 0.000004 -1.437820 0.000000 0.424958 0.000000 0.000000
    56 -0.000021 1.437870 0.000031 0.424957 0.000000 0.000000
    57 -0.000002 -1.059402 0.000000 0.322075 0.000000 0.000000
    58 0.000006 1.059372 0.000008 0.322075 0.000000 0.000000
    59 -0.000004 -13.013485 -0.000004 0.000000 0.000000 0.000000
    60 0.000000 -10.813480 -0.000004 0.000000 0.000000 0.000000
  time 12
    0 2.017798 7.883053 -12.554113 -1.559952 0.000000 -0.000070
    1 -21.391670 -4.994087 -8.978693 -0.908441 -0.158025 0.452662
    2 0.000000 14.313023 0.000003 -0.982578 0.000000 0.000000
    3 -0.000011 13.013483 -0.000005 -0.516730 -0.519923 0.770106
    4 0.461340 4.635129 -4.939504 1.694039 0.180006 -0.391794
    5 0.000000 -14.313034 0.000000 -0.487387 0.000231 -0.000096
    6 -0.000004 -13.013485 -0.000004 0.458771 0.161830 0.500283
    7 -1.330879 -2.698427 0.462449 -0.194886 -0.547260 3.056712
    8 1.330910 2.698444 -0.462436 0.194890 0.547268 -0.084879
    9 8.431712 4.554650 -4.223134 -0.711851 0.510336 1.094465
    10 3.556210 4.238403 0.987502 -1.090396 0.577049 -0.321829
    11 4.139183 5.092691 1.421975 -1.090396 0.577049 -0.321829
    12 4.777527 6.028128 1.897721 -1.090396 0.577049 -0.321829
    13 5.490345 7.072691 2.428969 -1.090396 0.577049 -0.321829
    14 6.560660 8.639143 3.229776 -1.090396 0.577049 -0.321829
    15 7.558525 6.997282 -2.354134 -1.937336 -0.275393 3.010581
    16 7.558525 6.997282 -2.354134 1.937336 0.275393 -0.131011
    17 -2.867767 -2.740969 0.531125 2.051196 0.577049 -0.321829
    18 4.324081 2.744001 -0.524877 -1.090396 0.577049 -0.321829
    19 5.012512 3.752832 -0.011802 -1.090396 0.577049 -0.321829
    20 5.595486 4.607124 0.422674 -1.090396 0.577049 -0.321829
    21 6.233833 5.542564 0.898426 -1.090396 0.577049 -0.321829
    22 6.946648 6.587124 1.429667 -1.090396 0.577049 -0.321829
    23 7.537933 7.453606 1.870349 -1.090396 0.577049 -0.321829
    24 8.154472 8.357077 2.329839 -1.090396 0.577049 -0.321829
    25 8.874294 9.411907 2.866308 -1.090396 0.577049 -0.321829
    26 -4.125858 -2.321501 1.394414 2.051196 0.577049 -0.321829
    27 -4.826813 -3.348669 0.872014 2.051196 0.577049 -0.321829
    28 -5.441669 -4.249685 0.413772 2.051196 0.577049 -0.321829
    29 -0.552532 -1.343527 1.604446 -1.131237 0.062049 -0.739325
    30 0.552589 1.343534 -1.604463 -0.843349 0.277063 -0.440136
    31 0.000000 -2.021618 -0.000004 0.186809 0.000000 0.000000
    32 -0.000021 2.021633 0.000027 0.184065 0.000000 0.000000
    33 -0.000004 -1.136217 -0.000004 0.006888 0.000000 0.000000
    34 -0.000011 1.136200 -0.000019 0.220615 0.000000 0.000000
    35 -0.032677 -4.587727 1.352317 2.844703 1.216154 2.484990
    36 0.032719 4.587772 -1.352291 4.643912 1.284406 4.144127
    37 0.000000 -1.754536 -0.000002 0.662896 0.000000 0.000000
    38 -0.000006 1.754520 -0.000034 0.202256 0.000000 0.000000
    39 0.000000 -1.227020 -0.000002 0.092660 0.000000 0.000000
    40 0.000002 1.227070 0.000032 0.130336 0.000000 0.000000
    41 -0.367996 -4.208406 0.173244 2.943027 1.091688 2.536231
    42 0.368011 4.208412 -0.173239 3.085113 1.100750 2.833678
    43 0.000000 -2.372318 -0.000004 0.722081 0.000000 0.000000
    44 -0.000006 2.372318 -0.000032 0.722081 0.000000 0.000000
    45 0.000004 -1.580070 -0.000001 0.034255 0.000000 0.000000
    46 -0.000002 1.580170 0.000030 0.034255 0.000000 0.000000
    47 -0.937645 -3.860697 -0.959317 3.044205 1.001841 2.581100
    48 0.937672 3.860714 0.959333 2.886273 1.001840 2.581100
    49 0.000000 -1.690632 0.000000 0.491549 0.000000 0.000000
    50 -0.000013 1.690666 0.000021 0.491549 0.000000 0.000000
    51 -0.000002 -1.423443 0.000002 0.234212 0.000000 0.000000
    52 0.000008 1.423420 0.000028 0.234212 0.000000 0.000000
    53 -1.546646 -3.404194 -1.915569 3.024293 0.944156 2.514436
    54 1.546661 3.404217 1.915585 3.024293 0.944156 2.514435
    55 0.000004 -1.437820 0.000000 0.424958 0.000000 0.000000
    56 -0.000021 1.437870 0.000031 0.424957 0.000000 0.000000
    57 -0.000002 -1.059402 0.000000 0.322075 0.000000 0.000000
    58 0.000006 1.059372 0.000008 0.322075 0.000000 0.000000
    59 -0.000004 -13.013485 -0.000004 0.000000 0.000000 0.000000
    60 0.000000 -10.813480 -0.000004 0.000000 0.000000 0.000000
  time 13
    0 2.185772 7.488510 -12.921312 -1.559952 0.000000 -0.000070
    1 -21.391670 -4.994087 -8.974786 -0.935808 -0.110718 0.438455
    2 0.000000 14.313023 0.000003 -0.982578 0.000000 0.000000
    3 -0.000011 13.013483 -0.000005 -0.516730 -0.519923 0.770106
    4 0.738692 4.396840 -6.048913 1.639646 0.190845 -0.419759
    5 0.000000 -14.313034 0.000000 -0.487267 0.000264 -0.000096
    6 -0.000004 -13.013485 -0.000004 0.458771 0.161830 0.500283
    7 -1.330879 -2.698427 0.462449 -0.194886 -0.547260 3.056712
    8 1.330910 2.698444 -0.462436 0.194890 0.547268 -0.084879
    9 8.431712 4.554650 -4.223134 -0.711851 0.510336 1.094465
    10 3.556210 4.238403 0.987502 -1.090396 0.577049 -0.321829
    11 4.139183 5.092691 1.421975 -1.090396 0.577049 -0.321829
    12 4.777527 6.028128 1.897721 -1.090396 0.577049 -0.321829
    13 5.490345 7.072691 2.428969 -1.090396 0.577049 -0.321829
    14 6.560660 8.639143 3.229776 -1.090396 0.577049 -0.321829
    15 7.558525 6.997282 -2.354134 -1.937336 -0.275393 3.010581
    16 7.558525 6.997282 -2.354134 1.937336 0.275393 -0.131011
    17 -2.867767 -2.740969 0.531125 2.051196 0.577049 -0.321829
    18 4.324081 2.744001 -0.524877 -1.090396 0.577049 -0.321829
    19 5.012512 3.752832 -0.011802 -1.090396 0.577049 -0.321829
    20 5.595486 4.607124 0.422674 -1.090396 0.577049 -0.321829
    21 6.233833 5.542564 0.898426 -1.090396 0.577049 -0.321829
    22 6.946648 6.587124 1.429667 -1.090396 0.577049 -0.321829
    23 7.537933 7.453606 1.870349 -1.090396 0.577049 -0.321829
    24 8.154472 8.357077 2.329839 -1.090396 0.577049 -0.321829
    25 8.874294 9.411907 2.866308 -1.090396 0.577049 -0.321829
    26 -4.125858 -2.321501 1.394414 2.051196 0.577049 -0.321829
    27 -4.826813 -3.348669 0.872014 2.051196 0.577049 -0.321829
    28 -5.441669 -4.249685 0.413772 2.051196 0.577049 -0.321829
    29 -0.552532 -1.343527 1.604446 -1.131237 0.062049 -0.739325
    30 0.552589 1.343534 -1.604463 -0.889890 0.257437 -0.450592
    31 0.000000 -2.021618 -0.000004 0.186809 0.000000 0.000000
    32 -0.000021 2.021633 0.000027 0.183847 0.000000 0.000000
    33 -0.000004 -1.136217 -0.000004 0.006888 0.000000 0.000000
    34 -0.000011 1.136200 -0.000019 0.220615 0.000000 0.000000
    35 -0.032677 -4.587727 1.352317 2.844703 1.216154 2.484990
    36 0.032719 4.587772 -1.352291 4.643825 1.284258 4.144127
    37 0.000000 -1.754536 -0.000002 0.662896 0.000000 0.000000
    38 -0.000006 1.754520 -0.000034 0.202256 0.000000 0.000000
    39 0.000000 -1.227020 -0.000002 0.092660 0.000000 0.000000
    40 0.000002 1.227070 0.000032 0.130336 0.000000 0.000000
    41 -0.367996 -4.208406 0.173244 2.943027 1.091688 2.536231
    42 0.368011 4.208412 -0.173239 3.085113 1.100750 2.833678
    43 0.000000 -2.372318 -0.000004 0.722081 0.000000 0.000000
    44 -0.000006 2.372318 -0.000032 0.722081 0.000000 0.000000
    45 0.000004 -1.580070 -0.000001 0.034255 0.000000 0.000000
    46 -0.000002 1.580170 0.000030 0.034255 0.000000 0.000000
    47 -0.937645 -3.860697 -0.959317 3.044205 1.001841 2.581100
    48 0.937672 3.860714 0.959333 2.886273 1.001840 2.581100
    49 0.000000 -1.690632 0.000000 0.491549 0.000000 0.000000
    50 -0.000013 1.690666 0.000021 0.491549 0.000000 0.000000
    51 -0.000002 -1.423443 0.000002 0.234212 0.000000 0.000000
    52 0.000008 1.423420 0.000028 0.234212 0.000000 0.000000
    53 -1.546646 -3.404194 -1.915569 3.024293 0.944156 2.514436
    54 1.546661 3.404217 1.915585 3.024293 0.944156 2.514435
    55 0.000004 -1.437820 0.000000 0.424958 0.000000 0.000000
    56 -0.000021 1.437870 0.000031 0.424957 0.000000 0.000000
    57 -0.000002 -1.059402 0.000000 0.322075 0.000000 0.000000
    58 0.000006 1.059372 0.000008 0.322075 0.000000 0.000000
    59 -0.000004 -13.013485 -0.000004 0.000000 0.000000 0.000000
    60 0.000000 -10.813480 -0.000004 0.000000 0.000000 0.000000
  time 14
    0 2.353745 7.097873 -13.308043 -1.559952 0.000000 -0.000070
    1 -21.391670 -4.994087 -8.974786 -0.965111 -0.070325 0.419971
    2 0.000000 14.313023 0.000003 -0.982578 0.000000 0.000000
    3 -0.000011 13.013483 -0.000005 -0.516730 -0.519923 0.770106
    4 0.996512 4.029641 -6.994254 1.588988 0.194786 -0.450501
    5 0.000000 -14.313034 0.000000 -0.487207 0.000331 -0.000096
    6 -0.000004 -13.013485 -0.000004 0.458681 0.161830 0.500283
    7 -1.330879 -2.698427 0.462449 -0.194886 -0.547260 3.056712
    8 1.330910 2.698444 -0.462436 0.194890 0.547268 -0.084879
    9 8.431712 4.554650 -4.223134 -0.711851 0.510336 1.094465
    10 3.556210 4.238403 0.987502 -1.090396 0.577049 -0.321829
    11 4.139183 5.092691 1.421975 -1.090396 0.577049 -0.321829
    12 4.777527 6.028128 1.897721 -1.090396 0.577049 -0.321829
    13 5.490345 7.072691 2.428969 -1.090396 0.577049 -0.321829
    14 6.560660 8.639143 3.229776 -1.090396 0.577049 -0.321829
    15 7.558525 6.997282 -2.354134 -1.937336 -0.275393 3.010581
    16 7.558525 6.997282 -2.354134 1.937336 0.275393 -0.131011
    17 -2.867767 -2.740969 0.531125 2.051196 0.577049 -0.321829
    18 4.324081 2.744001 -0.524877 -1.090396 0.577049 -0.321829
    19 5.012512 3.752832 -0.011802 -1.090396 0.577049 -0.321829
    20 5.595486 4.607124 0.422674 -1.090396 0.577049 -0.321829
    21 6.233833 5.542564 0.898426 -1.090396 0.577049 -0.321829
    22 6.946648 6.587124 1.429667 -1.090396 0.577049 -0.321829
    23 7.537933 7.453606 1.870349 -1.090396 0.577049 -0.321829
    24 8.154472 8.357077 2.329839 -1.090396 0.577049 -0.321829
    25 8.874294 9.411907 2.866308 -1.090396 0.577049 -0.321829
    26 -4.125858 -2.321501 1.394414 2.051196 0.577049 -0.321829
    27 -4.826813 -3.348669 0.872014 2.051196 0.577049 -0.321829
    28 -5.441669 -4.249685 0.413772 2.051196 0.577049 -0.321829
    29 -0.552532 -1.343527 1.604446 -1.131237 0.062049 -0.739325
    30 0.552589 1.343534 -1.604463 -0.936614 0.237295 -0.460613
    31 0.000000 -2.021618 -0.000004 0.186809 0.000000 0.000000
    32 -0.000021 2.021633 0.000027 0.183603 0.000000 0.000000
    33 -0.000004 -1.136217 -0.000004 0.006888 0.000000 0.000000
    34 -0.000011 1.136200 -0.000019 0.220615 0.000000 0.000000
    35 -0.032677 -4.587727 1.352317 2.844703 1.216154 2.484990
    36 0.032719 4.587772 -1.352291 4.643651 1.284072 4.144203
    37 0.000000 -1.754536 -0.000002 0.662896 0.000000 0.000000
    38 -0.000006 1.754520 -0.000034 0.202256 0.000000 0.000000
    39 0.000000 -1.227020 -0.000002 0.092660 0.000000 0.000000
    40 0.000002 1.227070 0.000032 0.130336 0.000000 0.000000
    41 -0.367996 -4.208406 0.173244 2.943027 1.091688 2.536231
    42 0.368011 4.208412 -0.173239 3.085113 1.100750 2.833678
    43 0.000000 -2.372318 -0.000004 0.722081 0.000000 0.000000
    44 -0.000006 2.372318 -0.000032 0.722081 0.000000 0.000000
    45 0.000004 -1.580070 -0.000001 0.034255 0.000000 0.000000
    46 -0.000002 1.580170 0.000030 0.034255 0.000000 0.000000
    47 -0.937645 -3.860697 -0.959317 3.044205 1.001841 2.581100
    48 0.937672 3.860714 0.959333 2.886273 1.001840 2.581100
    49 0.000000 -1.690632 0.000000 0.491549 0.000000 0.000000
    50 -0.000013 1.690666 0.000021 0.491549 0.000000 0.000000
    51 -0.000002 -1.423443 0.000002 0.234212 0.000000 0.000000
    52 0.000008 1.423420 0.000028 0.234212 0.000000 0.000000
    53 -1.546646 -3.404194 -1.915569 3.024293 0.944156 2.514436
    54 1.546661 3.404217 1.915585 3.024293 0.944156 2.514435
    55 0.000004 -1.437820 0.000000 0.424958 0.000000 0.000000
    56 -0.000021 1.437870 0.000031 0.424957 0.000000 0.000000
    57 -0.000002 -1.059402 0.000000 0.322075 0.000000 0.000000
    58 0.000006 1.059372 0.000008 0.322075 0.000000 0.000000
    59 -0.000004 -13.013485 -0.000004 0.000000 0.000000 0.000000
    60 0.000000 -10.813480 -0.000004 0.000000 0.000000 0.000000
  time 15
    0 2.521719 6.703330 -13.702586 -1.559952 0.000000 -0.000070
    1 -21.391670 -4.994087 -8.978693 -0.988240 -0.040663 0.395605
    2 0.000000 14.313023 0.000003 -0.982578 0.000000 0.000000
    3 -0.000011 13.013483 -0.000005 -0.516730 -0.519923 0.770106
    4 1.250426 3.514001 -7.689588 1.550779 0.196227 -0.483446
    5 0.000000 -14.313034 0.000000 -0.487147 0.000364 -0.000192
    6 -0.000004 -13.013485 -0.000004 0.458771 0.161830 0.500283
    7 -1.330879 -2.698427 0.462449 -0.194886 -0.547260 3.056712
    8 1.330910 2.698444 -0.462436 0.194890 0.547268 -0.084879
    9 8.431712 4.554650 -4.273646 -0.711851 0.510336 1.094465
    10 3.556210 4.238403 0.987502 -1.090396 0.577049 -0.321829
    11 4.139183 5.092691 1.421975 -1.090396 0.577049 -0.321829
    12 4.777527 6.028128 1.897721 -1.090396 0.577049 -0.321829
    13 5.490345 7.072691 2.428969 -1.090396 0.577049 -0.321829
    14 6.560660 8.639143 3.229776 -1.090396 0.577049 -0.321829
    15 7.558525 6.997282 -2.354134 -1.937336 -0.275393 3.010581
    16 7.558525 6.997282 -2.354134 1.937336 0.275393 -0.131011
    17 -2.867767 -2.740969 0.531125 2.051196 0.577049 -0.321829
    18 4.324081 2.744001 -0.524877 -1.090396 0.577049 -0.321829
    19 5.012512 3.752832 -0.011802 -1.090396 0.577049 -0.321829
    20 5.595486 4.607124 0.422674 -1.090396 0.577049 -0.321829
    21 6.233833 5.542564 0.898426 -1.090396 0.577049 -0.321829
    22 6.946648 6.587124 1.429667 -1.090396 0.577049 -0.321829
    23 7.537933 7.453606 1.870349 -1.090396 0.577049 -0.321829
    24 8.154472 8.357077 2.329839 -1.090396 0.577049 -0.321829
    25 8.874294 9.411907 2.866308 -1.090396 0.577049 -0.321829
    26 -4.125858 -2.321501 1.394414 2.051196 0.577049 -0.321829
    27 -4.826813 -3.348669 0.872014 2.051196 0.577049 -0.321829
    28 -5.441669 -4.249685 0.413772 2.051196 0.577049 -0.321829
    29 -0.552532 -1.343527 1.604446 -1.131237 0.062049 -0.739325
    30 0.552589 1.343534 -1.604463 -0.982292 0.217826 -0.470677
    31 0.000000 -2.021618 -0.000004 0.186809 0.000000 0.000000
    32 -0.000021 2.021633 0.000027 0.183386 0.000000 0.000000
    33 -0.000004 -1.136217 -0.000004 0.006888 0.000000 0.000000
    34 -0.000011 1.136200 -0.000019 0.220615 0.000000 0.000000
    35 -0.032677 -4.587727 1.352317 2.844703 1.216154 2.484990
    36 0.032719 4.587772 -1.352291 4.643564 1.283924 4.144203
    37 0.000000 -1.754536 -0.000002 0.662896 0.000000 0.000000
    38 -0.000006 1.754520 -0.000034 0.202256 0.000000 0.000000
    39 0.000000 -1.227020 -0.000002 0.092660 0.000000 0.000000
    40 0.000002 1.227070 0.000032 0.130336 0.000000 0.000000
    41 -0.367996 -4.208406 0.173244 2.943027 1.091688 2.536231
    42 0.368011 4.208412 -0.173239 3.085113 1.100750 2.833678
    43 0.000000 -2.372318 -0.000004 0.722081 0.000000 0.000000
    44 -0.000006 2.372318 -0.000032 0.722081 0.000000 0.000000
    45 0.000004 -1.580070 -0.000001 0.034255 0.000000 0.000000
    46 -0.000002 1.580170 0.000030 0.034255 0.000000 0.000000
    47 -0.937645 -3.860697 -0.959317 3.044205 1.001841 2.581100
    48 0.937672 3.860714 0.959333 2.886273 1.001840 2.581100
    49 0.000000 -1.690632 0.000000 0.491549 0.000000 0.000000
    50 -0.000013 1.690666 0.000021 0.491549 0.000000 0.000000
    51 -0.000002 -1.423443 0.000002 0.234212 0.000000 0.000000
    52 0.000008 1.423420 0.000028 0.234212 0.000000 0.000000
    53 -1.546646 -3.404194 -1.915569 3.024293 0.944156 2.514436
    54 1.546661 3.404217 1.915585 3.024293 0.944156 2.514435
    55 0.000004 -1.437820 0.000000 0.424958 0.000000 0.000000
    56 -0.000021 1.437870 0.000031 0.424957 0.000000 0.000000
    57 -0.000002 -1.059402 0.000000 0.322075 0.000000 0.000000
    58 0.000006 1.059372 0.000008 0.322075 0.000000 0.000000
    59 -0.000004 -13.013485 -0.000004 0.000000 0.000000 0.000000
    60 0.000000 -10.813480 -0.000004 0.000000 0.000000 0.000000
  time 16
    0 2.689693 6.304880 -14.093223 -1.559952 0.000000 -0.000070
    1 -21.391670 -4.994087 -8.974786 -1.006669 -0.033843 0.351151
    2 0.000000 14.313023 0.000003 -0.982578 0.000000 0.000000
    3 -0.000011 13.013483 -0.000005 -0.516730 -0.519923 0.770106
    4 1.609812 2.506157 -7.838030 1.533446 0.186259 -0.531906
    5 0.000000 -14.313034 0.000000 -0.487088 0.000397 -0.000192
    6 -0.000004 -13.013485 -0.000004 0.458681 0.161830 0.500283
    7 -1.330879 -2.698427 0.462449 -0.194886 -0.547260 3.056712
    8 1.330910 2.698444 -0.462436 0.194890 0.547268 -0.084879
    9 8.431712 4.554650 -4.223134 -0.711851 0.510336 1.094465
    10 3.556210 4.238403 0.987502 -1.090396 0.577049 -0.321829
    11 4.139183 5.092691 1.421975 -1.090396 0.577049 -0.321829
    12 4.777527 6.028128 1.897721 -1.090396 0.577049 -0.321829
    13 5.490345 7.072691 2.428969 -1.090396 0.577049 -0.321829
    14 6.560660 8.639143 3.229776 -1.090396 0.577049 -0.321829
    15 7.558525 6.997282 -2.354134 -1.937336 -0.275393 3.010581
    16 7.558525 6.997282 -2.354134 1.937336 0.275393 -0.131011
    17 -2.867767 -2.740969 0.531125 2.051196 0.577049 -0.321829
    18 4.324081 2.744001 -0.524877 -1.090396 0.577049 -0.321829
    19 5.012512 3.752832 -0.011802 -1.090396 0.577049 -0.321829
    20 5.595486 4.607124 0.422674 -1.090396 0.577049 -0.321829
    21 6.233833 5.542564 0.898426 -1.090396 0.577049 -0.321829
    22 6.946648 6.587124 1.429667 -1.090396 0.577049 -0.321829
    23 7.537933 7.453606 1.870349 -1.090396 0.577049 -0.321829
    24 8.154472 8.357077 2.329839 -1.090396 0.577049 -0.321829
    25 8.874294 9.411907 2.866308 -1.090396 0.577049 -0.321829
    26 -4.125858 -2.321501 1.394414 2.051196 0.577049 -0.321829
    27 -4.826813 -3.348669 0.872014 2.051196 0.577049 -0.321829
    28 -5.441669 -4.249685 0.413772 2.051196 0.577049 -0.321829
    29 -0.552532 -1.343527 1.604446 -1.131237 0.062049 -0.739325
    30 0.552589 1.343534 -1.604463 -1.024338 0.199825 -0.479937
    31 0.000000 -2.021618 -0.000004 0.186809 0.000000 0.000000
    32 -0.000021 2.021633 0.000027 0.183168 0.000000 0.000000
    33 -0.000004 -1.136217 -0.000004 0.006888 0.000000 0.000000
    34 -0.000011 1.136200 -0.000019 0.220615 0.000000 0.000000
    35 -0.032677 -4.587727 1.352317 2.844703 1.216154 2.484990
    36 0.032719 4.587772 -1.352291 4.643391 1.283738 4.144203
    37 0.000000 -1.754536 -0.000002 0.662896 0.000000 0.000000
    38 -0.000006 1.754520 -0.000034 0.202256 0.000000 0.000000
    39 0.000000 -1.227020 -0.000002 0.092660 0.000000 0.000000
    40 0.000002 1.227070 0.000032 0.130336 0.000000 0.000000
    41 -0.367996 -4.208406 0.173244 2.943027 1.091688 2.536231
    42 0.368011 4.208412 -0.173239 3.085113 1.100750 2.833678
    43 0.000000 -2.372318 -0.000004 0.722081 0.000000 0.000000
    44 -0.000006 2.372318 -0.000032 0.722081 0.000000 0.000000
    45 0.000004 -1.580070 -0.000001 0.034255 0.000000 0.000000
    46 -0.000002 1.580170 0.000030 0.034255 0.000000 0.000000
    47 -0.937645 -3.860697 -0.959317 3.044205 1.001841 2.581100
    48 0.937672 3.860714 0.959333 2.886273 1.001840 2.581100
    49 0.000000 -1.690632 0.000000 0.491549 0.000000 0.000000
    50 -0.000013 1.690666 0.000021 0.491549 0.000000 0.000000
    51 -0.000002 -1.423443 0.000002 0.234212 0.000000 0.000000
    52 0.000008 1.423420 0.000028 0.234212 0.000000 0.000000
    53 -1.546646 -3.404194 -1.915569 3.024293 0.944156 2.514436
    54 1.546661 3.404217 1.915585 3.024293 0.944156 2.514435
    55 0.000004 -1.437820 0.000000 0.424958 0.000000 0.000000
    56 -0.000021 1.437870 0.000031 0.424957 0.000000 0.000000
    57 -0.000002 -1.059402 0.000000 0.322075 0.000000 0.000000
    58 0.000006 1.059372 0.000008 0.322075 0.000000 0.000000
    59 -0.000004 -13.013485 -0.000004 0.000000 0.000000 0.000000
    60 0.000000 -10.813480 -0.000004 0.000000 0.000000 0.000000
  time 17
    0 2.857667 5.914243 -14.476047 -1.559952 0.000000 -0.000070
    1 -21.391670 -4.994087 -8.974786 -1.026757 -0.040615 0.292338
    2 0.000000 14.313023 0.000003 -0.982578 0.000000 0.000000
    3 -0.000011 13.013483 -0.000005 -0.516730 -0.519923 0.770106
    4 2.000449 1.142835 -7.658337 1.525881 0.166477 -0.592721
    5 0.000000 -14.313034 0.000000 -0.487028 0.000463 -0.000241
    6 -0.000004 -13.013485 -0.000004 0.458771 0.161830 0.500283
    7 -1.330879 -2.698427 0.462449 -0.194886 -0.547260 3.056712
    8 1.330910 2.698444 -0.462436 0.194890 0.547268 -0.084879
    9 8.431712 4.554650 -4.223134 -0.711851 0.510336 1.094465
    10 3.556210 4.238403 0.987502 -1.090396 0.577049 -0.321829
    11 4.139183 5.092691 1.421975 -1.090396 0.577049 -0.321829
    12 4.777527 6.028128 1.897721 -1.090396 0.577049 -0.321829
    13 5.490345 7.072691 2.428969 -1.090396 0.577049 -0.321829
    14 6.560660 8.639143 3.229776 -1.090396 0.577049 -0.321829
    15 7.558525 6.997282 -2.354134 -1.937336 -0.275393 3.010581
    16 7.558525 6.997282 -2.354134 1.937336 0.275393 -0.131011
    17 -2.867767 -2.740969 0.531125 2.051196 0.577049 -0.321829
    18 4.324081 2.744001 -0.524877 -1.090396 0.577049 -0.321829
    19 5.012512 3.752832 -0.011802 -1.090396 0.577049 -0.321829
    20 5.595486 4.607124 0.422674 -1.090396 0.577049 -0.321829
    21 6.233833 5.542564 0.898426 -1.090396 0.577049 -0.321829
    22 6.946648 6.587124 1.429667 -1.090396 0.577049 -0.321829
    23 7.537933 7.453606 1.870349 -1.090396 0.577049 -0.321829
    24 8.154472 8.357077 2.329839 -1.090396 0.577049 -0.321829
    25 8.874294 9.411907 2.866308 -1.090396 0.577049 -0.321829
    26 -4.125858 -2.321501 1.394414 2.051196 0.577049 -0.321829
    27 -4.826813 -3.348669 0.872014 2.051196 0.577049 -0.321829
    28 -5.441669 -4.249685 0.413772 2.051196 0.577049 -0.321829
    29 -0.552532 -1.343527 1.604446 -1.131237 0.062049 -0.739325
    30 0.552589 1.343534 -1.604463 -1.060687 0.184322 -0.487936
    31 0.000000 -2.021618 -0.000004 0.186809 0.000000 0.000000
    32 -0.000021 2.021633 0.000027 0.182924 0.000000 0.000000
    33 -0.000004 -1.136217 -0.000004 0.006888 0.000000 0.000000
    34 -0.000011 1.136200 -0.000019 0.220615 0.000000 0.000000
    35 -0.032677 -4.587727 1.352317 2.844703 1.216154 2.484990
    36 0.032719 4.587772 -1.352291 4.643217 1.283590 4.144278
    37 0.000000 -1.754536 -0.000002 0.662896 0.000000 0.000000
    38 -0.000006 1.754520 -0.000034 0.202256 0.000000 0.000000
    39 0.000000 -1.227020 -0.000002 0.092660 0.000000 0.000000
    40 0.000002 1.227070 0.000032 0.130336 0.000000 0.000000
    41 -0.367996 -4.208406 0.173244 2.943027 1.091688 2.536231
    42 0.368011 4.208412 -0.173239 3.085113 1.100750 2.833678
    43 0.000000 -2.372318 -0.000004 0.722081 0.000000 0.000000
    44 -0.000006 2.372318 -0.000032 0.722081 0.000000 0.000000
    45 0.000004 -1.580070 -0.000001 0.034255 0.000000 0.000000
    46 -0.000002 1.580170 0.000030 0.034255 0.000000 0.000000
    47 -0.937645 -3.860697 -0.959317 3.044205 1.001841 2.581100
    48 0.937672 3.860714 0.959333 2.886273 1.001840 2.581100
    49 0.000000 -1.690632 0.000000 0.491549 0.000000 0.000000
    50 -0.000013 1.690666 0.000021 0.491549 0.000000 0.000000
    51 -0.000002 -1.423443 0.000002 0.234212 0.000000 0.000000
    52 0.000008 1.423420 0.000028 0.234212 0.000000 0.000000
    53 -1.546646 -3.404194 -1.915569 3.024293 0.944156 2.514436
    54 1.546661 3.404217 1.915585 3.024293 0.944156 2.514435
    55 0.000004 -1.437820 0.000000 0.424958 0.000000 0.000000
    56 -0.000021 1.437870 0.000031 0.424957 0.000000 0.000000
    57 -0.000002 -1.059402 0.000000 0.322075 0.000000 0.000000
    58 0.000006 1.059372 0.000008 0.322075 0.000000 0.000000
    59 -0.000004 -13.013485 -0.000004 0.000000 0.000000 0.000000
    60 0.000000 -10.813480 -0.000004 0.000000 0.000000 0.000000
  time 18
    0 3.025641 5.523606 -14.847152 -1.559952 0.000000 -0.000070
    1 -21.391670 -4.994087 -8.974786 -1.045279 -0.053825 0.231309
    2 0.000000 14.313023 0.000003 -0.982578 0.000000 0.000000
    3 -0.000011 13.013483 -0.000005 -0.516730 -0.519923 0.770106
    4 2.309052 -0.294709 -7.318483 1.524349 0.143814 -0.654876
    5 0.000000 -14.313034 0.000000 -0.486908 0.000496 -0.000241
    6 -0.000004 -13.013485 -0.000004 0.458771 0.161830 0.500283
    7 -1.330879 -2.698427 0.462449 -0.194886 -0.547260 3.056712
    8 1.330910 2.698444 -0.462436 0.194890 0.547268 -0.084879
    9 8.431712 4.554650 -4.223134 -0.711851 0.510336 1.094465
    10 3.556210 4.238403 0.987502 -1.090396 0.577049 -0.321829
    11 4.139183 5.092691 1.421975 -1.090396 0.577049 -0.321829
    12 4.777527 6.028128 1.897721 -1.090396 0.577049 -0.321829
    13 5.490345 7.072691 2.428969 -1.090396 0.577049 -0.321829
    14 6.560660 8.639143 3.229776 -1.090396 0.577049 -0.321829
    15 7.558525 6.997282 -2.354134 -1.937336 -0.275393 3.010581
    16 7.558525 6.997282 -2.354134 1.937336 0.275393 -0.131011
    17 -2.867767 -2.740969 0.531125 2.051196 0.577049 -0.321829
    18 4.324081 2.744001 -0.524877 -1.090396 0.577049 -0.321829
    19 5.012512 3.752832 -0.011802 -1.090396 0.577049 -0.321829
    20 5.595486 4.607124 0.422674 -1.090396 0.577049 -0.321829
    21 6.233833 5.542564 0.898426 -1.090396 0.577049 -0.321829
    22 6.946648 6.587124 1.429667 -1.090396 0.577049 -0.321829
    23 7.537933 7.453606 1.870349 -1.090396 0.577049 -0.321829
    24 8.154472 8.357077 2.329839 -1.090396 0.577049 -0.321829
    25 8.874294 9.411907 2.866308 -1.090396 0.577049 -0.321829
    26 -4.125858 -2.321501 1.394414 2.051196 0.577049 -0.321829
    27 -4.826813 -3.348669 0.872014 2.051196 0.577049 -0.321829
    28 -5.441669 -4.249685 0.413772 2.051196 0.577049 -0.321829
    29 -0.552532 -1.343527 1.604446 -1.131237 0.062049 -0.739325
    30 0.552589 1.343534 -1.604463 -1.089380 0.172110 -0.494218
    31 0.000000 -2.021618 -0.000004 0.186809 0.000000 0.000000
    32 -0.000021 2.021633 0.000027 0.182679 0.000000 0.000000
    33 -0.000004 -1.136217 -0.000004 0.006888 0.000000 0.000000
    34 -0.000011 1.136200 -0.000019 0.220615 0.000000 0.000000
    35 -0.032677 -4.587727 1.352317 2.844703 1.216154 2.484990
    36 0.032719 4.587772 -1.352291 4.643130 1.283441 4.144278
    37 0.000000 -1.754536 -0.000002 0.662896 0.000000 0.000000
    38 -0.000006 1.754520 -0.000034 0.202256 0.000000 0.000000
    39 0.000000 -1.227020 -0.000002 0.092660 0.000000 0.000000
    40 0.000002 1.227070 0.000032 0.130336 0.000000 0.000000
    41 -0.367996 -4.208406 0.173244 2.943027 1.091688 2.536231
    42 0.368011 4.208412 -0.173239 3.085113 1.100750 2.833678
    43 0.000000 -2.372318 -0.000004 0.722081 0.000000 0.000000
    44 -0.000006 2.372318 -0.000032 0.722081 0.000000 0.000000
    45 0.000004 -1.580070 -0.000001 0.034255 0.000000 0.000000
    46 -0.000002 1.580170 0.000030 0.034255 0.000000 0.000000
    47 -0.937645 -3.860697 -0.959317 3.044205 1.001841 2.581100
    48 0.937672 3.860714 0.959333 2.886273 1.001840 2.581100
    49 0.000000 -1.690632 0.000000 0.491549 0.000000 0.000000
    50 -0.000013 1.690666 0.000021 0.491549 0.000000 0.000000
    51 -0.000002 -1.423443 0.000002 0.234212 0.000000 0.000000
    52 0.000008 1.423420 0.000028 0.234212 0.000000 0.000000
    53 -1.546646 -3.404194 -1.915569 3.024293 0.944156 2.514436
    54 1.546661 3.404217 1.915585 3.024293 0.944156 2.514435
    55 0.000004 -1.437820 0.000000 0.424958 0.000000 0.000000
    56 -0.000021 1.437870 0.000031 0.424957 0.000000 0.000000
    57 -0.000002 -1.059402 0.000000 0.322075 0.000000 0.000000
    58 0.000006 1.059372 0.000008 0.322075 0.000000 0.000000
    59 -0.000004 -13.013485 -0.000004 0.000000 0.000000 0.000000
    60 0.000000 -10.813480 -0.000004 0.000000 0.000000 0.000000
  time 19
    0 3.193615 5.129063 -15.194819 -1.559952 0.000000 -0.000070
    1 -21.391670 -4.994087 -8.974786 -1.058640 -0.066701 0.183800
    2 0.000000 14.313023 0.000003 -0.982578 0.000000 0.000000
    3 -0.000011 13.013483 -0.000005 -0.516730 -0.519923 0.770106
    4 2.484839 -1.427556 -7.002067 1.525881 0.125244 -0.702953
    5 0.000000 -14.313034 0.000000 -0.486848 0.000529 -0.000289
    6 -0.000004 -13.013485 -0.000004 0.458681 0.161830 0.500283
    7 -1.330879 -2.698427 0.462449 -0.194886 -0.547260 3.056712
    8 1.330910 2.698444 -0.462436 0.194890 0.547268 -0.084879
    9 8.431712 4.554650 -4.273646 -0.711851 0.510336 1.094465
    10 3.556210 4.238403 0.987502 -1.090396 0.577049 -0.321829
    11 4.139183 5.092691 1.421975 -1.090396 0.577049 -0.321829
    12 4.777527 6.028128 1.897721 -1.090396 0.577049 -0.321829
    13 5.490345 7.072691 2.428969 -1.090396 0.577049 -0.321829
    14 6.560660 8.639143 3.229776 -1.090396 0.577049 -0.321829
    15 7.558525 6.997282 -2.354134 -1.937336 -0.275393 3.010581
    16 7.558525 6.997282 -2.354134 1.937336 0.275393 -0.131011
    17 -2.867767 -2.740969 0.531125 2.051196 0.577049 -0.321829
    18 4.324081 2.744001 -0.524877 -1.090396 0.577049 -0.321829
    19 5.012512 3.752832 -0.011802 -1.090396 0.577049 -0.321829
    20 5.595486 4.607124 0.422674 -1.090396 0.577049 -0.321829
    21 6.233833 5.542564 0.898426 -1.090396 0.577049 -0.321829
    22 6.946648 6.587124 1.429667 -1.090396 0.577049 -0.321829
    23 7.537933 7.453606 1.870349 -1.090396 0.577049 -0.321829
    24 8.154472 8.357077 2.329839 -1.090396 0.577049 -0.321829
    25 8.874294 9.411907 2.866308 -1.090396 0.577049 -0.321829
    26 -4.125858 -2.321501 1.394414 2.051196 0.577049 -0.321829
    27 -4.826813 -3.348669 0.872014 2.051196 0.577049 -0.321829
    28 -5.441669 -4.249685 0.413772 2.051196 0.577049 -0.321829
    29 -0.552532 -1.343527 1.604446 -1.131237 0.062049 -0.739325
    30 0.552589 1.343534 -1.604463 -1.108142 0.164061 -0.498348
    31 0.000000 -2.021618 -0.000004 0.186809 0.000000 0.000000
    32 -0.000021 2.021633 0.000027 0.182462 0.000000 0.000000
    33 -0.000004 -1.136217 -0.000004 0.006888 0.000000 0.000000
    34 -0.000011 1.136200 -0.000019 0.220615 0.000000 0.000000
    35 -0.032677 -4.587727 1.352317 2.844703 1.216154 2.484990
    36 0.032719 4.587772 -1.352291 4.642957 1.283256 4.144278
    37 0.000000 -1.754536 -0.000002 0.662896 0.000000 0.000000
    38 -0.000006 1.754520 -0.000034 0.202256 0.000000 0.000000
    39 0.000000 -1.227020 -0.000002 0.092660 0.000000 0.000000
    40 0.000002 1.227070 0.000032 0.130336 0.000000 0.000000
    41 -0.367996 -4.208406 0.173244 2.943027 1.091688 2.536231
    42 0.368011 4.208412 -0.173239 3.085113 1.100750 2.833678
    43 0.000000 -2.372318 -0.000004 0.722081 0.000000 0.000000
    44 -0.000006 2.372318 -0.000032 0.722081 0.000000 0.000000
    45 0.000004 -1.580070 -0.000001 0.034255 0.000000 0.000000
    46 -0.000002 1.580170 0.000030 0.034255 0.000000 0.000000
    47 -0.937645 -3.860697 -0.959317 3.044205 1.001841 2.581100
    48 0.937672 3.860714 0.959333 2.886273 1.001840 2.581100
    49 0.000000 -1.690632 0.000000 0.491549 0.000000 0.000000
    50 -0.000013 1.690666 0.000021 0.491549 0.000000 0.000000
    51 -0.000002 -1.423443 0.000002 0.234212 0.000000 0.000000
    52 0.000008 1.423420 0.000028 0.234212 0.000000 0.000000
    53 -1.546646 -3.404194 -1.915569 3.024293 0.944156 2.514436
    54 1.546661 3.404217 1.915585 3.024293 0.944156 2.514435
    55 0.000004 -1.437820 0.000000 0.424958 0.000000 0.000000
    56 -0.000021 1.437870 0.000031 0.424957 0.000000 0.000000
    57 -0.000002 -1.059402 0.000000 0.322075 0.000000 0.000000
    58 0.000006 1.059372 0.000008 0.322075 0.000000 0.000000
    59 -0.000004 -13.013485 -0.000004 0.000000 0.000000 0.000000
    60 0.000000 -10.813480 -0.000004 0.000000 0.000000 0.000000
  time 20
    0 3.361589 4.730613 -15.511235 -1.559952 0.000000 -0.000070
    1 -21.391670 -4.994087 -8.974786 -1.064077 -0.072519 0.165240
    2 0.000000 14.313023 0.000003 -0.982578 0.000000 0.000000
    3 -0.000011 13.013483 -0.000005 -0.516730 -0.519923 0.770106
    4 2.535622 -1.868976 -6.857531 1.527030 0.117475 -0.721916
    5 0.000000 -14.313034 0.000000 -0.486788 0.000562 -0.000289
    6 -0.000004 -13.013485 -0.000004 0.458771 0.161830 0.500283
    7 -1.330879 -2.698427 0.462449 -0.194886 -0.547260 3.056712
    8 1.330910 2.698444 -0.462436 0.194890 0.547268 -0.084879
    9 8.431712 4.554650 -4.223134 -0.711851 0.510336 1.094465
    10 3.556210 4.238403 0.987502 -1.090396 0.577049 -0.321829
    11 4.139183 5.092691 1.421975 -1.090396 0.577049 -0.321829
    12 4.777527 6.028128 1.897721 -1.090396 0.577049 -0.321829
    13 5.490345 7.072691 2.428969 -1.090396 0.577049 -0.321829
    14 6.560660 8.639143 3.229776 -1.090396 0.577049 -0.321829
    15 7.558525 6.997282 -2.354134 -1.937336 -0.275393 3.010581
    16 7.558525 6.997282 -2.354134 1.937336 0.275393 -0.131011
    17 -2.867767 -2.740969 0.531125 2.051196 0.577049 -0.321829
    18 4.324081 2.744001 -0.524877 -1.090396 0.577049 -0.321829
    19 5.012512 3.752832 -0.011802 -1.090396 0.577049 -0.321829
    20 5.595486 4.607124 0.422674 -1.090396 0.577049 -0.321829
    21 6.233833 5.542564 0.898426 -1.090396 0.577049 -0.321829
    22 6.946648 6.587124 1.429667 -1.090396 0.577049 -0.321829
    23 7.537933 7.453606 1.870349 -1.090396 0.577049 -0.321829
    24 8.154472 8.357077 2.329839 -1.090396 0.577049 -0.321829
    25 8.874294 9.411907 2.866308 -1.090396 0.577049 -0.321829
    26 -4.125858 -2.321501 1.394414 2.051196 0.577049 -0.321829
    27 -4.826813 -3.348669 0.872014 2.051196 0.577049 -0.321829
    28 -5.441669 -4.249685 0.413772 2.051196 0.577049 -0.321829
    29 -0.552532 -1.343527 1.604446 -1.131237 0.062049 -0.739325
    30 0.552589 1.343534 -1.604463 -1.114989 0.161127 -0.499847
    31 0.000000 -2.021618 -0.000004 0.186809 0.000000 0.000000
    32 -0.000021 2.021633 0.000027 0.182244 0.000000 0.000000
    33 -0.000004 -1.136217 -0.000004 0.006888 0.000000 0.000000
    34 -0.000011 1.136200 -0.000019 0.220615 0.000000 0.000000
    35 -0.032677 -4.587727 1.352317 2.844703 1.216154 2.484990
    36 0.032719 4.587772 -1.352291 4.642870 1.283107 4.144354
    37 0.000000 -1.754536 -0.000002 0.662896 0.000000 0.000000
    38 -0.000006 1.754520 -0.000034 0.202256 0.000000 0.000000
    39 0.000000 -1.227020 -0.000002 0.092660 0.000000 0.000000
    40 0.000002 1.227070 0.000032 0.130336 0.000000 0.000000
    41 -0.367996 -4.208406 0.173244 2.943027 1.091688 2.536231
    42 0.368011 4.208412 -0.173239 3.085113 1.100750 2.833678
    43 0.000000 -2.372318 -0.000004 0.722081 0.000000 0.000000
    44 -0.000006 2.372318 -0.000032 0.722081 0.000000 0.000000
    45 0.000004 -1.580070 -0.000001 0.034255 0.000000 0.000000
    46 -0.000002 1.580170 0.000030 0.034255 0.000000 0.000000
    47 -0.937645 -3.860697 -0.959317 3.044205 1.001841 2.581100
    48 0.937672 3.860714 0.959333 2.886273 1.001840 2.581100
    49 0.000000 -1.690632 0.000000 0.491549 0.000000 0.000000
    50 -0.000013 1.690666 0.000021 0.491549 0.000000 0.000000
    51 -0.000002 -1.423443 0.000002 0.234212 0.000000 0.000000
    52 0.000008 1.423420 0.000028 0.234212 0.000000 0.000000
    53 -1.546646 -3.404194 -1.915569 3.024293 0.944156 2.514436
    54 1.546661 3.404217 1.915585 3.024293 0.944156 2.514435
    55 0.000004 -1.437820 0.000000 0.424958 0.000000 0.000000
    56 -0.000021 1.437870 0.000031 0.424957 0.000000 0.000000
    57 -0.000002 -1.059402 0.000000 0.322075 0.000000 0.000000
    58 0.000006 1.059372 0.000008 0.322075 0.000000 0.000000
    59 -0.000004 -13.013485 -0.000004 0.000000 0.000000 0.000000
    60 0.000000 -10.813480 -0.000004 0.000000 0.000000 0.000000
  time 21
    0 3.361589 4.730613 -15.511235 -1.559952 0.000000 -0.000070
    1 -21.251041 -4.384693 -9.045101 -1.062510 -0.073139 0.154164
    2 0.000000 14.313023 0.000003 -0.966876 -0.013838 -0.011907
    3 -0.000011 13.013483 -0.000005 -0.502016 -0.505065 0.768956
    4 2.836412 -0.552530 -6.947378 1.553269 0.126230 -0.713201
    5 0.000000 -14.313034 0.000000 -0.486729 0.000595 -0.000289
    6 -0.000004 -13.013485 -0.000004 0.452916 0.160416 0.496756
    7 -1.330879 -2.698427 0.462449 -0.194886 -0.547260 3.056712
    8 1.330910 2.698444 -0.462436 0.194890 0.547268 -0.084879
    9 8.431712 4.554650 -4.223134 -0.740874 0.514917 1.054538
    10 3.556210 4.238403 0.987502 -1.090396 0.577049 -0.321829
    11 4.139183 5.092691 1.421975 -1.090396 0.577049 -0.321829
    12 4.777527 6.028128 1.897721 -1.090396 0.577049 -0.321829
    13 5.490345 7.072691 2.428969 -1.090396 0.577049 -0.321829
    14 6.560660 8.639143 3.229776 -1.090396 0.577049 -0.321829
    15 7.558525 6.997282 -2.354134 -1.937336 -0.275393 3.010581
    16 7.558525 6.997282 -2.354134 1.937336 0.275393 -0.131011
    17 -2.867767 -2.740969 0.531125 2.051196 0.577049 -0.321829
    18 4.324081 2.744001 -0.524877 -1.090396 0.577049 -0.321829
    19 5.012512 3.752832 -0.011802 -1.090396 0.577049 -0.321829
    20 5.595486 4.607124 0.422674 -1.090396 0.577049 -0.321829
    21 6.233833 5.542564 0.898426 -1.090396 0.577049 -0.321829
    22 6.946648 6.587124 1.429667 -1.090396 0.577049 -0.321829
    23 7.537933 7.453606 1.870349 -1.090396 0.577049 -0.321829
    24 8.154472 8.357077 2.329839 -1.090396 0.577049 -0.321829
    25 8.874294 9.411907 2.866308 -1.090396 0.577049 -0.321829
    26 -4.125858 -2.321501 1.394414 2.051196 0.577049 -0.321829
    27 -4.826813 -3.348669 0.872014 2.051196 0.577049 -0.321829
    28 -5.441669 -4.249685 0.413772 2.051196 0.577049 -0.321829
    29 -0.552532 -1.343527 1.604446 -1.097513 0.062049 -0.739325
    30 0.552589 1.343534 -1.604463 -1.113604 0.161365 -0.503956
    31 0.000000 -2.021618 -0.000004 0.205348 0.000000 0.000000
    32 -0.000021 2.021633 0.000027 0.182000 0.000000 0.000000
    33 -0.000004 -1.136217 -0.000004 -0.017350 0.000000 0.000000
    34 -0.000011 1.136200 -0.000019 0.215364 0.000000 0.000000
    35 -0.032677 -4.587727 1.352317 2.876390 1.212405 2.503722
    36 0.032719 4.587772 -1.352291 4.642696 1.282922 4.144354
    37 0.000000 -1.754536 -0.000002 0.656665 0.000000 0.000000
    38 -0.000006 1.754520 -0.000034 0.202256 0.000000 0.000000
    39 0.000000 -1.227020 -0.000002 0.092660 0.000000 0.000000
    40 0.000002 1.227070 0.000032 0.126209 0.000000 0.000000
    41 -0.367996 -4.208406 0.173244 2.974282 1.082393 2.543429
    42 0.368011 4.208412 -0.173239 3.080802 1.100417 2.831201
    43 0.000000 -2.372318 -0.000004 0.711156 0.000000 0.000000
    44 -0.000006 2.372318 -0.000032 0.722081 0.000000 0.000000
    45 0.000004 -1.580070 -0.000001 0.021767 0.000000 0.000000
    46 -0.000002 1.580170 0.000030 0.030102 0.000000 0.000000
    47 -0.937645 -3.860697 -0.959317 3.079787 0.995604 2.580864
    48 0.937672 3.860714 0.959333 2.884322 0.999373 2.578579
    49 0.000000 -1.690632 0.000000 0.531385 0.000000 0.000000
    50 -0.000013 1.690666 0.000021 0.491549 0.000000 0.000000
    51 -0.000002 -1.423443 0.000002 0.234212 0.000000 0.000000
    52 0.000008 1.423420 0.000028 0.229514 0.000000 0.000000
    53 -1.546646 -3.404194 -1.915569 3.065272 0.934417 2.509448
    54 1.546661 3.404217 1.915585 3.023370 0.943378 2.509985
    55 0.000004 -1.437820 0.000000 0.449647 0.000000 0.000000
    56 -0.000021 1.437870 0.000031 0.424957 0.000000 0.000000
    57 -0.000002 -1.059402 0.000000 0.326323 0.000000 0.000000
    58 0.000006 1.059372 0.000008 0.322075 0.000000 0.000000
    59 -0.000004 -13.013485 -0.000004 0.000000 0.000000 0.000000
    60 0.000000 -10.813480 -0.000004 0.000000 0.000000 0.000000
  time 22
    0 3.361589 4.730613 -15.511235 -1.559952 0.000000 -0.000070
    1 -20.872123 -3.138561 -9.240419 -1.057995 -0.075523 0.120175
    2 0.000000 14.313023 0.000003 -0.924413 -0.051151 -0.044691
    3 -0.000011 13.013483 -0.000005 -0.462554 -0.465162 0.765792
    4 2.762191 0.119366 -6.591898 1.622696 0.143814 -0.692802
    5 0.000000 -14.313034 0.000000 -0.486669 0.000628 -0.000337
    6 -0.000004 -13.013485 -0.000004 0.446610 0.159321 0.493800
    7 -1.330879 -2.698427 0.462449 -0.194886 -0.547260 3.056712
    8 1.330910 2.698444 -0.462436 0.194890 0.547268 -0.084879
    9 8.493533 4.800035 -4.172623 -0.818364 0.527344 0.947622
    10 3.556210 4.238403 0.987502 -1.090396 0.577049 -0.321829
    11 4.139183 5.092691 1.421975 -1.090396 0.577049 -0.321829
    12 4.777527 6.028128 1.897721 -1.090396 0.577049 -0.321829
    13 5.490345 7.072691 2.428969 -1.090396 0.577049 -0.321829
    14 6.560660 8.639143 3.229776 -1.090396 0.577049 -0.321829
    15 7.558525 6.997282 -2.354134 -1.937336 -0.275393 3.010581
    16 7.558525 6.997282 -2.354134 1.937336 0.275393 -0.131011
    17 -2.867767 -2.740969 0.531125 2.051196 0.577049 -0.321829
    18 4.324081 2.744001 -0.524877 -1.090396 0.577049 -0.321829
    19 5.012512 3.752832 -0.011802 -1.090396 0.577049 -0.321829
    20 5.595486 4.607124 0.422674 -1.090396 0.577049 -0.321829
    21 6.233833 5.542564 0.898426 -1.090396 0.577049 -0.321829
    22 6.946648 6.587124 1.429667 -1.090396 0.577049 -0.321829
    23 7.537933 7.453606 1.870349 -1.090396 0.577049 -0.321829
    24 8.154472 8.357077 2.329839 -1.090396 0.577049 -0.321829
    25 8.874294 9.411907 2.866308 -1.090396 0.577049 -0.321829
    26 -4.125858 -2.321501 1.394414 2.051196 0.577049 -0.321829
    27 -4.826813 -3.348669 0.872014 2.051196 0.577049 -0.321829
    28 -5.441669 -4.249685 0.413772 2.051196 0.577049 -0.321829
    29 -0.552532 -1.343527 1.604446 -1.060946 0.062049 -0.739325
    30 0.552589 1.343534 -1.604463 -1.109710 0.162079 -0.515607
    31 0.000000 -2.021618 -0.000004 0.226475 0.000000 0.000000
    32 -0.000021 2.021633 0.000027 0.181783 0.000000 0.000000
    33 -0.000004 -1.136217 -0.000004 -0.045308 0.000000 0.000000
    34 -0.000011 1.136200 -0.000019 0.200399 0.000000 0.000000
    35 -0.032677 -4.587727 1.352317 2.913199 1.208100 2.525638
    36 0.032719 4.587772 -1.352291 4.640960 1.280806 4.144658
    37 0.000000 -1.754536 -0.000002 0.650863 0.000000 0.000000
    38 -0.000006 1.754520 -0.000034 0.202256 0.000000 0.000000
    39 0.000000 -1.227020 -0.000002 0.092660 0.000000 0.000000
    40 0.000002 1.227070 0.000032 0.114693 0.000000 0.000000
    41 -0.367996 -4.208406 0.173244 3.010477 1.071899 2.552020
    42 0.368011 4.208412 -0.173239 3.076490 1.100084 2.828724
    43 0.000000 -2.372318 -0.000004 0.701441 0.000000 0.000000
    44 -0.000006 2.372318 -0.000032 0.722081 0.000000 0.000000
    45 0.000004 -1.580070 -0.000001 0.007400 0.000000 0.000000
    46 -0.000002 1.580170 0.000030 0.018269 0.000000 0.000000
    47 -0.937645 -3.860697 -0.959317 3.120849 0.988388 2.580470
    48 0.937672 3.860714 0.959333 2.879026 0.992279 2.571096
    49 0.000000 -1.690632 0.000000 0.577275 0.000000 0.000000
    50 -0.000013 1.690666 0.000021 0.491549 0.000000 0.000000
    51 -0.000002 -1.423443 0.000002 0.234212 0.000000 0.000000
    52 0.000008 1.423420 0.000028 0.216080 0.000000 0.000000
    53 -1.546646 -3.404194 -1.915569 3.112619 0.923151 2.503539
    54 1.546661 3.404217 1.915585 3.020602 0.941131 2.497247
    55 0.000004 -1.437820 0.000000 0.478208 0.000000 0.000000
    56 -0.000021 1.437870 0.000031 0.424957 0.000000 0.000000
    57 -0.000002 -1.059402 0.000000 0.331131 0.000000 0.000000
    58 0.000006 1.059372 0.000008 0.322075 0.000000 0.000000
    59 -0.000004 -13.013485 -0.000004 0.000000 0.000000 0.000000
    60 0.000000 -10.813480 -0.000004 0.000000 0.000000 0.000000
  time 23
    0 3.361589 4.730613 -15.511235 -1.559952 0.000000 -0.000070
    1 -20.301793 -1.310381 -9.537303 -1.049978 -0.079338 0.054487
    2 0.000000 14.313023 0.000003 -0.861604 -0.106152 -0.094490
    3 -0.000011 13.013483 -0.000005 -0.403982 -0.406391 0.761671
    4 2.394993 0.177961 -5.920003 1.727268 0.164051 -0.669050
    5 0.000000 -14.313034 0.000000 -0.486609 0.000661 -0.000337
    6 -0.000004 -13.013485 -0.000004 0.439945 0.158637 0.491512
    7 -1.330879 -2.698427 0.462449 -0.194886 -0.547260 3.056712
    8 1.330910 2.698444 -0.462436 0.194890 0.547268 -0.084879
    9 8.462623 5.094498 -4.172623 -0.932062 0.545418 0.791129
    10 3.556210 4.238403 0.987502 -1.090396 0.577049 -0.321829
    11 4.139183 5.092691 1.421975 -1.090396 0.577049 -0.321829
    12 4.777527 6.028128 1.897721 -1.090396 0.577049 -0.321829
    13 5.490345 7.072691 2.428969 -1.090396 0.577049 -0.321829
    14 6.560660 8.639143 3.229776 -1.090396 0.577049 -0.321829
    15 7.558525 6.997282 -2.354134 -1.937336 -0.275393 3.010581
    16 7.558525 6.997282 -2.354134 1.937336 0.275393 -0.131011
    17 -2.867767 -2.740969 0.531125 2.051196 0.577049 -0.321829
    18 4.324081 2.744001 -0.524877 -1.090396 0.577049 -0.321829
    19 5.012512 3.752832 -0.011802 -1.090396 0.577049 -0.321829
    20 5.595486 4.607124 0.422674 -1.090396 0.577049 -0.321829
    21 6.233833 5.542564 0.898426 -1.090396 0.577049 -0.321829
    22 6.946648 6.587124 1.429667 -1.090396 0.577049 -0.321829
    23 7.537933 7.453606 1.870349 -1.090396 0.577049 -0.321829
    24 8.154472 8.357077 2.329839 -1.090396 0.577049 -0.321829
    25 8.874294 9.411907 2.866308 -1.090396 0.577049 -0.321829
    26 -4.125858 -2.321501 1.394414 2.051196 0.577049 -0.321829
    27 -4.826813 -3.348669 0.872014 2.051196 0.577049 -0.321829
    28 -5.441669 -4.249685 0.413772 2.051196 0.577049 -0.321829
    29 -0.552532 -1.343527 1.604446 -1.021994 0.062049 -0.739325
    30 0.552589 1.343534 -1.604463 -1.103648 0.163110 -0.533866
    31 0.000000 -2.021618 -0.000004 0.249938 0.000000 0.000000
    32 -0.000021 2.021633 0.000027 0.175914 0.000000 0.000000
    33 -0.000004 -1.136217 -0.000004 -0.076958 0.000000 0.000000
    34 -0.000011 1.136200 -0.000019 0.176929 0.000000 0.000000
    35 -0.032677 -4.587727 1.352317 2.956519 1.203089 2.550436
    36 0.032719 4.587772 -1.352291 4.636359 1.275276 4.145492
    37 0.000000 -1.754536 -0.000002 0.645915 0.000000 0.000000
    38 -0.000006 1.754520 -0.000034 0.202256 0.000000 0.000000
    39 0.000000 -1.227020 -0.000002 0.092660 0.000000 0.000000
    40 0.000002 1.227070 0.000032 0.096587 0.000000 0.000000
    41 -0.367996 -4.208406 0.173244 3.052330 1.060338 2.562082
    42 0.368011 4.208412 -0.173239 3.066521 1.099284 2.823074
    43 0.000000 -2.372318 -0.000004 0.693297 0.000000 0.000000
    44 -0.000006 2.372318 -0.000032 0.722081 0.000000 0.000000
    45 0.000004 -1.580070 -0.000001 -0.008925 0.000000 0.000000
    46 -0.000002 1.580170 0.000030 -0.000276 0.000000 0.000000
    47 -0.937645 -3.860697 -0.959317 3.167393 0.980194 2.579997
    48 0.937672 3.860714 0.959333 2.870758 0.981144 2.559360
    49 0.000000 -1.690632 0.000000 0.629412 0.000000 0.000000
    50 -0.000013 1.690666 0.000021 0.491549 0.000000 0.000000
    51 -0.000002 -1.423443 0.000002 0.234212 0.000000 0.000000
    52 0.000008 1.423420 0.000028 0.195011 0.000000 0.000000
    53 -1.546646 -3.404194 -1.915569 3.166334 0.910329 2.496940
    54 1.546661 3.404217 1.915585 3.016079 0.937558 2.477142
    55 0.000004 -1.437820 0.000000 0.510498 0.000000 0.000000
    56 -0.000021 1.437870 0.000031 0.424957 0.000000 0.000000
    57 -0.000002 -1.059402 0.000000 0.336385 0.000000 0.000000
    58 0.000006 1.059372 0.000008 0.322075 0.000000 0.000000
    59 -0.000004 -13.013485 -0.000004 0.000000 0.000000 0.000000
    60 0.000000 -10.813480 -0.000004 0.000000 0.000000 0.000000
  time 24
    0 3.361589 4.730613 -15.511235 -1.559952 0.000000 -0.000070
    1 -19.606459 1.002190 -9.943566 -1.037354 -0.084203 -0.063216
    2 0.000000 14.313023 0.000003 -0.784009 -0.173783 -0.157886
    3 -0.000011 13.013483 -0.000005 -0.331938 -0.334179 0.757069
    4 1.723097 -0.622844 -5.087946 1.855493 0.175762 -0.662730
    5 0.000000 -14.313034 0.000000 -0.486489 0.000694 -0.000385
    6 -0.000004 -13.013485 -0.000004 0.432558 0.158363 0.489414
    7 -1.330879 -2.698427 0.462449 -0.194886 -0.547260 3.056712
    8 1.330910 2.698444 -0.462436 0.194890 0.547268 -0.084879
    9 8.493533 5.388961 -4.172623 -1.070377 0.567573 0.600290
    10 3.556210 4.238403 0.987502 -1.090396 0.577049 -0.321829
    11 4.139183 5.092691 1.421975 -1.090396 0.577049 -0.321829
    12 4.777527 6.028128 1.897721 -1.090396 0.577049 -0.321829
    13 5.490345 7.072691 2.428969 -1.090396 0.577049 -0.321829
    14 6.560660 8.639143 3.229776 -1.090396 0.577049 -0.321829
    15 7.558525 6.997282 -2.354134 -1.937336 -0.275393 3.010581
    16 7.558525 6.997282 -2.354134 1.937336 0.275393 -0.131011
    17 -2.867767 -2.740969 0.531125 2.051196 0.577049 -0.321829
    18 4.324081 2.744001 -0.524877 -1.090396 0.577049 -0.321829
    19 5.012512 3.752832 -0.011802 -1.090396 0.577049 -0.321829
    20 5.595486 4.607124 0.422674 -1.090396 0.577049 -0.321829
    21 6.233833 5.542564 0.898426 -1.090396 0.577049 -0.321829
    22 6.946648 6.587124 1.429667 -1.090396 0.577049 -0.321829
    23 7.537933 7.453606 1.870349 -1.090396 0.577049 -0.321829
    24 8.154472 8.357077 2.329839 -1.090396 0.577049 -0.321829
    25 8.874294 9.411907 2.866308 -1.090396 0.577049 -0.321829
    26 -4.125858 -2.321501 1.394414 2.051196 0.577049 -0.321829
    27 -4.826813 -3.348669 0.872014 2.051196 0.577049 -0.321829
    28 -5.441669 -4.249685 0.413772 2.051196 0.577049 -0.321829
    29 -0.552532 -1.343527 1.604446 -0.981116 0.062049 -0.739325
    30 0.552589 1.343534 -1.604463 -1.095573 0.164418 -0.558080
    31 0.000000 -2.021618 -0.000004 0.275778 0.000000 0.000000
    32 -0.000021 2.021633 0.000027 0.168144 0.000000 0.000000
    33 -0.000004 -1.136217 -0.000004 -0.112523 0.000000 0.000000
    34 -0.000011 1.136200 -0.000019 0.145791 0.000000 0.000000
    35 -0.032677 -4.587727 1.352317 3.005655 1.197485 2.578647
    36 0.032719 4.587772 -1.352291 4.630282 1.267928 4.146629
    37 0.000000 -1.754536 -0.000002 0.641851 0.000000 0.000000
    38 -0.000006 1.754520 -0.000034 0.202256 0.000000 0.000000
    39 0.000000 -1.227020 -0.000002 0.092660 0.000000 0.000000
    40 0.000002 1.227070 0.000032 0.072556 0.000000 0.000000
    41 -0.367996 -4.208406 0.173244 3.099752 1.047778 2.573460
    42 0.368011 4.208412 -0.173239 3.053229 1.098285 2.815566
    43 0.000000 -2.372318 -0.000004 0.686726 0.000000 0.000000
    44 -0.000006 2.372318 -0.000032 0.722081 0.000000 0.000000
    45 0.000004 -1.580070 -0.000001 -0.027386 0.000000 0.000000
    46 -0.000002 1.580170 0.000030 -0.024909 0.000000 0.000000
    47 -0.937645 -3.860697 -0.959317 3.220068 0.970931 2.579525
    48 0.937672 3.860714 0.959333 2.859796 0.966370 2.543842
    49 0.000000 -1.690632 0.000000 0.688143 0.000000 0.000000
    50 -0.000013 1.690666 0.000021 0.491549 0.000000 0.000000
    51 -0.000002 -1.423443 0.000002 0.234212 0.000000 0.000000
    52 0.000008 1.423420 0.000028 0.167041 0.000000 0.000000
    53 -1.546646 -3.404194 -1.915569 3.226879 0.895951 2.489497
    54 1.546661 3.404217 1.915585 3.010172 0.932861 2.450515
    55 0.000004 -1.437820 0.000000 0.547037 0.000000 0.000000
    56 -0.000021 1.437870 0.000031 0.424957 0.000000 0.000000
    57 -0.000002 -1.059402 0.000000 0.342730 0.000000 0.000000
    58 0.000006 1.059372 0.000008 0.322075 0.000000 0.000000
    59 -0.000004 -13.013485 -0.000004 0.000000 0.000000 0.000000
    60 0.000000 -10.813480 -0.000004 0.000000 0.000000 0.000000
  time 25
    0 3.361589 4.730613 -15.511235 -1.559952 0.000000 -0.000070
    1 -18.821279 3.607738 -10.427956 -1.020123 -0.089639 -0.253864
    2 0.000000 14.313023 0.000003 -0.698411 -0.248057 -0.230896
    3 -0.000011 13.013483 -0.000005 -0.252345 -0.254844 0.752852
    4 0.387119 -2.462744 -4.216826 1.991762 0.170001 -0.699984
    5 0.000000 -14.313034 0.000000 -0.486369 0.000727 -0.000337
    6 -0.000004 -13.013485 -0.000004 0.424631 0.158637 0.487698
    7 -1.330879 -2.698427 0.462449 -0.194886 -0.547260 3.056712
    8 1.330910 2.698444 -0.462436 0.194890 0.547268 -0.084879
    9 8.493533 5.830656 -4.172623 -1.219516 0.594622 0.394124
    10 3.556210 4.238403 0.987502 -1.090396 0.577049 -0.321829
    11 4.139183 5.092691 1.421975 -1.090396 0.577049 -0.321829
    12 4.777527 6.028128 1.897721 -1.090396 0.577049 -0.321829
    13 5.490345 7.072691 2.428969 -1.090396 0.577049 -0.321829
    14 6.560660 8.639143 3.229776 -1.090396 0.577049 -0.321829
    15 7.558525 6.997282 -2.354134 -1.937336 -0.275393 3.010581
    16 7.558525 6.997282 -2.354134 1.937336 0.275393 -0.131011
    17 -2.867767 -2.740969 0.531125 2.051196 0.577049 -0.321829
    18 4.324081 2.744001 -0.524877 -1.090396 0.577049 -0.321829
    19 5.012512 3.752832 -0.011802 -1.090396 0.577049 -0.321829
    20 5.595486 4.607124 0.422674 -1.090396 0.577049 -0.321829
    21 6.233833 5.542564 0.898426 -1.090396 0.577049 -0.321829
    22 6.946648 6.587124 1.429667 -1.090396 0.577049 -0.321829
    23 7.537933 7.453606 1.870349 -1.090396 0.577049 -0.321829
    24 8.154472 8.357077 2.329839 -1.090396 0.577049 -0.321829
    25 8.874294 9.411907 2.866308 -1.090396 0.577049 -0.321829
    26 -4.125858 -2.321501 1.394414 2.051196 0.577049 -0.321829
    27 -4.826813 -3.348669 0.872014 2.051196 0.577049 -0.321829
    28 -5.441669 -4.249685 0.413772 2.051196 0.577049 -0.321829
    29 -0.552532 -1.343527 1.604446 -0.939076 0.062049 -0.739325
    30 0.552589 1.343534 -1.604463 -1.085852 0.166083 -0.587251
    31 0.000000 -2.021618 -0.000004 0.303597 0.000000 0.000000
    32 -0.000021 2.021633 0.000027 0.158770 0.000000 0.000000
    33 -0.000004 -1.136217 -0.000004 -0.151808 0.000000 0.000000
    34 -0.000011 1.136200 -0.000019 0.108333 0.000000 0.000000
    35 -0.032677 -4.587727 1.352317 3.061737 1.191213 2.609816
    36 0.032719 4.587772 -1.352291 4.622990 1.259095 4.147994
    37 0.000000 -1.754536 -0.000002 0.638588 0.000000 0.000000
    38 -0.000006 1.754520 -0.000034 0.202256 0.000000 0.000000
    39 0.000000 -1.227020 -0.000002 0.092660 0.000000 0.000000
    40 0.000002 1.227070 0.000032 0.043600 0.000000 0.000000
    41 -0.367996 -4.208406 0.173244 3.152653 1.034385 2.586463
    42 0.368011 4.208412 -0.173239 3.037242 1.097019 2.806511
    43 0.000000 -2.372318 -0.000004 0.681727 0.000000 0.000000
    44 -0.000006 2.372318 -0.000032 0.722081 0.000000 0.000000
    45 0.000004 -1.580070 -0.000001 -0.047727 0.000000 0.000000
    46 -0.000002 1.580170 0.000030 -0.054661 0.000000 0.000000
    47 -0.937645 -3.860697 -0.959317 3.277946 0.960749 2.578973
    48 0.937672 3.860714 0.959333 2.846418 0.948543 2.525174
    49 0.000000 -1.690632 0.000000 0.752929 0.000000 0.000000
    50 -0.000013 1.690666 0.000021 0.491549 0.000000 0.000000
    51 -0.000002 -1.423443 0.000002 0.234212 0.000000 0.000000
    52 0.000008 1.423420 0.000028 0.133272 0.000000 0.000000
    53 -1.546646 -3.404194 -1.915569 3.293608 0.880046 2.481209
    54 1.546661 3.404217 1.915585 3.003158 0.927185 2.418364
    55 0.000004 -1.437820 0.000000 0.587258 0.000000 0.000000
    56 -0.000021 1.437870 0.000031 0.424957 0.000000 0.000000
    57 -0.000002 -1.059402 0.000000 0.349494 0.000000 0.000000
    58 0.000006 1.059372 0.000008 0.322075 0.000000 0.000000
    59 -0.000004 -13.013485 -0.000004 0.000000 0.000000 0.000000
    60 0.000000 -10.813480 -0.000004 0.000000 0.000000 0.000000
  time 26
    0 3.361589 4.730613 -15.511235 -1.559952 0.000000 -0.000070
    1 -18.008754 6.283601 -10.982660 -0.999574 -0.095171 -0.502026
    2 0.000000 14.313023 0.000003 -0.610735 -0.323463 -0.309699
    3 -0.000011 13.013483 -0.000005 -0.171033 -0.174424 0.749593
    4 -2.089519 -4.607341 -3.318361 2.118359 0.144534 -0.774207
    5 0.000000 -14.313034 0.000000 -0.486369 0.000760 -0.000385
    6 -0.000004 -13.013485 -0.000004 0.416434 0.159138 0.485981
    7 -1.330879 -2.698427 0.462449 -0.194886 -0.547260 3.056712
    8 1.330910 2.698444 -0.462436 0.194890 0.547268 -0.084879
    9 8.524444 6.174196 -4.172623 -1.370379 0.615333 0.186538
    10 3.556210 4.238403 0.987502 -1.090396 0.577049 -0.321829
    11 4.139183 5.092691 1.421975 -1.090396 0.577049 -0.321829
    12 4.777527 6.028128 1.897721 -1.090396 0.577049 -0.321829
    13 5.490345 7.072691 2.428969 -1.090396 0.577049 -0.321829
    14 6.560660 8.639143 3.229776 -1.090396 0.577049 -0.321829
    15 7.558525 6.997282 -2.354134 -1.937336 -0.275393 3.010581
    16 7.558525 6.997282 -2.354134 1.937336 0.275393 -0.131011
    17 -2.867767 -2.740969 0.531125 2.051196 0.577049 -0.321829
    18 4.324081 2.744001 -0.524877 -1.090396 0.577049 -0.321829
    19 5.012512 3.752832 -0.011802 -1.090396 0.577049 -0.321829
    20 5.595486 4.607124 0.422674 -1.090396 0.577049 -0.321829
    21 6.233833 5.542564 0.898426 -1.090396 0.577049 -0.321829
    22 6.946648 6.587124 1.429667 -1.090396 0.577049 -0.321829
    23 7.537933 7.453606 1.870349 -1.090396 0.577049 -0.321829
    24 8.154472 8.357077 2.329839 -1.090396 0.577049 -0.321829
    25 8.874294 9.411907 2.866308 -1.090396 0.577049 -0.321829
    26 -4.125858 -2.321501 1.394414 2.051196 0.577049 -0.321829
    27 -4.826813 -3.348669 0.872014 2.051196 0.577049 -0.321829
    28 -5.441669 -4.249685 0.413772 2.051196 0.577049 -0.321829
    29 -0.552532 -1.343527 1.604446 -0.896577 0.062049 -0.739325
    30 0.552589 1.343534 -1.604463 -1.074720 0.168026 -0.620617
    31 0.000000 -2.021618 -0.000004 0.333015 0.000000 0.000000
    32 -0.000021 2.021633 0.000027 0.148065 0.000000 0.000000
    33 -0.000004 -1.136217 -0.000004 -0.194175 0.000000 0.000000
    34 -0.000011 1.136200 -0.000019 0.065483 0.000000 0.000000
    35 -0.032677 -4.587727 1.352317 3.123895 1.184384 2.643715
    36 0.032719 4.587772 -1.352291 4.614482 1.248851 4.149511
    37 0.000000 -1.754536 -0.000002 0.636288 0.000000 0.000000
    38 -0.000006 1.754520 -0.000034 0.202256 0.000000 0.000000
    39 0.000000 -1.227020 -0.000002 0.092660 0.000000 0.000000
    40 0.000002 1.227070 0.000032 0.010450 0.000000 0.000000
    41 -0.367996 -4.208406 0.173244 3.210673 1.020360 2.600937
    42 0.368011 4.208412 -0.173239 3.019009 1.095620 2.796139
    43 0.000000 -2.372318 -0.000004 0.680074 0.000000 0.000000
    44 -0.000006 2.372318 -0.000032 0.722081 0.000000 0.000000
    45 0.000004 -1.580070 -0.000001 -0.069794 0.000000 0.000000
    46 -0.000002 1.580170 0.000030 -0.088624 0.000000 0.000000
    47 -0.937645 -3.860697 -0.959317 3.340655 0.949712 2.578343
    48 0.937672 3.860714 0.959333 2.831275 0.928186 2.503749
    49 0.000000 -1.690632 0.000000 0.823074 0.000000 0.000000
    50 -0.000013 1.690666 0.000021 0.491549 0.000000 0.000000
    51 -0.000002 -1.423443 0.000002 0.234212 0.000000 0.000000
    52 0.000008 1.423420 0.000028 0.094731 0.000000 0.000000
    53 -1.546646 -3.404194 -1.915569 3.365966 0.862816 2.472308
    54 1.546661 3.404217 1.915585 2.994944 0.920673 2.381608
    55 0.000004 -1.437820 0.000000 0.630831 0.000000 0.000000
    56 -0.000021 1.437870 0.000031 0.424957 0.000000 0.000000
    57 -0.000002 -1.059402 0.000000 0.356677 0.000000 0.000000
    58 0.000006 1.059372 0.000008 0.322075 0.000000 0.000000
    59 -0.000004 -13.013485 -0.000004 0.000000 0.000000 0.000000
    60 0.000000 -10.813480 -0.000004 0.000000 0.000000 0.000000
  time 27
    0 3.361589 4.730613 -15.511235 -1.559952 0.000000 -0.000070
    1 -17.223574 8.803209 -11.592054 -0.983356 -0.100226 -0.702221
    2 0.000000 14.313023 0.000003 -0.526786 -0.394919 -0.391197
    3 -0.000011 13.013483 -0.000005 -0.093160 -0.098438 0.747771
    4 -4.394277 -5.165952 -2.341769 2.210482 0.104135 -0.789626
    5 0.000000 -14.313034 0.000000 -0.486310 0.000793 -0.000385
    6 -0.000004 -13.013485 -0.000004 0.407696 0.160279 0.484361
    7 -1.330879 -2.698427 0.462449 -0.194886 -0.547260 3.056712
    8 1.330910 2.698444 -0.462436 0.194890 0.547268 -0.084879
    9 8.524444 6.517736 -4.122112 -1.508885 0.637425 -0.004112
    10 3.556210 4.238403 0.987502 -1.090396 0.577049 -0.321829
    11 4.139183 5.092691 1.421975 -1.090396 0.577049 -0.321829
    12 4.777527 6.028128 1.897721 -1.090396 0.577049 -0.321829
    13 5.490345 7.072691 2.428969 -1.090396 0.577049 -0.321829
    14 6.560660 8.639143 3.229776 -1.090396 0.577049 -0.321829
    15 7.558525 6.997282 -2.354134 -1.937336 -0.275393 3.010581
    16 7.558525 6.997282 -2.354134 1.937336 0.275393 -0.131011
    17 -2.867767 -2.740969 0.531125 2.051196 0.577049 -0.321829
    18 4.324081 2.744001 -0.524877 -1.090396 0.577049 -0.321829
    19 5.012512 3.752832 -0.011802 -1.090396 0.577049 -0.321829
    20 5.595486 4.607124 0.422674 -1.090396 0.577049 -0.321829
    21 6.233833 5.542564 0.898426 -1.090396 0.577049 -0.321829
    22 6.946648 6.587124 1.429667 -1.090396 0.577049 -0.321829
    23 7.537933 7.453606 1.870349 -1.090396 0.577049 -0.321829
    24 8.154472 8.357077 2.329839 -1.090396 0.577049 -0.321829
    25 8.874294 9.411907 2.866308 -1.090396 0.577049 -0.321829
    26 -4.125858 -2.321501 1.394414 2.051196 0.577049 -0.321829
    27 -4.826813 -3.348669 0.872014 2.051196 0.577049 -0.321829
    28 -5.441669 -4.249685 0.413772 2.051196 0.577049 -0.321829
    29 -0.552532 -1.343527 1.604446 -0.853681 0.062049 -0.739325
    30 0.552589 1.343534 -1.604463 -1.062438 0.170048 -0.657331
    31 0.000000 -2.021618 -0.000004 0.363906 0.000000 0.000000
    32 -0.000021 2.021633 0.000027 0.136274 0.000000 0.000000
    33 -0.000004 -1.136217 -0.000004 -0.239513 0.000000 0.000000
    34 -0.000011 1.136200 -0.000019 0.018311 0.000000 0.000000
    35 -0.032677 -4.587727 1.352317 3.192738 1.176998 2.680343
    36 0.032719 4.587772 -1.352291 4.605280 1.237754 4.151255
    37 0.000000 -1.754536 -0.000002 0.635673 0.000000 0.000000
    38 -0.000006 1.754520 -0.000034 0.202256 0.000000 0.000000
    39 0.000000 -1.227020 -0.000002 0.092660 0.000000 0.000000
    40 0.000002 1.227070 0.000032 -0.026028 0.000000 0.000000
    41 -0.367996 -4.208406 0.173244 3.273992 1.005801 2.617036
    42 0.368011 4.208412 -0.173239 2.998981 1.094054 2.784761
    43 0.000000 -2.372318 -0.000004 0.680558 0.000000 0.000000
    44 -0.000006 2.372318 -0.000032 0.722081 0.000000 0.000000
    45 0.000004 -1.580070 -0.000001 -0.093637 0.000000 0.000000
    46 -0.000002 1.580170 0.000030 -0.125942 0.000000 0.000000
    47 -0.937645 -3.860697 -0.959317 3.408102 0.937850 2.577713
    48 0.937672 3.860714 0.959333 2.814645 0.905793 2.480197
    49 0.000000 -1.690632 0.000000 0.898388 0.000000 0.000000
    50 -0.000013 1.690666 0.000021 0.491549 0.000000 0.000000
    51 -0.000002 -1.423443 0.000002 0.234212 0.000000 0.000000
    52 0.000008 1.423420 0.000028 0.052299 0.000000 0.000000
    53 -1.546646 -3.404194 -1.915569 3.443493 0.844375 2.462716
    54 1.546661 3.404217 1.915585 2.985991 0.913528 2.341322
    55 0.000004 -1.437820 0.000000 0.677566 0.000000 0.000000
    56 -0.000021 1.437870 0.000031 0.424957 0.000000 0.000000
    57 -0.000002 -1.059402 0.000000 0.364783 0.000000 0.000000
    58 0.000006 1.059372 0.000008 0.322075 0.000000 0.000000
    59 -0.000004 -13.013485 -0.000004 0.000000 0.000000 0.000000
    60 0.000000 -10.813480 -0.000004 0.000000 0.000000 0.000000
  time 28
    0 3.361589 4.730613 -15.511235 -1.559952 0.000000 -0.000070
    1 -16.512615 10.979057 -12.244417 -0.983909 -0.104327 -0.815265
    2 0.000000 14.313023 0.000003 -0.453224 -0.456462 -0.471045
    3 -0.000011 13.013483 -0.000005 -0.025129 -0.033064 0.748538
    4 -5.031015 -4.033105 -1.193296 2.242275 0.058847 -0.729195
    5 0.000000 -14.313034 0.000000 -0.486250 0.000859 -0.000385
    6 -0.000004 -13.013485 -0.000004 0.398328 0.161830 0.482549
    7 -1.330879 -2.698427 0.462449 -0.194886 -0.547260 3.056712
    8 1.330910 2.698444 -0.462436 0.194890 0.547268 -0.084879
    9 8.555355 6.812199 -4.122112 -1.622679 0.655499 -0.161078
    10 3.556210 4.238403 0.987502 -1.090396 0.577049 -0.321829
    11 4.139183 5.092691 1.421975 -1.090396 0.577049 -0.321829
    12 4.777527 6.028128 1.897721 -1.090396 0.577049 -0.321829
    13 5.490345 7.072691 2.428969 -1.090396 0.577049 -0.321829
    14 6.560660 8.639143 3.229776 -1.090396 0.577049 -0.321829
    15 7.558525 6.997282 -2.354134 -1.937336 -0.275393 3.010581
    16 7.558525 6.997282 -2.354134 1.937336 0.275393 -0.131011
    17 -2.867767 -2.740969 0.531125 2.051196 0.577049 -0.321829
    18 4.324081 2.744001 -0.524877 -1.090396 0.577049 -0.321829
    19 5.012512 3.752832 -0.011802 -1.090396 0.577049 -0.321829
    20 5.595486 4.607124 0.422674 -1.090396 0.577049 -0.321829
    21 6.233833 5.542564 0.898426 -1.090396 0.577049 -0.321829
    22 6.946648 6.587124 1.429667 -1.090396 0.577049 -0.321829
    23 7.537933 7.453606 1.870349 -1.090396 0.577049 -0.321829
    24 8.154472 8.357077 2.329839 -1.090396 0.577049 -0.321829
    25 8.874294 9.411907 2.866308 -1.090396 0.577049 -0.321829
    26 -4.125858 -2.321501 1.394414 2.051196 0.577049 -0.321829
    27 -4.826813 -3.348669 0.872014 2.051196 0.577049 -0.321829
    28 -5.441669 -4.249685 0.413772 2.051196 0.577049 -0.321829
    29 -0.552532 -1.343527 1.604446 -0.810785 0.062049 -0.739325
    30 0.552589 1.343534 -1.604463 -1.049346 0.172308 -0.696587
    31 0.000000 -2.021618 -0.000004 0.395744 0.000000 0.000000
    32 -0.000021 2.021633 0.000027 0.123531 0.000000 0.000000
    33 -0.000004 -1.136217 -0.000004 -0.287405 0.000000 0.000000
    34 -0.000011 1.136200 -0.000019 -0.032160 0.000000 0.000000
    35 -0.032677 -4.587727 1.352317 3.267571 1.169167 2.719171
    36 0.032719 4.587772 -1.352291 4.595296 1.225766 4.153000
    37 0.000000 -1.754536 -0.000002 0.636181 0.000000 0.000000
    38 -0.000006 1.754520 -0.000034 0.202256 0.000000 0.000000
    39 0.000000 -1.227020 -0.000002 0.092660 0.000000 0.000000
    40 0.000002 1.227070 0.000032 -0.064903 0.000000 0.000000
    41 -0.367996 -4.208406 0.173244 3.341801 0.990975 2.634528
    42 0.368011 4.208412 -0.173239 2.977426 1.092388 2.772532
    43 0.000000 -2.372318 -0.000004 0.681082 0.000000 0.000000
    44 -0.000006 2.372318 -0.000032 0.722081 0.000000 0.000000
    45 0.000004 -1.580070 -0.000001 -0.118612 0.000000 0.000000
    46 -0.000002 1.580170 0.000030 -0.165935 0.000000 0.000000
    47 -0.937645 -3.860697 -0.959317 3.479172 0.925345 2.577083
    48 0.937672 3.860714 0.959333 2.796715 0.881828 2.454991
    49 0.000000 -1.690632 0.000000 0.977943 0.000000 0.000000
    50 -0.000013 1.690666 0.000021 0.491549 0.000000 0.000000
    51 -0.000002 -1.423443 0.000002 0.234212 0.000000 0.000000
    52 0.000008 1.423420 0.000028 0.006931 0.000000 0.000000
    53 -1.546646 -3.404194 -1.915569 3.525450 0.824840 2.452588
    54 1.546661 3.404217 1.915585 2.976485 0.905892 2.298121
    55 0.000004 -1.437820 0.000000 0.726804 0.000000 0.000000
    56 -0.000021 1.437870 0.000031 0.424957 0.000000 0.000000
    57 -0.000002 -1.059402 0.000000 0.372916 0.000000 0.000000
    58 0.000006 1.059372 0.000008 0.322075 0.000000 0.000000
    59 -0.000004 -13.013485 -0.000004 0.000000 0.000000 0.000000
    60 0.000000 -10.813480 -0.000004 0.000000 0.000000 0.000000
  time 29
    0 3.361589 4.730613 -15.511235 -1.559952 0.000000 -0.000070
    1 -15.926659 12.635357 -12.920219 -1.003997 -0.107046 -0.866059
    2 0.000000 14.313023 0.000003 -0.395914 -0.502556 -0.545664
    3 -0.000011 13.013483 -0.000005 0.027327 0.015471 0.752373
    4 -4.011453 -1.525216 0.201278 2.195543 0.021442 -0.635052
    5 0.000000 -14.313034 0.000000 -0.486130 0.000892 -0.000433
    6 -0.000004 -13.013485 -0.000004 0.388510 0.163928 0.480547
    7 -1.330879 -2.698427 0.462449 -0.194886 -0.547260 3.056712
    8 1.330910 2.698444 -0.462436 0.194890 0.547268 -0.084879
    9 8.555355 6.959430 -4.122112 -1.700074 0.667800 -0.267520
    10 3.556210 4.238403 0.987502 -1.090396 0.577049 -0.321829
    11 4.139183 5.092691 1.421975 -1.090396 0.577049 -0.321829
    12 4.777527 6.028128 1.897721 -1.090396 0.577049 -0.321829
    13 5.490345 7.072691 2.428969 -1.090396 0.577049 -0.321829
    14 6.560660 8.639143 3.229776 -1.090396 0.577049 -0.321829
    15 7.558525 6.997282 -2.354134 -1.937336 -0.275393 3.010581
    16 7.558525 6.997282 -2.354134 1.937336 0.275393 -0.131011
    17 -2.867767 -2.740969 0.531125 2.051196 0.577049 -0.321829
    18 4.324081 2.744001 -0.524877 -1.090396 0.577049 -0.321829
    19 5.012512 3.752832 -0.011802 -1.090396 0.577049 -0.321829
    20 5.595486 4.607124 0.422674 -1.090396 0.577049 -0.321829
    21 6.233833 5.542564 0.898426 -1.090396 0.577049 -0.321829
    22 6.946648 6.587124 1.429667 -1.090396 0.577049 -0.321829
    23 7.537933 7.453606 1.870349 -1.090396 0.577049 -0.321829
    24 8.154472 8.357077 2.329839 -1.090396 0.577049 -0.321829
    25 8.874294 9.411907 2.866308 -1.090396 0.577049 -0.321829
    26 -4.125858 -2.321501 1.394414 2.051196 0.577049 -0.321829
    27 -4.826813 -3.348669 0.872014 2.051196 0.577049 -0.321829
    28 -5.441669 -4.249685 0.413772 2.051196 0.577049 -0.321829
    29 -0.552532 -1.343527 1.604446 -0.768745 0.062049 -0.739325
    30 0.552589 1.343534 -1.604463 -1.035653 0.174251 -0.737605
    31 0.000000 -2.021618 -0.000004 0.427835 0.000000 0.000000
    32 -0.000021 2.021633 0.000027 0.110544 0.000000 0.000000
    33 -0.000004 -1.136217 -0.000004 -0.336991 0.000000 0.000000
    34 -0.000011 1.136200 -0.000019 -0.084723 0.000000 0.000000
    35 -0.032677 -4.587727 1.352317 3.347787 1.161002 2.759592
    36 0.032719 4.587772 -1.352291 4.585226 1.213630 4.154971
    37 0.000000 -1.754536 -0.000002 0.636743 0.000000 0.000000
    38 -0.000006 1.754520 -0.000034 0.202256 0.000000 0.000000
    39 0.000000 -1.227020 -0.000002 0.092660 0.000000 0.000000
    40 0.000002 1.227070 0.000032 -0.105708 0.000000 0.000000
    41 -0.367996 -4.208406 0.173244 3.412934 0.976083 2.653336
    42 0.368011 4.208412 -0.173239 2.955152 1.090722 2.759839
    43 0.000000 -2.372318 -0.000004 0.681606 0.000000 0.000000
    44 -0.000006 2.372318 -0.000032 0.722081 0.000000 0.000000
    45 0.000004 -1.580070 -0.000001 -0.144567 0.000000 0.000000
    46 -0.000002 1.580170 0.000030 -0.207634 0.000000 0.000000
    47 -0.937645 -3.860697 -0.959317 3.553121 0.912382 2.576531
    48 0.937672 3.860714 0.959333 2.777113 0.857060 2.427815
    49 0.000000 -1.690632 0.000000 1.060005 0.000000 0.000000
    50 -0.000013 1.690666 0.000021 0.491549 0.000000 0.000000
    51 -0.000002 -1.423443 0.000002 0.234212 0.000000 0.000000
    52 0.000008 1.423420 0.000028 -0.040346 0.000000 0.000000
    53 -1.546646 -3.404194 -1.915569 3.609992 0.804699 2.442075
    54 1.546661 3.404217 1.915585 2.966425 0.897968 2.253001
    55 0.000004 -1.437820 0.000000 0.777930 0.000000 0.000000
    56 -0.000021 1.437870 0.000031 0.424957 0.000000 0.000000
    57 -0.000002 -1.059402 0.000000 0.381608 0.000000 0.000000
    58 0.000006 1.059372 0.000008 0.322075 0.000000 0.000000
    59 -0.000004 -13.013485 -0.000004 0.000000 0.000000 0.000000
    60 0.000000 -10.813480 -0.000004 0.000000 0.000000 0.000000
  time 30
    0 3.357422 4.734375 -15.507813 -1.559898 -0.000007 -0.000009
    1 -15.528210 13.709609 -13.615553 -1.037815 -0.108047 -0.881259
    2 0.000000 14.313023 0.000003 -0.360844 -0.527892 -0.611675
    3 -0.000011 13.013483 -0.000005 0.059145 0.041790 0.760041
    4 -1.980141 2.224899 1.603664 2.090014 0.005184 -0.541388
    5 0.000000 -14.313034 0.000000 -0.486010 0.000925 -0.000433
    6 -0.000004 -13.013485 -0.000004 0.377880 0.166619 0.478163
    7 -1.330879 -2.698427 0.462449 -0.194886 -0.547260 3.056712
    8 1.330910 2.698444 -0.462436 0.194890 0.547268 -0.084879
    9 8.586266 7.106662 -4.172623 -1.729097 0.672507 -0.307448
    10 3.556210 4.238403 0.987502 -1.090396 0.577049 -0.321829
    11 4.139183 5.092691 1.421975 -1.090396 0.577049 -0.321829
    12 4.777527 6.028128 1.897721 -1.090396 0.577049 -0.321829
    13 5.490345 7.072691 2.428969 -1.090396 0.577049 -0.321829
    14 6.564566 8.646956 3.229776 -1.090396 0.577049 -0.321829
    15 7.558525 6.997282 -2.354134 -1.937336 -0.275393 3.010581
    16 7.558525 6.997282 -2.354134 1.937336 0.275393 -0.131011
    17 -2.867767 -2.740969 0.531125 2.051196 0.577049 -0.321829
    18 4.324081 2.744001 -0.524877 -1.090396 0.577049 -0.321829
    19 5.012512 3.752832 -0.011802 -1.090396 0.577049 -0.321829
    20 5.595486 4.607124 0.422674 -1.090396 0.577049 -0.321829
    21 6.233833 5.542564 0.898426 -1.090396 0.577049 -0.321829
    22 6.946648 6.587124 1.429667 -1.090396 0.577049 -0.321829
    23 7.537933 7.453606 1.870349 -1.090396 0.577049 -0.321829
    24 8.154472 8.357077 2.329839 -1.090396 0.577049 -0.321829
    25 8.874294 9.411907 2.866308 -1.090396 0.577049 -0.321829
    26 -4.125858 -2.321501 1.394414 2.051196 0.577049 -0.321829
    27 -4.826813 -3.348669 0.872014 2.051196 0.577049 -0.321829
    28 -5.441669 -4.249685 0.413772 2.051196 0.577049 -0.321829
    29 -0.552532 -1.343527 1.604446 -0.728050 0.062049 -0.739325
    30 0.552589 1.343534 -1.604463 -1.021725 0.176313 -0.779231
    31 0.000000 -2.021618 -0.000004 0.460051 0.000000 0.000000
    32 -0.000021 2.021633 0.000027 0.097231 0.000000 0.000000
    33 -0.000004 -1.136217 -0.000004 -0.387242 0.000000 0.000000
    34 -0.000011 1.136200 -0.000019 -0.138262 0.000000 0.000000
    35 -0.032677 -4.587727 1.352317 3.432256 1.152540 2.801226
    36 0.032719 4.587772 -1.352291 4.574548 1.200974 4.156640
    37 0.000000 -1.754536 -0.000002 0.637305 0.000000 0.000000
    38 -0.000006 1.754520 -0.000034 0.202280 0.000000 0.000000
    39 0.000000 -1.227020 -0.000002 0.092660 0.000000 0.000000
    40 0.000002 1.227070 0.000032 -0.147045 0.000000 0.000000
    41 -0.367996 -4.208406 0.173244 3.487120 0.961424 2.673538
    42 0.368011 4.208412 -0.173239 2.932339 1.089056 2.746835
    43 0.000000 -2.372318 -0.000004 0.682090 0.000000 0.000000
    44 -0.000006 2.372318 -0.000032 0.722081 0.000000 0.000000
    45 0.000004 -1.580070 -0.000001 -0.171036 0.000000 0.000000
    46 -0.000002 1.580170 0.000030 -0.250015 0.000000 0.000000
    47 -0.937645 -3.860697 -0.959317 3.628279 0.899174 2.576059
    48 0.937672 3.860714 0.959333 2.757511 0.831830 2.400404
    49 0.000000 -1.690632 0.000000 1.144265 0.000000 0.000000
    50 -0.000013 1.690666 0.000021 0.491549 0.000000 0.000000
    51 -0.000002 -1.423443 0.000002 0.234212 0.000000 0.000000
    52 0.000008 1.423420 0.000028 -0.088431 0.000000 0.000000
    53 -1.546646 -3.404194 -1.915569 3.697210 0.783867 2.431946
    54 1.546661 3.404217 1.915585 2.956180 0.889901 2.207114
    55 0.000004 -1.437820 0.000000 0.830142 0.000000 0.000000
    56 -0.000021 1.437870 0.000031 0.424957 0.000000 0.000000
    57 -0.000002 -1.059402 0.000000 0.390329 0.000000 0.000000
    58 0.000006 1.059372 0.000008 0.322075 0.000000 0.000000
    59 -0.000004 -13.013485 -0.000004 0.000000 0.000000 0.000000
    60 0.000000 -10.813480 -0.000004 0.000000 0.000000 0.000000
  time 31
    0 3.357422 4.734375 -15.507813 -1.559898 -0.000007 -0.000009
    1 -15.364142 13.920553 -14.303074 -1.069329 -0.108047 -0.881259
    2 0.000000 14.313023 0.000003 -0.348930 -0.530484 -0.677042
    3 -0.000011 13.013483 -0.000005 0.068987 0.043441 0.773653
    4 0.125392 6.721130 2.908392 1.956043 0.005639 -0.467165
    5 0.000000 -14.313034 0.000000 -0.486010 0.000992 -0.000481
    6 -0.000004 -13.013485 -0.000004 0.366981 0.169812 0.475589
    7 -1.330879 -2.698427 0.462449 -0.194886 -0.547260 3.056712
    8 1.330910 2.698444 -0.462436 0.194890 0.547268 -0.084879
    9 8.586266 7.106662 -4.172623 -1.729097 0.672507 -0.307448
    10 3.556210 4.238403 0.987502 -1.090396 0.577049 -0.321829
    11 4.139183 5.092691 1.421975 -1.090396 0.577049 -0.321829
    12 4.777527 6.028128 1.897721 -1.090396 0.577049 -0.321829
    13 5.490345 7.072691 2.428969 -1.090396 0.577049 -0.321829
    14 6.564566 8.646956 3.229776 -1.090396 0.577049 -0.321829
    15 7.558525 6.997282 -2.354134 -1.937336 -0.275393 3.010581
    16 7.558525 6.997282 -2.354134 1.937336 0.275393 -0.131011
    17 -2.867767 -2.740969 0.531125 2.051196 0.577049 -0.321829
    18 4.324081 2.744001 -0.524877 -1.090396 0.577049 -0.321829
    19 5.012512 3.752832 -0.011802 -1.090396 0.577049 -0.321829
    20 5.595486 4.607124 0.422674 -1.090396 0.577049 -0.321829
    21 6.233833 5.542564 0.898426 -1.090396 0.577049 -0.321829
    22 6.946648 6.587124 1.429667 -1.090396 0.577049 -0.321829
    23 7.537933 7.453606 1.870349 -1.090396 0.577049 -0.321829
    24 8.154472 8.357077 2.329839 -1.090396 0.577049 -0.321829
    25 8.874294 9.411907 2.866308 -1.090396 0.577049 -0.321829
    26 -4.125858 -2.321501 1.394414 2.051196 0.577049 -0.321829
    27 -4.826813 -3.348669 0.872014 2.051196 0.577049 -0.321829
    28 -5.441669 -4.249685 0.413772 2.051196 0.577049 -0.321829
    29 -0.552532 -1.343527 1.604446 -0.688517 0.062049 -0.739325
    30 0.552589 1.343534 -1.604463 -1.007875 0.179009 -0.820835
    31 0.000000 -2.021618 -0.000004 0.491784 0.000000 0.000000
    32 -0.000021 2.021633 0.000027 0.083918 0.000000 0.000000
    33 -0.000004 -1.136217 -0.000004 -0.437578 0.000000 0.000000
    34 -0.000011 1.136200 -0.000019 -0.191940 0.000000 0.000000
    35 -0.032677 -4.587727 1.352317 3.519591 1.144041 2.843087
    36 0.032719 4.587772 -1.352291 4.564217 1.188318 4.158687
    37 0.000000 -1.754536 -0.000002 0.638963 0.000000 0.000000
    38 -0.000006 1.754520 -0.000034 0.202280 0.000000 0.000000
    39 0.000000 -1.227020 -0.000002 0.092660 0.000000 0.000000
    40 0.000002 1.227070 0.000032 -0.188383 0.000000 0.000000
    41 -0.367996 -4.208406 0.173244 3.561666 0.947032 2.694049
    42 0.368011 4.208412 -0.173239 2.909706 1.087257 2.733910
    43 0.000000 -2.372318 -0.000004 0.684469 0.000000 0.000000
    44 -0.000006 2.372318 -0.000032 0.722081 0.000000 0.000000
    45 0.000004 -1.580070 -0.000001 -0.197454 0.000000 0.000000
    46 -0.000002 1.580170 0.000030 -0.292340 0.000000 0.000000
    47 -0.937645 -3.860697 -0.959317 3.703344 0.885936 2.574956
    48 0.937672 3.860714 0.959333 2.739302 0.806260 2.374489
    49 0.000000 -1.690632 0.000000 1.228062 0.000000 0.000000
    50 -0.000013 1.690666 0.000021 0.491549 0.000000 0.000000
    51 -0.000002 -1.423443 0.000002 0.234212 0.000000 0.000000
    52 0.000008 1.423420 0.000028 -0.136736 0.000000 0.000000
    53 -1.546646 -3.404194 -1.915569 3.783412 0.763439 2.420743
    54 1.546661 3.404217 1.915585 2.946120 0.881689 2.161303
    55 0.000004 -1.437820 0.000000 0.882259 0.000000 0.000000
    56 -0.000021 1.437870 0.000031 0.424957 0.000000 0.000000
    57 -0.000002 -1.059402 0.000000 0.399049 0.000000 0.000000
    58 0.000006 1.059372 0.000008 0.322075 0.000000 0.000000
    59 -0.000004 -13.013485 -0.000004 0.000000 0.000000 0.000000
    60 0.000000 -10.813480 -0.000004 0.000000 0.000000 0.000000
  time 32
    0 3.357422 4.734375 -15.507813 -1.559898 -0.000007 -0.000009
    1 -15.411019 13.526010 -14.986688 -1.100198 -0.108047 -0.881259
    2 0.000000 14.313023 0.000003 -0.353451 -0.515765 -0.750052
    3 -0.000011 13.013483 -0.000005 0.063063 0.026178 0.793782
    4 1.926228 11.768159 3.943580 1.802346 0.014356 -0.424164
    5 0.000000 -14.313034 0.000000 -0.485951 0.001025 -0.000481
    6 -0.000004 -13.013485 -0.000004 0.355271 0.173643 0.472347
    7 -1.330879 -2.698427 0.462449 -0.194886 -0.547260 3.056712
    8 1.330910 2.698444 -0.462436 0.194890 0.547268 -0.084879
    9 8.586266 7.106662 -4.172623 -1.729097 0.672507 -0.307448
    10 3.556210 4.238403 0.987502 -1.090396 0.577049 -0.321829
    11 4.139183 5.092691 1.421975 -1.090396 0.577049 -0.321829
    12 4.777527 6.028128 1.897721 -1.090396 0.577049 -0.321829
    13 5.490345 7.072691 2.428969 -1.090396 0.577049 -0.321829
    14 6.564566 8.646956 3.229776 -1.090396 0.577049 -0.321829
    15 7.558525 6.997282 -2.354134 -1.937336 -0.275393 3.010581
    16 7.558525 6.997282 -2.354134 1.937336 0.275393 -0.131011
    17 -2.867767 -2.740969 0.531125 2.051196 0.577049 -0.321829
    18 4.324081 2.744001 -0.524877 -1.090396 0.577049 -0.321829
    19 5.012512 3.752832 -0.011802 -1.090396 0.577049 -0.321829
    20 5.595486 4.607124 0.422674 -1.090396 0.577049 -0.321829
    21 6.233833 5.542564 0.898426 -1.090396 0.577049 -0.321829
    22 6.946648 6.587124 1.429667 -1.090396 0.577049 -0.321829
    23 7.537933 7.453606 1.870349 -1.090396 0.577049 -0.321829
    24 8.154472 8.357077 2.329839 -1.090396 0.577049 -0.321829
    25 8.874294 9.411907 2.866308 -1.090396 0.577049 -0.321829
    26 -4.125858 -2.321501 1.394414 2.051196 0.577049 -0.321829
    27 -4.826813 -3.348669 0.872014 2.051196 0.577049 -0.321829
    28 -5.441669 -4.249685 0.413772 2.051196 0.577049 -0.321829
    29 -0.552532 -1.343527 1.604446 -0.651369 0.062049 -0.739325
    30 0.552589 1.343534 -1.604463 -0.994260 0.181626 -0.861809
    31 0.000000 -2.021618 -0.000004 0.522338 0.000000 0.000000
    32 -0.000021 2.021633 0.000027 0.070633 0.000000 0.000000
    33 -0.000004 -1.136217 -0.000004 -0.486663 0.000000 0.000000
    34 -0.000011 1.136200 -0.000019 -0.244317 0.000000 0.000000
    35 -0.032677 -4.587727 1.352317 3.607272 1.135727 2.883963
    36 0.032719 4.587772 -1.352291 4.554060 1.175959 4.160659
    37 0.000000 -1.754536 -0.000002 0.641770 0.000000 0.000000
    38 -0.000006 1.754520 -0.000034 0.202280 0.000000 0.000000
    39 0.000000 -1.227020 -0.000002 0.092660 0.000000 0.000000
    40 0.000002 1.227070 0.000032 -0.229055 0.000000 0.000000
    41 -0.367996 -4.208406 0.173244 3.635403 0.933039 2.714405
    42 0.368011 4.208412 -0.173239 2.887432 1.085492 2.721294
    43 0.000000 -2.372318 -0.000004 0.689306 0.000000 0.000000
    44 -0.000006 2.372318 -0.000032 0.722081 0.000000 0.000000
    45 0.000004 -1.580070 -0.000001 -0.223356 0.000000 0.000000
    46 -0.000002 1.580170 0.000030 -0.334096 0.000000 0.000000
    47 -0.937645 -3.860697 -0.959317 3.776736 0.873003 2.574247
    48 0.937672 3.860714 0.959333 2.721558 0.781030 2.349047
    49 0.000000 -1.690632 0.000000 1.310278 0.000000 0.000000
    50 -0.000013 1.690666 0.000021 0.491549 0.000000 0.000000
    51 -0.000002 -1.423443 0.000002 0.234212 0.000000 0.000000
    52 0.000008 1.423420 0.000028 -0.183939 0.000000 0.000000
    53 -1.546646 -3.404194 -1.915569 3.867954 0.743298 2.410230
    54 1.546661 3.404217 1.915585 2.936153 0.873707 2.116414
    55 0.000004 -1.437820 0.000000 0.933196 0.000000 0.000000
    56 -0.000021 1.437870 0.000031 0.424957 0.000000 0.000000
    57 -0.000002 -1.059402 0.000000 0.407770 0.000000 0.000000
    58 0.000006 1.059372 0.000008 0.322075 0.000000 0.000000
    59 -0.000004 -13.013485 -0.000004 0.000000 0.000000 0.000000
    60 0.000000 -10.813480 -0.000004 0.000000 0.000000 0.000000
  time 33
    0 3.357422 4.734375 -15.507813 -1.559898 -0.000007 -0.000009
    1 -15.637588 12.643170 -15.639052 -1.130238 -0.108047 -0.881259
    2 0.000000 14.313023 0.000003 -0.370803 -0.487711 -0.827648
    3 -0.000011 13.013483 -0.000005 0.044813 -0.005566 0.818609
    4 3.742690 16.994881 4.302966 1.638497 0.029553 -0.407883
    5 0.000000 -14.313034 0.000000 -0.485891 0.001058 -0.000578
    6 -0.000004 -13.013485 -0.000004 0.343020 0.178022 0.468724
    7 -1.330879 -2.698427 0.462449 -0.194886 -0.547260 3.056712
    8 1.330910 2.698444 -0.462436 0.194890 0.547268 -0.084879
    9 8.586266 7.106662 -4.172623 -1.729097 0.672507 -0.307448
    10 3.556210 4.238403 0.987502 -1.090396 0.577049 -0.321829
    11 4.139183 5.092691 1.421975 -1.090396 0.577049 -0.321829
    12 4.777527 6.028128 1.897721 -1.090396 0.577049 -0.321829
    13 5.490345 7.072691 2.428969 -1.090396 0.577049 -0.321829
    14 6.564566 8.646956 3.229776 -1.090396 0.577049 -0.321829
    15 7.558525 6.997282 -2.354134 -1.937336 -0.275393 3.010581
    16 7.558525 6.997282 -2.354134 1.937336 0.275393 -0.131011
    17 -2.867767 -2.740969 0.531125 2.051196 0.577049 -0.321829
    18 4.324081 2.744001 -0.524877 -1.090396 0.577049 -0.321829
    19 5.012512 3.752832 -0.011802 -1.090396 0.577049 -0.321829
    20 5.595486 4.607124 0.422674 -1.090396 0.577049 -0.321829
    21 6.233833 5.542564 0.898426 -1.090396 0.577049 -0.321829
    22 6.946648 6.587124 1.429667 -1.090396 0.577049 -0.321829
    23 7.537933 7.453606 1.870349 -1.090396 0.577049 -0.321829
    24 8.154472 8.357077 2.329839 -1.090396 0.577049 -0.321829
    25 8.874294 9.411907 2.866308 -1.090396 0.577049 -0.321829
    26 -4.125858 -2.321501 1.394414 2.051196 0.577049 -0.321829
    27 -4.826813 -3.348669 0.872014 2.051196 0.577049 -0.321829
    28 -5.441669 -4.249685 0.413772 2.051196 0.577049 -0.321829
    29 -0.552532 -1.343527 1.604446 -0.616728 0.062049 -0.739325
    30 0.552589 1.343534 -1.604463 -0.981168 0.183886 -0.901087
    31 0.000000 -2.021618 -0.000004 0.551209 0.000000 0.000000
    32 -0.000021 2.021633 0.000027 0.058053 0.000000 0.000000
    33 -0.000004 -1.136217 -0.000004 -0.533500 0.000000 0.000000
    34 -0.000011 1.136200 -0.000019 -0.294788 0.000000 0.000000
    35 -0.032677 -4.587727 1.352317 3.692697 1.127748 2.923246
    36 0.032719 4.587772 -1.352291 4.544250 1.164120 4.162479
    37 0.000000 -1.754536 -0.000002 0.645300 0.000000 0.000000
    38 -0.000006 1.754520 -0.000034 0.202280 0.000000 0.000000
    39 0.000000 -1.227020 -0.000002 0.092660 0.000000 0.000000
    40 0.000002 1.227070 0.000032 -0.267996 0.000000 0.000000
    41 -0.367996 -4.208406 0.173244 3.706536 0.920046 2.734683
    42 0.368011 4.208412 -0.173239 2.865787 1.083793 2.709064
    43 0.000000 -2.372318 -0.000004 0.694628 0.000000 0.000000
    44 -0.000006 2.372318 -0.000032 0.722081 0.000000 0.000000
    45 0.000004 -1.580070 -0.000001 -0.248358 0.000000 0.000000
    46 -0.000002 1.580170 0.000030 -0.374032 0.000000 0.000000
    47 -0.937645 -3.860697 -0.959317 3.846970 0.860651 2.573617
    48 0.937672 3.860714 0.959333 2.703721 0.757065 2.323919
    49 0.000000 -1.690632 0.000000 1.388792 0.000000 0.000000
    50 -0.000013 1.690666 0.000021 0.491549 0.000000 0.000000
    51 -0.000002 -1.423443 0.000002 0.234212 0.000000 0.000000
    52 0.000008 1.423420 0.000028 -0.229307 0.000000 0.000000
    53 -1.546646 -3.404194 -1.915569 3.948896 0.724051 2.400255
    54 1.546661 3.404217 1.915585 2.926739 0.866072 2.073212
    55 0.000004 -1.437820 0.000000 0.981915 0.000000 0.000000
    56 -0.000021 1.437870 0.000031 0.424957 0.000000 0.000000
    57 -0.000002 -1.059402 0.000000 0.416071 0.000000 0.000000
    58 0.000006 1.059372 0.000008 0.322075 0.000000 0.000000
    59 -0.000004 -13.013485 -0.000004 0.000000 0.000000 0.000000
    60 0.000000 -10.813480 -0.000004 0.000000 0.000000 0.000000
  time 34
    0 3.357422 4.734375 -15.507813 -1.559898 -0.000007 -0.000009
    1 -15.996974 11.404851 -16.240633 -1.157974 -0.108047 -0.881259
    2 0.000000 14.313023 0.000003 -0.397442 -0.450348 -0.906249
    3 -0.000011 13.013483 -0.000005 0.017581 -0.047592 0.846120
    4 5.852129 21.920812 3.896703 1.474074 0.047440 -0.414108
    5 0.000000 -14.313034 0.000000 -0.485831 0.001124 -0.000578
    6 -0.000004 -13.013485 -0.000004 0.330139 0.183084 0.464338
    7 -1.330879 -2.698427 0.462449 -0.194886 -0.547260 3.056712
    8 1.330910 2.698444 -0.462436 0.194890 0.547268 -0.084879
    9 8.586266 7.106662 -4.172623 -1.729097 0.672507 -0.307448
    10 3.556210 4.238403 0.987502 -1.090396 0.577049 -0.321829
    11 4.139183 5.092691 1.421975 -1.090396 0.577049 -0.321829
    12 4.777527 6.028128 1.897721 -1.090396 0.577049 -0.321829
    13 5.490345 7.072691 2.428969 -1.090396 0.577049 -0.321829
    14 6.564566 8.646956 3.229776 -1.090396 0.577049 -0.321829
    15 7.558525 6.997282 -2.354134 -1.937336 -0.275393 3.010581
    16 7.558525 6.997282 -2.354134 1.937336 0.275393 -0.131011
    17 -2.867767 -2.740969 0.531125 2.051196 0.577049 -0.321829
    18 4.324081 2.744001 -0.524877 -1.090396 0.577049 -0.321829
    19 5.012512 3.752832 -0.011802 -1.090396 0.577049 -0.321829
    20 5.595486 4.607124 0.422674 -1.090396 0.577049 -0.321829
    21 6.233833 5.542564 0.898426 -1.090396 0.577049 -0.321829
    22 6.946648 6.587124 1.429667 -1.090396 0.577049 -0.321829
    23 7.537933 7.453606 1.870349 -1.090396 0.577049 -0.321829
    24 8.154472 8.357077 2.329839 -1.090396 0.577049 -0.321829
    25 8.874294 9.411907 2.866308 -1.090396 0.577049 -0.321829
    26 -4.125858 -2.321501 1.394414 2.051196 0.577049 -0.321829
    27 -4.826813 -3.348669 0.872014 2.051196 0.577049 -0.321829
    28 -5.441669 -4.249685 0.413772 2.051196 0.577049 -0.321829
    29 -0.552532 -1.343527 1.604446 -0.585083 0.062049 -0.739325
    30 0.552589 1.343534 -1.604463 -0.968939 0.185948 -0.937779
    31 0.000000 -2.021618 -0.000004 0.577660 0.000000 0.000000
    32 -0.000021 2.021633 0.000027 0.046235 0.000000 0.000000
    33 -0.000004 -1.136217 -0.000004 -0.576978 0.000000 0.000000
    34 -0.000011 1.136200 -0.000019 -0.341960 0.000000 0.000000
    35 -0.032677 -4.587727 1.352317 3.772999 1.120288 2.959647
    36 0.032719 4.587772 -1.352291 4.535048 1.152985 4.164223
    37 0.000000 -1.754536 -0.000002 0.648884 0.000000 0.000000
    38 -0.000006 1.754520 -0.000034 0.202280 0.000000 0.000000
    39 0.000000 -1.227020 -0.000002 0.092660 0.000000 0.000000
    40 0.000002 1.227070 0.000032 -0.304474 0.000000 0.000000
    41 -0.367996 -4.208406 0.173244 3.772729 0.908119 2.753724
    42 0.368011 4.208412 -0.173239 2.845668 1.082260 2.697687
    43 0.000000 -2.372318 -0.000004 0.700231 0.000000 0.000000
    44 -0.000006 2.372318 -0.000032 0.722081 0.000000 0.000000
    45 0.000004 -1.580070 -0.000001 -0.271377 0.000000 0.000000
    46 -0.000002 1.580170 0.000030 -0.411407 0.000000 0.000000
    47 -0.937645 -3.860697 -0.959317 3.912094 0.849216 2.572987
    48 0.937672 3.860714 0.959333 2.686998 0.734672 2.300367
    49 0.000000 -1.690632 0.000000 1.461560 0.000000 0.000000
    50 -0.000013 1.690666 0.000021 0.491549 0.000000 0.000000
    51 -0.000002 -1.423443 0.000002 0.234212 0.000000 0.000000
    52 0.000008 1.423420 0.000028 -0.271666 0.000000 0.000000
    53 -1.546646 -3.404194 -1.915569 4.023839 0.706186 2.390970
    54 1.546661 3.404217 1.915585 2.917694 0.858926 2.032773
    55 0.000004 -1.437820 0.000000 1.026951 0.000000 0.000000
    56 -0.000021 1.437870 0.000031 0.424957 0.000000 0.000000
    57 -0.000002 -1.059402 0.000000 0.423897 0.000000 0.000000
    58 0.000006 1.059372 0.000008 0.322075 0.000000 0.000000
    59 -0.000004 -13.013485 -0.000004 0.000000 0.000000 0.000000
    60 0.000000 -10.813480 -0.000004 0.000000 0.000000 0.000000
  time 35
    0 3.357422 4.734375 -15.507813 -1.559898 -0.000007 -0.000009
    1 -16.426675 9.932150 -16.799244 -1.183683 -0.108047 -0.881259
    2 0.000000 14.313023 0.000003 -0.429640 -0.407801 -0.982075
    3 -0.000011 13.013483 -0.000005 -0.014523 -0.095089 0.874589
    4 8.402988 26.112347 2.799013 1.316833 0.065555 -0.435752
    5 0.000000 -14.313034 0.000000 -0.485651 0.001157 -0.000578
    6 -0.000004 -13.013485 -0.000004 0.316537 0.188832 0.459094
    7 -1.330879 -2.698427 0.462449 -0.194886 -0.547260 3.056712
    8 1.330910 2.698444 -0.462436 0.194890 0.547268 -0.084879
    9 8.586266 7.106662 -4.172623 -1.729097 0.672507 -0.307448
    10 3.556210 4.238403 0.987502 -1.090396 0.577049 -0.321829
    11 4.139183 5.092691 1.421975 -1.090396 0.577049 -0.321829
    12 4.777527 6.028128 1.897721 -1.090396 0.577049 -0.321829
    13 5.490345 7.072691 2.428969 -1.090396 0.577049 -0.321829
    14 6.564566 8.646956 3.229776 -1.090396 0.577049 -0.321829
    15 7.558525 6.997282 -2.354134 -1.937336 -0.275393 3.010581
    16 7.558525 6.997282 -2.354134 1.937336 0.275393 -0.131011
    17 -2.867767 -2.740969 0.531125 2.051196 0.577049 -0.321829
    18 4.324081 2.744001 -0.524877 -1.090396 0.577049 -0.321829
    19 5.012512 3.752832 -0.011802 -1.090396 0.577049 -0.321829
    20 5.595486 4.607124 0.422674 -1.090396 0.577049 -0.321829
    21 6.233833 5.542564 0.898426 -1.090396 0.577049 -0.321829
    22 6.946648 6.587124 1.429667 -1.090396 0.577049 -0.321829
    23 7.537933 7.453606 1.870349 -1.090396 0.577049 -0.321829
    24 8.154472 8.357077 2.329839 -1.090396 0.577049 -0.321829
    25 8.874294 9.411907 2.866308 -1.090396 0.577049 -0.321829
    26 -4.125858 -2.321501 1.394414 2.051196 0.577049 -0.321829
    27 -4.826813 -3.348669 0.872014 2.051196 0.577049 -0.321829
    28 -5.441669 -4.249685 0.413772 2.051196 0.577049 -0.321829
    29 -0.552532 -1.343527 1.604446 -0.557016 0.062049 -0.739325
    30 0.552589 1.343534 -1.604463 -0.957806 0.187851 -0.971145
    31 0.000000 -2.021618 -0.000004 0.601165 0.000000 0.000000
    32 -0.000021 2.021633 0.000027 0.035530 0.000000 0.000000
    33 -0.000004 -1.136217 -0.000004 -0.615597 0.000000 0.000000
    34 -0.000011 1.136200 -0.000019 -0.384810 0.000000 0.000000
    35 -0.032677 -4.587727 1.352317 3.845054 1.113682 2.992180
    36 0.032719 4.587772 -1.352291 4.526540 1.142779 4.165816
    37 0.000000 -1.754536 -0.000002 0.652414 0.000000 0.000000
    38 -0.000006 1.754520 -0.000034 0.202280 0.000000 0.000000
    39 0.000000 -1.227020 -0.000002 0.092660 0.000000 0.000000
    40 0.000002 1.227070 0.000032 -0.337624 0.000000 0.000000
    41 -0.367996 -4.208406 0.173244 3.832006 0.897525 2.770752
    42 0.368011 4.208412 -0.173239 2.827526 1.080827 2.687315
    43 0.000000 -2.372318 -0.000004 0.705875 0.000000 0.000000
    44 -0.000006 2.372318 -0.000032 0.722081 0.000000 0.000000
    45 0.000004 -1.580070 -0.000001 -0.291847 0.000000 0.000000
    46 -0.000002 1.580170 0.000030 -0.445370 0.000000 0.000000
    47 -0.937645 -3.860697 -0.959317 3.970065 0.839005 2.572514
    48 0.937672 3.860714 0.959333 2.671855 0.714315 2.279021
    49 0.000000 -1.690632 0.000000 1.526384 0.000000 0.000000
    50 -0.000013 1.690666 0.000021 0.491549 0.000000 0.000000
    51 -0.000002 -1.423443 0.000002 0.234212 0.000000 0.000000
    52 0.000008 1.423420 0.000028 -0.310207 0.000000 0.000000
    53 -1.546646 -3.404194 -1.915569 4.090660 0.690281 2.382759
    54 1.546661 3.404217 1.915585 2.909664 0.852443 1.996171
    55 0.000004 -1.437820 0.000000 1.067219 0.000000 0.000000
    56 -0.000021 1.437870 0.000031 0.424957 0.000000 0.000000
    57 -0.000002 -1.059402 0.000000 0.430745 0.000000 0.000000
    58 0.000006 1.059372 0.000008 0.322075 0.000000 0.000000
    59 -0.000004 -13.013485 -0.000004 0.000000 0.000000 0.000000
    60 0.000000 -10.813480 -0.000004 0.000000 0.000000 0.000000
  time 36
    0 3.357422 4.734375 -15.507813 -1.559898 -0.000007 -0.000009
    1 -16.860282 8.353977 -17.283634 -1.206720 -0.108047 -0.881259
    2 0.000000 14.313023 0.000003 -0.464222 -0.363946 -1.052028
    3 -0.000011 13.013483 -0.000005 -0.048921 -0.143954 0.902003
    4 11.387455 29.296037 1.291155 1.172808 0.083784 -0.466878
    5 0.000000 -14.313034 0.000000 -0.485651 0.001190 -0.000626
    6 -0.000004 -13.013485 -0.000004 0.302214 0.195172 0.453278
    7 -1.330879 -2.698427 0.462449 -0.194886 -0.547260 3.056712
    8 1.330910 2.698444 -0.462436 0.194890 0.547268 -0.084879
    9 8.586266 7.106662 -4.172623 -1.729097 0.672507 -0.307448
    10 3.556210 4.238403 0.987502 -1.090396 0.577049 -0.321829
    11 4.139183 5.092691 1.421975 -1.090396 0.577049 -0.321829
    12 4.777527 6.028128 1.897721 -1.090396 0.577049 -0.321829
    13 5.490345 7.072691 2.428969 -1.090396 0.577049 -0.321829
    14 6.564566 8.646956 3.229776 -1.090396 0.577049 -0.321829
    15 7.558525 6.997282 -2.354134 -1.937336 -0.275393 3.010581
    16 7.558525 6.997282 -2.354134 1.937336 0.275393 -0.131011
    17 -2.867767 -2.740969 0.531125 2.051196 0.577049 -0.321829
    18 4.324081 2.744001 -0.524877 -1.090396 0.577049 -0.321829
    19 5.012512 3.752832 -0.011802 -1.090396 0.577049 -0.321829
    20 5.595486 4.607124 0.422674 -1.090396 0.577049 -0.321829
    21 6.233833 5.542564 0.898426 -1.090396 0.577049 -0.321829
    22 6.946648 6.587124 1.429667 -1.090396 0.577049 -0.321829
    23 7.537933 7.453606 1.870349 -1.090396 0.577049 -0.321829
    24 8.154472 8.357077 2.329839 -1.090396 0.577049 -0.321829
    25 8.874294 9.411907 2.866308 -1.090396 0.577049 -0.321829
    26 -4.125858 -2.321501 1.394414 2.051196 0.577049 -0.321829
    27 -4.826813 -3.348669 0.872014 2.051196 0.577049 -0.321829
    28 -5.441669 -4.249685 0.413772 2.051196 0.577049 -0.321829
    29 -0.552532 -1.343527 1.604446 -0.532800 0.062049 -0.739325
    30 0.552589 1.343534 -1.604463 -0.948085 0.189516 -1.000338
    31 0.000000 -2.021618 -0.000004 0.621387 0.000000 0.000000
    32 -0.000021 2.021633 0.000027 0.026183 0.000000 0.000000
    33 -0.000004 -1.136217 -0.000004 -0.648552 0.000000 0.000000
    34 -0.000011 1.136200 -0.000019 -0.422268 0.000000 0.000000
    35 -0.032677 -4.587727 1.352317 3.906605 1.108003 3.019936
    36 0.032719 4.587772 -1.352291 4.519247 1.133909 4.167105
    37 0.000000 -1.754536 -0.000002 0.655943 0.000000 0.000000
    38 -0.000006 1.754520 -0.000034 0.202280 0.000000 0.000000
    39 0.000000 -1.227020 -0.000002 0.092660 0.000000 0.000000
    40 0.000002 1.227070 0.000032 -0.366647 0.000000 0.000000
    41 -0.367996 -4.208406 0.173244 3.882482 0.888429 2.785380
    42 0.368011 4.208412 -0.173239 2.811539 1.079595 2.678259
    43 0.000000 -2.372318 -0.000004 0.711156 0.000000 0.000000
    44 -0.000006 2.372318 -0.000032 0.722081 0.000000 0.000000
    45 0.000004 -1.580070 -0.000001 -0.309355 0.000000 0.000000
    46 -0.000002 1.580170 0.000030 -0.475065 0.000000 0.000000
    47 -0.937645 -3.860697 -0.959317 4.019581 0.830322 2.572042
    48 0.937672 3.860714 0.959333 2.658570 0.696549 2.260274
    49 0.000000 -1.690632 0.000000 1.581683 0.000000 0.000000
    50 -0.000013 1.690666 0.000021 0.491549 0.000000 0.000000
    51 -0.000002 -1.423443 0.000002 0.234212 0.000000 0.000000
    52 0.000008 1.423420 0.000028 -0.343976 0.000000 0.000000
    53 -1.546646 -3.404194 -1.915569 4.147605 0.676739 2.375700
    54 1.546661 3.404217 1.915585 2.902465 0.846767 1.964019
    55 0.000004 -1.437820 0.000000 1.101492 0.000000 0.000000
    56 -0.000021 1.437870 0.000031 0.424957 0.000000 0.000000
    57 -0.000002 -1.059402 0.000000 0.436558 0.000000 0.000000
    58 0.000006 1.059372 0.000008 0.322075 0.000000 0.000000
    59 -0.000004 -13.013485 -0.000004 0.000000 0.000000 0.000000
    60 0.000000 -10.813480 -0.000004 0.000000 0.000000 0.000000
  time 37
    0 3.357422 4.734375 -15.507813 -1.559898 -0.000007 -0.000009
    1 -17.258731 6.791429 -17.682083 -1.226992 -0.108047 -0.881259
    2 0.000000 14.313023 0.000003 -0.497215 -0.322683 -1.112648
    3 -0.000011 13.013483 -0.000005 -0.081695 -0.189800 0.926638
    4 14.598490 31.362507 -0.294831 1.046689 0.100724 -0.498674
    5 0.000000 -14.313034 0.000000 -0.485592 0.001223 -0.000626
    6 -0.000004 -13.013485 -0.000004 0.287441 0.202196 0.446508
    7 -1.330879 -2.698427 0.462449 -0.194886 -0.547260 3.056712
    8 1.330910 2.698444 -0.462436 0.194890 0.547268 -0.084879
    9 8.586266 7.106662 -4.172623 -1.729097 0.672507 -0.307448
    10 3.556210 4.238403 0.987502 -1.090396 0.577049 -0.321829
    11 4.139183 5.092691 1.421975 -1.090396 0.577049 -0.321829
    12 4.777527 6.028128 1.897721 -1.090396 0.577049 -0.321829
    13 5.490345 7.072691 2.428969 -1.090396 0.577049 -0.321829
    14 6.564566 8.646956 3.229776 -1.090396 0.577049 -0.321829
    15 7.558525 6.997282 -2.354134 -1.937336 -0.275393 3.010581
    16 7.558525 6.997282 -2.354134 1.937336 0.275393 -0.131011
    17 -2.867767 -2.740969 0.531125 2.051196 0.577049 -0.321829
    18 4.324081 2.744001 -0.524877 -1.090396 0.577049 -0.321829
    19 5.012512 3.752832 -0.011802 -1.090396 0.577049 -0.321829
    20 5.595486 4.607124 0.422674 -1.090396 0.577049 -0.321829
    21 6.233833 5.542564 0.898426 -1.090396 0.577049 -0.321829
    22 6.946648 6.587124 1.429667 -1.090396 0.577049 -0.321829
    23 7.537933 7.453606 1.870349 -1.090396 0.577049 -0.321829
    24 8.154472 8.357077 2.329839 -1.090396 0.577049 -0.321829
    25 8.874294 9.411907 2.866308 -1.090396 0.577049 -0.321829
    26 -4.125858 -2.321501 1.394414 2.051196 0.577049 -0.321829
    27 -4.826813 -3.348669 0.872014 2.051196 0.577049 -0.321829
    28 -5.441669 -4.249685 0.413772 2.051196 0.577049 -0.321829
    29 -0.552532 -1.343527 1.604446 -0.513110 0.062049 -0.739325
    30 0.552589 1.343534 -1.604463 -0.940037 0.190904 -1.024553
    31 0.000000 -2.021618 -0.000004 0.637737 0.000000 0.000000
    32 -0.000021 2.021633 0.000027 0.018386 0.000000 0.000000
    33 -0.000004 -1.136217 -0.000004 -0.675177 0.000000 0.000000
    34 -0.000011 1.136200 -0.000019 -0.453406 0.000000 0.000000
    35 -0.032677 -4.587727 1.352317 3.955134 1.103475 3.042156
    36 0.032719 4.587772 -1.352291 4.513171 1.126560 4.168243
    37 0.000000 -1.754536 -0.000002 0.658644 0.000000 0.000000
    38 -0.000006 1.754520 -0.000034 0.202280 0.000000 0.000000
    39 0.000000 -1.227020 -0.000002 0.092660 0.000000 0.000000
    40 0.000002 1.227070 0.000032 -0.390677 0.000000 0.000000
    41 -0.367996 -4.208406 0.173244 3.922808 0.881033 2.796913
    42 0.368011 4.208412 -0.173239 2.798247 1.078595 2.670752
    43 0.000000 -2.372318 -0.000004 0.715550 0.000000 0.000000
    44 -0.000006 2.372318 -0.000032 0.722081 0.000000 0.000000
    45 0.000004 -1.580070 -0.000001 -0.323440 0.000000 0.000000
    46 -0.000002 1.580170 0.000030 -0.499698 0.000000 0.000000
    47 -0.937645 -3.860697 -0.959317 4.059436 0.823290 2.571726
    48 0.937672 3.860714 0.959333 2.647608 0.681744 2.244756
    49 0.000000 -1.690632 0.000000 1.626108 0.000000 0.000000
    50 -0.000013 1.690666 0.000021 0.491549 0.000000 0.000000
    51 -0.000002 -1.423443 0.000002 0.234212 0.000000 0.000000
    52 0.000008 1.423420 0.000028 -0.371946 0.000000 0.000000
    53 -1.546646 -3.404194 -1.915569 4.193475 0.665848 2.369944
    54 1.546661 3.404217 1.915585 2.896558 0.842042 1.937392
    55 0.000004 -1.437820 0.000000 1.129014 0.000000 0.000000
    56 -0.000021 1.437870 0.000031 0.424957 0.000000 0.000000
    57 -0.000002 -1.059402 0.000000 0.441254 0.000000 0.000000
    58 0.000006 1.059372 0.000008 0.322075 0.000000 0.000000
    59 -0.000004 -13.013485 -0.000004 0.000000 0.000000 0.000000
    60 0.000000 -10.813480 -0.000004 0.000000 0.000000 0.000000
  time 38
    0 3.357422 4.734375 -15.507813 -1.559898 -0.000007 -0.000009
    1 -17.563428 5.389043 -17.990686 -1.244408 -0.108047 -0.881259
    2 0.000000 14.313023 0.000003 -0.525259 -0.288339 -1.160115
    3 -0.000011 13.013483 -0.000005 -0.109404 -0.227911 0.946576
    4 17.657177 32.444571 -1.701124 0.941830 0.117361 -0.523957
    5 0.000000 -14.313034 0.000000 -0.485532 0.001256 -0.000674
    6 -0.000004 -13.013485 -0.000004 0.271858 0.210086 0.438690
    7 -1.330879 -2.698427 0.462449 -0.194886 -0.547260 3.056712
    8 1.330910 2.698444 -0.462436 0.194890 0.547268 -0.084879
    9 8.586266 7.106662 -4.172623 -1.729097 0.672507 -0.307448
    10 3.556210 4.238403 0.987502 -1.090396 0.577049 -0.321829
    11 4.139183 5.092691 1.421975 -1.090396 0.577049 -0.321829
    12 4.777527 6.028128 1.897721 -1.090396 0.577049 -0.321829
    13 5.490345 7.072691 2.428969 -1.090396 0.577049 -0.321829
    14 6.564566 8.646956 3.229776 -1.090396 0.577049 -0.321829
    15 7.558525 6.997282 -2.354134 -1.937336 -0.275393 3.010581
    16 7.558525 6.997282 -2.354134 1.937336 0.275393 -0.131011
    17 -2.867767 -2.740969 0.531125 2.051196 0.577049 -0.321829
    18 4.324081 2.744001 -0.524877 -1.090396 0.577049 -0.321829
    19 5.012512 3.752832 -0.011802 -1.090396 0.577049 -0.321829
    20 5.595486 4.607124 0.422674 -1.090396 0.577049 -0.321829
    21 6.233833 5.542564 0.898426 -1.090396 0.577049 -0.321829
    22 6.946648 6.587124 1.429667 -1.090396 0.577049 -0.321829
    23 7.537933 7.453606 1.870349 -1.090396 0.577049 -0.321829
    24 8.154472 8.357077 2.329839 -1.090396 0.577049 -0.321829
    25 8.874294 9.411907 2.866308 -1.090396 0.577049 -0.321829
    26 -4.125858 -2.321501 1.394414 2.051196 0.577049 -0.321829
    27 -4.826813 -3.348669 0.872014 2.051196 0.577049 -0.321829
    28 -5.441669 -4.249685 0.413772 2.051196 0.577049 -0.321829
    29 -0.552532 -1.343527 1.604446 -0.498343 0.062049 -0.739325
    30 0.552589 1.343534 -1.604463 -0.933948 0.191895 -1.042811
    31 0.000000 -2.021618 -0.000004 0.649816 0.000000 0.000000
    32 -0.000021 2.021633 0.000027 0.012517 0.000000 0.000000
    33 -0.000004 -1.136217 -0.000004 -0.694584 0.000000 0.000000
    34 -0.000011 1.136200 -0.000019 -0.476876 0.000000 0.000000
    35 -0.032677 -4.587727 1.352317 3.990033 1.100172 3.058385
    36 0.032719 4.587772 -1.352291 4.508569 1.121030 4.169077
    37 0.000000 -1.754536 -0.000002 0.660917 0.000000 0.000000
    38 -0.000006 1.754520 -0.000034 0.202280 0.000000 0.000000
    39 0.000000 -1.227020 -0.000002 0.092660 0.000000 0.000000
    40 0.000002 1.227070 0.000032 -0.408850 0.000000 0.000000
    41 -0.367996 -4.208406 0.173244 3.952088 0.875536 2.805194
    42 0.368011 4.208412 -0.173239 2.788277 1.077862 2.665024
    43 0.000000 -2.372318 -0.000004 0.719017 0.000000 0.000000
    44 -0.000006 2.372318 -0.000032 0.722081 0.000000 0.000000
    45 0.000004 -1.580070 -0.000001 -0.333739 0.000000 0.000000
    46 -0.000002 1.580170 0.000030 -0.518300 0.000000 0.000000
    47 -0.937645 -3.860697 -0.959317 4.088514 0.818184 2.571411
    48 0.937672 3.860714 0.959333 2.639247 0.670610 2.233020
    49 0.000000 -1.690632 0.000000 1.658578 0.000000 0.000000
    50 -0.000013 1.690666 0.000021 0.491549 0.000000 0.000000
    51 -0.000002 -1.423443 0.000002 0.234212 0.000000 0.000000
    52 0.000008 1.423420 0.000028 -0.393088 0.000000 0.000000
    53 -1.546646 -3.404194 -1.915569 4.226978 0.657866 2.365878
    54 1.546661 3.404217 1.915585 2.892128 0.838498 1.917288
    55 0.000004 -1.437820 0.000000 1.149219 0.000000 0.000000
    56 -0.000021 1.437870 0.000031 0.424957 0.000000 0.000000
    57 -0.000002 -1.059402 0.000000 0.444692 0.000000 0.000000
    58 0.000006 1.059372 0.000008 0.322075 0.000000 0.000000
    59 -0.000004 -13.013485 -0.000004 0.000000 0.000000 0.000000
    60 0.000000 -10.813480 -0.000004 0.000000 0.000000 0.000000
  time 39
    0 3.357422 4.734375 -15.507813 -1.559898 -0.000007 -0.000009
    1 -17.770466 4.275727 -18.178192 -1.258967 -0.108047 -0.881259
    2 0.000000 14.313023 0.000003 -0.544749 -0.264638 -1.191290
    3 -0.000011 13.013483 -0.000005 -0.128705 -0.254230 0.959900
    4 20.168972 32.827395 -2.775375 0.860145 0.134340 -0.536408
    5 0.000000 -14.313034 0.000000 -0.485412 0.001289 -0.000674
    6 -0.000004 -13.013485 -0.000004 0.255463 0.218707 0.429727
    7 -1.330879 -2.698427 0.462449 -0.194886 -0.547260 3.056712
    8 1.330910 2.698444 -0.462436 0.194890 0.547268 -0.084879
    9 8.586266 7.106662 -4.172623 -1.729097 0.672507 -0.307448
    10 3.556210 4.238403 0.987502 -1.090396 0.577049 -0.321829
    11 4.139183 5.092691 1.421975 -1.090396 0.577049 -0.321829
    12 4.777527 6.028128 1.897721 -1.090396 0.577049 -0.321829
    13 5.490345 7.072691 2.428969 -1.090396 0.577049 -0.321829
    14 6.564566 8.646956 3.229776 -1.090396 0.577049 -0.321829
    15 7.558525 6.997282 -2.354134 -1.937336 -0.275393 3.010581
    16 7.558525 6.997282 -2.354134 1.937336 0.275393 -0.131011
    17 -2.867767 -2.740969 0.531125 2.051196 0.577049 -0.321829
    18 4.324081 2.744001 -0.524877 -1.090396 0.577049 -0.321829
    19 5.012512 3.752832 -0.011802 -1.090396 0.577049 -0.321829
    20 5.595486 4.607124 0.422674 -1.090396 0.577049 -0.321829
    21 6.233833 5.542564 0.898426 -1.090396 0.577049 -0.321829
    22 6.946648 6.587124 1.429667 -1.090396 0.577049 -0.321829
    23 7.537933 7.453606 1.870349 -1.090396 0.577049 -0.321829
    24 8.154472 8.357077 2.329839 -1.090396 0.577049 -0.321829
    25 8.874294 9.411907 2.866308 -1.090396 0.577049 -0.321829
    26 -4.125858 -2.321501 1.394414 2.051196 0.577049 -0.321829
    27 -4.826813 -3.348669 0.872014 2.051196 0.577049 -0.321829
    28 -5.441669 -4.249685 0.413772 2.051196 0.577049 -0.321829
    29 -0.552532 -1.343527 1.604446 -0.489079 0.062049 -0.739325
    30 0.552589 1.343534 -1.604463 -0.930028 0.192570 -1.054462
    31 0.000000 -2.021618 -0.000004 0.657286 0.000000 0.000000
    32 -0.000021 2.021633 0.000027 0.010289 0.000000 0.000000
    33 -0.000004 -1.136217 -0.000004 -0.706494 0.000000 0.000000
    34 -0.000011 1.136200 -0.000019 -0.491794 0.000000 0.000000
    35 -0.032677 -4.587727 1.352317 4.011042 1.098168 3.068244
    36 0.032719 4.587772 -1.352291 4.505618 1.117504 4.169683
    37 0.000000 -1.754536 -0.000002 0.662335 0.000000 0.000000
    38 -0.000006 1.754520 -0.000034 0.202280 0.000000 0.000000
    39 0.000000 -1.227020 -0.000002 0.092660 0.000000 0.000000
    40 0.000002 1.227070 0.000032 -0.420365 0.000000 0.000000
    41 -0.367996 -4.208406 0.173244 3.969871 0.872138 2.810148
    42 0.368011 4.208412 -0.173239 2.781900 1.077329 2.661386
    43 0.000000 -2.372318 -0.000004 0.721315 0.000000 0.000000
    44 -0.000006 2.372318 -0.000032 0.722081 0.000000 0.000000
    45 0.000004 -1.580070 -0.000001 -0.339996 0.000000 0.000000
    46 -0.000002 1.580170 0.000030 -0.530190 0.000000 0.000000
    47 -0.937645 -3.860697 -0.959317 4.106259 0.815066 2.571254
    48 0.937672 3.860714 0.959333 2.633951 0.663485 2.225616
    49 0.000000 -1.690632 0.000000 1.678476 0.000000 0.000000
    50 -0.000013 1.690666 0.000021 0.491549 0.000000 0.000000
    51 -0.000002 -1.423443 0.000002 0.234212 0.000000 0.000000
    52 0.000008 1.423420 0.000028 -0.406522 0.000000 0.000000
    53 -1.546646 -3.404194 -1.915569 4.247467 0.652968 2.363345
    54 1.546661 3.404217 1.915585 2.889359 0.836221 1.904550
    55 0.000004 -1.437820 0.000000 1.161540 0.000000 0.000000
    56 -0.000021 1.437870 0.000031 0.424957 0.000000 0.000000
    57 -0.000002 -1.059402 0.000000 0.446788 0.000000 0.000000
    58 0.000006 1.059372 0.000008 0.322075 0.000000 0.000000
    59 -0.000004 -13.013485 -0.000004 0.000000 0.000000 0.000000
    60 0.000000 -10.813480 -0.000004 0.000000 0.000000 0.000000
  time 40
    0 3.357422 4.734375 -15.507813 -1.559898 -0.000007 -0.000009
    1 -17.852499 3.635083 -18.252413 -1.270485 -0.108047 -0.881259
    2 0.000000 14.313023 0.000003 -0.552203 -0.255706 -1.202674
    3 -0.000011 13.013483 -0.000005 -0.135966 -0.264136 0.964981
    4 21.715895 32.843021 -3.478522 0.803454 0.152417 -0.530278
    5 0.000000 -14.313034 0.000000 -0.485292 0.001322 -0.000722
    6 -0.000004 -13.013485 -0.000004 0.238348 0.228103 0.419716
    7 -1.330879 -2.698427 0.462449 -0.194886 -0.547260 3.056712
    8 1.330910 2.698444 -0.462436 0.194890 0.547268 -0.084879
    9 8.586266 7.106662 -4.172623 -1.729097 0.672507 -0.307448
    10 3.556210 4.238403 0.987502 -1.090396 0.577049 -0.321829
    11 4.139183 5.092691 1.421975 -1.090396 0.577049 -0.321829
    12 4.777527 6.028128 1.897721 -1.090396 0.577049 -0.321829
    13 5.490345 7.072691 2.428969 -1.090396 0.577049 -0.321829
    14 6.564566 8.646956 3.229776 -1.090396 0.577049 -0.321829
    15 7.558525 6.997282 -2.354134 -1.937336 -0.275393 3.010581
    16 7.558525 6.997282 -2.354134 1.937336 0.275393 -0.131011
    17 -2.867767 -2.740969 0.531125 2.051196 0.577049 -0.321829
    18 4.324081 2.744001 -0.524877 -1.090396 0.577049 -0.321829
    19 5.012512 3.752832 -0.011802 -1.090396 0.577049 -0.321829
    20 5.595486 4.607124 0.422674 -1.090396 0.577049 -0.321829
    21 6.233833 5.542564 0.898426 -1.090396 0.577049 -0.321829
    22 6.946648 6.587124 1.429667 -1.090396 0.577049 -0.321829
    23 7.537933 7.453606 1.870349 -1.090396 0.577049 -0.321829
    24 8.154472 8.357077 2.329839 -1.090396 0.577049 -0.321829
    25 8.874294 9.411907 2.866308 -1.090396 0.577049 -0.321829
    26 -4.125858 -2.321501 1.394414 2.051196 0.577049 -0.321829
    27 -4.826813 -3.348669 0.872014 2.051196 0.577049 -0.321829
    28 -5.441669 -4.249685 0.413772 2.051196 0.577049 -0.321829
    29 -0.552532 -1.343527 1.604446 -0.485838 0.062049 -0.739325
    30 0.552589 1.343534 -1.604463 -0.928669 0.192807 -1.058549
    31 0.000000 -2.021618 -0.000004 0.659833 0.000000 0.000000
    32 -0.000021 2.021633 0.000027 0.010126 0.000000 0.000000
    33 -0.000004 -1.136217 -0.000004 -0.710520 0.000000 0.000000
    34 -0.000011 1.136200 -0.000019 -0.497093 0.000000 0.000000
    35 -0.032677 -4.587727 1.352317 4.017987 1.097500 3.071581
    36 0.032719 4.587772 -1.352291 4.504576 1.116280 4.169835
    37 0.000000 -1.754536 -0.000002 0.662789 0.000000 0.000000
    38 -0.000006 1.754520 -0.000034 0.202280 0.000000 0.000000
    39 0.000000 -1.227020 -0.000002 0.092660 0.000000 0.000000
    40 0.000002 1.227070 0.000032 -0.424493 0.000000 0.000000
    41 -0.367996 -4.208406 0.173244 3.975799 0.870972 2.811773
    42 0.368011 4.208412 -0.173239 2.779655 1.077129 2.660148
    43 0.000000 -2.372318 -0.000004 0.722081 0.000000 0.000000
    44 -0.000006 2.372318 -0.000032 0.722081 0.000000 0.000000
    45 0.000004 -1.580070 -0.000001 -0.342107 0.000000 0.000000
    46 -0.000002 1.580170 0.000030 -0.534343 0.000000 0.000000
    47 -0.937645 -3.860697 -0.959317 4.112297 0.813995 2.571254
    48 0.937672 3.860714 0.959333 2.632093 0.661017 2.222938
    49 0.000000 -1.690632 0.000000 1.683682 0.000000 0.000000
    50 -0.000013 1.690666 0.000021 0.491549 0.000000 0.000000
    51 -0.000002 -1.423443 0.000002 0.234212 0.000000 0.000000
    52 0.000008 1.423420 0.000028 -0.411221 0.000000 0.000000
    53 -1.546646 -3.404194 -1.915569 4.254297 0.651326 2.362501
    54 1.546661 3.404217 1.915585 2.888344 0.835443 1.899946
    55 0.000004 -1.437820 0.000000 1.165742 0.000000 0.000000
    56 -0.000021 1.437870 0.000031 0.424957 0.000000 0.000000
    57 -0.000002 -1.059402 0.000000 0.447515 0.000000 0.000000
    58 0.000006 1.059372 0.000008 0.322075 0.000000 0.000000
    59 -0.000004 -13.013485 -0.000004 0.000000 0.000000 0.000000
    60 0.000000 -10.813480 -0.000004 0.000000 0.000000 0.000000
  time 41
    0 3.357422 4.734375 -15.507813 -1.559898 -0.000007 -0.000009
    1 -17.852499 3.306948 -18.252413 -1.278041 -0.108047 -0.881259
    2 0.000000 14.313023 0.000003 -0.552142 -0.255681 -1.202593
    3 -0.000011 13.013483 -0.000005 -0.135966 -0.264136 0.964981
    4 22.356539 32.354725 -3.923848 0.767735 0.166022 -0.513231
    5 0.000000 -14.313034 0.000000 -0.485232 0.001355 -0.000722
    6 -0.000004 -13.013485 -0.000004 0.220603 0.238320 0.408274
    7 -1.330879 -2.698427 0.462449 -0.194886 -0.547260 3.056712
    8 1.330910 2.698444 -0.462436 0.194890 0.547268 -0.084879
    9 8.586266 7.106662 -4.172623 -1.729097 0.672507 -0.307448
    10 3.556210 4.238403 0.987502 -1.090396 0.577049 -0.321829
    11 4.139183 5.092691 1.421975 -1.090396 0.577049 -0.321829
    12 4.777527 6.028128 1.897721 -1.090396 0.577049 -0.321829
    13 5.490345 7.072691 2.428969 -1.090396 0.577049 -0.321829
    14 6.564566 8.646956 3.229776 -1.090396 0.577049 -0.321829
    15 7.558525 6.997282 -2.354134 -1.937336 -0.275393 3.010581
    16 7.558525 6.997282 -2.354134 1.937336 0.275393 -0.131011
    17 -2.867767 -2.740969 0.531125 2.051196 0.577049 -0.321829
    18 4.324081 2.744001 -0.524877 -1.090396 0.577049 -0.321829
    19 5.012512 3.752832 -0.011802 -1.090396 0.577049 -0.321829
    20 5.595486 4.607124 0.422674 -1.090396 0.577049 -0.321829
    21 6.233833 5.542564 0.898426 -1.090396 0.577049 -0.321829
    22 6.946648 6.587124 1.429667 -1.090396 0.577049 -0.321829
    23 7.537933 7.453606 1.870349 -1.090396 0.577049 -0.321829
    24 8.154472 8.357077 2.329839 -1.090396 0.577049 -0.321829
    25 8.874294 9.411907 2.866308 -1.090396 0.577049 -0.321829
    26 -4.125858 -2.321501 1.394414 2.051196 0.577049 -0.321829
    27 -4.826813 -3.348669 0.872014 2.051196 0.577049 -0.321829
    28 -5.441669 -4.249685 0.413772 2.051196 0.577049 -0.321829
    29 -0.552532 -1.343527 1.604446 -0.485838 0.062049 -0.739325
    30 0.552589 1.343534 -1.604463 -0.928669 0.192807 -1.058549
    31 0.000000 -2.021618 -0.000004 0.659833 0.000000 0.000000
    32 -0.000021 2.021633 0.000027 0.009991 0.000000 0.000000
    33 -0.000004 -1.136217 -0.000004 -0.710520 0.000000 0.000000
    34 -0.000011 1.136200 -0.000019 -0.497093 0.000000 0.000000
    35 -0.032677 -4.587727 1.352317 4.017987 1.097500 3.071581
    36 0.032719 4.587772 -1.352291 4.504576 1.116280 4.169835
    37 0.000000 -1.754536 -0.000002 0.662789 0.000000 0.000000
    38 -0.000006 1.754520 -0.000034 0.202280 0.000000 0.000000
    39 0.000000 -1.227020 -0.000002 0.092660 0.000000 0.000000
    40 0.000002 1.227070 0.000032 -0.424493 0.000000 0.000000
    41 -0.367996 -4.208406 0.173244 3.975799 0.870972 2.811773
    42 0.368011 4.208412 -0.173239 2.779655 1.077129 2.660148
    43 0.000000 -2.372318 -0.000004 0.722081 0.000000 0.000000
    44 -0.000006 2.372318 -0.000032 0.722081 0.000000 0.000000
    45 0.000004 -1.580070 -0.000001 -0.342107 0.000000 0.000000
    46 -0.000002 1.580170 0.000030 -0.534343 0.000000 0.000000
    47 -0.937645 -3.860697 -0.959317 4.112297 0.813995 2.571254
    48 0.937672 3.860714 0.959333 2.632093 0.661017 2.222938
    49 0.000000 -1.690632 0.000000 1.683952 0.000000 0.000000
    50 -0.000013 1.690666 0.000021 0.491549 0.000000 0.000000
    51 -0.000002 -1.423443 0.000002 0.234212 0.000000 0.000000
    52 0.000008 1.423420 0.000028 -0.411221 0.000000 0.000000
    53 -1.546646 -3.404194 -1.915569 4.254297 0.651326 2.362501
    54 1.546661 3.404217 1.915585 2.888344 0.835443 1.899946
    55 0.000004 -1.437820 0.000000 1.165742 0.000000 0.000000
    56 -0.000021 1.437870 0.000031 0.424957 0.000000 0.000000
    57 -0.000002 -1.059402 0.000000 0.447515 0.000000 0.000000
    58 0.000006 1.059372 0.000008 0.322075 0.000000 0.000000
    59 -0.000004 -13.013485 -0.000004 0.000000 0.000000 0.000000
    60 0.000000 -10.813480 -0.000004 0.000000 0.000000 0.000000
  time 42
    0 3.357422 4.734375 -15.507813 -1.559898 -0.000007 -0.000009
    1 -17.852499 3.053034 -18.252413 -1.284952 -0.108047 -0.881259
    2 0.000000 14.313023 0.000003 -0.552142 -0.255580 -1.202593
    3 -0.000011 13.013483 -0.000005 -0.135966 -0.264136 0.964981
    4 22.489356 31.202346 -4.408238 0.741784 0.171972 -0.497620
    5 0.000000 -14.313034 0.000000 -0.485232 0.001388 -0.000674
    6 -0.000004 -13.013485 -0.000004 0.201776 0.249404 0.395593
    7 -1.330879 -2.698427 0.462449 -0.194886 -0.547260 3.056712
    8 1.330910 2.698444 -0.462436 0.194890 0.547268 -0.084879
    9 8.586266 7.106662 -4.172623 -1.729097 0.672507 -0.307448
    10 3.556210 4.238403 0.987502 -1.090396 0.577049 -0.321829
    11 4.139183 5.092691 1.421975 -1.090396 0.577049 -0.321829
    12 4.777527 6.028128 1.897721 -1.090396 0.577049 -0.321829
    13 5.490345 7.072691 2.428969 -1.090396 0.577049 -0.321829
    14 6.564566 8.646956 3.229776 -1.090396 0.577049 -0.321829
    15 7.558525 6.997282 -2.354134 -1.937336 -0.275393 3.010581
    16 7.558525 6.997282 -2.354134 1.937336 0.275393 -0.131011
    17 -2.867767 -2.740969 0.531125 2.051196 0.577049 -0.321829
    18 4.324081 2.744001 -0.524877 -1.090396 0.577049 -0.321829
    19 5.012512 3.752832 -0.011802 -1.090396 0.577049 -0.321829
    20 5.595486 4.607124 0.422674 -1.090396 0.577049 -0.321829
    21 6.233833 5.542564 0.898426 -1.090396 0.577049 -0.321829
    22 6.946648 6.587124 1.429667 -1.090396 0.577049 -0.321829
    23 7.537933 7.453606 1.870349 -1.090396 0.577049 -0.321829
    24 8.154472 8.357077 2.329839 -1.090396 0.577049 -0.321829
    25 8.874294 9.411907 2.866308 -1.090396 0.577049 -0.321829
    26 -4.125858 -2.321501 1.394414 2.051196 0.577049 -0.321829
    27 -4.826813 -3.348669 0.872014 2.051196 0.577049 -0.321829
    28 -5.441669 -4.249685 0.413772 2.051196 0.577049 -0.321829
    29 -0.552532 -1.343527 1.604446 -0.485838 0.062049 -0.739325
    30 0.552589 1.343534 -1.604463 -0.928669 0.192807 -1.058549
    31 0.000000 -2.021618 -0.000004 0.659833 0.000000 0.000000
    32 -0.000021 2.021633 0.000027 0.009828 0.000000 0.000000
    33 -0.000004 -1.136217 -0.000004 -0.710520 0.000000 0.000000
    34 -0.000011 1.136200 -0.000019 -0.497093 0.000000 0.000000
    35 -0.032677 -4.587727 1.352317 4.017987 1.097500 3.071581
    36 0.032719 4.587772 -1.352291 4.504576 1.116280 4.169835
    37 0.000000 -1.754536 -0.000002 0.662789 0.000000 0.000000
    38 -0.000006 1.754520 -0.000034 0.202280 0.000000 0.000000
    39 0.000000 -1.227020 -0.000002 0.092660 0.000000 0.000000
    40 0.000002 1.227070 0.000032 -0.424493 0.000000 0.000000
    41 -0.367996 -4.208406 0.173244 3.975799 0.870972 2.811773
    42 0.368011 4.208412 -0.173239 2.779655 1.077129 2.660148
    43 0.000000 -2.372318 -0.000004 0.722081 0.000000 0.000000
    44 -0.000006 2.372318 -0.000032 0.722081 0.000000 0.000000
    45 0.000004 -1.580070 -0.000001 -0.342081 0.000000 0.000000
    46 -0.000002 1.580170 0.000030 -0.534343 0.000000 0.000000
    47 -0.937645 -3.860697 -0.959317 4.112297 0.813995 2.571254
    48 0.937672 3.860714 0.959333 2.632093 0.661017 2.222938
    49 0.000000 -1.690632 0.000000 1.684183 0.000000 0.000000
    50 -0.000013 1.690666 0.000021 0.491549 0.000000 0.000000
    51 -0.000002 -1.423443 0.000002 0.234212 0.000000 0.000000
    52 0.000008 1.423420 0.000028 -0.411221 0.000000 0.000000
    53 -1.546646 -3.404194 -1.915569 4.254297 0.651326 2.362501
    54 1.546661 3.404217 1.915585 2.888344 0.835443 1.899946
    55 0.000004 -1.437820 0.000000 1.165742 0.000000 0.000000
    56 -0.000021 1.437870 0.000031 0.424957 0.000000 0.000000
    57 -0.000002 -1.059402 0.000000 0.447515 0.000000 0.000000
    58 0.000006 1.059372 0.000008 0.322075 0.000000 0.000000
    59 -0.000004 -13.013485 -0.000004 0.000000 0.000000 0.000000
    60 0.000000 -10.813480 -0.000004 0.000000 0.000000 0.000000
  time 43
    0 3.357422 4.734375 -15.507813 -1.559898 -0.000007 -0.000009
    1 -17.852499 2.873341 -18.252413 -1.286887 -0.108047 -0.881259
    2 0.000000 14.313023 0.000003 -0.552142 -0.255429 -1.202553
    3 -0.000011 13.013483 -0.000005 -0.135966 -0.264136 0.964981
    4 22.153408 29.514794 -4.751998 0.725504 0.168448 -0.482680
    5 0.000000 -14.313034 0.000000 -0.485173 0.001421 -0.000722
    6 -0.000004 -13.013485 -0.000004 0.182229 0.261354 0.381577
    7 -1.330879 -2.698427 0.462449 -0.194886 -0.547260 3.056712
    8 1.330910 2.698444 -0.462436 0.194890 0.547268 -0.084879
    9 8.586266 7.106662 -4.172623 -1.729097 0.672507 -0.307448
    10 3.556210 4.238403 0.987502 -1.090396 0.577049 -0.321829
    11 4.139183 5.092691 1.421975 -1.090396 0.577049 -0.321829
    12 4.777527 6.028128 1.897721 -1.090396 0.577049 -0.321829
    13 5.490345 7.072691 2.428969 -1.090396 0.577049 -0.321829
    14 6.564566 8.646956 3.229776 -1.090396 0.577049 -0.321829
    15 7.558525 6.997282 -2.354134 -1.937336 -0.275393 3.010581
    16 7.558525 6.997282 -2.354134 1.937336 0.275393 -0.131011
    17 -2.867767 -2.740969 0.531125 2.051196 0.577049 -0.321829
    18 4.324081 2.744001 -0.524877 -1.090396 0.577049 -0.321829
    19 5.012512 3.752832 -0.011802 -1.090396 0.577049 -0.321829
    20 5.595486 4.607124 0.422674 -1.090396 0.577049 -0.321829
    21 6.233833 5.542564 0.898426 -1.090396 0.577049 -0.321829
    22 6.946648 6.587124 1.429667 -1.090396 0.577049 -0.321829
    23 7.537933 7.453606 1.870349 -1.090396 0.577049 -0.321829
    24 8.154472 8.357077 2.329839 -1.090396 0.577049 -0.321829
    25 8.874294 9.411907 2.866308 -1.090396 0.577049 -0.321829
    26 -4.125858 -2.321501 1.394414 2.051196 0.577049 -0.321829
    27 -4.826813 -3.348669 0.872014 2.051196 0.577049 -0.321829
    28 -5.441669 -4.249685 0.413772 2.051196 0.577049 -0.321829
    29 -0.552532 -1.343527 1.604446 -0.485838 0.062049 -0.739325
    30 0.552589 1.343534 -1.604463 -0.928669 0.192807 -1.058549
    31 0.000000 -2.021618 -0.000004 0.659833 0.000000 0.000000
    32 -0.000021 2.021633 0.000027 0.009665 0.000000 0.000000
    33 -0.000004 -1.136217 -0.000004 -0.710520 0.000000 0.000000
    34 -0.000011 1.136200 -0.000019 -0.497093 0.000000 0.000000
    35 -0.032677 -4.587727 1.352317 4.017987 1.097500 3.071581
    36 0.032719 4.587772 -1.352291 4.504576 1.116280 4.169835
    37 0.000000 -1.754536 -0.000002 0.662816 0.000000 0.000000
    38 -0.000006 1.754520 -0.000034 0.202280 0.000000 0.000000
    39 0.000000 -1.227020 -0.000002 0.092660 0.000000 0.000000
    40 0.000002 1.227070 0.000032 -0.424493 0.000000 0.000000
    41 -0.367996 -4.208406 0.173244 3.975799 0.870972 2.811773
    42 0.368011 4.208412 -0.173239 2.779655 1.077129 2.660148
    43 0.000000 -2.372318 -0.000004 0.722081 0.000000 0.000000
    44 -0.000006 2.372318 -0.000032 0.722081 0.000000 0.000000
    45 0.000004 -1.580070 -0.000001 -0.342081 0.000000 0.000000
    46 -0.000002 1.580170 0.000030 -0.534343 0.000000 0.000000
    47 -0.937645 -3.860697 -0.959317 4.112297 0.813995 2.571254
    48 0.937672 3.860714 0.959333 2.632093 0.661017 2.222938
    49 0.000000 -1.690632 0.000000 1.684492 0.000000 0.000000
    50 -0.000013 1.690666 0.000021 0.491549 0.000000 0.000000
    51 -0.000002 -1.423443 0.000002 0.234212 0.000000 0.000000
    52 0.000008 1.423420 0.000028 -0.411221 0.000000 0.000000
    53 -1.546646 -3.404194 -1.915569 4.254297 0.651326 2.362501
    54 1.546661 3.404217 1.915585 2.888344 0.835443 1.899946
    55 0.000004 -1.437820 0.000000 1.165742 0.000000 0.000000
    56 -0.000021 1.437870 0.000031 0.424957 0.000000 0.000000
    57 -0.000002 -1.059402 0.000000 0.447515 0.000000 0.000000
    58 0.000006 1.059372 0.000008 0.322075 0.000000 0.000000
    59 -0.000004 -13.013485 -0.000004 0.000000 0.000000 0.000000
    60 0.000000 -10.813480 -0.000004 0.000000 0.000000 0.000000
  time 44
    0 3.357422 4.734375 -15.507813 -1.559898 -0.000007 -0.000009
    1 -17.852499 2.767869 -18.252413 -1.286242 -0.108047 -0.881259
    2 0.000000 14.313023 0.000003 -0.552142 -0.255228 -1.202553
    3 -0.000011 13.013483 -0.000005 -0.135966 -0.264136 0.964981
    4 21.461981 27.440512 -5.033257 0.716598 0.158139 -0.468506
    5 0.000000 -14.313034 0.000000 -0.485053 0.001454 -0.000722
    6 -0.000004 -13.013485 -0.000004 0.161962 0.274262 0.365845
    7 -1.330879 -2.698427 0.462449 -0.194886 -0.547260 3.056712
    8 1.330910 2.698444 -0.462436 0.194890 0.547268 -0.084879
    9 8.586266 7.106662 -4.172623 -1.729097 0.672507 -0.307448
    10 3.556210 4.238403 0.987502 -1.090396 0.577049 -0.321829
    11 4.139183 5.092691 1.421975 -1.090396 0.577049 -0.321829
    12 4.777527 6.028128 1.897721 -1.090396 0.577049 -0.321829
    13 5.490345 7.072691 2.428969 -1.090396 0.577049 -0.321829
    14 6.564566 8.646956 3.229776 -1.090396 0.577049 -0.321829
    15 7.558525 6.997282 -2.354134 -1.937336 -0.275393 3.010581
    16 7.558525 6.997282 -2.354134 1.937336 0.275393 -0.131011
    17 -2.867767 -2.740969 0.531125 2.051196 0.577049 -0.321829
    18 4.324081 2.744001 -0.524877 -1.090396 0.577049 -0.321829
    19 5.012512 3.752832 -0.011802 -1.090396 0.577049 -0.321829
    20 5.595486 4.607124 0.422674 -1.090396 0.577049 -0.321829
    21 6.233833 5.542564 0.898426 -1.090396 0.577049 -0.321829
    22 6.946648 6.587124 1.429667 -1.090396 0.577049 -0.321829
    23 7.537933 7.453606 1.870349 -1.090396 0.577049 -0.321829
    24 8.154472 8.357077 2.329839 -1.090396 0.577049 -0.321829
    25 8.874294 9.411907 2.866308 -1.090396 0.577049 -0.321829
    26 -4.125858 -2.321501 1.394414 2.051196 0.577049 -0.321829
    27 -4.826813 -3.348669 0.872014 2.051196 0.577049 -0.321829
    28 -5.441669 -4.249685 0.413772 2.051196 0.577049 -0.321829
    29 -0.552532 -1.343527 1.604446 -0.485807 0.062049 -0.739325
    30 0.552589 1.343534 -1.604463 -0.928669 0.192807 -1.058549
    31 0.000000 -2.021618 -0.000004 0.659833 0.000000 0.000000
    32 -0.000021 2.021633 0.000027 0.009501 0.000000 0.000000
    33 -0.000004 -1.136217 -0.000004 -0.710520 0.000000 0.000000
    34 -0.000011 1.136200 -0.000019 -0.497093 0.000000 0.000000
    35 -0.032677 -4.587727 1.352317 4.017987 1.097500 3.071581
    36 0.032719 4.587772 -1.352291 4.504576 1.116280 4.169835
    37 0.000000 -1.754536 -0.000002 0.662843 0.000000 0.000000
    38 -0.000006 1.754520 -0.000034 0.202280 0.000000 0.000000
    39 0.000000 -1.227020 -0.000002 0.092660 0.000000 0.000000
    40 0.000002 1.227070 0.000032 -0.424493 0.000000 0.000000
    41 -0.367996 -4.208406 0.173244 3.975799 0.870972 2.811773
    42 0.368011 4.208412 -0.173239 2.779655 1.077129 2.660148
    43 0.000000 -2.372318 -0.000004 0.722081 0.000000 0.000000
    44 -0.000006 2.372318 -0.000032 0.722081 0.000000 0.000000
    45 0.000004 -1.580070 -0.000001 -0.342081 0.000000 0.000000
    46 -0.000002 1.580170 0.000030 -0.534343 0.000000 0.000000
    47 -0.937645 -3.860697 -0.959317 4.112297 0.813995 2.571254
    48 0.937672 3.860714 0.959333 2.632093 0.661017 2.222938
    49 0.000000 -1.690632 0.000000 1.684762 0.000000 0.000000
    50 -0.000013 1.690666 0.000021 0.491549 0.000000 0.000000
    51 -0.000002 -1.423443 0.000002 0.234212 0.000000 0.000000
    52 0.000008 1.423420 0.000028 -0.411221 0.000000 0.000000
    53 -1.546646 -3.404194 -1.915569 4.254297 0.651326 2.362501
    54 1.546661 3.404217 1.915585 2.888344 0.835443 1.899946
    55 0.000004 -1.437820 0.000000 1.165742 0.000000 0.000000
    56 -0.000021 1.437870 0.000031 0.424957 0.000000 0.000000
    57 -0.000002 -1.059402 0.000000 0.447515 0.000000 0.000000
    58 0.000006 1.059372 0.000008 0.322075 0.000000 0.000000
    59 -0.000004 -13.013485 -0.000004 0.000000 0.000000 0.000000
    60 0.000000 -10.813480 -0.000004 0.000000 0.000000 0.000000
  time 45
    0 3.357422 4.734375 -15.507813 -1.559898 -0.000007 -0.000009
    1 -17.852499 2.736618 -18.252413 -1.284860 -0.108047 -0.881259
    2 0.000000 14.313023 0.000003 -0.552081 -0.255027 -1.202473
    3 -0.000011 13.013483 -0.000005 -0.135966 -0.264136 0.964981
    4 20.512733 25.127941 -5.306703 0.713534 0.144420 -0.454332
    5 0.000000 -14.313034 0.000000 -0.484933 0.001487 -0.000770
    6 -0.000004 -13.013485 -0.000004 0.140613 0.288265 0.348492
    7 -1.330879 -2.698427 0.462449 -0.194886 -0.547260 3.056712
    8 1.330910 2.698444 -0.462436 0.194890 0.547268 -0.084879
    9 8.586266 7.106662 -4.172623 -1.729097 0.672507 -0.307448
    10 3.556210 4.238403 0.987502 -1.090396 0.577049 -0.321829
    11 4.139183 5.092691 1.421975 -1.090396 0.577049 -0.321829
    12 4.777527 6.028128 1.897721 -1.090396 0.577049 -0.321829
    13 5.490345 7.072691 2.428969 -1.090396 0.577049 -0.321829
    14 6.564566 8.646956 3.229776 -1.090396 0.577049 -0.321829
    15 7.558525 6.997282 -2.354134 -1.937336 -0.275393 3.010581
    16 7.558525 6.997282 -2.354134 1.937336 0.275393 -0.131011
    17 -2.867767 -2.740969 0.531125 2.051196 0.577049 -0.321829
    18 4.324081 2.744001 -0.524877 -1.090396 0.577049 -0.321829
    19 5.012512 3.752832 -0.011802 -1.090396 0.577049 -0.321829
    20 5.595486 4.607124 0.422674 -1.090396 0.577049 -0.321829
    21 6.233833 5.542564 0.898426 -1.090396 0.577049 -0.321829
    22 6.946648 6.587124 1.429667 -1.090396 0.577049 -0.321829
    23 7.537933 7.453606 1.870349 -1.090396 0.577049 -0.321829
    24 8.154472 8.357077 2.329839 -1.090396 0.577049 -0.321829
    25 8.874294 9.411907 2.866308 -1.090396 0.577049 -0.321829
    26 -4.125858 -2.321501 1.394414 2.051196 0.577049 -0.321829
    27 -4.826813 -3.348669 0.872014 2.051196 0.577049 -0.321829
    28 -5.441669 -4.249685 0.413772 2.051196 0.577049 -0.321829
    29 -0.552532 -1.343527 1.604446 -0.485838 0.062049 -0.739325
    30 0.552589 1.343534 -1.604463 -0.928669 0.192807 -1.058549
    31 0.000000 -2.021618 -0.000004 0.659833 0.000000 0.000000
    32 -0.000021 2.021633 0.000027 0.009338 0.000000 0.000000
    33 -0.000004 -1.136217 -0.000004 -0.710520 0.000000 0.000000
    34 -0.000011 1.136200 -0.000019 -0.497093 0.000000 0.000000
    35 -0.032677 -4.587727 1.352317 4.017987 1.097500 3.071581
    36 0.032719 4.587772 -1.352291 4.504576 1.116280 4.169835
    37 0.000000 -1.754536 -0.000002 0.662816 0.000000 0.000000
    38 -0.000006 1.754520 -0.000034 0.202280 0.000000 0.000000
    39 0.000000 -1.227020 -0.000002 0.092660 0.000000 0.000000
    40 0.000002 1.227070 0.000032 -0.424493 0.000000 0.000000
    41 -0.367996 -4.208406 0.173244 3.975799 0.870972 2.811773
    42 0.368011 4.208412 -0.173239 2.779655 1.077129 2.660148
    43 0.000000 -2.372318 -0.000004 0.722081 0.000000 0.000000
    44 -0.000006 2.372318 -0.000032 0.722081 0.000000 0.000000
    45 0.000004 -1.580070 -0.000001 -0.342081 0.000000 0.000000
    46 -0.000002 1.580170 0.000030 -0.534343 0.000000 0.000000
    47 -0.937645 -3.860697 -0.959317 4.112297 0.813995 2.571254
    48 0.937672 3.860714 0.959333 2.632093 0.661017 2.222938
    49 0.000000 -1.690632 0.000000 1.685070 0.000000 0.000000
    50 -0.000013 1.690666 0.000021 0.491549 0.000000 0.000000
    51 -0.000002 -1.423443 0.000002 0.234212 0.000000 0.000000
    52 0.000008 1.423420 0.000028 -0.411221 0.000000 0.000000
    53 -1.546646 -3.404194 -1.915569 4.254297 0.651326 2.362501
    54 1.546661 3.404217 1.915585 2.888344 0.835443 1.899946
    55 0.000004 -1.437820 0.000000 1.165742 0.000000 0.000000
    56 -0.000021 1.437870 0.000031 0.424957 0.000000 0.000000
    57 -0.000002 -1.059402 0.000000 0.447515 0.000000 0.000000
    58 0.000006 1.059372 0.000008 0.322075 0.000000 0.000000
    59 -0.000004 -13.013485 -0.000004 0.000000 0.000000 0.000000
    60 0.000000 -10.813480 -0.000004 0.000000 0.000000 0.000000
  time 46
    0 3.357422 4.734375 -15.507813 -1.559898 -0.000007 -0.000009
    1 -17.852499 2.767869 -18.252413 -1.283478 -0.108047 -0.881259
    2 0.000000 14.313023 0.000003 -0.552081 -0.254725 -1.202352
    3 -0.000011 13.013483 -0.000005 -0.135966 -0.264136 0.964981
    4 19.395511 22.694273 -5.599680 0.713917 0.128731 -0.440349
    5 0.000000 -14.313034 0.000000 -0.484873 0.001553 -0.000770
    6 -0.000004 -13.013485 -0.000004 0.118273 0.303179 0.329327
    7 -1.330879 -2.698427 0.462449 -0.194886 -0.547260 3.056712
    8 1.330910 2.698444 -0.462436 0.194890 0.547268 -0.084879
    9 8.586266 7.106662 -4.172623 -1.729097 0.672507 -0.307448
    10 3.556210 4.238403 0.987502 -1.090396 0.577049 -0.321829
    11 4.139183 5.092691 1.421975 -1.090396 0.577049 -0.321829
    12 4.777527 6.028128 1.897721 -1.090396 0.577049 -0.321829
    13 5.490345 7.072691 2.428969 -1.090396 0.577049 -0.321829
    14 6.564566 8.646956 3.229776 -1.090396 0.577049 -0.321829
    15 7.558525 6.997282 -2.354134 -1.937336 -0.275393 3.010581
    16 7.558525 6.997282 -2.354134 1.937336 0.275393 -0.131011
    17 -2.867767 -2.740969 0.531125 2.051196 0.577049 -0.321829
    18 4.324081 2.744001 -0.524877 -1.090396 0.577049 -0.321829
    19 5.012512 3.752832 -0.011802 -1.090396 0.577049 -0.321829
    20 5.595486 4.607124 0.422674 -1.090396 0.577049 -0.321829
    21 6.233833 5.542564 0.898426 -1.090396 0.577049 -0.321829
    22 6.946648 6.587124 1.429667 -1.090396 0.577049 -0.321829
    23 7.537933 7.453606 1.870349 -1.090396 0.577049 -0.321829
    24 8.154472 8.357077 2.329839 -1.090396 0.577049 -0.321829
    25 8.874294 9.411907 2.866308 -1.090396 0.577049 -0.321829
    26 -4.125858 -2.321501 1.394414 2.051196 0.577049 -0.321829
    27 -4.826813 -3.348669 0.872014 2.051196 0.577049 -0.321829
    28 -5.441669 -4.249685 0.413772 2.051196 0.577049 -0.321829
    29 -0.552532 -1.343527 1.604446 -0.485838 0.062049 -0.739325
    30 0.552589 1.343534 -1.604463 -0.928669 0.192807 -1.058549
    31 0.000000 -2.021618 -0.000004 0.659833 0.000000 0.000000
    32 -0.000021 2.021633 0.000027 0.009203 0.000000 0.000000
    33 -0.000004 -1.136217 -0.000004 -0.710520 0.000000 0.000000
    34 -0.000011 1.136200 -0.000019 -0.497093 0.000000 0.000000
    35 -0.032677 -4.587727 1.352317 4.017987 1.097500 3.071581
    36 0.032719 4.587772 -1.352291 4.504576 1.116280 4.169835
    37 0.000000 -1.754536 -0.000002 0.662816 0.000000 0.000000
    38 -0.000006 1.754520 -0.000034 0.202280 0.000000 0.000000
    39 0.000000 -1.227020 -0.000002 0.092660 0.000000 0.000000
    40 0.000002 1.227070 0.000032 -0.424493 0.000000 0.000000
    41 -0.367996 -4.208406 0.173244 3.975799 0.870972 2.811773
    42 0.368011 4.208412 -0.173239 2.779655 1.077129 2.660148
    43 0.000000 -2.372318 -0.000004 0.722081 0.000000 0.000000
    44 -0.000006 2.372318 -0.000032 0.722081 0.000000 0.000000
    45 0.000004 -1.580070 -0.000001 -0.342081 0.000000 0.000000
    46 -0.000002 1.580170 0.000030 -0.534343 0.000000 0.000000
    47 -0.937645 -3.860697 -0.959317 4.112297 0.813995 2.571254
    48 0.937672 3.860714 0.959333 2.632093 0.661017 2.222938
    49 0.000000 -1.690632 0.000000 1.685340 0.000000 0.000000
    50 -0.000013 1.690666 0.000021 0.491549 0.000000 0.000000
    51 -0.000002 -1.423443 0.000002 0.234212 0.000000 0.000000
    52 0.000008 1.423420 0.000028 -0.411221 0.000000 0.000000
    53 -1.546646 -3.404194 -1.915569 4.254297 0.651326 2.362501
    54 1.546661 3.404217 1.915585 2.888344 0.835443 1.899946
    55 0.000004 -1.437820 0.000000 1.165742 0.000000 0.000000
    56 -0.000021 1.437870 0.000031 0.424957 0.000000 0.000000
    57 -0.000002 -1.059402 0.000000 0.447515 0.000000 0.000000
    58 0.000006 1.059372 0.000008 0.322075 0.000000 0.000000
    59 -0.000004 -13.013485 -0.000004 0.000000 0.000000 0.000000
    60 0.000000 -10.813480 -0.000004 0.000000 0.000000 0.000000
  time 47
    0 3.357422 4.734375 -15.507813 -1.559898 -0.000007 -0.000009
    1 -17.852499 2.842090 -18.252413 -1.281911 -0.108047 -0.881259
    2 0.000000 14.313023 0.000003 -0.552081 -0.254398 -1.202352
    3 -0.000011 13.013483 -0.000005 -0.135966 -0.264136 0.964981
    4 18.200162 20.291856 -5.920003 0.716120 0.112056 -0.426463
    5 0.000000 -14.313034 0.000000 -0.484873 0.001586 -0.000818
    6 -0.000004 -13.013485 -0.000004 0.095033 0.319098 0.308351
    7 -1.330879 -2.698427 0.462449 -0.194886 -0.547260 3.056712
    8 1.330910 2.698444 -0.462436 0.194890 0.547268 -0.084879
    9 8.586266 7.106662 -4.172623 -1.729097 0.672507 -0.307448
    10 3.556210 4.238403 0.987502 -1.090396 0.577049 -0.321829
    11 4.139183 5.092691 1.421975 -1.090396 0.577049 -0.321829
    12 4.777527 6.028128 1.897721 -1.090396 0.577049 -0.321829
    13 5.490345 7.072691 2.428969 -1.090396 0.577049 -0.321829
    14 6.564566 8.646956 3.229776 -1.090396 0.577049 -0.321829
    15 7.558525 6.997282 -2.354134 -1.937336 -0.275393 3.010581
    16 7.558525 6.997282 -2.354134 1.937336 0.275393 -0.131011
    17 -2.867767 -2.740969 0.531125 2.051196 0.577049 -0.321829
    18 4.324081 2.744001 -0.524877 -1.090396 0.577049 -0.321829
    19 5.012512 3.752832 -0.011802 -1.090396 0.577049 -0.321829
    20 5.595486 4.607124 0.422674 -1.090396 0.577049 -0.321829
    21 6.233833 5.542564 0.898426 -1.090396 0.577049 -0.321829
    22 6.946648 6.587124 1.429667 -1.090396 0.577049 -0.321829
    23 7.537933 7.453606 1.870349 -1.090396 0.577049 -0.321829
    24 8.154472 8.357077 2.329839 -1.090396 0.577049 -0.321829
    25 8.874294 9.411907 2.866308 -1.090396 0.577049 -0.321829
    26 -4.125858 -2.321501 1.394414 2.051196 0.577049 -0.321829
    27 -4.826813 -3.348669 0.872014 2.051196 0.577049 -0.321829
    28 -5.441669 -4.249685 0.413772 2.051196 0.577049 -0.321829
    29 -0.552532 -1.343527 1.604446 -0.485838 0.062049 -0.739325
    30 0.552589 1.343534 -1.604463 -0.928669 0.192807 -1.058549
    31 0.000000 -2.021618 -0.000004 0.659833 0.000000 0.000000
    32 -0.000021 2.021633 0.000027 0.009040 0.000000 0.000000
    33 -0.000004 -1.136217 -0.000004 -0.710520 0.000000 0.000000
    34 -0.000011 1.136200 -0.000019 -0.497093 0.000000 0.000000
    35 -0.032677 -4.587727 1.352317 4.017987 1.097500 3.071581
    36 0.032719 4.587772 -1.352291 4.504576 1.116280 4.169835
    37 0.000000 -1.754536 -0.000002 0.662869 0.000000 0.000000
    38 -0.000006 1.754520 -0.000034 0.202280 0.000000 0.000000
    39 0.000000 -1.227020 -0.000002 0.092660 0.000000 0.000000
    40 0.000002 1.227070 0.000032 -0.424493 0.000000 0.000000
    41 -0.367996 -4.208406 0.173244 3.975799 0.870972 2.811773
    42 0.368011 4.208412 -0.173239 2.779655 1.077129 2.660148
    43 0.000000 -2.372318 -0.000004 0.722081 0.000000 0.000000
    44 -0.000006 2.372318 -0.000032 0.722081 0.000000 0.000000
    45 0.000004 -1.580070 -0.000001 -0.342081 0.000000 0.000000
    46 -0.000002 1.580170 0.000030 -0.534343 0.000000 0.000000
    47 -0.937645 -3.860697 -0.959317 4.112297 0.813995 2.571254
    48 0.937672 3.860714 0.959333 2.632093 0.661017 2.222938
    49 0.000000 -1.690632 0.000000 1.685610 0.000000 0.000000
    50 -0.000013 1.690666 0.000021 0.491549 0.000000 0.000000
    51 -0.000002 -1.423443 0.000002 0.234212 0.000000 0.000000
    52 0.000008 1.423420 0.000028 -0.411221 0.000000 0.000000
    53 -1.546646 -3.404194 -1.915569 4.254297 0.651326 2.362501
    54 1.546661 3.404217 1.915585 2.888344 0.835443 1.899946
    55 0.000004 -1.437820 0.000000 1.165742 0.000000 0.000000
    56 -0.000021 1.437870 0.000031 0.424957 0.000000 0.000000
    57 -0.000002 -1.059402 0.000000 0.447515 0.000000 0.000000
    58 0.000006 1.059372 0.000008 0.322075 0.000000 0.000000
    59 -0.000004 -13.013485 -0.000004 0.000000 0.000000 0.000000
    60 0.000000 -10.813480 -0.000004 0.000000 0.000000 0.000000
  time 48
    0 3.357422 4.734375 -15.507813 -1.559898 -0.000007 -0.000009
    1 -17.852499 2.951468 -18.252413 -1.280529 -0.108047 -0.881259
    2 0.000000 14.313023 0.000003 -0.552020 -0.254096 -1.202231
    3 -0.000011 13.013483 -0.000005 -0.135966 -0.264136 0.964981
    4 17.000907 18.026162 -6.259857 0.718131 0.095267 -0.412480
    5 0.000000 -14.313034 0.000000 -0.484814 0.001653 -0.000818
    6 -0.000004 -13.013485 -0.000004 0.070802 0.336157 0.285277
    7 -1.330879 -2.698427 0.462449 -0.194886 -0.547260 3.056712
    8 1.330910 2.698444 -0.462436 0.194890 0.547268 -0.084879
    9 8.586266 7.106662 -4.172623 -1.729097 0.672507 -0.307448
    10 3.556210 4.238403 0.987502 -1.090396 0.577049 -0.321829
    11 4.139183 5.092691 1.421975 -1.090396 0.577049 -0.321829
    12 4.777527 6.028128 1.897721 -1.090396 0.577049 -0.321829
    13 5.490345 7.072691 2.428969 -1.090396 0.577049 -0.321829
    14 6.564566 8.646956 3.229776 -1.090396 0.577049 -0.321829
    15 7.558525 6.997282 -2.354134 -1.937336 -0.275393 3.010581
    16 7.558525 6.997282 -2.354134 1.937336 0.275393 -0.131011
    17 -2.867767 -2.740969 0.531125 2.051196 0.577049 -0.321829
    18 4.324081 2.744001 -0.524877 -1.090396 0.577049 -0.321829
    19 5.012512 3.752832 -0.011802 -1.090396 0.577049 -0.321829
    20 5.595486 4.607124 0.422674 -1.090396 0.577049 -0.321829
    21 6.233833 5.542564 0.898426 -1.090396 0.577049 -0.321829
    22 6.946648 6.587124 1.429667 -1.090396 0.577049 -0.321829
    23 7.537933 7.453606 1.870349 -1.090396 0.577049 -0.321829
    24 8.154472 8.357077 2.329839 -1.090396 0.577049 -0.321829
    25 8.874294 9.411907 2.866308 -1.090396 0.577049 -0.321829
    26 -4.125858 -2.321501 1.394414 2.051196 0.577049 -0.321829
    27 -4.826813 -3.348669 0.872014 2.051196 0.577049 -0.321829
    28 -5.441669 -4.249685 0.413772 2.051196 0.577049 -0.321829
    29 -0.552532 -1.343527 1.604446 -0.485838 0.062049 -0.739325
    30 0.552589 1.343534 -1.604463 -0.928669 0.192807 -1.058549
    31 0.000000 -2.021618 -0.000004 0.659833 0.000000 0.000000
    32 -0.000021 2.021633 0.000027 0.008877 0.000000 0.000000
    33 -0.000004 -1.136217 -0.000004 -0.710520 0.000000 0.000000
    34 -0.000011 1.136200 -0.000019 -0.497093 0.000000 0.000000
    35 -0.032677 -4.587727 1.352317 4.017987 1.097500 3.071581
    36 0.032719 4.587772 -1.352291 4.504576 1.116280 4.169835
    37 0.000000 -1.754536 -0.000002 0.662869 0.000000 0.000000
    38 -0.000006 1.754520 -0.000034 0.202280 0.000000 0.000000
    39 0.000000 -1.227020 -0.000002 0.092660 0.000000 0.000000
    40 0.000002 1.227070 0.000032 -0.424493 0.000000 0.000000
    41 -0.367996 -4.208406 0.173244 3.975799 0.870972 2.811773
    42 0.368011 4.208412 -0.173239 2.779655 1.077129 2.660148
    43 0.000000 -2.372318 -0.000004 0.722081 0.000000 0.000000
    44 -0.000006 2.372318 -0.000032 0.722081 0.000000 0.000000
    45 0.000004 -1.580070 -0.000001 -0.342081 0.000000 0.000000
    46 -0.000002 1.580170 0.000030 -0.534343 0.000000 0.000000
    47 -0.937645 -3.860697 -0.959317 4.112297 0.813995 2.571254
    48 0.937672 3.860714 0.959333 2.632093 0.661017 2.222938
    49 0.000000 -1.690632 0.000000 1.685919 0.000000 0.000000
    50 -0.000013 1.690666 0.000021 0.491549 0.000000 0.000000
    51 -0.000002 -1.423443 0.000002 0.234212 0.000000 0.000000
    52 0.000008 1.423420 0.000028 -0.411221 0.000000 0.000000
    53 -1.546646 -3.404194 -1.915569 4.254297 0.651326 2.362501
    54 1.546661 3.404217 1.915585 2.888344 0.835443 1.899946
    55 0.000004 -1.437820 0.000000 1.165742 0.000000 0.000000
    56 -0.000021 1.437870 0.000031 0.424957 0.000000 0.000000
    57 -0.000002 -1.059402 0.000000 0.447515 0.000000 0.000000
    58 0.000006 1.059372 0.000008 0.322075 0.000000 0.000000
    59 -0.000004 -13.013485 -0.000004 0.000000 0.000000 0.000000
    60 0.000000 -10.813480 -0.000004 0.000000 0.000000 0.000000
  time 49
    0 3.357422 4.734375 -15.507813 -1.559898 -0.000007 -0.000009
    1 -17.852499 3.076472 -18.252413 -1.279147 -0.108047 -0.881259
    2 0.000000 14.313023 0.000003 -0.551959 -0.253769 -1.202191
    3 -0.000011 13.013483 -0.000005 -0.135966 -0.264136 0.964981
    4 15.895405 16.045633 -6.619243 0.718514 0.079615 -0.398306
    5 0.000000 -14.313034 0.000000 -0.484694 0.001686 -0.000915
    6 -0.000004 -13.013485 -0.000004 0.045490 0.354356 0.259915
    7 -1.330879 -2.698427 0.462449 -0.194886 -0.547260 3.056712
    8 1.330910 2.698444 -0.462436 0.194890 0.547268 -0.084879
    9 8.586266 7.106662 -4.172623 -1.729097 0.672507 -0.307448
    10 3.556210 4.238403 0.987502 -1.090396 0.577049 -0.321829
    11 4.139183 5.092691 1.421975 -1.090396 0.577049 -0.321829
    12 4.777527 6.028128 1.897721 -1.090396 0.577049 -0.321829
    13 5.490345 7.072691 2.428969 -1.090396 0.577049 -0.321829
    14 6.564566 8.646956 3.229776 -1.090396 0.577049 -0.321829
    15 7.558525 6.997282 -2.354134 -1.937336 -0.275393 3.010581
    16 7.558525 6.997282 -2.354134 1.937336 0.275393 -0.131011
    17 -2.867767 -2.740969 0.531125 2.051196 0.577049 -0.321829
    18 4.324081 2.744001 -0.524877 -1.090396 0.577049 -0.321829
    19 5.012512 3.752832 -0.011802 -1.090396 0.577049 -0.321829
    20 5.595486 4.607124 0.422674 -1.090396 0.577049 -0.321829
    21 6.233833 5.542564 0.898426 -1.090396 0.577049 -0.321829
    22 6.946648 6.587124 1.429667 -1.090396 0.577049 -0.321829
    23 7.537933 7.453606 1.870349 -1.090396 0.577049 -0.321829
    24 8.154472 8.357077 2.329839 -1.090396 0.577049 -0.321829
    25 8.874294 9.411907 2.866308 -1.090396 0.577049 -0.321829
    26 -4.125858 -2.321501 1.394414 2.051196 0.577049 -0.321829
    27 -4.826813 -3.348669 0.872014 2.051196 0.577049 -0.321829
    28 -5.441669 -4.249685 0.413772 2.051196 0.577049 -0.321829
    29 -0.552532 -1.343527 1.604446 -0.485838 0.062049 -0.739325
    30 0.552589 1.343534 -1.604463 -0.928669 0.192807 -1.058549
    31 0.000000 -2.021618 -0.000004 0.659833 0.000000 0.000000
    32 -0.000021 2.021633 0.000027 0.008714 0.000000 0.000000
    33 -0.000004 -1.136217 -0.000004 -0.710520 0.000000 0.000000
    34 -0.000011 1.136200 -0.000019 -0.497093 0.000000 0.000000
    35 -0.032677 -4.587727 1.352317 4.017987 1.097500 3.071581
    36 0.032719 4.587772 -1.352291 4.504576 1.116280 4.169835
    37 0.000000 -1.754536 -0.000002 0.662869 0.000000 0.000000
    38 -0.000006 1.754520 -0.000034 0.202280 0.000000 0.000000
    39 0.000000 -1.227020 -0.000002 0.092660 0.000000 0.000000
    40 0.000002 1.227070 0.000032 -0.424493 0.000000 0.000000
    41 -0.367996 -4.208406 0.173244 3.975799 0.870972 2.811773
    42 0.368011 4.208412 -0.173239 2.779655 1.077129 2.660148
    43 0.000000 -2.372318 -0.000004 0.722081 0.000000 0.000000
    44 -0.000006 2.372318 -0.000032 0.722081 0.000000 0.000000
    45 0.000004 -1.580070 -0.000001 -0.342081 0.000000 0.000000
    46 -0.000002 1.580170 0.000030 -0.534343 0.000000 0.000000
    47 -0.937645 -3.860697 -0.959317 4.112297 0.813995 2.571254
    48 0.937672 3.860714 0.959333 2.632093 0.661017 2.222938
    49 0.000000 -1.690632 0.000000 1.686189 0.000000 0.000000
    50 -0.000013 1.690666 0.000021 0.491549 0.000000 0.000000
    51 -0.000002 -1.423443 0.000002 0.234212 0.000000 0.000000
    52 0.000008 1.423420 0.000028 -0.411221 0.000000 0.000000
    53 -1.546646 -3.404194 -1.915569 4.254297 0.651326 2.362501
    54 1.546661 3.404217 1.915585 2.888344 0.835443 1.899946
    55 0.000004 -1.437820 0.000000 1.165742 0.000000 0.000000
    56 -0.000021 1.437870 0.000031 0.424957 0.000000 0.000000
    57 -0.000002 -1.059402 0.000000 0.447515 0.000000 0.000000
    58 0.000006 1.059372 0.000008 0.322075 0.000000 0.000000
    59 -0.000004 -13.013485 -0.000004 0.000000 0.000000 0.000000
    60 0.000000 -10.813480 -0.000004 0.000000 0.000000 0.000000
  time 50
    0 3.357422 4.734375 -15.507813 -1.559898 -0.000007 -0.000009
    1 -17.852499 3.201476 -18.252413 -1.277672 -0.108047 -0.881259
    2 0.000000 14.313023 0.000003 -0.551959 -0.253467 -1.202070
    3 -0.000011 13.013483 -0.000005 -0.135966 -0.264136 0.964981
    4 14.957876 14.471366 -6.994254 0.715449 0.065896 -0.383845
    5 0.000000 -14.313034 0.000000 -0.484574 0.001719 -0.000915
    6 -0.000004 -13.013485 -0.000004 0.019097 0.373740 0.232646
    7 -1.330879 -2.698427 0.462449 -0.194886 -0.547260 3.056712
    8 1.330910 2.698444 -0.462436 0.194890 0.547268 -0.084879
    9 8.586266 7.106662 -4.172623 -1.729097 0.672507 -0.307448
    10 3.556210 4.238403 0.987502 -1.090396 0.577049 -0.321829
    11 4.139183 5.092691 1.421975 -1.090396 0.577049 -0.321829
    12 4.777527 6.028128 1.897721 -1.090396 0.577049 -0.321829
    13 5.490345 7.072691 2.428969 -1.090396 0.577049 -0.321829
    14 6.564566 8.646956 3.229776 -1.090396 0.577049 -0.321829
    15 7.558525 6.997282 -2.354134 -1.937336 -0.275393 3.010581
    16 7.558525 6.997282 -2.354134 1.937336 0.275393 -0.131011
    17 -2.867767 -2.740969 0.531125 2.051196 0.577049 -0.321829
    18 4.324081 2.744001 -0.524877 -1.090396 0.577049 -0.321829
    19 5.012512 3.752832 -0.011802 -1.090396 0.577049 -0.321829
    20 5.595486 4.607124 0.422674 -1.090396 0.577049 -0.321829
    21 6.233833 5.542564 0.898426 -1.090396 0.577049 -0.321829
    22 6.946648 6.587124 1.429667 -1.090396 0.577049 -0.321829
    23 7.537933 7.453606 1.870349 -1.090396 0.577049 -0.321829
    24 8.154472 8.357077 2.329839 -1.090396 0.577049 -0.321829
    25 8.874294 9.411907 2.866308 -1.090396 0.577049 -0.321829
    26 -4.125858 -2.321501 1.394414 2.051196 0.577049 -0.321829
    27 -4.826813 -3.348669 0.872014 2.051196 0.577049 -0.321829
    28 -5.441669 -4.249685 0.413772 2.051196 0.577049 -0.321829
    29 -0.552532 -1.343527 1.604446 -0.485838 0.062049 -0.739325
    30 0.552589 1.343534 -1.604463 -0.928669 0.192807 -1.058549
    31 0.000000 -2.021618 -0.000004 0.659833 0.000000 0.000000
    32 -0.000021 2.021633 0.000027 0.008578 0.000000 0.000000
    33 -0.000004 -1.136217 -0.000004 -0.710520 0.000000 0.000000
    34 -0.000011 1.136200 -0.000019 -0.497093 0.000000 0.000000
    35 -0.032677 -4.587727 1.352317 4.017987 1.097500 3.071581
    36 0.032719 4.587772 -1.352291 4.504576 1.116280 4.169835
    37 0.000000 -1.754536 -0.000002 0.662869 0.000000 0.000000
    38 -0.000006 1.754520 -0.000034 0.202280 0.000000 0.000000
    39 0.000000 -1.227020 -0.000002 0.092660 0.000000 0.000000
    40 0.000002 1.227070 0.000032 -0.424493 0.000000 0.000000
    41 -0.367996 -4.208406 0.173244 3.975799 0.870972 2.811773
    42 0.368011 4.208412 -0.173239 2.779655 1.077129 2.660148
    43 0.000000 -2.372318 -0.000004 0.722081 0.000000 0.000000
    44 -0.000006 2.372318 -0.000032 0.722081 0.000000 0.000000
    45 0.000004 -1.580070 -0.000001 -0.342081 0.000000 0.000000
    46 -0.000002 1.580170 0.000030 -0.534343 0.000000 0.000000
    47 -0.937645 -3.860697 -0.959317 4.112297 0.813995 2.571254
    48 0.937672 3.860714 0.959333 2.632093 0.661017 2.222938
    49 0.000000 -1.690632 0.000000 1.686497 0.000000 0.000000
    50 -0.000013 1.690666 0.000021 0.491549 0.000000 0.000000
    51 -0.000002 -1.423443 0.000002 0.234212 0.000000 0.000000
    52 0.000008 1.423420 0.000028 -0.411221 0.000000 0.000000
    53 -1.546646 -3.404194 -1.915569 4.254297 0.651326 2.362501
    54 1.546661 3.404217 1.915585 2.888344 0.835443 1.899946
    55 0.000004 -1.437820 0.000000 1.165742 0.000000 0.000000
    56 -0.000021 1.437870 0.000031 0.424957 0.000000 0.000000
    57 -0.000002 -1.059402 0.000000 0.447515 0.000000 0.000000
    58 0.000006 1.059372 0.000008 0.322075 0.000000 0.000000
    59 -0.000004 -13.013485 -0.000004 0.000000 0.000000 0.000000
    60 0.000000 -10.813480 -0.000004 0.000000 0.000000 0.000000
  time 51
    0 3.357422 4.734375 -15.507813 -1.559898 -0.000007 -0.000009
    1 -17.852499 3.326480 -18.252413 -1.276198 -0.108047 -0.881259
    2 0.000000 14.313023 0.000003 -0.551898 -0.253140 -1.202030
    3 -0.000011 13.013483 -0.000005 -0.135966 -0.264136 0.964981
    4 13.957845 13.443991 -7.521614 0.712193 0.051457 -0.368330
    5 0.000000 -14.313034 0.000000 -0.484514 0.001785 -0.000915
    6 -0.000004 -13.013485 -0.000004 -0.008377 0.394402 0.202707
    7 -1.330879 -2.698427 0.462449 -0.194886 -0.547260 3.056712
    8 1.330910 2.698444 -0.462436 0.194890 0.547268 -0.084879
    9 8.586266 7.106662 -4.172623 -1.729097 0.672507 -0.307448
    10 3.556210 4.238403 0.987502 -1.090396 0.577049 -0.321829
    11 4.139183 5.092691 1.421975 -1.090396 0.577049 -0.321829
    12 4.777527 6.028128 1.897721 -1.090396 0.577049 -0.321829
    13 5.490345 7.072691 2.428969 -1.090396 0.577049 -0.321829
    14 6.564566 8.646956 3.229776 -1.090396 0.577049 -0.321829
    15 7.558525 6.997282 -2.354134 -1.937336 -0.275393 3.010581
    16 7.558525 6.997282 -2.354134 1.937336 0.275393 -0.131011
    17 -2.867767 -2.740969 0.531125 2.051196 0.577049 -0.321829
    18 4.324081 2.744001 -0.524877 -1.090396 0.577049 -0.321829
    19 5.012512 3.752832 -0.011802 -1.090396 0.577049 -0.321829
    20 5.595486 4.607124 0.422674 -1.090396 0.577049 -0.321829
    21 6.233833 5.542564 0.898426 -1.090396 0.577049 -0.321829
    22 6.946648 6.587124 1.429667 -1.090396 0.577049 -0.321829
    23 7.537933 7.453606 1.870349 -1.090396 0.577049 -0.321829
    24 8.154472 8.357077 2.329839 -1.090396 0.577049 -0.321829
    25 8.874294 9.411907 2.866308 -1.090396 0.577049 -0.321829
    26 -4.125858 -2.321501 1.394414 2.051196 0.577049 -0.321829
    27 -4.826813 -3.348669 0.872014 2.051196 0.577049 -0.321829
    28 -5.441669 -4.249685 0.413772 2.051196 0.577049 -0.321829
    29 -0.552532 -1.343527 1.604446 -0.485868 0.062049 -0.739325
    30 0.552589 1.343534 -1.604463 -0.928669 0.192807 -1.058549
    31 0.000000 -2.021618 -0.000004 0.659833 0.000000 0.000000
    32 -0.000021 2.021633 0.000027 0.008415 0.000000 0.000000
    33 -0.000004 -1.136217 -0.000004 -0.710520 0.000000 0.000000
    34 -0.000011 1.136200 -0.000019 -0.497093 0.000000 0.000000
    35 -0.032677 -4.587727 1.352317 4.017987 1.097500 3.071581
    36 0.032719 4.587772 -1.352291 4.504576 1.116280 4.169835
    37 0.000000 -1.754536 -0.000002 0.662869 0.000000 0.000000
    38 -0.000006 1.754520 -0.000034 0.202280 0.000000 0.000000
    39 0.000000 -1.227020 -0.000002 0.092660 0.000000 0.000000
    40 0.000002 1.227070 0.000032 -0.424493 0.000000 0.000000
    41 -0.367996 -4.208406 0.173244 3.975799 0.870972 2.811773
    42 0.368011 4.208412 -0.173239 2.779655 1.077129 2.660148
    43 0.000000 -2.372318 -0.000004 0.722081 0.000000 0.000000
    44 -0.000006 2.372318 -0.000032 0.722081 0.000000 0.000000
    45 0.000004 -1.580070 -0.000001 -0.342081 0.000000 0.000000
    46 -0.000002 1.580170 0.000030 -0.534343 0.000000 0.000000
    47 -0.937645 -3.860697 -0.959317 4.112297 0.813995 2.571254
    48 0.937672 3.860714 0.959333 2.632093 0.661017 2.222938
    49 0.000000 -1.690632 0.000000 1.686767 0.000000 0.000000
    50 -0.000013 1.690666 0.000021 0.491549 0.000000 0.000000
    51 -0.000002 -1.423443 0.000002 0.234212 0.000000 0.000000
    52 0.000008 1.423420 0.000028 -0.411221 0.000000 0.000000
    53 -1.546646 -3.404194 -1.915569 4.254297 0.651326 2.362501
    54 1.546661 3.404217 1.915585 2.888344 0.835443 1.899946
    55 0.000004 -1.437820 0.000000 1.165742 0.000000 0.000000
    56 -0.000021 1.437870 0.000031 0.424957 0.000000 0.000000
    57 -0.000002 -1.059402 0.000000 0.447515 0.000000 0.000000
    58 0.000006 1.059372 0.000008 0.322075 0.000000 0.000000
    59 -0.000004 -13.013485 -0.000004 0.000000 0.000000 0.000000
    60 0.000000 -10.813480 -0.000004 0.000000 0.000000 0.000000
  time 52
    0 3.357422 4.734375 -15.507813 -1.559898 -0.000007 -0.000009
    1 -17.852499 3.428045 -18.252413 -1.274816 -0.108047 -0.881259
    2 0.000000 14.313023 0.000003 -0.551837 -0.252838 -1.201950
    3 -0.000011 13.013483 -0.000005 -0.135966 -0.264136 0.964981
    4 12.750777 12.932257 -8.252105 0.712098 0.033797 -0.351474
    5 0.000000 -14.313034 0.000000 -0.484514 0.001818 -0.000963
    6 -0.000004 -13.013485 -0.000004 -0.159079 0.526813 -0.008200
    7 -1.330879 -2.698427 0.462449 -0.194886 -0.547260 3.056712
    8 1.330910 2.698444 -0.462436 0.194890 0.547268 -0.084879
    9 8.586266 7.106662 -4.172623 -1.729097 0.672507 -0.307448
    10 3.556210 4.238403 0.987502 -1.090396 0.577049 -0.321829
    11 4.139183 5.092691 1.421975 -1.090396 0.577049 -0.321829
    12 4.777527 6.028128 1.897721 -1.090396 0.577049 -0.321829
    13 5.490345 7.072691 2.428969 -1.090396 0.577049 -0.321829
    14 6.564566 8.646956 3.229776 -1.090396 0.577049 -0.321829
    15 7.558525 6.997282 -2.354134 -1.937336 -0.275393 3.010581
    16 7.558525 6.997282 -2.354134 1.937336 0.275393 -0.131011
    17 -2.867767 -2.740969 0.531125 2.051196 0.577049 -0.321829
    18 4.324081 2.744001 -0.524877 -1.090396 0.577049 -0.321829
    19 5.012512 3.752832 -0.011802 -1.090396 0.577049 -0.321829
    20 5.595486 4.607124 0.422674 -1.090396 0.577049 -0.321829
    21 6.233833 5.542564 0.898426 -1.090396 0.577049 -0.321829
    22 6.946648 6.587124 1.429667 -1.090396 0.577049 -0.321829
    23 7.537933 7.453606 1.870349 -1.090396 0.577049 -0.321829
    24 8.154472 8.357077 2.329839 -1.090396 0.577049 -0.321829
    25 8.874294 9.411907 2.866308 -1.090396 0.577049 -0.321829
    26 -4.125858 -2.321501 1.394414 2.051196 0.577049 -0.321829
    27 -4.826813 -3.348669 0.872014 2.051196 0.577049 -0.321829
    28 -5.441669 -4.249685 0.413772 2.051196 0.577049 -0.321829
    29 -0.552532 -1.343527 1.604446 -0.485868 0.062049 -0.739325
    30 0.552589 1.343534 -1.604463 -0.928669 0.192807 -1.058549
    31 0.000000 -2.021618 -0.000004 0.659811 0.000000 0.000000
    32 -0.000021 2.021633 0.000027 0.008279 0.000000 0.000000
    33 -0.000004 -1.136217 -0.000004 -0.710520 0.000000 0.000000
    34 -0.000011 1.136200 -0.000019 -0.497093 0.000000 0.000000
    35 -0.032677 -4.587727 1.352317 4.017987 1.097500 3.071581
    36 0.032719 4.587772 -1.352291 4.504576 1.116280 4.169835
    37 0.000000 -1.754536 -0.000002 0.662869 0.000000 0.000000
    38 -0.000006 1.754520 -0.000034 0.202280 0.000000 0.000000
    39 0.000000 -1.227020 -0.000002 0.092660 0.000000 0.000000
    40 0.000002 1.227070 0.000032 -0.424493 0.000000 0.000000
    41 -0.367996 -4.208406 0.173244 3.975799 0.870972 2.811773
    42 0.368011 4.208412 -0.173239 2.779655 1.077129 2.660148
    43 0.000000 -2.372318 -0.000004 0.722081 0.000000 0.000000
    44 -0.000006 2.372318 -0.000032 0.722081 0.000000 0.000000
    45 0.000004 -1.580070 -0.000001 -0.342081 0.000000 0.000000
    46 -0.000002 1.580170 0.000030 -0.534343 0.000000 0.000000
    47 -0.937645 -3.860697 -0.959317 4.112297 0.813995 2.571254
    48 0.937672 3.860714 0.959333 2.632093 0.661017 2.222938
    49 0.000000 -1.690632 0.000000 1.687114 0.000000 0.000000
    50 -0.000013 1.690666 0.000021 0.491549 0.000000 0.000000
    51 -0.000002 -1.423443 0.000002 0.234212 0.000000 0.000000
    52 0.000008 1.423420 0.000028 -0.411221 0.000000 0.000000
    53 -1.546646 -3.404194 -1.915569 4.254297 0.651326 2.362501
    54 1.546661 3.404217 1.915585 2.888344 0.835443 1.899946
    55 0.000004 -1.437820 0.000000 1.165742 0.000000 0.000000
    56 -0.000021 1.437870 0.000031 0.424957 0.000000 0.000000
    57 -0.000002 -1.059402 0.000000 0.447515 0.000000 0.000000
    58 0.000006 1.059372 0.000008 0.322075 0.000000 0.000000
    59 -0.000004 -13.013485 -0.000004 0.000000 0.000000 0.000000
    60 0.000000 -10.813480 -0.000004 0.000000 0.000000 0.000000
  time 53
    0 3.357422 4.734375 -15.507813 -1.559898 -0.000007 -0.000009
    1 -17.852499 3.517892 -18.252413 -1.273342 -0.108047 -0.881259
    2 0.000000 14.313023 0.000003 -0.551714 -0.252511 -1.201829
    3 -0.000011 13.013483 -0.000005 -0.135966 -0.264136 0.964981
    4 11.504646 12.807253 -9.060724 0.713055 0.015189 -0.335576
    5 0.000000 -14.313034 0.000000 -0.484455 0.001851 -0.000963
    6 -0.000004 -13.013485 -0.000004 -0.304376 0.655847 -0.213099
    7 -1.330879 -2.698427 0.462449 -0.194886 -0.547260 3.056712
    8 1.330910 2.698444 -0.462436 0.194890 0.547268 -0.084879
    9 8.586266 7.106662 -4.172623 -1.729097 0.672507 -0.307448
    10 3.556210 4.238403 0.987502 -1.090396 0.577049 -0.321829
    11 4.139183 5.092691 1.421975 -1.090396 0.577049 -0.321829
    12 4.777527 6.028128 1.897721 -1.090396 0.577049 -0.321829
    13 5.490345 7.072691 2.428969 -1.090396 0.577049 -0.321829
    14 6.564566 8.646956 3.229776 -1.090396 0.577049 -0.321829
    15 7.558525 6.997282 -2.354134 -1.937336 -0.275393 3.010581
    16 7.558525 6.997282 -2.354134 1.937336 0.275393 -0.131011
    17 -2.867767 -2.740969 0.531125 2.051196 0.577049 -0.321829
    18 4.324081 2.744001 -0.524877 -1.090396 0.577049 -0.321829
    19 5.012512 3.752832 -0.011802 -1.090396 0.577049 -0.321829
    20 5.595486 4.607124 0.422674 -1.090396 0.577049 -0.321829
    21 6.233833 5.542564 0.898426 -1.090396 0.577049 -0.321829
    22 6.946648 6.587124 1.429667 -1.090396 0.577049 -0.321829
    23 7.537933 7.453606 1.870349 -1.090396 0.577049 -0.321829
    24 8.154472 8.357077 2.329839 -1.090396 0.577049 -0.321829
    25 8.874294 9.411907 2.866308 -1.090396 0.577049 -0.321829
    26 -4.125858 -2.321501 1.394414 2.051196 0.577049 -0.321829
    27 -4.826813 -3.348669 0.872014 2.051196 0.577049 -0.321829
    28 -5.441669 -4.249685 0.413772 2.051196 0.577049 -0.321829
    29 -0.552532 -1.343527 1.604446 -0.485868 0.062049 -0.739325
    30 0.552589 1.343534 -1.604463 -0.928669 0.192807 -1.058549
    31 0.000000 -2.021618 -0.000004 0.659811 0.000000 0.000000
    32 -0.000021 2.021633 0.000027 0.008089 0.000000 0.000000
    33 -0.000004 -1.136217 -0.000004 -0.710520 0.000000 0.000000
    34 -0.000011 1.136200 -0.000019 -0.497093 0.000000 0.000000
    35 -0.032677 -4.587727 1.352317 4.017987 1.097500 3.071581
    36 0.032719 4.587772 -1.352291 4.504576 1.116280 4.169835
    37 0.000000 -1.754536 -0.000002 0.662869 0.000000 0.000000
    38 -0.000006 1.754520 -0.000034 0.202280 0.000000 0.000000
    39 0.000000 -1.227020 -0.000002 0.092660 0.000000 0.000000
    40 0.000002 1.227070 0.000032 -0.424493 0.000000 0.000000
    41 -0.367996 -4.208406 0.173244 3.975799 0.870972 2.811773
    42 0.368011 4.208412 -0.173239 2.779655 1.077129 2.660148
    43 0.000000 -2.372318 -0.000004 0.722081 0.000000 0.000000
    44 -0.000006 2.372318 -0.000032 0.722081 0.000000 0.000000
    45 0.000004 -1.580070 -0.000001 -0.342081 0.000000 0.000000
    46 -0.000002 1.580170 0.000030 -0.534343 0.000000 0.000000
    47 -0.937645 -3.860697 -0.959317 4.112297 0.813995 2.571254
    48 0.937672 3.860714 0.959333 2.632093 0.661017 2.222938
    49 0.000000 -1.690632 0.000000 1.687384 0.000000 0.000000
    50 -0.000013 1.690666 0.000021 0.491549 0.000000 0.000000
    51 -0.000002 -1.423443 0.000002 0.234212 0.000000 0.000000
    52 0.000008 1.423420 0.000028 -0.411221 0.000000 0.000000
    53 -1.546646 -3.404194 -1.915569 4.254297 0.651326 2.362501
    54 1.546661 3.404217 1.915585 2.888344 0.835443 1.899946
    55 0.000004 -1.437820 0.000000 1.165742 0.000000 0.000000
    56 -0.000021 1.437870 0.000031 0.424957 0.000000 0.000000
    57 -0.000002 -1.059402 0.000000 0.447515 0.000000 0.000000
    58 0.000006 1.059372 0.000008 0.322075 0.000000 0.000000
    59 -0.000004 -13.013485 -0.000004 0.000000 0.000000 0.000000
    60 0.000000 -10.813480 -0.000004 0.000000 0.000000 0.000000
  time 54
    0 3.357422 4.734375 -15.507813 -1.559898 -0.000007 -0.000009
    1 -17.852499 3.584300 -18.252413 -1.271867 -0.108047 -0.881259
    2 0.000000 14.313023 0.000003 -0.551714 -0.252184 -1.201789
    3 -0.000011 13.013483 -0.000005 -0.135966 -0.264136 0.964981
    4 10.414769 12.920538 -9.802934 0.714683 -0.001107 -0.321785
    5 0.000000 -14.313034 0.000000 -0.484335 0.001884 -0.001011
    6 -0.000004 -13.013485 -0.000004 -0.442647 0.780504 -0.410085
    7 -1.330879 -2.698427 0.462449 -0.194886 -0.547260 3.056712
    8 1.330910 2.698444 -0.462436 0.194890 0.547268 -0.084879
    9 8.586266 7.106662 -4.172623 -1.729097 0.672507 -0.307448
    10 3.556210 4.238403 0.987502 -1.090396 0.577049 -0.321829
    11 4.139183 5.092691 1.421975 -1.090396 0.577049 -0.321829
    12 4.777527 6.028128 1.897721 -1.090396 0.577049 -0.321829
    13 5.490345 7.072691 2.428969 -1.090396 0.577049 -0.321829
    14 6.564566 8.646956 3.229776 -1.090396 0.577049 -0.321829
    15 7.558525 6.997282 -2.354134 -1.937336 -0.275393 3.010581
    16 7.558525 6.997282 -2.354134 1.937336 0.275393 -0.131011
    17 -2.867767 -2.740969 0.531125 2.051196 0.577049 -0.321829
    18 4.324081 2.744001 -0.524877 -1.090396 0.577049 -0.321829
    19 5.012512 3.752832 -0.011802 -1.090396 0.577049 -0.321829
    20 5.595486 4.607124 0.422674 -1.090396 0.577049 -0.321829
    21 6.233833 5.542564 0.898426 -1.090396 0.577049 -0.321829
    22 6.946648 6.587124 1.429667 -1.090396 0.577049 -0.321829
    23 7.537933 7.453606 1.870349 -1.090396 0.577049 -0.321829
    24 8.154472 8.357077 2.329839 -1.090396 0.577049 -0.321829
    25 8.874294 9.411907 2.866308 -1.090396 0.577049 -0.321829
    26 -4.125858 -2.321501 1.394414 2.051196 0.577049 -0.321829
    27 -4.826813 -3.348669 0.872014 2.051196 0.577049 -0.321829
    28 -5.441669 -4.249685 0.413772 2.051196 0.577049 -0.321829
    29 -0.552532 -1.343527 1.604446 -0.485868 0.062049 -0.739325
    30 0.552589 1.343534 -1.604463 -0.928669 0.192807 -1.058549
    31 0.000000 -2.021618 -0.000004 0.659811 0.000000 0.000000
    32 -0.000021 2.021633 0.000027 0.007953 0.000000 0.000000
    33 -0.000004 -1.136217 -0.000004 -0.710520 0.000000 0.000000
    34 -0.000011 1.136200 -0.000019 -0.497093 0.000000 0.000000
    35 -0.032677 -4.587727 1.352317 4.017987 1.097500 3.071581
    36 0.032719 4.587772 -1.352291 4.504576 1.116280 4.169835
    37 0.000000 -1.754536 -0.000002 0.662869 0.000000 0.000000
    38 -0.000006 1.754520 -0.000034 0.202280 0.000000 0.000000
    39 0.000000 -1.227020 -0.000002 0.092660 0.000000 0.000000
    40 0.000002 1.227070 0.000032 -0.424493 0.000000 0.000000
    41 -0.367996 -4.208406 0.173244 3.975799 0.870972 2.811773
    42 0.368011 4.208412 -0.173239 2.779655 1.077129 2.660148
    43 0.000000 -2.372318 -0.000004 0.722081 0.000000 0.000000
    44 -0.000006 2.372318 -0.000032 0.722081 0.000000 0.000000
    45 0.000004 -1.580070 -0.000001 -0.342081 0.000000 0.000000
    46 -0.000002 1.580170 0.000030 -0.534343 0.000000 0.000000
    47 -0.937645 -3.860697 -0.959317 4.112297 0.813995 2.571254
    48 0.937672 3.860714 0.959333 2.632093 0.661017 2.222938
    49 0.000000 -1.690632 0.000000 1.687654 0.000000 0.000000
    50 -0.000013 1.690666 0.000021 0.491549 0.000000 0.000000
    51 -0.000002 -1.423443 0.000002 0.234212 0.000000 0.000000
    52 0.000008 1.423420 0.000028 -0.411221 0.000000 0.000000
    53 -1.546646 -3.404194 -1.915569 4.254297 0.651326 2.362501
    54 1.546661 3.404217 1.915585 2.888344 0.835443 1.899946
    55 0.000004 -1.437820 0.000000 1.165742 0.000000 0.000000
    56 -0.000021 1.437870 0.000031 0.424957 0.000000 0.000000
    57 -0.000002 -1.059402 0.000000 0.447515 0.000000 0.000000
    58 0.000006 1.059372 0.000008 0.322075 0.000000 0.000000
    59 -0.000004 -13.013485 -0.000004 0.000000 0.000000 0.000000
    60 0.000000 -10.813480 -0.000004 0.000000 0.000000 0.000000
  time 55
    0 3.357422 4.734375 -15.507813 -1.559898 -0.000007 -0.000009
    1 -17.852499 3.638989 -18.252413 -1.270577 -0.108047 -0.881259
    2 0.000000 14.313023 0.000003 -0.551653 -0.251932 -1.201708
    3 -0.000011 13.013483 -0.000005 -0.135966 -0.264136 0.964981
    4 9.664746 13.151013 -10.338106 0.716311 -0.012324 -0.311921
    5 0.000000 -14.313034 0.000000 -0.484215 0.001917 -0.001011
    6 -0.000004 -13.013485 -0.000004 -0.566505 0.896266 -0.590958
    7 -1.330879 -2.698427 0.462449 -0.194886 -0.547260 3.056712
    8 1.330910 2.698444 -0.462436 0.194890 0.547268 -0.084879
    9 8.586266 7.106662 -4.172623 -1.729097 0.672507 -0.307448
    10 3.556210 4.238403 0.987502 -1.090396 0.577049 -0.321829
    11 4.139183 5.092691 1.421975 -1.090396 0.577049 -0.321829
    12 4.777527 6.028128 1.897721 -1.090396 0.577049 -0.321829
    13 5.490345 7.072691 2.428969 -1.090396 0.577049 -0.321829
    14 6.564566 8.646956 3.229776 -1.090396 0.577049 -0.321829
    15 7.558525 6.997282 -2.354134 -1.937336 -0.275393 3.010581
    16 7.558525 6.997282 -2.354134 1.937336 0.275393 -0.131011
    17 -2.867767 -2.740969 0.531125 2.051196 0.577049 -0.321829
    18 4.324081 2.744001 -0.524877 -1.090396 0.577049 -0.321829
    19 5.012512 3.752832 -0.011802 -1.090396 0.577049 -0.321829
    20 5.595486 4.607124 0.422674 -1.090396 0.577049 -0.321829
    21 6.233833 5.542564 0.898426 -1.090396 0.577049 -0.321829
    22 6.946648 6.587124 1.429667 -1.090396 0.577049 -0.321829
    23 7.537933 7.453606 1.870349 -1.090396 0.577049 -0.321829
    24 8.154472 8.357077 2.329839 -1.090396 0.577049 -0.321829
    25 8.874294 9.411907 2.866308 -1.090396 0.577049 -0.321829
    26 -4.125858 -2.321501 1.394414 2.051196 0.577049 -0.321829
    27 -4.826813 -3.348669 0.872014 2.051196 0.577049 -0.321829
    28 -5.441669 -4.249685 0.413772 2.051196 0.577049 -0.321829
    29 -0.552532 -1.343527 1.604446 -0.485868 0.062049 -0.739325
    30 0.552589 1.343534 -1.604463 -0.928669 0.192807 -1.058549
    31 0.000000 -2.021618 -0.000004 0.659811 0.000000 0.000000
    32 -0.000021 2.021633 0.000027 0.007790 0.000000 0.000000
    33 -0.000004 -1.136217 -0.000004 -0.710520 0.000000 0.000000
    34 -0.000011 1.136200 -0.000019 -0.497093 0.000000 0.000000
    35 -0.032677 -4.587727 1.352317 4.017987 1.097500 3.071581
    36 0.032719 4.587772 -1.352291 4.504576 1.116280 4.169835
    37 0.000000 -1.754536 -0.000002 0.662869 0.000000 0.000000
    38 -0.000006 1.754520 -0.000034 0.202280 0.000000 0.000000
    39 0.000000 -1.227020 -0.000002 0.092660 0.000000 0.000000
    40 0.000002 1.227070 0.000032 -0.424493 0.000000 0.000000
    41 -0.367996 -4.208406 0.173244 3.975799 0.870972 2.811773
    42 0.368011 4.208412 -0.173239 2.779655 1.077129 2.660148
    43 0.000000 -2.372318 -0.000004 0.722081 0.000000 0.000000
    44 -0.000006 2.372318 -0.000032 0.722081 0.000000 0.000000
    45 0.000004 -1.580070 -0.000001 -0.342081 0.000000 0.000000
    46 -0.000002 1.580170 0.000030 -0.534343 0.000000 0.000000
    47 -0.937645 -3.860697 -0.959317 4.112297 0.813995 2.571254
    48 0.937672 3.860714 0.959333 2.632093 0.661017 2.222938
    49 0.000000 -1.690632 0.000000 1.687924 0.000000 0.000000
    50 -0.000013 1.690666 0.000021 0.491549 0.000000 0.000000
    51 -0.000002 -1.423443 0.000002 0.234212 0.000000 0.000000
    52 0.000008 1.423420 0.000028 -0.411221 0.000000 0.000000
    53 -1.546646 -3.404194 -1.915569 4.254297 0.651326 2.362501
    54 1.546661 3.404217 1.915585 2.888344 0.835443 1.899946
    55 0.000004 -1.437820 0.000000 1.165742 0.000000 0.000000
    56 -0.000021 1.437870 0.000031 0.424957 0.000000 0.000000
    57 -0.000002 -1.059402 0.000000 0.447515 0.000000 0.000000
    58 0.000006 1.059372 0.000008 0.322075 0.000000 0.000000
    59 -0.000004 -13.013485 -0.000004 0.000000 0.000000 0.000000
    60 0.000000 -10.813480 -0.000004 0.000000 0.000000 0.000000
  time 56
    0 3.357422 4.734375 -15.507813 -1.559898 -0.000007 -0.000009
    1 -17.852499 3.638989 -18.252413 -1.270577 -0.108047 -0.881259
    2 0.000000 14.313023 0.000003 -0.551653 -0.251655 -1.201668
    3 -0.000011 13.013483 -0.000005 -0.135966 -0.264136 0.964981
    4 9.348330 13.623684 -10.662335 0.716311 -0.017024 -0.307132
    5 0.000000 -14.313034 0.000000 -0.484155 0.001950 -0.001059
    6 -0.000004 -13.013485 -0.000004 -0.556596 0.928923 -0.621278
    7 -1.330879 -2.698427 0.462449 -0.194886 -0.547260 3.056712
    8 1.330910 2.698444 -0.462436 0.194890 0.547268 -0.084879
    9 8.586266 7.106662 -4.172623 -1.729097 0.672507 -0.307448
    10 3.556210 4.238403 0.987502 -1.090396 0.577049 -0.321829
    11 4.139183 5.092691 1.421975 -1.090396 0.577049 -0.321829
    12 4.777527 6.028128 1.897721 -1.090396 0.577049 -0.321829
    13 5.490345 7.072691 2.428969 -1.090396 0.577049 -0.321829
    14 6.564566 8.646956 3.229776 -1.090396 0.577049 -0.321829
    15 7.558525 6.997282 -2.354134 -1.937336 -0.275393 3.010581
    16 7.558525 6.997282 -2.354134 1.937336 0.275393 -0.131011
    17 -2.867767 -2.740969 0.531125 2.051196 0.577049 -0.321829
    18 4.324081 2.744001 -0.524877 -1.090396 0.577049 -0.321829
    19 5.012512 3.752832 -0.011802 -1.090396 0.577049 -0.321829
    20 5.595486 4.607124 0.422674 -1.090396 0.577049 -0.321829
    21 6.233833 5.542564 0.898426 -1.090396 0.577049 -0.321829
    22 6.946648 6.587124 1.429667 -1.090396 0.577049 -0.321829
    23 7.537933 7.453606 1.870349 -1.090396 0.577049 -0.321829
    24 8.154472 8.357077 2.329839 -1.090396 0.577049 -0.321829
    25 8.874294 9.411907 2.866308 -1.090396 0.577049 -0.321829
    26 -4.125858 -2.321501 1.394414 2.051196 0.577049 -0.321829
    27 -4.826813 -3.348669 0.872014 2.051196 0.577049 -0.321829
    28 -5.441669 -4.249685 0.413772 2.051196 0.577049 -0.321829
    29 -0.552532 -1.343527 1.604446 -0.485868 0.062049 -0.739325
    30 0.552589 1.343534 -1.604463 -0.928669 0.192807 -1.058549
    31 0.000000 -2.021618 -0.000004 0.659811 0.000000 0.000000
    32 -0.000021 2.021633 0.000027 0.007654 0.000000 0.000000
    33 -0.000004 -1.136217 -0.000004 -0.710520 0.000000 0.000000
    34 -0.000011 1.136200 -0.000019 -0.497093 0.000000 0.000000
    35 -0.032677 -4.587727 1.352317 4.017987 1.097500 3.071581
    36 0.032719 4.587772 -1.352291 4.504576 1.116280 4.169835
    37 0.000000 -1.754536 -0.000002 0.662896 0.000000 0.000000
    38 -0.000006 1.754520 -0.000034 0.202280 0.000000 0.000000
    39 0.000000 -1.227020 -0.000002 0.092660 0.000000 0.000000
    40 0.000002 1.227070 0.000032 -0.424493 0.000000 0.000000
    41 -0.367996 -4.208406 0.173244 3.975799 0.870972 2.811773
    42 0.368011 4.208412 -0.173239 2.779655 1.077129 2.660148
    43 0.000000 -2.372318 -0.000004 0.722081 0.000000 0.000000
    44 -0.000006 2.372318 -0.000032 0.722081 0.000000 0.000000
    45 0.000004 -1.580070 -0.000001 -0.342081 0.000000 0.000000
    46 -0.000002 1.580170 0.000030 -0.534343 0.000000 0.000000
    47 -0.937645 -3.860697 -0.959317 4.112297 0.813995 2.571254
    48 0.937672 3.860714 0.959333 2.632093 0.661017 2.222938
    49 0.000000 -1.690632 0.000000 1.688194 0.000000 0.000000
    50 -0.000013 1.690666 0.000021 0.491549 0.000000 0.000000
    51 -0.000002 -1.423443 0.000002 0.234212 0.000000 0.000000
    52 0.000008 1.423420 0.000028 -0.411221 0.000000 0.000000
    53 -1.546646 -3.404194 -1.915569 4.254297 0.651326 2.362501
    54 1.546661 3.404217 1.915585 2.888344 0.835443 1.899946
    55 0.000004 -1.437820 0.000000 1.165742 0.000000 0.000000
    56 -0.000021 1.437870 0.000031 0.424957 0.000000 0.000000
    57 -0.000002 -1.059402 0.000000 0.447515 0.000000 0.000000
    58 0.000006 1.059372 0.000008 0.322075 0.000000 0.000000
    59 -0.000004 -13.013485 -0.000004 0.000000 0.000000 0.000000
    60 0.000000 -10.813480 -0.000004 0.000000 0.000000 0.000000
  time 57
    0 3.357422 4.734375 -15.507813 -1.559898 -0.000007 -0.000009
    1 -17.852499 3.638989 -18.252413 -1.270577 -0.108047 -0.881259
    2 0.000000 14.313023 0.000003 -0.551592 -0.251429 -1.201588
    3 -0.000011 13.013483 -0.000005 -0.135966 -0.264136 0.964981
    4 9.328798 14.459647 -10.830309 0.716503 -0.016038 -0.308377
    5 0.000000 -14.313034 0.000000 -0.484095 0.001983 -0.001011
    6 -0.000004 -13.013485 -0.000004 -0.354370 0.827803 -0.421718
    7 -1.330879 -2.698427 0.462449 -0.194886 -0.547260 3.056712
    8 1.330910 2.698444 -0.462436 0.194890 0.547268 -0.084879
    9 8.586266 7.106662 -4.172623 -1.729097 0.672507 -0.307448
    10 3.556210 4.238403 0.987502 -1.090396 0.577049 -0.321829
    11 4.139183 5.092691 1.421975 -1.090396 0.577049 -0.321829
    12 4.777527 6.028128 1.897721 -1.090396 0.577049 -0.321829
    13 5.490345 7.072691 2.428969 -1.090396 0.577049 -0.321829
    14 6.564566 8.646956 3.229776 -1.090396 0.577049 -0.321829
    15 7.558525 6.997282 -2.354134 -1.937336 -0.275393 3.010581
    16 7.558525 6.997282 -2.354134 1.937336 0.275393 -0.131011
    17 -2.867767 -2.740969 0.531125 2.051196 0.577049 -0.321829
    18 4.324081 2.744001 -0.524877 -1.090396 0.577049 -0.321829
    19 5.012512 3.752832 -0.011802 -1.090396 0.577049 -0.321829
    20 5.595486 4.607124 0.422674 -1.090396 0.577049 -0.321829
    21 6.233833 5.542564 0.898426 -1.090396 0.577049 -0.321829
    22 6.946648 6.587124 1.429667 -1.090396 0.577049 -0.321829
    23 7.537933 7.453606 1.870349 -1.090396 0.577049 -0.321829
    24 8.154472 8.357077 2.329839 -1.090396 0.577049 -0.321829
    25 8.874294 9.411907 2.866308 -1.090396 0.577049 -0.321829
    26 -4.125858 -2.321501 1.394414 2.051196 0.577049 -0.321829
    27 -4.826813 -3.348669 0.872014 2.051196 0.577049 -0.321829
    28 -5.441669 -4.249685 0.413772 2.051196 0.577049 -0.321829
    29 -0.552532 -1.343527 1.604446 -0.485868 0.062049 -0.739325
    30 0.552589 1.343534 -1.604463 -0.928669 0.192807 -1.058549
    31 0.000000 -2.021618 -0.000004 0.659811 0.000000 0.000000
    32 -0.000021 2.021633 0.000027 0.007464 0.000000 0.000000
    33 -0.000004 -1.136217 -0.000004 -0.710520 0.000000 0.000000
    34 -0.000011 1.136200 -0.000019 -0.497093 0.000000 0.000000
    35 -0.032677 -4.587727 1.352317 4.017987 1.097500 3.071581
    36 0.032719 4.587772 -1.352291 4.504576 1.116280 4.169835
    37 0.000000 -1.754536 -0.000002 0.662896 0.000000 0.000000
    38 -0.000006 1.754520 -0.000034 0.202280 0.000000 0.000000
    39 0.000000 -1.227020 -0.000002 0.092660 0.000000 0.000000
    40 0.000002 1.227070 0.000032 -0.424493 0.000000 0.000000
    41 -0.367996 -4.208406 0.173244 3.975799 0.870972 2.811773
    42 0.368011 4.208412 -0.173239 2.779655 1.077129 2.660148
    43 0.000000 -2.372318 -0.000004 0.722081 0.000000 0.000000
    44 -0.000006 2.372318 -0.000032 0.722081 0.000000 0.000000
    45 0.000004 -1.580070 -0.000001 -0.342081 0.000000 0.000000
    46 -0.000002 1.580170 0.000030 -0.534343 0.000000 0.000000
    47 -0.937645 -3.860697 -0.959317 4.112297 0.813995 2.571254
    48 0.937672 3.860714 0.959333 2.632093 0.661017 2.222938
    49 0.000000 -1.690632 0.000000 1.688541 0.000000 0.000000
    50 -0.000013 1.690666 0.000021 0.491549 0.000000 0.000000
    51 -0.000002 -1.423443 0.000002 0.234212 0.000000 0.000000
    52 0.000008 1.423420 0.000028 -0.411221 0.000000 0.000000
    53 -1.546646 -3.404194 -1.915569 4.254297 0.651326 2.362501
    54 1.546661 3.404217 1.915585 2.888344 0.835443 1.899946
    55 0.000004 -1.437820 0.000000 1.165742 0.000000 0.000000
    56 -0.000021 1.437870 0.000031 0.424957 0.000000 0.000000
    57 -0.000002 -1.059402 0.000000 0.447515 0.000000 0.000000
    58 0.000006 1.059372 0.000008 0.322075 0.000000 0.000000
    59 -0.000004 -13.013485 -0.000004 0.000000 0.000000 0.000000
    60 0.000000 -10.813480 -0.000004 0.000000 0.000000 0.000000
  time 58
    0 3.357422 4.734375 -15.507813 -1.559898 -0.000007 -0.000009
    1 -17.852499 3.638989 -18.252413 -1.270577 -0.108047 -0.881259
    2 0.000000 14.313023 0.000003 -0.551592 -0.251152 -1.201507
    3 -0.000011 13.013483 -0.000005 -0.135966 -0.264136 0.964981
    4 9.477240 15.397176 -10.888904 0.716407 -0.015091 -0.309622
    5 0.000000 -14.313034 0.000000 -0.482540 0.002842 -0.001492
    6 -0.000004 -13.013485 -0.000004 -0.005945 0.628253 -0.052250
    7 -1.330879 -2.698427 0.462449 -0.194886 -0.547260 3.056712
    8 1.330910 2.698444 -0.462436 0.194890 0.547268 -0.084879
    9 8.586266 7.106662 -4.172623 -1.729097 0.672507 -0.307448
    10 3.556210 4.238403 0.987502 -1.090396 0.577049 -0.321829
    11 4.139183 5.092691 1.421975 -1.090396 0.577049 -0.321829
    12 4.777527 6.028128 1.897721 -1.090396 0.577049 -0.321829
    13 5.490345 7.072691 2.428969 -1.090396 0.577049 -0.321829
    14 6.564566 8.646956 3.229776 -1.090396 0.577049 -0.321829
    15 7.558525 6.997282 -2.354134 -1.937336 -0.275393 3.010581
    16 7.558525 6.997282 -2.354134 1.937336 0.275393 -0.131011
    17 -2.867767 -2.740969 0.531125 2.051196 0.577049 -0.321829
    18 4.324081 2.744001 -0.524877 -1.090396 0.577049 -0.321829
    19 5.012512 3.752832 -0.011802 -1.090396 0.577049 -0.321829
    20 5.595486 4.607124 0.422674 -1.090396 0.577049 -0.321829
    21 6.233833 5.542564 0.898426 -1.090396 0.577049 -0.321829
    22 6.946648 6.587124 1.429667 -1.090396 0.577049 -0.321829
    23 7.537933 7.453606 1.870349 -1.090396 0.577049 -0.321829
    24 8.154472 8.357077 2.329839 -1.090396 0.577049 -0.321829
    25 8.874294 9.411907 2.866308 -1.090396 0.577049 -0.321829
    26 -4.125858 -2.321501 1.394414 2.051196 0.577049 -0.321829
    27 -4.826813 -3.348669 0.872014 2.051196 0.577049 -0.321829
    28 -5.441669 -4.249685 0.413772 2.051196 0.577049 -0.321829
    29 -0.552532 -1.343527 1.604446 -0.485868 0.062049 -0.739325
    30 0.552589 1.343534 -1.604463 -0.928669 0.192807 -1.058549
    31 0.000000 -2.021618 -0.000004 0.659811 0.000000 0.000000
    32 -0.000021 2.021633 0.000027 0.007328 0.000000 0.000000
    33 -0.000004 -1.136217 -0.000004 -0.710520 0.000000 0.000000
    34 -0.000011 1.136200 -0.000019 -0.497093 0.000000 0.000000
    35 -0.032677 -4.587727 1.352317 4.017987 1.097500 3.071581
    36 0.032719 4.587772 -1.352291 4.504576 1.116280 4.169835
    37 0.000000 -1.754536 -0.000002 0.662896 0.000000 0.000000
    38 -0.000006 1.754520 -0.000034 0.202280 0.000000 0.000000
    39 0.000000 -1.227020 -0.000002 0.092660 0.000000 0.000000
    40 0.000002 1.227070 0.000032 -0.424493 0.000000 0.000000
    41 -0.367996 -4.208406 0.173244 3.975799 0.870972 2.811773
    42 0.368011 4.208412 -0.173239 2.779655 1.077129 2.660148
    43 0.000000 -2.372318 -0.000004 0.722081 0.000000 0.000000
    44 -0.000006 2.372318 -0.000032 0.722081 0.000000 0.000000
    45 0.000004 -1.580070 -0.000001 -0.342081 0.000000 0.000000
    46 -0.000002 1.580170 0.000030 -0.534343 0.000000 0.000000
    47 -0.937645 -3.860697 -0.959317 4.112297 0.813995 2.571254
    48 0.937672 3.860714 0.959333 2.632093 0.661017 2.222938
    49 0.000000 -1.690632 0.000000 1.688772 0.000000 0.000000
    50 -0.000013 1.690666 0.000021 0.491549 0.000000 0.000000
    51 -0.000002 -1.423443 0.000002 0.234212 0.000000 0.000000
    52 0.000008 1.423420 0.000028 -0.411221 0.000000 0.000000
    53 -1.546646 -3.404194 -1.915569 4.254297 0.651326 2.362501
    54 1.546661 3.404217 1.915585 2.888344 0.835443 1.899946
    55 0.000004 -1.437820 0.000000 1.165742 0.000000 0.000000
    56 -0.000021 1.437870 0.000031 0.424957 0.000000 0.000000
    57 -0.000002 -1.059402 0.000000 0.447515 0.000000 0.000000
    58 0.000006 1.059372 0.000008 0.322075 0.000000 0.000000
    59 -0.000004 -13.013485 -0.000004 0.000000 0.000000 0.000000
    60 0.000000 -10.813480 -0.000004 0.000000 0.000000 0.000000
  time 59
    0 3.357422 4.734375 -15.507813 -1.559898 -0.000007 -0.000009
    1 -17.852499 3.638989 -18.252413 -1.270577 -0.108047 -0.881259
    2 0.000000 14.313023 0.000003 -0.551531 -0.250875 -1.201467
    3 -0.000011 13.013483 -0.000005 -0.135966 -0.264136 0.964981
    4 9.664746 16.186262 -10.892811 0.716598 -0.014106 -0.310867
    5 0.000000 -14.313034 0.000000 -0.479368 0.004561 -0.002407
    6 -0.000004 -13.013485 -0.000004 0.393464 0.395634 0.377954
    7 -1.330879 -2.698427 0.462449 -0.194886 -0.547260 3.056712
    8 1.330910 2.698444 -0.462436 0.194890 0.547268 -0.084879
    9 8.586266 7.106662 -4.172623 -1.729097 0.672507 -0.307448
    10 3.556210 4.238403 0.987502 -1.090396 0.577049 -0.321829
    11 4.139183 5.092691 1.421975 -1.090396 0.577049 -0.321829
    12 4.777527 6.028128 1.897721 -1.090396 0.577049 -0.321829
    13 5.490345 7.072691 2.428969 -1.090396 0.577049 -0.321829
    14 6.564566 8.646956 3.229776 -1.090396 0.577049 -0.321829
    15 7.558525 6.997282 -2.354134 -1.937336 -0.275393 3.010581
    16 7.558525 6.997282 -2.354134 1.937336 0.275393 -0.131011
    17 -2.867767 -2.740969 0.531125 2.051196 0.577049 -0.321829
    18 4.324081 2.744001 -0.524877 -1.090396 0.577049 -0.321829
    19 5.012512 3.752832 -0.011802 -1.090396 0.577049 -0.321829
    20 5.595486 4.607124 0.422674 -1.090396 0.577049 -0.321829
    21 6.233833 5.542564 0.898426 -1.090396 0.577049 -0.321829
    22 6.946648 6.587124 1.429667 -1.090396 0.577049 -0.321829
    23 7.537933 7.453606 1.870349 -1.090396 0.577049 -0.321829
    24 8.154472 8.357077 2.329839 -1.090396 0.577049 -0.321829
    25 8.874294 9.411907 2.866308 -1.090396 0.577049 -0.321829
    26 -4.125858 -2.321501 1.394414 2.051196 0.577049 -0.321829
    27 -4.826813 -3.348669 0.872014 2.051196 0.577049 -0.321829
    28 -5.441669 -4.249685 0.413772 2.051196 0.577049 -0.321829
    29 -0.552532 -1.343527 1.604446 -0.485868 0.062049 -0.739325
    30 0.552589 1.343534 -1.604463 -0.928669 0.192807 -1.058549
    31 0.000000 -2.021618 -0.000004 0.659811 0.000000 0.000000
    32 -0.000021 2.021633 0.000027 0.007165 0.000000 0.000000
    33 -0.000004 -1.136217 -0.000004 -0.710520 0.000000 0.000000
    34 -0.000011 1.136200 -0.000019 -0.497093 0.000000 0.000000
    35 -0.032677 -4.587727 1.352317 4.017987 1.097500 3.071581
    36 0.032719 4.587772 -1.352291 4.504576 1.116280 4.169835
    37 0.000000 -1.754536 -0.000002 0.662896 0.000000 0.000000
    38 -0.000006 1.754520 -0.000034 0.202280 0.000000 0.000000
    39 0.000000 -1.227020 -0.000002 0.092660 0.000000 0.000000
    40 0.000002 1.227070 0.000032 -0.424493 0.000000 0.000000
    41 -0.367996 -4.208406 0.173244 3.975799 0.870972 2.811773
    42 0.368011 4.208412 -0.173239 2.779655 1.077129 2.660148
    43 0.000000 -2.372318 -0.000004 0.722081 0.000000 0.000000
    44 -0.000006 2.372318 -0.000032 0.722081 0.000000 0.000000
    45 0.000004 -1.580070 -0.000001 -0.342081 0.000000 0.000000
    46 -0.000002 1.580170 0.000030 -0.534286 0.000000 0.000000
    47 -0.937645 -3.860697 -0.959317 4.112297 0.813995 2.571254
    48 0.937672 3.860714 0.959333 2.632093 0.661017 2.222938
    49 0.000000 -1.690632 0.000000 1.689042 0.000000 0.000000
    50 -0.000013 1.690666 0.000021 0.491549 0.000000 0.000000
    51 -0.000002 -1.423443 0.000002 0.234212 0.000000 0.000000
    52 0.000008 1.423420 0.000028 -0.411221 0.000000 0.000000
    53 -1.546646 -3.404194 -1.915569 4.254297 0.651326 2.362501
    54 1.546661 3.404217 1.915585 2.888344 0.835443 1.899946
    55 0.000004 -1.437820 0.000000 1.165742 0.000000 0.000000
    56 -0.000021 1.437870 0.000031 0.424957 0.000000 0.000000
    57 -0.000002 -1.059402 0.000000 0.447515 0.000000 0.000000
    58 0.000006 1.059372 0.000008 0.322075 0.000000 0.000000
    59 -0.000004 -13.013485 -0.000004 0.000000 0.000000 0.000000
    60 0.000000 -10.813480 -0.000004 0.000000 0.000000 0.000000
  time 60
    0 3.357422 4.734375 -15.507813 -1.559898 -0.000007 -0.000009
    1 -17.852499 3.638989 -18.252413 -1.270577 -0.108047 -0.881259
    2 0.000000 14.313023 0.000003 -0.551470 -0.250649 -1.201427
    3 -0.000011 13.013483 -0.000005 -0.135966 -0.264136 0.964981
    4 9.754592 16.561274 -10.884998 0.716215 -0.012400 -0.310771
    5 0.000000 -14.313034 0.000000 -0.475777 0.006478 -0.003466
    6 -0.000004 -13.013485 -0.000004 0.749185 0.195035 0.760675
    7 -1.330879 -2.698427 0.462449 -0.194886 -0.547260 3.056712
    8 1.330910 2.698444 -0.462436 0.194890 0.547268 -0.084879
    9 8.555355 7.106662 -4.122112 -1.729097 0.672445 -0.307448
    10 3.556210 4.238403 0.987502 -1.090396 0.577049 -0.321829
    11 4.139183 5.092691 1.421975 -1.090396 0.577049 -0.321829
    12 4.777527 6.028128 1.897721 -1.090396 0.577049 -0.321829
    13 5.490345 7.072691 2.428969 -1.090396 0.577049 -0.321829
    14 6.564566 8.639143 3.229776 -1.090396 0.577049 -0.321829
    15 7.558525 6.997282 -2.354134 -1.937336 -0.275393 3.010581
    16 7.558525 6.997282 -2.354134 1.937336 0.275393 -0.131011
    17 -2.867767 -2.740969 0.531125 2.051196 0.577049 -0.321829
    18 4.324081 2.744001 -0.524877 -1.090396 0.577049 -0.321829
    19 5.012512 3.752832 -0.011802 -1.090396 0.577049 -0.321829
    20 5.595486 4.607124 0.422674 -1.090396 0.577049 -0.321829
    21 6.233833 5.542564 0.898426 -1.090396 0.577049 -0.321829
    22 6.946648 6.587124 1.429667 -1.090396 0.577049 -0.321829
    23 7.537933 7.453606 1.870349 -1.090396 0.577049 -0.321829
    24 8.154472 8.357077 2.329839 -1.090396 0.577049 -0.321829
    25 8.874294 9.411907 2.866308 -1.090396 0.577049 -0.321829
    26 -4.125858 -2.321501 1.394414 2.051196 0.577049 -0.321829
    27 -4.826813 -3.348669 0.872014 2.051196 0.577049 -0.321829
    28 -5.441669 -4.249685 0.413772 2.051196 0.577049 -0.321829
    29 -0.552532 -1.343527 1.604446 -0.634858 0.062049 -0.739325
    30 0.552589 1.343534 -1.604463 -0.928669 0.192807 -1.058549
    31 0.000000 -2.021618 -0.000004 0.634728 0.000000 0.000000
    32 -0.000021 2.021633 0.000027 0.007002 0.000000 0.000000
    33 -0.000004 -1.136217 -0.000004 -0.749694 0.000000 0.000000
    34 -0.000011 1.136200 -0.000019 -0.497093 0.000000 0.000000
    35 -0.032677 -4.587727 1.352317 4.227294 1.086403 3.121253
    36 0.032719 4.587772 -1.352291 4.504576 1.116280 4.169835
    37 0.000000 -1.754536 -0.000002 0.786548 0.000000 0.000000
    38 -0.000006 1.754520 -0.000034 0.202325 0.000000 0.000000
    39 0.000000 -1.227020 -0.000002 0.105842 0.000000 0.000000
    40 0.000002 1.227070 0.000032 -0.424493 0.000000 0.000000
    41 -0.367996 -4.208406 0.173244 4.098934 0.892394 2.863167
    42 0.368011 4.208412 -0.173239 2.779655 1.077129 2.660148
    43 0.000000 -2.372318 -0.000004 0.943281 0.000000 0.000000
    44 -0.000006 2.372318 -0.000032 0.722081 0.000000 0.000000
    45 0.000004 -1.580070 -0.000001 -0.333868 0.000000 0.000000
    46 -0.000002 1.580170 0.000030 -0.534286 0.000000 0.000000
    47 -0.937645 -3.860697 -0.959317 4.115270 0.814393 2.576925
    48 0.937672 3.860714 0.959333 2.632093 0.661017 2.222938
    49 0.000000 -1.690632 0.000000 1.689351 0.000000 0.000000
    50 -0.000013 1.690666 0.000021 0.491549 0.000000 0.000000
    51 -0.000002 -1.423443 0.000002 0.243800 0.000000 0.000000
    52 0.000008 1.423420 0.000028 -0.411221 0.000000 0.000000
    53 -1.546646 -3.404194 -1.915569 4.255774 0.654063 2.364957
    54 1.546661 3.404217 1.915585 2.888344 0.835443 1.899946
    55 0.000004 -1.437820 0.000000 1.171218 0.000000 0.000000
    56 -0.000021 1.437870 0.000031 0.424957 0.000000 0.000000
    57 -0.000002 -1.059402 0.000000 0.464508 0.000000 0.000000
    58 0.000006 1.059372 0.000008 0.322075 0.000000 0.000000
    59 -0.000004 -13.013485 -0.000004 0.000000 0.000000 0.000000
    60 0.000000 -10.813480 -0.000004 0.000000 0.000000 0.000000
  time 61
    0 3.357422 4.734375 -15.507813 -1.559898 -0.000007 -0.000009
    1 -17.852499 3.553049 -18.252413 -1.270577 -0.108047 -0.881259
    2 0.000000 14.313023 0.000003 -0.551653 -0.250825 -1.201306
    3 -0.000011 13.013483 -0.000005 -0.129087 -0.264513 0.940538
    4 9.758499 16.369862 -10.818590 0.715449 -0.009975 -0.309143
    5 0.000000 -14.313034 0.000000 -0.472306 0.008362 -0.004477
    6 -0.000004 -13.013485 -0.000004 0.966094 0.091861 0.986932
    7 -1.330879 -2.698427 0.462449 -0.194886 -0.547260 3.056712
    8 1.330910 2.698444 -0.462436 0.194890 0.547268 -0.084879
    9 1015.720653 141.970679 -1654.682315 -1.729097 0.672445 -0.307543
    10 3.556210 4.238403 0.987502 -1.090396 0.577049 -0.321829
    11 4.139183 5.092691 1.421975 -1.090396 0.577049 -0.321829
    12 4.777527 6.028128 1.897721 -1.090396 0.577049 -0.321829
    13 5.490345 7.072691 2.428969 -1.090396 0.577049 -0.321829
    14 6.564566 8.639143 3.229776 -1.090396 0.577049 -0.321829
    15 7.558525 6.997282 -2.354134 -1.937336 -0.275393 3.010581
    16 7.558525 6.997282 -2.354134 1.937336 0.275393 -0.131011
    17 -2.867767 -2.740969 0.531125 2.051196 0.577049 -0.321829
    18 4.324081 2.744001 -0.524877 -1.090396 0.577049 -0.321829
    19 5.012512 3.752832 -0.011802 -1.090396 0.577049 -0.321829
    20 5.595486 4.607124 0.422674 -1.090396 0.577049 -0.321829
    21 6.233833 5.542564 0.898426 -1.090396 0.577049 -0.321829
    22 6.946648 6.587124 1.429667 -1.090396 0.577049 -0.321829
    23 7.537933 7.453606 1.870349 -1.090396 0.577049 -0.321829
    24 8.154472 8.357077 2.329839 -1.090396 0.577049 -0.321829
    25 8.874294 9.411907 2.866308 -1.090396 0.577049 -0.321829
    26 -4.125858 -2.321501 1.394414 2.051196 0.577049 -0.321829
    27 -4.826813 -3.348669 0.872014 2.051196 0.577049 -0.321829
    28 -5.441669 -4.249685 0.413772 2.051196 0.577049 -0.321829
    29 -0.552532 -1.343527 1.604446 -0.963505 0.062049 -0.739325
    30 0.552589 1.343534 -1.604463 -0.943068 0.192807 -1.058549
    31 0.000000 -2.021618 -0.000004 0.579428 0.000000 0.000000
    32 -0.000021 2.021633 0.000027 0.006839 0.000000 0.000000
    33 -0.000004 -1.136217 -0.000004 -0.836011 0.000000 0.000000
    34 -0.000011 1.136200 -0.000019 -0.502948 0.000000 0.000000
    35 -0.032677 -4.587727 1.352317 4.688968 1.061908 3.230912
    36 0.032719 4.587772 -1.352291 4.488342 1.116280 4.169835
    37 0.000000 -1.754536 -0.000002 1.059337 0.000000 0.000000
    38 -0.000006 1.754520 -0.000034 0.186497 0.000000 0.000000
    39 0.000000 -1.227020 -0.000002 0.141285 0.000000 0.000000
    40 0.000002 1.227070 0.000032 -0.417237 0.000000 0.000000
    41 -0.367996 -4.208406 0.173244 4.370711 0.939636 2.976635
    42 0.368011 4.208412 -0.173239 2.765734 1.077129 2.660148
    43 0.000000 -2.372318 -0.000004 1.431195 0.000000 0.000000
    44 -0.000006 2.372318 -0.000032 0.709007 0.000000 0.000000
    45 0.000004 -1.580070 -0.000001 -0.311982 0.000000 0.000000
    46 -0.000002 1.580170 0.000030 -0.519609 0.000000 0.000000
    47 -0.937645 -3.860697 -0.959317 4.123352 0.815402 2.592128
    48 0.937672 3.860714 0.959333 2.631257 0.667895 2.235619
    49 0.000000 -1.690632 0.000000 1.692513 0.000000 0.000000
    50 -0.000013 1.690666 0.000021 0.470218 0.000000 0.000000
    51 -0.000002 -1.423443 0.000002 0.269457 0.000000 0.000000
    52 0.000008 1.423420 0.000028 -0.401384 0.000000 0.000000
    53 -1.546646 -3.404194 -1.915569 4.258081 0.658356 2.368640
    54 1.546661 3.404217 1.915585 2.852996 0.835443 1.899946
    55 0.000004 -1.437820 0.000000 1.185852 0.000000 0.000000
    56 -0.000021 1.437870 0.000031 0.407376 0.000000 0.000000
    57 -0.000002 -1.059402 0.000000 0.510011 0.000000 0.000000
    58 0.000006 1.059372 0.000008 0.304480 0.000000 0.000000
    59 -0.000004 -13.013485 -0.000004 0.000000 0.000000 0.000000
    60 0.000000 -10.813480 -0.000004 0.000000 0.000000 0.000000
  time 62
    0 3.357422 4.734375 -15.507813 -1.559898 -0.000007 -0.000009
    1 -17.852499 3.373356 -18.252413 -1.270577 -0.108047 -0.881259
    2 0.000000 14.313023 0.000003 -0.551531 -0.249919 -1.201306
    3 -0.000011 13.013483 -0.000005 -0.110646 -0.265456 0.875835
    4 9.738967 15.811251 -10.634990 0.714683 -0.003532 -0.303397
    5 0.000000 -14.313034 0.000000 -0.468955 0.010113 -0.005343
    6 -0.000004 -13.013485 -0.000004 1.008702 0.114758 1.015917
    7 -1.330879 -2.698427 0.462449 -0.194886 -0.547260 3.056712
    8 1.330910 2.698444 -0.462436 0.194890 0.547268 -0.084879
    9 871.181939 142.019756 -1493.247960 -1.729097 0.672445 -0.307543
    10 3.556210 4.238403 0.987502 -1.090396 0.577049 -0.321829
    11 4.139183 5.092691 1.421975 -1.090396 0.577049 -0.321829
    12 4.777527 6.028128 1.897721 -1.090396 0.577049 -0.321829
    13 5.490345 7.072691 2.428969 -1.090396 0.577049 -0.321829
    14 6.564566 8.639143 3.229776 -1.090396 0.577049 -0.321829
    15 7.558525 6.997282 -2.354134 -1.937336 -0.275393 3.010581
    16 7.558525 6.997282 -2.354134 1.937336 0.275393 -0.131011
    17 -2.867767 -2.740969 0.531125 2.051196 0.577049 -0.321829
    18 4.324081 2.744001 -0.524877 -1.090396 0.577049 -0.321829
    19 5.012512 3.752832 -0.011802 -1.090396 0.577049 -0.321829
    20 5.595486 4.607124 0.422674 -1.090396 0.577049 -0.321829
    21 6.233833 5.542564 0.898426 -1.090396 0.577049 -0.321829
    22 6.946648 6.587124 1.429667 -1.090396 0.577049 -0.321829
    23 7.537933 7.453606 1.870349 -1.090396 0.577049 -0.321829
    24 8.154472 8.357077 2.329839 -1.090396 0.577049 -0.321829
    25 8.874294 9.411907 2.866308 -1.090396 0.577049 -0.321829
    26 -4.125858 -2.321501 1.394414 2.051196 0.577049 -0.321829
    27 -4.826813 -3.348669 0.872014 2.051196 0.577049 -0.321829
    28 -5.441669 -4.249685 0.413772 2.051196 0.577049 -0.321829
    29 -0.552532 -1.343527 1.604446 -1.290439 0.062049 -0.739325
    30 0.552589 1.343534 -1.604463 -1.013075 0.192807 -1.058549
    31 0.000000 -2.021618 -0.000004 0.524337 0.000000 0.000000
    32 -0.000021 2.021633 0.000027 0.006703 0.000000 0.000000
    33 -0.000004 -1.136217 -0.000004 -0.922022 0.000000 0.000000
    34 -0.000011 1.136200 -0.000019 -0.531530 0.000000 0.000000
    35 -0.032677 -4.587727 1.352317 5.148298 1.037561 3.339888
    36 0.032719 4.587772 -1.352291 4.409255 1.116280 4.169835
    37 0.000000 -1.754536 -0.000002 1.330736 0.000000 0.000000
    38 -0.000006 1.754520 -0.000034 0.109576 0.000000 0.000000
    39 0.000000 -1.227020 -0.000002 0.193291 0.000000 0.000000
    40 0.000002 1.227070 0.000032 -0.382290 0.000000 0.000000
    41 -0.367996 -4.208406 0.173244 4.640961 0.986644 3.089483
    42 0.368011 4.208412 -0.173239 2.698283 1.077163 2.660148
    43 0.000000 -2.372318 -0.000004 1.916609 0.000000 0.000000
    44 -0.000006 2.372318 -0.000032 0.645525 0.000000 0.000000
    45 0.000004 -1.580070 -0.000001 -0.279874 0.000000 0.000000
    46 -0.000002 1.580170 0.000030 -0.504533 0.000000 0.000000
    47 -0.937645 -3.860697 -0.959317 4.135058 0.816869 2.614577
    48 0.937672 3.860714 0.959333 2.626984 0.701392 2.297059
    49 0.000000 -1.690632 0.000000 1.700341 0.000000 0.000000
    50 -0.000013 1.690666 0.000021 0.366513 0.000000 0.000000
    51 -0.000002 -1.423443 0.000002 0.307098 0.000000 0.000000
    52 0.000008 1.423420 0.000028 -0.353519 0.000000 0.000000
    53 -1.546646 -3.404194 -1.915569 4.262050 0.665848 2.375316
    54 1.546661 3.404217 1.915585 2.681882 0.835443 1.899946
    55 0.000004 -1.437820 0.000000 1.207379 0.000000 0.000000
    56 -0.000021 1.437870 0.000031 0.321765 0.000000 0.000000
    57 -0.000002 -1.059402 0.000000 0.576672 0.000000 0.000000
    58 0.000006 1.059372 0.000008 0.218700 0.000000 0.000000
    59 -0.000004 -13.013485 -0.000004 0.000000 0.000000 0.000000
    60 0.000000 -10.813480 -0.000004 0.000000 0.000000 0.000000
  time 63
    0 3.357422 4.734375 -15.507813 -1.559898 -0.000007 -0.000009
    1 -17.852499 3.099910 -18.252413 -1.270485 -0.108047 -0.881259
    2 0.000000 14.313023 0.000003 -0.551164 -0.247579 -1.200703
    3 -0.000011 13.013483 -0.000005 -0.083510 -0.267013 0.780267
    4 9.695997 15.100292 -10.443578 0.714109 -0.000273 -0.298992
    5 0.000000 -14.313034 0.000000 -0.466262 0.011568 -0.006162
    6 -0.000004 -13.013485 -0.000004 0.940332 0.220486 0.920190
    7 -1.330879 -2.698427 0.462449 -0.194886 -0.547260 3.056712
    8 1.330910 2.698444 -0.462436 0.194890 0.547268 -0.084879
    9 706.736695 141.970679 -1311.962635 -1.729097 0.672445 -0.307543
    10 3.556210 4.238403 0.987502 -1.090396 0.577049 -0.321829
    11 4.139183 5.092691 1.421975 -1.090396 0.577049 -0.321829
    12 4.777527 6.028128 1.897721 -1.090396 0.577049 -0.321829
    13 5.490345 7.072691 2.428969 -1.090396 0.577049 -0.321829
    14 6.564566 8.639143 3.229776 -1.090396 0.577049 -0.321829
    15 7.558525 6.997282 -2.354134 -1.937336 -0.275393 3.010581
    16 7.558525 6.997282 -2.354134 1.937336 0.275393 -0.131011
    17 -2.867767 -2.740969 0.531125 2.051196 0.577049 -0.321829
    18 4.324081 2.744001 -0.524877 -1.090396 0.577049 -0.321829
    19 5.012512 3.752832 -0.011802 -1.090396 0.577049 -0.321829
    20 5.595486 4.607124 0.422674 -1.090396 0.577049 -0.321829
    21 6.233833 5.542564 0.898426 -1.090396 0.577049 -0.321829
    22 6.946648 6.587124 1.429667 -1.090396 0.577049 -0.321829
    23 7.537933 7.453606 1.870349 -1.090396 0.577049 -0.321829
    24 8.154472 8.357077 2.329839 -1.090396 0.577049 -0.321829
    25 8.874294 9.411907 2.866308 -1.090396 0.577049 -0.321829
    26 -4.125858 -2.321501 1.394414 2.051196 0.577049 -0.321829
    27 -4.826813 -3.348669 0.872014 2.051196 0.577049 -0.321829
    28 -5.441669 -4.249685 0.413772 2.051196 0.577049 -0.321829
    29 -0.552532 -1.343527 1.604446 -1.290439 0.062049 -0.739325
    30 0.552589 1.343534 -1.604463 -1.187034 0.192807 -1.058549
    31 0.000000 -2.021618 -0.000004 0.524337 0.000000 0.000000
    32 -0.000021 2.021633 0.000027 0.006540 0.000000 0.000000
    33 -0.000004 -1.136217 -0.000004 -0.922022 0.000000 0.000000
    34 -0.000011 1.136200 -0.000019 -0.602544 0.000000 0.000000
    35 -0.032677 -4.587727 1.352317 5.148298 1.037561 3.339888
    36 0.032719 4.587772 -1.352291 4.212709 1.116280 4.169835
    37 0.000000 -1.754536 -0.000002 1.330736 0.000000 0.000000
    38 -0.000006 1.754520 -0.000034 -0.081455 0.000000 0.000000
    39 0.000000 -1.227020 -0.000002 0.256499 0.000000 0.000000
    40 0.000002 1.227070 0.000032 -0.295421 0.000000 0.000000
    41 -0.367996 -4.208406 0.173244 4.640961 0.986644 3.089483
    42 0.368011 4.208412 -0.173239 2.530421 1.077163 2.660148
    43 0.000000 -2.372318 -0.000004 1.916609 0.000000 0.000000
    44 -0.000006 2.372318 -0.000032 0.487676 0.000000 0.000000
    45 0.000004 -1.580070 -0.000001 -0.240814 0.000000 0.000000
    46 -0.000002 1.580170 0.000030 -0.488491 0.000000 0.000000
    47 -0.937645 -3.860697 -0.959317 4.149365 0.818643 2.641910
    48 0.937672 3.860714 0.959333 2.616393 0.784639 2.449713
    49 0.000000 -1.690632 0.000000 1.709828 0.000000 0.000000
    50 -0.000013 1.690666 0.000021 0.108729 0.000000 0.000000
    51 -0.000002 -1.423443 0.000002 0.352965 0.000000 0.000000
    52 0.000008 1.423420 0.000028 -0.234446 0.000000 0.000000
    53 -1.546646 -3.404194 -1.915569 4.266941 0.675097 2.383450
    54 1.546661 3.404217 1.915585 2.256406 0.835443 1.899946
    55 0.000004 -1.437820 0.000000 1.233485 0.000000 0.000000
    56 -0.000021 1.437870 0.000031 0.108969 0.000000 0.000000
    57 -0.000002 -1.059402 0.000000 0.657895 0.000000 0.000000
    58 0.000006 1.059372 0.000008 0.005554 0.000000 0.000000
    59 -0.000004 -13.013485 -0.000004 0.000000 0.000000 0.000000
    60 0.000000 -10.813480 -0.000004 0.000000 0.000000 0.000000
  time 64
    0 3.357422 4.734375 -15.507813 -1.559898 -0.000007 -0.000009
    1 -17.852499 2.760056 -18.252413 -1.270485 -0.108047 -0.881259
    2 0.000000 14.313023 0.000003 -0.550553 -0.243579 -1.199496
    3 -0.000011 13.013483 -0.000005 -0.050641 -0.268758 0.664089
    4 9.602244 14.436209 -10.342013 0.714396 -0.005541 -0.300045
    5 0.000000 -14.313034 0.000000 -0.465484 0.012030 -0.006402
    6 -0.000004 -13.013485 -0.000004 0.814402 0.365576 0.760675
    7 -1.330879 -2.698427 0.462449 -0.194886 -0.547260 3.056712
    8 1.330910 2.698444 -0.462436 0.194890 0.547268 -0.084879
    9 532.894579 141.970679 -1121.585262 -1.729097 0.672445 -0.307543
    10 3.556210 4.238403 0.987502 -1.090396 0.577049 -0.321829
    11 4.139183 5.092691 1.421975 -1.090396 0.577049 -0.321829
    12 4.777527 6.028128 1.897721 -1.090396 0.577049 -0.321829
    13 5.490345 7.072691 2.428969 -1.090396 0.577049 -0.321829
    14 6.564566 8.639143 3.229776 -1.090396 0.577049 -0.321829
    15 7.558525 6.997282 -2.354134 -1.937336 -0.275393 3.010581
    16 7.558525 6.997282 -2.354134 1.937336 0.275393 -0.131011
    17 -2.867767 -2.740969 0.531125 2.051196 0.577049 -0.321829
    18 4.324081 2.744001 -0.524877 -1.090396 0.577049 -0.321829
    19 5.012512 3.752832 -0.011802 -1.090396 0.577049 -0.321829
    20 5.595486 4.607124 0.422674 -1.090396 0.577049 -0.321829
    21 6.233833 5.542564 0.898426 -1.090396 0.577049 -0.321829
    22 6.946648 6.587124 1.429667 -1.090396 0.577049 -0.321829
    23 7.537933 7.453606 1.870349 -1.090396 0.577049 -0.321829
    24 8.154472 8.357077 2.329839 -1.090396 0.577049 -0.321829
    25 8.874294 9.411907 2.866308 -1.090396 0.577049 -0.321829
    26 -4.125858 -2.321501 1.394414 2.051196 0.577049 -0.321829
    27 -4.826813 -3.348669 0.872014 2.051196 0.577049 -0.321829
    28 -5.441669 -4.249685 0.413772 2.051196 0.577049 -0.321829
    29 -0.552532 -1.343527 1.604446 -1.290439 0.062049 -0.739325
    30 0.552589 1.343534 -1.604463 -1.257067 0.192807 -1.058549
    31 0.000000 -2.021618 -0.000004 0.524337 0.000000 0.000000
    32 -0.000021 2.021633 0.000027 0.006377 0.000000 0.000000
    33 -0.000004 -1.136217 -0.000004 -0.922022 0.000000 0.000000
    34 -0.000011 1.136200 -0.000019 -0.631125 0.000000 0.000000
    35 -0.032677 -4.587727 1.352317 5.148298 1.037561 3.339888
    36 0.032719 4.587772 -1.352291 4.133535 1.116280 4.169835
    37 0.000000 -1.754536 -0.000002 1.330736 0.000000 0.000000
    38 -0.000006 1.754520 -0.000034 -0.158330 0.000000 0.000000
    39 0.000000 -1.227020 -0.000002 0.325212 0.000000 0.000000
    40 0.000002 1.227070 0.000032 -0.260474 0.000000 0.000000
    41 -0.367996 -4.208406 0.173244 4.640961 0.986644 3.089483
    42 0.368011 4.208412 -0.173239 2.462881 1.077163 2.660148
    43 0.000000 -2.372318 -0.000004 1.916609 0.000000 0.000000
    44 -0.000006 2.372318 -0.000032 0.424106 0.000000 0.000000
    45 0.000004 -1.580070 -0.000001 -0.198355 0.000000 0.000000
    46 -0.000002 1.580170 0.000030 -0.471481 0.000000 0.000000
    47 -0.937645 -3.860697 -0.959317 4.164880 0.820661 2.671527
    48 0.937672 3.860714 0.959333 2.612027 0.818135 2.511232
    49 0.000000 -1.690632 0.000000 1.720162 0.000000 0.000000
    50 -0.000013 1.690666 0.000021 0.004924 0.000000 0.000000
    51 -0.000002 -1.423443 0.000002 0.402755 0.000000 0.000000
    52 0.000008 1.423420 0.000028 -0.186508 0.000000 0.000000
    53 -1.546646 -3.404194 -1.915569 4.272018 0.684893 2.392044
    54 1.546661 3.404217 1.915585 2.085109 0.835443 1.899946
    55 0.000004 -1.437820 0.000000 1.261951 0.000000 0.000000
    56 -0.000021 1.437870 0.000031 0.023251 0.000000 0.000000
    57 -0.000002 -1.059402 0.000000 0.746078 0.000000 0.000000
    58 0.000006 1.059372 0.000008 -0.080345 0.000000 0.000000
    59 -0.000004 -13.013485 -0.000004 0.000000 0.000000 0.000000
    60 0.000000 -10.813480 -0.000004 0.000000 0.000000 0.000000
  time 65
    0 3.357422 4.734375 -15.507813 -1.559898 -0.000007 -0.000009
    1 -17.852499 2.385045 -18.252413 -1.270485 -0.108047 -0.881259
    2 0.000000 14.313023 0.000003 -0.549820 -0.238069 -1.198209
    3 -0.000011 13.013483 -0.000005 -0.015001 -0.271305 0.538326
    4 9.485053 13.998696 -10.439672 0.718131 -0.023656 -0.311346
    5 0.000000 -14.313034 0.000000 -0.465903 0.011766 -0.006306
    6 -0.000004 -13.013485 -0.000004 0.683698 0.506926 0.598586
    7 -1.330879 -2.698427 0.462449 -0.194886 -0.547260 3.056712
    8 1.330910 2.698444 -0.462436 0.194890 0.547268 -0.084879
    9 359.639769 141.970679 -931.510958 -1.729097 0.672445 -0.307543
    10 3.556210 4.238403 0.987502 -1.090396 0.577049 -0.321829
    11 4.139183 5.092691 1.421975 -1.090396 0.577049 -0.321829
    12 4.777527 6.028128 1.897721 -1.090396 0.577049 -0.321829
    13 5.490345 7.072691 2.428969 -1.090396 0.577049 -0.321829
    14 6.564566 8.639143 3.229776 -1.090396 0.577049 -0.321829
    15 7.558525 6.997282 -2.354134 -1.937336 -0.275393 3.010581
    16 7.558525 6.997282 -2.354134 1.937336 0.275393 -0.131011
    17 -2.867767 -2.740969 0.531125 2.051196 0.577049 -0.321829
    18 4.324081 2.744001 -0.524877 -1.090396 0.577049 -0.321829
    19 5.012512 3.752832 -0.011802 -1.090396 0.577049 -0.321829
    20 5.595486 4.607124 0.422674 -1.090396 0.577049 -0.321829
    21 6.233833 5.542564 0.898426 -1.090396 0.577049 -0.321829
    22 6.946648 6.587124 1.429667 -1.090396 0.577049 -0.321829
    23 7.537933 7.453606 1.870349 -1.090396 0.577049 -0.321829
    24 8.154472 8.357077 2.329839 -1.090396 0.577049 -0.321829
    25 8.874294 9.411907 2.866308 -1.090396 0.577049 -0.321829
    26 -4.125858 -2.321501 1.394414 2.051196 0.577049 -0.321829
    27 -4.826813 -3.348669 0.872014 2.051196 0.577049 -0.321829
    28 -5.441669 -4.249685 0.413772 2.051196 0.577049 -0.321829
    29 -0.552532 -1.343527 1.604446 -1.290439 0.062049 -0.739325
    30 0.552589 1.343534 -1.604463 -1.271466 0.192807 -1.058549
    31 0.000000 -2.021618 -0.000004 0.524337 0.000000 0.000000
    32 -0.000021 2.021633 0.000027 0.006214 0.000000 0.000000
    33 -0.000004 -1.136217 -0.000004 -0.922022 0.000000 0.000000
    34 -0.000011 1.136200 -0.000019 -0.636981 0.000000 0.000000
    35 -0.032677 -4.587727 1.352317 5.148298 1.037561 3.339888
    36 0.032719 4.587772 -1.352291 4.117301 1.116280 4.169835
    37 0.000000 -1.754536 -0.000002 1.330736 0.000000 0.000000
    38 -0.000006 1.754520 -0.000034 -0.174068 0.000000 0.000000
    39 0.000000 -1.227020 -0.000002 0.393780 0.000000 0.000000
    40 0.000002 1.227070 0.000032 -0.253285 0.000000 0.000000
    41 -0.367996 -4.208406 0.173244 4.640961 0.986644 3.089483
    42 0.368011 4.208412 -0.173239 2.449050 1.077129 2.660148
    43 0.000000 -2.372318 -0.000004 1.916609 0.000000 0.000000
    44 -0.000006 2.372318 -0.000032 0.411076 0.000000 0.000000
    45 0.000004 -1.580070 -0.000001 -0.155999 0.000000 0.000000
    46 -0.000002 1.580170 0.000030 -0.452822 0.000000 0.000000
    47 -0.937645 -3.860697 -0.959317 4.180394 0.822556 2.701144
    48 0.937672 3.860714 0.959333 2.611190 0.824983 2.523835
    49 0.000000 -1.690632 0.000000 1.730459 0.000000 0.000000
    50 -0.000013 1.690666 0.000021 -0.016357 0.000000 0.000000
    51 -0.000002 -1.423443 0.000002 0.452435 0.000000 0.000000
    52 0.000008 1.423420 0.000028 -0.176671 0.000000 0.000000
    53 -1.546646 -3.404194 -1.915569 4.277278 0.694776 2.400868
    54 1.546661 3.404217 1.915585 2.049944 0.835443 1.899946
    55 0.000004 -1.437820 0.000000 1.290276 0.000000 0.000000
    56 -0.000021 1.437870 0.000031 0.005723 0.000000 0.000000
    57 -0.000002 -1.059402 0.000000 0.834036 0.000000 0.000000
    58 0.000006 1.059372 0.000008 -0.097880 0.000000 0.000000
    59 -0.000004 -13.013485 -0.000004 0.000000 0.000000 0.000000
    60 0.000000 -10.813480 -0.000004 0.000000 0.000000 0.000000
  time 66
    0 3.357422 4.734375 -15.507813 -1.559898 -0.000007 -0.000009
    1 -17.852499 2.006127 -18.252413 -1.270485 -0.108047 -0.881259
    2 0.000000 14.313023 0.000003 -0.549087 -0.232055 -1.196841
    3 -0.000011 13.013483 -0.000005 0.020543 -0.272673 0.412372
    4 9.360049 13.776033 -10.693586 0.723110 -0.050791 -0.330117
    5 0.000000 -14.313034 0.000000 -0.466502 0.011468 -0.006113
    6 -0.000004 -13.013485 -0.000004 0.601366 0.601342 0.494563
    7 -1.330879 -2.698427 0.462449 -0.194886 -0.547260 3.056712
    8 1.330910 2.698444 -0.462436 0.194890 0.547268 -0.084879
    9 195.503632 142.019756 -750.831769 -1.729097 0.672445 -0.307448
    10 3.556210 4.238403 0.987502 -1.090396 0.577049 -0.321829
    11 4.139183 5.092691 1.421975 -1.090396 0.577049 -0.321829
    12 4.777527 6.028128 1.897721 -1.090396 0.577049 -0.321829
    13 5.490345 7.072691 2.428969 -1.090396 0.577049 -0.321829
    14 6.564566 8.639143 3.229776 -1.090396 0.577049 -0.321829
    15 7.558525 6.997282 -2.354134 -1.937336 -0.275393 3.010581
    16 7.558525 6.997282 -2.354134 1.937336 0.275393 -0.131011
    17 -2.867767 -2.740969 0.531125 2.051196 0.577049 -0.321829
    18 4.324081 2.744001 -0.524877 -1.090396 0.577049 -0.321829
    19 5.012512 3.752832 -0.011802 -1.090396 0.577049 -0.321829
    20 5.595486 4.607124 0.422674 -1.090396 0.577049 -0.321829
    21 6.233833 5.542564 0.898426 -1.090396 0.577049 -0.321829
    22 6.946648 6.587124 1.429667 -1.090396 0.577049 -0.321829
    23 7.537933 7.453606 1.870349 -1.090396 0.577049 -0.321829
    24 8.154472 8.357077 2.329839 -1.090396 0.577049 -0.321829
    25 8.874294 9.411907 2.866308 -1.090396 0.577049 -0.321829
    26 -4.125858 -2.321501 1.394414 2.051196 0.577049 -0.321829
    27 -4.826813 -3.348669 0.872014 2.051196 0.577049 -0.321829
    28 -5.441669 -4.249685 0.413772 2.051196 0.577049 -0.321829
    29 -0.552532 -1.343527 1.604446 -1.290439 0.062049 -0.739325
    30 0.552589 1.343534 -1.604463 -1.260726 0.205178 -1.057658
    31 0.000000 -2.021618 -0.000004 0.524337 0.000000 0.000000
    32 -0.000021 2.021633 0.000027 0.006078 0.000000 0.000000
    33 -0.000004 -1.136217 -0.000004 -0.922022 0.000000 0.000000
    34 -0.000011 1.136200 -0.000019 -0.621226 0.000000 0.000000
    35 -0.032677 -4.587727 1.352317 5.148298 1.037561 3.339888
    36 0.032719 4.587772 -1.352291 4.102022 1.115871 4.139349
    37 0.000000 -1.754536 -0.000002 1.330736 0.000000 0.000000
    38 -0.000006 1.754520 -0.000034 -0.167764 0.000000 0.000000
    39 0.000000 -1.227020 -0.000002 0.457085 0.000000 0.000000
    40 0.000002 1.227070 0.000032 -0.246362 0.000000 0.000000
    41 -0.367996 -4.208406 0.173244 4.640961 0.986644 3.089483
    42 0.368011 4.208412 -0.173239 2.464408 1.077263 2.663244
    43 0.000000 -2.372318 -0.000004 1.916609 0.000000 0.000000
    44 -0.000006 2.372318 -0.000032 0.411076 0.000000 0.000000
    45 0.000004 -1.580070 -0.000001 -0.116887 0.000000 0.000000
    46 -0.000002 1.580170 0.000030 -0.432001 0.000000 0.000000
    47 -0.937645 -3.860697 -0.959317 4.194701 0.824360 2.728555
    48 0.937672 3.860714 0.959333 2.626891 0.828900 2.528640
    49 0.000000 -1.690632 0.000000 1.739945 0.000000 0.000000
    50 -0.000013 1.690666 0.000021 -0.017709 0.000000 0.000000
    51 -0.000002 -1.423443 0.000002 0.498302 0.000000 0.000000
    52 0.000008 1.423420 0.000028 -0.169183 0.000000 0.000000
    53 -1.546646 -3.404194 -1.915569 4.282078 0.703939 2.408849
    54 1.546661 3.404217 1.915585 2.079663 0.839708 1.918592
    55 0.000004 -1.437820 0.000000 1.316429 0.000000 0.000000
    56 -0.000021 1.437870 0.000031 0.005723 0.000000 0.000000
    57 -0.000002 -1.059402 0.000000 0.915231 0.000000 0.000000
    58 0.000006 1.059372 0.000008 -0.091837 0.000000 0.000000
    59 -0.000004 -13.013485 -0.000004 0.000000 0.000000 0.000000
    60 0.000000 -10.813480 -0.000004 0.000000 0.000000 0.000000
  time 67
    0 3.357422 4.734375 -15.507813 -1.559898 -0.000007 -0.000009
    1 -17.852499 1.662366 -18.252413 -1.270485 -0.108047 -0.881259
    2 0.000000 14.313023 0.000003 -0.548415 -0.226847 -1.195634
    3 -0.000011 13.013483 -0.000005 0.053508 -0.274418 0.296195
    4 9.262390 13.615871 -10.998283 0.725504 -0.078873 -0.349654
    5 0.000000 -14.313034 0.000000 -0.466980 0.011204 -0.005921
    6 -0.000004 -13.013485 -0.000004 0.591817 0.648686 0.466340
    7 -1.330879 -2.698427 0.462449 -0.194886 -0.547260 3.056712
    8 1.330910 2.698444 -0.462436 0.194890 0.547268 -0.084879
    9 50.841275 142.019756 -589.245881 -1.729097 0.672445 -0.307543
    10 3.556210 4.238403 0.987502 -1.090396 0.577049 -0.321829
    11 4.139183 5.092691 1.421975 -1.090396 0.577049 -0.321829
    12 4.777527 6.028128 1.897721 -1.090396 0.577049 -0.321829
    13 5.490345 7.072691 2.428969 -1.090396 0.577049 -0.321829
    14 6.564566 8.639143 3.229776 -1.090396 0.577049 -0.321829
    15 7.558525 6.997282 -2.354134 -1.937336 -0.275393 3.010581
    16 7.558525 6.997282 -2.354134 1.937336 0.275393 -0.131011
    17 -2.867767 -2.740969 0.531125 2.051196 0.577049 -0.321829
    18 4.324081 2.744001 -0.524877 -1.090396 0.577049 -0.321829
    19 5.012512 3.752832 -0.011802 -1.090396 0.577049 -0.321829
    20 5.595486 4.607124 0.422674 -1.090396 0.577049 -0.321829
    21 6.233833 5.542564 0.898426 -1.090396 0.577049 -0.321829
    22 6.946648 6.587124 1.429667 -1.090396 0.577049 -0.321829
    23 7.537933 7.453606 1.870349 -1.090396 0.577049 -0.321829
    24 8.154472 8.357077 2.329839 -1.090396 0.577049 -0.321829
    25 8.874294 9.411907 2.866308 -1.090396 0.577049 -0.321829
    26 -4.125858 -2.321501 1.394414 2.051196 0.577049 -0.321829
    27 -4.826813 -3.348669 0.872014 2.051196 0.577049 -0.321829
    28 -5.441669 -4.249685 0.413772 2.051196 0.577049 -0.321829
    29 -0.552532 -1.343527 1.604446 -1.057369 0.148176 -0.701726
    30 0.552589 1.343534 -1.604463 -1.249123 0.219135 -1.059310
    31 0.000000 -2.021618 -0.000004 0.385791 0.000000 0.000000
    32 -0.000021 2.021633 0.000027 0.005915 0.000000 0.000000
    33 -0.000004 -1.136217 -0.000004 -0.709882 0.000000 0.000000
    34 -0.000011 1.136200 -0.000019 -0.602776 0.000000 0.000000
    35 -0.032677 -4.587727 1.352317 4.969722 0.991799 3.413752
    36 0.032719 4.587772 -1.352291 4.085788 1.114795 4.104010
    37 0.000000 -1.754536 -0.000002 1.354536 0.000000 0.000000
    38 -0.000006 1.754520 -0.000034 -0.160507 0.000000 0.000000
    39 0.000000 -1.227020 -0.000002 0.509139 0.000000 0.000000
    40 0.000002 1.227070 0.000032 -0.238973 0.000000 0.000000
    41 -0.367996 -4.208406 0.173244 4.582582 0.948631 3.108291
    42 0.368011 4.208412 -0.173239 2.481203 1.077196 2.665101
    43 0.000000 -2.372318 -0.000004 1.930356 0.000000 0.000000
    44 -0.000006 2.372318 -0.000032 0.411076 0.000000 0.000000
    45 0.000004 -1.580070 -0.000001 -0.084728 0.000000 0.000000
    46 -0.000002 1.580170 0.000030 -0.408677 0.000000 0.000000
    47 -0.937645 -3.860697 -0.959317 4.206500 0.825797 2.751083
    48 0.937672 3.860714 0.959333 2.644449 0.833650 2.531869
    49 0.000000 -1.690632 0.000000 1.747812 0.000000 0.000000
    50 -0.000013 1.690666 0.000021 -0.019011 0.000000 0.000000
    51 -0.000002 -1.423443 0.000002 0.535998 0.000000 0.000000
    52 0.000008 1.423420 0.000028 -0.160374 0.000000 0.000000
    53 -1.546646 -3.404194 -1.915569 4.286139 0.711430 2.415525
    54 1.546661 3.404217 1.915585 2.111689 0.844548 1.936164
    55 0.000004 -1.437820 0.000000 1.338003 0.000000 0.000000
    56 -0.000021 1.437870 0.000031 0.005723 0.000000 0.000000
    57 -0.000002 -1.059402 0.000000 0.982088 0.000000 0.000000
    58 0.000006 1.059372 0.000008 -0.085380 0.000000 0.000000
    59 -0.000004 -13.013485 -0.000004 0.000000 0.000000 0.000000
    60 0.000000 -10.813480 -0.000004 0.000000 0.000000 0.000000
  time 68
    0 3.357422 4.734375 -15.507813 -1.559898 -0.000007 -0.000009
    1 -17.852499 1.392827 -18.252413 -1.270485 -0.108047 -0.881259
    2 0.000000 14.313023 0.000003 -0.547804 -0.223073 -1.194709
    3 -0.000011 13.013483 -0.000005 0.080452 -0.275880 0.200914
    4 9.195981 13.522119 -11.345950 0.723780 -0.108319 -0.370149
    5 0.000000 -14.313034 0.000000 -0.471528 0.008725 -0.004621
    6 -0.000004 -13.013485 -0.000004 0.615868 0.671173 0.473491
    7 -1.330879 -2.698427 0.462449 -0.194886 -0.547260 3.056712
    8 1.330910 2.698444 -0.462436 0.194890 0.547268 -0.084879
    9 -64.177664 142.019756 -457.007101 -1.729097 0.672445 -0.307543
    10 3.556210 4.238403 0.987502 -1.090396 0.577049 -0.321829
    11 4.139183 5.092691 1.421975 -1.090396 0.577049 -0.321829
    12 4.777527 6.028128 1.897721 -1.090396 0.577049 -0.321829
    13 5.490345 7.072691 2.428969 -1.090396 0.577049 -0.321829
    14 6.564566 8.639143 3.229776 -1.090396 0.577049 -0.321829
    15 7.558525 6.997282 -2.354134 -1.937336 -0.275393 3.010581
    16 7.558525 6.997282 -2.354134 1.937336 0.275393 -0.131011
    17 -2.867767 -2.740969 0.531125 2.051196 0.577049 -0.321829
    18 4.324081 2.744001 -0.524877 -1.090396 0.577049 -0.321829
    19 5.012512 3.752832 -0.011802 -1.090396 0.577049 -0.321829
    20 5.595486 4.607124 0.422674 -1.090396 0.577049 -0.321829
    21 6.233833 5.542564 0.898426 -1.090396 0.577049 -0.321829
    22 6.946648 6.587124 1.429667 -1.090396 0.577049 -0.321829
    23 7.537933 7.453606 1.870349 -1.090396 0.577049 -0.321829
    24 8.154472 8.357077 2.329839 -1.090396 0.577049 -0.321829
    25 8.874294 9.411907 2.866308 -1.090396 0.577049 -0.321829
    26 -4.125858 -2.321501 1.394414 2.051196 0.577049 -0.321829
    27 -4.826813 -3.348669 0.872014 2.051196 0.577049 -0.321829
    28 -5.441669 -4.249685 0.413772 2.051196 0.577049 -0.321829
    29 -0.552532 -1.343527 1.604446 -0.822862 0.231564 -0.658311
    30 0.552589 1.343534 -1.604463 -1.235613 0.236184 -1.064896
    31 0.000000 -2.021618 -0.000004 0.247392 0.000000 0.000000
    32 -0.000021 2.021633 0.000027 0.005752 0.000000 0.000000
    33 -0.000004 -1.136217 -0.000004 -0.498019 0.000000 0.000000
    34 -0.000011 1.136200 -0.000019 -0.579167 0.000000 0.000000
    35 -0.032677 -4.587727 1.352317 4.793057 0.948190 3.490195
    36 0.032719 4.587772 -1.352291 4.067210 1.112531 4.059191
    37 0.000000 -1.754536 -0.000002 1.378309 0.000000 0.000000
    38 -0.000006 1.754520 -0.000034 -0.151527 0.000000 0.000000
    39 0.000000 -1.227020 -0.000002 0.544437 0.000000 0.000000
    40 0.000002 1.227070 0.000032 -0.230586 0.000000 0.000000
    41 -0.367996 -4.208406 0.173244 4.524832 0.910851 3.127874
    42 0.368011 4.208412 -0.173239 2.501231 1.076796 2.665101
    43 0.000000 -2.372318 -0.000004 1.944143 0.000000 0.000000
    44 -0.000006 2.372318 -0.000032 0.411076 0.000000 0.000000
    45 0.000004 -1.580070 -0.000001 -0.062867 0.000000 0.000000
    46 -0.000002 1.580170 0.000030 -0.384613 0.000000 0.000000
    47 -0.937645 -3.860697 -0.959317 4.214489 0.826806 2.766364
    48 0.937672 3.860714 0.959333 2.665817 0.839911 2.532972
    49 0.000000 -1.690632 0.000000 1.753095 0.000000 0.000000
    50 -0.000013 1.690666 0.000021 -0.020363 0.000000 0.000000
    51 -0.000002 -1.423443 0.000002 0.561546 0.000000 0.000000
    52 0.000008 1.423420 0.000028 -0.148922 0.000000 0.000000
    53 -1.546646 -3.404194 -1.915569 4.288815 0.716530 2.420052
    54 1.546661 3.404217 1.915585 2.149530 0.850397 1.953430
    55 0.000004 -1.437820 0.000000 1.352590 0.000000 0.000000
    56 -0.000021 1.437870 0.000031 0.005723 0.000000 0.000000
    57 -0.000002 -1.059402 0.000000 1.027451 0.000000 0.000000
    58 0.000006 1.059372 0.000008 -0.077797 0.000000 0.000000
    59 -0.000004 -13.013485 -0.000004 0.000000 0.000000 0.000000
    60 0.000000 -10.813480 -0.000004 0.000000 0.000000 0.000000
  time 69
    0 3.357422 4.734375 -15.507813 -1.559898 -0.000007 -0.000009
    1 -17.852499 1.209228 -18.252413 -1.270485 -0.108047 -0.881259
    2 0.000000 14.313023 0.000003 -0.547499 -0.220607 -1.193985
    3 -0.000011 13.013483 -0.000005 0.098989 -0.276965 0.135924
    4 9.160824 13.455710 -11.830339 0.714396 -0.145838 -0.395624
    5 0.000000 -14.313034 0.000000 -0.478410 0.005090 -0.002696
    6 -0.000004 -13.013485 -0.000004 0.632713 0.658721 0.491225
    7 -1.330879 -2.698427 0.462449 -0.194886 -0.547260 3.056712
    8 1.330910 2.698444 -0.462436 0.194890 0.547268 -0.084879
    9 -140.836349 142.019756 -362.752875 -1.729097 0.672445 -0.307543
    10 3.556210 4.238403 0.987502 -1.090396 0.577049 -0.321829
    11 4.139183 5.092691 1.421975 -1.090396 0.577049 -0.321829
    12 4.777527 6.028128 1.897721 -1.090396 0.577049 -0.321829
    13 5.490345 7.072691 2.428969 -1.090396 0.577049 -0.321829
    14 6.564566 8.639143 3.229776 -1.090396 0.577049 -0.321829
    15 7.558525 6.997282 -2.354134 -1.937336 -0.275393 3.010581
    16 7.558525 6.997282 -2.354134 1.937336 0.275393 -0.131011
    17 -2.867767 -2.740969 0.531125 2.051196 0.577049 -0.321829
    18 4.324081 2.744001 -0.524877 -1.090396 0.577049 -0.321829
    19 5.012512 3.752832 -0.011802 -1.090396 0.577049 -0.321829
    20 5.595486 4.607124 0.422674 -1.090396 0.577049 -0.321829
    21 6.233833 5.542564 0.898426 -1.090396 0.577049 -0.321829
    22 6.946648 6.587124 1.429667 -1.090396 0.577049 -0.321829
    23 7.537933 7.453606 1.870349 -1.090396 0.577049 -0.321829
    24 8.154472 8.357077 2.329839 -1.090396 0.577049 -0.321829
    25 8.874294 9.411907 2.866308 -1.090396 0.577049 -0.321829
    26 -4.125858 -2.321501 1.394414 2.051196 0.577049 -0.321829
    27 -4.826813 -3.348669 0.872014 2.051196 0.577049 -0.321829
    28 -5.441669 -4.249685 0.413772 2.051196 0.577049 -0.321829
    29 -0.552532 -1.343527 1.604446 -0.716554 0.270072 -0.639914
    30 0.552589 1.343534 -1.604463 -1.209769 0.269133 -1.077634
    31 0.000000 -2.021618 -0.000004 0.184494 0.000000 0.000000
    32 -0.000021 2.021633 0.000027 0.005589 0.000000 0.000000
    33 -0.000004 -1.136217 -0.000004 -0.401652 0.000000 0.000000
    34 -0.000011 1.136200 -0.000019 -0.532832 0.000000 0.000000
    35 -0.032677 -4.587727 1.352317 4.712321 0.927852 3.524397
    36 0.032719 4.587772 -1.352291 4.031964 1.108189 3.972207
    37 0.000000 -1.754536 -0.000002 1.389086 0.000000 0.000000
    38 -0.000006 1.754520 -0.000034 -0.133839 0.000000 0.000000
    39 0.000000 -1.227020 -0.000002 0.557716 0.000000 0.000000
    40 0.000002 1.227070 0.000032 -0.213811 0.000000 0.000000
    41 -0.367996 -4.208406 0.173244 4.498337 0.893593 3.136620
    42 0.368011 4.208412 -0.173239 2.539582 1.076030 2.664018
    43 0.000000 -2.372318 -0.000004 1.950392 0.000000 0.000000
    44 -0.000006 2.372318 -0.000032 0.411076 0.000000 0.000000
    45 0.000004 -1.580070 -0.000001 -0.054679 0.000000 0.000000
    46 -0.000002 1.580170 0.000030 -0.361744 0.000000 0.000000
    47 -0.937645 -3.860697 -0.959317 4.217462 0.827203 2.772115
    48 0.937672 3.860714 0.959333 2.707158 0.852341 2.533287
    49 0.000000 -1.690632 0.000000 1.755139 0.000000 0.000000
    50 -0.000013 1.690666 0.000021 -0.021665 0.000000 0.000000
    51 -0.000002 -1.423443 0.000002 0.571188 0.000000 0.000000
    52 0.000008 1.423420 0.000028 -0.126091 0.000000 0.000000
    53 -1.546646 -3.404194 -1.915569 4.289830 0.718432 2.421740
    54 1.546661 3.404217 1.915585 2.221427 0.861663 1.984123
    55 0.000004 -1.437820 0.000000 1.358066 0.000000 0.000000
    56 -0.000021 1.437870 0.000031 0.005723 0.000000 0.000000
    57 -0.000002 -1.059402 0.000000 1.044445 0.000000 0.000000
    58 0.000006 1.059372 0.000008 -0.062809 0.000000 0.000000
    59 -0.000004 -13.013485 -0.000004 0.000000 0.000000 0.000000
    60 0.000000 -10.813480 -0.000004 0.000000 0.000000 0.000000
  time 70
    0 3.357422 4.734375 -15.507813 -1.559898 -0.000007 -0.000009
    1 -17.852499 1.131100 -18.252413 -1.270485 -0.108047 -0.881259
    2 0.000000 14.313023 0.000003 -0.547315 -0.219299 -1.193663
    3 -0.000011 13.013483 -0.000005 0.105869 -0.277295 0.111480
    4 9.012382 13.002571 -12.263946 0.752030 -0.176384 -0.432784
    5 0.000000 -14.313034 0.000000 -0.487806 0.000000 0.000000
    6 -0.000004 -13.013485 -0.000004 0.601186 0.601114 0.494563
    7 -1.330879 -2.698427 0.462449 -0.194886 -0.547260 3.056712
    8 1.330910 2.698444 -0.462436 0.194890 0.547268 -0.084879
    9 -168.996052 142.019756 -316.787523 -1.729097 0.672445 -0.307543
    10 3.556210 4.238403 0.987502 -1.090396 0.577049 -0.321829
    11 4.139183 5.092691 1.421975 -1.090396 0.577049 -0.321829
    12 4.777527 6.028128 1.897721 -1.090396 0.577049 -0.321829
    13 5.490345 7.072691 2.428969 -1.090396 0.577049 -0.321829
    14 6.564566 8.639143 3.229776 -1.090396 0.577049 -0.321829
    15 7.558525 6.997282 -2.354134 -1.937336 -0.275393 3.010581
    16 7.558525 6.997282 -2.354134 1.937336 0.275393 -0.131011
    17 -2.867767 -2.740969 0.531125 2.051196 0.577049 -0.321829
    18 4.324081 2.744001 -0.524877 -1.090396 0.577049 -0.321829
    19 5.012512 3.752832 -0.011802 -1.090396 0.577049 -0.321829
    20 5.595486 4.607124 0.422674 -1.090396 0.577049 -0.321829
    21 6.233833 5.542564 0.898426 -1.090396 0.577049 -0.321829
    22 6.946648 6.587124 1.429667 -1.090396 0.577049 -0.321829
    23 7.537933 7.453606 1.870349 -1.090396 0.577049 -0.321829
    24 8.154472 8.357077 2.329839 -1.090396 0.577049 -0.321829
    25 8.874294 9.411907 2.866308 -1.090396 0.577049 -0.321829
    26 -4.125858 -2.321501 1.394414 2.051196 0.577049 -0.321829
    27 -4.826813 -3.348669 0.872014 2.051196 0.577049 -0.321829
    28 -5.441669 -4.249685 0.413772 2.051196 0.577049 -0.321829
    29 -0.552532 -1.343527 1.604446 -0.696955 0.286905 -0.616908
    30 0.552589 1.343534 -1.604463 -1.154030 0.326269 -1.037356
    31 0.000000 -2.021618 -0.000004 0.185525 0.000000 0.000000
    32 -0.000021 2.021633 0.000027 0.005453 0.000000 0.000000
    33 -0.000004 -1.136217 -0.000004 -0.402818 0.000000 0.000000
    34 -0.000011 1.136200 -0.000019 -0.470974 0.000000 0.000000
    35 -0.032677 -4.587727 1.352317 4.569078 0.953980 3.455083
    36 0.032719 4.587772 -1.352291 3.950706 1.114832 3.849959
    37 0.000000 -1.754536 -0.000002 1.287094 0.000000 0.000000
    38 -0.000006 1.754520 -0.000034 -0.103724 0.000000 0.000000
    39 0.000000 -1.227020 -0.000002 0.545017 0.000000 0.000000
    40 0.000002 1.227070 0.000032 -0.175602 0.000000 0.000000
    41 -0.367996 -4.208406 0.173244 4.369094 0.894160 3.106124
    42 0.368011 4.208412 -0.173239 2.616283 1.079661 2.700628
    43 0.000000 -2.372318 -0.000004 1.828081 0.000000 0.000000
    44 -0.000006 2.372318 -0.000032 0.411076 0.000000 0.000000
    45 0.000004 -1.580070 -0.000001 -0.053856 0.000000 0.000000
    46 -0.000002 1.580170 0.000030 -0.341264 0.000000 0.000000
    47 -0.937645 -3.860697 -0.959317 4.177607 0.827203 2.772036
    48 0.937672 3.860714 0.959333 2.780458 0.865419 2.585117
    49 0.000000 -1.690632 0.000000 1.708401 0.000000 0.000000
    50 -0.000013 1.690666 0.000021 -0.016357 0.000000 0.000000
    51 -0.000002 -1.423443 0.000002 0.558986 0.000000 0.000000
    52 0.000008 1.423420 0.000028 -0.095992 0.000000 0.000000
    53 -1.546646 -3.404194 -1.915569 4.243776 0.723042 2.431562
    54 1.546661 3.404217 1.915585 2.369744 0.881343 2.111963
    55 0.000004 -1.437820 0.000000 1.325068 0.000000 0.000000
    56 -0.000021 1.437870 0.000031 0.005723 0.000000 0.000000
    57 -0.000002 -1.059402 0.000000 1.021917 0.000000 0.000000
    58 0.000006 1.059372 0.000008 -0.031057 0.000000 0.000000
    59 -0.000004 -13.013485 -0.000004 0.000000 0.000000 0.000000
    60 0.000000 -10.813480 -0.000004 0.000000 0.000000 0.000000
  time 71
    0 3.357422 4.734375 -15.507813 -1.559898 -0.000007 -0.000009
    1 -17.743121 1.150632 -18.252413 -1.280805 -0.104709 -0.868274
    2 0.000000 14.313023 0.000003 -0.542122 -0.210493 -1.187911
    3 -0.000011 13.013483 -0.000005 0.094498 -0.312435 0.113973
    4 8.727217 12.428335 -12.463171 0.806040 -0.185972 -0.458737
    5 0.000000 -14.313034 0.000000 -0.546691 -0.005090 0.002888
    6 -0.000004 -13.013485 -0.000004 0.537140 0.516368 0.475684
    7 -1.330879 -2.698427 0.462449 -0.194886 -0.547260 3.056712
    8 1.330910 2.698444 -0.462436 0.194890 0.547268 -0.084879
    9 -168.470569 185.256728 -315.322694 -1.729097 0.672445 -0.307543
    10 3.556210 4.238403 0.987502 -1.090396 0.577049 -0.321829
    11 4.139183 5.092691 1.421975 -1.090396 0.577049 -0.321829
    12 4.777527 6.028128 1.897721 -1.090396 0.577049 -0.321829
    13 5.490345 7.072691 2.428969 -1.090396 0.577049 -0.321829
    14 6.564566 8.639143 3.229776 -1.090396 0.577049 -0.321829
    15 7.558525 6.997282 -2.354134 -1.937336 -0.275393 3.010581
    16 7.558525 6.997282 -2.354134 1.937336 0.275393 -0.131011
    17 -2.867767 -2.740969 0.531125 2.051196 0.577049 -0.321829
    18 4.324081 2.744001 -0.524877 -1.090396 0.577049 -0.321829
    19 5.012512 3.752832 -0.011802 -1.090396 0.577049 -0.321829
    20 5.595486 4.607124 0.422674 -1.090396 0.577049 -0.321829
    21 6.233833 5.542564 0.898426 -1.090396 0.577049 -0.321829
    22 6.946648 6.587124 1.429667 -1.090396 0.577049 -0.321829
    23 7.537933 7.453606 1.870349 -1.090396 0.577049 -0.321829
    24 8.154472 8.357077 2.329839 -1.090396 0.577049 -0.321829
    25 8.874294 9.411907 2.866308 -1.090396 0.577049 -0.321829
    26 -4.125858 -2.321501 1.394414 2.051196 0.577049 -0.321829
    27 -4.826813 -3.348669 0.872014 2.051196 0.577049 -0.321829
    28 -5.441669 -4.249685 0.413772 2.051196 0.577049 -0.321829
    29 -0.552532 -1.343527 1.604446 -0.680843 0.311950 -0.579218
    30 0.552589 1.343534 -1.604463 -1.110599 0.365324 -0.979296
    31 0.000000 -2.021618 -0.000004 0.186557 0.000000 0.000000
    32 -0.000021 2.021633 0.000027 0.005290 0.000000 0.000000
    33 -0.000004 -1.136217 -0.000004 -0.403956 0.000000 0.000000
    34 -0.000011 1.136200 -0.000019 -0.470044 0.000000 0.000000
    35 -0.032677 -4.587727 1.352317 4.446237 0.973353 3.399798
    36 0.032719 4.587772 -1.352291 3.885162 1.126152 3.779811
    37 0.000000 -1.754536 -0.000002 1.177481 0.000000 0.000000
    38 -0.000006 1.754520 -0.000034 -0.083632 0.000000 0.000000
    39 0.000000 -1.227020 -0.000002 0.496922 0.000000 0.000000
    40 0.000002 1.227070 0.000032 -0.144782 0.000000 0.000000
    41 -0.367996 -4.208406 0.173244 4.277035 0.908819 3.090412
    42 0.368011 4.208412 -0.173239 2.673764 1.084592 2.744668
    43 0.000000 -2.372318 -0.000004 1.663884 0.000000 0.000000
    44 -0.000006 2.372318 -0.000032 0.411076 0.000000 0.000000
    45 0.000004 -1.580070 -0.000001 -0.053057 0.000000 0.000000
    46 -0.000002 1.580170 0.000030 -0.341264 0.000000 0.000000
    47 -0.937645 -3.860697 -0.959317 4.131528 0.850653 2.810239
    48 0.937672 3.860714 0.959333 2.831461 0.870354 2.645848
    49 0.000000 -1.690632 0.000000 1.544663 0.000000 0.000000
    50 -0.000013 1.690666 0.000021 0.004524 0.000000 0.000000
    51 -0.000002 -1.423443 0.000002 0.521998 0.000000 0.000000
    52 0.000008 1.423420 0.000028 -0.080209 0.000000 0.000000
    53 -1.546646 -3.404194 -1.915569 4.169110 0.744191 2.500623
    54 1.546661 3.404217 1.915585 2.483173 0.895058 2.235812
    55 0.000004 -1.437820 0.000000 1.227725 0.000000 0.000000
    56 -0.000021 1.437870 0.000031 0.005723 0.000000 0.000000
    57 -0.000002 -1.059402 0.000000 0.921436 0.000000 0.000000
    58 0.000006 1.059372 0.000008 -0.006590 0.000000 0.000000
    59 -0.000004 -13.013485 -0.000004 0.000000 0.000000 0.000000
    60 0.000000 -10.813480 -0.000004 0.000000 0.000000 0.000000
  time 72
    0 3.357422 4.734375 -15.507813 -1.559898 -0.000007 -0.000009
    1 -17.454050 1.162351 -18.252413 -1.298774 -0.095600 -0.845894
    2 0.000000 14.313023 0.000003 -0.534729 -0.191673 -1.179061
    3 -0.000011 13.013483 -0.000005 0.071853 -0.387383 0.123846
    4 8.406895 11.670500 -12.693647 0.877957 -0.194764 -0.491970
    5 0.000000 -14.313034 0.000000 -0.638909 -0.008692 0.004910
    6 -0.000004 -13.013485 -0.000004 0.470121 0.415977 0.444982
    7 -1.330879 -2.698427 0.462449 -0.194886 -0.547260 3.056712
    8 1.330910 2.698444 -0.462436 0.194890 0.547268 -0.084879
    9 -168.037818 227.953851 -314.059909 -1.729097 0.672445 -0.307543
    10 3.556210 4.238403 0.987502 -1.090396 0.577049 -0.321829
    11 4.139183 5.092691 1.421975 -1.090396 0.577049 -0.321829
    12 4.777527 6.028128 1.897721 -1.090396 0.577049 -0.321829
    13 5.490345 7.072691 2.428969 -1.090396 0.577049 -0.321829
    14 6.564566 8.639143 3.229776 -1.090396 0.577049 -0.321829
    15 7.558525 6.997282 -2.354134 -1.937336 -0.275393 3.010581
    16 7.558525 6.997282 -2.354134 1.937336 0.275393 -0.131011
    17 -2.867767 -2.740969 0.531125 2.051196 0.577049 -0.321829
    18 4.324081 2.744001 -0.524877 -1.090396 0.577049 -0.321829
    19 5.012512 3.752832 -0.011802 -1.090396 0.577049 -0.321829
    20 5.595486 4.607124 0.422674 -1.090396 0.577049 -0.321829
    21 6.233833 5.542564 0.898426 -1.090396 0.577049 -0.321829
    22 6.946648 6.587124 1.429667 -1.090396 0.577049 -0.321829
    23 7.537933 7.453606 1.870349 -1.090396 0.577049 -0.321829
    24 8.154472 8.357077 2.329839 -1.090396 0.577049 -0.321829
    25 8.874294 9.411907 2.866308 -1.090396 0.577049 -0.321829
    26 -4.125858 -2.321501 1.394414 2.051196 0.577049 -0.321829
    27 -4.826813 -3.348669 0.872014 2.051196 0.577049 -0.321829
    28 -5.441669 -4.249685 0.413772 2.051196 0.577049 -0.321829
    29 -0.552532 -1.343527 1.604446 -0.662009 0.341776 -0.534175
    30 0.552589 1.343534 -1.604463 -1.056349 0.413340 -0.903913
    31 0.000000 -2.021618 -0.000004 0.187546 0.000000 0.000000
    32 -0.000021 2.021633 0.000027 0.005127 0.000000 0.000000
    33 -0.000004 -1.136217 -0.000004 -0.405094 0.000000 0.000000
    34 -0.000011 1.136200 -0.000019 -0.469161 0.000000 0.000000
    35 -0.032677 -4.587727 1.352317 4.302040 0.996030 3.335035
    36 0.032719 4.587772 -1.352291 3.802950 1.140961 3.695861
    37 0.000000 -1.754536 -0.000002 1.047919 0.000000 0.000000
    38 -0.000006 1.754520 -0.000034 -0.058914 0.000000 0.000000
    39 0.000000 -1.227020 -0.000002 0.439074 0.000000 0.000000
    40 0.000002 1.227070 0.000032 -0.106440 0.000000 0.000000
    41 -0.367996 -4.208406 0.173244 4.169438 0.926642 3.072455
    42 0.368011 4.208412 -0.173239 2.745077 1.091022 2.801325
    43 0.000000 -2.372318 -0.000004 1.468444 0.000000 0.000000
    44 -0.000006 2.372318 -0.000032 0.411076 0.000000 0.000000
    45 0.000004 -1.580070 -0.000001 -0.052233 0.000000 0.000000
    46 -0.000002 1.580170 0.000030 -0.341264 0.000000 0.000000
    47 -0.937645 -3.860697 -0.959317 4.076902 0.879209 2.856712
    48 0.937672 3.860714 0.959333 2.893983 0.875566 2.723829
    49 0.000000 -1.690632 0.000000 1.347221 0.000000 0.000000
    50 -0.000013 1.690666 0.000021 0.031965 0.000000 0.000000
    51 -0.000002 -1.423443 0.000002 0.477493 0.000000 0.000000
    52 0.000008 1.423420 0.000028 -0.061562 0.000000 0.000000
    53 -1.546646 -3.404194 -1.915569 4.079677 0.769662 2.583957
    54 1.546661 3.404217 1.915585 2.624106 0.911885 2.393502
    55 0.000004 -1.437820 0.000000 1.110367 0.000000 0.000000
    56 -0.000021 1.437870 0.000031 0.005723 0.000000 0.000000
    57 -0.000002 -1.059402 0.000000 0.800273 0.000000 0.000000
    58 0.000006 1.059372 0.000008 0.023859 0.000000 0.000000
    59 -0.000004 -13.013485 -0.000004 0.000000 0.000000 0.000000
    60 0.000000 -10.813480 -0.000004 0.000000 0.000000 0.000000
  time 73
    0 3.357422 4.734375 -15.507813 -1.559898 -0.000007 -0.000009
    1 -17.028255 1.170164 -18.252413 -1.319507 -0.079863 -0.813127
    2 0.000000 14.313023 0.000003 -0.525870 -0.162084 -1.167516
    3 -0.000011 13.013483 -0.000005 0.037169 -0.515111 0.143688
    4 7.969381 10.756409 -12.803025 0.968548 -0.203746 -0.529799
    5 0.000000 -14.313034 0.000000 -0.764459 -0.010675 0.005969
    6 -0.000004 -13.013485 -0.000004 0.402832 0.304822 0.405700
    7 -1.330879 -2.698427 0.462449 -0.194886 -0.547260 3.056712
    8 1.330910 2.698444 -0.462436 0.194890 0.547268 -0.084879
    9 -167.666889 269.914817 -312.898148 -1.729097 0.672445 -0.307543
    10 3.556210 4.238403 0.987502 -1.090396 0.577049 -0.321829
    11 4.139183 5.092691 1.421975 -1.090396 0.577049 -0.321829
    12 4.777527 6.028128 1.897721 -1.090396 0.577049 -0.321829
    13 5.490345 7.072691 2.428969 -1.090396 0.577049 -0.321829
    14 6.564566 8.639143 3.229776 -1.090396 0.577049 -0.321829
    15 7.558525 6.997282 -2.354134 -1.937336 -0.275393 3.010581
    16 7.558525 6.997282 -2.354134 1.937336 0.275393 -0.131011
    17 -2.867767 -2.740969 0.531125 2.051196 0.577049 -0.321829
    18 4.324081 2.744001 -0.524877 -1.090396 0.577049 -0.321829
    19 5.012512 3.752832 -0.011802 -1.090396 0.577049 -0.321829
    20 5.595486 4.607124 0.422674 -1.090396 0.577049 -0.321829
    21 6.233833 5.542564 0.898426 -1.090396 0.577049 -0.321829
    22 6.946648 6.587124 1.429667 -1.090396 0.577049 -0.321829
    23 7.537933 7.453606 1.870349 -1.090396 0.577049 -0.321829
    24 8.154472 8.357077 2.329839 -1.090396 0.577049 -0.321829
    25 8.874294 9.411907 2.866308 -1.090396 0.577049 -0.321829
    26 -4.125858 -2.321501 1.394414 2.051196 0.577049 -0.321829
    27 -4.826813 -3.348669 0.872014 2.051196 0.577049 -0.321829
    28 -5.441669 -4.249685 0.413772 2.051196 0.577049 -0.321829
    29 -0.552532 -1.343527 1.604446 -0.641646 0.374543 -0.484836
    30 0.552589 1.343534 -1.604463 -0.995070 0.467065 -0.815118
    31 0.000000 -2.021618 -0.000004 0.190702 0.000000 0.000000
    32 -0.000021 2.021633 0.000027 0.004964 0.000000 0.000000
    33 -0.000004 -1.136217 -0.000004 -0.406260 0.000000 0.000000
    34 -0.000011 1.136200 -0.000019 -0.468278 0.000000 0.000000
    35 -0.032677 -4.587727 1.352317 4.146210 1.020377 3.265190
    36 0.032719 4.587772 -1.352291 3.709625 1.158478 3.603948
    37 0.000000 -1.754536 -0.000002 0.906965 0.000000 0.000000
    38 -0.000006 1.754520 -0.000034 -0.031248 0.000000 0.000000
    39 0.000000 -1.227020 -0.000002 0.375238 0.000000 0.000000
    40 0.000002 1.227070 0.000032 -0.062906 0.000000 0.000000
    41 -0.367996 -4.208406 0.173244 4.053937 0.946332 3.053492
    42 0.368011 4.208412 -0.173239 2.825460 1.098451 2.867347
    43 0.000000 -2.372318 -0.000004 1.255307 0.000000 0.000000
    44 -0.000006 2.372318 -0.000032 0.411076 0.000000 0.000000
    45 0.000004 -1.580070 -0.000001 -0.050277 0.000000 0.000000
    46 -0.000002 1.580170 0.000030 -0.341264 0.000000 0.000000
    47 -0.937645 -3.860697 -0.959317 4.017444 0.910792 2.908070
    48 0.937672 3.860714 0.959333 2.964310 0.880810 2.814728
    49 0.000000 -1.690632 0.000000 1.128994 0.000000 0.000000
    50 -0.000013 1.690666 0.000021 0.064263 0.000000 0.000000
    51 -0.000002 -1.423443 0.000002 0.428412 0.000000 0.000000
    52 0.000008 1.423420 0.000028 -0.041374 0.000000 0.000000
    53 -1.546646 -3.404194 -1.915569 3.981753 0.797813 2.676345
    54 1.546661 3.404217 1.915585 2.783313 0.930643 2.574979
    55 0.000004 -1.437820 0.000000 0.981206 0.000000 0.000000
    56 -0.000021 1.437870 0.000031 0.005723 0.000000 0.000000
    57 -0.000002 -1.059402 0.000000 0.666560 0.000000 0.000000
    58 0.000006 1.059372 0.000008 0.058218 0.000000 0.000000
    59 -0.000004 -13.013485 -0.000004 0.000000 0.000000 0.000000
    60 0.000000 -10.813480 -0.000004 0.000000 0.000000 0.000000
  time 74
    0 3.357422 4.734375 -15.507813 -1.559898 -0.000007 -0.000009
    1 -16.516521 1.170164 -18.252413 -1.340885 -0.057688 -0.770353
    2 0.000000 14.313023 0.000003 -0.516033 -0.122481 -1.153920
    3 -0.000011 13.013483 -0.000005 -0.008599 -0.696940 0.173403
    4 7.426396 9.725128 -12.779587 1.073598 -0.211401 -0.570789
    5 0.000000 -14.313034 0.000000 -0.919032 -0.011105 0.006210
    6 -0.000004 -13.013485 -0.000004 0.338066 0.188832 0.361364
    7 -1.330879 -2.698427 0.462449 -0.194886 -0.547260 3.056712
    8 1.330910 2.698444 -0.462436 0.194890 0.547268 -0.084879
    9 -167.326871 311.139626 -311.837409 -1.729097 0.672445 -0.307543
    10 3.556210 4.238403 0.987502 -1.090396 0.577049 -0.321829
    11 4.139183 5.092691 1.421975 -1.090396 0.577049 -0.321829
    12 4.777527 6.028128 1.897721 -1.090396 0.577049 -0.321829
    13 5.490345 7.072691 2.428969 -1.090396 0.577049 -0.321829
    14 6.564566 8.639143 3.229776 -1.090396 0.577049 -0.321829
    15 7.558525 6.997282 -2.354134 -1.937336 -0.275393 3.010581
    16 7.558525 6.997282 -2.354134 1.937336 0.275393 -0.131011
    17 -2.867767 -2.740969 0.531125 2.051196 0.577049 -0.321829
    18 4.324081 2.744001 -0.524877 -1.090396 0.577049 -0.321829
    19 5.012512 3.752832 -0.011802 -1.090396 0.577049 -0.321829
    20 5.595486 4.607124 0.422674 -1.090396 0.577049 -0.321829
    21 6.233833 5.542564 0.898426 -1.090396 0.577049 -0.321829
    22 6.946648 6.587124 1.429667 -1.090396 0.577049 -0.321829
    23 7.537933 7.453606 1.870349 -1.090396 0.577049 -0.321829
    24 8.154472 8.357077 2.329839 -1.090396 0.577049 -0.321829
    25 8.874294 9.411907 2.866308 -1.090396 0.577049 -0.321829
    26 -4.125858 -2.321501 1.394414 2.051196 0.577049 -0.321829
    27 -4.826813 -3.348669 0.872014 2.051196 0.577049 -0.321829
    28 -5.441669 -4.249685 0.413772 2.051196 0.577049 -0.321829
    29 -0.552532 -1.343527 1.604446 -0.620916 0.408148 -0.434033
    30 0.552589 1.343534 -1.604463 -0.930316 0.523408 -0.718737
    31 0.000000 -2.021618 -0.000004 0.194406 0.000000 0.000000
    32 -0.000021 2.021633 0.000027 0.004828 0.000000 0.000000
    33 -0.000004 -1.136217 -0.000004 -0.408315 0.000000 0.000000
    34 -0.000011 1.136200 -0.000019 -0.467395 0.000000 0.000000
    35 -0.032677 -4.587727 1.352317 3.987428 1.045132 3.194056
    36 0.032719 4.587772 -1.352291 3.610918 1.177629 3.509305
    37 0.000000 -1.754536 -0.000002 0.762749 0.000000 0.000000
    38 -0.000006 1.754520 -0.000034 -0.002811 0.000000 0.000000
    39 0.000000 -1.227020 -0.000002 0.309229 0.000000 0.000000
    40 0.000002 1.227070 0.000032 -0.016842 0.000000 0.000000
    41 -0.367996 -4.208406 0.173244 3.936909 0.966821 3.034297
    42 0.368011 4.208412 -0.173239 2.909885 1.106980 2.938400
    43 0.000000 -2.372318 -0.000004 1.036002 0.000000 0.000000
    44 -0.000006 2.372318 -0.000032 0.411076 0.000000 0.000000
    45 0.000004 -1.580070 -0.000001 -0.047187 0.000000 0.000000
    46 -0.000002 1.580170 0.000030 -0.341264 0.000000 0.000000
    47 -0.937645 -3.860697 -0.959317 3.956501 0.943689 2.961633
    48 0.937672 3.860714 0.959333 3.037795 0.885899 2.912559
    49 0.000000 -1.690632 0.000000 0.903439 0.000000 0.000000
    50 -0.000013 1.690666 0.000021 0.099515 0.000000 0.000000
    51 -0.000002 -1.423443 0.000002 0.378023 0.000000 0.000000
    52 0.000008 1.423420 0.000028 -0.020819 0.000000 0.000000
    53 -1.546646 -3.404194 -1.915569 3.881152 0.826943 2.772340
    54 1.546661 3.404217 1.915585 2.951381 0.950149 2.769117
    55 0.000004 -1.437820 0.000000 0.847656 0.000000 0.000000
    56 -0.000021 1.437870 0.000031 0.005723 0.000000 0.000000
    57 -0.000002 -1.059402 0.000000 0.527704 0.000000 0.000000
    58 0.000006 1.059372 0.000008 0.094414 0.000000 0.000000
    59 -0.000004 -13.013485 -0.000004 0.000000 0.000000 0.000000
    60 0.000000 -10.813480 -0.000004 0.000000 0.000000 0.000000
  time 75
    0 3.357422 4.734375 -15.507813 -1.559898 -0.000007 -0.000009
    1 -15.954004 1.162351 -18.252413 -1.361618 -0.030457 -0.719865
    2 0.000000 14.313023 0.000003 -0.506013 -0.075406 -1.138956
    3 -0.000011 13.013483 -0.000005 -0.063827 -0.935889 0.213567
    4 6.809190 8.561030 -12.693647 1.186597 -0.215229 -0.613312
    5 0.000000 -14.313034 0.000000 -1.094731 -0.010014 0.005536
    6 -0.000004 -13.013485 -0.000004 0.277082 0.073389 0.315216
    7 -1.330879 -2.698427 0.462449 -0.194886 -0.547260 3.056712
    8 1.330910 2.698444 -0.462436 0.194890 0.547268 -0.084879
    9 -166.986852 351.922740 -310.928204 -1.729097 0.672445 -0.307543
    10 3.556210 4.238403 0.987502 -1.090396 0.577049 -0.321829
    11 4.139183 5.092691 1.421975 -1.090396 0.577049 -0.321829
    12 4.777527 6.028128 1.897721 -1.090396 0.577049 -0.321829
    13 5.490345 7.072691 2.428969 -1.090396 0.577049 -0.321829
    14 6.564566 8.639143 3.229776 -1.090396 0.577049 -0.321829
    15 7.558525 6.997282 -2.354134 -1.937336 -0.275393 3.010581
    16 7.558525 6.997282 -2.354134 1.937336 0.275393 -0.131011
    17 -2.867767 -2.740969 0.531125 2.051196 0.577049 -0.321829
    18 4.324081 2.744001 -0.524877 -1.090396 0.577049 -0.321829
    19 5.012512 3.752832 -0.011802 -1.090396 0.577049 -0.321829
    20 5.595486 4.607124 0.422674 -1.090396 0.577049 -0.321829
    21 6.233833 5.542564 0.898426 -1.090396 0.577049 -0.321829
    22 6.946648 6.587124 1.429667 -1.090396 0.577049 -0.321829
    23 7.537933 7.453606 1.870349 -1.090396 0.577049 -0.321829
    24 8.154472 8.357077 2.329839 -1.090396 0.577049 -0.321829
    25 8.874294 9.411907 2.866308 -1.090396 0.577049 -0.321829
    26 -4.125858 -2.321501 1.394414 2.051196 0.577049 -0.321829
    27 -4.826813 -3.348669 0.872014 2.051196 0.577049 -0.321829
    28 -5.441669 -4.249685 0.413772 2.051196 0.577049 -0.321829
    29 -0.552532 -1.343527 1.604446 -0.600707 0.441181 -0.384145
    30 0.552589 1.343534 -1.604463 -0.865352 0.579274 -0.619943
    31 0.000000 -2.021618 -0.000004 0.199161 0.000000 0.000000
    32 -0.000021 2.021633 0.000027 0.003388 0.000000 0.000000
    33 -0.000004 -1.136217 -0.000004 -0.411258 0.000000 0.000000
    34 -0.000011 1.136200 -0.000019 -0.465908 0.000000 0.000000
    35 -0.032677 -4.587727 1.352317 3.832727 1.069219 3.124742
    36 0.032719 4.587772 -1.352291 3.511777 1.197337 3.416406
    37 0.000000 -1.754536 -0.000002 0.621474 0.000000 0.000000
    38 -0.000006 1.754520 -0.000034 0.025626 0.000000 0.000000
    39 0.000000 -1.227020 -0.000002 0.243944 0.000000 0.000000
    40 0.000002 1.227070 0.000032 0.029355 0.000000 0.000000
    41 -0.367996 -4.208406 0.173244 3.822845 0.987077 3.015876
    42 0.368011 4.208412 -0.173239 2.994849 1.114909 3.011233
    43 0.000000 -2.372318 -0.000004 0.821373 0.000000 0.000000
    44 -0.000006 2.372318 -0.000032 0.411076 0.000000 0.000000
    45 0.000004 -1.580070 -0.000001 -0.042166 0.000000 0.000000
    46 -0.000002 1.580170 0.000030 -0.341264 0.000000 0.000000
    47 -0.937645 -3.860697 -0.959317 3.896765 0.976220 3.014565
    48 0.937672 3.860714 0.959333 3.110723 0.890649 3.012360
    49 0.000000 -1.690632 0.000000 0.680662 0.000000 0.000000
    50 -0.000013 1.690666 0.000021 0.135469 0.000000 0.000000
    51 -0.000002 -1.423443 0.000002 0.328071 0.000000 0.000000
    52 0.000008 1.423420 0.000028 -0.000704 0.000000 0.000000
    53 -1.546646 -3.404194 -1.915569 3.782305 0.855757 2.867107
    54 1.546661 3.404217 1.915585 3.119633 0.969627 2.965711
    55 0.000004 -1.437820 0.000000 0.715852 0.000000 0.000000
    56 -0.000021 1.437870 0.000031 0.005723 0.000000 0.000000
    57 -0.000002 -1.059402 0.000000 0.390860 0.000000 0.000000
    58 0.000006 1.059372 0.000008 0.130669 0.000000 0.000000
    59 -0.000004 -13.013485 -0.000004 0.000000 0.000000 0.000000
    60 0.000000 -10.813480 -0.000004 0.000000 0.000000 0.000000
  time 76
    0 3.357422 4.734375 -15.507813 -1.559898 -0.000007 -0.000009
    1 -15.395393 1.154538 -18.252413 -1.380785 -0.000985 -0.666857
    2 0.000000 14.313023 0.000003 -0.496604 -0.025789 -1.124032
    3 -0.000011 13.013483 -0.000005 -0.123258 -1.219033 0.261591
    4 6.199796 7.326617 -12.607707 1.297968 -0.214774 -0.656792
    5 0.000000 -14.313034 0.000000 -1.276652 -0.007932 0.004284
    6 -0.000004 -13.013485 -0.000004 0.222224 -0.035030 0.270117
    7 -1.330879 -2.698427 0.462449 -0.194886 -0.547260 3.056712
    8 1.330910 2.698444 -0.462436 0.194890 0.547268 -0.084879
    9 -166.708655 392.116929 -310.069511 -1.729097 0.672445 -0.307543
    10 3.556210 4.238403 0.987502 -1.090396 0.577049 -0.321829
    11 4.139183 5.092691 1.421975 -1.090396 0.577049 -0.321829
    12 4.777527 6.028128 1.897721 -1.090396 0.577049 -0.321829
    13 5.490345 7.072691 2.428969 -1.090396 0.577049 -0.321829
    14 6.564566 8.639143 3.229776 -1.090396 0.577049 -0.321829
    15 7.558525 6.997282 -2.354134 -1.937336 -0.275393 3.010581
    16 7.558525 6.997282 -2.354134 1.937336 0.275393 -0.131011
    17 -2.867767 -2.740969 0.531125 2.051196 0.577049 -0.321829
    18 4.324081 2.744001 -0.524877 -1.090396 0.577049 -0.321829
    19 5.012512 3.752832 -0.011802 -1.090396 0.577049 -0.321829
    20 5.595486 4.607124 0.422674 -1.090396 0.577049 -0.321829
    21 6.233833 5.542564 0.898426 -1.090396 0.577049 -0.321829
    22 6.946648 6.587124 1.429667 -1.090396 0.577049 -0.321829
    23 7.537933 7.453606 1.870349 -1.090396 0.577049 -0.321829
    24 8.154472 8.357077 2.329839 -1.090396 0.577049 -0.321829
    25 8.874294 9.411907 2.866308 -1.090396 0.577049 -0.321829
    26 -4.125858 -2.321501 1.394414 2.051196 0.577049 -0.321829
    27 -4.826813 -3.348669 0.872014 2.051196 0.577049 -0.321829
    28 -5.441669 -4.249685 0.413772 2.051196 0.577049 -0.321829
    29 -0.552532 -1.343527 1.604446 -0.581964 0.471905 -0.337676
    30 0.552589 1.343534 -1.604463 -0.803995 0.631929 -0.525214
    31 0.000000 -2.021618 -0.000004 0.204780 0.000000 0.000000
    32 -0.000021 2.021633 0.000027 0.002003 0.000000 0.000000
    33 -0.000004 -1.136217 -0.000004 -0.415034 0.000000 0.000000
    34 -0.000011 1.136200 -0.000019 -0.463956 0.000000 0.000000
    35 -0.032677 -4.587727 1.352317 3.689137 1.091487 3.060660
    36 0.032719 4.587772 -1.352291 3.417932 1.216191 3.329725
    37 0.000000 -1.754536 -0.000002 0.490387 0.000000 0.000000
    38 -0.000006 1.754520 -0.000034 0.052158 0.000000 0.000000
    39 0.000000 -1.227020 -0.000002 0.183102 0.000000 0.000000
    40 0.000002 1.227070 0.000032 0.072889 0.000000 0.000000
    41 -0.367996 -4.208406 0.173244 3.717404 1.006034 2.998848
    42 0.368011 4.208412 -0.173239 3.074694 1.122872 3.080660
    43 0.000000 -2.372318 -0.000004 0.621257 0.000000 0.000000
    44 -0.000006 2.372318 -0.000032 0.411076 0.000000 0.000000
    45 0.000004 -1.580070 -0.000001 -0.035368 0.000000 0.000000
    46 -0.000002 1.580170 0.000030 -0.341264 0.000000 0.000000
    47 -0.937645 -3.860697 -0.959317 3.841396 1.006641 3.064190
    48 0.937672 3.860714 0.959333 3.179656 0.894967 3.107670
    49 0.000000 -1.690632 0.000000 0.472422 0.000000 0.000000
    50 -0.000013 1.690666 0.000021 0.170070 0.000000 0.000000
    51 -0.000002 -1.423443 0.000002 0.281550 0.000000 0.000000
    52 0.000008 1.423420 0.000028 0.018163 0.000000 0.000000
    53 -1.546646 -3.404194 -1.915569 3.690103 0.882697 2.955736
    54 1.546661 3.404217 1.915585 3.278656 0.987895 3.152636
    55 0.000004 -1.437820 0.000000 0.592970 0.000000 0.000000
    56 -0.000021 1.437870 0.000031 0.005723 0.000000 0.000000
    57 -0.000002 -1.059402 0.000000 0.263072 0.000000 0.000000
    58 0.000006 1.059372 0.000008 0.164732 0.000000 0.000000
    59 -0.000004 -13.013485 -0.000004 0.000000 0.000000 0.000000
    60 0.000000 -10.813480 -0.000004 0.000000 0.000000 0.000000
  time 77
    0 3.357422 4.734375 -15.507813 -1.559898 -0.000007 -0.000009
    1 -14.883659 1.146726 -18.252413 -1.397463 0.026150 -0.618049
    2 0.000000 14.313023 0.000003 -0.488417 0.019927 -1.110436
    3 -0.000011 13.013483 -0.000005 -0.180110 -1.510148 0.311052
    4 5.668530 6.135174 -12.576456 1.396411 -0.211325 -0.697494
    5 0.000000 -14.313034 0.000000 -1.445469 -0.005222 0.002792
    6 -0.000004 -13.013485 -0.000004 0.175383 -0.129628 0.229690
    7 -1.330879 -2.698427 0.462449 -0.194886 -0.547260 3.056712
    8 1.330910 2.698444 -0.462436 0.194890 0.547268 -0.084879
    9 -166.461369 431.476805 -309.412863 -1.729097 0.672445 -0.307543
    10 3.556210 4.238403 0.987502 -1.090396 0.577049 -0.321829
    11 4.139183 5.092691 1.421975 -1.090396 0.577049 -0.321829
    12 4.777527 6.028128 1.897721 -1.090396 0.577049 -0.321829
    13 5.490345 7.072691 2.428969 -1.090396 0.577049 -0.321829
    14 6.564566 8.639143 3.229776 -1.090396 0.577049 -0.321829
    15 7.558525 6.997282 -2.354134 -1.937336 -0.275393 3.010581
    16 7.558525 6.997282 -2.354134 1.937336 0.275393 -0.131011
    17 -2.867767 -2.740969 0.531125 2.051196 0.577049 -0.321829
    18 4.324081 2.744001 -0.524877 -1.090396 0.577049 -0.321829
    19 5.012512 3.752832 -0.011802 -1.090396 0.577049 -0.321829
    20 5.595486 4.607124 0.422674 -1.090396 0.577049 -0.321829
    21 6.233833 5.542564 0.898426 -1.090396 0.577049 -0.321829
    22 6.946648 6.587124 1.429667 -1.090396 0.577049 -0.321829
    23 7.537933 7.453606 1.870349 -1.090396 0.577049 -0.321829
    24 8.154472 8.357077 2.329839 -1.090396 0.577049 -0.321829
    25 8.874294 9.411907 2.866308 -1.090396 0.577049 -0.321829
    26 -4.125858 -2.321501 1.394414 2.051196 0.577049 -0.321829
    27 -4.826813 -3.348669 0.872014 2.051196 0.577049 -0.321829
    28 -5.441669 -4.249685 0.413772 2.051196 0.577049 -0.321829
    29 -0.552532 -1.343527 1.604446 -0.565699 0.498727 -0.297096
    30 0.552589 1.343534 -1.604463 -0.750085 0.678002 -0.441202
    31 0.000000 -2.021618 -0.000004 0.211177 0.000000 0.000000
    32 -0.000021 2.021633 0.000027 0.000373 0.000000 0.000000
    33 -0.000004 -1.136217 -0.000004 -0.419170 0.000000 0.000000
    34 -0.000011 1.136200 -0.000019 -0.461958 0.000000 0.000000
    35 -0.032677 -4.587727 1.352317 3.564213 1.110898 3.004845
    36 0.032719 4.587772 -1.352291 3.335459 1.233078 3.254193
    37 0.000000 -1.754536 -0.000002 0.376228 0.000000 0.000000
    38 -0.000006 1.754520 -0.000034 0.075561 0.000000 0.000000
    39 0.000000 -1.227020 -0.000002 0.129793 0.000000 0.000000
    40 0.000002 1.227070 0.000032 0.111165 0.000000 0.000000
    41 -0.367996 -4.208406 0.173244 3.625793 1.022625 2.984142
    42 0.368011 4.208412 -0.173239 3.144749 1.129968 3.142038
    43 0.000000 -2.372318 -0.000004 0.447022 0.000000 0.000000
    44 -0.000006 2.372318 -0.000032 0.411076 0.000000 0.000000
    45 0.000004 -1.580070 -0.000001 -0.026228 0.000000 0.000000
    46 -0.000002 1.580170 0.000030 -0.341264 0.000000 0.000000
    47 -0.937645 -3.860697 -0.959317 3.792994 1.033362 3.107591
    48 0.937672 3.860714 0.959333 3.239857 0.898668 3.192110
    49 0.000000 -1.690632 0.000000 0.290791 0.000000 0.000000
    50 -0.000013 1.690666 0.000021 0.200716 0.000000 0.000000
    51 -0.000002 -1.423443 0.000002 0.240913 0.000000 0.000000
    52 0.000008 1.423420 0.000028 0.034386 0.000000 0.000000
    53 -1.546646 -3.404194 -1.915569 3.609900 0.906238 3.033237
    54 1.546661 3.404217 1.915585 3.418297 1.003915 3.317615
    55 0.000004 -1.437820 0.000000 0.485525 0.000000 0.000000
    56 -0.000021 1.437870 0.000031 0.005723 0.000000 0.000000
    57 -0.000002 -1.059402 0.000000 0.151384 0.000000 0.000000
    58 0.000006 1.059372 0.000008 0.194708 0.000000 0.000000
    59 -0.000004 -13.013485 -0.000004 0.000000 0.000000 0.000000
    60 0.000000 -10.813480 -0.000004 0.000000 0.000000 0.000000
  time 78
    0 3.357422 4.734375 -15.507813 -1.559898 -0.000007 -0.000009
    1 -14.461771 1.142819 -18.252413 -1.411101 0.047466 -0.579018
    2 0.000000 14.313023 0.000003 -0.482001 0.056888 -1.099374
    3 -0.000011 13.013483 -0.000005 2.914537 -1.385580 -2.788159
    4 5.262268 5.123425 -12.584269 1.474266 -0.207535 -0.731589
    5 0.000000 -14.313034 0.000000 -1.583167 -0.002611 0.001396
    6 -0.000004 -13.013485 -0.000004 0.138721 -0.204568 0.196700
    7 -1.330879 -2.698427 0.462449 -0.194886 -0.547260 3.056712
    8 1.330910 2.698444 -0.462436 0.194890 0.547268 -0.084879
    9 -166.275905 470.394988 -308.806726 -1.729097 0.672445 -0.307448
    10 3.556210 4.238403 0.987502 -1.090396 0.577049 -0.321829
    11 4.139183 5.092691 1.421975 -1.090396 0.577049 -0.321829
    12 4.777527 6.028128 1.897721 -1.090396 0.577049 -0.321829
    13 5.490345 7.072691 2.428969 -1.090396 0.577049 -0.321829
    14 6.564566 8.639143 3.229776 -1.090396 0.577049 -0.321829
    15 7.558525 6.997282 -2.354134 -1.937336 -0.275393 3.010581
    16 7.558525 6.997282 -2.354134 1.937336 0.275393 -0.131011
    17 -2.867767 -2.740969 0.531125 2.051196 0.577049 -0.321829
    18 4.324081 2.744001 -0.524877 -1.090396 0.577049 -0.321829
    19 5.012512 3.752832 -0.011802 -1.090396 0.577049 -0.321829
    20 5.595486 4.607124 0.422674 -1.090396 0.577049 -0.321829
    21 6.233833 5.542564 0.898426 -1.090396 0.577049 -0.321829
    22 6.946648 6.587124 1.429667 -1.090396 0.577049 -0.321829
    23 7.537933 7.453606 1.870349 -1.090396 0.577049 -0.321829
    24 8.154472 8.357077 2.329839 -1.090396 0.577049 -0.321829
    25 8.874294 9.411907 2.866308 -1.090396 0.577049 -0.321829
    26 -4.125858 -2.321501 1.394414 2.051196 0.577049 -0.321829
    27 -4.826813 -3.348669 0.872014 2.051196 0.577049 -0.321829
    28 -5.441669 -4.249685 0.413772 2.051196 0.577049 -0.321829
    29 -0.552532 -1.343527 1.604446 -0.552705 0.520136 -0.264709
    30 0.552589 1.343534 -1.604463 -0.706994 0.714877 -0.373926
    31 0.000000 -2.021618 -0.000004 0.218373 0.000000 0.000000
    32 -0.000021 2.021633 0.000027 -0.001475 0.000000 0.000000
    33 -0.000004 -1.136217 -0.000004 -0.423724 0.000000 0.000000
    34 -0.000011 1.136200 -0.000019 -0.459680 0.000000 0.000000
    35 -0.032677 -4.587727 1.352317 3.464638 1.126338 2.960329
    36 0.032719 4.587772 -1.352291 3.269568 1.246587 3.193827
    37 0.000000 -1.754536 -0.000002 0.284933 0.000000 0.000000
    38 -0.000006 1.754520 -0.000034 0.094201 0.000000 0.000000
    39 0.000000 -1.227020 -0.000002 0.087541 0.000000 0.000000
    40 0.000002 1.227070 0.000032 0.141852 0.000000 0.000000
    41 -0.367996 -4.208406 0.173244 3.552954 1.035851 2.972378
    42 0.368011 4.208412 -0.173239 3.200793 1.135598 3.191264
    43 0.000000 -2.372318 -0.000004 0.308143 0.000000 0.000000
    44 -0.000006 2.372318 -0.000032 0.411076 0.000000 0.000000
    45 0.000004 -1.580070 -0.000001 -0.013637 0.000000 0.000000
    46 -0.000002 1.580170 0.000030 -0.341264 0.000000 0.000000
    47 -0.937645 -3.860697 -0.959317 3.754532 1.054641 3.142250
    48 0.937672 3.860714 0.959333 3.288166 0.901598 3.259536
    49 0.000000 -1.690632 0.000000 0.145563 0.000000 0.000000
    50 -0.000013 1.690666 0.000021 0.225403 0.000000 0.000000
    51 -0.000002 -1.423443 0.000002 0.208555 0.000000 0.000000
    52 0.000008 1.423420 0.000028 0.047454 0.000000 0.000000
    53 -1.546646 -3.404194 -1.915569 3.545663 0.925024 3.095162
    54 1.546661 3.404217 1.915585 3.529788 1.016708 3.449445
    55 0.000004 -1.437820 0.000000 0.399796 0.000000 0.000000
    56 -0.000021 1.437870 0.000031 0.005723 0.000000 0.000000
    57 -0.000002 -1.059402 0.000000 0.062139 0.000000 0.000000
    58 0.000006 1.059372 0.000008 0.218641 0.000000 0.000000
    59 -0.000004 -13.013485 -0.000004 0.000000 0.000000 0.000000
    60 0.000000 -10.813480 -0.000004 0.000000 0.000000 0.000000
  time 79
    0 3.357422 4.734375 -15.507813 -1.559898 -0.000007 -0.000009
    1 -14.172700 1.135007 -18.252413 -1.420315 0.060533 -0.553660
    2 0.000000 14.313023 0.000003 -0.477602 0.081042 -1.092093
    3 -0.000011 13.013483 -0.000005 2.883771 -1.229504 -2.761223
    4 5.008354 4.447623 -12.615520 1.524732 -0.205262 -0.754382
    5 0.000000 -14.313034 0.000000 -1.673051 -0.000694 0.000337
    6 -0.000004 -13.013485 -0.000004 0.114490 -0.253600 0.174389
    7 -1.330879 -2.698427 0.462449 -0.194886 -0.547260 3.056712
    8 1.330910 2.698444 -0.462436 0.194890 0.547268 -0.084879
    9 -166.090440 508.429782 -308.352124 -1.729097 0.672445 -0.307448
    10 3.556210 4.238403 0.987502 -1.090396 0.577049 -0.321829
    11 4.139183 5.092691 1.421975 -1.090396 0.577049 -0.321829
    12 4.777527 6.028128 1.897721 -1.090396 0.577049 -0.321829
    13 5.490345 7.072691 2.428969 -1.090396 0.577049 -0.321829
    14 6.564566 8.639143 3.229776 -1.090396 0.577049 -0.321829
    15 7.558525 6.997282 -2.354134 -1.937336 -0.275393 3.010581
    16 7.558525 6.997282 -2.354134 1.937336 0.275393 -0.131011
    17 -2.867767 -2.740969 0.531125 2.051196 0.577049 -0.321829
    18 4.324081 2.744001 -0.524877 -1.090396 0.577049 -0.321829
    19 5.012512 3.752832 -0.011802 -1.090396 0.577049 -0.321829
    20 5.595486 4.607124 0.422674 -1.090396 0.577049 -0.321829
    21 6.233833 5.542564 0.898426 -1.090396 0.577049 -0.321829
    22 6.946648 6.587124 1.429667 -1.090396 0.577049 -0.321829
    23 7.537933 7.453606 1.870349 -1.090396 0.577049 -0.321829
    24 8.154472 8.357077 2.329839 -1.090396 0.577049 -0.321829
    25 8.874294 9.411907 2.866308 -1.090396 0.577049 -0.321829
    26 -4.125858 -2.321501 1.394414 2.051196 0.577049 -0.321829
    27 -4.826813 -3.348669 0.872014 2.051196 0.577049 -0.321829
    28 -5.441669 -4.249685 0.413772 2.051196 0.577049 -0.321829
    29 -0.552532 -1.343527 1.604446 -0.544052 0.534375 -0.243185
    30 0.552589 1.343534 -1.604463 -0.678484 0.739222 -0.329474
    31 0.000000 -2.021618 -0.000004 0.226433 0.000000 0.000000
    32 -0.000021 2.021633 0.000027 -0.003322 0.000000 0.000000
    33 -0.000004 -1.136217 -0.000004 -0.429110 0.000000 0.000000
    34 -0.000011 1.136200 -0.000019 -0.457171 0.000000 0.000000
    35 -0.032677 -4.587727 1.352317 3.398399 1.136618 2.930602
    36 0.032719 4.587772 -1.352291 3.225901 1.255495 3.153710
    37 0.000000 -1.754536 -0.000002 0.224364 0.000000 0.000000
    38 -0.000006 1.754520 -0.000034 0.106583 0.000000 0.000000
    39 0.000000 -1.227020 -0.000002 0.059293 0.000000 0.000000
    40 0.000002 1.227070 0.000032 0.162221 0.000000 0.000000
    41 -0.367996 -4.208406 0.173244 3.504275 1.044647 2.964560
    42 0.368011 4.208412 -0.173239 3.237976 1.139330 3.223695
    43 0.000000 -2.372318 -0.000004 0.215623 0.000000 0.000000
    44 -0.000006 2.372318 -0.000032 0.411076 0.000000 0.000000
    45 0.000004 -1.580070 -0.000001 0.003434 0.000000 0.000000
    46 -0.000002 1.580170 0.000030 -0.341264 0.000000 0.000000
    47 -0.937645 -3.860697 -0.959317 3.728892 1.068797 3.165250
    48 0.937672 3.860714 0.959333 3.320031 0.903603 3.304120
    49 0.000000 -1.690632 0.000000 0.049156 0.000000 0.000000
    50 -0.000013 1.690666 0.000021 0.241627 0.000000 0.000000
    51 -0.000002 -1.423443 0.000002 0.187038 0.000000 0.000000
    52 0.000008 1.423420 0.000028 0.056116 0.000000 0.000000
    53 -1.546646 -3.404194 -1.915569 3.503023 0.937471 3.136215
    54 1.546661 3.404217 1.915585 3.603624 1.025208 3.536769
    55 0.000004 -1.437820 0.000000 0.342910 0.000000 0.000000
    56 -0.000021 1.437870 0.000031 0.005723 0.000000 0.000000
    57 -0.000002 -1.059402 0.000000 0.002885 0.000000 0.000000
    58 0.000006 1.059372 0.000008 0.234577 0.000000 0.000000
    59 -0.000004 -13.013485 -0.000004 0.000000 0.000000 0.000000
    60 0.000000 -10.813480 -0.000004 0.000000 0.000000 0.000000
  time 80
    0 3.357422 4.734375 -15.507813 -1.559898 -0.000007 -0.000009
    1 -14.067228 1.135007 -18.252413 -1.423817 0.065016 -0.542126
    2 0.000000 14.313023 0.000003 -0.475586 0.091886 -1.089478
    3 -0.000011 13.013483 -0.000005 2.872974 -1.177196 -2.752021
    4 4.895069 4.205428 -12.611613 1.544842 -0.204087 -0.761374
    5 0.000000 -14.313034 0.000000 -1.704588 0.000000 0.000000
    6 -0.000004 -13.013485 -0.000004 0.105572 -0.271206 0.166094
    7 -1.330879 -2.698427 0.462449 -0.194886 -0.547260 3.056712
    8 1.330910 2.698444 -0.462436 0.194890 0.547268 -0.084879
    9 -165.997708 545.630264 -308.049056 -1.729097 0.672445 -0.307543
    10 3.556210 4.238403 0.987502 -1.090396 0.577049 -0.321829
    11 4.139183 5.092691 1.421975 -1.090396 0.577049 -0.321829
    12 4.777527 6.028128 1.897721 -1.090396 0.577049 -0.321829
    13 5.490345 7.072691 2.428969 -1.090396 0.577049 -0.321829
    14 6.564566 8.639143 3.229776 -1.090396 0.577049 -0.321829
    15 7.558525 6.997282 -2.354134 -1.937336 -0.275393 3.010581
    16 7.558525 6.997282 -2.354134 1.937336 0.275393 -0.131011
    17 -2.867767 -2.740969 0.531125 2.051196 0.577049 -0.321829
    18 4.324081 2.744001 -0.524877 -1.090396 0.577049 -0.321829
    19 5.012512 3.752832 -0.011802 -1.090396 0.577049 -0.321829
    20 5.595486 4.607124 0.422674 -1.090396 0.577049 -0.321829
    21 6.233833 5.542564 0.898426 -1.090396 0.577049 -0.321829
    22 6.946648 6.587124 1.429667 -1.090396 0.577049 -0.321829
    23 7.537933 7.453606 1.870349 -1.090396 0.577049 -0.321829
    24 8.154472 8.357077 2.329839 -1.090396 0.577049 -0.321829
    25 8.874294 9.411907 2.866308 -1.090396 0.577049 -0.321829
    26 -4.125858 -2.321501 1.394414 2.051196 0.577049 -0.321829
    27 -4.826813 -3.348669 0.872014 2.051196 0.577049 -0.321829
    28 -5.441669 -4.249685 0.413772 2.051196 0.577049 -0.321829
    29 -0.552532 -1.343527 1.604446 -0.540842 0.539605 -0.235266
    30 0.552589 1.343534 -1.604463 -0.668031 0.748143 -0.313367
    31 0.000000 -2.021618 -0.000004 0.234892 0.000000 0.000000
    32 -0.000021 2.021633 0.000027 -0.005170 0.000000 0.000000
    33 -0.000004 -1.136217 -0.000004 -0.434496 0.000000 0.000000
    34 -0.000011 1.136200 -0.000019 -0.454661 0.000000 0.000000
    35 -0.032677 -4.587727 1.352317 3.373918 1.140404 2.919757
    36 0.032719 4.587772 -1.352291 3.209927 1.258686 3.139074
    37 0.000000 -1.754536 -0.000002 0.202062 0.000000 0.000000
    38 -0.000006 1.754520 -0.000034 0.111118 0.000000 0.000000
    39 0.000000 -1.227020 -0.000002 0.048911 0.000000 0.000000
    40 0.000002 1.227070 0.000032 0.169610 0.000000 0.000000
    41 -0.367996 -4.208406 0.173244 3.486312 1.047878 2.961697
    42 0.368011 4.208412 -0.173239 3.251448 1.140696 3.235459
    43 0.000000 -2.372318 -0.000004 0.181639 0.000000 0.000000
    44 -0.000006 2.372318 -0.000032 0.411076 0.000000 0.000000
    45 0.000004 -1.580070 -0.000001 0.028693 0.000000 0.000000
    46 -0.000002 1.580170 0.000030 -0.341264 0.000000 0.000000
    47 -0.937645 -3.860697 -0.959317 3.719416 1.073933 3.173679
    48 0.937672 3.860714 0.959333 3.331644 0.904343 3.320267
    49 0.000000 -1.690632 0.000000 0.013794 0.000000 0.000000
    50 -0.000013 1.690666 0.000021 0.247536 0.000000 0.000000
    51 -0.000002 -1.423443 0.000002 0.179139 0.000000 0.000000
    52 0.000008 1.423420 0.000028 0.059273 0.000000 0.000000
    53 -1.546646 -3.404194 -1.915569 3.487425 0.942053 3.151255
    54 1.546661 3.404217 1.915585 3.630666 1.028320 3.568537
    55 0.000004 -1.437820 0.000000 0.321950 0.000000 0.000000
    56 -0.000021 1.437870 0.000031 0.005723 0.000000 0.000000
    57 -0.000002 -1.059402 0.000000 -0.018860 0.000000 0.000000
    58 0.000006 1.059372 0.000008 0.240382 0.000000 0.000000
    59 -0.000004 -13.013485 -0.000004 0.000000 0.000000 0.000000
    60 0.000000 -10.813480 -0.000004 0.000000 0.000000 0.000000
  time 81
    0 3.357422 4.734375 -15.507813 -1.559898 -0.000007 -0.000009
    1 -14.067228 1.135007 -18.252413 -1.423909 0.065493 -0.539224
    2 0.000000 14.313023 0.000003 -0.476747 0.061719 -1.096558
    3 -0.000011 13.013483 -0.000005 2.899918 -1.331290 -2.757485
    4 5.297425 4.353870 -13.017876 1.529520 -0.189269 -0.754191
    5 0.000000 -14.313034 0.000000 -1.675624 -0.004627 0.004477
    6 -0.000004 -13.013485 -0.000004 -0.009098 -0.353991 0.273073
    7 -1.330879 -2.698427 0.462449 -0.194886 -0.547260 3.056712
    8 1.330910 2.698444 -0.462436 0.194890 0.547268 -0.084879
    9 -165.935886 582.094589 -307.948033 -1.729097 0.672445 -0.307448
    10 3.556210 4.238403 0.987502 -1.090396 0.577049 -0.321829
    11 4.139183 5.092691 1.421975 -1.090396 0.577049 -0.321829
    12 4.777527 6.028128 1.897721 -1.090396 0.577049 -0.321829
    13 5.490345 7.072691 2.428969 -1.090396 0.577049 -0.321829
    14 6.564566 8.639143 3.229776 -1.090396 0.577049 -0.321829
    15 7.558525 6.997282 -2.354134 -1.937336 -0.275393 3.010581
    16 7.558525 6.997282 -2.354134 1.937336 0.275393 -0.131011
    17 -2.867767 -2.740969 0.531125 2.051196 0.577049 -0.321829
    18 4.324081 2.744001 -0.524877 -1.090396 0.577049 -0.321829
    19 5.012512 3.752832 -0.011802 -1.090396 0.577049 -0.321829
    20 5.595486 4.607124 0.422674 -1.090396 0.577049 -0.321829
    21 6.233833 5.542564 0.898426 -1.090396 0.577049 -0.321829
    22 6.946648 6.587124 1.429667 -1.090396 0.577049 -0.321829
    23 7.537933 7.453606 1.870349 -1.090396 0.577049 -0.321829
    24 8.154472 8.357077 2.329839 -1.090396 0.577049 -0.321829
    25 8.874294 9.411907 2.866308 -1.090396 0.577049 -0.321829
    26 -4.125858 -2.321501 1.394414 2.051196 0.577049 -0.321829
    27 -4.826813 -3.348669 0.872014 2.051196 0.577049 -0.321829
    28 -5.441669 -4.249685 0.413772 2.051196 0.577049 -0.321829
    29 -0.552532 -1.343527 1.604446 -0.540842 0.539605 -0.235248
    30 0.552589 1.343534 -1.604463 -0.668031 0.748143 -0.313367
    31 0.000000 -2.021618 -0.000004 0.244404 0.000000 0.000000
    32 -0.000021 2.021633 0.000027 -0.007262 0.000000 0.000000
    33 -0.000004 -1.136217 -0.000004 -0.440770 0.000000 0.000000
    34 -0.000011 1.136200 -0.000019 -0.452152 0.000000 0.000000
    35 -0.032677 -4.587727 1.352317 3.450748 1.140404 2.919757
    36 0.032719 4.587772 -1.352291 3.209927 1.258686 3.139074
    37 0.000000 -1.754536 -0.000002 0.278890 0.000000 0.000000
    38 -0.000006 1.754520 -0.000034 0.111118 0.000000 0.000000
    39 0.000000 -1.227020 -0.000002 0.125640 0.000000 0.000000
    40 0.000002 1.227070 0.000032 0.169610 0.000000 0.000000
    41 -0.367996 -4.208406 0.173244 3.563193 1.047878 2.961697
    42 0.368011 4.208412 -0.173239 3.251448 1.140696 3.235459
    43 0.000000 -2.372318 -0.000004 0.258476 0.000000 0.000000
    44 -0.000006 2.372318 -0.000032 0.411076 0.000000 0.000000
    45 0.000004 -1.580070 -0.000001 0.070354 0.000000 0.000000
    46 -0.000002 1.580170 0.000030 -0.341264 0.000000 0.000000
    47 -0.937645 -3.860697 -0.959317 3.796245 1.073933 3.173679
    48 0.937672 3.860714 0.959333 3.331644 0.904343 3.320267
    49 0.000000 -1.690632 0.000000 0.090611 0.000000 0.000000
    50 -0.000013 1.690666 0.000021 0.247536 0.000000 0.000000
    51 -0.000002 -1.423443 0.000002 0.255893 0.000000 0.000000
    52 0.000008 1.423420 0.000028 0.059273 0.000000 0.000000
    53 -1.546646 -3.404194 -1.915569 3.564214 0.942053 3.151255
    54 1.546661 3.404217 1.915585 3.630666 1.028320 3.568537
    55 0.000004 -1.437820 0.000000 0.398804 0.000000 0.000000
    56 -0.000021 1.437870 0.000031 0.005723 0.000000 0.000000
    57 -0.000002 -1.059402 0.000000 0.057947 0.000000 0.000000
    58 0.000006 1.059372 0.000008 0.240382 0.000000 0.000000
    59 -0.000004 -13.013485 -0.000004 0.000000 0.000000 0.000000
    60 0.000000 -10.813480 -0.000004 0.000000 0.000000 0.000000
  time 82
    0 3.357422 4.734375 -15.507813 -1.559898 -0.000007 -0.000009
    1 -14.067228 1.135007 -18.252413 -1.424370 0.066447 -0.533648
    2 0.000000 14.313023 0.000003 -0.485301 -0.027551 -1.118320
    3 -0.000011 13.013483 -0.000005 -0.163007 -1.383268 0.360322
    4 6.488868 4.740601 -14.326509 1.480873 -0.144549 -0.737239
    5 0.000000 -14.313034 0.000000 -1.585620 -0.015600 0.018726
    6 -0.000004 -13.013485 -0.000004 -0.322572 -0.583599 0.563880
    7 -1.330879 -2.698427 0.462449 -0.194886 -0.547260 3.056712
    8 1.330910 2.698444 -0.462436 0.194890 0.547268 -0.084879
    9 -165.997708 617.577370 -307.998544 -1.729097 0.672445 -0.307448
    10 3.556210 4.238403 0.987502 -1.090396 0.577049 -0.321829
    11 4.139183 5.092691 1.421975 -1.090396 0.577049 -0.321829
    12 4.777527 6.028128 1.897721 -1.090396 0.577049 -0.321829
    13 5.490345 7.072691 2.428969 -1.090396 0.577049 -0.321829
    14 6.564566 8.639143 3.229776 -1.090396 0.577049 -0.321829
    15 7.558525 6.997282 -2.354134 -1.937336 -0.275393 3.010581
    16 7.558525 6.997282 -2.354134 1.937336 0.275393 -0.131011
    17 -2.867767 -2.740969 0.531125 2.051196 0.577049 -0.321829
    18 4.324081 2.744001 -0.524877 -1.090396 0.577049 -0.321829
    19 5.012512 3.752832 -0.011802 -1.090396 0.577049 -0.321829
    20 5.595486 4.607124 0.422674 -1.090396 0.577049 -0.321829
    21 6.233833 5.542564 0.898426 -1.090396 0.577049 -0.321829
    22 6.946648 6.587124 1.429667 -1.090396 0.577049 -0.321829
    23 7.537933 7.453606 1.870349 -1.090396 0.577049 -0.321829
    24 8.154472 8.357077 2.329839 -1.090396 0.577049 -0.321829
    25 8.874294 9.411907 2.866308 -1.090396 0.577049 -0.321829
    26 -4.125858 -2.321501 1.394414 2.051196 0.577049 -0.321829
    27 -4.826813 -3.348669 0.872014 2.051196 0.577049 -0.321829
    28 -5.441669 -4.249685 0.413772 2.051196 0.577049 -0.321829
    29 -0.552532 -1.343527 1.604446 -0.540842 0.539605 -0.235248
    30 0.552589 1.343534 -1.604463 -0.668031 0.748143 -0.313367
    31 0.000000 -2.021618 -0.000004 0.254378 0.000000 0.000000
    32 -0.000021 2.021633 0.000027 -0.009327 0.000000 0.000000
    33 -0.000004 -1.136217 -0.000004 -0.447045 0.000000 0.000000
    34 -0.000011 1.136200 -0.000019 -0.449410 0.000000 0.000000
    35 -0.032677 -4.587727 1.352317 3.512125 1.140404 2.919757
    36 0.032719 4.587772 -1.352291 3.209927 1.258686 3.139074
    37 0.000000 -1.754536 -0.000002 0.340208 0.000000 0.000000
    38 -0.000006 1.754520 -0.000034 0.111118 0.000000 0.000000
    39 0.000000 -1.227020 -0.000002 0.186965 0.000000 0.000000
    40 0.000002 1.227070 0.000032 0.169477 0.000000 0.000000
    41 -0.367996 -4.208406 0.173244 3.624446 1.047878 2.961697
    42 0.368011 4.208412 -0.173239 3.251448 1.140696 3.235459
    43 0.000000 -2.372318 -0.000004 0.319793 0.000000 0.000000
    44 -0.000006 2.372318 -0.000032 0.411076 0.000000 0.000000
    45 0.000004 -1.580070 -0.000001 0.129343 0.000000 0.000000
    46 -0.000002 1.580170 0.000030 -0.341264 0.000000 0.000000
    47 -0.937645 -3.860697 -0.959317 3.857560 1.073933 3.173679
    48 0.937672 3.860714 0.959333 3.331644 0.904343 3.320267
    49 0.000000 -1.690632 0.000000 0.151926 0.000000 0.000000
    50 -0.000013 1.690666 0.000021 0.247586 0.000000 0.000000
    51 -0.000002 -1.423443 0.000002 0.317122 0.000000 0.000000
    52 0.000008 1.423420 0.000028 0.059273 0.000000 0.000000
    53 -1.546646 -3.404194 -1.915569 3.625497 0.942053 3.151255
    54 1.546661 3.404217 1.915585 3.630666 1.028320 3.568537
    55 0.000004 -1.437820 0.000000 0.460033 0.000000 0.000000
    56 -0.000021 1.437870 0.000031 0.005723 0.000000 0.000000
    57 -0.000002 -1.059402 0.000000 0.119297 0.000000 0.000000
    58 0.000006 1.059372 0.000008 0.240382 0.000000 0.000000
    59 -0.000004 -13.013485 -0.000004 0.000000 0.000000 0.000000
    60 0.000000 -10.813480 -0.000004 0.000000 0.000000 0.000000
  time 83
    0 3.357422 4.734375 -15.507813 -1.559898 -0.000007 -0.000009
    1 -14.067228 1.135007 -18.252413 -1.424370 0.066733 -0.531280
    2 0.000000 14.313023 0.000003 -0.509068 -0.162688 -1.151104
    3 -0.000011 13.013483 -0.000005 -0.053508 -0.852309 0.305684
    4 8.211576 5.361713 -16.545327 1.398805 -0.078986 -0.713297
    5 0.000000 -14.313034 0.000000 -1.444392 -0.023234 0.041014
    6 -0.000004 -13.013485 -0.000004 -0.698020 -0.868899 0.909511
    7 -1.330879 -2.698427 0.462449 -0.194886 -0.547260 3.056712
    8 1.330910 2.698444 -0.462436 0.194890 0.547268 -0.084879
    9 -166.090440 651.735069 -308.251101 -1.729097 0.672445 -0.307543
    10 3.556210 4.238403 0.987502 -1.090396 0.577049 -0.321829
    11 4.139183 5.092691 1.421975 -1.090396 0.577049 -0.321829
    12 4.777527 6.028128 1.897721 -1.090396 0.577049 -0.321829
    13 5.490345 7.072691 2.428969 -1.090396 0.577049 -0.321829
    14 6.564566 8.639143 3.229776 -1.090396 0.577049 -0.321829
    15 7.558525 6.997282 -2.354134 -1.937336 -0.275393 3.010581
    16 7.558525 6.997282 -2.354134 1.937336 0.275393 -0.131011
    17 -2.867767 -2.740969 0.531125 2.051196 0.577049 -0.321829
    18 4.324081 2.744001 -0.524877 -1.090396 0.577049 -0.321829
    19 5.012512 3.752832 -0.011802 -1.090396 0.577049 -0.321829
    20 5.595486 4.607124 0.422674 -1.090396 0.577049 -0.321829
    21 6.233833 5.542564 0.898426 -1.090396 0.577049 -0.321829
    22 6.946648 6.587124 1.429667 -1.090396 0.577049 -0.321829
    23 7.537933 7.453606 1.870349 -1.090396 0.577049 -0.321829
    24 8.154472 8.357077 2.329839 -1.090396 0.577049 -0.321829
    25 8.874294 9.411907 2.866308 -1.090396 0.577049 -0.321829
    26 -4.125858 -2.321501 1.394414 2.051196 0.577049 -0.321829
    27 -4.826813 -3.348669 0.872014 2.051196 0.577049 -0.321829
    28 -5.441669 -4.249685 0.413772 2.051196 0.577049 -0.321829
    29 -0.552532 -1.343527 1.604446 -0.540842 0.539605 -0.235248
    30 0.552589 1.343534 -1.604463 -0.668031 0.748143 -0.313367
    31 0.000000 -2.021618 -0.000004 0.264752 0.000000 0.000000
    32 -0.000021 2.021633 0.000027 -0.011392 0.000000 0.000000
    33 -0.000004 -1.136217 -0.000004 -0.454041 0.000000 0.000000
    34 -0.000011 1.136200 -0.000019 -0.446714 0.000000 0.000000
    35 -0.032677 -4.587727 1.352317 3.551798 1.140404 2.919757
    36 0.032719 4.587772 -1.352291 3.209927 1.258686 3.139074
    37 0.000000 -1.754536 -0.000002 0.379865 0.000000 0.000000
    38 -0.000006 1.754520 -0.000034 0.111118 0.000000 0.000000
    39 0.000000 -1.227020 -0.000002 0.226657 0.000000 0.000000
    40 0.000002 1.227070 0.000032 0.169477 0.000000 0.000000
    41 -0.367996 -4.208406 0.173244 3.664234 1.047878 2.961697
    42 0.368011 4.208412 -0.173239 3.251448 1.140696 3.235459
    43 0.000000 -2.372318 -0.000004 0.359462 0.000000 0.000000
    44 -0.000006 2.372318 -0.000032 0.411076 0.000000 0.000000
    45 0.000004 -1.580070 -0.000001 0.134982 0.000000 0.000000
    46 -0.000002 1.580170 0.000030 -0.341264 0.000000 0.000000
    47 -0.937645 -3.860697 -0.959317 3.897230 1.073964 3.173679
    48 0.937672 3.860714 0.959333 3.331644 0.904343 3.320267
    49 0.000000 -1.690632 0.000000 0.191607 0.000000 0.000000
    50 -0.000013 1.690666 0.000021 0.247586 0.000000 0.000000
    51 -0.000002 -1.423443 0.000002 0.356888 0.000000 0.000000
    52 0.000008 1.423420 0.000028 0.059273 0.000000 0.000000
    53 -1.546646 -3.404194 -1.915569 3.665184 0.942053 3.151255
    54 1.546661 3.404217 1.915585 3.630666 1.028320 3.568537
    55 0.000004 -1.437820 0.000000 0.499782 0.000000 0.000000
    56 -0.000021 1.437870 0.000031 0.005723 0.000000 0.000000
    57 -0.000002 -1.059402 0.000000 0.158986 0.000000 0.000000
    58 0.000006 1.059372 0.000008 0.240441 0.000000 0.000000
    59 -0.000004 -13.013485 -0.000004 0.000000 0.000000 0.000000
    60 0.000000 -10.813480 -0.000004 0.000000 0.000000 0.000000
  time 84
    0 3.357422 4.734375 -15.507813 -1.559898 -0.000007 -0.000009
    1 -14.067228 1.135007 -18.252413 -1.423817 0.065016 -0.542126
    2 0.000000 14.313023 0.000003 -0.557152 -0.299611 -1.184733
    3 -0.000011 13.013483 -0.000005 0.042328 -0.515677 0.215772
    4 9.832720 5.685942 -19.061029 1.307927 -0.012931 -0.703241
    5 0.000000 -14.313034 0.000000 -1.290177 -0.014906 0.065516
    6 -0.000004 -13.013485 -0.000004 -0.904481 -1.049794 1.093816
    7 -1.330879 -2.698427 0.462449 -0.194886 -0.547260 3.056712
    8 1.330910 2.698444 -0.462436 0.194890 0.547268 -0.084879
    9 -166.244994 684.763993 -308.705703 -1.729097 0.672445 -0.307543
    10 3.556210 4.238403 0.987502 -1.090396 0.577049 -0.321829
    11 4.139183 5.092691 1.421975 -1.090396 0.577049 -0.321829
    12 4.777527 6.028128 1.897721 -1.090396 0.577049 -0.321829
    13 5.490345 7.072691 2.428969 -1.090396 0.577049 -0.321829
    14 6.564566 8.639143 3.229776 -1.090396 0.577049 -0.321829
    15 7.558525 6.997282 -2.354134 -1.937336 -0.275393 3.010581
    16 7.558525 6.997282 -2.354134 1.937336 0.275393 -0.131011
    17 -2.867767 -2.740969 0.531125 2.051196 0.577049 -0.321829
    18 4.324081 2.744001 -0.524877 -1.090396 0.577049 -0.321829
    19 5.012512 3.752832 -0.011802 -1.090396 0.577049 -0.321829
    20 5.595486 4.607124 0.422674 -1.090396 0.577049 -0.321829
    21 6.233833 5.542564 0.898426 -1.090396 0.577049 -0.321829
    22 6.946648 6.587124 1.429667 -1.090396 0.577049 -0.321829
    23 7.537933 7.453606 1.870349 -1.090396 0.577049 -0.321829
    24 8.154472 8.357077 2.329839 -1.090396 0.577049 -0.321829
    25 8.874294 9.411907 2.866308 -1.090396 0.577049 -0.321829
    26 -4.125858 -2.321501 1.394414 2.051196 0.577049 -0.321829
    27 -4.826813 -3.348669 0.872014 2.051196 0.577049 -0.321829
    28 -5.441669 -4.249685 0.413772 2.051196 0.577049 -0.321829
    29 -0.552532 -1.343527 1.604446 -0.540842 0.539605 -0.235248
    30 0.552589 1.343534 -1.604463 -0.668031 0.748143 -0.313367
    31 0.000000 -2.021618 -0.000004 0.276010 0.000000 0.000000
    32 -0.000021 2.021633 0.000027 -0.013457 0.000000 0.000000
    33 -0.000004 -1.136217 -0.000004 -0.461065 0.000000 0.000000
    34 -0.000011 1.136200 -0.000019 -0.443972 0.000000 0.000000
    35 -0.032677 -4.587727 1.352317 3.550149 1.140404 2.919757
    36 0.032719 4.587772 -1.352291 3.209927 1.258686 3.139074
    37 0.000000 -1.754536 -0.000002 0.378234 0.000000 0.000000
    38 -0.000006 1.754520 -0.000034 0.111118 0.000000 0.000000
    39 0.000000 -1.227020 -0.000002 0.225064 0.000000 0.000000
    40 0.000002 1.227070 0.000032 0.169477 0.000000 0.000000
    41 -0.367996 -4.208406 0.173244 3.662527 1.047878 2.961697
    42 0.368011 4.208412 -0.173239 3.251448 1.140696 3.235459
    43 0.000000 -2.372318 -0.000004 0.357889 0.000000 0.000000
    44 -0.000006 2.372318 -0.000032 0.411076 0.000000 0.000000
    45 0.000004 -1.580070 -0.000001 0.121464 0.000000 0.000000
    46 -0.000002 1.580170 0.000030 -0.341264 0.000000 0.000000
    47 -0.937645 -3.860697 -0.959317 3.895650 1.073964 3.173679
    48 0.937672 3.860714 0.959333 3.331644 0.904343 3.320267
    49 0.000000 -1.690632 0.000000 0.190026 0.000000 0.000000
    50 -0.000013 1.690666 0.000021 0.247586 0.000000 0.000000
    51 -0.000002 -1.423443 0.000002 0.355199 0.000000 0.000000
    52 0.000008 1.423420 0.000028 0.059273 0.000000 0.000000
    53 -1.546646 -3.404194 -1.915569 3.663615 0.942053 3.151255
    54 1.546661 3.404217 1.915585 3.630666 1.028320 3.568537
    55 0.000004 -1.437820 0.000000 0.498082 0.000000 0.000000
    56 -0.000021 1.437870 0.000031 0.005723 0.000000 0.000000
    57 -0.000002 -1.059402 0.000000 0.157365 0.000000 0.000000
    58 0.000006 1.059372 0.000008 0.240441 0.000000 0.000000
    59 -0.000004 -13.013485 -0.000004 0.000000 0.000000 0.000000
    60 0.000000 -10.813480 -0.000004 0.000000 0.000000 0.000000
  time 85
    0 3.357422 4.734375 -15.507813 -1.559898 -0.000007 -0.000009
    1 -14.067228 1.135007 -18.252413 -1.418473 0.049994 -0.635846
    2 0.000000 14.313023 0.000003 -0.668106 -0.457342 -1.224235
    3 -0.000011 13.013483 -0.000005 0.124692 -0.485632 0.037096
    4 11.856219 5.568751 -22.416600 1.198663 0.096025 -0.642713
    5 0.000000 -14.313034 0.000000 -1.089764 0.031629 0.103497
    6 -0.000004 -13.013485 -0.000004 -0.813411 -1.070365 0.989888
    7 -1.330879 -2.698427 0.462449 -0.194886 -0.547260 3.056712
    8 1.330910 2.698444 -0.462436 0.194890 0.547268 -0.084879
    9 -166.461369 716.418757 -309.463374 -1.729097 0.672445 -0.307543
    10 3.556210 4.238403 0.987502 -1.090396 0.577049 -0.321829
    11 4.139183 5.092691 1.421975 -1.090396 0.577049 -0.321829
    12 4.777527 6.028128 1.897721 -1.090396 0.577049 -0.321829
    13 5.490345 7.072691 2.428969 -1.090396 0.577049 -0.321829
    14 6.564566 8.639143 3.229776 -1.090396 0.577049 -0.321829
    15 7.558525 6.997282 -2.354134 -1.937336 -0.275393 3.010581
    16 7.558525 6.997282 -2.354134 1.937336 0.275393 -0.131011
    17 -2.867767 -2.740969 0.531125 2.051196 0.577049 -0.321829
    18 4.324081 2.744001 -0.524877 -1.090396 0.577049 -0.321829
    19 5.012512 3.752832 -0.011802 -1.090396 0.577049 -0.321829
    20 5.595486 4.607124 0.422674 -1.090396 0.577049 -0.321829
    21 6.233833 5.542564 0.898426 -1.090396 0.577049 -0.321829
    22 6.946648 6.587124 1.429667 -1.090396 0.577049 -0.321829
    23 7.537933 7.453606 1.870349 -1.090396 0.577049 -0.321829
    24 8.154472 8.357077 2.329839 -1.090396 0.577049 -0.321829
    25 8.874294 9.411907 2.866308 -1.090396 0.577049 -0.321829
    26 -4.125858 -2.321501 1.394414 2.051196 0.577049 -0.321829
    27 -4.826813 -3.348669 0.872014 2.051196 0.577049 -0.321829
    28 -5.441669 -4.249685 0.413772 2.051196 0.577049 -0.321829
    29 -0.552532 -1.343527 1.604446 -0.540842 0.539605 -0.235248
    30 0.552589 1.343534 -1.604463 -0.668031 0.748143 -0.313367
    31 0.000000 -2.021618 -0.000004 0.287668 0.000000 0.000000
    32 -0.000021 2.021633 0.000027 -0.015549 0.000000 0.000000
    33 -0.000004 -1.136217 -0.000004 -0.468895 0.000000 0.000000
    34 -0.000011 1.136200 -0.000019 -0.441276 0.000000 0.000000
    35 -0.013145 -4.517412 1.352317 3.192825 1.140552 2.924990
    36 0.032719 4.583866 -1.352291 3.197686 1.257424 3.098805
    37 0.000000 -1.680315 -0.000002 0.016048 0.000132 -0.002193
    38 -0.000006 1.750614 -0.000034 0.135201 -0.001318 0.012524
    39 0.000000 -1.152799 -0.003908 -0.137044 -0.000192 -0.002193
    40 0.000002 1.219257 0.000032 0.193574 -0.002037 0.012404
    41 -0.344558 -4.141998 0.165431 3.304259 1.047712 2.966186
    42 0.368011 4.204506 -0.173239 3.251358 1.140563 3.205351
    43 0.000000 -2.302004 -0.000004 -0.004287 0.000072 -0.002205
    44 -0.000006 2.368412 -0.000032 0.435820 0.000204 -0.000431
    45 0.000004 -1.509756 -0.007814 -0.226420 -0.000599 -0.002121
    46 -0.000002 1.576263 0.000030 -0.316575 -0.000140 -0.000443
    47 -0.918113 -3.790382 -0.971036 3.537607 1.073322 3.178405
    48 0.937672 3.852901 0.959333 3.340562 0.905824 3.299945
    49 0.000000 -1.616411 -0.007813 -0.172195 -0.000276 -0.002181
    50 -0.000013 1.682853 0.000021 0.271622 -0.003001 0.012212
    51 -0.000002 -1.349222 0.000002 -0.006889 0.000072 -0.002205
    52 0.000008 1.419514 0.000028 0.083425 -0.000671 0.012572
    53 -1.538833 -3.333879 -1.919476 3.304498 0.941851 3.155092
    54 1.546661 3.400310 1.915585 3.636111 1.033218 3.545209
    55 0.000004 -1.367506 0.007813 0.136046 0.000383 -0.002169
    56 -0.000021 1.437870 0.000031 0.030359 0.000000 -0.000467
    57 -0.000002 -0.985181 -0.011720 -0.204868 -0.000348 -0.002169
    58 0.000006 1.051559 0.000008 0.264374 -0.002912 0.012247
    59 -0.000004 -13.013485 -0.000004 0.000000 0.000000 0.000000
    60 0.000000 -10.813480 -0.000004 0.000000 0.000000 0.000000
  time 86
    0 3.357422 4.734375 -15.507813 -1.559898 -0.000007 -0.000009
    1 -14.067228 1.135007 -18.252413 -1.420776 0.056670 -0.593989
    2 0.000000 14.313023 0.000003 -0.814925 -0.637265 -1.269489
    3 -0.000011 13.013483 -0.000005 0.204571 -0.639680 -0.196409
    4 12.883594 4.932013 -26.096400 1.075897 0.174511 -0.706114
    5 0.000000 -14.313034 0.000000 -0.851649 0.098456 0.147592
    6 -0.000004 -13.013485 -0.000004 -0.550021 -0.992050 0.719294
    7 -1.330879 -2.698427 0.462449 -0.194886 -0.547260 3.056712
    8 1.330910 2.698444 -0.462436 0.194890 0.547268 -0.084879
    9 -166.863209 746.061357 -310.625136 -1.729097 0.672445 -0.307543
    10 3.556210 4.238403 0.987502 -1.090396 0.577049 -0.321829
    11 4.139183 5.092691 1.421975 -1.090396 0.577049 -0.321829
    12 4.777527 6.028128 1.897721 -1.090396 0.577049 -0.321829
    13 5.490345 7.072691 2.428969 -1.090396 0.577049 -0.321829
    14 6.564566 8.639143 3.229776 -1.090396 0.577049 -0.321829
    15 7.558525 6.997282 -2.354134 -1.937336 -0.275393 3.010581
    16 7.558525 6.997282 -2.354134 1.937336 0.275393 -0.131011
    17 -2.867767 -2.740969 0.531125 2.051196 0.577049 -0.321829
    18 4.324081 2.744001 -0.524877 -1.090396 0.577049 -0.321829
    19 5.012512 3.752832 -0.011802 -1.090396 0.577049 -0.321829
    20 5.595486 4.607124 0.422674 -1.090396 0.577049 -0.321829
    21 6.233833 5.542564 0.898426 -1.090396 0.577049 -0.321829
    22 6.946648 6.587124 1.429667 -1.090396 0.577049 -0.321829
    23 7.537933 7.453606 1.870349 -1.090396 0.577049 -0.321829
    24 8.154472 8.357077 2.329839 -1.090396 0.577049 -0.321829
    25 8.874294 9.411907 2.866308 -1.090396 0.577049 -0.321829
    26 -4.125858 -2.321501 1.394414 2.051196 0.577049 -0.321829
    27 -4.826813 -3.348669 0.872014 2.051196 0.577049 -0.321829
    28 -5.441669 -4.249685 0.413772 2.051196 0.577049 -0.321829
    29 -0.552532 -1.343527 1.604446 -0.540842 0.539605 -0.235248
    30 0.552589 1.343534 -1.604463 -0.668031 0.748143 -0.313367
    31 0.000000 -2.021618 -0.000004 0.299704 0.000000 0.000000
    32 -0.000021 2.021633 0.000027 -0.017614 0.000000 0.000000
    33 -0.000004 -1.136217 -0.000004 -0.476696 0.000000 0.000000
    34 -0.000011 1.136200 -0.000019 -0.438534 0.000000 0.000000
    35 -0.024864 -4.544757 1.352317 3.104536 1.140515 2.923094
    36 0.032719 4.572147 -1.352291 3.187269 1.256237 3.060887
    37 0.000000 -1.707659 -0.000002 -0.070406 0.000084 -0.001390
    38 -0.000006 1.738895 -0.000034 0.161461 -0.002493 0.024173
    39 0.000000 -1.180144 -0.003908 -0.223575 -0.000120 -0.001390
    40 0.000002 1.211444 0.000032 0.219668 -0.003871 0.023969
    41 -0.356277 -4.169343 0.169337 3.216331 1.047778 2.964560
    42 0.368011 4.192787 -0.173239 3.251628 1.140396 3.176868
    43 0.000000 -2.329348 -0.000004 -0.090840 0.000048 -0.001402
    44 -0.000006 2.360599 -0.000032 0.462362 0.000372 -0.000787
    45 0.000004 -1.537100 -0.003907 -0.314454 -0.000396 -0.001342
    46 -0.000002 1.572357 0.000030 -0.289951 -0.000263 -0.000815
    47 -0.925926 -3.821633 -0.967130 3.449536 1.073567 3.176672
    48 0.937672 3.841182 0.959333 3.351896 0.907150 3.280883
    49 0.000000 -1.643755 0.000000 -0.258730 -0.000168 -0.001390
    50 -0.000013 1.675041 0.000021 0.297610 -0.005836 0.023717
    51 -0.000002 -1.376566 0.000002 -0.093339 0.000048 -0.001402
    52 0.000008 1.407794 0.000028 0.109707 -0.001223 0.024269
    53 -1.542740 -3.357317 -1.915569 3.216911 0.941908 3.153711
    54 1.546661 3.388591 1.915585 3.643679 1.037800 3.523417
    55 0.000004 -1.394850 0.003906 0.049514 0.000252 -0.001378
    56 -0.000021 1.430057 0.000031 0.057025 0.000016 -0.000860
    57 -0.000002 -1.012526 0.000000 -0.291346 -0.000216 -0.001378
    58 0.000006 1.039840 0.000008 0.290559 -0.005561 0.023656
    59 -0.000004 -13.013485 -0.000004 0.000000 0.000000 0.000000
    60 0.000000 -10.813480 -0.000004 0.000000 0.000000 0.000000
  time 87
    0 3.357422 4.734375 -15.507813 -1.559898 -0.000007 -0.000009
    1 -14.067228 1.135007 -18.252413 -1.423817 0.065016 -0.542203
    2 0.000000 14.313023 0.000003 -0.889220 -0.765080 -1.301750
    3 -0.000011 13.013483 -0.000005 0.256454 -0.877307 -0.349970
    4 13.145321 4.193709 -28.565225 0.975730 0.202897 -0.772675
    5 0.000000 -14.313034 0.000000 -0.682354 0.133919 0.162707
    6 -0.000004 -13.013485 -0.000004 -0.304376 -0.853756 0.477782
    7 -1.330879 -2.698427 0.462449 -0.194886 -0.547260 3.056712
    8 1.330910 2.698444 -0.462436 0.194890 0.547268 -0.084879
    9 -167.388692 773.740872 -312.089966 -1.729097 0.672445 -0.307543
    10 3.556210 4.238403 0.987502 -1.090396 0.577049 -0.321829
    11 4.139183 5.092691 1.421975 -1.090396 0.577049 -0.321829
    12 4.777527 6.028128 1.897721 -1.090396 0.577049 -0.321829
    13 5.490345 7.072691 2.428969 -1.090396 0.577049 -0.321829
    14 6.564566 8.639143 3.229776 -1.090396 0.577049 -0.321829
    15 7.558525 6.997282 -2.354134 -1.937336 -0.275393 3.010581
    16 7.558525 6.997282 -2.354134 1.937336 0.275393 -0.131011
    17 -2.867767 -2.740969 0.531125 2.051196 0.577049 -0.321829
    18 4.324081 2.744001 -0.524877 -1.090396 0.577049 -0.321829
    19 5.012512 3.752832 -0.011802 -1.090396 0.577049 -0.321829
    20 5.595486 4.607124 0.422674 -1.090396 0.577049 -0.321829
    21 6.233833 5.542564 0.898426 -1.090396 0.577049 -0.321829
    22 6.946648 6.587124 1.429667 -1.090396 0.577049 -0.321829
    23 7.537933 7.453606 1.870349 -1.090396 0.577049 -0.321829
    24 8.154472 8.357077 2.329839 -1.090396 0.577049 -0.321829
    25 8.874294 9.411907 2.866308 -1.090396 0.577049 -0.321829
    26 -4.125858 -2.321501 1.394414 2.051196 0.577049 -0.321829
    27 -4.826813 -3.348669 0.872014 2.051196 0.577049 -0.321829
    28 -5.441669 -4.249685 0.413772 2.051196 0.577049 -0.321829
    29 -0.552532 -1.343527 1.604446 -0.540842 0.539605 -0.235248
    30 0.552589 1.343534 -1.604463 -0.668031 0.748143 -0.313367
    31 0.000000 -2.021618 -0.000004 0.312246 0.000000 0.000000
    32 -0.000021 2.021633 0.000027 -0.019678 0.000000 0.000000
    33 -0.000004 -1.136217 -0.000004 -0.484553 0.000000 0.000000
    34 -0.000011 1.136200 -0.000019 -0.435792 0.000000 0.000000
    35 -0.032677 -4.587727 1.352317 3.073283 1.140404 2.919681
    36 0.032719 4.556521 -1.352291 3.178067 1.255086 3.024638
    37 0.000000 -1.754536 -0.000002 -0.098592 0.000000 0.000024
    38 -0.000006 1.727176 -0.000034 0.187676 -0.003727 0.035534
    39 0.000000 -1.227020 -0.000002 -0.251727 0.000000 0.000024
    40 0.000002 1.195819 0.000032 0.245895 -0.005789 0.035271
    41 -0.367996 -4.208406 0.173244 3.185704 1.047878 2.961619
    42 0.368011 4.181068 -0.173239 3.252167 1.140263 3.149623
    43 0.000000 -2.372318 -0.000004 -0.118978 0.000000 0.000024
    44 -0.000006 2.352786 -0.000032 0.489124 0.000539 -0.001132
    45 0.000004 -1.580070 -0.000001 -0.347514 0.000000 0.000024
    46 -0.000002 1.564544 0.003936 -0.263270 -0.000368 -0.001198
    47 -0.937645 -3.860697 -0.959317 3.418785 1.073964 3.173600
    48 0.937672 3.829463 0.959333 3.363695 0.908538 3.262293
    49 0.000000 -1.690632 0.000000 -0.286881 0.000000 0.000024
    50 -0.000013 1.659415 0.000021 0.323749 -0.008448 0.034659
    51 -0.000002 -1.423443 0.000002 -0.121502 0.000000 0.000024
    52 0.000008 1.396075 0.000028 0.135914 -0.001894 0.035690
    53 -1.546646 -3.404194 -1.915569 3.186639 0.942053 3.151178
    54 1.546661 3.376872 1.915585 3.651524 1.042208 3.502392
    55 0.000004 -1.437820 0.000000 0.021331 0.000000 0.000024
    56 -0.000021 1.422245 0.000031 0.083692 0.000033 -0.001253
    57 -0.000002 -1.059402 0.000000 -0.319463 0.000000 0.000024
    58 0.000006 1.028121 0.000008 0.316684 -0.008258 0.034758
    59 -0.000004 -13.013485 -0.000004 0.000000 0.000000 0.000000
    60 0.000000 -10.813480 -0.000004 0.000000 0.000000 0.000000
  time 88
    0 3.357422 4.734375 -15.507813 -1.559898 -0.000007 -0.000009
    1 -14.067228 1.135007 -18.252413 -1.424278 0.066256 -0.534488
    2 0.000000 14.313023 0.000003 -0.849506 -0.807727 -1.312531
    3 -0.000011 13.013483 -0.000005 0.259416 -1.112812 -0.354667
    4 13.219542 3.846042 -29.393375 0.939723 0.204754 -0.806099
    5 0.000000 -14.313034 0.000000 -0.628675 0.116534 0.135702
    6 -0.000004 -13.013485 -0.000004 -0.192138 -0.704561 0.370040
    7 -1.330879 -2.698427 0.462449 -0.194886 -0.547260 3.056712
    8 1.330910 2.698444 -0.462436 0.194890 0.547268 -0.084879
    9 -168.068729 798.573911 -314.110421 -1.729097 0.672445 -0.307543
    10 3.556210 4.238403 0.987502 -1.090396 0.577049 -0.321829
    11 4.139183 5.092691 1.421975 -1.090396 0.577049 -0.321829
    12 4.777527 6.028128 1.897721 -1.090396 0.577049 -0.321829
    13 5.490345 7.072691 2.428969 -1.090396 0.577049 -0.321829
    14 6.564566 8.639143 3.229776 -1.090396 0.577049 -0.321829
    15 7.558525 6.997282 -2.354134 -1.937336 -0.275393 3.010581
    16 7.558525 6.997282 -2.354134 1.937336 0.275393 -0.131011
    17 -2.867767 -2.740969 0.531125 2.051196 0.577049 -0.321829
    18 4.324081 2.744001 -0.524877 -1.090396 0.577049 -0.321829
    19 5.012512 3.752832 -0.011802 -1.090396 0.577049 -0.321829
    20 5.595486 4.607124 0.422674 -1.090396 0.577049 -0.321829
    21 6.233833 5.542564 0.898426 -1.090396 0.577049 -0.321829
    22 6.946648 6.587124 1.429667 -1.090396 0.577049 -0.321829
    23 7.537933 7.453606 1.870349 -1.090396 0.577049 -0.321829
    24 8.154472 8.357077 2.329839 -1.090396 0.577049 -0.321829
    25 8.874294 9.411907 2.866308 -1.090396 0.577049 -0.321829
    26 -4.125858 -2.321501 1.394414 2.051196 0.577049 -0.321829
    27 -4.826813 -3.348669 0.872014 2.051196 0.577049 -0.321829
    28 -5.441669 -4.249685 0.413772 2.051196 0.577049 -0.321829
    29 -0.552532 -1.343527 1.604446 -0.540842 0.539605 -0.235248
    30 0.552589 1.343534 -1.604463 -0.668031 0.748143 -0.313367
    31 0.000000 -2.021618 -0.000004 0.325187 0.000000 0.000000
    32 -0.000021 2.021633 0.000027 -0.021770 0.000000 0.000000
    33 -0.000004 -1.136217 -0.000004 -0.493104 0.000000 0.000000
    34 -0.000011 1.136200 -0.000019 -0.433050 0.000000 0.000000
    35 -0.032677 -4.587727 1.352317 3.065990 1.139662 2.892001
    36 0.032719 4.548709 -1.352291 3.169298 1.253973 2.989526
    37 0.000000 -1.754536 -0.000002 -0.081665 -0.000659 0.011637
    38 -0.000006 1.719363 -0.000034 0.213301 -0.004890 0.046452
    39 0.000000 -1.227020 -0.000002 -0.234633 0.001043 0.011589
    40 0.000002 1.188006 0.000032 0.271456 -0.007562 0.046093
    41 -0.367996 -4.208406 0.173244 3.182920 1.048744 2.938090
    42 0.368011 4.173255 -0.173239 3.252795 1.140129 3.123307
    43 0.000000 -2.372318 -0.000004 -0.102047 -0.000431 0.011637
    44 -0.000006 2.348880 -0.000032 0.515446 0.000707 -0.001476
    45 0.000004 -1.580070 -0.000001 -0.334589 0.003188 0.011206
    46 -0.000002 1.560638 0.011749 -0.236931 -0.000473 -0.001582
    47 -0.937645 -3.860697 -0.959317 3.414791 1.077480 3.149339
    48 0.937672 3.821650 0.959333 3.375215 0.909803 3.244492
    49 0.000000 -1.690632 0.000000 -0.269759 0.001438 0.011565
    50 -0.000013 1.651603 0.000021 0.349337 -0.011115 0.045374
    51 -0.000002 -1.423443 0.000002 -0.104561 -0.000420 0.011649
    52 0.000008 1.384356 0.000028 0.161535 -0.002481 0.046632
    53 -1.546646 -3.404194 -1.915569 3.187931 0.943263 3.131304
    54 1.546661 3.369059 1.919491 3.659369 1.046472 3.482057
    55 0.000004 -1.437820 0.000000 0.038137 -0.002049 0.011457
    56 -0.000021 1.418338 0.000031 0.110037 0.000066 -0.001645
    57 -0.000002 -1.059402 0.000000 -0.302414 0.001834 0.011493
    58 0.000006 1.024215 0.000008 0.342098 -0.010798 0.045441
    59 -0.000004 -13.013485 -0.000004 0.000000 0.000000 0.000000
    60 0.000000 -10.813480 -0.000004 0.000000 0.000000 0.000000
  time 89
    0 3.357422 4.734375 -15.507813 -1.559898 -0.000007 -0.000009
    1 -14.067228 1.135007 -18.252413 -1.424093 0.066017 -0.532579
    2 0.000000 14.313023 0.000003 -0.788714 -0.823352 -1.316392
    3 -0.000011 13.013483 -0.000005 0.246517 -1.326338 -0.320158
    4 13.246886 3.748383 -29.686353 0.925168 0.199145 -0.824582
    5 0.000000 -14.313034 0.000000 -0.612877 0.088442 0.101572
    6 -0.000004 -13.013485 -0.000004 -0.114940 -0.568958 0.279365
    7 -1.330879 -2.698427 0.462449 -0.194886 -0.547260 3.056712
    8 1.330910 2.698444 -0.462436 0.194890 0.547268 -0.084879
    9 -168.965141 819.529856 -316.787523 -1.729097 0.672445 -0.307448
    10 3.556210 4.238403 0.987502 -1.090396 0.577049 -0.321829
    11 4.139183 5.092691 1.421975 -1.090396 0.577049 -0.321829
    12 4.777527 6.028128 1.897721 -1.090396 0.577049 -0.321829
    13 5.490345 7.072691 2.428969 -1.090396 0.577049 -0.321829
    14 6.564566 8.639143 3.229776 -1.090396 0.577049 -0.321829
    15 7.558525 6.997282 -2.354134 -1.937336 -0.275393 3.010581
    16 7.558525 6.997282 -2.354134 1.937336 0.275393 -0.131011
    17 -2.867767 -2.740969 0.531125 2.051196 0.577049 -0.321829
    18 4.324081 2.744001 -0.524877 -1.090396 0.577049 -0.321829
    19 5.012512 3.752832 -0.011802 -1.090396 0.577049 -0.321829
    20 5.595486 4.607124 0.422674 -1.090396 0.577049 -0.321829
    21 6.233833 5.542564 0.898426 -1.090396 0.577049 -0.321829
    22 6.946648 6.587124 1.429667 -1.090396 0.577049 -0.321829
    23 7.537933 7.453606 1.870349 -1.090396 0.577049 -0.321829
    24 8.154472 8.357077 2.329839 -1.090396 0.577049 -0.321829
    25 8.874294 9.411907 2.866308 -1.090396 0.577049 -0.321829
    26 -4.125858 -2.321501 1.394414 2.051196 0.577049 -0.321829
    27 -4.826813 -3.348669 0.872014 2.051196 0.577049 -0.321829
    28 -5.441669 -4.249685 0.413772 2.051196 0.577049 -0.321829
    29 -0.552532 -1.343527 1.604446 -0.540842 0.539605 -0.235248
    30 0.552589 1.343534 -1.604463 -0.668031 0.748143 -0.313367
    31 0.000000 -2.021618 -0.000004 0.338108 0.000000 0.000000
    32 -0.000021 2.021633 0.000027 -0.023835 0.000000 0.000000
    33 -0.000004 -1.136217 -0.000004 -0.501656 0.000000 0.000000
    34 -0.000011 1.136200 -0.000019 -0.430773 0.000000 0.000000
    35 -0.032677 -4.587727 1.352317 3.093684 1.138919 2.864321
    36 0.032719 4.536990 -1.352291 3.160530 1.252897 2.955551
    37 0.000000 -1.754536 -0.000002 -0.029332 -0.001366 0.023262
    38 -0.000006 1.707644 -0.000034 0.237792 -0.006040 0.057035
    39 0.000000 -1.227020 -0.000002 -0.182193 0.002097 0.023202
    40 0.000002 1.176287 0.000032 0.296019 -0.009348 0.056579
    41 -0.367996 -4.208406 0.173244 3.215253 1.049644 2.914560
    42 0.368011 4.161536 -0.177145 3.253334 1.139996 3.097843
    43 0.000000 -2.372318 -0.000004 -0.049680 -0.000911 0.023286
    44 -0.000006 2.341067 -0.000032 0.540278 0.000875 -0.001820
    45 0.000004 -1.580070 -0.000001 -0.286311 0.006376 0.022411
    46 -0.000002 1.552825 0.015655 -0.212071 -0.000578 -0.001930
    47 -0.937645 -3.860697 -0.959317 3.445913 1.080965 3.124842
    48 0.937672 3.809931 0.959333 3.385806 0.911037 3.227399
    49 0.000000 -1.690632 0.000000 -0.217275 0.002900 0.023106
    50 0.003893 1.639883 0.000021 0.373824 -0.013700 0.055680
    51 -0.000002 -1.423443 0.000002 -0.052157 -0.000851 0.023286
    52 0.000008 1.376544 0.000028 0.186128 -0.003080 0.057262
    53 -1.546646 -3.404194 -1.915569 3.224479 0.944386 3.111353
    54 1.546661 3.357340 1.915585 3.666476 1.050650 3.462336
    55 0.000004 -1.437820 0.000000 0.090396 -0.004147 0.022926
    56 -0.000021 1.410525 0.003937 0.134833 0.000082 -0.002019
    57 -0.000002 -1.059402 0.000000 -0.249868 0.003667 0.022998
    58 0.000006 1.008589 -0.003899 0.366564 -0.013303 0.055775
    59 -0.000004 -13.013485 -0.000004 0.000000 0.000000 0.000000
    60 0.000000 -10.813480 -0.000004 0.000000 0.000000 0.000000
  time 90
    0 3.357682 4.730613 -15.507329 -1.559952 0.000000 -0.000070
    1 -14.067228 1.135007 -18.252413 -1.423725 0.065207 -0.532884
    2 0.000000 14.313023 0.000003 -0.716496 -0.824459 -1.316513
    3 -0.000011 13.013483 -0.000005 0.230560 -1.535571 -0.273477
    4 13.266418 3.799166 -29.717604 0.922486 0.191451 -0.834830
    5 0.000000 -14.313034 0.000000 -0.617245 0.056945 0.065372
    6 -0.000004 -13.013485 -0.000004 -0.044409 -0.433492 0.200991
    7 -1.330879 -2.698427 0.462449 -0.194886 -0.547260 3.056712
    8 1.330910 2.698444 -0.462436 0.194890 0.547268 -0.084879
    9 -173.292647 762.845744 -334.213948 -1.729097 0.672445 -0.307448
    10 3.556210 4.238403 0.987502 -1.090396 0.577049 -0.321829
    11 4.139183 5.092691 1.421975 -1.090396 0.577049 -0.321829
    12 4.777527 6.028128 1.897721 -1.090396 0.577049 -0.321829
    13 5.490345 7.072691 2.428969 -1.090396 0.577049 -0.321829
    14 6.564566 8.646956 3.229776 -1.090396 0.577049 -0.321829
    15 7.558525 6.997282 -2.354134 -1.937336 -0.275393 3.010581
    16 7.558525 6.997282 -2.354134 1.937336 0.275393 -0.131011
    17 -2.867767 -2.740969 0.531125 2.051196 0.577049 -0.321829
    18 4.324081 2.744001 -0.524877 -1.090396 0.577049 -0.321829
    19 5.012512 3.752832 -0.011802 -1.090396 0.577049 -0.321829
    20 5.595486 4.607124 0.422674 -1.090396 0.577049 -0.321829
    21 6.233833 5.542564 0.898426 -1.090396 0.577049 -0.321829
    22 6.946648 6.587124 1.429667 -1.090396 0.577049 -0.321829
    23 7.537933 7.453606 1.870349 -1.090396 0.577049 -0.321829
    24 8.154472 8.357077 2.329839 -1.090396 0.577049 -0.321829
    25 8.874294 9.411907 2.866308 -1.090396 0.577049 -0.321829
    26 -4.125858 -2.321501 1.394414 2.051196 0.577049 -0.321829
    27 -4.826813 -3.348669 0.872014 2.051196 0.577049 -0.321829
    28 -5.441669 -4.249685 0.413772 2.051196 0.577049 -0.321829
    29 -0.552532 -1.343527 1.604446 -0.540842 0.539605 -0.235248
    30 0.552589 1.343534 -1.604463 -0.668031 0.748143 -0.313367
    31 0.000000 -2.021618 -0.000004 0.351807 0.000000 0.000000
    32 -0.000021 2.021633 0.000027 -0.025629 0.000000 0.000000
    33 -0.000004 -1.136217 -0.000004 -0.510235 0.000000 0.000000
    34 -0.000011 1.136200 -0.000019 -0.428542 0.000000 0.000000
    35 -0.032677 -4.587727 1.352317 3.131535 1.138066 2.835883
    36 0.032719 4.525270 -1.352291 3.151415 1.251857 2.922335
    37 0.000000 -1.754536 -0.000002 0.034179 -0.002085 0.035151
    38 0.003901 1.695925 -0.000034 0.260424 -0.007131 0.067305
    39 0.000000 -1.227020 -0.000002 -0.118308 0.003308 0.035103
    40 0.000002 1.164568 0.000032 0.318585 -0.011026 0.066778
    41 -0.367996 -4.208406 0.173244 3.257825 1.050510 2.890411
    42 0.368011 4.149817 -0.173239 3.253155 1.139863 3.072997
    43 0.000000 -2.372318 -0.000004 0.013814 -0.001378 0.035187
    44 -0.000006 2.333255 -0.000032 0.563310 0.001043 -0.002152
    45 0.000004 -1.580070 -0.000001 -0.227270 0.009731 0.033880
    46 -0.000002 1.548919 0.015655 -0.189031 -0.000701 -0.002277
    47 -0.937645 -3.860697 -0.959317 3.487254 1.084512 3.099793
    48 0.937672 3.798212 0.959333 3.394910 0.912239 3.210542
    49 0.000000 -1.690632 0.000000 -0.153299 0.004530 0.034971
    50 0.003893 1.628164 0.000021 0.396307 -0.016173 0.065723
    51 -0.000002 -1.423443 0.000002 0.011305 -0.001294 0.035186
    52 0.000008 1.364824 0.000028 0.208739 -0.003631 0.067593
    53 -1.546646 -3.404194 -1.915569 3.271549 0.945568 3.090942
    54 1.546661 3.345621 1.915585 3.672198 1.054627 3.443153
    55 0.000004 -1.437820 0.000000 0.153843 -0.006280 0.034635
    56 -0.000021 1.402713 0.003937 0.157919 0.000099 -0.002393
    57 -0.000002 -1.059402 0.000000 -0.185918 0.005681 0.034791
    58 0.000006 1.000776 -0.003899 0.389075 -0.015712 0.065830
    59 -0.000004 -13.013485 -0.000004 0.000000 0.000000 0.000000
    60 0.000000 -10.813480 -0.000004 0.000000 0.000000 0.000000
  time 91
    0 3.357682 4.730613 -15.507329 -1.559952 0.000000 -0.000070
    1 -14.067228 1.135007 -18.252413 -1.423541 0.064587 -0.535710
    2 0.000000 14.313023 0.000003 -0.643667 -0.809589 -1.312812
    3 -0.000011 13.013483 -0.000005 -2.924092 -1.390862 2.915935
    4 13.250793 3.928076 -29.436345 0.932445 0.180802 -0.838565
    5 0.000000 -14.313034 0.000000 -0.638968 0.025680 0.029942
    6 -0.000004 -13.013485 -0.000004 0.030897 -0.289998 0.140827
    7 -1.330879 -2.698427 0.462449 -0.194886 -0.547260 3.056712
    8 1.330910 2.698444 -0.462436 0.194890 0.547268 -0.084879
    9 -182.225857 634.067294 -364.975375 -1.729097 0.672445 -0.307543
    10 3.556210 4.238403 0.987502 -1.090396 0.577049 -0.321829
    11 4.139183 5.092691 1.421975 -1.090396 0.577049 -0.321829
    12 4.777527 6.028128 1.897721 -1.090396 0.577049 -0.321829
    13 5.490345 7.072691 2.428969 -1.090396 0.577049 -0.321829
    14 6.564566 8.646956 3.229776 -1.090396 0.577049 -0.321829
    15 7.558525 6.997282 -2.354134 -1.937336 -0.275393 3.010581
    16 7.558525 6.997282 -2.354134 1.937336 0.275393 -0.131011
    17 -2.867767 -2.740969 0.531125 2.051196 0.577049 -0.321829
    18 4.324081 2.744001 -0.524877 -1.090396 0.577049 -0.321829
    19 5.012512 3.752832 -0.011802 -1.090396 0.577049 -0.321829
    20 5.595486 4.607124 0.422674 -1.090396 0.577049 -0.321829
    21 6.233833 5.542564 0.898426 -1.090396 0.577049 -0.321829
    22 6.946648 6.587124 1.429667 -1.090396 0.577049 -0.321829
    23 7.537933 7.453606 1.870349 -1.090396 0.577049 -0.321829
    24 8.154472 8.357077 2.329839 -1.090396 0.577049 -0.321829
    25 8.874294 9.411907 2.866308 -1.090396 0.577049 -0.321829
    26 -4.125858 -2.321501 1.394414 2.051196 0.577049 -0.321829
    27 -4.826813 -3.348669 0.872014 2.051196 0.577049 -0.321829
    28 -5.441669 -4.249685 0.413772 2.051196 0.577049 -0.321829
    29 -0.552532 -1.343527 1.604446 -0.540842 0.539605 -0.235248
    30 0.552589 1.343534 -1.604463 -0.668031 0.748143 -0.313367
    31 0.000000 -2.021618 -0.000004 0.365505 0.000000 0.000000
    32 -0.000021 2.021633 0.000027 -0.027177 0.000000 0.000000
    33 -0.000004 -1.136217 -0.000004 -0.519285 0.000000 0.000000
    34 -0.000011 1.136200 -0.000019 -0.426265 0.000000 0.000000
    35 -0.032677 -4.587727 1.352317 3.169559 1.137323 2.806762
    36 0.032719 4.517458 -1.356197 3.140910 1.250855 2.890105
    37 0.000000 -1.754536 -0.000002 0.098974 -0.002840 0.047423
    38 -0.000006 1.684206 -0.000034 0.280425 -0.008186 0.077325
    39 0.000000 -1.227020 -0.000002 -0.053410 0.004338 0.047303
    40 0.000002 1.156755 0.000032 0.338555 -0.012668 0.076701
    41 -0.367996 -4.208406 0.173244 3.300756 1.051543 2.865644
    42 0.371918 4.138098 -0.173239 3.251269 1.139730 3.048849
    43 0.000000 -2.372318 -0.000004 0.078678 -0.001894 0.047471
    44 -0.000006 2.325442 -0.003939 0.583710 0.001198 -0.002497
    45 0.000004 -1.580070 -0.000001 -0.167766 0.012991 0.045697
    46 -0.000002 1.541106 0.019561 -0.168608 -0.000824 -0.002661
    47 -0.937645 -3.860697 -0.959317 3.528967 1.088273 3.074193
    48 0.941578 3.786493 0.959333 3.401970 0.913411 3.194316
    49 0.000000 -1.690632 0.000000 -0.088475 0.005992 0.047123
    50 0.003893 1.620352 0.000021 0.416237 -0.018590 0.075503
    51 -0.000002 -1.423443 0.000002 0.076129 -0.001774 0.047483
    52 0.000008 1.353105 0.000028 0.228780 -0.004183 0.077624
    53 -1.546646 -3.404194 -1.915569 3.318989 0.946951 3.069993
    54 1.546661 3.333902 1.915585 3.675798 1.058574 3.424583
    55 0.000004 -1.437820 0.000000 0.218565 -0.008485 0.046752
    56 -0.000021 1.398806 0.003937 0.178387 0.000115 -0.002767
    57 -0.000002 -1.059402 0.000000 -0.121046 0.007514 0.046908
    58 0.000006 0.989057 -0.003899 0.409039 -0.018061 0.075633
    59 -0.000004 -13.013485 -0.000004 0.000000 0.000000 0.000000
    60 0.000000 -10.813480 -0.000004 0.000000 0.000000 0.000000
  time 92
    0 3.357682 4.730613 -15.507329 -1.559952 0.000000 -0.000070
    1 -14.067228 1.135007 -18.252413 -1.423817 0.065016 -0.542126
    2 0.000000 14.313023 0.000003 -0.582508 -0.764451 -1.301589
    3 -0.000011 13.013483 -0.000005 -2.922086 -1.151159 2.948621
    4 13.137508 4.201522 -28.553506 0.965483 0.163407 -0.830712
    5 0.000000 -14.313034 0.000000 -0.694024 0.000000 0.000000
    6 -0.000004 -13.013485 -0.000004 0.134307 -0.118590 0.123474
    7 -1.330879 -2.698427 0.462449 -0.194886 -0.547260 3.056712
    8 1.330910 2.698444 -0.462436 0.194890 0.547268 -0.084879
    9 -192.611872 552.550142 -385.937596 -1.729097 0.672445 -0.307543
    10 3.556210 4.238403 0.987502 -1.090396 0.577049 -0.321829
    11 4.139183 5.092691 1.421975 -1.090396 0.577049 -0.321829
    12 4.777527 6.028128 1.897721 -1.090396 0.577049 -0.321829
    13 5.490345 7.072691 2.428969 -1.090396 0.577049 -0.321829
    14 6.564566 8.646956 3.229776 -1.090396 0.577049 -0.321829
    15 7.558525 6.997282 -2.354134 -1.937336 -0.275393 3.010581
    16 7.558525 6.997282 -2.354134 1.937336 0.275393 -0.131011
    17 -2.867767 -2.740969 0.531125 2.051196 0.577049 -0.321829
    18 4.324081 2.744001 -0.524877 -1.090396 0.577049 -0.321829
    19 5.012512 3.752832 -0.011802 -1.090396 0.577049 -0.321829
    20 5.595486 4.607124 0.422674 -1.090396 0.577049 -0.321829
    21 6.233833 5.542564 0.898426 -1.090396 0.577049 -0.321829
    22 6.946648 6.587124 1.429667 -1.090396 0.577049 -0.321829
    23 7.537933 7.453606 1.870349 -1.090396 0.577049 -0.321829
    24 8.154472 8.357077 2.329839 -1.090396 0.577049 -0.321829
    25 8.874294 9.411907 2.866308 -1.090396 0.577049 -0.321829
    26 -4.125858 -2.321501 1.394414 2.051196 0.577049 -0.321829
    27 -4.826813 -3.348669 0.872014 2.051196 0.577049 -0.321829
    28 -5.441669 -4.249685 0.413772 2.051196 0.577049 -0.321829
    29 -0.552532 -1.343527 1.604446 -0.540842 0.539605 -0.235248
    30 0.552589 1.343534 -1.604463 -0.668031 0.748143 -0.313367
    31 0.000000 -2.021618 -0.000004 0.379352 0.000000 0.000000
    32 -0.000021 2.021633 0.000027 -0.028699 0.000000 0.000000
    33 -0.000004 -1.136217 -0.000004 -0.528309 0.000000 0.000000
    34 -0.000011 1.136200 -0.000019 -0.423941 0.000000 0.000000
    35 -0.032677 -4.587727 1.352317 3.198120 1.136470 2.776124
    36 0.032719 4.509645 -1.360104 3.128322 1.249853 2.858709
    37 0.000000 -1.754536 -0.000002 0.155558 -0.003631 0.060306
    38 -0.000006 1.676393 -0.000034 0.296843 -0.009216 0.087056
    39 0.000000 -1.227020 -0.000002 0.003038 0.005549 0.060174
    40 0.000002 1.145036 0.000032 0.354930 -0.014274 0.086373
    41 -0.367996 -4.208406 0.173244 3.334526 1.052542 2.839560
    42 0.371918 4.130285 -0.177145 3.245880 1.139630 3.025319
    43 0.000000 -2.372318 -0.000004 0.135238 -0.002421 0.060366
    44 -0.000006 2.321535 -0.003939 0.600645 0.001378 -0.002878
    45 0.000004 -1.580070 -0.000001 -0.117248 0.016539 0.058125
    46 -0.000002 1.537200 0.027374 -0.151713 -0.000947 -0.003056
    47 -0.937645 -3.860697 -0.959317 3.561297 1.092155 3.047254
    48 0.941578 3.778680 0.959333 3.405965 0.914553 3.178404
    49 0.000000 -1.690632 0.000000 -0.031903 0.007634 0.059947
    50 -0.000013 1.608632 -0.003885 0.432662 -0.020924 0.085007
    51 -0.000002 -1.423443 0.000002 0.132673 -0.002253 0.060378
    52 0.000008 1.345293 0.003935 0.245151 -0.004710 0.087416
    53 -1.546646 -3.404194 -1.915569 3.357567 0.948305 3.047817
    54 1.550568 3.326089 1.919491 3.676444 1.062377 3.406397
    55 0.000004 -1.437820 0.000000 0.274978 -0.010798 0.059455
    56 -0.000021 1.390994 0.007843 0.195220 0.000132 -0.003197
    57 -0.000002 -1.059402 0.000000 -0.064447 0.009588 0.059647
    58 0.000006 0.977338 0.000008 0.425449 -0.020338 0.085157
    59 -0.000004 -13.013485 -0.000004 0.000000 0.000000 0.000000
    60 0.000000 -10.813480 -0.000004 0.000000 0.000000 0.000000
  time 93
    0 3.357682 4.730613 -15.507329 -1.559952 0.000000 -0.000070
    1 -14.067228 1.135007 -18.252413 -1.424278 0.066017 -0.535481
    2 0.000000 14.313023 0.000003 -0.547560 -0.663231 -1.276609
    3 -0.000011 13.013483 -0.000005 -2.875553 -0.919758 2.931080
    4 12.692182 4.974983 -26.459692 1.042763 0.128352 -0.793553
    5 0.000000 -14.313034 0.000000 -0.813769 -0.009386 -0.011361
    6 -0.000004 -13.013485 -0.000004 0.319960 0.098201 0.234553
    7 -1.330879 -2.698427 0.462449 -0.194886 -0.547260 3.056712
    8 1.330910 2.698444 -0.462436 0.194890 0.547268 -0.084879
    9 -203.152442 532.821127 -394.423507 -1.729097 0.672445 -0.307543
    10 3.556210 4.238403 0.987502 -1.090396 0.577049 -0.321829
    11 4.139183 5.092691 1.421975 -1.090396 0.577049 -0.321829
    12 4.777527 6.028128 1.897721 -1.090396 0.577049 -0.321829
    13 5.490345 7.072691 2.428969 -1.090396 0.577049 -0.321829
    14 6.564566 8.646956 3.229776 -1.090396 0.577049 -0.321829
    15 7.558525 6.997282 -2.354134 -1.937336 -0.275393 3.010581
    16 7.558525 6.997282 -2.354134 1.937336 0.275393 -0.131011
    17 -2.867767 -2.740969 0.531125 2.051196 0.577049 -0.321829
    18 4.324081 2.744001 -0.524877 -1.090396 0.577049 -0.321829
    19 5.012512 3.752832 -0.011802 -1.090396 0.577049 -0.321829
    20 5.595486 4.607124 0.422674 -1.090396 0.577049 -0.321829
    21 6.233833 5.542564 0.898426 -1.090396 0.577049 -0.321829
    22 6.946648 6.587124 1.429667 -1.090396 0.577049 -0.321829
    23 7.537933 7.453606 1.870349 -1.090396 0.577049 -0.321829
    24 8.154472 8.357077 2.329839 -1.090396 0.577049 -0.321829
    25 8.874294 9.411907 2.866308 -1.090396 0.577049 -0.321829
    26 -4.125858 -2.321501 1.394414 2.051196 0.577049 -0.321829
    27 -4.826813 -3.348669 0.872014 2.051196 0.577049 -0.321829
    28 -5.441669 -4.249685 0.413772 2.051196 0.577049 -0.321829
    29 -0.552532 -1.343527 1.604446 -0.540842 0.539605 -0.235248
    30 0.552589 1.343534 -1.604463 -0.668031 0.748143 -0.313367
    31 0.000000 -2.021618 -0.000004 0.393429 0.000000 0.000000
    32 -0.000021 2.021633 0.000027 -0.030220 0.000000 0.000000
    33 -0.000004 -1.136217 -0.000004 -0.537359 0.000000 0.000000
    34 -0.000011 1.136200 -0.000019 -0.422036 0.000000 0.000000
    35 -0.032677 -4.587727 1.352317 3.193346 1.135505 2.741770
    36 0.032719 4.497926 -1.356197 3.111828 1.248925 2.828071
    37 0.000000 -1.754536 -0.000002 0.182781 -0.004506 0.074724
    38 0.003901 1.664674 0.003872 0.308363 -0.010235 0.096560
    39 0.000000 -1.227020 -0.000002 0.030465 0.006879 0.074532
    40 0.000002 1.133317 0.000032 0.366446 -0.015844 0.095805
    41 -0.367996 -4.208406 0.173244 3.335694 1.053675 2.810380
    42 0.371918 4.118566 -0.177145 3.235641 1.139530 3.002409
    43 0.000000 -2.372318 -0.000004 0.162530 -0.002984 0.074796
    44 -0.000006 2.313723 -0.003939 0.612578 0.001582 -0.003309
    45 0.000004 -1.580070 -0.000001 -0.097911 0.020494 0.072003
    46 -0.000002 1.533293 0.031281 -0.139766 -0.001087 -0.003512
    47 -0.937645 -3.860697 -0.959317 3.560925 1.096497 3.017007
    48 0.941578 3.766961 0.959333 3.405315 0.915694 3.162966
    49 0.000000 -1.690632 0.000000 -0.004485 0.009480 0.074244
    50 0.003893 1.596913 -0.007792 0.444129 -0.023231 0.094283
    51 -0.000002 -1.423443 0.000002 0.160019 -0.002805 0.074808
    52 0.003914 1.333573 0.003935 0.256676 -0.005213 0.096943
    53 -1.546646 -3.404194 -1.915569 3.364120 0.949832 3.023185
    54 1.550568 3.314370 1.919491 3.672567 1.066123 3.388671
    55 0.000004 -1.437820 0.000000 0.302170 -0.013399 0.073645
    56 -0.000021 1.383181 0.007843 0.207191 0.000132 -0.003665
    57 -0.000002 -1.059402 0.000000 -0.036944 0.011889 0.073909
    58 0.000006 0.969525 -0.007805 0.436941 -0.022555 0.094443
    59 -0.000004 -13.013485 -0.000004 0.000000 0.000000 0.000000
    60 0.000000 -10.813480 -0.000004 0.000000 0.000000 0.000000
  time 94
    0 3.357682 4.730613 -15.507329 -1.559952 0.000000 -0.000070
    1 -14.067228 1.131100 -18.252413 -1.424831 0.067448 -0.527232
    2 0.000000 14.313023 0.000003 -0.523426 -0.542108 -1.246641
    3 -0.000011 13.013483 -0.000005 -2.807045 -0.734061 2.888616
    4 11.910908 5.537500 -23.924458 1.134311 0.082723 -0.759267
    5 0.000000 -14.313034 0.000000 -0.956973 -0.013517 -0.016463
    6 -0.000004 -13.013485 -0.000004 0.531014 0.314810 0.431062
    7 -1.330879 -2.698427 0.462449 -0.194886 -0.547260 3.056712
    8 1.330910 2.698444 -0.462436 0.194890 0.547268 -0.084879
    9 -214.496691 511.570719 -402.707372 -1.729097 0.672445 -0.307543
    10 3.556210 4.238403 0.987502 -1.090396 0.577049 -0.321829
    11 4.139183 5.092691 1.421975 -1.090396 0.577049 -0.321829
    12 4.777527 6.028128 1.897721 -1.090396 0.577049 -0.321829
    13 5.490345 7.072691 2.428969 -1.090396 0.577049 -0.321829
    14 6.564566 8.646956 3.229776 -1.090396 0.577049 -0.321829
    15 7.558525 6.997282 -2.354134 -1.937336 -0.275393 3.010581
    16 7.558525 6.997282 -2.354134 1.937336 0.275393 -0.131011
    17 -2.867767 -2.740969 0.531125 2.051196 0.577049 -0.321829
    18 4.324081 2.744001 -0.524877 -1.090396 0.577049 -0.321829
    19 5.012512 3.752832 -0.011802 -1.090396 0.577049 -0.321829
    20 5.595486 4.607124 0.422674 -1.090396 0.577049 -0.321829
    21 6.233833 5.542564 0.898426 -1.090396 0.577049 -0.321829
    22 6.946648 6.587124 1.429667 -1.090396 0.577049 -0.321829
    23 7.537933 7.453606 1.870349 -1.090396 0.577049 -0.321829
    24 8.154472 8.357077 2.329839 -1.090396 0.577049 -0.321829
    25 8.874294 9.411907 2.866308 -1.090396 0.577049 -0.321829
    26 -4.125858 -2.321501 1.394414 2.051196 0.577049 -0.321829
    27 -4.826813 -3.348669 0.872014 2.051196 0.577049 -0.321829
    28 -5.441669 -4.249685 0.413772 2.051196 0.577049 -0.321829
    29 -0.552532 -1.343527 1.604446 -0.540842 0.539605 -0.235248
    30 0.552589 1.343534 -1.604463 -0.668031 0.748143 -0.313367
    31 0.000000 -2.021618 -0.000004 0.407612 0.000000 0.000000
    32 -0.000021 2.021633 0.000027 -0.031769 0.000000 0.000000
    33 -0.000004 -1.136217 -0.000004 -0.546605 0.000000 0.000000
    34 -0.000011 1.136200 -0.000019 -0.420456 0.000000 0.000000
    35 -0.032677 -4.587727 1.352317 3.103667 1.134317 2.696951
    36 0.032719 4.486207 -1.356197 3.087520 1.248072 2.798419
    37 0.000000 -1.754536 -0.000002 0.132293 -0.005657 0.093540
    38 0.003901 1.652955 0.003872 0.312082 -0.011206 0.105776
    39 0.000000 -1.227020 -0.000002 -0.019802 0.008605 0.093312
    40 0.003908 1.125504 0.000032 0.370107 -0.017366 0.104937
    41 -0.367996 -4.208406 0.173244 3.253155 1.055141 2.772222
    42 0.375824 4.106847 -0.177145 3.220732 1.139463 2.980118
    43 0.000000 -2.372318 -0.000004 0.112098 -0.003739 0.093636
    44 -0.000006 2.305910 -0.003939 0.616746 0.001810 -0.003825
    45 0.000004 -1.580070 -0.000001 -0.159192 0.025311 0.089010
    46 -0.000002 1.525481 0.031281 -0.135613 -0.001280 -0.004039
    47 -0.937645 -3.860697 -0.959317 3.476570 1.102153 2.977544
    48 0.945484 3.755242 0.959333 3.396954 0.916773 3.147921
    49 0.000000 -1.690632 0.000000 -0.054694 0.011865 0.092952
    50 0.007799 1.585194 -0.003885 0.447734 -0.025454 0.103271
    51 -0.000002 -1.423443 0.000002 0.109576 -0.003524 0.093635
    52 0.003914 1.321854 0.007841 0.260420 -0.005729 0.106207
    53 -1.546646 -3.404194 -1.915569 3.288347 0.951791 2.990803
    54 1.550568 3.302651 1.919491 3.661307 1.069782 3.371559
    55 0.000004 -1.437820 0.000000 0.251469 -0.016754 0.092197
    56 -0.000021 1.375368 0.011750 0.211306 0.000132 -0.004226
    57 -0.000002 -1.059402 0.000000 -0.087142 0.014873 0.092533
    58 0.003912 0.957806 -0.007805 0.440496 -0.024712 0.103451
    59 -0.000004 -13.013485 -0.000004 0.000000 0.000000 0.000000
    60 0.000000 -10.813480 -0.000004 0.000000 0.000000 0.000000
  time 95
    0 3.357682 4.730613 -15.507329 -1.559952 0.000000 -0.000070
    1 -14.067228 1.131100 -18.252413 -1.424923 0.067734 -0.524864
    2 0.000000 14.313023 0.000003 -0.508640 -0.406820 -1.213052
    3 -0.000011 13.013483 -0.000005 -2.737867 -0.584164 2.841551
    4 10.801499 5.764069 -21.150936 1.233999 0.030803 -0.725843
    5 0.000000 -14.313034 0.000000 -1.117052 -0.013022 -0.015693
    6 -0.000004 -13.013485 -0.000004 0.697300 0.491464 0.633196
    7 -1.330879 -2.698427 0.462449 -0.194886 -0.547260 3.056712
    8 1.330910 2.698444 -0.462436 0.194890 0.547268 -0.084879
    9 -226.459155 489.142460 -410.789192 -1.729097 0.672445 -0.307543
    10 3.556210 4.238403 0.987502 -1.090396 0.577049 -0.321829
    11 4.139183 5.092691 1.421975 -1.090396 0.577049 -0.321829
    12 4.777527 6.028128 1.897721 -1.090396 0.577049 -0.321829
    13 5.490345 7.072691 2.428969 -1.090396 0.577049 -0.321829
    14 6.564566 8.646956 3.229776 -1.090396 0.577049 -0.321829
    15 7.558525 6.997282 -2.354134 -1.937336 -0.275393 3.010581
    16 7.558525 6.997282 -2.354134 1.937336 0.275393 -0.131011
    17 -2.867767 -2.740969 0.531125 2.051196 0.577049 -0.321829
    18 4.324081 2.744001 -0.524877 -1.090396 0.577049 -0.321829
    19 5.012512 3.752832 -0.011802 -1.090396 0.577049 -0.321829
    20 5.595486 4.607124 0.422674 -1.090396 0.577049 -0.321829
    21 6.233833 5.542564 0.898426 -1.090396 0.577049 -0.321829
    22 6.946648 6.587124 1.429667 -1.090396 0.577049 -0.321829
    23 7.537933 7.453606 1.870349 -1.090396 0.577049 -0.321829
    24 8.154472 8.357077 2.329839 -1.090396 0.577049 -0.321829
    25 8.874294 9.411907 2.866308 -1.090396 0.577049 -0.321829
    26 -4.125858 -2.321501 1.394414 2.051196 0.577049 -0.321829
    27 -4.826813 -3.348669 0.872014 2.051196 0.577049 -0.321829
    28 -5.441669 -4.249685 0.413772 2.051196 0.577049 -0.321829
    29 -0.552532 -1.343527 1.604446 -0.540842 0.539605 -0.235248
    30 0.552589 1.343534 -1.604463 -0.668031 0.748143 -0.313367
    31 0.000000 -2.021618 -0.000004 0.421837 0.000000 0.000000
    32 -0.000021 2.021633 0.000027 -0.032910 0.000000 0.000000
    33 -0.000004 -1.136217 -0.000004 -0.555850 0.000000 0.000000
    34 -0.000011 1.136200 -0.000019 -0.418876 0.000000 0.000000
    35 -0.032677 -4.587727 1.352317 2.957213 1.132907 2.646445
    36 0.036625 4.466675 -1.360104 3.034824 1.247738 2.784314
    37 0.000000 -1.754536 -0.000002 0.033858 -0.006939 0.114764
    38 0.003901 1.637329 -0.000034 0.272624 -0.011685 0.110090
    39 0.000000 -1.227020 -0.000002 -0.118019 0.010546 0.114501
    40 0.003908 1.109879 0.000032 0.330700 -0.018109 0.109240
    41 -0.367996 -4.208406 0.173244 3.115829 1.056774 2.729265
    42 0.375824 4.091221 -0.177145 3.171873 1.139530 2.969669
    43 0.000000 -2.372318 -0.000004 0.013693 -0.004602 0.114872
    44 -0.000006 2.294191 -0.007845 0.577437 0.002097 -0.004612
    45 0.000004 -1.580070 -0.000001 -0.269806 0.030609 0.107538
    46 -0.000002 1.517668 0.039093 -0.174923 -0.001595 -0.004818
    47 -0.937645 -3.860697 -0.959317 3.336753 1.108574 2.933040
    48 0.945484 3.739617 0.959333 3.351989 0.917359 3.140910
    49 0.000000 -1.690632 0.000000 -0.152875 0.014537 0.114045
    50 0.003893 1.573475 -0.003885 0.408275 -0.026538 0.107502
    51 -0.000002 -1.423443 0.000002 0.011196 -0.004315 0.114884
    52 0.007820 1.306229 0.011747 0.221072 -0.005980 0.110558
    53 -1.546646 -3.404194 -1.915569 3.158858 0.954010 2.954508
    54 1.554474 3.287026 1.927304 3.615160 1.071540 3.363656
    55 0.000004 -1.437820 0.000000 0.152899 -0.020578 0.113134
    56 -0.000021 1.367555 0.019562 0.172027 0.000115 -0.005067
    57 -0.000002 -1.059402 0.000000 -0.185219 0.018252 0.113530
    58 0.003912 0.942181 -0.003899 0.401042 -0.025767 0.107682
    59 -0.000004 -13.013485 -0.000004 0.000000 0.000000 0.000000
    60 0.000000 -10.813480 -0.000004 0.000000 0.000000 0.000000
  time 96
    0 3.357682 4.730613 -15.507329 -1.559952 0.000000 -0.000070
    1 -14.067228 1.131100 -18.252413 -1.423817 0.065016 -0.542203
    2 0.000000 14.313023 0.000003 -0.498620 -0.265619 -1.178015
    3 -0.000011 13.013483 -0.000005 -2.689423 -0.461860 2.812314
    4 9.457708 5.631253 -18.420384 1.329187 -0.030098 -0.703241
    5 0.000000 -14.313034 0.000000 -1.283415 -0.009518 -0.011505
    6 -0.000004 -13.013485 -0.000004 0.773957 0.609780 0.757910
    7 -1.330879 -2.698427 0.462449 -0.194886 -0.547260 3.056712
    8 1.330910 2.698444 -0.462436 0.194890 0.547268 -0.084879
    9 -239.070745 465.732658 -418.668967 -1.729097 0.672445 -0.307543
    10 3.556210 4.238403 0.987502 -1.090396 0.577049 -0.321829
    11 4.139183 5.092691 1.421975 -1.090396 0.577049 -0.321829
    12 4.777527 6.028128 1.897721 -1.090396 0.577049 -0.321829
    13 5.490345 7.072691 2.428969 -1.090396 0.577049 -0.321829
    14 6.564566 8.646956 3.229776 -1.090396 0.577049 -0.321829
    15 7.558525 6.997282 -2.354134 -1.937336 -0.275393 3.010581
    16 7.558525 6.997282 -2.354134 1.937336 0.275393 -0.131011
    17 -2.867767 -2.740969 0.531125 2.051196 0.577049 -0.321829
    18 4.324081 2.744001 -0.524877 -1.090396 0.577049 -0.321829
    19 5.012512 3.752832 -0.011802 -1.090396 0.577049 -0.321829
    20 5.595486 4.607124 0.422674 -1.090396 0.577049 -0.321829
    21 6.233833 5.542564 0.898426 -1.090396 0.577049 -0.321829
    22 6.946648 6.587124 1.429667 -1.090396 0.577049 -0.321829
    23 7.537933 7.453606 1.870349 -1.090396 0.577049 -0.321829
    24 8.154472 8.357077 2.329839 -1.090396 0.577049 -0.321829
    25 8.874294 9.411907 2.866308 -1.090396 0.577049 -0.321829
    26 -4.125858 -2.321501 1.394414 2.051196 0.577049 -0.321829
    27 -4.826813 -3.348669 0.872014 2.051196 0.577049 -0.321829
    28 -5.441669 -4.249685 0.413772 2.051196 0.577049 -0.321829
    29 -0.552532 -1.343527 1.604446 -0.540842 0.539605 -0.235248
    30 0.552589 1.343534 -1.604463 -0.668031 0.748143 -0.313367
    31 0.000000 -2.021618 -0.000004 0.436083 0.000000 0.000000
    32 -0.000021 2.021633 0.000027 -0.033725 0.000000 0.000000
    33 -0.000004 -1.136217 -0.000004 -0.565095 0.000000 0.000000
    34 -0.000011 1.136200 -0.000019 -0.417621 0.000000 0.000000
    35 -0.032677 -4.587727 1.352317 2.801730 1.131719 2.603370
    36 0.040531 4.458862 -1.364010 2.955824 1.248109 2.789016
    37 0.000000 -1.754536 -0.000002 -0.082921 -0.008066 0.132837
    38 0.007807 1.621704 0.007778 0.189853 -0.011589 0.108580
    39 0.000000 -1.227020 -0.000002 -0.234585 0.012248 0.132525
    40 0.003908 1.094253 0.000032 0.247892 -0.017905 0.107730
    41 -0.367996 -4.208406 0.173244 2.967187 1.058206 2.692655
    42 0.379731 4.079502 -0.181051 3.091849 1.139696 2.973307
    43 0.000000 -2.372318 -0.000004 -0.103095 -0.005345 0.132969
    44 -0.000006 2.278565 -0.011752 0.494651 0.002469 -0.005572
    45 0.000004 -1.580070 -0.000001 -0.399346 0.035199 0.123669
    46 -0.000002 1.505949 0.046906 -0.257752 -0.001998 -0.005753
    47 -0.937645 -3.860697 -0.959317 3.186345 1.114016 2.895152
    48 0.949391 3.723991 0.955427 3.270886 0.917298 3.143431
    49 0.000000 -1.690632 0.000000 -0.269412 0.016862 0.132010
    50 0.007799 1.553943 0.000021 0.325552 -0.026232 0.106016
    51 -0.000002 -1.423443 0.000002 -0.105596 -0.005010 0.132993
    52 0.007820 1.290603 0.015654 0.138337 -0.005956 0.109048
    53 -1.546646 -3.404194 -1.915569 3.017094 0.955941 2.923430
    54 1.558380 3.271400 1.919491 3.534588 1.071108 3.366648
    55 0.000004 -1.437820 0.000000 0.035918 -0.023825 0.130944
    56 -0.000021 1.351930 0.023469 0.089196 0.000066 -0.006096
    57 -0.000002 -1.059402 0.000000 -0.301743 0.021165 0.131399
    58 0.003912 0.922649 -0.003899 0.318402 -0.025467 0.106188
    59 -0.000004 -13.013485 -0.000004 0.000000 0.000000 0.000000
    60 0.000000 -10.813480 -0.000004 0.000000 0.000000 0.000000
  time 97
    0 3.357682 4.730613 -15.507329 -1.559952 0.000000 -0.000070
    1 -14.067228 1.131100 -18.252413 -1.414142 0.040504 -0.696264
    2 0.000000 14.313023 0.000003 -0.490494 -0.129803 -1.144346
    3 -0.000011 13.013483 -0.000005 -2.654261 -0.363941 2.791897
    4 8.676434 5.568751 -16.225005 1.366725 -0.093009 -0.589848
    5 0.000000 -14.313034 0.000000 -1.443195 -0.005387 -0.006595
    6 -0.000004 -13.013485 -0.000004 0.643523 0.620362 0.746659
    7 -1.330879 -2.698427 0.462449 -0.194886 -0.547260 3.056712
    8 1.330910 2.698444 -0.462436 0.194890 0.547268 -0.084879
    9 -252.115086 441.586699 -426.447719 -1.729097 0.672445 -0.307448
    10 3.556210 4.238403 0.987502 -1.090396 0.577049 -0.321829
    11 4.139183 5.092691 1.421975 -1.090396 0.577049 -0.321829
    12 4.777527 6.028128 1.897721 -1.090396 0.577049 -0.321829
    13 5.490345 7.072691 2.428969 -1.090396 0.577049 -0.321829
    14 6.564566 8.646956 3.229776 -1.090396 0.577049 -0.321829
    15 7.558525 6.997282 -2.354134 -1.937336 -0.275393 3.010581
    16 7.558525 6.997282 -2.354134 1.937336 0.275393 -0.131011
    17 -2.867767 -2.740969 0.531125 2.051196 0.577049 -0.321829
    18 4.324081 2.744001 -0.524877 -1.090396 0.577049 -0.321829
    19 5.012512 3.752832 -0.011802 -1.090396 0.577049 -0.321829
    20 5.595486 4.607124 0.422674 -1.090396 0.577049 -0.321829
    21 6.233833 5.542564 0.898426 -1.090396 0.577049 -0.321829
    22 6.946648 6.587124 1.429667 -1.090396 0.577049 -0.321829
    23 7.537933 7.453606 1.870349 -1.090396 0.577049 -0.321829
    24 8.154472 8.357077 2.329839 -1.090396 0.577049 -0.321829
    25 8.874294 9.411907 2.866308 -1.090396 0.577049 -0.321829
    26 -4.125858 -2.321501 1.394414 2.051196 0.577049 -0.321829
    27 -4.826813 -3.348669 0.872014 2.051196 0.577049 -0.321829
    28 -5.441669 -4.249685 0.413772 2.051196 0.577049 -0.321829
    29 -0.552532 -1.343527 1.604446 -0.540842 0.539605 -0.235248
    30 0.552589 1.343534 -1.604463 -0.668031 0.748143 -0.313367
    31 0.000000 -2.021618 -0.000004 0.450329 0.000000 0.000000
    32 -0.000021 2.021633 0.000027 -0.034513 0.000000 0.000000
    33 -0.000004 -1.136217 -0.000004 -0.574340 0.000000 0.000000
    34 -0.000011 1.136200 -0.000019 -0.416691 0.000000 0.000000
    35 -0.032677 -4.587727 1.352317 2.687571 1.130977 2.576600
    36 0.044438 4.439330 -1.367917 2.887502 1.248703 2.800770
    37 0.000000 -1.754536 -0.000002 -0.174110 -0.008725 0.144079
    38 0.007807 1.609985 0.015591 0.109395 -0.011266 0.104853
    39 0.000000 -1.227020 -0.000002 -0.325655 0.013267 0.143719
    40 0.007815 1.078628 0.000032 0.167480 -0.017366 0.104026
    41 -0.367996 -4.208406 0.173244 2.857614 1.059072 2.669900
    42 0.387543 4.059970 -0.184958 3.020087 1.139930 2.982208
    43 0.000000 -2.372318 -0.000004 -0.194284 -0.005800 0.144222
    44 -0.000006 2.262940 -0.007845 0.414016 0.002768 -0.006457
    45 0.000004 -1.580070 -0.000001 -0.500974 0.038375 0.134827
    46 -0.000002 1.498136 0.058625 -0.338363 -0.002367 -0.006616
    47 -0.937645 -3.860697 -0.959317 3.075328 1.117409 2.871600
    48 0.953297 3.712272 0.947614 3.195543 0.916989 3.149417
    49 0.000000 -1.690632 0.000000 -0.360420 0.018276 0.143180
    50 0.011706 1.542224 0.000021 0.245082 -0.025398 0.102360
    51 -0.000002 -1.423443 0.000002 -0.196785 -0.005417 0.144222
    52 0.007820 1.278884 0.019560 0.057878 -0.005825 0.105309
    53 -1.546646 -3.404194 -1.915569 2.911233 0.957122 2.904170
    54 1.562287 3.259681 1.919491 3.460660 1.069782 3.373708
    55 0.000004 -1.437820 0.000000 -0.055381 -0.025851 0.142005
    56 -0.000021 1.336304 0.027375 0.008609 0.000000 -0.007030
    57 -0.000002 -1.059402 0.000000 -0.392748 0.022938 0.142509
    58 0.007818 0.910930 0.000008 0.237953 -0.024664 0.102543
    59 -0.000004 -13.013485 -0.000004 0.000000 0.000000 0.000000
    60 0.000000 -10.813480 -0.000004 0.000000 0.000000 0.000000
  time 98
    0 3.357682 4.730613 -15.507329 -1.559952 0.000000 -0.000070
    1 -14.067228 1.131100 -18.252413 -1.414971 0.042459 -0.683966
    2 0.000000 14.313023 0.000003 -0.483101 -0.009234 -1.114539
    3 -0.000011 13.013483 -0.000005 -2.642795 -0.320595 2.789405
    4 7.055291 5.287492 -14.252288 1.433854 -0.175663 -0.664070
    5 0.000000 -14.313034 0.000000 -1.585261 -0.002016 -0.002648
    6 -0.000004 -13.013485 -0.000004 0.377520 0.536437 0.650359
    7 -1.330879 -2.698427 0.462449 -0.194886 -0.547260 3.056712
    8 1.330910 2.698444 -0.462436 0.194890 0.547268 -0.084879
    9 -265.499445 417.195354 -434.024425 -1.729097 0.672445 -0.307543
    10 3.556210 4.238403 0.987502 -1.090396 0.577049 -0.321829
    11 4.139183 5.092691 1.421975 -1.090396 0.577049 -0.321829
    12 4.777527 6.028128 1.897721 -1.090396 0.577049 -0.321829
    13 5.490345 7.072691 2.428969 -1.090396 0.577049 -0.321829
    14 6.564566 8.646956 3.229776 -1.090396 0.577049 -0.321829
    15 7.558525 6.997282 -2.354134 -1.937336 -0.275393 3.010581
    16 7.558525 6.997282 -2.354134 1.937336 0.275393 -0.131011
    17 -2.867767 -2.740969 0.531125 2.051196 0.577049 -0.321829
    18 4.324081 2.744001 -0.524877 -1.090396 0.577049 -0.321829
    19 5.012512 3.752832 -0.011802 -1.090396 0.577049 -0.321829
    20 5.595486 4.607124 0.422674 -1.090396 0.577049 -0.321829
    21 6.233833 5.542564 0.898426 -1.090396 0.577049 -0.321829
    22 6.946648 6.587124 1.429667 -1.090396 0.577049 -0.321829
    23 7.537933 7.453606 1.870349 -1.090396 0.577049 -0.321829
    24 8.154472 8.357077 2.329839 -1.090396 0.577049 -0.321829
    25 8.874294 9.411907 2.866308 -1.090396 0.577049 -0.321829
    26 -4.125858 -2.321501 1.394414 2.051196 0.577049 -0.321829
    27 -4.826813 -3.348669 0.872014 2.051196 0.577049 -0.321829
    28 -5.441669 -4.249685 0.413772 2.051196 0.577049 -0.321829
    29 -0.552532 -1.343527 1.604446 -0.540842 0.539605 -0.235248
    30 0.552589 1.343534 -1.604463 -0.668031 0.748143 -0.313367
    31 0.000000 -2.021618 -0.000004 0.464365 0.000000 0.000000
    32 -0.000021 2.021633 0.000027 -0.035274 0.000000 0.000000
    33 -0.000004 -1.136217 -0.000004 -0.583558 0.000000 0.000000
    34 -0.000011 1.136200 -0.000019 -0.415855 0.000000 0.000000
    35 -0.032677 -4.587727 1.352317 2.648418 1.131014 2.577510
    36 0.048344 4.435424 -1.371823 2.858593 1.249111 2.808505
    37 0.000000 -1.754536 -0.000002 -0.213366 -0.008701 0.143707
    38 0.007807 1.606078 0.015591 0.073656 -0.011050 0.102396
    39 0.000000 -1.227020 -0.000002 -0.364912 0.013231 0.143372
    40 0.007815 1.070815 0.003938 0.131734 -0.016994 0.101581
    41 -0.367996 -4.208406 0.173244 2.818365 1.059039 2.670674
    42 0.387543 4.059970 -0.188864 2.989461 1.140063 2.988090
    43 0.000000 -2.372318 -0.000004 -0.233509 -0.005777 0.143863
    44 -0.000006 2.255127 -0.007845 0.378217 0.002960 -0.006986
    45 0.000004 -1.580070 -0.000001 -0.548969 0.039405 0.138506
    46 -0.000002 1.486417 0.066438 -0.374146 -0.002594 -0.007131
    47 -0.937645 -3.860697 -0.959317 3.036309 1.117318 2.872309
    48 0.957204 3.708366 0.947614 3.162841 0.916804 3.153513
    49 0.000000 -1.690632 0.000000 -0.399638 0.018241 0.142820
    50 0.011706 1.534411 0.000021 0.209379 -0.024843 0.099963
    51 -0.000002 -1.423443 0.000002 -0.236006 -0.005405 0.143887
    52 0.007820 1.274978 0.019560 0.022053 -0.005729 0.102840
    53 -1.546646 -3.404194 -1.915569 2.872008 0.957064 2.904784
    54 1.566193 3.251868 1.919491 3.428726 1.068889 3.378389
    55 0.000004 -1.437820 0.000000 -0.094564 -0.025779 0.141670
    56 -0.000021 1.328492 0.031281 -0.027196 0.000000 -0.007591
    57 -0.000002 -1.059402 0.000000 -0.431962 0.022879 0.142149
    58 0.007818 0.903117 0.000008 0.202231 -0.024113 0.100141
    59 -0.000004 -13.013485 -0.000004 0.000000 0.000000 0.000000
    60 0.000000 -10.813480 -0.000004 0.000000 0.000000 0.000000
  time 99
    0 3.357682 4.730613 -15.507329 -1.559952 0.000000 -0.000070
    1 -14.067228 1.131100 -18.252413 -1.416077 0.045464 -0.665482
    2 0.000000 14.313023 0.000003 -0.475586 0.092037 -1.089438
    3 -0.000011 13.013483 -0.000005 -2.708342 -0.375120 2.858134
    4 5.563058 4.869511 -12.756149 1.503760 -0.236338 -0.763481
    5 0.000000 -14.313034 0.000000 -1.704648 0.000000 0.000000
    6 -0.000004 -13.013485 -0.000004 0.170069 0.400013 0.534799
    7 -1.330879 -2.698427 0.462449 -0.194886 -0.547260 3.056712
    8 1.330910 2.698444 -0.462436 0.194890 0.547268 -0.084879
    9 -279.254733 392.460469 -441.399086 -1.729097 0.672445 -0.307543
    10 3.556210 4.238403 0.987502 -1.090396 0.577049 -0.321829
    11 4.139183 5.092691 1.421975 -1.090396 0.577049 -0.321829
    12 4.777527 6.028128 1.897721 -1.090396 0.577049 -0.321829
    13 5.490345 7.072691 2.428969 -1.090396 0.577049 -0.321829
    14 6.564566 8.646956 3.229776 -1.090396 0.577049 -0.321829
    15 7.558525 6.997282 -2.354134 -1.937336 -0.275393 3.010581
    16 7.558525 6.997282 -2.354134 1.937336 0.275393 -0.131011
    17 -2.867767 -2.740969 0.531125 2.051196 0.577049 -0.321829
    18 4.324081 2.744001 -0.524877 -1.090396 0.577049 -0.321829
    19 5.012512 3.752832 -0.011802 -1.090396 0.577049 -0.321829
    20 5.595486 4.607124 0.422674 -1.090396 0.577049 -0.321829
    21 6.233833 5.542564 0.898426 -1.090396 0.577049 -0.321829
    22 6.946648 6.587124 1.429667 -1.090396 0.577049 -0.321829
    23 7.537933 7.453606 1.870349 -1.090396 0.577049 -0.321829
    24 8.154472 8.357077 2.329839 -1.090396 0.577049 -0.321829
    25 8.874294 9.411907 2.866308 -1.090396 0.577049 -0.321829
    26 -4.125858 -2.321501 1.394414 2.051196 0.577049 -0.321829
    27 -4.826813 -3.348669 0.872014 2.051196 0.577049 -0.321829
    28 -5.441669 -4.249685 0.413772 2.051196 0.577049 -0.321829
    29 -0.552532 -1.343527 1.604446 -0.540842 0.539605 -0.235248
    30 0.552589 1.343534 -1.604463 -0.668031 0.748143 -0.313367
    31 0.000000 -2.021618 -0.000004 0.478232 0.000000 0.000000
    32 -0.000021 2.021633 0.000027 -0.034975 0.000000 0.000000
    33 -0.000004 -1.136217 -0.000004 -0.592553 0.000000 0.000000
    34 -0.000011 1.136200 -0.000019 -0.416459 0.000000 0.000000
    35 -0.032677 -4.587727 1.352317 2.721601 1.132053 2.617020
    36 0.048344 4.435424 -1.367917 2.872223 1.249334 2.810705
    37 0.000000 -1.754536 -0.000002 -0.176169 -0.007730 0.127120
    38 0.011713 1.606078 0.011685 0.085085 -0.011026 0.101689
    39 0.000000 -1.227020 -0.000002 -0.327876 0.011733 0.126821
    40 0.007815 1.078628 0.007844 0.143117 -0.016922 0.100874
    41 -0.367996 -4.208406 0.173244 2.884737 1.057773 2.704265
    42 0.387543 4.059970 -0.184958 3.002484 1.140196 2.989793
    43 0.000000 -2.372318 -0.000004 -0.196380 -0.005117 0.127240
    44 -0.000006 2.255127 -0.007845 0.391904 0.003140 -0.007589
    45 0.000004 -1.580070 -0.000001 -0.532722 0.038291 0.134419
    46 -0.000002 1.486417 0.066438 -0.360436 -0.002857 -0.007682
    47 -0.937645 -3.860697 -0.959317 3.104313 1.112304 2.907125
    48 0.957204 3.708366 0.951521 3.175197 0.916804 3.154695
    49 0.000000 -1.690632 0.000000 -0.362734 0.016131 0.126317
    50 0.011706 1.538318 0.000021 0.220846 -0.024704 0.099256
    51 -0.000002 -1.423443 0.000002 -0.198855 -0.004806 0.127252
    52 0.007820 1.274978 0.019560 0.033506 -0.005741 0.102133
    53 -1.546646 -3.404194 -1.915569 2.932368 0.955336 2.933252
    54 1.566193 3.255775 1.919491 3.441555 1.068745 3.379847
    55 0.000004 -1.437820 0.000000 -0.057270 -0.022807 0.125311
    56 -0.000021 1.328492 0.031281 -0.013515 -0.000083 -0.008227
    57 -0.000002 -1.059402 0.000000 -0.395068 0.020242 0.125730
    58 0.011725 0.907024 0.000008 0.213724 -0.024005 0.099429
    59 -0.000004 -13.013485 -0.000004 0.000000 0.000000 0.000000
    60 0.000000 -10.813480 -0.000004 0.000000 0.000000 0.000000
  time 100
    0 3.357682 4.730613 -15.507329 -1.559952 0.000000 -0.000070
    1 -14.067228 1.131100 -18.252413 -1.417551 0.049183 -0.641956
    2 0.000000 14.313023 0.000003 -0.469965 0.131665 -1.079502
    3 -0.000011 13.013483 -0.000005 -2.854819 -0.512470 2.998850
    4 4.875537 4.588252 -12.185819 1.534404 -0.251762 -0.787615
    5 0.000000 -14.313034 0.000000 -1.751026 0.000198 -0.001059
    6 -0.000004 -13.013485 -0.000004 0.132866 0.261126 0.437164
    7 -1.330879 -2.698427 0.462449 -0.194886 -0.547260 3.056712
    8 1.330910 2.698444 -0.462436 0.194890 0.547268 -0.084879
    9 -293.164575 367.725583 -448.723235 -1.729097 0.672445 -0.307448
    10 3.556210 4.238403 0.987502 -1.090396 0.577049 -0.321829
    11 4.139183 5.092691 1.421975 -1.090396 0.577049 -0.321829
    12 4.777527 6.028128 1.897721 -1.090396 0.577049 -0.321829
    13 5.490345 7.072691 2.428969 -1.090396 0.577049 -0.321829
    14 6.564566 8.646956 3.229776 -1.090396 0.577049 -0.321829
    15 7.558525 6.997282 -2.354134 -1.937336 -0.275393 3.010581
    16 7.558525 6.997282 -2.354134 1.937336 0.275393 -0.131011
    17 -2.867767 -2.740969 0.531125 2.051196 0.577049 -0.321829
    18 4.324081 2.744001 -0.524877 -1.090396 0.577049 -0.321829
    19 5.012512 3.752832 -0.011802 -1.090396 0.577049 -0.321829
    20 5.595486 4.607124 0.422674 -1.090396 0.577049 -0.321829
    21 6.233833 5.542564 0.898426 -1.090396 0.577049 -0.321829
    22 6.946648 6.587124 1.429667 -1.090396 0.577049 -0.321829
    23 7.537933 7.453606 1.870349 -1.090396 0.577049 -0.321829
    24 8.154472 8.357077 2.329839 -1.090396 0.577049 -0.321829
    25 8.874294 9.411907 2.866308 -1.090396 0.577049 -0.321829
    26 -4.125858 -2.321501 1.394414 2.051196 0.577049 -0.321829
    27 -4.826813 -3.348669 0.872014 2.051196 0.577049 -0.321829
    28 -5.441669 -4.249685 0.413772 2.051196 0.577049 -0.321829
    29 -0.552532 -1.343527 1.604446 -0.540842 0.539605 -0.235248
    30 0.552589 1.343534 -1.604463 -0.668057 0.748143 -0.313367
    31 0.000000 -2.021618 -0.000004 0.492121 0.000000 0.000000
    32 -0.000021 2.021633 0.000027 -0.034622 0.000000 0.000000
    33 -0.000004 -1.136217 -0.000004 -0.601632 0.000000 0.000000
    34 -0.000011 1.136200 -0.000019 -0.417110 0.000000 0.000000
    35 -0.032677 -4.587727 1.352317 2.820829 1.133352 2.664569
    36 0.048344 4.439330 -1.367917 2.894100 1.249631 2.813207
    37 0.000000 -1.754536 -0.000002 -0.120092 -0.006556 0.107130
    38 0.007807 1.606078 0.011685 0.104678 -0.011014 0.100838
    39 0.000000 -1.227020 -0.000002 -0.272056 0.009899 0.106890
    40 0.007815 1.074721 0.007844 0.162754 -0.016874 0.100035
    41 -0.367996 -4.208406 0.173244 2.975809 1.056241 2.744745
    42 0.387543 4.059970 -0.188864 3.023859 1.140396 2.991728
    43 0.000000 -2.372318 -0.000004 -0.140304 -0.004350 0.107238
    44 -0.000006 2.255127 -0.007845 0.418534 0.003380 -0.008413
    45 0.000004 -1.580070 -0.000001 -0.498142 0.036481 0.127971
    46 -0.000002 1.486417 0.070344 -0.333812 -0.003261 -0.008449
    47 -0.937645 -3.860697 -0.959317 3.197772 1.106281 2.949030
    48 0.957204 3.708366 0.947614 3.195914 0.916835 3.156034
    49 0.000000 -1.690632 0.000000 -0.306895 0.013591 0.106483
    50 0.011706 1.538318 0.000021 0.240425 -0.024592 0.098417
    51 -0.000002 -1.423443 0.000002 -0.142856 -0.004087 0.107262
    52 0.011727 1.274978 0.019560 0.053033 -0.005777 0.101294
    53 -1.546646 -3.404194 -1.915569 3.016356 0.953261 2.967553
    54 1.566193 3.255775 1.919491 3.462598 1.068543 3.381535
    55 0.000004 -1.437820 0.000000 -0.000998 -0.019199 0.105608
    56 -0.000021 1.328492 0.031281 0.013151 -0.000182 -0.009069
    57 -0.000002 -1.059402 0.000000 -0.339308 0.017042 0.105980
    58 0.011725 0.907024 0.000008 0.233273 -0.023885 0.098605
    59 -0.000004 -13.013485 -0.000004 0.000000 0.000000 0.000000
    60 0.000000 -10.813480 -0.000004 0.000000 0.000000 0.000000
  time 101
    0 3.357682 4.730613 -15.507329 -1.559952 0.000000 -0.000070
    1 -14.067228 1.131100 -18.252413 -1.419302 0.053380 -0.615223
    2 0.000000 14.313023 0.000003 -0.468071 0.141855 -1.076968
    3 -0.000011 13.013483 -0.000005 -3.007029 -0.654396 -3.141004
    4 4.578653 4.412466 -12.021751 1.548481 -0.249867 -0.788956
    5 0.000000 -14.313034 0.000000 -1.762755 0.000562 -0.002455
    6 -0.000004 -13.013485 -0.000004 0.139352 0.136241 0.338671
    7 -1.330879 -2.698427 0.462449 -0.194886 -0.547260 3.056712
    8 1.330910 2.698444 -0.462436 0.194890 0.547268 -0.084879
    9 -307.228971 343.383315 -455.794828 -1.729097 0.672445 -0.307448
    10 3.556210 4.238403 0.987502 -1.090396 0.577049 -0.321829
    11 4.139183 5.092691 1.421975 -1.090396 0.577049 -0.321829
    12 4.777527 6.028128 1.897721 -1.090396 0.577049 -0.321829
    13 5.490345 7.072691 2.428969 -1.090396 0.577049 -0.321829
    14 6.564566 8.646956 3.229776 -1.090396 0.577049 -0.321829
    15 7.558525 6.997282 -2.354134 -1.937336 -0.275393 3.010581
    16 7.558525 6.997282 -2.354134 1.937336 0.275393 -0.131011
    17 -2.867767 -2.740969 0.531125 2.051196 0.577049 -0.321829
    18 4.324081 2.744001 -0.524877 -1.090396 0.577049 -0.321829
    19 5.012512 3.752832 -0.011802 -1.090396 0.577049 -0.321829
    20 5.595486 4.607124 0.422674 -1.090396 0.577049 -0.321829
    21 6.233833 5.542564 0.898426 -1.090396 0.577049 -0.321829
    22 6.946648 6.587124 1.429667 -1.090396 0.577049 -0.321829
    23 7.537933 7.453606 1.870349 -1.090396 0.577049 -0.321829
    24 8.154472 8.357077 2.329839 -1.090396 0.577049 -0.321829
    25 8.874294 9.411907 2.866308 -1.090396 0.577049 -0.321829
    26 -4.125858 -2.321501 1.394414 2.051196 0.577049 -0.321829
    27 -4.826813 -3.348669 0.872014 2.051196 0.577049 -0.321829
    28 -5.441669 -4.249685 0.413772 2.051196 0.577049 -0.321829
    29 -0.552532 -1.343527 1.604446 -0.540842 0.539605 -0.235248
    30 0.552589 1.343534 -1.604463 -0.668031 0.748143 -0.313367
    31 0.000000 -2.021618 -0.000004 0.505967 0.000000 0.000000
    32 -0.000021 2.021633 0.000027 -0.034296 0.000000 0.000000
    33 -0.000004 -1.136217 -0.000004 -0.610377 0.000000 0.000000
    34 -0.000011 1.136200 -0.000019 -0.417714 0.000000 0.000000
    35 -0.032677 -4.587727 1.352317 2.933860 1.134725 2.717200
    36 0.048344 4.435424 -1.367917 2.920665 1.249965 2.815786
    37 0.000000 -1.754536 -0.000002 -0.054469 -0.005237 0.085054
    38 0.007807 1.606078 0.011685 0.128670 -0.011014 0.099940
    39 0.000000 -1.227020 -0.000002 -0.206723 0.007898 0.084851
    40 0.007815 1.074721 0.003938 0.186784 -0.016814 0.099137
    41 -0.367996 -4.208406 0.173244 3.080173 1.054575 2.789482
    42 0.387543 4.056064 -0.184958 3.049726 1.140629 2.993818
    43 0.000000 -2.372318 -0.000004 -0.074755 -0.003499 0.085138
    44 -0.000006 2.255127 -0.007845 0.452359 0.003619 -0.009323
    45 0.000004 -1.580070 -0.000001 -0.452104 0.034216 0.119942
    46 -0.000002 1.486417 0.070344 -0.299906 -0.003699 -0.009288
    47 -0.937645 -3.860697 -0.959317 3.304238 1.099615 2.995346
    48 0.957204 3.708366 0.947614 3.221184 0.916897 3.157531
    49 0.000000 -1.690632 0.000000 -0.241608 0.010786 0.084515
    50 0.011706 1.534411 0.000021 0.264511 -0.024481 0.097530
    51 -0.000002 -1.423443 0.000002 -0.077324 -0.003296 0.085138
    52 0.007820 1.274978 0.019560 0.077112 -0.005825 0.100383
    53 -1.546646 -3.404194 -1.915569 3.112250 0.950927 3.005459
    54 1.566193 3.251868 1.919491 3.488256 1.068399 3.383376
    55 0.000004 -1.437820 0.000000 0.064715 -0.015244 0.083820
    56 -0.000021 1.328492 0.031281 0.046979 -0.000314 -0.009985
    57 -0.000002 -1.059402 0.000000 -0.274072 0.013543 0.084132
    58 0.011725 0.907024 0.000008 0.257325 -0.023766 0.097697
    59 -0.000004 -13.013485 -0.000004 0.000000 0.000000 0.000000
    60 0.000000 -10.813480 -0.000004 0.000000 0.000000 0.000000
  time 102
    0 3.357682 4.730613 -15.507329 -1.559952 0.000000 -0.000070
    1 -14.067228 1.131100 -18.252413 -1.420960 0.057767 -0.587955
    2 0.000000 14.313023 0.000003 -0.468071 0.139364 -1.077692
    3 -0.000011 13.013483 -0.000005 3.126943 -0.805189 -3.000384
    4 4.465368 4.271836 -12.021751 1.556429 -0.240810 -0.785987
    5 0.000000 -14.313034 0.000000 -1.758985 0.000727 -0.003466
    6 -0.000004 -13.013485 -0.000004 0.153134 0.012224 0.249236
    7 -1.330879 -2.698427 0.462449 -0.194886 -0.547260 3.056712
    8 1.330910 2.698444 -0.462436 0.194890 0.547268 -0.084879
    9 -321.324278 319.629973 -462.866420 -1.729097 0.672445 -0.307543
    10 3.556210 4.238403 0.987502 -1.090396 0.577049 -0.321829
    11 4.139183 5.092691 1.421975 -1.090396 0.577049 -0.321829
    12 4.777527 6.028128 1.897721 -1.090396 0.577049 -0.321829
    13 5.490345 7.072691 2.428969 -1.090396 0.577049 -0.321829
    14 6.564566 8.646956 3.229776 -1.090396 0.577049 -0.321829
    15 7.558525 6.997282 -2.354134 -1.937336 -0.275393 3.010581
    16 7.558525 6.997282 -2.354134 1.937336 0.275393 -0.131011
    17 -2.867767 -2.740969 0.531125 2.051196 0.577049 -0.321829
    18 4.324081 2.744001 -0.524877 -1.090396 0.577049 -0.321829
    19 5.012512 3.752832 -0.011802 -1.090396 0.577049 -0.321829
    20 5.595486 4.607124 0.422674 -1.090396 0.577049 -0.321829
    21 6.233833 5.542564 0.898426 -1.090396 0.577049 -0.321829
    22 6.946648 6.587124 1.429667 -1.090396 0.577049 -0.321829
    23 7.537933 7.453606 1.870349 -1.090396 0.577049 -0.321829
    24 8.154472 8.357077 2.329839 -1.090396 0.577049 -0.321829
    25 8.874294 9.411907 2.866308 -1.090396 0.577049 -0.321829
    26 -4.125858 -2.321501 1.394414 2.051196 0.577049 -0.321829
    27 -4.826813 -3.348669 0.872014 2.051196 0.577049 -0.321829
    28 -5.441669 -4.249685 0.413772 2.051196 0.577049 -0.321829
    29 -0.552532 -1.343527 1.604446 -0.540842 0.539605 -0.235248
    30 0.552589 1.343534 -1.604463 -0.668031 0.748143 -0.313367
    31 0.000000 -2.021618 -0.000004 0.519056 0.000000 0.000000
    32 -0.000021 2.021633 0.000027 -0.033942 0.000000 0.000000
    33 -0.000004 -1.136217 -0.000004 -0.618873 0.000000 0.000000
    34 -0.000011 1.136200 -0.000019 -0.418364 0.000000 0.000000
    35 -0.032677 -4.587727 1.352317 3.059045 1.136321 2.774835
    36 0.048344 4.435424 -1.371823 2.950702 1.250299 2.818592
    37 0.000000 -1.754536 -0.000002 0.018535 -0.003787 0.060858
    38 0.007807 1.606078 0.011685 0.156200 -0.011014 0.098981
    39 0.000000 -1.227020 -0.000002 -0.133857 0.005681 0.060702
    40 0.007815 1.074721 0.003938 0.214276 -0.016754 0.098166
    41 -0.367996 -4.208406 0.173244 3.195853 1.052709 2.838476
    42 0.387543 4.059970 -0.188864 3.079275 1.140862 2.996062
    43 0.000000 -2.372318 -0.000004 -0.001747 -0.002553 0.060918
    44 -0.000006 2.255127 -0.007845 0.490264 0.003847 -0.010135
    45 0.000004 -1.580070 -0.000001 -0.398934 0.031603 0.110642
    46 -0.000002 1.486417 0.066438 -0.262019 -0.004084 -0.010031
    47 -0.937645 -3.860697 -0.959317 3.422687 1.092308 3.046073
    48 0.957204 3.708366 0.947614 3.249890 0.916959 3.159106
    49 0.000000 -1.690632 0.000000 -0.168840 0.007706 0.060462
    50 0.011706 1.534411 0.000021 0.292002 -0.024342 0.096572
    51 -0.000002 -1.423443 0.000002 -0.004329 -0.002385 0.060917
    52 0.007820 1.274978 0.019560 0.104641 -0.005873 0.099400
    53 -1.546646 -3.404194 -1.915569 3.219126 0.948420 3.046896
    54 1.566193 3.255775 1.919491 3.517605 1.068198 3.385372
    55 0.000004 -1.437820 0.000000 0.138123 -0.010918 0.059983
    56 -0.000021 1.328492 0.031281 0.084921 -0.000429 -0.010845
    57 -0.000002 -1.059402 0.000000 -0.201374 0.009683 0.060199
    58 0.011725 0.907024 0.000008 0.284872 -0.023658 0.096733
    59 -0.000004 -13.013485 -0.000004 0.000000 0.000000 0.000000
    60 0.000000 -10.813480 -0.000004 0.000000 0.000000 0.000000
  time 103
    0 3.357682 4.730613 -15.507329 -1.559952 0.000000 -0.000070
    1 -14.067228 1.131100 -18.252413 -1.422527 0.061773 -0.562749
    2 0.000000 14.313023 0.000003 -0.469965 0.124821 -1.081393
    3 -0.000011 13.013483 -0.000005 2.987537 -0.970840 -2.867048
    4 4.535683 4.174177 -12.181913 1.556525 -0.226105 -0.776314
    5 0.000000 -14.313034 0.000000 -1.741570 0.000727 -0.003321
    6 -0.000004 -13.013485 -0.000004 0.155206 -0.118134 0.180682
    7 -1.330879 -2.698427 0.462449 -0.194886 -0.547260 3.056712
    8 1.330910 2.698444 -0.462436 0.194890 0.547268 -0.084879
    9 -335.295941 296.710943 -469.786478 -1.729097 0.672445 -0.307543
    10 3.556210 4.238403 0.987502 -1.090396 0.577049 -0.321829
    11 4.139183 5.092691 1.421975 -1.090396 0.577049 -0.321829
    12 4.777527 6.028128 1.897721 -1.090396 0.577049 -0.321829
    13 5.490345 7.072691 2.428969 -1.090396 0.577049 -0.321829
    14 6.564566 8.646956 3.229776 -1.090396 0.577049 -0.321829
    15 7.558525 6.997282 -2.354134 -1.937336 -0.275393 3.010581
    16 7.558525 6.997282 -2.354134 1.937336 0.275393 -0.131011
    17 -2.867767 -2.740969 0.531125 2.051196 0.577049 -0.321829
    18 4.324081 2.744001 -0.524877 -1.090396 0.577049 -0.321829
    19 5.012512 3.752832 -0.011802 -1.090396 0.577049 -0.321829
    20 5.595486 4.607124 0.422674 -1.090396 0.577049 -0.321829
    21 6.233833 5.542564 0.898426 -1.090396 0.577049 -0.321829
    22 6.946648 6.587124 1.429667 -1.090396 0.577049 -0.321829
    23 7.537933 7.453606 1.870349 -1.090396 0.577049 -0.321829
    24 8.154472 8.357077 2.329839 -1.090396 0.577049 -0.321829
    25 8.874294 9.411907 2.866308 -1.090396 0.577049 -0.321829
    26 -4.125858 -2.321501 1.394414 2.051196 0.577049 -0.321829
    27 -4.826813 -3.348669 0.872014 2.051196 0.577049 -0.321829
    28 -5.441669 -4.249685 0.413772 2.051196 0.577049 -0.321829
    29 -0.552532 -1.343527 1.604446 -0.540842 0.539605 -0.235248
    30 0.552589 1.343534 -1.604463 -0.668031 0.748143 -0.313367
    31 0.000000 -2.021618 -0.000004 0.532165 0.000000 0.000000
    32 -0.000021 2.021633 0.000027 -0.033616 0.000000 0.000000
    33 -0.000004 -1.136217 -0.000004 -0.627396 0.000000 0.000000
    34 -0.000011 1.136200 -0.000019 -0.418969 0.000000 0.000000
    35 -0.032677 -4.587727 1.352317 3.199162 1.138103 2.838992
    36 0.048344 4.435424 -1.371823 2.984646 1.250707 2.821549
    37 0.000000 -1.754536 -0.000002 0.100337 -0.002133 0.033880
    38 0.007807 1.606078 0.015591 0.187313 -0.011014 0.097914
    39 0.000000 -1.227020 -0.000002 -0.052348 0.003188 0.033796
    40 0.007815 1.078628 0.003938 0.245429 -0.016707 0.097111
    41 -0.367996 -4.208406 0.173244 3.325006 1.050577 2.893043
    42 0.387543 4.063877 -0.184958 3.112506 1.141096 2.998462
    43 0.000000 -2.372318 -0.000004 0.080009 -0.001438 0.033916
    44 -0.000006 2.255127 -0.007845 0.528959 0.004051 -0.010897
    45 0.000004 -1.580070 -0.000001 -0.342236 0.028595 0.100287
    46 -0.000002 1.486417 0.066438 -0.223449 -0.004453 -0.010726
    47 -0.937645 -3.860697 -0.959317 3.554608 1.084176 3.102629
    48 0.957204 3.708366 0.951521 3.282313 0.917020 3.160760
    49 0.000000 -1.690632 0.000000 -0.087395 0.004290 0.033688
    50 0.011706 1.534411 0.000021 0.323098 -0.024203 0.095517
    51 -0.000002 -1.423443 0.000002 0.077491 -0.001342 0.033916
    52 0.011727 1.274978 0.019560 0.135694 -0.005921 0.098357
    53 -1.546646 -3.404194 -1.915569 3.338555 0.945568 3.093167
    54 1.566193 3.255775 1.919491 3.550462 1.067996 3.387520
    55 0.000004 -1.437820 0.000000 0.220170 -0.006064 0.033413
    56 -0.000021 1.328492 0.031281 0.123504 -0.000545 -0.011612
    57 -0.000002 -1.059402 0.000000 -0.120012 0.005393 0.033533
    58 0.007818 0.910930 0.000008 0.315973 -0.023526 0.095686
    59 -0.000004 -13.013485 -0.000004 0.000000 0.000000 0.000000
    60 0.000000 -10.813480 -0.000004 0.000000 0.000000 0.000000
  time 104
    0 3.357682 4.730613 -15.507329 -1.559952 0.000000 -0.000070
    1 -14.067228 1.131100 -18.252413 -1.423817 0.065016 -0.542126
    2 0.000000 14.313023 0.000003 -0.475586 0.091886 -1.089478
    3 -0.000011 13.013483 -0.000005 2.872974 -1.177196 -2.752021
    4 4.895069 4.205428 -12.611613 1.545417 -0.204087 -0.763576
    5 0.000000 -14.313034 0.000000 -1.704588 0.000000 0.000000
    6 -0.000004 -13.013485 -0.000004 0.105572 -0.271206 0.166094
    7 -1.330879 -2.698427 0.462449 -0.194886 -0.547260 3.056712
    8 1.330910 2.698444 -0.462436 0.194890 0.547268 -0.084879
    9 -349.082140 274.822532 -476.605514 -1.729097 0.672445 -0.307543
    10 3.556210 4.238403 0.987502 -1.090396 0.577049 -0.321829
    11 4.139183 5.092691 1.421975 -1.090396 0.577049 -0.321829
    12 4.777527 6.028128 1.897721 -1.090396 0.577049 -0.321829
    13 5.490345 7.072691 2.428969 -1.090396 0.577049 -0.321829
    14 6.564566 8.646956 3.229776 -1.090396 0.577049 -0.321829
    15 7.558525 6.997282 -2.354134 -1.937336 -0.275393 3.010581
    16 7.558525 6.997282 -2.354134 1.937336 0.275393 -0.131011
    17 -2.867767 -2.740969 0.531125 2.051196 0.577049 -0.321829
    18 4.324081 2.744001 -0.524877 -1.090396 0.577049 -0.321829
    19 5.012512 3.752832 -0.011802 -1.090396 0.577049 -0.321829
    20 5.595486 4.607124 0.422674 -1.090396 0.577049 -0.321829
    21 6.233833 5.542564 0.898426 -1.090396 0.577049 -0.321829
    22 6.946648 6.587124 1.429667 -1.090396 0.577049 -0.321829
    23 7.537933 7.453606 1.870349 -1.090396 0.577049 -0.321829
    24 8.154472 8.357077 2.329839 -1.090396 0.577049 -0.321829
    25 8.874294 9.411907 2.866308 -1.090396 0.577049 -0.321829
    26 -4.125858 -2.321501 1.394414 2.051196 0.577049 -0.321829
    27 -4.826813 -3.348669 0.872014 2.051196 0.577049 -0.321829
    28 -5.441669 -4.249685 0.413772 2.051196 0.577049 -0.321829
    29 -0.552532 -1.343527 1.604446 -0.540842 0.539605 -0.235248
    30 0.552589 1.343534 -1.604463 -0.668031 0.748143 -0.313367
    31 0.000000 -2.021618 -0.000004 0.544833 0.000000 0.000000
    32 -0.000021 2.021633 0.000027 -0.032693 0.000000 0.000000
    33 -0.000004 -1.136217 -0.000004 -0.635892 0.000000 0.000000
    34 -0.000011 1.136200 -0.000019 -0.419619 0.000000 0.000000
    35 -0.032677 -4.587727 1.352317 3.374091 1.140404 2.919757
    36 0.048344 4.439330 -1.367917 3.024841 1.251115 2.824886
    37 0.000000 -1.754536 -0.000002 0.202169 0.000000 0.000000
    38 0.007807 1.606078 0.015591 0.224413 -0.011014 0.096740
    39 0.000000 -1.227020 -0.000002 0.049056 0.000000 0.000000
    40 0.007815 1.078628 0.003938 0.282506 -0.016635 0.095937
    41 -0.367996 -4.208406 0.173244 3.486492 1.047878 2.961697
    42 0.387543 4.063877 -0.184958 3.152024 1.141395 3.001093
    43 0.000000 -2.372318 -0.000004 0.181800 0.000000 0.000000
    44 -0.000006 2.255127 -0.007845 0.566337 0.004171 -0.011352
    45 0.000004 -1.580070 -0.000001 -0.285461 0.025575 0.089285
    46 -0.000002 1.486417 0.066438 -0.185959 -0.004680 -0.011158
    47 -0.937645 -3.860697 -0.959317 3.719508 1.073964 3.173757
    48 0.957204 3.708366 0.951521 3.320867 0.917113 3.162729
    49 0.000000 -1.690632 0.000000 0.013871 0.000000 0.000000
    50 0.011706 1.534411 0.000021 0.360204 -0.024037 0.094355
    51 -0.000002 -1.423443 0.000002 0.179248 0.000000 0.000000
    52 0.011727 1.274978 0.023466 0.172767 -0.005968 0.097171
    53 -1.546646 -3.404194 -1.915569 3.487518 0.942053 3.151255
    54 1.566193 3.251868 1.919491 3.589595 1.067765 3.389822
    55 0.000004 -1.437820 0.000000 0.322139 0.000000 0.000000
    56 -0.000021 1.328492 0.031281 0.160912 -0.000611 -0.012079
    57 -0.000002 -1.059402 0.000000 -0.018748 0.000000 0.000000
    58 0.007818 0.910930 0.000008 0.352998 -0.023358 0.094527
    59 -0.000004 -13.013485 -0.000004 0.000000 0.000000 0.000000
    60 0.000000 -10.813480 -0.000004 0.000000 0.000000 0.000000
  time 105
    0 3.357682 4.730613 -15.507329 -1.559952 0.000000 -0.000070
    1 -14.067228 1.131100 -18.252413 -1.424554 0.066924 -0.530211
    2 0.000000 14.313023 0.000003 -0.483529 0.030117 -1.104362
    3 -0.000011 13.013483 -0.000005 2.867432 -1.487696 -2.719622
    4 5.691968 4.455436 -13.463202 1.514581 -0.171533 -0.746146
    5 0.000000 -14.313034 0.000000 -1.643428 -0.004693 0.009628
    6 -0.000004 -13.013485 -0.000004 -0.077648 -0.462455 0.305300
    7 -1.330879 -2.698427 0.462449 -0.194886 -0.547260 3.056712
    8 1.330910 2.698444 -0.462436 0.194890 0.547268 -0.084879
    9 -362.651964 254.308282 -483.323527 -1.729097 0.672445 -0.307543
    10 3.556210 4.238403 0.987502 -1.090396 0.577049 -0.321829
    11 4.139183 5.092691 1.421975 -1.090396 0.577049 -0.321829
    12 4.777527 6.028128 1.897721 -1.090396 0.577049 -0.321829
    13 5.490345 7.072691 2.428969 -1.090396 0.577049 -0.321829
    14 6.564566 8.646956 3.229776 -1.090396 0.577049 -0.321829
    15 7.558525 6.997282 -2.354134 -1.937336 -0.275393 3.010581
    16 7.558525 6.997282 -2.354134 1.937336 0.275393 -0.131011
    17 -2.867767 -2.740969 0.531125 2.051196 0.577049 -0.321829
    18 4.324081 2.744001 -0.524877 -1.090396 0.577049 -0.321829
    19 5.012512 3.752832 -0.011802 -1.090396 0.577049 -0.321829
    20 5.595486 4.607124 0.422674 -1.090396 0.577049 -0.321829
    21 6.233833 5.542564 0.898426 -1.090396 0.577049 -0.321829
    22 6.946648 6.587124 1.429667 -1.090396 0.577049 -0.321829
    23 7.537933 7.453606 1.870349 -1.090396 0.577049 -0.321829
    24 8.154472 8.357077 2.329839 -1.090396 0.577049 -0.321829
    25 8.874294 9.411907 2.866308 -1.090396 0.577049 -0.321829
    26 -4.125858 -2.321501 1.394414 2.051196 0.577049 -0.321829
    27 -4.826813 -3.348669 0.872014 2.051196 0.577049 -0.321829
    28 -5.441669 -4.249685 0.413772 2.051196 0.577049 -0.321829
    29 -0.552532 -1.343527 1.604446 -0.539619 0.529105 -0.246312
    30 0.552589 1.343534 -1.604463 -0.671559 0.751791 -0.311737
    31 0.000000 -2.021618 -0.000004 0.557080 0.000000 0.000000
    32 -0.000021 2.021633 0.000027 -0.031171 0.000000 0.000000
    33 -0.000004 -1.136217 -0.000004 -0.643638 0.000000 0.000000
    34 -0.000011 1.136200 -0.000019 -0.421060 0.000000 0.000000
    35 -0.032677 -4.587727 1.352317 3.381470 1.140367 2.920136
    36 0.048344 4.443237 -1.367917 3.078318 1.251449 2.827844
    37 0.000000 -1.754536 -0.000002 0.209309 0.000000 -0.000180
    38 0.011713 1.606078 0.011685 0.275028 -0.010990 0.095697
    39 0.000000 -1.227020 -0.000002 0.056154 -0.000024 -0.000180
    40 0.007815 1.082534 0.003938 0.333163 -0.016551 0.094906
    41 -0.367996 -4.208406 0.173244 3.493767 1.047845 2.962006
    42 0.387543 4.063877 -0.188864 3.204745 1.141595 3.003493
    43 0.000000 -2.372318 -0.000004 0.188895 0.000000 -0.000180
    44 -0.000006 2.255127 -0.007845 0.600162 0.004183 -0.011426
    45 0.000004 -1.580070 -0.000001 -0.231415 0.022195 0.077444
    46 -0.000002 1.486417 0.066438 -0.152225 -0.004733 -0.011206
    47 -0.937645 -3.860697 -0.959317 3.726755 1.073903 3.173994
    48 0.957204 3.708366 0.951521 3.372706 0.917144 3.164462
    49 0.000000 -1.690632 0.000000 0.021005 -0.000036 -0.000168
    50 0.011706 1.534411 0.000021 0.410879 -0.023870 0.093348
    51 -0.000002 -1.423443 0.000002 0.186384 0.000000 -0.000168
    52 0.011727 1.274978 0.019560 0.223421 -0.006004 0.096140
    53 -1.546646 -3.404194 -1.915569 3.494809 0.942024 3.151562
    54 1.566193 3.255775 1.919491 3.641926 1.067535 3.391894
    55 0.000004 -1.437820 0.000000 0.329220 0.000012 -0.000180
    56 -0.000021 1.328492 0.031281 0.194739 -0.000627 -0.012135
    57 -0.000002 -1.059402 0.000000 -0.011593 -0.000024 -0.000180
    58 0.011725 0.907024 0.000008 0.403648 -0.023202 0.093508
    59 -0.000004 -13.013485 -0.000004 0.000000 0.000000 0.000000
    60 0.000000 -10.813480 -0.000004 0.000000 0.000000 0.000000
  time 106
    0 3.357682 4.730613 -15.507329 -1.559952 0.000000 -0.000070
    1 -14.067228 1.131100 -18.252413 -1.424923 0.067782 -0.524711
    2 0.000000 14.313023 0.000003 -0.492816 -0.047956 -1.123268
    3 -0.000011 13.013483 -0.000005 -0.218330 -1.300443 0.407675
    4 6.715437 4.807009 -14.639019 1.470818 -0.132877 -0.730056
    5 0.000000 -14.313034 0.000000 -1.568266 -0.012493 0.021518
    6 -0.000004 -13.013485 -0.000004 -0.327526 -0.664423 0.529269
    7 -1.330879 -2.698427 0.462449 -0.194886 -0.547260 3.056712
    8 1.330910 2.698444 -0.462436 0.194890 0.547268 -0.084879
    9 -375.912680 235.413578 -489.991029 -1.729097 0.672445 -0.307543
    10 3.556210 4.238403 0.987502 -1.090396 0.577049 -0.321829
    11 4.139183 5.092691 1.421975 -1.090396 0.577049 -0.321829
    12 4.777527 6.028128 1.897721 -1.090396 0.577049 -0.321829
    13 5.490345 7.072691 2.428969 -1.090396 0.577049 -0.321829
    14 6.564566 8.646956 3.229776 -1.090396 0.577049 -0.321829
    15 7.558525 6.997282 -2.354134 -1.937336 -0.275393 3.010581
    16 7.558525 6.997282 -2.354134 1.937336 0.275393 -0.131011
    17 -2.867767 -2.740969 0.531125 2.051196 0.577049 -0.321829
    18 4.324081 2.744001 -0.524877 -1.090396 0.577049 -0.321829
    19 5.012512 3.752832 -0.011802 -1.090396 0.577049 -0.321829
    20 5.595486 4.607124 0.422674 -1.090396 0.577049 -0.321829
    21 6.233833 5.542564 0.898426 -1.090396 0.577049 -0.321829
    22 6.946648 6.587124 1.429667 -1.090396 0.577049 -0.321829
    23 7.537933 7.453606 1.870349 -1.090396 0.577049 -0.321829
    24 8.154472 8.357077 2.329839 -1.090396 0.577049 -0.321829
    25 8.874294 9.411907 2.866308 -1.090396 0.577049 -0.321829
    26 -4.125858 -2.321501 1.394414 2.051196 0.577049 -0.321829
    27 -4.826813 -3.348669 0.872014 2.051196 0.577049 -0.321829
    28 -5.441669 -4.249685 0.413772 2.051196 0.577049 -0.321829
    29 -0.552532 -1.343527 1.604446 -0.537540 0.510801 -0.265642
    30 0.552589 1.343534 -1.604463 -0.680026 0.760514 -0.307868
    31 0.000000 -2.021618 -0.000004 0.568906 0.000000 0.000000
    32 -0.000021 2.021633 0.000027 -0.029269 0.000000 0.000000
    33 -0.000004 -1.136217 -0.000004 -0.651356 0.000000 0.000000
    34 -0.000011 1.136200 -0.000019 -0.423384 0.000000 0.000000
    35 -0.032677 -4.587727 1.352317 3.383380 1.140441 2.918392
    36 0.048344 4.439330 -1.367917 3.119554 1.251449 2.828450
    37 0.000000 -1.754536 -0.000002 0.212651 0.000000 0.000563
    38 0.007807 1.606078 0.011685 0.315756 -0.010918 0.095541
    39 0.000000 -1.227020 -0.000002 0.059534 0.000096 0.000563
    40 0.007815 1.082534 0.003938 0.373835 -0.016491 0.094750
    41 -0.367996 -4.208406 0.173244 3.496102 1.047978 2.960613
    42 0.387543 4.063877 -0.192771 3.245880 1.141562 3.003880
    43 0.000000 -2.372318 -0.000004 0.192282 0.000000 0.000563
    44 -0.000006 2.255127 -0.007845 0.627406 0.004051 -0.010909
    45 0.000004 -1.580070 -0.000001 -0.184760 0.018576 0.064873
    46 -0.000002 1.486417 0.066438 -0.124975 -0.004505 -0.010738
    47 -0.937645 -3.860697 -0.959317 3.729170 1.074209 3.172655
    48 0.957204 3.712272 0.947614 3.413769 0.917082 3.164699
    49 0.000000 -1.690632 0.000000 0.024437 0.000120 0.000575
    50 0.011706 1.534411 0.000021 0.451640 -0.023787 0.093180
    51 -0.000002 -1.423443 0.000002 0.189707 0.000012 0.000575
    52 0.007820 1.274978 0.023466 0.264017 -0.005968 0.095997
    53 -1.546646 -3.404194 -1.915569 3.497301 0.942168 3.150334
    54 1.566193 3.251868 1.919491 3.682996 1.067448 3.392201
    55 0.000004 -1.437820 0.000000 0.332619 -0.000072 0.000563
    56 -0.000021 1.328492 0.031281 0.221994 -0.000561 -0.011630
    57 -0.000002 -1.059402 0.000000 -0.008239 0.000132 0.000551
    58 0.007818 0.910930 0.000008 0.444406 -0.023130 0.093354
    59 -0.000004 -13.013485 -0.000004 0.000000 0.000000 0.000000
    60 0.000000 -10.813480 -0.000004 0.000000 0.000000 0.000000
  time 107
    0 3.357682 4.730613 -15.507329 -1.559952 0.000000 -0.000070
    1 -14.067228 1.131100 -18.252413 -1.424923 0.067734 -0.525934
    2 0.000000 14.313023 0.000003 -0.505891 -0.136244 -1.144668
    3 -0.000011 13.013483 -0.000005 -0.129374 -0.966264 0.360322
    4 7.852190 5.244522 -16.100001 1.415755 -0.090773 -0.714925
    5 0.000000 -14.313034 0.000000 -1.480537 -0.019301 0.035382
    6 -0.000004 -13.013485 -0.000004 -0.588845 -0.847096 0.784797
    7 -1.330879 -2.698427 0.462449 -0.194886 -0.547260 3.056712
    8 1.330910 2.698444 -0.462436 0.194890 0.547268 -0.084879
    9 -388.647913 218.383806 -496.608019 -1.729097 0.672445 -0.307543
    10 3.556210 4.238403 0.987502 -1.090396 0.577049 -0.321829
    11 4.139183 5.092691 1.421975 -1.090396 0.577049 -0.321829
    12 4.777527 6.028128 1.897721 -1.090396 0.577049 -0.321829
    13 5.490345 7.072691 2.428969 -1.090396 0.577049 -0.321829
    14 6.564566 8.646956 3.229776 -1.090396 0.577049 -0.321829
    15 7.558525 6.997282 -2.354134 -1.937336 -0.275393 3.010581
    16 7.558525 6.997282 -2.354134 1.937336 0.275393 -0.131011
    17 -2.867767 -2.740969 0.531125 2.051196 0.577049 -0.321829
    18 4.324081 2.744001 -0.524877 -1.090396 0.577049 -0.321829
    19 5.012512 3.752832 -0.011802 -1.090396 0.577049 -0.321829
    20 5.595486 4.607124 0.422674 -1.090396 0.577049 -0.321829
    21 6.233833 5.542564 0.898426 -1.090396 0.577049 -0.321829
    22 6.946648 6.587124 1.429667 -1.090396 0.577049 -0.321829
    23 7.537933 7.453606 1.870349 -1.090396 0.577049 -0.321829
    24 8.154472 8.357077 2.329839 -1.090396 0.577049 -0.321829
    25 8.874294 9.411907 2.866308 -1.090396 0.577049 -0.321829
    26 -4.125858 -2.321501 1.394414 2.051196 0.577049 -0.321829
    27 -4.826813 -3.348669 0.872014 2.051196 0.577049 -0.321829
    28 -5.441669 -4.249685 0.413772 2.051196 0.577049 -0.321829
    29 -0.552532 -1.343527 1.604446 -0.534635 0.485633 -0.292195
    30 0.552589 1.343534 -1.604463 -0.691158 0.771973 -0.302695
    31 0.000000 -2.021618 -0.000004 0.580269 0.000000 0.000000
    32 -0.000021 2.021633 0.000027 -0.027014 0.000000 0.000000
    33 -0.000004 -1.136217 -0.000004 -0.658686 0.000000 0.000000
    34 -0.000011 1.136200 -0.000019 -0.426265 0.000000 0.000000
    35 -0.032677 -4.587727 1.352317 3.478702 1.140404 2.919833
    36 0.048344 4.439330 -1.367917 3.140650 1.250929 2.825720
    37 0.000000 -1.754536 -0.000002 0.306701 0.000000 -0.000012
    38 0.007807 1.609985 0.015591 0.339340 -0.010834 0.096548
    39 0.000000 -1.227020 -0.000002 0.153502 0.000000 -0.000012
    40 0.007815 1.078628 0.003938 0.397466 -0.016467 0.095745
    41 -0.367996 -4.208406 0.173244 3.591035 1.047878 2.961774
    42 0.387543 4.063877 -0.188864 3.267525 1.141196 3.001635
    43 0.000000 -2.372318 -0.000004 0.286293 0.000000 -0.000012
    44 -0.000006 2.255127 -0.007845 0.643814 0.003679 -0.009569
    45 0.000004 -1.580070 -0.000001 -0.151725 0.014621 0.051378
    46 -0.000002 1.486417 0.066438 -0.108534 -0.003874 -0.009516
    47 -0.937645 -3.860697 -0.959317 3.824116 1.073933 3.173757
    48 0.957204 3.712272 0.951521 3.435972 0.916897 3.163044
    49 0.000000 -1.690632 0.000000 0.118415 0.000000 -0.000012
    50 0.011706 1.534411 0.000021 0.475125 -0.023842 0.094187
    51 -0.000002 -1.423443 0.000002 0.283675 0.000000 -0.000012
    52 0.007820 1.274978 0.023466 0.287582 -0.005837 0.096967
    53 -1.546646 -3.404194 -1.915569 3.592087 0.942053 3.151332
    54 1.566193 3.259681 1.919491 3.704778 1.067506 3.390052
    55 0.000004 -1.437820 0.000000 0.426563 0.000000 -0.000012
    56 -0.000021 1.328492 0.031281 0.238453 -0.000380 -0.010247
    57 -0.000002 -1.059402 0.000000 0.085813 0.000000 -0.000012
    58 0.007818 0.910930 0.000008 0.467924 -0.023166 0.094346
    59 -0.000004 -13.013485 -0.000004 0.000000 0.000000 0.000000
    60 0.000000 -10.813480 -0.000004 0.000000 0.000000 0.000000
  time 108
    0 3.357682 4.730613 -15.507329 -1.559952 0.000000 -0.000070
    1 -14.067228 1.131100 -18.252413 -1.424462 0.066780 -0.531204
    2 0.000000 14.313023 0.000003 -0.527092 -0.223979 -1.166189
    3 -0.000011 13.013483 -0.000005 -0.031245 -0.696799 0.290923
    4 8.926442 5.506249 -17.635204 1.359735 -0.049047 -0.708316
    5 0.000000 -14.313034 0.000000 -1.385387 -0.021416 0.050449
    6 -0.000004 -13.013485 -0.000004 -0.801611 -0.985482 0.998564
    7 -1.330879 -2.698427 0.462449 -0.194886 -0.547260 3.056712
    8 1.330910 2.698444 -0.462436 0.194890 0.547268 -0.084879
    9 -400.888574 203.464352 -503.123986 -1.729097 0.672445 -0.307448
    10 3.556210 4.238403 0.987502 -1.090396 0.577049 -0.321829
    11 4.139183 5.092691 1.421975 -1.090396 0.577049 -0.321829
    12 4.777527 6.028128 1.897721 -1.090396 0.577049 -0.321829
    13 5.490345 7.072691 2.428969 -1.090396 0.577049 -0.321829
    14 6.564566 8.646956 3.229776 -1.090396 0.577049 -0.321829
    15 7.558525 6.997282 -2.354134 -1.937336 -0.275393 3.010581
    16 7.558525 6.997282 -2.354134 1.937336 0.275393 -0.131011
    17 -2.867767 -2.740969 0.531125 2.051196 0.577049 -0.321829
    18 4.324081 2.744001 -0.524877 -1.090396 0.577049 -0.321829
    19 5.012512 3.752832 -0.011802 -1.090396 0.577049 -0.321829
    20 5.595486 4.607124 0.422674 -1.090396 0.577049 -0.321829
    21 6.233833 5.542564 0.898426 -1.090396 0.577049 -0.321829
    22 6.946648 6.587124 1.429667 -1.090396 0.577049 -0.321829
    23 7.537933 7.453606 1.870349 -1.090396 0.577049 -0.321829
    24 8.154472 8.357077 2.329839 -1.090396 0.577049 -0.321829
    25 8.874294 9.411907 2.866308 -1.090396 0.577049 -0.321829
    26 -4.125858 -2.321501 1.394414 2.051196 0.577049 -0.321829
    27 -4.826813 -3.348669 0.872014 2.051196 0.577049 -0.321829
    28 -5.441669 -4.249685 0.413772 2.051196 0.577049 -0.321829
    29 -0.552532 -1.343527 1.604446 -0.530997 0.454398 -0.325186
    30 0.552589 1.343534 -1.604463 -0.702917 0.784105 -0.297282
    31 0.000000 -2.021618 -0.000004 0.590875 0.000000 0.000000
    32 -0.000021 2.021633 0.000027 -0.024406 0.000000 0.000000
    33 -0.000004 -1.136217 -0.000004 -0.665682 0.000000 0.000000
    34 -0.000011 1.136200 -0.000019 -0.429844 0.000000 0.000000
    35 -0.032677 -4.587727 1.352317 3.428263 1.140367 2.939475
    36 0.048344 4.443237 -1.367917 3.133184 1.249779 2.818667
    37 0.000000 -1.754536 -0.000002 0.238778 -0.000012 -0.009037
    38 0.007807 1.609985 0.011685 0.338614 -0.010690 0.099113
    39 0.000000 -1.227020 -0.000002 0.090390 -0.001414 -0.008941
    40 0.007815 1.078628 0.007844 0.396667 -0.016467 0.098322
    41 -0.367996 -4.208406 0.173244 3.538135 1.048711 2.981279
    42 0.387543 4.063877 -0.188864 3.261507 1.140363 2.995907
    43 0.000000 -2.372318 -0.000004 0.217558 -0.000204 -0.009036
    44 -0.000006 2.255127 -0.011752 0.643068 0.002960 -0.006986
    45 0.000004 -1.580070 -0.000001 -0.167869 0.008233 0.030669
    46 -0.000002 1.486417 0.070344 -0.109331 -0.002594 -0.007131
    47 -0.937645 -3.860697 -0.959317 3.771998 1.073567 3.198254
    48 0.957204 3.712272 0.951521 3.432071 0.916558 3.158870
    49 0.000000 -1.690632 0.000000 0.036970 -0.001750 -0.008893
    50 0.011706 1.538318 0.000021 0.474374 -0.024037 0.096751
    51 -0.000002 -1.423443 0.000002 0.220431 -0.000228 -0.009037
    52 0.011727 1.274978 0.019560 0.286922 -0.005549 0.099520
    53 -1.546646 -3.404194 -1.915569 3.532834 0.944473 3.175964
    54 1.566193 3.259681 1.919491 3.699333 1.067794 3.384758
    55 0.000004 -1.437820 0.000000 0.354429 0.001079 -0.008977
    56 -0.000021 1.328492 0.031281 0.237651 0.000000 -0.007591
    57 -0.000002 -1.059402 0.000000 0.017838 -0.002025 -0.008833
    58 0.011725 0.910930 0.000008 0.467154 -0.023346 0.096915
    59 -0.000004 -13.013485 -0.000004 0.000000 0.000000 0.000000
    60 0.000000 -10.813480 -0.000004 0.000000 0.000000 0.000000
  time 109
    0 3.357682 4.730613 -15.507329 -1.559952 0.000000 -0.000070
    1 -14.067228 1.131100 -18.252413 -1.423817 0.065016 -0.542126
    2 0.000000 14.313023 0.000003 -0.557213 -0.299762 -1.184773
    3 -0.000011 13.013483 -0.000005 0.042328 -0.515677 0.215772
    4 9.832720 5.685942 -19.064935 1.307832 -0.012855 -0.703241
    5 0.000000 -14.313034 0.000000 -1.289878 -0.014839 0.065564
    6 -0.000004 -13.013485 -0.000004 -0.904481 -1.049703 1.093816
    7 -1.330879 -2.698427 0.462449 -0.194886 -0.547260 3.056712
    8 1.330910 2.698444 -0.462436 0.194890 0.547268 -0.084879
    9 -412.449199 190.900600 -509.589442 -1.729097 0.672445 -0.307543
    10 3.556210 4.238403 0.987502 -1.090396 0.577049 -0.321829
    11 4.139183 5.092691 1.421975 -1.090396 0.577049 -0.321829
    12 4.777527 6.028128 1.897721 -1.090396 0.577049 -0.321829
    13 5.490345 7.072691 2.428969 -1.090396 0.577049 -0.321829
    14 6.564566 8.646956 3.229776 -1.090396 0.577049 -0.321829
    15 7.558525 6.997282 -2.354134 -1.937336 -0.275393 3.010581
    16 7.558525 6.997282 -2.354134 1.937336 0.275393 -0.131011
    17 -2.867767 -2.740969 0.531125 2.051196 0.577049 -0.321829
    18 4.324081 2.744001 -0.524877 -1.090396 0.577049 -0.321829
    19 5.012512 3.752832 -0.011802 -1.090396 0.577049 -0.321829
    20 5.595486 4.607124 0.422674 -1.090396 0.577049 -0.321829
    21 6.233833 5.542564 0.898426 -1.090396 0.577049 -0.321829
    22 6.946648 6.587124 1.429667 -1.090396 0.577049 -0.321829
    23 7.537933 7.453606 1.870349 -1.090396 0.577049 -0.321829
    24 8.154472 8.357077 2.329839 -1.090396 0.577049 -0.321829
    25 8.874294 9.411907 2.866308 -1.090396 0.577049 -0.321829
    26 -4.125858 -2.321501 1.394414 2.051196 0.577049 -0.321829
    27 -4.826813 -3.348669 0.872014 2.051196 0.577049 -0.321829
    28 -5.441669 -4.249685 0.413772 2.051196 0.577049 -0.321829
    29 -0.552532 -1.343527 1.604446 -0.526869 0.418239 -0.363352
    30 0.552589 1.343534 -1.604463 -0.713788 0.795287 -0.292304
    31 0.000000 -2.021618 -0.000004 0.600954 0.000000 0.000000
    32 -0.000021 2.021633 0.000027 -0.021390 0.000000 0.000000
    33 -0.000004 -1.136217 -0.000004 -0.672234 0.000000 0.000000
    34 -0.000011 1.136200 -0.000019 -0.433841 0.000000 0.000000
    35 -0.032677 -4.587727 1.352317 3.341623 1.140478 2.966320
    36 0.048344 4.443237 -1.371823 2.997061 1.245214 2.789091
    37 0.000000 -1.754536 -0.000002 0.128817 -0.000048 -0.021836
    38 0.007807 1.609985 0.015591 0.229855 -0.010259 0.109683
    39 0.000000 -1.227020 -0.000002 -0.009468 -0.003428 -0.021584
    40 0.007815 1.078628 0.007844 0.287898 -0.016647 0.108904
    41 -0.367996 -4.208406 0.173244 3.449309 1.050743 3.009994
    42 0.387543 4.063877 -0.192771 3.131187 1.137198 2.972068
    43 0.000000 -2.372318 -0.000004 0.105648 -0.000491 -0.021836
    44 -0.000006 2.255127 -0.007845 0.534355 0.000144 0.003358
    45 0.000004 -1.580070 -0.000001 -0.226446 0.000000 0.004338
    46 -0.000002 1.486417 0.070344 -0.217874 0.002402 0.002325
    47 -0.937645 -3.860697 -0.959317 3.685042 1.074820 3.237166
    48 0.957204 3.712272 0.947614 3.309812 0.915324 3.141619
    49 0.000000 -1.690632 0.000000 -0.102473 -0.004195 -0.021453
    50 0.011706 1.534411 0.000021 0.365512 -0.025037 0.107274
    51 -0.000002 -1.423443 0.000002 0.120362 -0.000551 -0.021836
    52 0.007820 1.278884 0.019560 0.178346 -0.004554 0.110054
    53 -1.546646 -3.404194 -1.915569 3.432695 0.949285 3.216479
    54 1.566193 3.259681 1.919491 3.571505 1.069293 3.362965
    55 0.000004 -1.437820 0.000000 0.235135 0.002601 -0.021692
    56 -0.000021 1.328492 0.031281 0.129062 0.001485 0.003029
    57 -0.000002 -1.059402 0.000000 -0.092173 -0.004890 -0.021309
    58 0.007818 0.910930 0.000008 0.358270 -0.024293 0.107458
    59 -0.000004 -13.013485 -0.000004 0.000000 0.000000 0.000000
    60 0.000000 -10.813480 -0.000004 0.000000 0.000000 0.000000
  time 110
    0 3.357682 4.730613 -15.507329 -1.559952 0.000000 -0.000070
    1 -14.067228 1.209228 -18.252413 -1.420960 0.057100 -0.591621
    2 0.000000 14.313023 0.000003 -0.593444 -0.366337 -1.201346
    3 -0.000011 13.013483 -0.000005 0.089434 -0.470208 0.132473
    4 10.785874 5.689848 -20.447790 1.259280 0.033191 -0.665315
    5 0.000000 -14.313034 0.000000 -1.176655 -0.001157 0.087034
    6 -0.000004 -13.013485 -0.000004 -0.879258 -1.023659 1.054342
    7 -1.330879 -2.698427 0.462449 -0.194886 -0.547260 3.056712
    8 1.330910 2.698444 -0.462436 0.194890 0.547268 -0.084879
    9 -423.329786 181.085170 -516.054898 -1.729097 0.672445 -0.307543
    10 3.556210 4.238403 0.987502 -1.090396 0.577049 -0.321829
    11 4.139183 5.092691 1.421975 -1.090396 0.577049 -0.321829
    12 4.777527 6.028128 1.897721 -1.090396 0.577049 -0.321829
    13 5.490345 7.072691 2.428969 -1.090396 0.577049 -0.321829
    14 6.564566 8.646956 3.229776 -1.090396 0.577049 -0.321829
    15 7.558525 6.997282 -2.354134 -1.937336 -0.275393 3.010581
    16 7.558525 6.997282 -2.354134 1.937336 0.275393 -0.131011
    17 -2.867767 -2.740969 0.531125 2.051196 0.577049 -0.321829
    18 4.324081 2.744001 -0.524877 -1.090396 0.577049 -0.321829
    19 5.012512 3.752832 -0.011802 -1.090396 0.577049 -0.321829
    20 5.595486 4.607124 0.422674 -1.090396 0.577049 -0.321829
    21 6.233833 5.542564 0.898426 -1.090396 0.577049 -0.321829
    22 6.946648 6.587124 1.429667 -1.090396 0.577049 -0.321829
    23 7.537933 7.453606 1.870349 -1.090396 0.577049 -0.321829
    24 8.154472 8.357077 2.329839 -1.090396 0.577049 -0.321829
    25 8.874294 9.411907 2.866308 -1.090396 0.577049 -0.321829
    26 -4.125858 -2.321501 1.394414 2.051196 0.577049 -0.321829
    27 -4.826813 -3.348669 0.872014 2.051196 0.577049 -0.321829
    28 -5.441669 -4.249685 0.413772 2.051196 0.577049 -0.321829
    29 -0.552532 -1.343527 1.604446 -0.522283 0.378527 -0.405267
    30 0.552589 1.343534 -1.604463 -0.721993 0.803772 -0.288500
    31 0.000000 -2.021618 -0.000004 0.610571 0.000000 0.000000
    32 -0.000021 2.021633 0.000027 -0.017749 0.000000 0.000000
    33 -0.000004 -1.136217 -0.000004 -0.678370 0.000000 0.000000
    34 -0.000011 1.136200 -0.000019 -0.438302 0.000000 0.000000
    35 -0.032677 -4.587727 1.352317 3.261755 1.139884 2.993621
    36 0.048344 4.443237 -1.371823 2.751726 1.237643 2.739646
    37 0.000000 -1.754536 -0.000002 0.024846 -0.000072 -0.033773
    38 0.011713 1.609985 0.011685 0.031431 -0.009576 0.127396
    39 0.000000 -1.227020 -0.000002 -0.109858 -0.005213 -0.033341
    40 0.007815 1.082534 0.003938 0.089464 -0.016970 0.126605
    41 -0.367996 -4.208406 0.173244 3.365063 1.049677 3.034452
    42 0.387543 4.063877 -0.192771 2.896503 1.132000 2.931975
    43 0.000000 -2.372318 -0.000004 0.000954 -0.000767 -0.033761
    44 -0.000006 2.255127 -0.007845 0.336056 -0.004434 0.020367
    45 0.000004 -1.580070 -0.000001 -0.294087 -0.007562 -0.019607
    46 -0.000002 1.486417 0.070344 -0.416015 0.010658 0.017929
    47 -0.937645 -3.860697 -0.959317 3.601244 1.071977 3.264184
    48 0.957204 3.712272 0.951521 3.088427 0.913319 3.112869
    49 0.000000 -1.690632 0.000000 -0.216658 -0.006388 -0.033150
    50 0.011706 1.538318 0.000021 0.166765 -0.026760 0.124915
    51 -0.000002 -1.423443 0.000002 0.019694 -0.000851 -0.033761
    52 0.007820 1.278884 0.019560 -0.019938 -0.002972 0.127720
    53 -1.546646 -3.404194 -1.915569 3.342062 0.948881 3.242109
    54 1.566193 3.259681 1.919491 3.340770 1.071828 3.326286
    55 0.000004 -1.437820 0.000000 0.127879 0.003955 -0.033521
    56 -0.000021 1.328492 0.035188 -0.069146 0.003910 0.020474
    57 -0.000002 -1.059402 0.000000 -0.196204 -0.007454 -0.032934
    58 0.011725 0.910930 0.000008 0.159697 -0.025863 0.125110
    59 -0.000004 -13.013485 -0.000004 0.000000 0.000000 0.000000
    60 0.000000 -10.813480 -0.000004 0.000000 0.000000 0.000000
  time 111
    0 3.357682 4.730613 -15.507329 -1.559952 0.000000 -0.000070
    1 -14.067228 1.131100 -18.252413 -1.418288 0.049946 -0.635922
    2 0.000000 14.313023 0.000003 -0.636824 -0.437843 -1.218241
    3 -0.000011 13.013483 -0.000005 0.131762 -0.499358 0.044861
    4 11.688245 5.600002 -22.010337 1.212166 0.086285 -0.638404
    5 0.000000 -14.313034 0.000000 -1.038478 0.015930 0.116398
    6 -0.000004 -13.013485 -0.000004 -0.774227 -0.937590 0.934968
    7 -1.330879 -2.698427 0.462449 -0.194886 -0.547260 3.056712
    8 1.330910 2.698444 -0.462436 0.194890 0.547268 -0.084879
    9 -433.375783 173.968983 -522.469843 -1.729097 0.672445 -0.307448
    10 3.556210 4.238403 0.987502 -1.090396 0.577049 -0.321829
    11 4.139183 5.092691 1.421975 -1.090396 0.577049 -0.321829
    12 4.777527 6.028128 1.897721 -1.090396 0.577049 -0.321829
    13 5.490345 7.072691 2.428969 -1.090396 0.577049 -0.321829
    14 6.564566 8.646956 3.229776 -1.090396 0.577049 -0.321829
    15 7.558525 6.997282 -2.354134 -1.937336 -0.275393 3.010581
    16 7.558525 6.997282 -2.354134 1.937336 0.275393 -0.131011
    17 -2.867767 -2.740969 0.531125 2.051196 0.577049 -0.321829
    18 4.324081 2.744001 -0.524877 -1.090396 0.577049 -0.321829
    19 5.012512 3.752832 -0.011802 -1.090396 0.577049 -0.321829
    20 5.595486 4.607124 0.422674 -1.090396 0.577049 -0.321829
    21 6.233833 5.542564 0.898426 -1.090396 0.577049 -0.321829
    22 6.946648 6.587124 1.429667 -1.090396 0.577049 -0.321829
    23 7.537933 7.453606 1.870349 -1.090396 0.577049 -0.321829
    24 8.154472 8.357077 2.329839 -1.090396 0.577049 -0.321829
    25 8.874294 9.411907 2.866308 -1.090396 0.577049 -0.321829
    26 -4.125858 -2.321501 1.394414 2.051196 0.577049 -0.321829
    27 -4.826813 -3.348669 0.872014 2.051196 0.577049 -0.321829
    28 -5.441669 -4.249685 0.413772 2.051196 0.577049 -0.321829
    29 -0.552532 -1.343527 1.604446 -0.517421 0.336056 -0.450053
    30 0.552589 1.343534 -1.604463 -0.726122 0.808054 -0.286588
    31 0.000000 -2.021618 -0.000004 0.619367 0.000000 0.000000
    32 -0.000021 2.021633 0.000027 -0.013701 0.000000 0.000000
    33 -0.000004 -1.136217 -0.000004 -0.684117 0.000000 0.000000
    34 -0.000011 1.136200 -0.000019 -0.443647 0.000000 0.000000
    35 -0.032677 -4.587727 1.352317 3.253594 1.137694 3.012201
    36 0.048344 4.439330 -1.367917 2.581571 1.232001 2.702487
    37 0.000000 -1.754536 -0.000002 -0.002350 -0.000084 -0.038782
    38 0.007807 1.609985 0.015591 -0.103588 -0.009048 0.140687
    39 0.000000 -1.227020 -0.000002 -0.155345 -0.005992 -0.038315
    40 0.007815 1.086441 0.007844 -0.045598 -0.017246 0.139932
    41 -0.367996 -4.208406 0.173244 3.347729 1.041182 3.037780
    42 0.387543 4.063877 -0.188864 2.734658 1.128069 2.901867
    43 0.000000 -2.372318 -0.000004 -0.022710 -0.000875 -0.038770
    44 -0.000006 2.255127 -0.007845 0.201151 -0.007934 0.033158
    45 0.000004 -1.580070 -0.000001 -0.334511 -0.011409 -0.032011
    46 -0.000002 1.486417 0.066438 -0.550840 0.016846 0.029626
    47 -0.937645 -3.860697 -0.959317 3.579598 1.058647 3.247406
    48 0.957204 3.712272 0.951521 2.936811 0.911838 3.091128
    49 0.000000 -1.690632 0.000000 -0.190435 -0.007347 -0.038075
    50 0.011706 1.534411 0.000021 0.031564 -0.028038 0.138170
    51 -0.000002 -1.423443 0.000002 -0.025247 -0.000971 -0.038758
    52 0.011727 1.278884 0.019560 -0.154868 -0.001786 0.140987
    53 -1.546646 -3.404194 -1.915569 3.335232 0.935570 3.216019
    54 1.566193 3.259681 1.919491 3.182024 1.073730 3.298892
    55 0.000004 -1.437820 0.000000 0.117493 0.004530 -0.038507
    56 -0.000021 1.328492 0.031281 -0.204027 0.005774 0.033600
    57 -0.000002 -1.059402 0.000000 -0.223092 -0.008581 -0.037811
    58 0.011725 0.907024 0.000008 0.024451 -0.027049 0.138376
    59 -0.000004 -13.013485 -0.000004 0.000000 0.000000 0.000000
    60 0.000000 -10.813480 -0.000004 0.000000 0.000000 0.000000
  time 112
    0 3.357682 4.730613 -15.507329 -1.559952 0.000000 -0.000070
    1 -14.121917 0.810778 -18.252413 -1.416630 0.048420 -0.634242
    2 0.000000 14.313023 0.000003 -0.685091 -0.509752 -1.235015
    3 -0.000011 13.013483 -0.000005 0.169409 -0.565910 -0.041218
    4 12.262481 5.494530 -23.494758 1.168115 0.121379 -0.657654
    5 0.000000 -14.313034 0.000000 -0.897609 0.037479 0.146196
    6 -0.000004 -13.013485 -0.000004 -0.619471 -0.810699 0.766586
    7 -1.330879 -2.698427 0.462449 -0.194886 -0.547260 3.056712
    8 1.330910 2.698444 -0.462436 0.194890 0.547268 -0.084879
    9 -442.556279 170.091887 -528.884787 -1.729097 0.672445 -0.307448
    10 3.556210 4.238403 0.987502 -1.090396 0.577049 -0.321829
    11 4.139183 5.092691 1.421975 -1.090396 0.577049 -0.321829
    12 4.777527 6.028128 1.897721 -1.090396 0.577049 -0.321829
    13 5.490345 7.072691 2.428969 -1.090396 0.577049 -0.321829
    14 6.564566 8.646956 3.229776 -1.090396 0.577049 -0.321829
    15 7.558525 6.997282 -2.354134 -1.937336 -0.275393 3.010581
    16 7.558525 6.997282 -2.354134 1.937336 0.275393 -0.131011
    17 -2.867767 -2.740969 0.531125 2.051196 0.577049 -0.321829
    18 4.324081 2.744001 -0.524877 -1.090396 0.577049 -0.321829
    19 5.012512 3.752832 -0.011802 -1.090396 0.577049 -0.321829
    20 5.595486 4.607124 0.422674 -1.090396 0.577049 -0.321829
    21 6.233833 5.542564 0.898426 -1.090396 0.577049 -0.321829
    22 6.946648 6.587124 1.429667 -1.090396 0.577049 -0.321829
    23 7.537933 7.453606 1.870349 -1.090396 0.577049 -0.321829
    24 8.154472 8.357077 2.329839 -1.090396 0.577049 -0.321829
    25 8.874294 9.411907 2.866308 -1.090396 0.577049 -0.321829
    26 -4.125858 -2.321501 1.394414 2.051196 0.577049 -0.321829
    27 -4.826813 -3.348669 0.872014 2.051196 0.577049 -0.321829
    28 -5.441669 -4.249685 0.413772 2.051196 0.577049 -0.321829
    29 -0.552532 -1.343527 1.604446 -0.513386 0.292482 -0.496174
    30 0.552589 1.343534 -1.604463 -0.724528 0.806349 -0.287348
    31 0.000000 -2.021618 -0.000004 0.627405 0.000000 0.000000
    32 -0.000021 2.021633 0.000027 -0.009300 0.000000 0.000000
    33 -0.000004 -1.136217 -0.000004 -0.689448 0.000000 0.000000
    34 -0.000011 1.136200 -0.000019 -0.449456 0.000000 0.000000
    35 -0.032677 -4.587727 1.352317 3.314885 1.133686 3.023425
    36 0.048344 4.439330 -1.367917 2.542679 1.237902 2.697633
    37 0.000000 -1.754536 -0.000002 0.044902 -0.000084 -0.037260
    38 0.007807 1.609985 0.011685 -0.124224 -0.008917 0.144342
    39 0.000000 -1.227020 -0.000002 -0.149454 -0.005777 -0.036793
    40 0.007815 1.082534 0.007844 -0.051656 -0.017318 0.143647
    41 -0.367996 -4.208406 0.173244 3.394971 1.024524 3.020133
    42 0.387543 4.063877 -0.188864 2.702684 1.132467 2.899622
    43 0.000000 -2.372318 -0.000004 0.032116 -0.000839 -0.037260
    44 -0.000006 2.255127 -0.011752 0.170968 -0.008917 0.036688
    45 0.000004 -1.580070 -0.000001 -0.344322 -0.011913 -0.034084
    46 -0.000002 1.486417 0.070344 -0.559772 0.018634 0.032946
    47 -0.937645 -3.860697 -0.959317 3.617595 1.034432 3.186675
    48 0.957204 3.712272 0.951521 2.906618 0.912980 3.100502
    49 0.000000 -1.690632 0.000000 -0.027044 -0.007071 -0.036589
    50 0.011706 1.534411 0.000021 -0.019312 -0.028399 0.141826
    51 -0.000002 -1.423443 0.000002 -0.018111 -0.000947 -0.037212
    52 0.011727 1.278884 0.019560 -0.168523 -0.001426 0.144630
    53 -1.546646 -3.404194 -1.915569 3.409714 0.907995 3.137673
    54 1.566193 3.259681 1.919491 3.152213 1.087503 3.322526
    55 0.000004 -1.437820 0.000000 0.201476 0.004362 -0.037009
    56 -0.000021 1.328492 0.031281 -0.255169 0.006302 0.037209
    57 -0.000002 -1.059402 0.000000 -0.175353 -0.008245 -0.036337
    58 0.011725 0.910930 0.000008 0.012307 -0.027397 0.142021
    59 -0.000004 -13.013485 -0.000004 0.000000 0.000000 0.000000
    60 0.000000 -10.813480 -0.000004 0.000000 0.000000 0.000000
  time 113
    0 3.357682 4.730613 -15.507329 -1.559952 0.000000 -0.000070
    1 -14.278172 0.427954 -18.252413 -1.411562 0.043890 -0.630958
    2 0.000000 14.313023 0.000003 -0.734764 -0.577685 -1.251186
    3 -0.000011 13.013483 -0.000005 0.201991 -0.647934 -0.122791
    4 12.660931 5.303118 -24.815111 1.128183 0.149461 -0.679777
    5 0.000000 -14.313034 0.000000 -0.775889 0.063588 0.169110
    6 -0.000004 -13.013485 -0.000004 -0.452556 -0.668391 0.587525
    7 -1.330879 -2.698427 0.462449 -0.194886 -0.547260 3.056712
    8 1.330910 2.698444 -0.462436 0.194890 0.547268 -0.084879
    9 -450.685809 169.601116 -535.249221 -1.729097 0.672445 -0.307543
    10 3.556210 4.238403 0.987502 -1.090396 0.577049 -0.321829
    11 4.139183 5.092691 1.421975 -1.090396 0.577049 -0.321829
    12 4.777527 6.028128 1.897721 -1.090396 0.577049 -0.321829
    13 5.490345 7.072691 2.428969 -1.090396 0.577049 -0.321829
    14 6.564566 8.646956 3.229776 -1.090396 0.577049 -0.321829
    15 7.558525 6.997282 -2.354134 -1.937336 -0.275393 3.010581
    16 7.558525 6.997282 -2.354134 1.937336 0.275393 -0.131011
    17 -2.867767 -2.740969 0.531125 2.051196 0.577049 -0.321829
    18 4.324081 2.744001 -0.524877 -1.090396 0.577049 -0.321829
    19 5.012512 3.752832 -0.011802 -1.090396 0.577049 -0.321829
    20 5.595486 4.607124 0.422674 -1.090396 0.577049 -0.321829
    21 6.233833 5.542564 0.898426 -1.090396 0.577049 -0.321829
    22 6.946648 6.587124 1.429667 -1.090396 0.577049 -0.321829
    23 7.537933 7.453606 1.870349 -1.090396 0.577049 -0.321829
    24 8.154472 8.357077 2.329839 -1.090396 0.577049 -0.321829
    25 8.874294 9.411907 2.866308 -1.090396 0.577049 -0.321829
    26 -4.125858 -2.321501 1.394414 2.051196 0.577049 -0.321829
    27 -4.826813 -3.348669 0.872014 2.051196 0.577049 -0.321829
    28 -5.441669 -4.249685 0.413772 2.051196 0.577049 -0.321829
    29 -0.552532 -1.343527 1.604446 -0.507393 0.249153 -0.541838
    30 0.552589 1.343534 -1.604463 -0.715565 0.797111 -0.291478
    31 0.000000 -2.021618 -0.000004 0.634644 0.000000 0.000000
    32 -0.000021 2.021633 0.000027 -0.004138 0.000000 0.000000
    33 -0.000004 -1.136217 -0.000004 -0.694029 0.000000 0.000000
    34 -0.000011 1.136200 -0.000019 -0.455777 0.000000 0.000000
    35 -0.032677 -4.587727 1.352317 3.398225 1.128713 3.033511
    36 0.048344 4.439330 -1.367917 2.553444 1.246661 2.699453
    37 0.000000 -1.754536 -0.000002 0.113548 -0.000072 -0.033905
    38 0.007807 1.609985 0.011685 -0.101910 -0.008893 0.144834
    39 0.000000 -1.227020 -0.000002 -0.129801 -0.005225 -0.033473
    40 0.007815 1.086441 0.003938 -0.009653 -0.017330 0.144211
    41 -0.367996 -4.208406 0.173244 3.461433 1.003735 2.995830
    42 0.387543 4.063877 -0.188864 2.719839 1.138997 2.904034
    43 0.000000 -2.372318 -0.000004 0.110284 -0.000767 -0.033893
    44 -0.000006 2.255127 -0.007845 0.180444 -0.009024 0.037143
    45 0.000004 -1.580070 -0.000001 -0.350450 -0.011325 -0.032790
    46 -0.000002 1.486417 0.070344 -0.521998 0.018880 0.033413
    47 -0.937645 -3.860697 -0.959317 3.672593 1.004317 3.107985
    48 0.957204 3.712272 0.951521 2.922597 0.914954 3.117674
    49 0.000000 -1.690632 0.000000 0.187404 -0.006412 -0.033293
    50 0.011706 1.538318 0.000021 -0.037489 -0.028455 0.142305
    51 -0.000002 -1.423443 0.000002 0.002807 -0.000851 -0.033881
    52 0.011727 1.278884 0.019560 -0.136956 -0.001390 0.145085
    53 -1.546646 -3.404194 -1.915569 3.510499 0.873506 3.037534
    54 1.566193 3.259681 1.919491 3.170856 1.103869 3.356903
    55 0.000004 -1.437820 0.000000 0.315955 0.003967 -0.033689
    56 -0.000021 1.328492 0.031281 -0.273766 0.006368 0.037677
    57 -0.000002 -1.059402 0.000000 -0.106037 -0.007490 -0.033066
    58 0.007818 0.910930 0.000008 0.046015 -0.027445 0.142496
    59 -0.000004 -13.013485 -0.000004 0.000000 0.000000 0.000000
    60 0.000000 -10.813480 -0.000004 0.000000 0.000000 0.000000
  time 114
    0 3.357682 4.730613 -15.507329 -1.559952 0.000000 -0.000070
    1 -14.516460 -0.005653 -18.252413 -1.403545 0.036355 -0.626680
    2 0.000000 14.313023 0.000003 -0.782910 -0.639102 -1.266351
    3 -0.000011 13.013483 -0.000005 0.228936 -0.732552 -0.198038
    4 12.903126 4.986702 -25.885456 1.094762 0.169130 -0.704869
    5 0.000000 -14.313034 0.000000 -0.697794 0.095713 0.176716
    6 -0.000004 -13.013485 -0.000004 -0.307799 -0.532651 0.433159
    7 -1.330879 -2.698427 0.462449 -0.194886 -0.547260 3.056712
    8 1.330910 2.698444 -0.462436 0.194890 0.547268 -0.084879
    9 -457.764373 172.840208 -541.613654 -1.729097 0.672445 -0.307543
    10 3.556210 4.238403 0.987502 -1.090396 0.577049 -0.321829
    11 4.139183 5.092691 1.421975 -1.090396 0.577049 -0.321829
    12 4.777527 6.028128 1.897721 -1.090396 0.577049 -0.321829
    13 5.490345 7.072691 2.428969 -1.090396 0.577049 -0.321829
    14 6.564566 8.646956 3.229776 -1.090396 0.577049 -0.321829
    15 7.558525 6.997282 -2.354134 -1.937336 -0.275393 3.010581
    16 7.558525 6.997282 -2.354134 1.937336 0.275393 -0.131011
    17 -2.867767 -2.740969 0.531125 2.051196 0.577049 -0.321829
    18 4.324081 2.744001 -0.524877 -1.090396 0.577049 -0.321829
    19 5.012512 3.752832 -0.011802 -1.090396 0.577049 -0.321829
    20 5.595486 4.607124 0.422674 -1.090396 0.577049 -0.321829
    21 6.233833 5.542564 0.898426 -1.090396 0.577049 -0.321829
    22 6.946648 6.587124 1.429667 -1.090396 0.577049 -0.321829
    23 7.537933 7.453606 1.870349 -1.090396 0.577049 -0.321829
    24 8.154472 8.357077 2.329839 -1.090396 0.577049 -0.321829
    25 8.874294 9.411907 2.866308 -1.090396 0.577049 -0.321829
    26 -4.125858 -2.321501 1.394414 2.051196 0.577049 -0.321829
    27 -4.826813 -3.348669 0.872014 2.051196 0.577049 -0.321829
    28 -5.441669 -4.249685 0.413772 2.051196 0.577049 -0.321829
    29 -0.552532 -1.343527 1.604446 -0.502532 0.207193 -0.586149
    30 0.552589 1.343534 -1.604463 -0.697377 0.778396 -0.299847
    31 0.000000 -2.021618 -0.000004 0.641083 0.000000 0.000000
    32 -0.000021 2.021633 0.000027 0.001459 0.000000 0.000000
    33 -0.000004 -1.136217 -0.000004 -0.698193 0.000000 0.000000
    34 -0.000011 1.136200 -0.000019 -0.462980 0.000000 0.000000
    35 -0.032677 -4.587727 1.352317 3.500926 1.123072 3.042460
    36 0.048344 4.439330 -1.367917 2.601104 1.247404 2.699757
    37 0.000000 -1.754536 -0.000002 0.201019 -0.000060 -0.029003
    38 0.007807 1.609985 0.015591 -0.054923 -0.008917 0.144318
    39 0.000000 -1.227020 -0.000002 -0.098849 -0.004446 -0.028667
    40 0.007815 1.082534 0.003938 0.039273 -0.017318 0.143695
    41 -0.367996 -4.208406 0.173244 3.544781 0.979881 2.965644
    42 0.387543 4.067783 -0.192771 2.767710 1.139563 2.904808
    43 0.000000 -2.372318 -0.000004 0.208689 -0.000635 -0.029003
    44 -0.000006 2.255127 -0.007845 0.226114 -0.008893 0.036651
    45 0.000004 -1.580070 -0.000001 -0.353230 -0.009947 -0.028979
    46 -0.000002 1.486417 0.066438 -0.473416 0.018634 0.032982
    47 -0.937645 -3.860697 -0.959317 3.742734 0.969952 3.015038
    48 0.957204 3.712272 0.947614 2.969791 0.915139 3.119328
    49 0.000000 -1.690632 0.000000 0.444079 -0.005453 -0.028464
    50 0.011706 1.534411 0.000021 0.005225 -0.028399 0.141802
    51 -0.000002 -1.423443 0.000002 0.035219 -0.000707 -0.029015
    52 0.007820 1.278884 0.023466 -0.089018 -0.001438 0.144594
    53 -1.546646 -3.404194 -1.915569 3.634081 0.833714 2.919824
    54 1.566193 3.259681 1.919491 3.218849 1.104935 3.359128
    55 0.000004 -1.437820 0.000000 0.456634 0.003368 -0.028799
    56 -0.000021 1.328492 0.031281 -0.231068 0.006285 0.037191
    57 -0.000002 -1.059402 0.000000 -0.017798 -0.006388 -0.028284
    58 0.011725 0.910930 0.000008 0.094177 -0.027397 0.141993
    59 -0.000004 -13.013485 -0.000004 0.000000 0.000000 0.000000
    60 0.000000 -10.813480 -0.000004 0.000000 0.000000 0.000000
  time 115
    0 3.357682 4.730613 -15.507329 -1.559952 0.000000 -0.000070
    1 -14.817250 -0.470511 -18.252413 -1.392948 0.026054 -0.620799
    2 0.000000 14.313023 0.000003 -0.825556 -0.691662 -1.280189
    3 -0.000011 13.013483 -0.000005 0.248715 -0.807453 -0.263508
    4 13.008598 4.631222 -26.655010 1.069193 0.180613 -0.728428
    5 0.000000 -14.313034 0.000000 -0.682055 0.133886 0.162659
    6 -0.000004 -13.013485 -0.000004 -0.217630 -0.425145 0.336192
    7 -1.330879 -2.698427 0.462449 -0.194886 -0.547260 3.056712
    8 1.330910 2.698444 -0.462436 0.194890 0.547268 -0.084879
    9 -463.637417 179.858241 -548.028598 -1.729097 0.672445 -0.307543
    10 3.556210 4.238403 0.987502 -1.090396 0.577049 -0.321829
    11 4.139183 5.092691 1.421975 -1.090396 0.577049 -0.321829
    12 4.777527 6.028128 1.897721 -1.090396 0.577049 -0.321829
    13 5.490345 7.072691 2.428969 -1.090396 0.577049 -0.321829
    14 6.564566 8.646956 3.229776 -1.090396 0.577049 -0.321829
    15 7.558525 6.997282 -2.354134 -1.937336 -0.275393 3.010581
    16 7.558525 6.997282 -2.354134 1.937336 0.275393 -0.131011
    17 -2.867767 -2.740969 0.531125 2.051196 0.577049 -0.321829
    18 4.324081 2.744001 -0.524877 -1.090396 0.577049 -0.321829
    19 5.012512 3.752832 -0.011802 -1.090396 0.577049 -0.321829
    20 5.595486 4.607124 0.422674 -1.090396 0.577049 -0.321829
    21 6.233833 5.542564 0.898426 -1.090396 0.577049 -0.321829
    22 6.946648 6.587124 1.429667 -1.090396 0.577049 -0.321829
    23 7.537933 7.453606 1.870349 -1.090396 0.577049 -0.321829
    24 8.154472 8.357077 2.329839 -1.090396 0.577049 -0.321829
    25 8.874294 9.411907 2.866308 -1.090396 0.577049 -0.321829
    26 -4.125858 -2.321501 1.394414 2.051196 0.577049 -0.321829
    27 -4.826813 -3.348669 0.872014 2.051196 0.577049 -0.321829
    28 -5.441669 -4.249685 0.413772 2.051196 0.577049 -0.321829
    29 -0.552532 -1.343527 1.604446 -0.498068 0.168093 -0.627387
    30 0.552589 1.343534 -1.604463 -0.668031 0.748143 -0.313389
    31 0.000000 -2.021618 -0.000004 0.646639 0.000000 0.000000
    32 -0.000021 2.021633 0.000027 0.007464 0.000000 0.000000
    33 -0.000004 -1.136217 -0.000004 -0.701941 0.000000 0.000000
    34 -0.000011 1.136200 -0.000019 -0.470974 0.000000 0.000000
    35 -0.032677 -4.583820 1.352317 3.616040 1.117059 3.050422
    36 0.048344 4.443237 -1.367917 2.684445 1.230517 2.692932
    37 0.000000 -1.754536 -0.000002 0.301486 -0.000048 -0.022975
    38 0.007807 1.609985 0.015591 0.008255 -0.008929 0.144103
    39 0.000000 -1.227020 -0.000002 -0.059784 -0.003512 -0.022759
    40 0.007815 1.086441 0.003938 0.066233 -0.017306 0.143348
    41 -0.367996 -4.208406 0.173244 3.639535 0.954361 2.931588
    42 0.387543 4.067783 -0.188864 2.839920 1.126970 2.894127
    43 0.000000 -2.372318 -0.000004 0.321083 -0.000491 -0.022963
    44 -0.000006 2.255127 -0.007845 0.313243 -0.008821 0.036442
    45 0.000004 -1.580070 -0.000001 -0.353411 -0.008042 -0.023526
    46 -0.000002 1.486417 0.070344 -0.438884 0.018441 0.032634
    47 -0.937645 -3.860697 -0.959317 3.823187 0.933233 2.913269
    48 0.957204 3.712272 0.951521 3.044206 0.911437 3.085615
    49 0.000000 -1.690632 0.000000 0.726204 -0.004302 -0.022543
    50 0.011706 1.538318 0.000021 0.143381 -0.028372 0.141586
    51 -0.000002 -1.423443 0.000002 0.075911 -0.000551 -0.023035
    52 0.011727 1.278884 0.019560 -0.042916 -0.001462 0.144366
    53 -1.546646 -3.404194 -1.915569 3.772522 0.791042 2.791600
    54 1.566193 3.259681 1.923397 3.287793 1.074220 3.291756
    55 0.000004 -1.437820 0.000000 0.614544 0.002661 -0.022819
    56 -0.000021 1.328492 0.035188 -0.092125 0.006252 0.036966
    57 -0.000002 -1.059402 0.000000 0.083521 -0.005046 -0.022399
    58 0.011725 0.914836 0.000008 0.136356 -0.027361 0.141770
    59 -0.000004 -13.013485 -0.000004 0.000000 0.000000 0.000000
    60 0.000000 -10.813480 -0.000004 0.000000 0.000000 0.000000
  time 116
    0 3.357682 4.730613 -15.507329 -1.559952 0.000000 -0.000070
    1 -15.172730 -0.939276 -18.252413 -1.380324 0.013512 -0.613772
    2 0.000000 14.313023 0.000003 -0.861237 -0.733705 -1.292096
    3 -0.000011 13.013483 -0.000005 0.259225 -0.860563 -0.315653
    4 12.992972 4.275743 -27.092524 1.052243 0.182053 -0.750743
    5 0.000000 -14.313034 0.000000 -0.731006 0.178999 0.127759
    6 -0.000004 -13.013485 -0.000004 -0.171690 -0.341676 0.291570
    7 -1.330879 -2.698427 0.462449 -0.194886 -0.547260 3.056712
    8 1.330910 2.698444 -0.462436 0.194890 0.547268 -0.084879
    9 -468.212210 191.145986 -554.443543 -1.729097 0.672445 -0.307448
    10 3.556210 4.238403 0.987502 -1.090396 0.577049 -0.321829
    11 4.139183 5.092691 1.421975 -1.090396 0.577049 -0.321829
    12 4.777527 6.028128 1.897721 -1.090396 0.577049 -0.321829
    13 5.490345 7.072691 2.428969 -1.090396 0.577049 -0.321829
    14 6.564566 8.646956 3.229776 -1.090396 0.577049 -0.321829
    15 7.558525 6.997282 -2.354134 -1.937336 -0.275393 3.010581
    16 7.558525 6.997282 -2.354134 1.937336 0.275393 -0.131011
    17 -2.867767 -2.740969 0.531125 2.051196 0.577049 -0.321829
    18 4.324081 2.744001 -0.524877 -1.090396 0.577049 -0.321829
    19 5.012512 3.752832 -0.011802 -1.090396 0.577049 -0.321829
    20 5.595486 4.607124 0.422674 -1.090396 0.577049 -0.321829
    21 6.233833 5.542564 0.898426 -1.090396 0.577049 -0.321829
    22 6.946648 6.587124 1.429667 -1.090396 0.577049 -0.321829
    23 7.537933 7.453606 1.870349 -1.090396 0.577049 -0.321829
    24 8.154472 8.357077 2.329839 -1.090396 0.577049 -0.321829
    25 8.874294 9.411907 2.866308 -1.090396 0.577049 -0.321829
    26 -4.125858 -2.321501 1.394414 2.051196 0.577049 -0.321829
    27 -4.826813 -3.348669 0.872014 2.051196 0.577049 -0.321829
    28 -5.441669 -4.249685 0.413772 2.051196 0.577049 -0.321829
    29 -0.552532 -1.343527 1.604446 -0.494062 0.133283 -0.664145
    30 0.552589 1.343534 -1.604463 -0.584880 0.662341 -0.351755
    31 0.000000 -2.021618 -0.000004 0.651268 0.000000 0.000000
    32 -0.000021 2.021633 0.000027 0.046099 0.000000 0.000000
    33 -0.000004 -1.136217 -0.000004 -0.704801 0.000000 0.000000
    34 -0.000011 1.136200 -0.000019 -0.520609 0.000000 0.000000
    35 -0.032677 -4.583820 1.352317 3.734367 1.111158 3.057324
    36 0.048344 4.447143 -1.367917 2.836195 1.181934 2.672911
    37 0.000000 -1.754536 -0.000002 0.406607 -0.000024 -0.016479
    38 0.011713 1.609985 0.019498 0.105676 -0.008917 0.144342
    39 0.000000 -1.227020 -0.000002 -0.017388 -0.002457 -0.016359
    40 0.007815 1.090347 0.003938 0.068895 -0.017318 0.143456
    41 -0.367996 -4.208406 0.173244 3.737881 0.929208 2.896371
    42 0.387543 4.067783 -0.192771 2.959103 1.091022 2.862703
    43 0.000000 -2.372318 -0.000004 0.438355 -0.000359 -0.016491
    44 -0.000006 2.255127 -0.007845 0.478419 -0.008893 0.036676
    45 0.000004 -1.580070 -0.000001 -0.351480 -0.005872 -0.017258
    46 -0.000002 1.486417 0.066438 -0.420566 0.018494 0.032742
    47 -0.937645 -3.860697 -0.959317 3.907263 0.897217 2.811026
    48 0.957204 3.712272 0.947614 3.171946 0.900796 2.987941
    49 0.000000 -1.690632 0.000000 1.012341 -0.003080 -0.016191
    50 0.011706 1.542224 0.000021 0.453693 -0.028399 0.141826
    51 -0.000002 -1.423443 0.000002 0.120035 -0.000336 -0.016563
    52 0.007820 1.278884 0.019560 0.005683 -0.001438 0.144618
    53 -1.546646 -3.404194 -1.915569 3.914655 0.748917 2.663070
    54 1.566193 3.259681 1.919491 3.399377 0.986627 3.097848
    55 0.000004 -1.437820 0.000000 0.776797 0.001906 -0.016359
    56 -0.000021 1.328492 0.031281 0.220551 0.006285 0.037209
    57 -0.000002 -1.059402 0.000000 0.189396 -0.003607 -0.016071
    58 0.011725 0.910930 0.000008 0.173796 -0.027385 0.142007
    59 -0.000004 -13.013485 -0.000004 0.000000 0.000000 0.000000
    60 0.000000 -10.813480 -0.000004 0.000000 0.000000 0.000000
  time 117
    0 3.357682 4.730613 -15.507329 -1.559952 0.000000 -0.000070
    1 -15.559461 -1.419759 -18.252413 -1.366318 -0.000842 -0.605599
    2 0.000000 14.313023 0.000003 -0.889342 -0.764929 -1.301750
    3 -0.000011 13.013483 -0.000005 0.256454 -0.877307 -0.349970
    4 12.832811 3.908544 -27.143307 1.042284 0.169926 -0.774398
    5 0.000000 -14.313034 0.000000 -0.818975 0.229995 0.081113
    6 -0.000004 -13.013485 -0.000004 -0.130254 -0.258298 0.261631
    7 -1.330879 -2.698427 0.462449 -0.194886 -0.547260 3.056712
    8 1.330910 2.698444 -0.462436 0.194890 0.547268 -0.084879
    9 -471.426929 206.801598 -560.908999 -1.729097 0.672445 -0.307543
    10 3.556210 4.238403 0.987502 -1.090396 0.577049 -0.321829
    11 4.139183 5.092691 1.421975 -1.090396 0.577049 -0.321829
    12 4.777527 6.028128 1.897721 -1.090396 0.577049 -0.321829
    13 5.490345 7.072691 2.428969 -1.090396 0.577049 -0.321829
    14 6.564566 8.646956 3.229776 -1.090396 0.577049 -0.321829
    15 7.558525 6.997282 -2.354134 -1.937336 -0.275393 3.010581
    16 7.558525 6.997282 -2.354134 1.937336 0.275393 -0.131011
    17 -2.867767 -2.740969 0.531125 2.051196 0.577049 -0.321829
    18 4.324081 2.744001 -0.524877 -1.090396 0.577049 -0.321829
    19 5.012512 3.752832 -0.011802 -1.090396 0.577049 -0.321829
    20 5.595486 4.607124 0.422674 -1.090396 0.577049 -0.321829
    21 6.233833 5.542564 0.898426 -1.090396 0.577049 -0.321829
    22 6.946648 6.587124 1.429667 -1.090396 0.577049 -0.321829
    23 7.537933 7.453606 1.870349 -1.090396 0.577049 -0.321829
    24 8.154472 8.357077 2.329839 -1.090396 0.577049 -0.321829
    25 8.874294 9.411907 2.866308 -1.090396 0.577049 -0.321829
    26 -4.125858 -2.321501 1.394414 2.051196 0.577049 -0.321829
    27 -4.826813 -3.348669 0.872014 2.051196 0.577049 -0.321829
    28 -5.441669 -4.249685 0.413772 2.051196 0.577049 -0.321829
    29 -0.552532 -1.343527 1.604446 -0.490669 0.103928 -0.695124
    30 0.552589 1.343534 -1.604463 -0.446120 0.519324 -0.415748
    31 0.000000 -2.021618 -0.000004 0.654930 0.000000 0.000000
    32 -0.000021 2.021633 0.000027 0.122608 0.000000 0.000000
    33 -0.000004 -1.136217 -0.000004 -0.707189 0.000000 0.000000
    34 -0.000011 1.136200 -0.000019 -0.620018 0.000000 0.000000
    35 -0.032677 -4.583820 1.352317 3.844967 1.105776 3.063087
    36 0.048344 4.447143 -1.371823 3.045676 1.112123 2.644852
    37 0.000000 -1.754536 -0.000002 0.505924 -0.000012 -0.010223
    38 0.007807 1.609985 0.019498 0.237021 -0.008917 0.144366
    39 0.000000 -1.227020 -0.000002 0.024188 -0.001558 -0.010115
    40 0.007815 1.086441 0.003938 0.071225 -0.017318 0.143528
    41 -0.367996 -4.208406 0.173244 3.830390 0.906287 2.863476
    42 0.387543 4.067783 -0.188864 3.123104 1.039250 2.818198
    43 0.000000 -2.372318 -0.000004 0.548532 -0.000228 -0.010235
    44 -0.000006 2.255127 -0.007845 0.706814 -0.008893 0.036701
    45 0.000004 -1.580070 -0.000001 -0.348699 -0.003739 -0.011062
    46 -0.000002 1.486417 0.070344 -0.401338 0.018547 0.032826
    47 -0.937645 -3.860697 -0.959317 3.986787 0.864442 2.716898
    48 0.957204 3.716178 0.947614 3.347716 0.885498 2.848205
    49 0.000000 -1.690632 0.000000 1.276998 -0.001918 -0.010031
    50 0.011706 1.538318 0.000021 0.890444 -0.028399 0.141850
    51 -0.000002 -1.423443 0.000002 0.163233 -0.000252 -0.010235
    52 0.007820 1.278884 0.019560 0.066908 -0.001438 0.144618
    53 -1.546646 -3.404194 -1.915569 4.047281 0.710566 2.544899
    54 1.566193 3.259681 1.919491 3.551754 0.860799 2.819685
    55 0.000004 -1.437820 0.000000 0.928570 0.001162 -0.010151
    56 -0.000021 1.328492 0.031281 0.660413 0.006285 0.037247
    57 -0.000002 -1.059402 0.000000 0.289457 -0.002229 -0.009971
    58 0.007818 0.910930 0.000008 0.218937 -0.027397 0.142049
    59 -0.000004 -13.013485 -0.000004 0.000000 0.000000 0.000000
    60 0.000000 -10.813480 -0.000004 0.000000 0.000000 0.000000
  time 118
    0 3.357682 4.730613 -15.507329 -1.559952 0.000000 -0.000070
    1 -15.961817 -1.868991 -18.252413 -1.351482 -0.016198 -0.596586
    2 0.000000 14.313023 0.000003 -0.903089 -0.786618 -1.305974
    3 -0.000011 13.013483 -0.000005 0.237440 -0.861931 -0.361856
    4 12.532021 3.568690 -26.893299 1.041997 0.150295 -0.801023
    5 0.000000 -14.313034 0.000000 -0.935968 0.285321 0.025513
    6 -0.000004 -13.013485 -0.000004 -0.093592 -0.175787 0.243992
    7 -1.330879 -2.698427 0.462449 -0.194886 -0.547260 3.056712
    8 1.330910 2.698444 -0.462436 0.194890 0.547268 -0.084879
    9 -473.188842 227.168617 -567.374455 -1.729097 0.672445 -0.307543
    10 3.556210 4.238403 0.987502 -1.090396 0.577049 -0.321829
    11 4.139183 5.092691 1.421975 -1.090396 0.577049 -0.321829
    12 4.777527 6.028128 1.897721 -1.090396 0.577049 -0.321829
    13 5.490345 7.072691 2.428969 -1.090396 0.577049 -0.321829
    14 6.564566 8.646956 3.229776 -1.090396 0.577049 -0.321829
    15 7.558525 6.997282 -2.354134 -1.937336 -0.275393 3.010581
    16 7.558525 6.997282 -2.354134 1.937336 0.275393 -0.131011
    17 -2.867767 -2.740969 0.531125 2.051196 0.577049 -0.321829
    18 4.324081 2.744001 -0.524877 -1.090396 0.577049 -0.321829
    19 5.012512 3.752832 -0.011802 -1.090396 0.577049 -0.321829
    20 5.595486 4.607124 0.422674 -1.090396 0.577049 -0.321829
    21 6.233833 5.542564 0.898426 -1.090396 0.577049 -0.321829
    22 6.946648 6.587124 1.429667 -1.090396 0.577049 -0.321829
    23 7.537933 7.453606 1.870349 -1.090396 0.577049 -0.321829
    24 8.154472 8.357077 2.329839 -1.090396 0.577049 -0.321829
    25 8.874294 9.411907 2.866308 -1.090396 0.577049 -0.321829
    26 -4.125858 -2.321501 1.394414 2.051196 0.577049 -0.321829
    27 -4.826813 -3.348669 0.872014 2.051196 0.577049 -0.321829
    28 -5.441669 -4.249685 0.413772 2.051196 0.577049 -0.321829
    29 -0.552532 -1.343527 1.604446 -0.488100 0.081497 -0.718806
    30 0.552589 1.343534 -1.604463 -0.283371 0.351526 -0.490762
    31 0.000000 -2.021618 -0.000004 0.657623 0.000000 0.000000
    32 -0.000021 2.021633 0.000027 0.217130 0.000000 0.000000
    33 -0.000004 -1.136217 -0.000004 -0.709104 0.000000 0.000000
    34 -0.000011 1.136200 -0.000019 -0.742153 0.000000 0.000000
    35 -0.032677 -4.583820 1.352317 3.935861 1.101434 3.067561
    36 0.048344 4.447143 -1.367917 3.269655 1.035928 2.614745
    37 0.000000 -1.750629 -0.000002 0.588207 0.000000 -0.004950
    38 0.007807 1.613891 0.015591 0.375215 -0.008929 0.144283
    39 0.000000 -1.227020 -0.000002 0.059390 -0.000743 -0.004890
    40 0.007815 1.090347 0.003938 0.073022 -0.017318 0.143611
    41 -0.367996 -4.208406 0.173244 3.906642 0.887696 2.836309
    42 0.387543 4.067783 -0.192771 3.296625 0.982779 2.769901
    43 0.000000 -2.372318 -0.000004 0.639519 -0.000108 -0.004950
    44 -0.000006 2.255127 -0.007845 0.950827 -0.008869 0.036614
    45 0.000004 -1.580070 -0.000001 -0.345635 -0.001834 -0.005441
    46 -0.000002 1.486417 0.066438 -0.381143 0.018564 0.032886
    47 -0.937645 -3.856790 -0.959317 4.052561 0.837965 2.640177
    48 0.957204 3.716178 0.951521 3.533984 0.868811 2.696102
    49 0.000000 -1.690632 0.000000 1.492873 -0.000923 -0.004854
    50 0.007799 1.538318 0.000021 1.362046 -0.028372 0.141766
    51 -0.000002 -1.423443 0.000002 0.199785 -0.000120 -0.004938
    52 0.011727 1.278884 0.019560 0.128133 -0.001450 0.144546
    53 -1.546646 -3.404194 -1.915569 4.155912 0.679419 2.449058
    54 1.566193 3.259681 1.919491 3.712807 0.723359 2.516277
    55 0.000004 -1.433914 0.000000 1.053246 0.000563 -0.004914
    56 -0.000021 1.328492 0.031281 1.136132 0.006269 0.037134
    57 -0.000002 -1.059402 0.000000 0.372245 -0.001091 -0.004806
    58 0.007818 0.910930 0.000008 0.262597 -0.027385 0.141951
    59 -0.000004 -13.013485 -0.000004 0.000000 0.000000 0.000000
    60 0.000000 -10.813480 -0.000004 0.000000 0.000000 0.000000
  time 119
    0 3.357682 4.730613 -15.507329 -1.559952 0.000000 -0.000070
    1 -16.364173 -2.298692 -18.252413 -1.336554 -0.031840 -0.587497
    2 0.000000 14.313023 0.000003 -0.905839 -0.802494 -1.304043
    3 -0.000011 13.013483 -0.000005 0.205526 -0.835140 -0.355913
    4 12.121852 3.189772 -26.444067 1.049466 0.127366 -0.833297
    5 0.000000 -14.313034 0.000000 -1.071033 0.342960 -0.035911
    6 -0.000004 -13.013485 -0.000004 -0.061794 -0.094553 0.235411
    7 -1.330879 -2.698427 0.462449 -0.194886 -0.547260 3.056712
    8 1.330910 2.698444 -0.462436 0.194890 0.547268 -0.084879
    9 -473.374307 252.394273 -573.991445 -1.729097 0.672445 -0.307448
    10 3.556210 4.238403 0.987502 -1.090396 0.577049 -0.321829
    11 4.139183 5.092691 1.421975 -1.090396 0.577049 -0.321829
    12 4.777527 6.028128 1.897721 -1.090396 0.577049 -0.321829
    13 5.490345 7.072691 2.428969 -1.090396 0.577049 -0.321829
    14 6.564566 8.646956 3.229776 -1.090396 0.577049 -0.321829
    15 7.558525 6.997282 -2.354134 -1.937336 -0.275393 3.010581
    16 7.558525 6.997282 -2.354134 1.937336 0.275393 -0.131011
    17 -2.867767 -2.740969 0.531125 2.051196 0.577049 -0.321829
    18 4.324081 2.744001 -0.524877 -1.090396 0.577049 -0.321829
    19 5.012512 3.752832 -0.011802 -1.090396 0.577049 -0.321829
    20 5.595486 4.607124 0.422674 -1.090396 0.577049 -0.321829
    21 6.233833 5.542564 0.898426 -1.090396 0.577049 -0.321829
    22 6.946648 6.587124 1.429667 -1.090396 0.577049 -0.321829
    23 7.537933 7.453606 1.870349 -1.090396 0.577049 -0.321829
    24 8.154472 8.357077 2.329839 -1.090396 0.577049 -0.321829
    25 8.874294 9.411907 2.866308 -1.090396 0.577049 -0.321829
    26 -4.125858 -2.321501 1.394414 2.051196 0.577049 -0.321829
    27 -4.826813 -3.348669 0.872014 2.051196 0.577049 -0.321829
    28 -5.441669 -4.249685 0.413772 2.051196 0.577049 -0.321829
    29 -0.552532 -1.343527 1.604446 -0.486419 0.067136 -0.733930
    30 0.552589 1.343534 -1.604463 -0.148636 0.212632 -0.552885
    31 0.000000 -2.021618 -0.000004 0.659264 0.000000 0.000000
    32 -0.000021 2.021633 0.000027 0.297606 0.000000 0.000000
    33 -0.000004 -1.136217 -0.000004 -0.709993 0.000000 0.000000
    34 -0.000011 1.136200 -0.000019 -0.845467 0.000000 0.000000
    35 -0.032677 -4.587727 1.352317 3.996196 1.098539 3.070519
    36 0.048344 4.447143 -1.371823 3.446233 0.975283 2.590932
    37 0.000000 -1.750629 -0.000002 0.642947 0.000000 -0.001318
    38 0.007807 1.613891 0.019498 0.482840 -0.008929 0.144163
    39 0.000000 -1.227020 -0.000002 0.083678 -0.000204 -0.001306
    40 0.007815 1.090347 0.003938 0.074154 -0.017318 0.143659
    41 -0.367996 -4.208406 0.173244 3.957476 0.875436 2.818275
    42 0.387543 4.067783 -0.192771 3.433142 0.937737 2.731588
    43 0.000000 -2.372318 -0.000004 0.700070 -0.000012 -0.001318
    44 -0.000006 2.255127 -0.007845 1.143159 -0.008845 0.036504
    45 0.000004 -1.580070 -0.000001 -0.343111 -0.000491 -0.001510
    46 -0.000002 1.486417 0.066438 -0.360606 0.018599 0.032934
    47 -0.937645 -3.860697 -0.959317 4.096318 0.820416 2.589449
    48 0.957204 3.716178 0.947614 3.680490 0.855518 2.574798
    49 0.000000 -1.686725 0.000000 1.635941 -0.000252 -0.001295
    50 0.007799 1.542224 0.000021 1.735753 -0.028372 0.141646
    51 -0.000002 -1.419536 0.000002 0.224897 -0.000024 -0.001319
    52 0.011727 1.278884 0.019560 0.174823 -0.001462 0.144426
    53 -1.546646 -3.404194 -1.915569 4.228178 0.658846 2.385445
    54 1.566193 3.263587 1.919491 3.838974 0.613897 2.274794
    55 0.000004 -1.433914 0.000000 1.135954 0.000156 -0.001306
    56 -0.000021 1.328492 0.031281 1.512775 0.006252 0.037022
    57 -0.000002 -1.055496 0.000000 0.427419 -0.000288 -0.001294
    58 0.011725 0.910930 0.000008 0.295357 -0.027361 0.141825
    59 -0.000004 -13.013485 -0.000004 0.000000 0.000000 0.000000
    60 0.000000 -10.813480 -0.000004 0.000000 0.000000 0.000000
  time 120
    0 3.361589 4.730613 -15.511235 -1.559952 0.000000 -0.000070
    1 -16.746997 -2.689329 -18.252413 -1.322364 -0.046815 -0.578255
    2 0.000000 14.313023 0.000003 -0.901195 -0.811778 -1.298693
    3 -0.000011 13.013483 -0.000005 0.163580 -0.798444 -0.336646
    4 11.633556 2.846012 -25.854205 1.062011 0.101861 -0.866722
    5 0.000000 -14.313034 0.000000 -1.214596 0.401657 -0.101090
    6 -0.000004 -13.013485 -0.000004 -0.034410 -0.014368 0.232741
    7 -1.330879 -2.698427 0.462449 -0.194886 -0.547260 3.056712
    8 1.330910 2.698444 -0.462436 0.194890 0.547268 -0.084879
    9 -467.964924 297.152637 -580.305367 -1.729097 0.672445 -0.307543
    10 3.556210 4.238403 0.987502 -1.090396 0.577049 -0.321829
    11 4.139183 5.092691 1.421975 -1.090396 0.577049 -0.321829
    12 4.777527 6.028128 1.897721 -1.090396 0.577049 -0.321829
    13 5.490345 7.072691 2.428969 -1.090396 0.577049 -0.321829
    14 6.560660 8.639143 3.229776 -1.090396 0.577049 -0.321829
    15 7.558525 6.997282 -2.354134 -1.937336 -0.275393 3.010581
    16 7.558525 6.997282 -2.354134 1.937336 0.275393 -0.131011
    17 -2.867767 -2.740969 0.531125 2.051196 0.577049 -0.321829
    18 4.324081 2.744001 -0.524877 -1.090396 0.577049 -0.321829
    19 5.012512 3.752832 -0.011802 -1.090396 0.577049 -0.321829
    20 5.595486 4.607124 0.422674 -1.090396 0.577049 -0.321829
    21 6.233833 5.542564 0.898426 -1.090396 0.577049 -0.321829
    22 6.946648 6.587124 1.429667 -1.090396 0.577049 -0.321829
    23 7.537933 7.453606 1.870349 -1.090396 0.577049 -0.321829
    24 8.154472 8.357077 2.329839 -1.090396 0.577049 -0.321829
    25 8.874294 9.411907 2.866308 -1.090396 0.577049 -0.321829
    26 -4.125858 -2.321501 1.394414 2.051196 0.577049 -0.321829
    27 -4.826813 -3.348669 0.872014 2.051196 0.577049 -0.321829
    28 -5.441669 -4.249685 0.413772 2.051196 0.577049 -0.321829
    29 -0.552532 -1.343527 1.604446 -0.485868 0.062090 -0.739288
    30 0.552589 1.343534 -1.604463 -0.094805 0.157162 -0.577731
    31 0.000000 -2.021618 -0.000004 0.659496 0.000000 0.000000
    32 -0.000021 2.021633 0.000027 0.330318 0.000000 0.000000
    33 -0.000004 -1.136217 -0.000004 -0.710437 0.000000 0.000000
    34 -0.000011 1.136200 -0.000019 -0.887619 0.000000 0.000000
    35 -0.032677 -4.587727 1.352317 4.018073 1.097500 3.071581
    36 0.048344 4.447143 -1.367917 3.515684 0.951308 2.581529
    37 0.000000 -1.750629 -0.000002 0.662896 0.000000 0.000000
    38 0.011713 1.613891 0.019498 0.525246 -0.008929 0.144115
    39 0.000000 -1.227020 -0.000002 0.092660 0.000000 0.000000
    40 0.007815 1.090347 0.003938 0.075286 -0.017318 0.143707
    41 -0.367996 -4.208406 0.173244 3.975799 0.870972 2.811773
    42 0.387543 4.067783 -0.188864 3.486851 0.919979 2.716495
    43 0.000000 -2.372318 -0.000004 0.722081 0.000000 0.000000
    44 -0.000006 2.255127 -0.007845 1.218749 -0.008821 0.036442
    45 0.000004 -1.580070 -0.000001 -0.342081 0.000000 0.000000
    46 -0.000002 1.486417 0.066438 -0.339501 0.018617 0.032982
    47 -0.937645 -3.856790 -0.959317 4.112297 0.813995 2.571254
    48 0.957204 3.716178 0.951521 3.738182 0.850274 2.527064
    49 0.000000 -1.686725 0.000000 1.687924 0.000000 0.000000
    50 0.011706 1.542224 0.000021 1.883073 -0.028372 0.141586
    51 -0.000002 -1.419536 0.000002 0.234212 0.000000 0.000000
    52 0.011727 1.278884 0.019560 0.193322 -0.001462 0.144366
    53 -1.546646 -3.404194 -1.915569 4.254297 0.651326 2.362501
    54 1.566193 3.263587 1.919491 3.888812 0.570562 2.179259
    55 0.000004 -1.437820 0.000000 1.165836 0.000000 0.000000
    56 -0.000021 1.328492 0.031281 1.661284 0.006252 0.036966
    57 -0.000002 -1.055496 0.000000 0.447515 0.000000 0.000000
    58 0.011725 0.910930 0.000008 0.308272 -0.027373 0.141770
    59 -0.000004 -13.013485 -0.000004 0.000000 0.000000 0.000000
    60 0.000000 -10.813480 -0.000004 0.000000 0.000000 0.000000
  time 121
    0 3.361589 4.730613 -15.511235 -1.559952 0.000000 -0.000070
    1 -17.102476 -3.033089 -18.252413 -1.309463 -0.060310 -0.569012
    2 0.000000 14.313023 0.000003 -0.892581 -0.811300 -1.292780
    3 -0.000011 13.013483 -0.000005 0.114659 -0.753541 -0.308081
    4 11.071039 2.576472 -25.123714 1.080014 0.074499 -0.896889
    5 0.000000 -14.313034 0.000000 -1.356423 0.459593 -0.167136
    6 -0.000004 -13.013485 -0.000004 -0.011800 0.064038 0.233504
    7 -1.330879 -2.698427 0.462449 -0.194886 -0.547260 3.056712
    8 1.330910 2.698444 -0.462436 0.194890 0.547268 -0.084879
    9 -454.055082 371.946219 -586.467755 -1.729097 0.672445 -0.307543
    10 3.556210 4.238403 0.987502 -1.090396 0.577049 -0.321829
    11 4.139183 5.092691 1.421975 -1.090396 0.577049 -0.321829
    12 4.777527 6.028128 1.897721 -1.090396 0.577049 -0.321829
    13 5.490345 7.072691 2.428969 -1.090396 0.577049 -0.321829
    14 6.560660 8.639143 3.229776 -1.090396 0.577049 -0.321829
    15 7.558525 6.997282 -2.354134 -1.937336 -0.275393 3.010581
    16 7.558525 6.997282 -2.354134 1.937336 0.275393 -0.131011
    17 -2.867767 -2.740969 0.531125 2.051196 0.577049 -0.321829
    18 4.324081 2.744001 -0.524877 -1.090396 0.577049 -0.321829
    19 5.012512 3.752832 -0.011802 -1.090396 0.577049 -0.321829
    20 5.595486 4.607124 0.422674 -1.090396 0.577049 -0.321829
    21 6.233833 5.542564 0.898426 -1.090396 0.577049 -0.321829
    22 6.946648 6.587124 1.429667 -1.090396 0.577049 -0.321829
    23 7.537933 7.453606 1.870349 -1.090396 0.577049 -0.321829
    24 8.154472 8.357077 2.329839 -1.090396 0.577049 -0.321829
    25 8.874294 9.411907 2.866308 -1.090396 0.577049 -0.321829
    26 -4.125858 -2.321501 1.394414 2.051196 0.577049 -0.321829
    27 -4.826813 -3.348669 0.872014 2.051196 0.577049 -0.321829
    28 -5.441669 -4.249685 0.413772 2.051196 0.577049 -0.321829
    29 -0.552532 -1.343527 1.604446 -0.485838 0.061110 -0.740404
    30 0.552589 1.343534 -1.604463 -0.092923 0.155219 -0.578578
    31 0.000000 -2.021618 -0.000004 0.659706 0.000000 0.000000
    32 -0.000021 2.021633 0.000027 0.331785 0.000000 0.000000
    33 -0.000004 -1.136217 -0.000004 -0.710437 0.000000 0.000000
    34 -0.000011 1.136200 -0.000019 -0.889757 0.000000 0.000000
    35 -0.032677 -4.583820 1.352317 4.020678 1.097463 3.071656
    36 0.048344 4.443237 -1.367917 3.518549 0.950343 2.581377
    37 0.000000 -1.750629 -0.000002 0.665169 0.000000 0.000012
    38 0.007807 1.613891 0.015591 0.527695 -0.008929 0.144115
    39 0.000000 -1.223114 -0.000002 0.092901 0.000000 0.000048
    40 0.007815 1.090347 0.003938 0.074753 -0.017318 0.143695
    41 -0.367996 -4.208406 0.173244 3.977954 0.870672 2.811232
    42 0.387543 4.063877 -0.188864 3.488917 0.919413 2.716108
    43 0.000000 -2.372318 -0.000004 0.724621 0.000000 0.000012
    44 -0.000006 2.255127 -0.007845 1.221864 -0.008821 0.036442
    45 0.000004 -1.580070 -0.000001 -0.342081 0.000000 0.000000
    46 -0.000002 1.486417 0.070344 -0.318338 0.018634 0.032994
    47 -0.937645 -3.856790 -0.959317 4.113505 0.813598 2.569600
    48 0.957204 3.716178 0.947614 3.740597 0.850213 2.525095
    49 0.000000 -1.686725 0.000000 1.692590 0.000000 0.000012
    50 0.011706 1.542224 0.000021 1.889082 -0.028372 0.141586
    51 -0.000002 -1.419536 0.000002 0.234485 0.000000 0.000048
    52 0.007820 1.278884 0.019560 0.194350 -0.001462 0.144366
    53 -1.546646 -3.400288 -1.915569 4.256604 0.650750 2.360353
    54 1.566193 3.263587 1.919491 3.890843 0.568833 2.175346
    55 0.000004 -1.437820 0.000000 1.168291 0.000000 0.000012
    56 -0.000021 1.328492 0.031281 1.667376 0.006252 0.036966
    57 -0.000002 -1.055496 0.000000 0.449835 0.000000 0.000012
    58 0.007818 0.914836 0.000008 0.308805 -0.027361 0.141770
    59 -0.000004 -13.013485 -0.000004 0.000000 0.000000 0.000000
    60 0.000000 -10.813480 -0.000004 0.000000 0.000000 0.000000
  time 122
    0 3.361589 4.730613 -15.511235 -1.559952 0.000000 -0.000070
    1 -17.403267 -3.318254 -18.252413 -1.298590 -0.071517 -0.560611
    2 0.000000 14.313023 0.000003 -0.883538 -0.798569 -1.288958
    3 -0.000011 13.013483 -0.000005 0.061916 -0.702176 -0.274819
    4 10.438207 2.381154 -24.260406 1.102518 0.045583 -0.919491
    5 0.000000 -14.313034 0.000000 -1.485863 0.515117 -0.231208
    6 -0.000004 -13.013485 -0.000004 0.005945 0.140529 0.234362
    7 -1.330879 -2.698427 0.462449 -0.194886 -0.547260 3.056712
    8 1.330910 2.698444 -0.462436 0.194890 0.547268 -0.084879
    9 -433.159408 471.621917 -592.276563 -1.729097 0.672445 -0.307543
    10 3.556210 4.238403 0.987502 -1.090396 0.577049 -0.321829
    11 4.139183 5.092691 1.421975 -1.090396 0.577049 -0.321829
    12 4.777527 6.028128 1.897721 -1.090396 0.577049 -0.321829
    13 5.490345 7.072691 2.428969 -1.090396 0.577049 -0.321829
    14 6.560660 8.639143 3.229776 -1.090396 0.577049 -0.321829
    15 7.558525 6.997282 -2.354134 -1.937336 -0.275393 3.010581
    16 7.558525 6.997282 -2.354134 1.937336 0.275393 -0.131011
    17 -2.867767 -2.740969 0.531125 2.051196 0.577049 -0.321829
    18 4.324081 2.744001 -0.524877 -1.090396 0.577049 -0.321829
    19 5.012512 3.752832 -0.011802 -1.090396 0.577049 -0.321829
    20 5.595486 4.607124 0.422674 -1.090396 0.577049 -0.321829
    21 6.233833 5.542564 0.898426 -1.090396 0.577049 -0.321829
    22 6.946648 6.587124 1.429667 -1.090396 0.577049 -0.321829
    23 7.537933 7.453606 1.870349 -1.090396 0.577049 -0.321829
    24 8.154472 8.357077 2.329839 -1.090396 0.577049 -0.321829
    25 8.874294 9.411907 2.866308 -1.090396 0.577049 -0.321829
    26 -4.125858 -2.321501 1.394414 2.051196 0.577049 -0.321829
    27 -4.826813 -3.348669 0.872014 2.051196 0.577049 -0.321829
    28 -5.441669 -4.249685 0.413772 2.051196 0.577049 -0.321829
    29 -0.552532 -1.343527 1.604446 -0.485838 0.060150 -0.741501
    30 0.552589 1.343534 -1.604463 -0.089212 0.151373 -0.580317
    31 0.000000 -2.021618 -0.000004 0.659938 0.000000 0.000000
    32 -0.000021 2.021633 0.000027 0.333279 0.000000 0.000000
    33 -0.000004 -1.136217 -0.000004 -0.710437 0.000000 0.000000
    34 -0.000011 1.136200 -0.000019 -0.891848 0.000000 0.000000
    35 -0.032677 -4.583820 1.352317 4.023282 1.097463 3.071656
    36 0.048344 4.447143 -1.367917 3.524279 0.948413 2.580998
    37 0.000000 -1.750629 -0.000002 0.667415 0.000000 0.000036
    38 0.011713 1.613891 0.019498 0.530190 -0.008929 0.144115
    39 0.000000 -1.223114 -0.000002 0.093239 0.000012 0.000108
    40 0.007815 1.090347 0.003938 0.074287 -0.017318 0.143671
    41 -0.367996 -4.208406 0.173244 3.980110 0.870372 2.810690
    42 0.387543 4.067783 -0.192771 3.493138 0.918247 2.715256
    43 0.000000 -2.372318 -0.000004 0.727161 0.000000 0.000036
    44 -0.000006 2.255127 -0.007845 1.228138 -0.008821 0.036442
    45 0.000004 -1.580070 -0.000001 -0.342081 0.000000 0.000000
    46 -0.000002 1.486417 0.066438 -0.297005 0.018634 0.033006
    47 -0.937645 -3.856790 -0.959317 4.116106 0.812803 2.566449
    48 0.957204 3.716178 0.951521 3.745428 0.850089 2.521235
    49 0.000000 -1.686725 0.000000 1.701845 0.000000 0.000036
    50 0.011706 1.538318 0.000021 1.901100 -0.028372 0.141586
    51 -0.000002 -1.419536 0.000002 0.234812 0.000000 0.000108
    52 0.011727 1.278884 0.019560 0.195451 -0.001462 0.144366
    53 -1.546646 -3.404194 -1.915569 4.261127 0.649597 2.356209
    54 1.566193 3.263587 1.919491 3.894996 0.565376 2.167672
    55 0.000004 -1.437820 0.000000 1.173106 0.000000 0.000036
    56 -0.000021 1.328492 0.031281 1.679454 0.006252 0.036966
    57 -0.000002 -1.055496 0.000000 0.452099 0.000000 0.000036
    58 0.007818 0.914836 0.000008 0.309219 -0.027373 0.141770
    59 -0.000004 -13.013485 -0.000004 0.000000 0.000000 0.000000
    60 0.000000 -10.813480 -0.000004 0.000000 0.000000 0.000000
  time 123
    0 3.361589 4.730613 -15.511235 -1.559952 0.000000 -0.000070
    1 -17.641555 -3.537011 -18.252413 -1.290204 -0.079911 -0.553278
    2 0.000000 14.313023 0.000003 -0.877795 -0.768628 -1.290125
    3 -0.000011 13.013483 -0.000005 0.007740 -0.645670 -0.240694
    4 9.731154 2.271775 -23.236937 1.131151 0.014735 -0.930984
    5 0.000000 -14.313034 0.000000 -1.593579 0.566873 -0.290947
    6 -0.000004 -13.013485 -0.000004 0.019367 0.215013 0.232360
    7 -1.330879 -2.698427 0.462449 -0.194886 -0.547260 3.056712
    8 1.330910 2.698444 -0.462436 0.194890 0.547268 -0.084879
    9 -406.359779 592.106328 -597.933837 -1.729097 0.672445 -0.307543
    10 3.556210 4.238403 0.987502 -1.090396 0.577049 -0.321829
    11 4.139183 5.092691 1.421975 -1.090396 0.577049 -0.321829
    12 4.777527 6.028128 1.897721 -1.090396 0.577049 -0.321829
    13 5.490345 7.072691 2.428969 -1.090396 0.577049 -0.321829
    14 6.560660 8.639143 3.229776 -1.090396 0.577049 -0.321829
    15 7.558525 6.997282 -2.354134 -1.937336 -0.275393 3.010581
    16 7.558525 6.997282 -2.354134 1.937336 0.275393 -0.131011
    17 -2.867767 -2.740969 0.531125 2.051196 0.577049 -0.321829
    18 4.324081 2.744001 -0.524877 -1.090396 0.577049 -0.321829
    19 5.012512 3.752832 -0.011802 -1.090396 0.577049 -0.321829
    20 5.595486 4.607124 0.422674 -1.090396 0.577049 -0.321829
    21 6.233833 5.542564 0.898426 -1.090396 0.577049 -0.321829
    22 6.946648 6.587124 1.429667 -1.090396 0.577049 -0.321829
    23 7.537933 7.453606 1.870349 -1.090396 0.577049 -0.321829
    24 8.154472 8.357077 2.329839 -1.090396 0.577049 -0.321829
    25 8.874294 9.411907 2.866308 -1.090396 0.577049 -0.321829
    26 -4.125858 -2.321501 1.394414 2.051196 0.577049 -0.321829
    27 -4.826813 -3.348669 0.872014 2.051196 0.577049 -0.321829
    28 -5.441669 -4.249685 0.413772 2.051196 0.577049 -0.321829
    29 -0.552532 -1.343527 1.604446 -0.485777 0.059516 -0.742214
    30 0.552589 1.343534 -1.604463 -0.088533 0.150699 -0.580622
    31 0.000000 -2.021618 -0.000004 0.660169 0.000000 0.000000
    32 -0.000021 2.021633 0.000027 0.334230 0.000000 0.000000
    33 -0.000004 -1.136217 -0.000004 -0.710465 0.000000 0.000000
    34 -0.000011 1.136200 -0.000019 -0.891848 0.000000 0.000000
    35 -0.032677 -4.583820 1.352317 4.023630 1.097463 3.071732
    36 0.048344 4.447143 -1.367917 3.525320 0.948079 2.580846
    37 0.000000 -1.750629 -0.000002 0.667790 0.000000 0.000036
    38 0.007807 1.613891 0.015591 0.530598 -0.008929 0.144115
    39 0.000000 -1.223114 -0.000002 0.093577 0.000024 0.000168
    40 0.007815 1.094253 0.003938 0.073821 -0.017318 0.143659
    41 -0.367996 -4.208406 0.173244 3.980379 0.870306 2.810612
    42 0.387543 4.067783 -0.188864 3.492868 0.918280 2.715256
    43 0.000000 -2.372318 -0.000004 0.727564 0.000000 0.000036
    44 -0.000006 2.255127 -0.007845 1.229279 -0.008821 0.036442
    45 0.000004 -1.580070 -0.000001 -0.342081 0.000000 0.000000
    46 -0.000002 1.486417 0.066438 -0.275615 0.018634 0.033006
    47 -0.937645 -3.856790 -0.959317 4.116571 0.812559 2.565819
    48 0.957204 3.716178 0.951521 3.746264 0.850028 2.520526
    49 0.000000 -1.686725 0.000000 1.705856 0.000000 0.000048
    50 0.011706 1.538318 0.000021 1.904705 -0.028372 0.141586
    51 -0.000002 -1.419536 0.000002 0.235138 0.000000 0.000168
    52 0.007820 1.278884 0.019560 0.195451 -0.001462 0.144366
    53 -1.546646 -3.404194 -1.915569 4.261957 0.649309 2.355442
    54 1.566193 3.263587 1.923397 3.896288 0.564338 2.165370
    55 0.000004 -1.437820 0.000000 1.172823 0.000000 0.000036
    56 -0.000021 1.328492 0.031281 1.683141 0.006252 0.036966
    57 -0.000002 -1.055496 0.000000 0.452462 0.000000 0.000036
    58 0.007818 0.914836 0.000008 0.309693 -0.027373 0.141770
    59 -0.000004 -13.013485 -0.000004 0.000000 0.000000 0.000000
    60 0.000000 -10.813480 -0.000004 0.000000 0.000000 0.000000
  time 124
    0 3.361589 4.730613 -15.511235 -1.559952 0.000000 -0.000070
    1 -17.793904 -3.685453 -18.252413 -1.284952 -0.084823 -0.547167
    2 0.000000 14.313023 0.000003 -0.878467 -0.715539 -1.298854
    3 -0.000011 13.013483 -0.000005 -0.044239 -0.585815 -0.210116
    4 8.930348 2.197554 -21.994712 1.167828 -0.018919 -0.928111
    5 0.000000 -14.313034 0.000000 -1.668622 0.612912 -0.343370
    6 -0.000004 -13.013485 -0.000004 0.028465 0.287079 0.224637
    7 -1.330879 -2.698427 0.462449 -0.194886 -0.547260 3.056712
    8 1.330910 2.698444 -0.462436 0.194890 0.547268 -0.084879
    9 -375.109000 728.295428 -603.490088 -1.729097 0.672445 -0.307448
    10 3.556210 4.238403 0.987502 -1.090396 0.577049 -0.321829
    11 4.139183 5.092691 1.421975 -1.090396 0.577049 -0.321829
    12 4.777527 6.028128 1.897721 -1.090396 0.577049 -0.321829
    13 5.490345 7.072691 2.428969 -1.090396 0.577049 -0.321829
    14 6.560660 8.639143 3.229776 -1.090396 0.577049 -0.321829
    15 7.558525 6.997282 -2.354134 -1.937336 -0.275393 3.010581
    16 7.558525 6.997282 -2.354134 1.937336 0.275393 -0.131011
    17 -2.867767 -2.740969 0.531125 2.051196 0.577049 -0.321829
    18 4.324081 2.744001 -0.524877 -1.090396 0.577049 -0.321829
    19 5.012512 3.752832 -0.011802 -1.090396 0.577049 -0.321829
    20 5.595486 4.607124 0.422674 -1.090396 0.577049 -0.321829
    21 6.233833 5.542564 0.898426 -1.090396 0.577049 -0.321829
    22 6.946648 6.587124 1.429667 -1.090396 0.577049 -0.321829
    23 7.537933 7.453606 1.870349 -1.090396 0.577049 -0.321829
    24 8.154472 8.357077 2.329839 -1.090396 0.577049 -0.321829
    25 8.874294 9.411907 2.866308 -1.090396 0.577049 -0.321829
    26 -4.125858 -2.321501 1.394414 2.051196 0.577049 -0.321829
    27 -4.826813 -3.348669 0.872014 2.051196 0.577049 -0.321829
    28 -5.441669 -4.249685 0.413772 2.051196 0.577049 -0.321829
    29 -0.552532 -1.343527 1.604446 -0.485838 0.060231 -0.741373
    30 0.552589 1.343534 -1.604463 -0.089683 0.151849 -0.580100
    31 0.000000 -2.021618 -0.000004 0.660127 0.000000 0.000000
    32 -0.000021 2.021633 0.000027 0.333116 0.000000 0.000000
    33 -0.000004 -1.136217 -0.000004 -0.710465 0.000000 0.000000
    34 -0.000011 1.136200 -0.000019 -0.889757 0.000000 0.000000
    35 -0.032677 -4.587727 1.352317 4.021806 1.097463 3.071656
    36 0.048344 4.443237 -1.371823 3.523584 0.948673 2.580922
    37 0.000000 -1.750629 -0.000002 0.666132 0.000000 0.000024
    38 0.007807 1.613891 0.019498 0.528829 -0.008929 0.144115
    39 0.000000 -1.223114 -0.000002 0.093867 0.000036 0.000228
    40 0.007815 1.094253 0.003938 0.073355 -0.017318 0.143635
    41 -0.367996 -4.208406 0.173244 3.978942 0.870506 2.810922
    42 0.387543 4.067783 -0.192771 3.492599 0.918314 2.715256
    43 0.000000 -2.372318 -0.000004 0.725709 0.000000 0.000024
    44 -0.000006 2.255127 -0.007845 1.227392 -0.008821 0.036442
    45 0.000004 -1.580070 -0.000001 -0.342081 0.000000 0.000012
    46 -0.000002 1.486417 0.070344 -0.254282 0.018634 0.033018
    47 -0.937645 -3.860697 -0.959317 4.115827 0.812773 2.566764
    48 0.957204 3.716178 0.947614 3.744778 0.850028 2.521787
    49 0.000000 -1.686725 0.000000 1.700688 0.000000 0.000048
    50 0.011706 1.538318 0.000021 1.899597 -0.028372 0.141586
    51 -0.000002 -1.419536 0.000002 0.235411 0.000000 0.000227
    52 0.007820 1.278884 0.027373 0.194350 -0.001462 0.144366
    53 -1.546646 -3.404194 -1.915569 4.260573 0.649626 2.356669
    54 1.566193 3.263587 1.919491 3.894535 0.565779 2.168670
    55 0.000004 -1.433914 0.000000 1.172587 0.000000 0.000036
    56 -0.000021 1.328492 0.031281 1.678011 0.006252 0.036966
    57 -0.000002 -1.055496 0.000000 0.450813 0.000000 0.000024
    58 0.007818 0.910930 0.000008 0.309397 -0.027361 0.141770
    59 -0.000004 -13.013485 -0.000004 0.000000 0.000000 0.000000
    60 0.000000 -10.813480 -0.000004 0.000000 0.000000 0.000000
  time 125
    0 3.361589 4.730613 -15.511235 -1.559952 0.000000 -0.000070
    1 -17.852499 -3.751861 -18.252413 -1.283293 -0.086110 -0.542279
    2 0.000000 14.313023 0.000003 -0.889403 -0.642926 -1.318122
    3 -0.000011 13.013483 -0.000005 -0.091536 -0.524262 -0.187302
    4 8.055322 2.287401 -20.619670 1.204696 -0.062311 -0.907616
    5 0.000000 -14.313034 0.000000 -1.701057 0.651581 -0.385828
    6 -0.000004 -13.013485 -0.000004 0.032879 0.356226 0.208142
    7 -1.330879 -2.698427 0.462449 -0.194886 -0.547260 3.056712
    8 1.330910 2.698444 -0.462436 0.194890 0.547268 -0.084879
    9 -340.828967 875.036116 -608.844294 -1.729097 0.672445 -0.307543
    10 3.556210 4.238403 0.987502 -1.090396 0.577049 -0.321829
    11 4.139183 5.092691 1.421975 -1.090396 0.577049 -0.321829
    12 4.777527 6.028128 1.897721 -1.090396 0.577049 -0.321829
    13 5.490345 7.072691 2.428969 -1.090396 0.577049 -0.321829
    14 6.560660 8.639143 3.229776 -1.090396 0.577049 -0.321829
    15 7.558525 6.997282 -2.354134 -1.937336 -0.275393 3.010581
    16 7.558525 6.997282 -2.354134 1.937336 0.275393 -0.131011
    17 -2.867767 -2.740969 0.531125 2.051196 0.577049 -0.321829
    18 4.324081 2.744001 -0.524877 -1.090396 0.577049 -0.321829
    19 5.012512 3.752832 -0.011802 -1.090396 0.577049 -0.321829
    20 5.595486 4.607124 0.422674 -1.090396 0.577049 -0.321829
    21 6.233833 5.542564 0.898426 -1.090396 0.577049 -0.321829
    22 6.946648 6.587124 1.429667 -1.090396 0.577049 -0.321829
    23 7.537933 7.453606 1.870349 -1.090396 0.577049 -0.321829
    24 8.154472 8.357077 2.329839 -1.090396 0.577049 -0.321829
    25 8.874294 9.411907 2.866308 -1.090396 0.577049 -0.321829
    26 -4.125858 -2.321501 1.394414 2.051196 0.577049 -0.321829
    27 -4.826813 -3.348669 0.872014 2.051196 0.577049 -0.321829
    28 -5.441669 -4.249685 0.413772 2.051196 0.577049 -0.321829
    29 -0.552532 -1.343527 1.604446 -0.485868 0.062090 -0.739288
    30 0.552589 1.343534 -1.604463 -0.094935 0.157281 -0.577687
    31 0.000000 -2.021618 -0.000004 0.659811 0.000000 0.000000
    32 -0.000021 2.021633 0.000027 0.330318 0.000000 0.000000
    33 -0.000004 -1.136217 -0.000004 -0.710465 0.000000 0.000000
    34 -0.000011 1.136200 -0.000019 -0.887619 0.000000 0.000000
    35 -0.032677 -4.583820 1.352317 4.017987 1.097500 3.071581
    36 0.048344 4.443237 -1.371823 3.515684 0.951308 2.581529
    37 0.000000 -1.750629 -0.000002 0.662869 0.000000 0.000000
    38 0.007807 1.613891 0.015591 0.525246 -0.008929 0.144115
    39 0.000000 -1.223114 -0.000002 0.094205 0.000036 0.000287
    40 0.007815 1.090347 0.003938 0.072889 -0.017318 0.143611
    41 -0.367996 -4.208406 0.173244 3.975799 0.870972 2.811773
    42 0.387543 4.071689 -0.192771 3.486671 0.920046 2.716572
    43 0.000000 -2.372318 -0.000004 0.722081 0.000000 0.000000
    44 -0.000006 2.255127 -0.007845 1.218749 -0.008821 0.036442
    45 0.000004 -1.580070 -0.000001 -0.342081 0.000000 0.000000
    46 -0.000002 1.486417 0.066438 -0.232949 0.018652 0.033030
    47 -0.937645 -3.856790 -0.959317 4.112297 0.813995 2.571254
    48 0.957204 3.716178 0.951521 3.738182 0.850274 2.527064
    49 0.000000 -1.686725 0.000000 1.687924 0.000000 0.000000
    50 0.011706 1.542224 0.000021 1.883073 -0.028372 0.141586
    51 -0.000002 -1.419536 0.000002 0.235738 0.000000 0.000287
    52 0.007820 1.282791 0.023466 0.193322 -0.001462 0.144366
    53 -1.546646 -3.404194 -1.915569 4.254297 0.651326 2.362501
    54 1.566193 3.263587 1.919491 3.888812 0.570591 2.179259
    55 0.000004 -1.437820 0.000000 1.165742 0.000000 0.000000
    56 -0.000021 1.328492 0.031281 1.661284 0.006252 0.036966
    57 -0.000002 -1.055496 0.000000 0.447515 0.000000 0.000000
    58 0.011725 0.910930 0.000008 0.308272 -0.027361 0.141770
    59 -0.000004 -13.013485 -0.000004 0.000000 0.000000 0.000000
    60 0.000000 -10.813480 -0.000004 0.000000 0.000000 0.000000
  time 126
    0 3.361589 4.730613 -15.511235 -1.559952 0.000000 -0.000070
    1 -17.852499 -3.560449 -18.252413 -1.283293 -0.086110 -0.542279
    2 0.000000 14.313023 0.000003 -0.907244 -0.518105 -1.296601
    3 -0.000011 13.013483 -0.000005 -0.131285 -0.462473 -0.176662
    4 7.289673 2.799135 -19.525887 1.231222 -0.080768 -0.824582
    5 0.000000 -14.313034 0.000000 -1.633255 0.671113 -0.406527
    6 -0.000004 -13.013485 -0.000004 0.032969 0.422682 0.179824
    7 -1.330879 -2.698427 0.462449 -0.194886 -0.547260 3.056712
    8 1.330910 2.698444 -0.462436 0.194890 0.547268 -0.084879
    9 -304.725199 1028.500374 -614.198500 -1.729097 0.672445 -0.307543
    10 3.556210 4.238403 0.987502 -1.090396 0.577049 -0.321829
    11 4.139183 5.092691 1.421975 -1.090396 0.577049 -0.321829
    12 4.777527 6.028128 1.897721 -1.090396 0.577049 -0.321829
    13 5.490345 7.072691 2.428969 -1.090396 0.577049 -0.321829
    14 6.560660 8.639143 3.229776 -1.090396 0.577049 -0.321829
    15 7.558525 6.997282 -2.354134 -1.937336 -0.275393 3.010581
    16 7.558525 6.997282 -2.354134 1.937336 0.275393 -0.131011
    17 -2.867767 -2.740969 0.531125 2.051196 0.577049 -0.321829
    18 4.324081 2.744001 -0.524877 -1.090396 0.577049 -0.321829
    19 5.012512 3.752832 -0.011802 -1.090396 0.577049 -0.321829
    20 5.595486 4.607124 0.422674 -1.090396 0.577049 -0.321829
    21 6.233833 5.542564 0.898426 -1.090396 0.577049 -0.321829
    22 6.946648 6.587124 1.429667 -1.090396 0.577049 -0.321829
    23 7.537933 7.453606 1.870349 -1.090396 0.577049 -0.321829
    24 8.154472 8.357077 2.329839 -1.090396 0.577049 -0.321829
    25 8.874294 9.411907 2.866308 -1.090396 0.577049 -0.321829
    26 -4.125858 -2.321501 1.394414 2.051196 0.577049 -0.321829
    27 -4.826813 -3.348669 0.872014 2.051196 0.577049 -0.321829
    28 -5.441669 -4.249685 0.413772 2.051196 0.577049 -0.321829
    29 -0.552532 -1.343527 1.604446 -0.485868 0.062090 -0.739288
    30 0.552589 1.343534 -1.604463 -0.094909 0.157281 -0.577665
    31 0.000000 -2.021618 -0.000004 0.659811 0.000000 0.000000
    32 -0.000021 2.021633 0.000027 0.330318 0.000000 0.000000
    33 -0.000004 -1.136217 -0.000004 -0.710492 0.000000 0.000000
    34 -0.000011 1.136200 -0.000019 -0.887619 0.000000 0.000000
    35 -0.032677 -4.587727 1.352317 4.017987 1.097500 3.071581
    36 0.048344 4.443237 -1.371823 3.515684 0.951308 2.581529
    37 0.000000 -1.750629 -0.000002 0.662869 0.000000 0.000000
    38 0.007807 1.613891 0.019498 0.525246 -0.008929 0.144115
    39 0.000000 -1.223114 -0.000002 0.094543 0.000048 0.000347
    40 0.007815 1.094253 0.003938 0.072423 -0.017318 0.143599
    41 -0.367996 -4.208406 0.173244 3.975799 0.870972 2.811773
    42 0.387543 4.071689 -0.188864 3.486671 0.920046 2.716572
    43 0.000000 -2.372318 -0.000004 0.722081 0.000000 0.000000
    44 -0.000006 2.255127 -0.007845 1.218749 -0.008821 0.036442
    45 0.000004 -1.580070 -0.000001 -0.342081 0.000000 0.000012
    46 -0.000002 1.486417 0.066438 -0.212355 0.018634 0.033006
    47 -0.937645 -3.860697 -0.959317 4.112297 0.813995 2.571254
    48 0.957204 3.716178 0.951521 3.738182 0.850274 2.527064
    49 0.000000 -1.686725 0.000000 1.687924 0.000000 0.000000
    50 0.011706 1.538318 0.000021 1.883073 -0.028372 0.141586
    51 -0.000002 -1.419536 0.000002 0.236119 0.000000 0.000335
    52 0.011727 1.282791 0.023466 0.193322 -0.001462 0.144366
    53 -1.546646 -3.404194 -1.915569 4.254297 0.651326 2.362501
    54 1.566193 3.263587 1.919491 3.888812 0.570591 2.179259
    55 0.000004 -1.437820 0.000000 1.165742 0.000000 0.000000
    56 -0.000021 1.328492 0.031281 1.661284 0.006252 0.036966
    57 -0.000002 -1.055496 0.000000 0.447207 0.000000 0.000000
    58 0.011725 0.910930 0.000008 0.308272 -0.027361 0.141770
    59 -0.000004 -13.013485 -0.000004 0.000000 0.000000 0.000000
    60 0.000000 -10.813480 -0.000004 0.000000 0.000000 0.000000
  time 127
    0 3.361589 4.730613 -15.511235 -1.559952 0.000000 -0.000070
    1 -17.852499 -3.091685 -18.252413 -1.283293 -0.086110 -0.542279
    2 0.000000 14.313023 0.000003 -0.915859 -0.363695 -1.177010
    3 -0.000011 13.013483 -0.000005 -0.160236 -0.402052 -0.182414
    4 7.195920 4.072611 -19.623546 1.228828 -0.032903 -0.664453
    5 0.000000 -14.313034 0.000000 -1.473535 0.674319 -0.409849
    6 -0.000004 -13.013485 -0.000004 0.028555 0.485853 0.136727
    7 -1.330879 -2.698427 0.462449 -0.194886 -0.547260 3.056712
    8 1.330910 2.698444 -0.462436 0.194890 0.547268 -0.084879
    9 -268.065038 1183.780487 -619.451683 -1.729097 0.672445 -0.307448
    10 3.556210 4.238403 0.987502 -1.090396 0.577049 -0.321829
    11 4.139183 5.092691 1.421975 -1.090396 0.577049 -0.321829
    12 4.777527 6.028128 1.897721 -1.090396 0.577049 -0.321829
    13 5.490345 7.072691 2.428969 -1.090396 0.577049 -0.321829
    14 6.560660 8.639143 3.229776 -1.090396 0.577049 -0.321829
    15 7.558525 6.997282 -2.354134 -1.937336 -0.275393 3.010581
    16 7.558525 6.997282 -2.354134 1.937336 0.275393 -0.131011
    17 -2.867767 -2.740969 0.531125 2.051196 0.577049 -0.321829
    18 4.324081 2.744001 -0.524877 -1.090396 0.577049 -0.321829
    19 5.012512 3.752832 -0.011802 -1.090396 0.577049 -0.321829
    20 5.595486 4.607124 0.422674 -1.090396 0.577049 -0.321829
    21 6.233833 5.542564 0.898426 -1.090396 0.577049 -0.321829
    22 6.946648 6.587124 1.429667 -1.090396 0.577049 -0.321829
    23 7.537933 7.453606 1.870349 -1.090396 0.577049 -0.321829
    24 8.154472 8.357077 2.329839 -1.090396 0.577049 -0.321829
    25 8.874294 9.411907 2.866308 -1.090396 0.577049 -0.321829
    26 -4.125858 -2.321501 1.394414 2.051196 0.577049 -0.321829
    27 -4.826813 -3.348669 0.872014 2.051196 0.577049 -0.321829
    28 -5.441669 -4.249685 0.413772 2.051196 0.577049 -0.321829
    29 -0.552532 -1.343527 1.604446 -0.485868 0.062090 -0.739288
    30 0.552589 1.343534 -1.604463 -0.094909 0.157281 -0.577665
    31 0.000000 -2.021618 -0.000004 0.659811 0.000000 0.000000
    32 -0.000021 2.021633 0.000027 0.330318 0.000000 0.000000
    33 -0.000004 -1.136217 -0.000004 -0.710492 0.000000 0.000000
    34 -0.000011 1.136200 -0.000019 -0.887619 0.000000 0.000000
    35 -0.032677 -4.583820 1.352317 4.017987 1.097500 3.071581
    36 0.048344 4.447143 -1.371823 3.515684 0.951308 2.581529
    37 0.000000 -1.750629 -0.000002 0.662869 0.000000 0.000000
    38 0.007807 1.613891 0.019498 0.525246 -0.008929 0.144115
    39 0.000000 -1.223114 -0.000002 0.094881 0.000060 0.000383
    40 0.007815 1.094253 0.003938 0.071957 -0.017318 0.143575
    41 -0.367996 -4.208406 0.173244 3.975799 0.870972 2.811773
    42 0.387543 4.071689 -0.188864 3.486671 0.920046 2.716572
    43 0.000000 -2.372318 -0.000004 0.722081 0.000000 0.000000
    44 -0.000006 2.255127 -0.007845 1.218793 -0.008821 0.036442
    45 0.000004 -1.580070 -0.000001 -0.342081 0.000000 0.000024
    46 -0.000002 1.486417 0.066438 -0.192160 0.018634 0.032982
    47 -0.937645 -3.856790 -0.959317 4.112297 0.813995 2.571254
    48 0.957204 3.716178 0.951521 3.738182 0.850274 2.527064
    49 0.000000 -1.686725 0.000000 1.687924 0.000000 0.000000
    50 0.011706 1.542224 0.000021 1.883073 -0.028372 0.141586
    51 -0.000002 -1.419536 0.000002 0.236337 0.000000 0.000395
    52 0.011727 1.282791 0.027373 0.193322 -0.001462 0.144366
    53 -1.546646 -3.404194 -1.915569 4.254297 0.651326 2.362501
    54 1.566193 3.263587 1.915585 3.888812 0.570591 2.179259
    55 0.000004 -1.433914 0.000000 1.165742 0.000000 0.000000
    56 -0.000021 1.328492 0.031281 1.661284 0.006252 0.036966
    57 -0.000002 -1.055496 0.000000 0.446956 0.000000 0.000000
    58 0.011725 0.910930 0.000008 0.308331 -0.027373 0.141770
    59 -0.000004 -13.013485 -0.000004 0.000000 0.000000 0.000000
    60 0.000000 -10.813480 -0.000004 0.000000 0.000000 0.000000
  time 128
    0 3.361589 4.730613 -15.511235 -1.559952 0.000000 -0.000070
    1 -17.848593 -2.005714 -18.252413 -1.283293 -0.086110 -0.542279
    2 0.000000 14.313023 0.000003 -0.920869 -0.179797 -0.996476
    3 -0.000011 13.013483 -0.000005 -0.175619 -0.345027 -0.208486
    4 7.371707 5.236709 -19.928243 1.240415 0.047743 -0.483734
    5 0.000000 -14.313034 0.000000 -1.249185 0.667015 -0.402147
    6 -0.000004 -13.013485 -0.000004 0.020088 0.545376 0.076182
    7 -1.330879 -2.698427 0.462449 -0.194886 -0.547260 3.056712
    8 1.330910 2.698444 -0.462436 0.194890 0.547268 -0.084879
    9 -232.424931 1335.428890 -624.755377 -1.729097 0.672445 -0.307543
    10 3.556210 4.238403 0.987502 -1.090396 0.577049 -0.321829
    11 4.139183 5.092691 1.421975 -1.090396 0.577049 -0.321829
    12 4.777527 6.028128 1.897721 -1.090396 0.577049 -0.321829
    13 5.490345 7.072691 2.428969 -1.090396 0.577049 -0.321829
    14 6.560660 8.639143 3.229776 -1.090396 0.577049 -0.321829
    15 7.558525 6.997282 -2.354134 -1.937336 -0.275393 3.010581
    16 7.558525 6.997282 -2.354134 1.937336 0.275393 -0.131011
    17 -2.867767 -2.740969 0.531125 2.051196 0.577049 -0.321829
    18 4.324081 2.744001 -0.524877 -1.090396 0.577049 -0.321829
    19 5.012512 3.752832 -0.011802 -1.090396 0.577049 -0.321829
    20 5.595486 4.607124 0.422674 -1.090396 0.577049 -0.321829
    21 6.233833 5.542564 0.898426 -1.090396 0.577049 -0.321829
    22 6.946648 6.587124 1.429667 -1.090396 0.577049 -0.321829
    23 7.537933 7.453606 1.870349 -1.090396 0.577049 -0.321829
    24 8.154472 8.357077 2.329839 -1.090396 0.577049 -0.321829
    25 8.874294 9.411907 2.866308 -1.090396 0.577049 -0.321829
    26 -4.125858 -2.321501 1.394414 2.051196 0.577049 -0.321829
    27 -4.826813 -3.348669 0.872014 2.051196 0.577049 -0.321829
    28 -5.441669 -4.249685 0.413772 2.051196 0.577049 -0.321829
    29 -0.552532 -1.343527 1.604446 -0.485868 0.062090 -0.739288
    30 0.552589 1.343534 -1.604463 -0.094909 0.157281 -0.577665
    31 0.000000 -2.021618 -0.000004 0.659811 0.000000 0.000000
    32 -0.000021 2.021633 0.000027 0.330318 0.000000 0.000000
    33 -0.000004 -1.136217 -0.000004 -0.710520 0.000000 0.000000
    34 -0.000011 1.136200 -0.000019 -0.887619 0.000000 0.000000
    35 -0.032677 -4.587727 1.352317 4.017987 1.097500 3.071581
    36 0.048344 4.451049 -1.367917 3.515684 0.951308 2.581529
    37 0.000000 -1.750629 -0.000002 0.662869 0.000000 0.000000
    38 0.007807 1.617797 0.019498 0.525246 -0.008929 0.144115
    39 0.000000 -1.223114 -0.000002 0.095122 0.000072 0.000443
    40 0.007815 1.098160 0.003938 0.071491 -0.017318 0.143551
    41 -0.367996 -4.208406 0.173244 3.975799 0.870972 2.811773
    42 0.387543 4.071689 -0.192771 3.486671 0.920046 2.716572
    43 0.000000 -2.372318 -0.000004 0.722081 0.000000 0.000000
    44 -0.000006 2.255127 -0.007845 1.218749 -0.008821 0.036442
    45 0.000004 -1.580070 -0.000001 -0.342081 0.000000 0.000024
    46 -0.000002 1.486417 0.066438 -0.172647 0.018617 0.032958
    47 -0.937645 -3.860697 -0.959317 4.112297 0.813995 2.571254
    48 0.957204 3.720085 0.947614 3.738182 0.850274 2.527064
    49 0.000000 -1.686725 0.000000 1.687924 0.000000 0.000000
    50 0.011706 1.542224 0.000021 1.883073 -0.028372 0.141586
    51 -0.000002 -1.419536 0.000002 0.236664 0.000012 0.000455
    52 0.011727 1.282791 0.023466 0.193322 -0.001462 0.144366
    53 -1.546646 -3.404194 -1.915569 4.254297 0.651326 2.362501
    54 1.566193 3.263587 1.915585 3.888812 0.570591 2.179259
    55 0.000004 -1.433914 0.000000 1.165742 0.000000 0.000000
    56 -0.000021 1.328492 0.031281 1.661284 0.006252 0.036966
    57 -0.000002 -1.055496 0.000000 0.446676 0.000000 0.000000
    58 0.011725 0.914836 0.000008 0.308331 -0.027373 0.141770
    59 -0.000004 -13.013485 -0.000004 0.000000 0.000000 0.000000
    60 0.000000 -10.813480 -0.000004 0.000000 0.000000 0.000000
  time 129
    0 3.361589 4.730613 -15.511235 -1.559952 0.000000 -0.000070
    1 -17.852499 -0.232223 -18.252413 -1.283293 -0.086110 -0.542279
    2 0.000000 14.313023 0.000003 -0.934066 0.023877 -0.845146
    3 -0.000011 13.013483 -0.000005 -0.040895 -0.256259 -0.596127
    4 7.227171 7.264115 -19.689954 1.261291 0.085679 -0.359615
    5 0.000000 -14.313034 0.000000 -1.003829 0.656736 -0.391268
    6 -0.000004 -13.013485 -0.000004 -0.209703 0.517052 -0.397786
    7 -1.330879 -2.698427 0.462449 -0.194886 -0.547260 3.056712
    8 1.330910 2.698444 -0.462436 0.194890 0.547268 -0.084879
    9 -198.917667 1479.813875 -630.160094 -1.729097 0.672445 -0.307543
    10 3.556210 4.238403 0.987502 -1.090396 0.577049 -0.321829
    11 4.139183 5.092691 1.421975 -1.090396 0.577049 -0.321829
    12 4.777527 6.028128 1.897721 -1.090396 0.577049 -0.321829
    13 5.490345 7.072691 2.428969 -1.090396 0.577049 -0.321829
    14 6.560660 8.639143 3.229776 -1.090396 0.577049 -0.321829
    15 7.558525 6.997282 -2.354134 -1.937336 -0.275393 3.010581
    16 7.558525 6.997282 -2.354134 1.937336 0.275393 -0.131011
    17 -2.867767 -2.740969 0.531125 2.051196 0.577049 -0.321829
    18 4.324081 2.744001 -0.524877 -1.090396 0.577049 -0.321829
    19 5.012512 3.752832 -0.011802 -1.090396 0.577049 -0.321829
    20 5.595486 4.607124 0.422674 -1.090396 0.577049 -0.321829
    21 6.233833 5.542564 0.898426 -1.090396 0.577049 -0.321829
    22 6.946648 6.587124 1.429667 -1.090396 0.577049 -0.321829
    23 7.537933 7.453606 1.870349 -1.090396 0.577049 -0.321829
    24 8.154472 8.357077 2.329839 -1.090396 0.577049 -0.321829
    25 8.874294 9.411907 2.866308 -1.090396 0.577049 -0.321829
    26 -4.125858 -2.321501 1.394414 2.051196 0.577049 -0.321829
    27 -4.826813 -3.348669 0.872014 2.051196 0.577049 -0.321829
    28 -5.441669 -4.249685 0.413772 2.051196 0.577049 -0.321829
    29 -0.552532 -1.343527 1.604446 -0.485868 0.062090 -0.739288
    30 0.552589 1.343534 -1.604463 -0.094909 0.157281 -0.577665
    31 0.000000 -2.021618 -0.000004 0.659811 0.000000 0.000000
    32 -0.000021 2.021633 0.000027 0.330318 0.000000 0.000000
    33 -0.000004 -1.136217 -0.000004 -0.710520 0.000000 0.000000
    34 -0.000011 1.136200 -0.000019 -0.887619 0.000000 0.000000
    35 -0.032677 -4.583820 1.352317 4.017987 1.097500 3.071581
    36 0.048344 4.447143 -1.371823 3.515684 0.951308 2.581529
    37 0.000000 -1.750629 -0.000002 0.662869 0.000000 0.000000
    38 0.007807 1.617797 0.019498 0.525246 -0.008929 0.144115
    39 0.000000 -1.223114 -0.000002 0.095460 0.000072 0.000503
    40 0.007815 1.098160 0.011751 0.071025 -0.017318 0.143540
    41 -0.367996 -4.208406 0.173244 3.975799 0.870972 2.811773
    42 0.387543 4.071689 -0.188864 3.486671 0.920046 2.716572
    43 0.000000 -2.372318 -0.000004 0.722081 0.000000 0.000000
    44 -0.000006 2.255127 -0.007845 1.218749 -0.008821 0.036442
    45 0.000004 -1.580070 -0.000001 -0.342081 0.000012 0.000012
    46 -0.000002 1.486417 0.066438 -0.153874 0.018599 0.032934
    47 -0.937645 -3.856790 -0.959317 4.112297 0.813995 2.571254
    48 0.957204 3.720085 0.947614 3.738182 0.850274 2.527064
    49 0.000000 -1.686725 0.000000 1.687924 0.000000 0.000000
    50 0.011706 1.542224 0.000021 1.883073 -0.028372 0.141586
    51 -0.000002 -1.419536 0.000002 0.236991 0.000012 0.000515
    52 0.011727 1.282791 0.027373 0.193322 -0.001462 0.144366
    53 -1.546646 -3.400288 -1.915569 4.254297 0.651326 2.362501
    54 1.566193 3.263587 1.915585 3.888812 0.570591 2.179259
    55 0.000004 -1.433914 0.000000 1.165742 0.000000 0.000000
    56 -0.000021 1.328492 0.031281 1.661284 0.006252 0.036966
    57 -0.000002 -1.055496 0.000000 0.446425 0.000000 0.000000
    58 0.011725 0.914836 0.000008 0.308331 -0.027373 0.141770
    59 -0.000004 -13.013485 -0.000004 0.000000 0.000000 0.000000
    60 0.000000 -10.813480 -0.000004 0.000000 0.000000 0.000000
  time 130
    0 3.361589 4.730613 -15.511235 -1.559952 0.000000 -0.000070
    1 -17.848593 1.197508 -18.252413 -1.283293 -0.086110 -0.542279
    2 0.000000 14.313023 0.000003 -0.966876 0.228684 -0.821574
    3 -0.000011 13.013483 -0.000005 0.159663 -0.161264 -0.846024
    4 6.539650 7.904760 -18.123500 1.248172 0.026255 -0.351378
    5 0.000000 -14.313034 0.000000 -0.790071 0.651581 -0.385828
    6 -0.000004 -13.013485 -0.000004 -0.380042 0.440744 -0.724634
    7 -1.330879 -2.698427 0.462449 -0.194886 -0.547260 3.056712
    8 1.330910 2.698444 -0.462436 0.194890 0.547268 -0.084879
    9 -168.996052 1611.340646 -635.716346 -1.729097 0.672445 -0.307543
    10 3.556210 4.238403 0.987502 -1.090396 0.577049 -0.321829
    11 4.139183 5.092691 1.421975 -1.090396 0.577049 -0.321829
    12 4.777527 6.028128 1.897721 -1.090396 0.577049 -0.321829
    13 5.490345 7.072691 2.428969 -1.090396 0.577049 -0.321829
    14 6.560660 8.639143 3.229776 -1.090396 0.577049 -0.321829
    15 7.558525 6.997282 -2.354134 -1.937336 -0.275393 3.010581
    16 7.558525 6.997282 -2.354134 1.937336 0.275393 -0.131011
    17 -2.867767 -2.740969 0.531125 2.051196 0.577049 -0.321829
    18 4.324081 2.744001 -0.524877 -1.090396 0.577049 -0.321829
    19 5.012512 3.752832 -0.011802 -1.090396 0.577049 -0.321829
    20 5.595486 4.607124 0.422674 -1.090396 0.577049 -0.321829
    21 6.233833 5.542564 0.898426 -1.090396 0.577049 -0.321829
    22 6.946648 6.587124 1.429667 -1.090396 0.577049 -0.321829
    23 7.537933 7.453606 1.870349 -1.090396 0.577049 -0.321829
    24 8.154472 8.357077 2.329839 -1.090396 0.577049 -0.321829
    25 8.874294 9.411907 2.866308 -1.090396 0.577049 -0.321829
    26 -4.125858 -2.321501 1.394414 2.051196 0.577049 -0.321829
    27 -4.826813 -3.348669 0.872014 2.051196 0.577049 -0.321829
    28 -5.441669 -4.249685 0.413772 2.051196 0.577049 -0.321829
    29 -0.552532 -1.343527 1.604446 -0.779293 0.062090 -0.739325
    30 0.552589 1.343534 -1.604463 -0.608921 0.157281 -0.577665
    31 0.000000 -2.021618 -0.000004 0.610382 0.000000 0.000000
    32 -0.000021 2.021633 0.000027 0.330318 0.000000 0.000000
    33 -0.000004 -1.136217 -0.000004 -0.787592 0.000000 0.000000
    34 -0.000011 1.136200 -0.000019 -0.779054 0.000000 0.000000
    35 -0.032677 -4.583820 1.352317 4.430090 1.075640 3.169409
    36 0.048344 4.451049 -1.367917 4.062348 1.012806 2.866065
    37 0.000000 -1.750629 -0.000002 0.906377 0.000000 0.000000
    38 0.007807 1.621704 0.019498 0.889349 -0.000372 0.159515
    39 0.000000 -1.223114 -0.000002 0.095750 0.000084 0.000563
    40 0.007815 1.098160 0.011751 0.070559 -0.017318 0.143516
    41 -0.367996 -4.208406 0.173244 4.217488 0.913016 2.912703
    42 0.387543 4.075596 -0.188864 3.810002 0.983079 2.807517
    43 0.000000 -2.372318 -0.000004 1.157587 0.000000 0.000000
    44 -0.000006 2.255127 -0.007845 1.529228 -0.008821 0.036442
    45 0.000004 -1.580070 -0.000001 -0.299700 0.000000 0.000024
    46 -0.000002 1.486417 0.066438 -0.136125 0.018582 0.032898
    47 -0.937645 -3.856790 -0.959317 4.112297 0.813995 2.571254
    48 0.957204 3.720085 0.951521 3.738182 0.850274 2.527064
    49 0.000000 -1.686725 0.000000 1.687924 0.000000 0.000000
    50 0.011706 1.542224 0.000021 1.883073 -0.028372 0.141586
    51 -0.000002 -1.419536 0.000002 0.237372 0.000012 0.000575
    52 0.011727 1.282791 0.023466 0.193322 -0.001462 0.144366
    53 -1.546646 -3.404194 -1.915569 4.254297 0.651326 2.362501
    54 1.566193 3.263587 1.919491 3.888812 0.570591 2.179259
    55 0.000004 -1.437820 0.000000 1.165742 0.000000 0.000000
    56 -0.000021 1.328492 0.031281 1.661284 0.006252 0.036966
    57 -0.000002 -1.055496 0.000000 0.446117 0.000000 0.000000
    58 0.011725 0.914836 0.000008 0.308331 -0.027373 0.141770
    59 -0.000004 -13.013485 -0.000004 0.000000 0.000000 0.000000
    60 0.000000 -10.813480 -0.000004 0.000000 0.000000 0.000000
  time 131
    0 3.361589 4.730613 -15.511235 -1.559952 0.000000 -0.000070
    1 -17.852499 0.713119 -18.252413 -1.283293 -0.086110 -0.542279
    2 0.000000 14.313023 0.000003 -0.966876 0.228659 -0.821574
    3 -0.000011 13.013483 -0.000005 0.199316 -0.142728 0.505735
    4 6.539650 7.435995 -18.127406 1.247981 0.027013 -0.348409
    5 0.000000 -14.313034 0.000000 -0.790131 0.651581 -0.385828
    6 -0.000004 -13.013485 -0.000004 0.346533 0.430527 0.750759
    7 -1.330879 -2.698427 0.462449 -0.194886 -0.547260 3.056712
    8 1.330910 2.698444 -0.462436 0.194890 0.547268 -0.084879
    9 15.417544 7.842819 2.292833 -2.310613 0.672445 -0.307164
    10 3.556210 4.238403 0.987502 -1.090396 0.577049 -0.321829
    11 4.139183 5.092691 1.421975 -1.090396 0.577049 -0.321829
    12 4.777527 6.028128 1.897721 -1.090396 0.577049 -0.321829
    13 5.490345 7.072691 2.428969 -1.090396 0.577049 -0.321829
    14 6.560660 8.639143 3.229776 -1.090396 0.577049 -0.321829
    15 7.558525 6.997282 -2.354134 -1.937336 -0.275393 3.010581
    16 7.558525 6.997282 -2.354134 1.937336 0.275393 -0.131011
    17 -2.867767 -2.740969 0.531125 2.051196 0.577049 -0.321829
    18 4.324081 2.744001 -0.524877 -1.090396 0.577049 -0.321829
    19 5.012512 3.752832 -0.011802 -1.090396 0.577049 -0.321829
    20 5.595486 4.607124 0.422674 -1.090396 0.577049 -0.321829
    21 6.233833 5.542564 0.898426 -1.090396 0.577049 -0.321829
    22 6.946648 6.587124 1.429667 -1.090396 0.577049 -0.321829
    23 7.537933 7.453606 1.870349 -1.090396 0.577049 -0.321829
    24 8.154472 8.357077 2.329839 -1.090396 0.577049 -0.321829
    25 8.874294 9.411907 2.866308 -1.090396 0.577049 -0.321829
    26 -4.125858 -2.321501 1.394414 2.051196 0.577049 -0.321829
    27 -4.826813 -3.348669 0.872014 2.051196 0.577049 -0.321829
    28 -5.441669 -4.249685 0.413772 2.051196 0.577049 -0.321829
    29 -0.552532 -1.343527 1.604446 -1.290500 0.062090 -0.739380
    30 0.552589 1.343534 -1.604463 -1.121339 0.157281 -0.577665
    31 0.000000 -2.021618 -0.000004 0.524253 0.000000 0.000000
    32 -0.000021 2.021633 0.000027 0.330318 0.000000 0.000000
    33 -0.000004 -1.136217 -0.000004 -0.921772 0.000000 0.000000
    34 -0.000011 1.136200 -0.000019 -0.670861 0.000000 0.000000
    35 -0.032677 -4.583820 1.352317 5.147864 1.037561 3.339888
    36 0.048344 4.458862 -1.371823 5.014518 1.119880 3.361652
    37 0.000000 -1.750629 -0.000002 1.330549 0.000000 0.000000
    38 0.007807 1.629517 0.015591 1.523580 0.014513 0.186336
    39 0.000000 -1.223114 -0.000002 0.096088 0.000096 0.000623
    40 0.007815 1.094253 0.011751 0.070094 -0.017318 0.143516
    41 -0.367996 -4.208406 0.173244 4.640602 0.986644 3.089406
    42 0.387543 4.083408 -0.188864 4.373046 1.092788 2.966031
    43 0.000000 -2.372318 -0.000004 1.916246 0.000000 0.000000
    44 -0.000006 2.255127 -0.011752 2.069855 -0.008821 0.036442
    45 0.000004 -1.580070 -0.000001 -0.257910 0.000000 0.000024
    46 -0.000002 1.486417 0.066438 -0.119343 0.018564 0.032874
    47 -0.937645 -3.856790 -0.959317 4.112297 0.813995 2.571254
    48 0.957204 3.720085 0.951521 3.738182 0.850274 2.527064
    49 0.000000 -1.686725 0.000000 1.687924 0.000000 0.000000
    50 0.011706 1.542224 0.000021 1.883073 -0.028372 0.141586
    51 -0.000002 -1.419536 0.000002 0.237699 0.000012 0.000635
    52 0.011727 1.282791 0.023466 0.193322 -0.001462 0.144366
    53 -1.546646 -3.404194 -1.915569 4.254297 0.651326 2.362501
    54 1.566193 3.267494 1.919491 3.888812 0.570591 2.179259
    55 0.000004 -1.437820 0.000000 1.165742 0.000000 0.000000
    56 -0.000021 1.328492 0.031281 1.661284 0.006252 0.036966
    57 -0.000002 -1.055496 0.000000 0.445894 0.000000 0.000000
    58 0.011725 0.918743 0.000008 0.308331 -0.027361 0.141770
    59 -0.000004 -13.013485 -0.000004 0.000000 0.000000 0.000000
    60 0.000000 -10.813480 -0.000004 0.000000 0.000000 0.000000
  time 132
    0 3.361589 4.730613 -15.511235 -1.559952 0.000000 -0.000070
    1 -17.852499 0.162321 -18.252413 -1.283293 -0.086110 -0.542279
    2 0.000000 14.313023 0.000003 -0.966876 0.228659 -0.821493
    3 -0.000011 13.013483 -0.000005 0.199316 -0.142728 0.505735
    4 6.539650 6.889104 -18.135219 1.247693 0.027468 -0.346590
    5 0.000000 -14.313034 0.000000 -0.790191 0.651581 -0.385828
    6 -0.000004 -13.013485 -0.000004 0.346533 0.430527 0.750759
    7 -1.330879 -2.698427 0.462449 -0.194886 -0.547260 3.056712
    8 1.330910 2.698444 -0.462436 0.194890 0.547268 -0.084879
    9 14.552042 7.793742 2.696924 -2.623258 0.661650 -0.213590
    10 3.556210 4.238403 0.987502 -1.090396 0.577049 -0.321829
    11 4.139183 5.092691 1.421975 -1.090396 0.577049 -0.321829
    12 4.777527 6.028128 1.897721 -1.090396 0.577049 -0.321829
    13 5.490345 7.072691 2.428969 -1.090396 0.577049 -0.321829
    14 6.560660 8.639143 3.229776 -1.090396 0.577049 -0.321829
    15 7.558525 6.997282 -2.354134 -1.937336 -0.275393 3.010581
    16 7.558525 6.997282 -2.354134 1.937336 0.275393 -0.131011
    17 -2.867767 -2.740969 0.531125 2.051196 0.577049 -0.321829
    18 4.324081 2.744001 -0.524877 -1.090396 0.577049 -0.321829
    19 5.012512 3.752832 -0.011802 -1.090396 0.577049 -0.321829
    20 5.595486 4.607124 0.422674 -1.090396 0.577049 -0.321829
    21 6.233833 5.542564 0.898426 -1.090396 0.577049 -0.321829
    22 6.946648 6.587124 1.429667 -1.090396 0.577049 -0.321829
    23 7.537933 7.453606 1.870349 -1.090396 0.577049 -0.321829
    24 8.154472 8.357077 2.329839 -1.090396 0.577049 -0.321829
    25 8.874294 9.411907 2.866308 -1.090396 0.577049 -0.321829
    26 -4.125858 -2.321501 1.394414 2.051196 0.577049 -0.321829
    27 -4.826813 -3.348669 0.872014 2.051196 0.577049 -0.321829
    28 -5.441669 -4.249685 0.413772 2.051196 0.577049 -0.321829
    29 -0.552532 -1.343527 1.604446 -1.290500 0.062090 -0.739380
    30 0.552589 1.343534 -1.604463 -1.121339 0.157281 -0.577687
    31 0.000000 -2.021618 -0.000004 0.524232 0.000000 0.000000
    32 -0.000021 2.021633 0.000027 0.330318 0.000000 0.000000
    33 -0.000004 -1.136217 -0.000004 -0.921745 0.000000 0.000000
    34 -0.000011 1.136200 -0.000019 -0.670861 0.000000 0.000000
    35 -0.032677 -4.583820 1.352317 5.147864 1.037561 3.339888
    36 0.048344 4.458862 -1.367917 5.014518 1.119880 3.361652
    37 0.000000 -1.750629 -0.000002 1.330549 0.000000 0.000012
    38 0.011713 1.629517 0.019498 1.523625 0.014513 0.186336
    39 0.000000 -1.223114 -0.000002 0.096426 0.000108 0.000683
    40 0.007815 1.098160 0.007844 0.069561 -0.017318 0.143492
    41 -0.367996 -4.204500 0.173244 4.640602 0.986644 3.089406
    42 0.387543 4.083408 -0.192771 4.373046 1.092788 2.966031
    43 0.000000 -2.372318 -0.000004 1.916246 0.000000 0.000000
    44 -0.000006 2.255127 -0.011752 2.069855 -0.008821 0.036442
    45 0.000004 -1.580070 -0.000001 -0.217177 0.000000 0.000000
    46 -0.000002 1.486417 0.070344 -0.103528 0.018547 0.032838
    47 -0.937645 -3.856790 -0.959317 4.112297 0.813995 2.571254
    48 0.957204 3.723991 0.947614 3.738182 0.850274 2.527064
    49 0.000000 -1.686725 0.000000 1.687924 0.000000 0.000000
    50 0.011706 1.546131 0.000021 1.883073 -0.028372 0.141586
    51 -0.000002 -1.419536 0.000002 0.238026 0.000012 0.000695
    52 0.007820 1.282791 0.023466 0.193322 -0.001462 0.144366
    53 -1.546646 -3.404194 -1.915569 4.254297 0.651326 2.362501
    54 1.566193 3.267494 1.915585 3.888812 0.570591 2.179259
    55 0.000004 -1.437820 0.000000 1.165742 0.000000 0.000000
    56 -0.000021 1.328492 0.031281 1.661284 0.006252 0.036966
    57 -0.000002 -1.055496 0.000000 0.445586 0.000000 0.000000
    58 0.011725 0.914836 0.000008 0.308331 -0.027373 0.141770
    59 -0.000004 -13.013485 -0.000004 0.000000 0.000000 0.000000
    60 0.000000 -10.813480 -0.000004 0.000000 0.000000 0.000000
  time 133
    0 3.361589 4.730613 -15.511235 -1.559952 0.000000 -0.000070
    1 -17.852499 -0.427541 -18.252413 -1.283293 -0.086110 -0.542279
    2 0.000000 14.313023 0.000003 -0.966876 0.228608 -0.821493
    3 -0.000011 13.013483 -0.000005 0.199316 -0.142728 0.505735
    4 6.539650 6.326586 -18.135219 1.247693 0.027430 -0.346781
    5 0.000000 -14.313034 0.000000 -0.790191 0.651581 -0.385828
    6 -0.000004 -13.013485 -0.000004 0.346533 0.430527 0.750759
    7 -1.330879 -2.698427 0.462449 -0.194886 -0.547260 3.056712
    8 1.330910 2.698444 -0.462436 0.194890 0.547268 -0.084879
    9 13.717452 7.744665 3.101015 -2.935999 0.650730 -0.120015
    10 3.556210 4.238403 0.987502 -1.090396 0.577049 -0.321829
    11 4.139183 5.092691 1.421975 -1.090396 0.577049 -0.321829
    12 4.777527 6.028128 1.897721 -1.090396 0.577049 -0.321829
    13 5.490345 7.072691 2.428969 -1.090396 0.577049 -0.321829
    14 6.560660 8.639143 3.229776 -1.090396 0.577049 -0.321829
    15 7.558525 6.997282 -2.354134 -1.937336 -0.275393 3.010581
    16 7.558525 6.997282 -2.354134 1.937336 0.275393 -0.131011
    17 -2.867767 -2.740969 0.531125 2.051196 0.577049 -0.321829
    18 4.324081 2.744001 -0.524877 -1.090396 0.577049 -0.321829
    19 5.012512 3.752832 -0.011802 -1.090396 0.577049 -0.321829
    20 5.595486 4.607124 0.422674 -1.090396 0.577049 -0.321829
    21 6.233833 5.542564 0.898426 -1.090396 0.577049 -0.321829
    22 6.946648 6.587124 1.429667 -1.090396 0.577049 -0.321829
    23 7.537933 7.453606 1.870349 -1.090396 0.577049 -0.321829
    24 8.154472 8.357077 2.329839 -1.090396 0.577049 -0.321829
    25 8.874294 9.411907 2.866308 -1.090396 0.577049 -0.321829
    26 -4.125858 -2.321501 1.394414 2.051196 0.577049 -0.321829
    27 -4.826813 -3.348669 0.872014 2.051196 0.577049 -0.321829
    28 -5.441669 -4.249685 0.413772 2.051196 0.577049 -0.321829
    29 -0.552532 -1.343527 1.604446 -1.290500 0.062090 -0.739380
    30 0.552589 1.343534 -1.604463 -1.121339 0.157281 -0.577665
    31 0.000000 -2.021618 -0.000004 0.524253 0.000000 0.000000
    32 -0.000021 2.021633 0.000027 0.330318 0.000000 0.000000
    33 -0.000004 -1.136217 -0.000004 -0.921745 0.000000 0.000000
    34 -0.000011 1.136200 -0.000019 -0.670861 0.000000 0.000000
    35 -0.032677 -4.587727 1.352317 5.147864 1.037561 3.339888
    36 0.048344 4.458862 -1.371823 5.014518 1.119880 3.361652
    37 0.000000 -1.750629 -0.000002 1.330602 0.000000 0.000012
    38 0.011713 1.629517 0.015591 1.523580 0.014513 0.186336
    39 0.000000 -1.223114 -0.000002 0.096716 0.000108 0.000731
    40 0.007815 1.094253 0.007844 0.069162 -0.017318 0.143468
    41 -0.367996 -4.208406 0.173244 4.640602 0.986644 3.089406
    42 0.387543 4.083408 -0.192771 4.373046 1.092788 2.966031
    43 0.000000 -2.372318 -0.000004 1.916246 0.000000 0.000012
    44 -0.000006 2.255127 -0.011752 2.069855 -0.008821 0.036442
    45 0.000004 -1.580070 -0.000001 -0.178812 0.000000 0.000012
    46 -0.000002 1.486417 0.066438 -0.089249 0.018529 0.032802
    47 -0.937645 -3.860697 -0.959317 4.112297 0.813995 2.571254
    48 0.957204 3.723991 0.947614 3.738182 0.850274 2.527064
    49 0.000000 -1.686725 0.000000 1.687924 0.000000 0.000000
    50 0.011706 1.546131 0.000021 1.883073 -0.028372 0.141586
    51 -0.000002 -1.419536 0.000002 0.238352 0.000012 0.000755
    52 0.007820 1.282791 0.023466 0.193322 -0.001462 0.144366
    53 -1.546646 -3.404194 -1.915569 4.254297 0.651326 2.362501
    54 1.566193 3.267494 1.915585 3.888812 0.570591 2.179259
    55 0.000004 -1.437820 0.000000 1.165742 0.000000 0.000000
    56 -0.000021 1.328492 0.035188 1.661284 0.006252 0.036966
    57 -0.000002 -1.055496 0.000000 0.445335 0.000000 0.000000
    58 0.011725 0.914836 0.000008 0.308331 -0.027361 0.141770
    59 -0.000004 -13.013485 -0.000004 0.000000 0.000000 0.000000
    60 0.000000 -10.813480 -0.000004 0.000000 0.000000 0.000000
  time 134
    0 3.361589 4.730613 -15.511235 -1.559952 0.000000 -0.000070
    1 -17.852499 -1.021309 -18.252413 -1.283293 -0.086110 -0.542279
    2 0.000000 14.313023 0.000003 -0.966876 0.228608 -0.821493
    3 -0.000011 13.013483 -0.000005 0.199316 -0.142728 0.505735
    4 6.547463 5.748444 -18.143032 1.247789 0.026634 -0.349942
    5 0.000000 -14.313034 0.000000 -0.790191 0.651581 -0.385780
    6 -0.000004 -13.013485 -0.000004 0.346533 0.430527 0.750759
    7 -1.330879 -2.698427 0.462449 -0.194886 -0.547260 3.056712
    8 1.330910 2.698444 -0.462436 0.194890 0.547268 -0.084879
    9 13.872006 7.695588 3.202038 -3.247207 0.639809 -0.026819
    10 3.556210 4.238403 0.987502 -1.090396 0.577049 -0.321829
    11 4.139183 5.092691 1.421975 -1.090396 0.577049 -0.321829
    12 4.777527 6.028128 1.897721 -1.090396 0.577049 -0.321829
    13 5.490345 7.072691 2.428969 -1.090396 0.577049 -0.321829
    14 6.560660 8.639143 3.229776 -1.090396 0.577049 -0.321829
    15 7.558525 6.997282 -2.354134 -1.937336 -0.275393 3.010581
    16 7.558525 6.997282 -2.354134 1.937336 0.275393 -0.131011
    17 -2.867767 -2.740969 0.531125 2.051196 0.577049 -0.321829
    18 4.324081 2.744001 -0.524877 -1.090396 0.577049 -0.321829
    19 5.012512 3.752832 -0.011802 -1.090396 0.577049 -0.321829
    20 5.595486 4.607124 0.422674 -1.090396 0.577049 -0.321829
    21 6.233833 5.542564 0.898426 -1.090396 0.577049 -0.321829
    22 6.946648 6.587124 1.429667 -1.090396 0.577049 -0.321829
    23 7.537933 7.453606 1.870349 -1.090396 0.577049 -0.321829
    24 8.154472 8.357077 2.329839 -1.090396 0.577049 -0.321829
    25 8.874294 9.411907 2.866308 -1.090396 0.577049 -0.321829
    26 -4.125858 -2.321501 1.394414 2.051196 0.577049 -0.321829
    27 -4.826813 -3.348669 0.872014 2.051196 0.577049 -0.321829
    28 -5.441669 -4.249685 0.413772 2.051196 0.577049 -0.321829
    29 -0.552532 -1.343527 1.604446 -1.290500 0.062090 -0.739398
    30 0.552589 1.343534 -1.604463 -1.121339 0.157281 -0.577665
    31 0.000000 -2.021618 -0.000004 0.524253 0.000000 0.000000
    32 -0.000021 2.021633 0.000027 0.330318 0.000000 0.000000
    33 -0.000004 -1.136217 -0.000004 -0.921745 0.000000 0.000000
    34 -0.000011 1.136200 -0.000019 -0.670861 0.000000 0.000000
    35 -0.032677 -4.583820 1.352317 5.147864 1.037561 3.339888
    36 0.048344 4.462769 -1.371823 5.014518 1.119843 3.361652
    37 0.000000 -1.750629 -0.000002 1.330575 0.000000 0.000012
    38 0.007807 1.629517 0.015591 1.523580 0.014513 0.186336
    39 0.000000 -1.223114 -0.000002 0.097102 0.000120 0.000803
    40 0.007815 1.102066 0.011751 0.068696 -0.017318 0.143456
    41 -0.367996 -4.208406 0.173244 4.640602 0.986677 3.089406
    42 0.387543 4.083408 -0.192771 4.373046 1.092788 2.966031
    43 0.000000 -2.372318 -0.000004 1.916246 0.000000 0.000012
    44 -0.000006 2.255127 -0.007845 2.069855 -0.008821 0.036442
    45 0.000004 -1.580070 -0.000001 -0.143125 0.000000 0.000012
    46 -0.000002 1.486417 0.066438 -0.076336 0.018512 0.032766
    47 -0.937645 -3.860697 -0.959317 4.112297 0.813995 2.571254
    48 0.957204 3.720085 0.947614 3.738182 0.850274 2.527064
    49 0.000000 -1.686725 0.000000 1.687924 0.000000 0.000000
    50 0.011706 1.546131 0.000021 1.883073 -0.028372 0.141586
    51 -0.000002 -1.419536 0.000002 0.238625 0.000012 0.000815
    52 0.007820 1.282791 0.023466 0.193322 -0.001462 0.144366
    53 -1.546646 -3.400288 -1.915569 4.254297 0.651326 2.362501
    54 1.566193 3.267494 1.915585 3.888812 0.570591 2.179259
    55 0.000004 -1.437820 0.000000 1.165742 0.000000 0.000000
    56 -0.000021 1.328492 0.031281 1.661284 0.006252 0.036966
    57 -0.000002 -1.055496 0.000000 0.445027 0.000000 0.000000
    58 0.007818 0.914836 0.000008 0.308331 -0.027361 0.141770
    59 -0.000004 -13.013485 -0.000004 0.000000 0.000000 0.000000
    60 0.000000 -10.813480 -0.000004 0.000000 0.000000 0.000000
  time 135
    0 3.361589 4.730613 -15.511235 -1.559952 0.000000 -0.000070
    1 -17.852499 -1.607265 -18.252413 -1.283293 -0.086110 -0.542279
    2 0.000000 14.313023 0.000003 -0.966876 0.228583 -0.821493
    3 -0.000011 13.013483 -0.000005 0.199316 -0.142728 0.505735
    4 6.543557 5.174208 -18.143032 1.247789 0.026634 -0.349942
    5 0.000000 -14.313034 0.000000 -0.790191 0.651581 -0.385828
    6 -0.000004 -13.013485 -0.000004 0.346533 0.430527 0.750759
    7 -1.330879 -2.698427 0.462449 -0.194886 -0.547260 3.056712
    8 1.330910 2.698444 -0.462436 0.194890 0.547268 -0.084879
    9 13.408344 7.646510 3.505106 -3.559948 0.629015 0.066660
    10 3.556210 4.238403 0.987502 -1.090396 0.577049 -0.321829
    11 4.139183 5.092691 1.421975 -1.090396 0.577049 -0.321829
    12 4.777527 6.028128 1.897721 -1.090396 0.577049 -0.321829
    13 5.490345 7.072691 2.428969 -1.090396 0.577049 -0.321829
    14 6.560660 8.639143 3.229776 -1.090396 0.577049 -0.321829
    15 7.558525 6.997282 -2.354134 -1.937336 -0.275393 3.010581
    16 7.558525 6.997282 -2.354134 1.937336 0.275393 -0.131011
    17 -2.867767 -2.740969 0.531125 2.051196 0.577049 -0.321829
    18 4.324081 2.744001 -0.524877 -1.090396 0.577049 -0.321829
    19 5.012512 3.752832 -0.011802 -1.090396 0.577049 -0.321829
    20 5.595486 4.607124 0.422674 -1.090396 0.577049 -0.321829
    21 6.233833 5.542564 0.898426 -1.090396 0.577049 -0.321829
    22 6.946648 6.587124 1.429667 -1.090396 0.577049 -0.321829
    23 7.537933 7.453606 1.870349 -1.090396 0.577049 -0.321829
    24 8.154472 8.357077 2.329839 -1.090396 0.577049 -0.321829
    25 8.874294 9.411907 2.866308 -1.090396 0.577049 -0.321829
    26 -4.125858 -2.321501 1.394414 2.051196 0.577049 -0.321829
    27 -4.826813 -3.348669 0.872014 2.051196 0.577049 -0.321829
    28 -5.441669 -4.249685 0.413772 2.051196 0.577049 -0.321829
    29 -0.552532 -1.343527 1.604446 -1.290500 0.062090 -0.739398
    30 0.552589 1.343534 -1.604463 -1.121339 0.157281 -0.577687
    31 0.000000 -2.021618 -0.000004 0.524274 0.000000 0.000000
    32 -0.000021 2.021633 0.000027 0.330318 0.000000 0.000000
    33 -0.000004 -1.136217 -0.000004 -0.921745 0.000000 0.000000
    34 -0.000011 1.136200 -0.000019 -0.670861 0.000000 0.000000
    35 -0.032677 -4.587727 1.352317 5.147864 1.037561 3.339888
    36 0.048344 4.462769 -1.367917 5.014518 1.119880 3.361652
    37 0.000000 -1.750629 -0.000002 1.330602 0.000000 0.000012
    38 0.007807 1.629517 0.015591 1.523625 0.014513 0.186336
    39 0.000000 -1.227020 -0.000002 0.097392 0.000132 0.000863
    40 0.007815 1.102066 0.011751 0.068163 -0.017318 0.143432
    41 -0.367996 -4.208406 0.173244 4.640602 0.986677 3.089406
    42 0.387543 4.083408 -0.192771 4.373046 1.092788 2.966031
    43 0.000000 -2.372318 -0.000004 1.916246 0.000000 0.000012
    44 -0.000006 2.255127 -0.007845 2.069855 -0.008821 0.036442
    45 0.000004 -1.580070 -0.000001 -0.110605 0.000000 0.000000
    46 -0.000002 1.486417 0.066438 -0.065015 0.018494 0.032742
    47 -0.937645 -3.860697 -0.959317 4.112297 0.813995 2.571254
    48 0.957204 3.723991 0.947614 3.738182 0.850274 2.527064
    49 0.000000 -1.686725 0.000000 1.687924 0.000000 0.000000
    50 0.011706 1.542224 0.000021 1.883073 -0.028372 0.141586
    51 -0.000002 -1.419536 0.000002 0.238952 0.000012 0.000875
    52 0.007820 1.282791 0.023466 0.193322 -0.001462 0.144366
    53 -1.546646 -3.404194 -1.915569 4.254297 0.651326 2.362501
    54 1.566193 3.267494 1.915585 3.888812 0.570591 2.179259
    55 0.000004 -1.433914 0.000000 1.165742 0.000000 0.000000
    56 -0.000021 1.328492 0.031281 1.661284 0.006252 0.036966
    57 -0.000002 -1.055496 0.000000 0.444804 0.000000 0.000000
    58 0.011725 0.918743 0.000008 0.308331 -0.027373 0.141770
    59 -0.000004 -13.013485 -0.000004 0.000000 0.000000 0.000000
    60 0.000000 -10.813480 -0.000004 0.000000 0.000000 0.000000
  time 136
    0 3.361589 4.730613 -15.511235 -1.559952 0.000000 -0.000070
    1 -17.848593 -2.158063 -18.252413 -1.283293 -0.086110 -0.542279
    2 0.000000 14.313023 0.000003 -0.966876 0.228583 -0.821493
    3 -0.000011 13.013483 -0.000005 0.199316 -0.142728 0.505735
    4 6.543557 4.635129 -18.146938 1.247789 0.026634 -0.349942
    5 0.000000 -14.313034 0.000000 -0.790251 0.651581 -0.385828
    6 -0.000004 -13.013485 -0.000004 0.346533 0.430527 0.750759
    7 -1.330879 -2.698427 0.462449 -0.194886 -0.547260 3.056712
    8 1.330910 2.698444 -0.462436 0.194890 0.547268 -0.084879
    9 12.882861 7.646510 3.707151 -3.872497 0.618032 0.160235
    10 3.556210 4.238403 0.987502 -1.090396 0.577049 -0.321829
    11 4.139183 5.092691 1.421975 -1.090396 0.577049 -0.321829
    12 4.777527 6.028128 1.897721 -1.090396 0.577049 -0.321829
    13 5.490345 7.072691 2.428969 -1.090396 0.577049 -0.321829
    14 6.560660 8.639143 3.229776 -1.090396 0.577049 -0.321829
    15 7.558525 6.997282 -2.354134 -1.937336 -0.275393 3.010581
    16 7.558525 6.997282 -2.354134 1.937336 0.275393 -0.131011
    17 -2.867767 -2.740969 0.531125 2.051196 0.577049 -0.321829
    18 4.324081 2.744001 -0.524877 -1.090396 0.577049 -0.321829
    19 5.012512 3.752832 -0.011802 -1.090396 0.577049 -0.321829
    20 5.595486 4.607124 0.422674 -1.090396 0.577049 -0.321829
    21 6.233833 5.542564 0.898426 -1.090396 0.577049 -0.321829
    22 6.946648 6.587124 1.429667 -1.090396 0.577049 -0.321829
    23 7.537933 7.453606 1.870349 -1.090396 0.577049 -0.321829
    24 8.154472 8.357077 2.329839 -1.090396 0.577049 -0.321829
    25 8.874294 9.411907 2.866308 -1.090396 0.577049 -0.321829
    26 -4.125858 -2.321501 1.394414 2.051196 0.577049 -0.321829
    27 -4.826813 -3.348669 0.872014 2.051196 0.577049 -0.321829
    28 -5.441669 -4.249685 0.413772 2.051196 0.577049 -0.321829
    29 -0.552532 -1.343527 1.604446 -1.290500 0.062090 -0.739398
    30 0.552589 1.343534 -1.604463 -1.121339 0.157281 -0.577687
    31 0.000000 -2.021618 -0.000004 0.524295 0.000000 0.000000
    32 -0.000021 2.021633 0.000027 0.330318 0.000000 0.000000
    33 -0.000004 -1.136217 -0.000004 -0.921745 0.000000 0.000000
    34 -0.000011 1.136200 -0.000019 -0.670861 0.000000 0.000000
    35 -0.032677 -4.587727 1.352317 5.147864 1.037561 3.339888
    36 0.048344 4.462769 -1.367917 5.014518 1.119880 3.361652
    37 0.000000 -1.750629 -0.000002 1.330575 0.000000 0.000012
    38 0.011713 1.629517 0.015591 1.523625 0.014513 0.186336
    39 0.000000 -1.223114 -0.000002 0.097730 0.000144 0.000923
    40 0.007815 1.102066 0.011751 0.067697 -0.017318 0.143408
    41 -0.367996 -4.208406 0.173244 4.640602 0.986644 3.089406
    42 0.387543 4.083408 -0.192771 4.373046 1.092788 2.966031
    43 0.000000 -2.372318 -0.000004 1.916246 0.000000 0.000012
    44 -0.000006 2.255127 -0.007845 2.069855 -0.008821 0.036442
    45 0.000004 -1.580070 -0.000001 -0.081792 0.000000 0.000000
    46 -0.000002 1.486417 0.070344 -0.055458 0.018477 0.032706
    47 -0.937645 -3.856790 -0.959317 4.112297 0.813995 2.571254
    48 0.957204 3.723991 0.947614 3.738182 0.850274 2.527064
    49 0.000000 -1.686725 0.000000 1.687924 0.000000 0.000000
    50 0.011706 1.546131 0.000021 1.883073 -0.028372 0.141586
    51 -0.000002 -1.419536 0.000002 0.239278 0.000024 0.000935
    52 0.011727 1.282791 0.023466 0.193322 -0.001462 0.144366
    53 -1.546646 -3.400288 -1.915569 4.254297 0.651326 2.362501
    54 1.566193 3.267494 1.915585 3.888812 0.570591 2.179259
    55 0.000004 -1.437820 0.000000 1.165742 0.000000 0.000000
    56 -0.000021 1.328492 0.031281 1.661284 0.006252 0.036966
    57 -0.000002 -1.055496 0.000000 0.444496 0.000000 0.000000
    58 0.011725 0.914836 0.000008 0.308331 -0.027373 0.141770
    59 -0.000004 -13.013485 -0.000004 0.000000 0.000000 0.000000
    60 0.000000 -10.813480 -0.000004 0.000000 0.000000 0.000000
  time 137
    0 3.361589 4.730613 -15.511235 -1.559952 0.000000 -0.000070
    1 -17.852499 -2.654172 -18.252413 -1.283293 -0.086110 -0.542279
    2 0.000000 14.313023 0.000003 -0.966876 0.228558 -0.821493
    3 -0.000011 13.013483 -0.000005 0.199316 -0.142728 0.505735
    4 6.543557 4.150739 -18.150845 1.247789 0.026634 -0.349942
    5 0.000000 -14.313034 0.000000 -0.790251 0.651581 -0.385828
    6 -0.000004 -13.013485 -0.000004 0.346533 0.430527 0.750759
    7 -1.330879 -2.698427 0.462449 -0.194886 -0.547260 3.056712
    8 1.330910 2.698444 -0.462436 0.194890 0.547268 -0.084879
    9 12.326468 7.646510 3.959708 -4.184376 0.607174 0.253525
    10 3.556210 4.238403 0.987502 -1.090396 0.577049 -0.321829
    11 4.139183 5.092691 1.421975 -1.090396 0.577049 -0.321829
    12 4.777527 6.028128 1.897721 -1.090396 0.577049 -0.321829
    13 5.490345 7.072691 2.428969 -1.090396 0.577049 -0.321829
    14 6.560660 8.639143 3.229776 -1.090396 0.577049 -0.321829
    15 7.558525 6.997282 -2.354134 -1.937336 -0.275393 3.010581
    16 7.558525 6.997282 -2.354134 1.937336 0.275393 -0.131011
    17 -2.867767 -2.740969 0.531125 2.051196 0.577049 -0.321829
    18 4.324081 2.744001 -0.524877 -1.090396 0.577049 -0.321829
    19 5.012512 3.752832 -0.011802 -1.090396 0.577049 -0.321829
    20 5.595486 4.607124 0.422674 -1.090396 0.577049 -0.321829
    21 6.233833 5.542564 0.898426 -1.090396 0.577049 -0.321829
    22 6.946648 6.587124 1.429667 -1.090396 0.577049 -0.321829
    23 7.537933 7.453606 1.870349 -1.090396 0.577049 -0.321829
    24 8.154472 8.357077 2.329839 -1.090396 0.577049 -0.321829
    25 8.874294 9.411907 2.866308 -1.090396 0.577049 -0.321829
    26 -4.125858 -2.321501 1.394414 2.051196 0.577049 -0.321829
    27 -4.826813 -3.348669 0.872014 2.051196 0.577049 -0.321829
    28 -5.441669 -4.249685 0.413772 2.051196 0.577049 -0.321829
    29 -0.552532 -1.343527 1.604446 -1.290500 0.062090 -0.739398
    30 0.552589 1.343534 -1.604463 -1.121313 0.157281 -0.577687
    31 0.000000 -2.021618 -0.000004 0.524295 0.000000 0.000000
    32 -0.000021 2.021633 0.000027 0.330318 0.000000 0.000000
    33 -0.000004 -1.136217 -0.000004 -0.921745 0.000000 0.000000
    34 -0.000011 1.136200 -0.000019 -0.670861 0.000000 0.000000
    35 -0.032677 -4.587727 1.352317 5.147864 1.037561 3.339888
    36 0.048344 4.462769 -1.367917 5.014518 1.119880 3.361652
    37 0.000000 -1.750629 -0.000002 1.330575 0.000000 0.000012
    38 0.007807 1.629517 0.019498 1.523625 0.014513 0.186336
    39 0.000000 -1.223114 -0.000002 0.097971 0.000144 0.000983
    40 0.007815 1.102066 0.011751 0.067364 -0.017306 0.143396
    41 -0.367996 -4.208406 0.173244 4.640602 0.986677 3.089406
    42 0.387543 4.083408 -0.188864 4.373046 1.092788 2.966031
    43 0.000000 -2.372318 -0.000004 1.916327 0.000000 0.000012
    44 -0.000006 2.255127 -0.007845 2.069811 -0.008821 0.036442
    45 0.000004 -1.580070 -0.000001 -0.057641 0.000000 0.000000
    46 -0.000002 1.486417 0.070344 -0.047721 0.018477 0.032694
    47 -0.937645 -3.860697 -0.959317 4.112297 0.813995 2.571254
    48 0.957204 3.720085 0.951521 3.738182 0.850274 2.527064
    49 0.000000 -1.686725 0.000000 1.687924 0.000000 0.000000
    50 0.011706 1.546131 0.000021 1.883073 -0.028372 0.141586
    51 -0.000002 -1.419536 0.000002 0.239551 0.000024 0.000994
    52 0.007820 1.282791 0.023466 0.193322 -0.001462 0.144366
    53 -1.546646 -3.400288 -1.915569 4.254297 0.651326 2.362501
    54 1.566193 3.267494 1.915585 3.888812 0.570591 2.179259
    55 0.000004 -1.437820 0.000000 1.165742 0.000000 0.000000
    56 -0.000021 1.328492 0.031281 1.661284 0.006252 0.036966
    57 -0.000002 -1.055496 0.000000 0.444245 0.000000 0.000000
    58 0.011725 0.918743 0.000008 0.308331 -0.027373 0.141770
    59 -0.000004 -13.013485 -0.000004 0.000000 0.000000 0.000000
    60 0.000000 -10.813480 -0.000004 0.000000 0.000000 0.000000
  time 138
    0 3.361589 4.730613 -15.511235 -1.559952 0.000000 -0.000070
    1 -17.852499 -3.083872 -18.252413 -1.283293 -0.086110 -0.542279
    2 0.000000 14.313023 0.000003 -0.966876 0.228558 -0.821493
    3 -0.000011 13.013483 -0.000005 0.199316 -0.142728 0.505735
    4 6.547463 3.724945 -18.150845 1.247789 0.026672 -0.349942
    5 0.000000 -14.313034 0.000000 -0.790251 0.651581 -0.385828
    6 -0.000004 -13.013485 -0.000004 0.346533 0.430527 0.750759
    7 -1.330879 -2.698427 0.462449 -0.194886 -0.547260 3.056712
    8 1.330910 2.698444 -0.462436 0.194890 0.547268 -0.084879
    9 11.831895 7.695588 4.212265 1.786245 0.596317 0.347100
    10 3.556210 4.238403 0.987502 -1.090396 0.577049 -0.321829
    11 4.139183 5.092691 1.421975 -1.090396 0.577049 -0.321829
    12 4.777527 6.028128 1.897721 -1.090396 0.577049 -0.321829
    13 5.490345 7.072691 2.428969 -1.090396 0.577049 -0.321829
    14 6.560660 8.639143 3.229776 -1.090396 0.577049 -0.321829
    15 7.558525 6.997282 -2.354134 -1.937336 -0.275393 3.010581
    16 7.558525 6.997282 -2.354134 1.937336 0.275393 -0.131011
    17 -2.867767 -2.740969 0.531125 2.051196 0.577049 -0.321829
    18 4.324081 2.744001 -0.524877 -1.090396 0.577049 -0.321829
    19 5.012512 3.752832 -0.011802 -1.090396 0.577049 -0.321829
    20 5.595486 4.607124 0.422674 -1.090396 0.577049 -0.321829
    21 6.233833 5.542564 0.898426 -1.090396 0.577049 -0.321829
    22 6.946648 6.587124 1.429667 -1.090396 0.577049 -0.321829
    23 7.537933 7.453606 1.870349 -1.090396 0.577049 -0.321829
    24 8.154472 8.357077 2.329839 -1.090396 0.577049 -0.321829
    25 8.874294 9.411907 2.866308 -1.090396 0.577049 -0.321829
    26 -4.125858 -2.321501 1.394414 2.051196 0.577049 -0.321829
    27 -4.826813 -3.348669 0.872014 2.051196 0.577049 -0.321829
    28 -5.441669 -4.249685 0.413772 2.051196 0.577049 -0.321829
    29 -0.552532 -1.343527 1.604446 -1.290500 0.062090 -0.739398
    30 0.552589 1.343534 -1.604463 -1.121339 0.157281 -0.577687
    31 0.000000 -2.021618 -0.000004 0.524316 0.000000 0.000000
    32 -0.000021 2.021633 0.000027 0.330318 0.000000 0.000000
    33 -0.000004 -1.136217 -0.000004 -0.921745 0.000000 0.000000
    34 -0.000011 1.136200 -0.000019 -0.670861 0.000000 0.000000
    35 -0.032677 -4.583820 1.352317 5.147864 1.037561 3.339888
    36 0.048344 4.462769 -1.371823 5.014518 1.119880 3.361652
    37 0.000000 -1.750629 -0.000002 1.330629 0.000000 0.000012
    38 0.007807 1.629517 0.019498 1.523625 0.014513 0.186336
    39 0.000000 -1.223114 -0.000002 0.098309 0.000156 0.001043
    40 0.007815 1.102066 0.007844 0.066965 -0.017306 0.143384
    41 -0.367996 -4.204500 0.173244 4.640602 0.986677 3.089406
    42 0.387543 4.083408 -0.188864 4.373046 1.092788 2.966031
    43 0.000000 -2.372318 -0.000004 1.916327 0.000000 0.000012
    44 -0.000006 2.255127 -0.007845 2.069811 -0.008821 0.036442
    45 0.000004 -1.580070 -0.000001 -0.038793 0.000000 0.000000
    46 -0.000002 1.486417 0.070344 -0.041975 0.018459 0.032658
    47 -0.937645 -3.856790 -0.959317 4.112297 0.813995 2.571254
    48 0.957204 3.723991 0.951521 3.738182 0.850274 2.527064
    49 0.000000 -1.686725 0.000000 1.687924 0.000000 0.000000
    50 0.011706 1.546131 0.000021 1.883073 -0.028372 0.141586
    51 -0.000002 -1.419536 0.000002 0.239878 0.000024 0.001054
    52 0.007820 1.282791 0.023466 0.193322 -0.001462 0.144366
    53 -1.546646 -3.400288 -1.915569 4.254297 0.651326 2.362501
    54 1.566193 3.267494 1.915585 3.888812 0.570591 2.179259
    55 0.000004 -1.437820 0.000000 1.165742 0.000000 0.000000
    56 -0.000021 1.328492 0.031281 1.661284 0.006252 0.036966
    57 -0.000002 -1.055496 0.000000 0.443965 0.000000 0.000000
    58 0.007818 0.918743 0.000008 0.308331 -0.027373 0.141770
    59 -0.000004 -13.013485 -0.000004 0.000000 0.000000 0.000000
    60 0.000000 -10.813480 -0.000004 0.000000 0.000000 0.000000
  time 139
    0 3.361589 4.730613 -15.511235 -1.559952 0.000000 -0.000070
    1 -17.852499 -3.415914 -18.252413 -1.283293 -0.086110 -0.542279
    2 0.000000 14.313023 0.000003 -0.966876 0.228558 -0.821493
    3 -0.000011 13.013483 -0.000005 0.199316 -0.142728 0.505735
    4 6.547463 3.392903 -18.146938 1.247789 0.026672 -0.349942
    5 0.000000 -14.313034 0.000000 -0.790251 0.651581 -0.385828
    6 -0.000004 -13.013485 -0.000004 0.346533 0.430527 0.750759
    7 -1.330879 -2.698427 0.462449 -0.194886 -0.547260 3.056712
    8 1.330910 2.698444 -0.462436 0.194890 0.547268 -0.084879
    9 11.491877 7.695588 4.313288 1.473504 0.585397 0.440580
    10 3.556210 4.238403 0.987502 -1.090396 0.577049 -0.321829
    11 4.139183 5.092691 1.421975 -1.090396 0.577049 -0.321829
    12 4.777527 6.028128 1.897721 -1.090396 0.577049 -0.321829
    13 5.490345 7.072691 2.428969 -1.090396 0.577049 -0.321829
    14 6.560660 8.639143 3.229776 -1.090396 0.577049 -0.321829
    15 7.558525 6.997282 -2.354134 -1.937336 -0.275393 3.010581
    16 7.558525 6.997282 -2.354134 1.937336 0.275393 -0.131011
    17 -2.867767 -2.740969 0.531125 2.051196 0.577049 -0.321829
    18 4.324081 2.744001 -0.524877 -1.090396 0.577049 -0.321829
    19 5.012512 3.752832 -0.011802 -1.090396 0.577049 -0.321829
    20 5.595486 4.607124 0.422674 -1.090396 0.577049 -0.321829
    21 6.233833 5.542564 0.898426 -1.090396 0.577049 -0.321829
    22 6.946648 6.587124 1.429667 -1.090396 0.577049 -0.321829
    23 7.537933 7.453606 1.870349 -1.090396 0.577049 -0.321829
    24 8.154472 8.357077 2.329839 -1.090396 0.577049 -0.321829
    25 8.874294 9.411907 2.866308 -1.090396 0.577049 -0.321829
    26 -4.125858 -2.321501 1.394414 2.051196 0.577049 -0.321829
    27 -4.826813 -3.348669 0.872014 2.051196 0.577049 -0.321829
    28 -5.441669 -4.249685 0.413772 2.051196 0.577049 -0.321829
    29 -0.552532 -1.343527 1.604446 -1.339480 0.076451 -0.792377
    30 0.552589 1.343534 -1.604463 -1.137907 0.254859 -0.602597
    31 0.000000 -2.021618 -0.000004 0.524316 0.000000 0.000000
    32 -0.000021 2.021633 0.000027 0.330318 0.000000 0.000000
    33 -0.000004 -1.136217 -0.000004 -0.676815 0.000000 0.000000
    34 -0.000011 1.136200 -0.000019 -0.418690 0.000000 0.000000
    35 -0.032677 -4.583820 1.352317 4.723172 1.037561 3.339130
    36 0.048344 4.462769 -1.371823 4.775694 1.087368 3.441583
    37 0.000000 -1.750629 -0.000002 1.107311 0.000000 0.000323
    38 0.007807 1.629517 0.015591 1.219889 0.014513 0.186336
    39 0.000000 -1.223114 -0.000002 0.098406 0.000156 0.001055
    40 0.007815 1.102066 0.007844 0.066632 -0.017306 0.143360
    41 -0.367996 -4.204500 0.173244 4.291225 0.986711 3.088864
    42 0.387543 4.083408 -0.188864 4.042979 1.092788 2.966031
    43 0.000000 -2.372318 -0.000004 1.546491 0.000000 0.000323
    44 -0.000006 2.255127 -0.007845 1.687252 -0.008821 0.036442
    45 0.000004 -1.580070 -0.000001 -0.026408 0.000000 0.000000
    46 -0.000002 1.486417 0.066438 -0.038448 0.018459 0.032646
    47 -0.937645 -3.856790 -0.959317 3.691638 0.814179 2.570387
    48 0.957204 3.723991 0.947614 3.390636 0.850274 2.527064
    49 0.000000 -1.686725 0.000000 1.262190 0.000072 0.000383
    50 0.011706 1.553943 0.000021 1.448976 -0.028372 0.141586
    51 -0.000002 -1.419536 0.000002 0.239987 0.000024 0.001066
    52 0.007820 1.282791 0.023466 0.193322 -0.001462 0.144366
    53 -1.546646 -3.400288 -1.915569 3.834543 0.651412 2.361887
    54 1.566193 3.267494 1.915585 3.529511 0.570591 2.179259
    55 0.000004 -1.433914 0.000000 0.832644 -0.000036 0.000395
    56 -0.000021 1.328492 0.031281 1.210146 0.006252 0.036966
    57 -0.000002 -1.055496 0.000000 0.443686 0.000000 0.000000
    58 0.011725 0.918743 0.000008 0.308331 -0.027373 0.141770
    59 -0.000004 -13.013485 -0.000004 0.000000 0.000000 0.000000
    60 0.000000 -10.813480 -0.000004 0.000000 0.000000 0.000000
  time 140
    0 3.361589 4.730613 -15.511235 -1.559952 0.000000 -0.000070
    1 -17.852499 -3.630764 -18.252413 -1.283293 -0.086110 -0.542279
    2 0.000000 14.313023 0.000003 -0.966876 0.228533 -0.821493
    3 -0.000011 13.013483 -0.000005 0.199316 -0.142728 0.505735
    4 6.539650 3.119457 -18.143032 1.247789 0.026672 -0.349942
    5 0.000000 -14.313034 0.000000 -0.790311 0.651581 -0.385828
    6 -0.000004 -13.013485 -0.000004 0.346533 0.430527 0.750759
    7 -1.330879 -2.698427 0.462449 -0.194886 -0.547260 3.056712
    8 1.330910 2.698444 -0.462436 0.194890 0.547268 -0.084879
    9 11.337323 7.695588 4.363799 1.162105 0.574665 0.533776
    10 3.556210 4.238403 0.987502 -1.090396 0.577049 -0.321829
    11 4.139183 5.092691 1.421975 -1.090396 0.577049 -0.321829
    12 4.777527 6.028128 1.897721 -1.090396 0.577049 -0.321829
    13 5.490345 7.072691 2.428969 -1.090396 0.577049 -0.321829
    14 6.560660 8.639143 3.229776 -1.090396 0.577049 -0.321829
    15 7.558525 6.997282 -2.354134 -1.937336 -0.275393 3.010581
    16 7.558525 6.997282 -2.354134 1.937336 0.275393 -0.131011
    17 -2.867767 -2.740969 0.531125 2.051196 0.577049 -0.321829
    18 4.324081 2.744001 -0.524877 -1.090396 0.577049 -0.321829
    19 5.012512 3.752832 -0.011802 -1.090396 0.577049 -0.321829
    20 5.595486 4.607124 0.422674 -1.090396 0.577049 -0.321829
    21 6.233833 5.542564 0.898426 -1.090396 0.577049 -0.321829
    22 6.946648 6.587124 1.429667 -1.090396 0.577049 -0.321829
    23 7.537933 7.453606 1.870349 -1.090396 0.577049 -0.321829
    24 8.154472 8.357077 2.329839 -1.090396 0.577049 -0.321829
    25 8.874294 9.411907 2.866308 -1.090396 0.577049 -0.321829
    26 -4.125858 -2.321501 1.394414 2.051196 0.577049 -0.321829
    27 -4.826813 -3.348669 0.872014 2.051196 0.577049 -0.321829
    28 -5.441669 -4.249685 0.413772 2.051196 0.577049 -0.321829
    29 -0.552532 -1.343527 1.604446 -1.417048 0.099229 -0.876371
    30 0.552589 1.343534 -1.604463 -1.163359 0.404894 -0.640898
    31 0.000000 -2.021618 -0.000004 0.524337 0.000000 0.000000
    32 -0.000021 2.021633 0.000027 0.330318 0.000000 0.000000
    33 -0.000004 -1.136217 -0.000004 -0.288377 0.000000 0.000000
    34 -0.000011 1.136200 -0.000019 -0.155271 0.000000 0.000000
    35 -0.032677 -4.583820 1.352317 4.049847 1.037598 3.338371
    36 0.048344 4.462769 -1.371823 4.397014 1.035816 3.568305
    37 0.000000 -1.750629 -0.000002 0.753122 0.000000 0.000647
    38 0.007807 1.629517 0.015591 0.738229 0.014513 0.186336
    39 0.000000 -1.223114 -0.000002 0.098551 0.000168 0.001078
    40 0.007815 1.102066 0.007844 0.066299 -0.017306 0.143348
    41 -0.367996 -4.204500 0.173244 3.737073 0.986777 3.088168
    42 0.387543 4.083408 -0.192771 3.519543 1.092788 2.966031
    43 0.000000 -2.372318 -0.000004 0.959971 0.000000 0.000647
    44 -0.000006 2.255127 -0.007845 1.080467 -0.008821 0.036430
    45 0.000004 -1.580070 -0.000001 -0.021825 0.000000 0.000000
    46 -0.000002 1.486417 0.066438 -0.037197 0.018441 0.032658
    47 -0.937645 -3.856790 -0.959317 3.091214 0.814424 2.569600
    48 0.957204 3.731804 0.947614 2.894727 0.850336 2.527064
    49 0.000000 -1.686725 0.000000 0.654439 0.000156 0.000803
    50 0.007799 1.557850 0.000021 0.829202 -0.028344 0.141538
    51 -0.000002 -1.419536 0.000002 0.240096 0.000024 0.001078
    52 0.007820 1.282791 0.027373 0.193322 -0.001462 0.144366
    53 -1.546646 -3.400288 -1.915569 3.188300 0.651499 2.361120
    54 1.566193 3.271400 1.915585 3.016818 0.570706 2.179259
    55 0.000004 -1.433914 0.000000 0.357309 -0.000096 0.000815
    56 -0.000021 1.328492 0.035188 0.566145 0.006252 0.036947
    57 -0.000002 -1.055496 0.000000 0.443406 0.000000 0.000000
    58 0.007818 0.914836 0.000008 0.308331 -0.027373 0.141770
    59 -0.000004 -13.013485 -0.000004 0.000000 0.000000 0.000000
    60 0.000000 -10.813480 -0.000004 0.000000 0.000000 0.000000
  time 141
    0 2.838135 5.961119 -14.694804 -1.559952 0.000000 -0.000070
    1 -18.368140 -3.697172 -18.178192 -1.221094 -0.138425 -0.471397
    2 0.000000 14.313023 0.000003 -0.968037 0.211046 -0.758660
    3 -0.000011 13.013483 -0.000005 0.097269 -0.192772 0.608589
    4 5.852129 0.224838 -13.599925 1.612929 -0.091152 -0.371682
    5 0.000000 -14.313034 0.000000 -0.790789 0.467723 -0.226009
    6 -0.000004 -13.013485 -0.000004 0.373647 0.373376 0.736934
    7 -1.330879 -2.698427 0.462449 -0.194886 -0.547260 3.056712
    8 1.330910 2.698444 -0.462436 0.194890 0.547268 -0.084879
    9 10.595465 4.603727 7.444993 0.849364 0.563870 0.627350
    10 3.556210 4.238403 0.987502 -1.090396 0.577049 -0.321829
    11 4.139183 5.092691 1.421975 -1.090396 0.577049 -0.321829
    12 4.777527 6.028128 1.897721 -1.090396 0.577049 -0.321829
    13 5.490345 7.072691 2.428969 -1.090396 0.577049 -0.321829
    14 6.560660 8.639143 3.229776 -1.090396 0.577049 -0.321829
    15 7.558525 6.997282 -2.354134 -1.937336 -0.275393 3.010581
    16 7.558525 6.997282 -2.354134 1.937336 0.275393 -0.131011
    17 -2.867767 -2.740969 0.531125 2.051196 0.577049 -0.321829
    18 4.324081 2.744001 -0.524877 -1.090396 0.577049 -0.321829
    19 5.012512 3.752832 -0.011802 -1.090396 0.577049 -0.321829
    20 5.595486 4.607124 0.422674 -1.090396 0.577049 -0.321829
    21 6.233833 5.542564 0.898426 -1.090396 0.577049 -0.321829
    22 6.946648 6.587124 1.429667 -1.090396 0.577049 -0.321829
    23 7.537933 7.453606 1.870349 -1.090396 0.577049 -0.321829
    24 8.154472 8.357077 2.329839 -1.090396 0.577049 -0.321829
    25 8.874294 9.411907 2.866308 -1.090396 0.577049 -0.321829
    26 -4.125858 -2.321501 1.394414 2.051196 0.577049 -0.321829
    27 -4.826813 -3.348669 0.872014 2.051196 0.577049 -0.321829
    28 -5.441669 -4.249685 0.413772 2.051196 0.577049 -0.321829
    29 -0.552532 -1.343527 1.604446 -1.380083 0.091936 -0.853000
    30 0.552589 1.343534 -1.604463 -1.109867 0.383682 -0.621769
    31 0.000000 -2.021618 -0.000004 0.460514 0.000000 0.000000
    32 -0.000021 2.021633 0.000027 0.302904 0.000000 0.000000
    33 -0.000004 -1.136217 -0.000004 -0.270469 0.000000 0.000000
    34 -0.000011 1.136200 -0.000019 -0.141050 0.000000 0.000000
    35 -0.032677 -4.587727 1.352317 3.875439 1.070147 3.252904
    36 0.044438 4.482300 -1.367917 4.389982 1.075603 3.659991
    37 0.000000 -1.750629 -0.000002 0.704238 0.000000 0.000515
    38 0.007807 1.652955 0.015591 0.636953 0.011781 0.151102
    39 0.000000 -1.223114 -0.000002 0.072234 0.000132 0.000875
    40 0.003908 1.125504 0.007844 0.049125 -0.014022 0.116239
    41 -0.367996 -4.208406 0.173244 3.596514 1.005967 3.012935
    42 0.383637 4.102940 -0.188864 3.433501 1.094087 2.944978
    43 0.000000 -2.372318 -0.000004 0.898251 0.000012 0.000515
    44 -0.000006 2.274659 -0.003939 0.991364 -0.007059 0.029530
    45 0.000004 -1.580070 -0.000001 -0.041265 0.000000 0.000000
    46 -0.000002 1.505949 0.054719 -0.060748 0.014953 0.026474
    47 -0.937645 -3.860697 -0.959317 3.052474 0.843713 2.568024
    48 0.953297 3.747429 0.947614 2.874660 0.874425 2.535650
    49 0.000000 -1.686725 0.000000 0.623512 0.000120 0.000647
    50 0.007799 1.585194 0.000021 0.765458 -0.023009 0.114800
    51 -0.000002 -1.419536 0.000002 0.209100 0.000012 0.000887
    52 0.007820 1.310135 0.015654 0.166967 -0.001199 0.117053
    53 -1.546646 -3.404194 -1.915569 3.126371 0.680831 2.377925
    54 1.562287 3.290932 1.915585 2.983776 0.620899 2.203737
    55 0.000004 -1.437820 0.000000 0.370102 -0.000072 0.000659
    56 -0.000021 1.351930 0.023469 0.540387 0.005114 0.029936
    57 -0.000002 -1.055496 0.000000 0.443127 0.000000 0.000000
    58 0.003912 0.942181 0.000008 0.317158 -0.022196 0.114957
    59 -0.000004 -13.013485 -0.000004 0.000000 0.000000 0.000000
    60 0.000000 -10.813480 -0.000004 0.000000 0.000000 0.000000
  time 142
    0 2.267805 7.289285 -13.784620 -1.559952 0.000000 -0.000070
    1 -18.793934 -3.634670 -17.986780 -1.198334 -0.192552 -0.279451
    2 0.000000 14.313023 0.000003 -0.970969 0.169154 -0.608014
    3 -0.000011 13.013483 -0.000005 -0.017294 -0.250693 0.721315
    4 6.473242 -2.790879 -12.334261 1.917834 -0.099527 -0.451555
    5 0.000000 -14.313034 0.000000 -0.778821 0.277356 -0.067875
    6 -0.000004 -13.013485 -0.000004 0.402382 0.311983 0.714432
    7 -1.330879 -2.698427 0.462449 -0.194886 -0.547260 3.056712
    8 1.330910 2.698444 -0.462436 0.194890 0.547268 -0.084879
    9 11.120948 2.444332 6.889368 0.536910 0.553012 0.720830
    10 3.556210 4.238403 0.987502 -1.090396 0.577049 -0.321829
    11 4.139183 5.092691 1.421975 -1.090396 0.577049 -0.321829
    12 4.777527 6.028128 1.897721 -1.090396 0.577049 -0.321829
    13 5.490345 7.072691 2.428969 -1.090396 0.577049 -0.321829
    14 6.560660 8.639143 3.229776 -1.090396 0.577049 -0.321829
    15 7.558525 6.997282 -2.354134 -1.937336 -0.275393 3.010581
    16 7.558525 6.997282 -2.354134 1.937336 0.275393 -0.131011
    17 -2.867767 -2.740969 0.531125 2.051196 0.577049 -0.321829
    18 4.324081 2.744001 -0.524877 -1.090396 0.577049 -0.321829
    19 5.012512 3.752832 -0.011802 -1.090396 0.577049 -0.321829
    20 5.595486 4.607124 0.422674 -1.090396 0.577049 -0.321829
    21 6.233833 5.542564 0.898426 -1.090396 0.577049 -0.321829
    22 6.946648 6.587124 1.429667 -1.090396 0.577049 -0.321829
    23 7.537933 7.453606 1.870349 -1.090396 0.577049 -0.321829
    24 8.154472 8.357077 2.329839 -1.090396 0.577049 -0.321829
    25 8.874294 9.411907 2.866308 -1.090396 0.577049 -0.321829
    26 -4.125858 -2.321501 1.394414 2.051196 0.577049 -0.321829
    27 -4.826813 -3.348669 0.872014 2.051196 0.577049 -0.321829
    28 -5.441669 -4.249685 0.413772 2.051196 0.577049 -0.321829
    29 -0.552532 -1.343527 1.604446 -1.336729 0.083887 -0.826611
    30 0.552589 1.343534 -1.604463 -1.047151 0.360685 -0.597315
    31 0.000000 -2.021618 -0.000004 0.389789 0.000000 0.000000
    32 -0.000021 2.021633 0.000027 0.272773 0.000000 0.000000
    33 -0.000004 -1.136217 -0.000004 -0.244982 0.000000 0.000000
    34 -0.000011 1.136200 -0.000019 -0.116883 0.000000 0.000000
    35 -0.032677 -4.583820 1.352317 3.674205 1.106482 3.147189
    36 0.040531 4.509645 -1.360104 4.390069 1.120919 3.764417
    37 0.000000 -1.750629 -0.000002 0.656853 0.000000 0.000371
    38 0.003901 1.680299 0.007778 0.524702 0.008737 0.112068
    39 0.000000 -1.223114 -0.000002 0.048283 0.000096 0.000635
    40 0.000002 1.156755 0.000032 0.036411 -0.010415 0.086205
    41 -0.367996 -4.204500 0.173244 3.439070 1.027322 2.925473
    42 0.379731 4.130285 -0.184958 3.338388 1.095520 2.920907
    43 0.000000 -2.372318 -0.000004 0.833024 0.000000 0.000383
    44 -0.000006 2.302004 -0.000032 0.896821 -0.005297 0.021917
    45 0.000004 -1.580070 -0.000001 -0.056430 0.000000 0.000000
    46 -0.000002 1.525481 0.043000 -0.078896 0.011096 0.019643
    47 -0.937645 -3.856790 -0.959317 3.014012 0.877253 2.566764
    48 0.949391 3.770867 0.951521 2.854872 0.901907 2.545417
    49 0.000000 -1.686725 0.000000 0.589538 0.000084 0.000467
    50 0.003893 1.608632 0.000021 0.694702 -0.017062 0.085138
    51 -0.000002 -1.419536 0.000002 0.181100 0.000012 0.000659
    52 0.000008 1.341386 0.015654 0.145017 -0.000875 0.086816
    53 -1.546646 -3.400288 -1.915569 3.062134 0.717222 2.398413
    54 1.558380 3.314370 1.915585 2.951935 0.679534 2.236426
    55 0.000004 -1.433914 0.000000 0.384170 -0.000048 0.000479
    56 -0.000021 1.371462 0.015656 0.511850 0.003761 0.022213
    57 -0.000002 -1.055496 0.000000 0.439102 0.000000 0.000000
    58 0.000006 0.977338 0.000008 0.325510 -0.016443 0.085268
    59 -0.000004 -13.013485 -0.000004 0.000000 0.000000 0.000000
    60 0.000000 -10.813480 -0.000004 0.000000 0.000000 0.000000
  time 143
    0 1.740445 8.531510 -12.921312 -1.559952 0.000000 -0.000070
    1 -19.196290 -3.478415 -17.682083 -1.195386 -0.247823 -0.039462
    2 0.000000 14.313023 0.000003 -0.973230 0.114153 -0.410626
    3 -0.000011 13.013483 -0.000005 -0.129087 -0.309416 0.827428
    4 8.039696 -4.111232 -13.346011 1.995306 -0.033433 -0.498961
    5 0.000000 -14.313034 0.000000 -0.751832 0.111610 0.058873
    6 -0.000004 -13.013485 -0.000004 0.428054 0.256337 0.684207
    7 -1.330879 -2.698427 0.462449 -0.194886 -0.547260 3.056712
    8 1.330910 2.698444 -0.462436 0.194890 0.547268 -0.084879
    9 12.295557 2.493409 3.808174 0.224840 0.542280 0.814120
    10 3.556210 4.238403 0.987502 -1.090396 0.577049 -0.321829
    11 4.139183 5.092691 1.421975 -1.090396 0.577049 -0.321829
    12 4.777527 6.028128 1.897721 -1.090396 0.577049 -0.321829
    13 5.490345 7.072691 2.428969 -1.090396 0.577049 -0.321829
    14 6.560660 8.639143 3.229776 -1.090396 0.577049 -0.321829
    15 7.558525 6.997282 -2.354134 -1.937336 -0.275393 3.010581
    16 7.558525 6.997282 -2.354134 1.937336 0.275393 -0.131011
    17 -2.867767 -2.740969 0.531125 2.051196 0.577049 -0.321829
    18 4.324081 2.744001 -0.524877 -1.090396 0.577049 -0.321829
    19 5.012512 3.752832 -0.011802 -1.090396 0.577049 -0.321829
    20 5.595486 4.607124 0.422674 -1.090396 0.577049 -0.321829
    21 6.233833 5.542564 0.898426 -1.090396 0.577049 -0.321829
    22 6.946648 6.587124 1.429667 -1.090396 0.577049 -0.321829
    23 7.537933 7.453606 1.870349 -1.090396 0.577049 -0.321829
    24 8.154472 8.357077 2.329839 -1.090396 0.577049 -0.321829
    25 8.874294 9.411907 2.866308 -1.090396 0.577049 -0.321829
    26 -4.125858 -2.321501 1.394414 2.051196 0.577049 -0.321829
    27 -4.826813 -3.348669 0.872014 2.051196 0.577049 -0.321829
    28 -5.441669 -4.249685 0.413772 2.051196 0.577049 -0.321829
    29 -0.552532 -1.343527 1.604446 -1.291386 0.076002 -0.800588
    30 0.552589 1.343534 -1.604463 -0.981769 0.338838 -0.569362
    31 0.000000 -2.021618 -0.000004 0.322620 0.000000 0.000000
    32 -0.000021 2.021633 0.000027 0.244028 0.000000 0.000000
    33 -0.000004 -1.136217 -0.000004 -0.212805 0.000000 0.000000
    34 -0.000011 1.136200 -0.000019 -0.082353 0.000000 0.000000
    35 -0.032677 -4.587727 1.352317 3.468284 1.142000 3.029947
    36 0.036625 4.533083 -1.360104 4.400487 1.166309 3.869070
    37 0.000000 -1.750629 -0.000002 0.620163 0.000000 0.000263
    38 -0.000006 1.707644 0.003872 0.418029 0.005824 0.074988
    39 0.000000 -1.223114 -0.000002 0.032252 0.000060 0.000419
    40 0.000002 1.176287 0.003938 0.031951 -0.006951 0.057682
    41 -0.367996 -4.208406 0.173244 3.284230 1.048278 2.834761
    42 0.375824 4.153723 -0.177145 3.246868 1.096919 2.896836
    43 0.000000 -2.372318 -0.000004 0.775658 0.000000 0.000264
    44 -0.000006 2.325442 -0.000032 0.812807 -0.003535 0.014660
    45 0.000004 -1.580070 -0.000001 -0.062919 0.000000 0.000000
    46 -0.000002 1.541106 0.027374 -0.086405 0.007415 0.013123
    47 -0.937645 -3.860697 -0.959317 2.982147 0.911006 2.566370
    48 0.945484 3.798212 0.955427 2.839171 0.929512 2.555264
    49 0.000000 -1.690632 0.000000 0.557068 0.000060 0.000311
    50 0.003893 1.639883 0.000021 0.627452 -0.011421 0.056975
    51 -0.000002 -1.419536 0.000002 0.162361 0.000012 0.000419
    52 0.003914 1.372637 0.003935 0.133198 -0.000575 0.058077
    53 -1.546646 -3.404194 -1.915569 3.005558 0.757445 2.420819
    54 1.554474 3.341715 1.915585 2.927477 0.740474 2.275484
    55 0.000004 -1.437820 0.000000 0.397577 -0.000024 0.000323
    56 -0.000021 1.394900 0.007843 0.484329 0.002507 0.014865
    57 -0.000002 -1.055496 0.000000 0.426971 0.000000 0.000000
    58 0.000006 1.004683 0.000008 0.331849 -0.011014 0.057046
    59 -0.000004 -13.013485 -0.000004 0.000000 0.000000 0.000000
    60 0.000000 -10.813480 -0.000004 0.000000 0.000000 0.000000
  time 144
    0 1.279494 9.613575 -12.143945 -1.559952 0.000000 -0.000070
    1 -19.657242 -3.240127 -17.283634 -1.195478 -0.304048 0.183953
    2 0.000000 14.313023 0.000003 -0.978546 0.059253 -0.212956
    3 -0.000011 13.013483 -0.000005 -0.233809 -0.367714 0.921942
    4 10.160855 0.076396 -20.057153 1.909024 -0.039383 -0.526639
    5 0.000000 -14.313034 0.000000 -0.704496 -0.015236 0.139601
    6 -0.000004 -13.013485 -0.000004 0.449223 0.209448 0.643875
    7 -1.330879 -2.698427 0.462449 -0.194886 -0.547260 3.056712
    8 1.330910 2.698444 -0.462436 0.194890 0.547268 -0.084879
    9 12.697397 4.800035 -0.535804 -0.087135 0.531548 0.907506
    10 3.556210 4.238403 0.987502 -1.090396 0.577049 -0.321829
    11 4.139183 5.092691 1.421975 -1.090396 0.577049 -0.321829
    12 4.777527 6.028128 1.897721 -1.090396 0.577049 -0.321829
    13 5.490345 7.072691 2.428969 -1.090396 0.577049 -0.321829
    14 6.560660 8.639143 3.229776 -1.090396 0.577049 -0.321829
    15 7.558525 6.997282 -2.354134 -1.937336 -0.275393 3.010581
    16 7.558525 6.997282 -2.354134 1.937336 0.275393 -0.131011
    17 -2.867767 -2.740969 0.531125 2.051196 0.577049 -0.321829
    18 4.324081 2.744001 -0.524877 -1.090396 0.577049 -0.321829
    19 5.012512 3.752832 -0.011802 -1.090396 0.577049 -0.321829
    20 5.595486 4.607124 0.422674 -1.090396 0.577049 -0.321829
    21 6.233833 5.542564 0.898426 -1.090396 0.577049 -0.321829
    22 6.946648 6.587124 1.429667 -1.090396 0.577049 -0.321829
    23 7.537933 7.453606 1.870349 -1.090396 0.577049 -0.321829
    24 8.154472 8.357077 2.329839 -1.090396 0.577049 -0.321829
    25 8.874294 9.411907 2.866308 -1.090396 0.577049 -0.321829
    26 -4.125858 -2.321501 1.394414 2.051196 0.577049 -0.321829
    27 -4.826813 -3.348669 0.872014 2.051196 0.577049 -0.321829
    28 -5.441669 -4.249685 0.413772 2.051196 0.577049 -0.321829
    29 -0.552532 -1.343527 1.604446 -1.243935 0.068627 -0.775717
    30 0.552589 1.343534 -1.604463 -0.913983 0.319409 -0.536778
    31 0.000000 -2.021618 -0.000004 0.261785 0.000000 0.000000
    32 -0.000021 2.021633 0.000027 0.217945 0.000000 0.000000
    33 -0.000004 -1.136217 -0.000004 -0.171409 0.000000 0.000000
    34 -0.000011 1.136200 -0.000019 -0.033183 0.000000 0.000000
    35 -0.032677 -4.587727 1.352317 3.259584 1.175588 2.897916
    36 0.032719 4.552615 -1.352291 4.426010 1.211106 3.972283
    37 0.000000 -1.754536 -0.000002 0.599359 0.000000 0.000144
    38 -0.000006 1.731082 0.003872 0.321380 0.003224 0.041383
    39 0.000000 -1.223114 -0.000002 0.027616 0.000036 0.000240
    40 0.000002 1.199725 0.000032 0.039473 -0.003823 0.031819
    41 -0.367996 -4.208406 0.173244 3.136396 1.068201 2.741030
    42 0.371918 4.173255 -0.173239 3.162532 1.098385 2.873152
    43 0.000000 -2.372318 -0.000004 0.730345 0.000000 0.000144
    44 -0.000006 2.344974 -0.000032 0.745113 -0.001942 0.008080
    45 0.000004 -1.580070 -0.000001 -0.057023 0.000000 0.000000
    46 -0.000002 1.560638 0.011749 -0.078782 0.004084 0.007251
    47 -0.937645 -3.860697 -0.959317 2.960965 0.944393 2.567158
    48 0.937672 3.821650 0.959333 2.829881 0.956685 2.565110
    49 0.000000 -1.690632 0.000000 0.527683 0.000024 0.000168
    50 -0.000013 1.667228 0.000021 0.566561 -0.006280 0.031435
    51 -0.000002 -1.423443 0.000002 0.157077 0.000000 0.000239
    52 0.000008 1.396075 0.000028 0.135768 -0.000324 0.032071
    53 -1.546646 -3.404194 -1.915569 2.961441 0.802711 2.445374
    54 1.550568 3.369059 1.915585 2.914002 0.803633 2.323290
    55 0.000004 -1.437820 0.000000 0.409945 0.000000 0.000180
    56 -0.000021 1.418338 0.003937 0.459052 0.001386 0.008208
    57 -0.000002 -1.055496 0.000000 0.407434 0.000000 0.000000
    58 0.000006 1.028121 0.000008 0.335226 -0.006064 0.031476
    59 -0.000004 -13.013485 -0.000004 0.000000 0.000000 0.000000
    60 0.000000 -10.813480 -0.000004 0.000000 0.000000 0.000000
  time 145
    0 0.935733 10.414380 -11.487675 -1.559952 0.000000 -0.000070
    1 -20.293980 -2.954962 -16.799244 -1.185710 -0.360131 0.338625
    2 0.000000 14.313023 0.000003 -0.981356 0.017386 -0.062511
    3 -0.000011 13.013483 -0.000005 -0.325441 -0.424079 0.996326
    4 6.668561 -2.099452 -21.416569 1.788077 -0.044196 -0.621452
    5 0.000000 -14.313034 0.000000 -0.626102 -0.076511 0.144848
    6 -0.000004 -13.013485 -0.000004 0.462194 0.175331 0.587621
    7 -1.330879 -2.698427 0.462449 -0.194886 -0.547260 3.056712
    8 1.330910 2.698444 -0.462436 0.194890 0.547268 -0.084879
    9 11.893717 8.186359 -5.435407 -0.399780 0.520879 1.001080
    10 3.556210 4.238403 0.987502 -1.090396 0.577049 -0.321829
    11 4.139183 5.092691 1.421975 -1.090396 0.577049 -0.321829
    12 4.777527 6.028128 1.897721 -1.090396 0.577049 -0.321829
    13 5.490345 7.072691 2.428969 -1.090396 0.577049 -0.321829
    14 6.560660 8.639143 3.229776 -1.090396 0.577049 -0.321829
    15 7.558525 6.997282 -2.354134 -1.937336 -0.275393 3.010581
    16 7.558525 6.997282 -2.354134 1.937336 0.275393 -0.131011
    17 -2.867767 -2.740969 0.531125 2.051196 0.577049 -0.321829
    18 4.324081 2.744001 -0.524877 -1.090396 0.577049 -0.321829
    19 5.012512 3.752832 -0.011802 -1.090396 0.577049 -0.321829
    20 5.595486 4.607124 0.422674 -1.090396 0.577049 -0.321829
    21 6.233833 5.542564 0.898426 -1.090396 0.577049 -0.321829
    22 6.946648 6.587124 1.429667 -1.090396 0.577049 -0.321829
    23 7.537933 7.453606 1.870349 -1.090396 0.577049 -0.321829
    24 8.154472 8.357077 2.329839 -1.090396 0.577049 -0.321829
    25 8.874294 9.411907 2.866308 -1.090396 0.577049 -0.321829
    26 -4.125858 -2.321501 1.394414 2.051196 0.577049 -0.321829
    27 -4.826813 -3.348669 0.872014 2.051196 0.577049 -0.321829
    28 -5.441669 -4.249685 0.413772 2.051196 0.577049 -0.321829
    29 -0.552532 -1.343527 1.604446 -1.193609 0.062376 -0.753388
    30 0.552589 1.343534 -1.604463 -0.842879 0.304937 -0.496130
    31 0.000000 -2.021618 -0.000004 0.212229 0.000000 0.000000
    32 -0.000021 2.021633 0.000027 0.196671 0.000000 0.000000
    33 -0.000004 -1.136217 -0.000004 -0.113661 0.000000 0.000000
    34 -0.000011 1.136200 -0.000019 0.042432 0.000000 0.000000
    35 -0.032677 -4.583820 1.352317 3.049756 1.204945 2.740709
    36 0.032719 4.572147 -1.352291 4.479487 1.253453 4.069959
    37 0.000000 -1.750629 -0.000002 0.604653 0.000000 0.000048
    38 -0.000006 1.750614 -0.000034 0.242781 0.001091 0.014034
    39 0.000000 -1.227020 -0.000002 0.041523 0.000012 0.000072
    40 0.000002 1.223163 0.000032 0.065833 -0.001282 0.010798
    41 -0.367996 -4.204500 0.173244 3.004998 1.085658 2.644203
    42 0.368011 4.196693 -0.173239 3.093465 1.099717 2.850706
    43 0.000000 -2.372318 -0.000004 0.705391 0.000000 0.000048
    44 -0.000006 2.364506 -0.000032 0.705190 -0.000647 0.002743
    45 0.000004 -1.580070 -0.000001 -0.031300 0.000000 0.000000
    46 -0.000002 1.572357 0.003936 -0.046754 0.001385 0.002457
    47 -0.937645 -3.856790 -0.959317 2.960594 0.976373 2.570072
    48 0.937672 3.845088 0.959333 2.832575 0.982378 2.574168
    49 0.000000 -1.686725 0.000000 0.503774 0.000000 0.000060
    50 -0.000013 1.682853 0.000021 0.516987 -0.002112 0.010666
    51 -0.000002 -1.423443 0.000002 0.173637 0.000000 0.000072
    52 0.000008 1.419514 0.000028 0.161608 -0.000108 0.010870
    53 -1.546646 -3.404194 -1.915569 2.941875 0.856621 2.473613
    54 1.546661 3.392498 1.915585 2.922308 0.869299 2.386442
    55 0.000004 -1.437820 0.000000 0.419859 0.000000 0.000060
    56 -0.000021 1.433964 0.000031 0.437676 0.000462 0.002767
    57 -0.000002 -1.055496 0.000000 0.376298 0.000000 0.000000
    58 0.000006 1.051559 0.000008 0.333626 -0.002050 0.010683
    59 -0.000004 -13.013485 -0.000004 0.000000 0.000000 0.000000
    60 0.000000 -10.813480 -0.000004 0.000000 0.000000 0.000000
  time 146
    0 0.841981 10.637043 -11.065787 -1.559952 0.000000 -0.000070
    1 -21.387764 -2.654172 -16.244539 -1.156684 -0.415688 0.390870
    2 0.000000 14.313023 0.000003 -0.982578 0.000000 0.000000
    3 -0.000011 13.013483 -0.000005 -0.388694 -0.476010 1.030259
    4 7.371707 -0.224395 -9.724806 1.634475 0.060818 -0.751988
    5 0.000000 -14.313034 0.000000 -0.487806 0.000000 0.000000
    6 -0.000004 -13.013485 -0.000004 0.458681 0.161830 0.500283
    7 -1.330879 -2.698427 0.462449 -0.194886 -0.547260 3.056712
    8 1.330910 2.698444 -0.462436 0.194890 0.547268 -0.084879
    9 8.431712 4.554650 -4.223134 -0.711755 0.510336 1.094465
    10 3.556210 4.238403 0.987502 -1.090396 0.577049 -0.321829
    11 4.139183 5.092691 1.421975 -1.090396 0.577049 -0.321829
    12 4.777527 6.028128 1.897721 -1.090396 0.577049 -0.321829
    13 5.490345 7.072691 2.428969 -1.090396 0.577049 -0.321829
    14 6.560660 8.639143 3.229776 -1.090396 0.577049 -0.321829
    15 7.558525 6.997282 -2.354134 -1.937336 -0.275393 3.010581
    16 7.558525 6.997282 -2.354134 1.937336 0.275393 -0.131011
    17 -2.867767 -2.740969 0.531125 2.051196 0.577049 -0.321829
    18 4.324081 2.744001 -0.524877 -1.090396 0.577049 -0.321829
    19 5.012512 3.752832 -0.011802 -1.090396 0.577049 -0.321829
    20 5.595486 4.607124 0.422674 -1.090396 0.577049 -0.321829
    21 6.233833 5.542564 0.898426 -1.090396 0.577049 -0.321829
    22 6.946648 6.587124 1.429667 -1.090396 0.577049 -0.321829
    23 7.537933 7.453606 1.870349 -1.090396 0.577049 -0.321829
    24 8.154472 8.357077 2.329839 -1.090396 0.577049 -0.321829
    25 8.874294 9.411907 2.866308 -1.090396 0.577049 -0.321829
    26 -4.125858 -2.321501 1.394414 2.051196 0.577049 -0.321829
    27 -4.826813 -3.348669 0.872014 2.051196 0.577049 -0.321829
    28 -5.441669 -4.249685 0.413772 2.051196 0.577049 -0.321829
    29 -0.552532 -1.343527 1.604446 -1.131237 0.062049 -0.739325
    30 0.552589 1.343534 -1.604463 -0.761217 0.312114 -0.422073
    31 0.000000 -2.021618 -0.000004 0.186809 0.000000 0.000000
    32 -0.000021 2.021633 0.000027 0.185695 0.000000 0.000000
    33 -0.000004 -1.136217 -0.000004 0.006888 0.000000 0.000000
    34 -0.000011 1.136200 -0.000019 0.220615 0.000000 0.000000
    35 -0.032677 -4.587727 1.352317 2.844703 1.216154 2.484990
    36 0.032719 4.587772 -1.352291 4.644867 1.285557 4.143975
    37 0.000000 -1.750629 -0.000002 0.662896 0.000000 0.000000
    38 -0.000006 1.754520 -0.000034 0.202325 0.000000 0.000000
    39 0.000000 -1.223114 -0.000002 0.092660 0.000000 0.000000
    40 0.000002 1.227070 0.000032 0.130336 0.000000 0.000000
    41 -0.367996 -4.208406 0.173244 2.943027 1.091688 2.536231
    42 0.368011 4.208412 -0.173239 3.085113 1.100750 2.833678
    43 0.000000 -2.372318 -0.000004 0.722081 0.000000 0.000000
    44 -0.000006 2.372318 -0.000032 0.722081 0.000000 0.000000
    45 0.000004 -1.580070 -0.000001 0.034255 0.000000 0.000000
    46 -0.000002 1.580170 0.000030 0.034255 0.000000 0.000000
    47 -0.937645 -3.860697 -0.959317 3.044205 1.001841 2.581100
    48 0.937672 3.860714 0.959333 2.886273 1.001840 2.581100
    49 0.000000 -1.686725 0.000000 0.491549 0.000000 0.000000
    50 -0.000013 1.690666 0.000021 0.491549 0.000000 0.000000
    51 -0.000002 -1.419536 0.000002 0.234212 0.000000 0.000000
    52 0.000008 1.423420 0.000028 0.234212 0.000000 0.000000
    53 -1.546646 -3.404194 -1.915569 3.024293 0.944156 2.514436
    54 1.546661 3.404217 1.915585 3.024293 0.944156 2.514435
    55 0.000004 -1.433914 0.000000 0.424958 0.000000 0.000000
    56 -0.000021 1.437870 0.000031 0.424957 0.000000 0.000000
    57 -0.000002 -1.055496 0.000000 0.322075 0.000000 0.000000
    58 0.000006 1.059372 0.000008 0.322075 0.000000 0.000000
    59 -0.000004 -13.013485 -0.000004 0.000000 0.000000 0.000000
    60 0.000000 -10.813480 -0.000004 0.000000 0.000000 0.000000
  time 147
    0 1.013861 10.234687 -11.132195 -1.559952 0.000000 -0.000070
    1 -21.391670 -2.357288 -15.639052 -1.104437 -0.380828 0.402556
    2 0.000000 14.313023 0.000003 -0.982578 0.000000 0.000000
    3 -0.000011 13.013483 -0.000005 -0.415066 -0.482425 0.978017
    4 6.137294 1.900670 -9.466986 1.651329 0.076280 -0.672785
    5 0.000000 -14.313034 0.000000 -0.487806 0.000000 0.000000
    6 -0.000004 -13.013485 -0.000004 0.458771 0.161830 0.500283
    7 -1.330879 -2.698427 0.462449 -0.194886 -0.547260 3.056712
    8 1.330910 2.698444 -0.462436 0.194890 0.547268 -0.084879
    9 8.431712 4.554650 -4.223134 -0.711851 0.510336 1.094465
    10 3.556210 4.238403 0.987502 -1.090396 0.577049 -0.321829
    11 4.139183 5.092691 1.421975 -1.090396 0.577049 -0.321829
    12 4.777527 6.028128 1.897721 -1.090396 0.577049 -0.321829
    13 5.490345 7.072691 2.428969 -1.090396 0.577049 -0.321829
    14 6.560660 8.639143 3.229776 -1.090396 0.577049 -0.321829
    15 7.558525 6.997282 -2.354134 -1.937336 -0.275393 3.010581
    16 7.558525 6.997282 -2.354134 1.937336 0.275393 -0.131011
    17 -2.867767 -2.740969 0.531125 2.051196 0.577049 -0.321829
    18 4.324081 2.744001 -0.524877 -1.090396 0.577049 -0.321829
    19 5.012512 3.752832 -0.011802 -1.090396 0.577049 -0.321829
    20 5.595486 4.607124 0.422674 -1.090396 0.577049 -0.321829
    21 6.233833 5.542564 0.898426 -1.090396 0.577049 -0.321829
    22 6.946648 6.587124 1.429667 -1.090396 0.577049 -0.321829
    23 7.537933 7.453606 1.870349 -1.090396 0.577049 -0.321829
    24 8.154472 8.357077 2.329839 -1.090396 0.577049 -0.321829
    25 8.874294 9.411907 2.866308 -1.090396 0.577049 -0.321829
    26 -4.125858 -2.321501 1.394414 2.051196 0.577049 -0.321829
    27 -4.826813 -3.348669 0.872014 2.051196 0.577049 -0.321829
    28 -5.441669 -4.249685 0.413772 2.051196 0.577049 -0.321829
    29 -0.552532 -1.343527 1.604446 -1.131237 0.062049 -0.739325
    30 0.552589 1.343534 -1.604463 -0.761217 0.312114 -0.422073
    31 0.000000 -2.021618 -0.000004 0.186809 0.000000 0.000000
    32 -0.000021 2.021633 0.000027 0.185450 0.000000 0.000000
    33 -0.000004 -1.136217 -0.000004 0.006888 0.000000 0.000000
    34 -0.000011 1.136200 -0.000019 0.220615 0.000000 0.000000
    35 -0.032677 -4.579914 1.352317 2.844703 1.216154 2.484990
    36 0.032719 4.587772 -1.352291 4.644780 1.285408 4.143975
    37 0.000000 -1.750629 -0.000002 0.662896 0.000000 0.000000
    38 -0.000006 1.754520 -0.000034 0.202280 0.000000 0.000000
    39 0.000000 -1.223114 -0.000002 0.092660 0.000000 0.000000
    40 0.000002 1.227070 0.000032 0.130336 0.000000 0.000000
    41 -0.367996 -4.208406 0.173244 2.943027 1.091688 2.536231
    42 0.368011 4.208412 -0.173239 3.085113 1.100750 2.833678
    43 0.000000 -2.372318 -0.000004 0.722081 0.000000 0.000000
    44 -0.000006 2.372318 -0.000032 0.722081 0.000000 0.000000
    45 0.000004 -1.580070 -0.000001 0.034255 0.000000 0.000000
    46 -0.000002 1.580170 0.000030 0.034255 0.000000 0.000000
    47 -0.937645 -3.860697 -0.959317 3.044205 1.001841 2.581100
    48 0.937672 3.860714 0.959333 2.886273 1.001840 2.581100
    49 0.000000 -1.686725 0.000000 0.491549 0.000000 0.000000
    50 -0.000013 1.690666 0.000021 0.491549 0.000000 0.000000
    51 -0.000002 -1.419536 0.000002 0.234212 0.000000 0.000000
    52 0.000008 1.423420 0.000028 0.234212 0.000000 0.000000
    53 -1.546646 -3.400288 -1.915569 3.024293 0.944156 2.514436
    54 1.546661 3.404217 1.915585 3.024293 0.944156 2.514435
    55 0.000004 -1.437820 0.000000 0.424958 0.000000 0.000000
    56 -0.000021 1.437870 0.000031 0.424957 0.000000 0.000000
    57 -0.000002 -1.055496 0.000000 0.322075 0.000000 0.000000
    58 0.000006 1.059372 0.000008 0.322075 0.000000 0.000000
    59 -0.000004 -13.013485 -0.000004 0.000000 0.000000 0.000000
    60 0.000000 -10.813480 -0.000004 0.000000 0.000000 0.000000
  time 148
    0 1.185741 9.828425 -11.257199 -1.559952 0.000000 -0.000070
    1 -21.391670 -2.091654 -14.986688 -1.052282 -0.346635 0.415999
    2 0.000000 14.313023 0.000003 -0.982578 0.000000 0.000000
    3 -0.000011 13.013483 -0.000005 -0.441151 -0.490066 0.925967
    4 4.758346 3.822604 -9.033379 1.673546 0.091402 -0.594445
    5 0.000000 -14.313034 0.000000 -0.487746 0.000033 0.000000
    6 -0.000004 -13.013485 -0.000004 0.458681 0.161830 0.500283
    7 -1.330879 -2.698427 0.462449 -0.194886 -0.547260 3.056712
    8 1.330910 2.698444 -0.462436 0.194890 0.547268 -0.084879
    9 8.431712 4.554650 -4.223134 -0.711851 0.510336 1.094465
    10 3.556210 4.238403 0.987502 -1.090396 0.577049 -0.321829
    11 4.139183 5.092691 1.421975 -1.090396 0.577049 -0.321829
    12 4.777527 6.028128 1.897721 -1.090396 0.577049 -0.321829
    13 5.490345 7.072691 2.428969 -1.090396 0.577049 -0.321829
    14 6.560660 8.639143 3.229776 -1.090396 0.577049 -0.321829
    15 7.558525 6.997282 -2.354134 -1.937336 -0.275393 3.010581
    16 7.558525 6.997282 -2.354134 1.937336 0.275393 -0.131011
    17 -2.867767 -2.740969 0.531125 2.051196 0.577049 -0.321829
    18 4.324081 2.744001 -0.524877 -1.090396 0.577049 -0.321829
    19 5.012512 3.752832 -0.011802 -1.090396 0.577049 -0.321829
    20 5.595486 4.607124 0.422674 -1.090396 0.577049 -0.321829
    21 6.233833 5.542564 0.898426 -1.090396 0.577049 -0.321829
    22 6.946648 6.587124 1.429667 -1.090396 0.577049 -0.321829
    23 7.537933 7.453606 1.870349 -1.090396 0.577049 -0.321829
    24 8.154472 8.357077 2.329839 -1.090396 0.577049 -0.321829
    25 8.874294 9.411907 2.866308 -1.090396 0.577049 -0.321829
    26 -4.125858 -2.321501 1.394414 2.051196 0.577049 -0.321829
    27 -4.826813 -3.348669 0.872014 2.051196 0.577049 -0.321829
    28 -5.441669 -4.249685 0.413772 2.051196 0.577049 -0.321829
    29 -0.552532 -1.343527 1.604446 -1.131237 0.062049 -0.739325
    30 0.552589 1.343534 -1.604463 -0.761217 0.312114 -0.422073
    31 0.000000 -2.021618 -0.000004 0.186809 0.000000 0.000000
    32 -0.000021 2.021633 0.000027 0.185179 0.000000 0.000000
    33 -0.000004 -1.136217 -0.000004 0.006888 0.000000 0.000000
    34 -0.000011 1.136200 -0.000019 0.220615 0.000000 0.000000
    35 -0.032677 -4.583820 1.352317 2.844703 1.216154 2.484990
    36 0.032719 4.587772 -1.352291 4.644606 1.285223 4.143975
    37 0.000000 -1.750629 -0.000002 0.662896 0.000000 0.000000
    38 -0.000006 1.754520 -0.000034 0.202325 0.000000 0.000000
    39 0.000000 -1.223114 -0.000002 0.092660 0.000000 0.000000
    40 0.000002 1.227070 0.000032 0.130336 0.000000 0.000000
    41 -0.367996 -4.208406 0.173244 2.943027 1.091688 2.536231
    42 0.368011 4.208412 -0.173239 3.085113 1.100750 2.833678
    43 0.000000 -2.372318 -0.000004 0.722081 0.000000 0.000000
    44 -0.000006 2.372318 -0.000032 0.722081 0.000000 0.000000
    45 0.000004 -1.580070 -0.000001 0.034255 0.000000 0.000000
    46 -0.000002 1.580170 0.000030 0.034255 0.000000 0.000000
    47 -0.937645 -3.860697 -0.959317 3.044205 1.001841 2.581100
    48 0.937672 3.860714 0.959333 2.886273 1.001840 2.581100
    49 0.000000 -1.686725 0.000000 0.491549 0.000000 0.000000
    50 -0.000013 1.690666 0.000021 0.491549 0.000000 0.000000
    51 -0.000002 -1.419536 0.000002 0.234212 0.000000 0.000000
    52 0.000008 1.423420 0.000028 0.234212 0.000000 0.000000
    53 -1.546646 -3.404194 -1.915569 3.024293 0.944156 2.514436
    54 1.546661 3.404217 1.915585 3.024293 0.944156 2.514435
    55 0.000004 -1.433914 0.000000 0.424958 0.000000 0.000000
    56 -0.000021 1.437870 0.000031 0.424957 0.000000 0.000000
    57 -0.000002 -1.055496 0.000000 0.322075 0.000000 0.000000
    58 0.000006 1.059372 0.000008 0.322075 0.000000 0.000000
    59 -0.000004 -13.013485 -0.000004 0.000000 0.000000 0.000000
    60 0.000000 -10.813480 -0.000004 0.000000 0.000000 0.000000
  time 149
    0 1.365434 9.410443 -11.432985 -1.559952 0.000000 -0.000070
    1 -21.387764 -1.880710 -14.306980 -1.000311 -0.313109 0.431046
    2 0.000000 14.313023 0.000003 -0.982578 0.000000 0.000000
    3 -0.000011 13.013483 -0.000005 -0.466662 -0.498839 0.874109
    4 3.250487 5.494530 -8.427892 1.700838 0.105499 -0.516870
    5 0.000000 -14.313034 0.000000 -0.487566 0.000099 0.000000
    6 -0.000004 -13.013485 -0.000004 0.458771 0.161830 0.500283
    7 -1.330879 -2.698427 0.462449 -0.194886 -0.547260 3.056712
    8 1.330910 2.698444 -0.462436 0.194890 0.547268 -0.084879
    9 8.431712 4.554650 -4.223134 -0.711851 0.510336 1.094465
    10 3.556210 4.238403 0.987502 -1.090396 0.577049 -0.321829
    11 4.139183 5.092691 1.421975 -1.090396 0.577049 -0.321829
    12 4.777527 6.028128 1.897721 -1.090396 0.577049 -0.321829
    13 5.490345 7.072691 2.428969 -1.090396 0.577049 -0.321829
    14 6.560660 8.639143 3.229776 -1.090396 0.577049 -0.321829
    15 7.558525 6.997282 -2.354134 -1.937336 -0.275393 3.010581
    16 7.558525 6.997282 -2.354134 1.937336 0.275393 -0.131011
    17 -2.867767 -2.740969 0.531125 2.051196 0.577049 -0.321829
    18 4.324081 2.744001 -0.524877 -1.090396 0.577049 -0.321829
    19 5.012512 3.752832 -0.011802 -1.090396 0.577049 -0.321829
    20 5.595486 4.607124 0.422674 -1.090396 0.577049 -0.321829
    21 6.233833 5.542564 0.898426 -1.090396 0.577049 -0.321829
    22 6.946648 6.587124 1.429667 -1.090396 0.577049 -0.321829
    23 7.537933 7.453606 1.870349 -1.090396 0.577049 -0.321829
    24 8.154472 8.357077 2.329839 -1.090396 0.577049 -0.321829
    25 8.874294 9.411907 2.866308 -1.090396 0.577049 -0.321829
    26 -4.125858 -2.321501 1.394414 2.051196 0.577049 -0.321829
    27 -4.826813 -3.348669 0.872014 2.051196 0.577049 -0.321829
    28 -5.441669 -4.249685 0.413772 2.051196 0.577049 -0.321829
    29 -0.552532 -1.343527 1.604446 -1.131237 0.062049 -0.739325
    30 0.552589 1.343534 -1.604463 -0.761217 0.312114 -0.422073
    31 0.000000 -2.021618 -0.000004 0.186809 0.000000 0.000000
    32 -0.000021 2.021633 0.000027 0.184961 0.000000 0.000000
    33 -0.000004 -1.136217 -0.000004 0.006888 0.000000 0.000000
    34 -0.000011 1.136200 -0.000019 0.220615 0.000000 0.000000
    35 -0.032677 -4.583820 1.352317 2.844703 1.216154 2.484990
    36 0.032719 4.587772 -1.352291 4.644432 1.285037 4.144051
    37 0.000000 -1.746723 -0.000002 0.662896 0.000000 0.000000
    38 -0.000006 1.754520 -0.000034 0.202325 0.000000 0.000000
    39 0.000000 -1.223114 -0.000002 0.092660 0.000000 0.000000
    40 0.000002 1.227070 0.000032 0.130336 0.000000 0.000000
    41 -0.367996 -4.208406 0.173244 2.943027 1.091688 2.536231
    42 0.368011 4.208412 -0.173239 3.085113 1.100750 2.833678
    43 0.000000 -2.372318 -0.000004 0.722081 0.000000 0.000000
    44 -0.000006 2.372318 -0.000032 0.722081 0.000000 0.000000
    45 0.000004 -1.580070 -0.000001 0.034255 0.000000 0.000000
    46 -0.000002 1.580170 0.000030 0.034255 0.000000 0.000000
    47 -0.937645 -3.860697 -0.959317 3.044205 1.001841 2.581100
    48 0.937672 3.860714 0.959333 2.886273 1.001840 2.581100
    49 0.000000 -1.686725 0.000000 0.491549 0.000000 0.000000
    50 -0.000013 1.690666 0.000021 0.491549 0.000000 0.000000
    51 -0.000002 -1.419536 0.000002 0.234212 0.000000 0.000000
    52 0.000008 1.423420 0.000028 0.234212 0.000000 0.000000
    53 -1.546646 -3.404194 -1.915569 3.024293 0.944156 2.514436
    54 1.546661 3.404217 1.915585 3.024293 0.944156 2.514435
    55 0.000004 -1.433914 0.000000 0.424958 0.000000 0.000000
    56 -0.000021 1.437870 0.000031 0.424957 0.000000 0.000000
    57 -0.000002 -1.055496 0.000000 0.322075 0.000000 0.000000
    58 0.000006 1.059372 0.000008 0.322075 0.000000 0.000000
    59 -0.000004 -13.013485 -0.000004 0.000000 0.000000 0.000000
    60 0.000000 -10.813480 -0.000004 0.000000 0.000000 0.000000
  time 150
    0 1.545127 8.988556 -11.659555 -1.559952 0.000000 -0.000070
    1 -21.391670 -1.759613 -13.615553 -0.948433 -0.280490 0.447774
    2 0.000000 14.313023 0.000003 -0.982659 0.000000 0.000000
    3 -0.000011 13.013483 -0.000005 -0.491983 -0.508744 0.822156
    4 1.637157 6.877385 -7.662243 1.733493 0.118119 -0.439966
    5 0.000000 -14.313034 0.000000 -0.487506 0.000132 -0.000048
    6 -0.000004 -13.013485 -0.000004 0.458782 0.161883 0.500357
    7 -1.330879 -2.698427 0.462449 -0.194886 -0.547260 3.056712
    8 1.330910 2.698444 -0.462436 0.194890 0.547268 -0.084879
    9 8.476563 4.574219 -4.277344 -0.711697 0.510276 1.094600
    10 3.556210 4.238403 0.987502 -1.090396 0.577049 -0.321829
    11 4.139183 5.092691 1.421975 -1.090396 0.577049 -0.321829
    12 4.777527 6.028128 1.897721 -1.090396 0.577049 -0.321829
    13 5.490345 7.072691 2.428969 -1.090396 0.577049 -0.321829
    14 6.562500 8.648438 3.232422 -1.090396 0.577049 -0.321829
    15 7.558525 6.997282 -2.354134 -1.937336 -0.275393 3.010581
    16 7.558525 6.997282 -2.354134 1.937336 0.275393 -0.131011
    17 -2.867767 -2.740969 0.531125 2.051196 0.577049 -0.321829
    18 4.324081 2.744001 -0.524877 -1.090396 0.577049 -0.321829
    19 5.012512 3.752832 -0.011802 -1.090396 0.577049 -0.321829
    20 5.595486 4.607124 0.422674 -1.090396 0.577049 -0.321829
    21 6.233833 5.542564 0.898426 -1.090396 0.577049 -0.321829
    22 6.946648 6.587124 1.429667 -1.090396 0.577049 -0.321829
    23 7.537933 7.453606 1.870349 -1.090396 0.577049 -0.321829
    24 8.154472 8.357077 2.329839 -1.090396 0.577049 -0.321829
    25 8.874294 9.411907 2.866308 -1.090396 0.577049 -0.321829
    26 -4.125858 -2.321501 1.394414 2.051196 0.577049 -0.321829
    27 -4.826813 -3.348669 0.872014 2.051196 0.577049 -0.321829
    28 -5.441669 -4.249685 0.413772 2.051196 0.577049 -0.321829
    29 -0.552532 -1.343527 1.604446 -1.131256 0.062037 -0.739330
    30 0.552589 1.343534 -1.604463 -0.761217 0.312114 -0.422073
    31 0.000000 -2.021618 -0.000004 0.186809 0.000000 0.000000
    32 -0.000021 2.021633 0.000027 0.184690 0.000000 0.000000
    33 -0.000004 -1.136217 -0.000004 0.006928 0.000000 0.000000
    34 -0.000011 1.136200 -0.000019 0.220656 0.000000 0.000000
    35 -0.033661 -4.578125 1.353516 2.844703 1.216154 2.484990
    36 0.032719 4.587772 -1.352291 4.644346 1.284852 4.144051
    37 0.000082 -1.746094 0.001227 0.662896 0.000000 0.000000
    38 -0.000006 1.754520 -0.000034 0.202272 0.000000 0.000000
    39 0.000000 -1.223114 -0.000002 0.092660 0.000000 0.000000
    40 0.000002 1.227070 0.000032 0.130356 0.000000 0.000000
    41 -0.367996 -4.208406 0.173244 2.943027 1.091688 2.536231
    42 0.368011 4.208412 -0.173239 3.085177 1.100761 2.833692
    43 0.000100 -2.361328 0.001726 0.722081 0.000000 0.000000
    44 -0.000006 2.372318 -0.000032 0.722081 0.000000 0.000000
    45 0.000004 -1.580070 -0.000001 0.034255 0.000000 0.000000
    46 -0.000002 1.580170 0.000030 0.034255 0.000000 0.000000
    47 -0.937645 -3.860697 -0.959317 3.044205 1.001841 2.581100
    48 0.937672 3.860714 0.959333 2.886146 1.001848 2.581096
    49 0.000000 -1.686725 0.000000 0.491549 0.000000 0.000000
    50 -0.000013 1.690666 0.000021 0.491549 0.000000 0.000000
    51 -0.000002 -1.419536 0.000002 0.234212 0.000000 0.000000
    52 0.000008 1.423420 0.000028 0.234212 0.000000 0.000000
    53 -1.546646 -3.404194 -1.915569 3.024293 0.944156 2.514436
    54 1.546661 3.404217 1.915585 3.024293 0.944156 2.514435
    55 0.000006 -1.429688 -0.000586 0.424958 0.000000 0.000000
    56 -0.000021 1.437870 0.000031 0.424957 0.000000 0.000000
    57 0.000060 -1.050781 -0.001446 0.322075 0.000000 0.000000
    58 0.000006 1.059372 0.000008 0.322075 0.000000 0.000000
    59 -0.000004 -13.013485 -0.000004 0.000000 0.000000 0.000000
    60 0.000000 -10.813480 -0.000004 0.000000 0.000000 0.000000
  time 151
    0 1.728726 8.554949 -11.956439 -1.559952 0.000000 -0.000070
    1 -21.391670 -1.747894 -12.920219 -0.896370 -0.248539 0.466105
    2 0.000000 14.313023 0.000003 -0.982659 0.000000 0.000000
    3 -0.000011 13.013483 -0.000005 -0.516730 -0.519923 0.770106
    4 -0.054301 7.928198 -6.763778 1.770648 0.128807 -0.363924
    5 0.000000 -14.313034 0.000000 -0.487447 0.000165 -0.000048
    6 -0.000004 -13.013485 -0.000004 0.458782 0.161883 0.500357
    7 -1.330879 -2.698427 0.462449 -0.194886 -0.547260 3.056712
    8 1.330910 2.698444 -0.462436 0.194890 0.547268 -0.084879
    9 8.476563 4.574219 -4.277344 -0.711697 0.510276 1.094600
    10 3.556210 4.238403 0.987502 -1.090396 0.577049 -0.321829
    11 4.139183 5.092691 1.421975 -1.090396 0.577049 -0.321829
    12 4.777527 6.028128 1.897721 -1.090396 0.577049 -0.321829
    13 5.490345 7.072691 2.428969 -1.090396 0.577049 -0.321829
    14 6.562500 8.648438 3.232422 -1.090396 0.577049 -0.321829
    15 7.558525 6.997282 -2.354134 -1.937336 -0.275393 3.010581
    16 7.558525 6.997282 -2.354134 1.937336 0.275393 -0.131011
    17 -2.867767 -2.740969 0.531125 2.051196 0.577049 -0.321829
    18 4.324081 2.744001 -0.524877 -1.090396 0.577049 -0.321829
    19 5.012512 3.752832 -0.011802 -1.090396 0.577049 -0.321829
    20 5.595486 4.607124 0.422674 -1.090396 0.577049 -0.321829
    21 6.233833 5.542564 0.898426 -1.090396 0.577049 -0.321829
    22 6.946648 6.587124 1.429667 -1.090396 0.577049 -0.321829
    23 7.537933 7.453606 1.870349 -1.090396 0.577049 -0.321829
    24 8.154472 8.357077 2.329839 -1.090396 0.577049 -0.321829
    25 8.874294 9.411907 2.866308 -1.090396 0.577049 -0.321829
    26 -4.125858 -2.321501 1.394414 2.051196 0.577049 -0.321829
    27 -4.826813 -3.348669 0.872014 2.051196 0.577049 -0.321829
    28 -5.441669 -4.249685 0.413772 2.051196 0.577049 -0.321829
    29 -0.552532 -1.343527 1.604446 -1.131256 0.062037 -0.739330
    30 0.552589 1.343534 -1.604463 -0.761217 0.312114 -0.422073
    31 0.000000 -2.021618 -0.000004 0.186809 0.000000 0.000000
    32 -0.000021 2.021633 0.000027 0.184445 0.000000 0.000000
    33 -0.000004 -1.136217 -0.000004 0.006928 0.000000 0.000000
    34 -0.000011 1.136200 -0.000019 0.220656 0.000000 0.000000
    35 -0.033661 -4.578125 1.353516 2.844703 1.216154 2.484990
    36 0.032719 4.587772 -1.352291 4.644172 1.284703 4.144051
    37 0.000082 -1.746094 0.001227 0.662896 0.000000 0.000000
    38 -0.000006 1.754520 -0.000034 0.202272 0.000000 0.000000
    39 0.000000 -1.223114 -0.000002 0.092660 0.000000 0.000000
    40 0.000002 1.227070 0.000032 0.130356 0.000000 0.000000
    41 -0.367996 -4.204500 0.173244 2.943027 1.091688 2.536231
    42 0.368011 4.208412 -0.173239 3.085177 1.100761 2.833692
    43 0.000100 -2.361328 0.001726 0.722081 0.000000 0.000000
    44 -0.000006 2.372318 -0.000032 0.722081 0.000000 0.000000
    45 0.000004 -1.580070 -0.000001 0.034255 0.000000 0.000000
    46 -0.000002 1.580170 0.000030 0.034255 0.000000 0.000000
    47 -0.937645 -3.856790 -0.959317 3.044205 1.001841 2.581100
    48 0.937672 3.860714 0.959333 2.886146 1.001848 2.581096
    49 0.000000 -1.682819 0.000000 0.491549 0.000000 0.000000
    50 -0.000013 1.690666 0.000021 0.491549 0.000000 0.000000
    51 -0.000002 -1.415630 0.000002 0.234212 0.000000 0.000000
    52 0.000008 1.423420 0.000028 0.234212 0.000000 0.000000
    53 -1.546646 -3.404194 -1.915569 3.024293 0.944156 2.514436
    54 1.546661 3.404217 1.915585 3.024293 0.944156 2.514435
    55 0.000006 -1.429688 -0.000586 0.424958 0.000000 0.000000
    56 -0.000021 1.437870 0.000031 0.424957 0.000000 0.000000
    57 0.000060 -1.050781 -0.001446 0.322075 0.000000 0.000000
    58 0.000006 1.059372 0.000008 0.322075 0.000000 0.000000
    59 -0.000004 -13.013485 -0.000004 0.000000 0.000000 0.000000
    60 0.000000 -10.813480 -0.000004 0.000000 0.000000 0.000000
  time 152
    0 1.916232 8.121342 -12.296293 -1.559952 0.000000 -0.000070
    1 -21.387764 -1.841647 -12.244417 -0.892776 -0.206382 0.462210
    2 0.000000 14.313023 0.000003 -0.982659 0.000000 0.000000
    3 -0.000011 13.013483 -0.000005 -0.517017 -0.519828 0.770106
    4 0.199613 7.869602 -7.076288 1.741633 0.159617 -0.371394
    5 0.000000 -14.313034 0.000000 -0.487387 0.000231 -0.000096
    6 -0.000004 -13.013485 -0.000004 0.458782 0.161883 0.500357
    7 -1.330879 -2.698427 0.462449 -0.194886 -0.547260 3.056712
    8 1.330910 2.698444 -0.462436 0.194890 0.547268 -0.084879
    9 8.476563 4.574219 -4.277344 -0.711697 0.510276 1.094600
    10 3.556210 4.238403 0.987502 -1.090396 0.577049 -0.321829
    11 4.139183 5.092691 1.421975 -1.090396 0.577049 -0.321829
    12 4.777527 6.028128 1.897721 -1.090396 0.577049 -0.321829
    13 5.490345 7.072691 2.428969 -1.090396 0.577049 -0.321829
    14 6.562500 8.648438 3.232422 -1.090396 0.577049 -0.321829
    15 7.558525 6.997282 -2.354134 -1.937336 -0.275393 3.010581
    16 7.558525 6.997282 -2.354134 1.937336 0.275393 -0.131011
    17 -2.867767 -2.740969 0.531125 2.051196 0.577049 -0.321829
    18 4.324081 2.744001 -0.524877 -1.090396 0.577049 -0.321829
    19 5.012512 3.752832 -0.011802 -1.090396 0.577049 -0.321829
    20 5.595486 4.607124 0.422674 -1.090396 0.577049 -0.321829
    21 6.233833 5.542564 0.898426 -1.090396 0.577049 -0.321829
    22 6.946648 6.587124 1.429667 -1.090396 0.577049 -0.321829
    23 7.537933 7.453606 1.870349 -1.090396 0.577049 -0.321829
    24 8.154472 8.357077 2.329839 -1.090396 0.577049 -0.321829
    25 8.874294 9.411907 2.866308 -1.090396 0.577049 -0.321829
    26 -4.125858 -2.321501 1.394414 2.051196 0.577049 -0.321829
    27 -4.826813 -3.348669 0.872014 2.051196 0.577049 -0.321829
    28 -5.441669 -4.249685 0.413772 2.051196 0.577049 -0.321829
    29 -0.552532 -1.343527 1.604446 -1.131256 0.062037 -0.739330
    30 0.552589 1.343534 -1.604463 -0.799474 0.295857 -0.430464
    31 0.000000 -2.021618 -0.000004 0.186809 0.000000 0.000000
    32 -0.000021 2.021633 0.000027 0.184228 0.000000 0.000000
    33 -0.000004 -1.136217 -0.000004 0.006928 0.000000 0.000000
    34 -0.000011 1.136200 -0.000019 0.220656 0.000000 0.000000
    35 -0.033661 -4.578125 1.353516 2.844703 1.216154 2.484990
    36 0.032719 4.587772 -1.352291 4.643998 1.284518 4.144127
    37 0.000082 -1.746094 0.001227 0.662896 0.000000 0.000000
    38 -0.000006 1.754520 -0.000034 0.202272 0.000000 0.000000
    39 0.000000 -1.223114 -0.000002 0.092660 0.000000 0.000000
    40 0.000002 1.227070 0.000032 0.130356 0.000000 0.000000
    41 -0.367996 -4.204500 0.173244 2.943027 1.091688 2.536231
    42 0.368011 4.208412 -0.173239 3.085177 1.100761 2.833692
    43 0.000100 -2.361328 0.001726 0.722081 0.000000 0.000000
    44 -0.000006 2.372318 -0.000032 0.722081 0.000000 0.000000
    45 0.000004 -1.580070 -0.000001 0.034255 0.000000 0.000000
    46 -0.000002 1.580170 0.000030 0.034255 0.000000 0.000000
    47 -0.937645 -3.856790 -0.959317 3.044205 1.001841 2.581100
    48 0.937672 3.860714 0.959333 2.886146 1.001848 2.581096
    49 0.000000 -1.682819 0.000000 0.491549 0.000000 0.000000
    50 -0.000013 1.690666 0.000021 0.491549 0.000000 0.000000
    51 -0.000002 -1.415630 0.000002 0.234212 0.000000 0.000000
    52 0.000008 1.423420 0.000028 0.234212 0.000000 0.000000
    53 -1.546646 -3.404194 -1.915569 3.024293 0.944156 2.514436
    54 1.546661 3.404217 1.915585 3.024293 0.944156 2.514435
    55 0.000006 -1.429688 -0.000586 0.424958 0.000000 0.000000
    56 -0.000021 1.437870 0.000031 0.424957 0.000000 0.000000
    57 0.000060 -1.050781 -0.001446 0.322075 0.000000 0.000000
    58 0.000006 1.059372 0.000008 0.322075 0.000000 0.000000
    59 -0.000004 -13.013485 -0.000004 0.000000 0.000000 0.000000
    60 0.000000 -10.813480 -0.000004 0.000000 0.000000 0.000000
  time 153
    0 2.099831 7.679922 -12.683024 -1.559952 0.000000 -0.000070
    1 -21.391670 -1.982276 -11.588147 -0.908810 -0.157882 0.452662
    2 0.000000 14.313023 0.000003 -0.982659 0.000000 0.000000
    3 -0.000011 13.013483 -0.000005 -0.517399 -0.519828 0.770106
    4 0.480872 7.623501 -7.560678 1.694230 0.180310 -0.391794
    5 0.000000 -14.313034 0.000000 -0.487267 0.000264 -0.000096
    6 -0.000004 -13.013485 -0.000004 0.458782 0.161883 0.500357
    7 -1.330879 -2.698427 0.462449 -0.194886 -0.547260 3.056712
    8 1.330910 2.698444 -0.462436 0.194890 0.547268 -0.084879
    9 8.476563 4.574219 -4.277344 -0.711697 0.510276 1.094600
    10 3.556210 4.238403 0.987502 -1.090396 0.577049 -0.321829
    11 4.139183 5.092691 1.421975 -1.090396 0.577049 -0.321829
    12 4.777527 6.028128 1.897721 -1.090396 0.577049 -0.321829
    13 5.490345 7.072691 2.428969 -1.090396 0.577049 -0.321829
    14 6.562500 8.648438 3.232422 -1.090396 0.577049 -0.321829
    15 7.558525 6.997282 -2.354134 -1.937336 -0.275393 3.010581
    16 7.558525 6.997282 -2.354134 1.937336 0.275393 -0.131011
    17 -2.867767 -2.740969 0.531125 2.051196 0.577049 -0.321829
    18 4.324081 2.744001 -0.524877 -1.090396 0.577049 -0.321829
    19 5.012512 3.752832 -0.011802 -1.090396 0.577049 -0.321829
    20 5.595486 4.607124 0.422674 -1.090396 0.577049 -0.321829
    21 6.233833 5.542564 0.898426 -1.090396 0.577049 -0.321829
    22 6.946648 6.587124 1.429667 -1.090396 0.577049 -0.321829
    23 7.537933 7.453606 1.870349 -1.090396 0.577049 -0.321829
    24 8.154472 8.357077 2.329839 -1.090396 0.577049 -0.321829
    25 8.874294 9.411907 2.866308 -1.090396 0.577049 -0.321829
    26 -4.125858 -2.321501 1.394414 2.051196 0.577049 -0.321829
    27 -4.826813 -3.348669 0.872014 2.051196 0.577049 -0.321829
    28 -5.441669 -4.249685 0.413772 2.051196 0.577049 -0.321829
    29 -0.552532 -1.343527 1.604446 -1.131256 0.062037 -0.739330
    30 0.552589 1.343534 -1.604463 -0.849046 0.274684 -0.441375
    31 0.000000 -2.021618 -0.000004 0.186809 0.000000 0.000000
    32 -0.000021 2.021633 0.000027 0.183956 0.000000 0.000000
    33 -0.000004 -1.136217 -0.000004 0.006928 0.000000 0.000000
    34 -0.000011 1.136200 -0.000019 0.220656 0.000000 0.000000
    35 -0.033661 -4.578125 1.353516 2.844703 1.216154 2.484990
    36 0.032719 4.587772 -1.352291 4.643912 1.284332 4.144127
    37 0.000082 -1.746094 0.001227 0.662896 0.000000 0.000000
    38 -0.000006 1.754520 -0.000034 0.202272 0.000000 0.000000
    39 0.000000 -1.223114 -0.000002 0.092660 0.000000 0.000000
    40 0.000002 1.227070 0.000032 0.130356 0.000000 0.000000
    41 -0.367996 -4.204500 0.173244 2.943027 1.091688 2.536231
    42 0.368011 4.208412 -0.173239 3.085177 1.100761 2.833692
    43 0.000100 -2.361328 0.001726 0.722081 0.000000 0.000000
    44 -0.000006 2.372318 -0.000032 0.722081 0.000000 0.000000
    45 0.000004 -1.580070 -0.000001 0.034255 0.000000 0.000000
    46 -0.000002 1.580170 0.000030 0.034255 0.000000 0.000000
    47 -0.937645 -3.856790 -0.959317 3.044205 1.001841 2.581100
    48 0.937672 3.860714 0.959333 2.886146 1.001848 2.581096
    49 0.000000 -1.682819 0.000000 0.491549 0.000000 0.000000
    50 -0.000013 1.690666 0.000021 0.491549 0.000000 0.000000
    51 -0.000002 -1.415630 0.000002 0.234212 0.000000 0.000000
    52 0.000008 1.423420 0.000028 0.234212 0.000000 0.000000
    53 -1.546646 -3.400288 -1.915569 3.024293 0.944156 2.514436
    54 1.546661 3.404217 1.915585 3.024293 0.944156 2.514435
    55 0.000006 -1.429688 -0.000586 0.424958 0.000000 0.000000
    56 -0.000021 1.437870 0.000031 0.424957 0.000000 0.000000
    57 0.000060 -1.050781 -0.001446 0.322075 0.000000 0.000000
    58 0.000006 1.059372 0.000008 0.322075 0.000000 0.000000
    59 -0.000004 -13.013485 -0.000004 0.000000 0.000000 0.000000
    60 0.000000 -10.813480 -0.000004 0.000000 0.000000 0.000000
  time 154
    0 2.287337 7.246315 -13.101005 -1.559952 0.000000 -0.000070
    1 -21.391670 -2.165875 -10.982660 -0.935348 -0.110479 0.438379
    2 0.000000 14.313023 0.000003 -0.982659 0.000000 0.000000
    3 -0.000011 13.013483 -0.000005 -0.517686 -0.519828 0.770106
    4 0.758224 7.201613 -8.064599 1.640125 0.191679 -0.419471
    5 0.000000 -14.313034 0.000000 -0.487147 0.000364 -0.000192
    6 -0.000004 -13.013485 -0.000004 0.458782 0.161883 0.500357
    7 -1.330879 -2.698427 0.462449 -0.194886 -0.547260 3.056712
    8 1.330910 2.698444 -0.462436 0.194890 0.547268 -0.084879
    9 8.476563 4.574219 -4.277344 -0.711697 0.510276 1.094600
    10 3.556210 4.238403 0.987502 -1.090396 0.577049 -0.321829
    11 4.139183 5.092691 1.421975 -1.090396 0.577049 -0.321829
    12 4.777527 6.028128 1.897721 -1.090396 0.577049 -0.321829
    13 5.490345 7.072691 2.428969 -1.090396 0.577049 -0.321829
    14 6.562500 8.648438 3.232422 -1.090396 0.577049 -0.321829
    15 7.558525 6.997282 -2.354134 -1.937336 -0.275393 3.010581
    16 7.558525 6.997282 -2.354134 1.937336 0.275393 -0.131011
    17 -2.867767 -2.740969 0.531125 2.051196 0.577049 -0.321829
    18 4.324081 2.744001 -0.524877 -1.090396 0.577049 -0.321829
    19 5.012512 3.752832 -0.011802 -1.090396 0.577049 -0.321829
    20 5.595486 4.607124 0.422674 -1.090396 0.577049 -0.321829
    21 6.233833 5.542564 0.898426 -1.090396 0.577049 -0.321829
    22 6.946648 6.587124 1.429667 -1.090396 0.577049 -0.321829
    23 7.537933 7.453606 1.870349 -1.090396 0.577049 -0.321829
    24 8.154472 8.357077 2.329839 -1.090396 0.577049 -0.321829
    25 8.874294 9.411907 2.866308 -1.090396 0.577049 -0.321829
    26 -4.125858 -2.321501 1.394414 2.051196 0.577049 -0.321829
    27 -4.826813 -3.348669 0.872014 2.051196 0.577049 -0.321829
    28 -5.441669 -4.249685 0.413772 2.051196 0.577049 -0.321829
    29 -0.552532 -1.343527 1.604446 -1.131256 0.062037 -0.739330
    30 0.552589 1.343534 -1.604463 -0.905203 0.250815 -0.453896
    31 0.000000 -2.021618 -0.000004 0.186809 0.000000 0.000000
    32 -0.000021 2.021633 0.000027 0.183712 0.000000 0.000000
    33 -0.000004 -1.136217 -0.000004 0.006928 0.000000 0.000000
    34 -0.000011 1.136200 -0.000019 0.220656 0.000000 0.000000
    35 -0.033661 -4.578125 1.353516 2.844703 1.216154 2.484990
    36 0.032719 4.587772 -1.352291 4.643738 1.284147 4.144127
    37 0.000082 -1.746094 0.001227 0.662896 0.000000 0.000000
    38 -0.000006 1.754520 -0.000034 0.202272 0.000000 0.000000
    39 0.000000 -1.219208 -0.000002 0.092660 0.000000 0.000000
    40 0.000002 1.227070 0.000032 0.130356 0.000000 0.000000
    41 -0.367996 -4.204500 0.173244 2.943027 1.091688 2.536231
    42 0.368011 4.208412 -0.173239 3.085177 1.100761 2.833692
    43 0.000100 -2.361328 0.001726 0.722081 0.000000 0.000000
    44 -0.000006 2.372318 -0.000032 0.722081 0.000000 0.000000
    45 0.000004 -1.580070 -0.000001 0.034255 0.000000 0.000000
    46 -0.000002 1.580170 0.000030 0.034255 0.000000 0.000000
    47 -0.937645 -3.856790 -0.959317 3.044205 1.001841 2.581100
    48 0.937672 3.860714 0.959333 2.886146 1.001848 2.581096
    49 0.000000 -1.682819 0.000000 0.491549 0.000000 0.000000
    50 -0.000013 1.690666 0.000021 0.491549 0.000000 0.000000
    51 -0.000002 -1.415630 0.000002 0.234212 0.000000 0.000000
    52 0.000008 1.423420 0.000028 0.234212 0.000000 0.000000
    53 -1.546646 -3.396381 -1.915569 3.024293 0.944156 2.514436
    54 1.546661 3.404217 1.915585 3.024293 0.944156 2.514435
    55 0.000006 -1.429688 -0.000586 0.424958 0.000000 0.000000
    56 -0.000021 1.437870 0.000031 0.424957 0.000000 0.000000
    57 0.000060 -1.050781 -0.001446 0.322075 0.000000 0.000000
    58 0.000006 1.059372 0.000008 0.322075 0.000000 0.000000
    59 -0.000004 -13.013485 -0.000004 0.000000 0.000000 0.000000
    60 0.000000 -10.813480 -0.000004 0.000000 0.000000 0.000000
  time 155
    0 2.470937 6.816614 -13.550238 -1.559952 0.000000 -0.000070
    1 -21.391670 -2.380726 -10.424049 -0.965203 -0.070707 0.419818
    2 0.000000 14.313023 0.000003 -0.982659 0.000000 0.000000
    3 -0.000011 13.013483 -0.000005 -0.517972 -0.519781 0.770202
    4 1.004325 6.627377 -8.439611 1.589467 0.194749 -0.450501
    5 0.000000 -14.313034 0.000000 -0.487147 0.000397 -0.000192
    6 -0.000004 -13.013485 -0.000004 0.458782 0.161883 0.500357
    7 -1.330879 -2.698427 0.462449 -0.194886 -0.547260 3.056712
    8 1.330910 2.698444 -0.462436 0.194890 0.547268 -0.084879
    9 8.476563 4.574219 -4.277344 -0.711697 0.510276 1.094600
    10 3.556210 4.238403 0.987502 -1.090396 0.577049 -0.321829
    11 4.139183 5.092691 1.421975 -1.090396 0.577049 -0.321829
    12 4.777527 6.028128 1.897721 -1.090396 0.577049 -0.321829
    13 5.490345 7.072691 2.428969 -1.090396 0.577049 -0.321829
    14 6.562500 8.648438 3.232422 -1.090396 0.577049 -0.321829
    15 7.558525 6.997282 -2.354134 -1.937336 -0.275393 3.010581
    16 7.558525 6.997282 -2.354134 1.937336 0.275393 -0.131011
    17 -2.867767 -2.740969 0.531125 2.051196 0.577049 -0.321829
    18 4.324081 2.744001 -0.524877 -1.090396 0.577049 -0.321829
    19 5.012512 3.752832 -0.011802 -1.090396 0.577049 -0.321829
    20 5.595486 4.607124 0.422674 -1.090396 0.577049 -0.321829
    21 6.233833 5.542564 0.898426 -1.090396 0.577049 -0.321829
    22 6.946648 6.587124 1.429667 -1.090396 0.577049 -0.321829
    23 7.537933 7.453606 1.870349 -1.090396 0.577049 -0.321829
    24 8.154472 8.357077 2.329839 -1.090396 0.577049 -0.321829
    25 8.874294 9.411907 2.866308 -1.090396 0.577049 -0.321829
    26 -4.125858 -2.321501 1.394414 2.051196 0.577049 -0.321829
    27 -4.826813 -3.348669 0.872014 2.051196 0.577049 -0.321829
    28 -5.441669 -4.249685 0.413772 2.051196 0.577049 -0.321829
    29 -0.552532 -1.343527 1.604446 -1.131256 0.062037 -0.739330
    30 0.552589 1.343534 -1.604463 -0.961177 0.226787 -0.466047
    31 0.000000 -2.021618 -0.000004 0.186809 0.000000 0.000000
    32 -0.000021 2.021633 0.000027 0.183467 0.000000 0.000000
    33 -0.000004 -1.136217 -0.000004 0.006928 0.000000 0.000000
    34 -0.000011 1.136200 -0.000019 0.220656 0.000000 0.000000
    35 -0.033661 -4.578125 1.353516 2.844703 1.216154 2.484990
    36 0.032719 4.587772 -1.352291 4.643564 1.283998 4.144203
    37 0.000082 -1.746094 0.001227 0.662896 0.000000 0.000000
    38 -0.000006 1.754520 -0.000034 0.202272 0.000000 0.000000
    39 0.000000 -1.219208 -0.000002 0.092660 0.000000 0.000000
    40 0.000002 1.227070 0.000032 0.130356 0.000000 0.000000
    41 -0.367996 -4.204500 0.173244 2.943027 1.091688 2.536231
    42 0.368011 4.208412 -0.173239 3.085177 1.100761 2.833692
    43 0.000100 -2.361328 0.001726 0.722081 0.000000 0.000000
    44 -0.000006 2.372318 -0.000032 0.722081 0.000000 0.000000
    45 0.000004 -1.576164 -0.000001 0.034255 0.000000 0.000000
    46 -0.000002 1.580170 0.000030 0.034255 0.000000 0.000000
    47 -0.937645 -3.852884 -0.959317 3.044205 1.001841 2.581100
    48 0.937672 3.860714 0.959333 2.886146 1.001848 2.581096
    49 0.000000 -1.682819 0.000000 0.491549 0.000000 0.000000
    50 -0.000013 1.690666 0.000021 0.491549 0.000000 0.000000
    51 -0.000002 -1.415630 0.000002 0.234212 0.000000 0.000000
    52 0.000008 1.423420 0.000028 0.234212 0.000000 0.000000
    53 -1.546646 -3.396381 -1.915569 3.024293 0.944156 2.514436
    54 1.546661 3.404217 1.915585 3.024293 0.944156 2.514435
    55 0.000006 -1.429688 -0.000586 0.424958 0.000000 0.000000
    56 -0.000021 1.437870 0.000031 0.424957 0.000000 0.000000
    57 0.000060 -1.050781 -0.001446 0.322075 0.000000 0.000000
    58 0.000006 1.059372 0.000008 0.322075 0.000000 0.000000
    59 -0.000004 -13.013485 -0.000004 0.000000 0.000000 0.000000
    60 0.000000 -10.813480 -0.000004 0.000000 0.000000 0.000000
  time 156
    0 2.658442 6.383007 -13.999470 -1.559952 0.000000 -0.000070
    1 -21.391670 -2.619014 -9.943566 -0.988240 -0.040663 0.395605
    2 0.000000 14.313023 0.000003 -0.982659 0.000000 0.000000
    3 -0.000011 13.013483 -0.000005 -0.518259 -0.519781 0.770202
    4 1.258239 5.877354 -8.658368 1.551067 0.196378 -0.483446
    5 0.000000 -14.313034 0.000000 -0.487028 0.000430 -0.000241
    6 -0.000004 -13.013485 -0.000004 0.458782 0.161883 0.500357
    7 -1.330879 -2.698427 0.462449 -0.194886 -0.547260 3.056712
    8 1.330910 2.698444 -0.462436 0.194890 0.547268 -0.084879
    9 8.476563 4.574219 -4.277344 -0.711697 0.510276 1.094600
    10 3.556210 4.238403 0.987502 -1.090396 0.577049 -0.321829
    11 4.139183 5.092691 1.421975 -1.090396 0.577049 -0.321829
    12 4.777527 6.028128 1.897721 -1.090396 0.577049 -0.321829
    13 5.490345 7.072691 2.428969 -1.090396 0.577049 -0.321829
    14 6.562500 8.648438 3.232422 -1.090396 0.577049 -0.321829
    15 7.558525 6.997282 -2.354134 -1.937336 -0.275393 3.010581
    16 7.558525 6.997282 -2.354134 1.937336 0.275393 -0.131011
    17 -2.867767 -2.740969 0.531125 2.051196 0.577049 -0.321829
    18 4.324081 2.744001 -0.524877 -1.090396 0.577049 -0.321829
    19 5.012512 3.752832 -0.011802 -1.090396 0.577049 -0.321829
    20 5.595486 4.607124 0.422674 -1.090396 0.577049 -0.321829
    21 6.233833 5.542564 0.898426 -1.090396 0.577049 -0.321829
    22 6.946648 6.587124 1.429667 -1.090396 0.577049 -0.321829
    23 7.537933 7.453606 1.870349 -1.090396 0.577049 -0.321829
    24 8.154472 8.357077 2.329839 -1.090396 0.577049 -0.321829
    25 8.874294 9.411907 2.866308 -1.090396 0.577049 -0.321829
    26 -4.125858 -2.321501 1.394414 2.051196 0.577049 -0.321829
    27 -4.826813 -3.348669 0.872014 2.051196 0.577049 -0.321829
    28 -5.441669 -4.249685 0.413772 2.051196 0.577049 -0.321829
    29 -0.552532 -1.343527 1.604446 -1.131256 0.062037 -0.739330
    30 0.552589 1.343534 -1.604463 -1.012108 0.205059 -0.477219
    31 0.000000 -2.021618 -0.000004 0.186809 0.000000 0.000000
    32 -0.000021 2.021633 0.000027 0.183223 0.000000 0.000000
    33 -0.000004 -1.136217 -0.000004 0.006928 0.000000 0.000000
    34 -0.000011 1.136200 -0.000019 0.220656 0.000000 0.000000
    35 -0.033661 -4.578125 1.353516 2.844703 1.216154 2.484990
    36 0.032719 4.587772 -1.352291 4.643391 1.283813 4.144203
    37 0.000082 -1.746094 0.001227 0.662896 0.000000 0.000000
    38 -0.000006 1.754520 -0.000034 0.202272 0.000000 0.000000
    39 0.000000 -1.219208 -0.000002 0.092660 0.000000 0.000000
    40 0.000002 1.227070 0.000032 0.130356 0.000000 0.000000
    41 -0.367996 -4.204500 0.173244 2.943027 1.091688 2.536231
    42 0.368011 4.208412 -0.173239 3.085177 1.100761 2.833692
    43 0.000100 -2.361328 0.001726 0.722081 0.000000 0.000000
    44 -0.000006 2.372318 -0.000032 0.722081 0.000000 0.000000
    45 0.000004 -1.576164 -0.000001 0.034255 0.000000 0.000000
    46 -0.000002 1.580170 0.000030 0.034255 0.000000 0.000000
    47 -0.937645 -3.856790 -0.959317 3.044205 1.001841 2.581100
    48 0.937672 3.860714 0.959333 2.886146 1.001848 2.581096
    49 0.000000 -1.682819 0.000000 0.491549 0.000000 0.000000
    50 -0.000013 1.690666 0.000021 0.491549 0.000000 0.000000
    51 -0.000002 -1.415630 0.000002 0.234212 0.000000 0.000000
    52 0.000008 1.423420 0.000028 0.234212 0.000000 0.000000
    53 -1.546646 -3.400288 -1.915569 3.024293 0.944156 2.514436
    54 1.546661 3.404217 1.915585 3.024293 0.944156 2.514435
    55 0.000006 -1.429688 -0.000586 0.424958 0.000000 0.000000
    56 -0.000021 1.437870 0.000031 0.424957 0.000000 0.000000
    57 0.000060 -1.050781 -0.001446 0.322075 0.000000 0.000000
    58 0.000006 1.059372 0.000008 0.322075 0.000000 0.000000
    59 -0.000004 -13.013485 -0.000004 0.000000 0.000000 0.000000
    60 0.000000 -10.813480 -0.000004 0.000000 0.000000 0.000000
  time 157
    0 2.838135 5.961119 -14.440890 -1.559952 0.000000 -0.000070
    1 -21.391670 -2.876835 -9.537303 -1.010263 -0.034463 0.344430
    2 0.000000 14.313023 0.000003 -0.982659 0.000000 0.000000
    3 -0.000011 13.013483 -0.000005 -0.518641 -0.519781 0.770202
    4 1.668408 4.459342 -8.381015 1.531914 0.183266 -0.539089
    5 0.000000 -14.313034 0.000000 -0.486908 0.000496 -0.000241
    6 -0.000004 -13.013485 -0.000004 0.458782 0.161883 0.500357
    7 -1.330879 -2.698427 0.462449 -0.194886 -0.547260 3.056712
    8 1.330910 2.698444 -0.462436 0.194890 0.547268 -0.084879
    9 8.476563 4.574219 -4.277344 -0.711697 0.510276 1.094600
    10 3.556210 4.238403 0.987502 -1.090396 0.577049 -0.321829
    11 4.139183 5.092691 1.421975 -1.090396 0.577049 -0.321829
    12 4.777527 6.028128 1.897721 -1.090396 0.577049 -0.321829
    13 5.490345 7.072691 2.428969 -1.090396 0.577049 -0.321829
    14 6.562500 8.648438 3.232422 -1.090396 0.577049 -0.321829
    15 7.558525 6.997282 -2.354134 -1.937336 -0.275393 3.010581
    16 7.558525 6.997282 -2.354134 1.937336 0.275393 -0.131011
    17 -2.867767 -2.740969 0.531125 2.051196 0.577049 -0.321829
    18 4.324081 2.744001 -0.524877 -1.090396 0.577049 -0.321829
    19 5.012512 3.752832 -0.011802 -1.090396 0.577049 -0.321829
    20 5.595486 4.607124 0.422674 -1.090396 0.577049 -0.321829
    21 6.233833 5.542564 0.898426 -1.090396 0.577049 -0.321829
    22 6.946648 6.587124 1.429667 -1.090396 0.577049 -0.321829
    23 7.537933 7.453606 1.870349 -1.090396 0.577049 -0.321829
    24 8.154472 8.357077 2.329839 -1.090396 0.577049 -0.321829
    25 8.874294 9.411907 2.866308 -1.090396 0.577049 -0.321829
    26 -4.125858 -2.321501 1.394414 2.051196 0.577049 -0.321829
    27 -4.826813 -3.348669 0.872014 2.051196 0.577049 -0.321829
    28 -5.441669 -4.249685 0.413772 2.051196 0.577049 -0.321829
    29 -0.552532 -1.343527 1.604446 -1.131256 0.062037 -0.739330
    30 0.552589 1.343534 -1.604463 -1.053945 0.187177 -0.486436
    31 0.000000 -2.021618 -0.000004 0.186809 0.000000 0.000000
    32 -0.000021 2.021633 0.000027 0.182978 0.000000 0.000000
    33 -0.000004 -1.136217 -0.000004 0.006928 0.000000 0.000000
    34 -0.000011 1.136200 -0.000019 0.220656 0.000000 0.000000
    35 -0.033661 -4.578125 1.353516 2.844703 1.216154 2.484990
    36 0.032719 4.587772 -1.352291 4.643304 1.283627 4.144278
    37 0.000082 -1.746094 0.001227 0.662896 0.000000 0.000000
    38 -0.000006 1.754520 -0.000034 0.202272 0.000000 0.000000
    39 0.000000 -1.219208 -0.000002 0.092660 0.000000 0.000000
    40 0.000002 1.227070 0.000032 0.130356 0.000000 0.000000
    41 -0.367996 -4.204500 0.173244 2.943027 1.091688 2.536231
    42 0.368011 4.208412 -0.173239 3.085177 1.100761 2.833692
    43 0.000100 -2.361328 0.001726 0.722081 0.000000 0.000000
    44 -0.000006 2.372318 -0.000032 0.722081 0.000000 0.000000
    45 0.000004 -1.576164 -0.003907 0.034255 0.000000 0.000000
    46 -0.000002 1.580170 0.000030 0.034255 0.000000 0.000000
    47 -0.937645 -3.852884 -0.959317 3.044205 1.001841 2.581100
    48 0.937672 3.860714 0.959333 2.886146 1.001848 2.581096
    49 0.000000 -1.682819 0.000000 0.491549 0.000000 0.000000
    50 -0.000013 1.690666 0.000021 0.491549 0.000000 0.000000
    51 -0.000002 -1.415630 0.000002 0.234212 0.000000 0.000000
    52 0.000008 1.423420 0.000028 0.234212 0.000000 0.000000
    53 -1.546646 -3.396381 -1.915569 3.024293 0.944156 2.514436
    54 1.546661 3.404217 1.915585 3.024293 0.944156 2.514435
    55 0.000006 -1.429688 -0.000586 0.424958 0.000000 0.000000
    56 -0.000021 1.437870 0.000031 0.424957 0.000000 0.000000
    57 0.000060 -1.050781 -0.001446 0.322075 0.000000 0.000000
    58 0.000006 1.059372 0.000008 0.322075 0.000000 0.000000
    59 -0.000004 -13.013485 -0.000004 0.000000 0.000000 0.000000
    60 0.000000 -10.813480 -0.000004 0.000000 0.000000 0.000000
  time 158
    0 3.013922 5.543138 -14.847152 -1.559952 0.000000 -0.000070
    1 -21.391670 -3.146374 -9.240419 -1.038552 -0.047005 0.255751
    2 0.000000 14.313023 0.000003 -0.982659 0.000000 0.000000
    3 -0.000011 13.013483 -0.000005 -0.518928 -0.519734 0.770202
    4 2.199674 2.131146 -7.755996 1.523391 0.153288 -0.630072
    5 0.000000 -14.313034 0.000000 -0.486788 0.000529 -0.000289
    6 -0.000004 -13.013485 -0.000004 0.458782 0.161883 0.500357
    7 -1.330879 -2.698427 0.462449 -0.194886 -0.547260 3.056712
    8 1.330910 2.698444 -0.462436 0.194890 0.547268 -0.084879
    9 8.476563 4.574219 -4.277344 -0.711697 0.510276 1.094600
    10 3.556210 4.238403 0.987502 -1.090396 0.577049 -0.321829
    11 4.139183 5.092691 1.421975 -1.090396 0.577049 -0.321829
    12 4.777527 6.028128 1.897721 -1.090396 0.577049 -0.321829
    13 5.490345 7.072691 2.428969 -1.090396 0.577049 -0.321829
    14 6.562500 8.648438 3.232422 -1.090396 0.577049 -0.321829
    15 7.558525 6.997282 -2.354134 -1.937336 -0.275393 3.010581
    16 7.558525 6.997282 -2.354134 1.937336 0.275393 -0.131011
    17 -2.867767 -2.740969 0.531125 2.051196 0.577049 -0.321829
    18 4.324081 2.744001 -0.524877 -1.090396 0.577049 -0.321829
    19 5.012512 3.752832 -0.011802 -1.090396 0.577049 -0.321829
    20 5.595486 4.607124 0.422674 -1.090396 0.577049 -0.321829
    21 6.233833 5.542564 0.898426 -1.090396 0.577049 -0.321829
    22 6.946648 6.587124 1.429667 -1.090396 0.577049 -0.321829
    23 7.537933 7.453606 1.870349 -1.090396 0.577049 -0.321829
    24 8.154472 8.357077 2.329839 -1.090396 0.577049 -0.321829
    25 8.874294 9.411907 2.866308 -1.090396 0.577049 -0.321829
    26 -4.125858 -2.321501 1.394414 2.051196 0.577049 -0.321829
    27 -4.826813 -3.348669 0.872014 2.051196 0.577049 -0.321829
    28 -5.441669 -4.249685 0.413772 2.051196 0.577049 -0.321829
    29 -0.552532 -1.343527 1.604446 -1.131256 0.062037 -0.739330
    30 0.552589 1.343534 -1.604463 -1.084990 0.173934 -0.493239
    31 0.000000 -2.021618 -0.000004 0.186809 0.000000 0.000000
    32 -0.000021 2.021633 0.000027 0.182734 0.000000 0.000000
    33 -0.000004 -1.136217 -0.000004 0.006928 0.000000 0.000000
    34 -0.000011 1.136200 -0.000019 0.220656 0.000000 0.000000
    35 -0.033661 -4.578125 1.353516 2.844703 1.216154 2.484990
    36 0.032719 4.587772 -1.352291 4.643130 1.283441 4.144278
    37 0.000082 -1.746094 0.001227 0.662896 0.000000 0.000000
    38 -0.000006 1.754520 -0.000034 0.202272 0.000000 0.000000
    39 0.000000 -1.219208 -0.000002 0.092660 0.000000 0.000000
    40 0.000002 1.227070 0.000032 0.130356 0.000000 0.000000
    41 -0.367996 -4.204500 0.173244 2.943027 1.091688 2.536231
    42 0.368011 4.208412 -0.173239 3.085177 1.100761 2.833692
    43 0.000100 -2.361328 0.001726 0.722081 0.000000 0.000000
    44 -0.000006 2.372318 -0.000032 0.722081 0.000000 0.000000
    45 0.000004 -1.576164 -0.003907 0.034255 0.000000 0.000000
    46 -0.000002 1.580170 0.000030 0.034255 0.000000 0.000000
    47 -0.937645 -3.856790 -0.959317 3.044205 1.001841 2.581100
    48 0.937672 3.860714 0.959333 2.886146 1.001848 2.581096
    49 0.000000 -1.682819 0.000000 0.491549 0.000000 0.000000
    50 -0.000013 1.690666 0.000021 0.491549 0.000000 0.000000
    51 -0.000002 -1.415630 0.000002 0.234212 0.000000 0.000000
    52 0.000008 1.423420 0.000028 0.234212 0.000000 0.000000
    53 -1.546646 -3.400288 -1.915569 3.024293 0.944156 2.514436
    54 1.546661 3.404217 1.915585 3.024293 0.944156 2.514435
    55 0.000006 -1.429688 -0.000586 0.424958 0.000000 0.000000
    56 -0.000021 1.437870 0.000031 0.424957 0.000000 0.000000
    57 0.000060 -1.050781 -0.001446 0.322075 0.000000 0.000000
    58 0.000006 1.059372 0.000008 0.322075 0.000000 0.000000
    59 -0.000004 -13.013485 -0.000004 0.000000 0.000000 0.000000
    60 0.000000 -10.813480 -0.000004 0.000000 0.000000 0.000000
  time 159
    0 3.189708 5.136876 -15.214351 -1.559952 0.000000 -0.000070
    1 -21.391670 -3.431539 -9.045101 -1.057258 -0.065222 0.189300
    2 0.000000 14.313023 0.000003 -0.982659 0.000000 0.000000
    3 -0.000011 13.013483 -0.000005 -0.519214 -0.519781 0.770298
    4 2.465307 0.271714 -7.107539 1.525594 0.127366 -0.697303
    5 0.000000 -14.313034 0.000000 -0.486788 0.000529 -0.000289
    6 -0.000004 -13.013485 -0.000004 0.458782 0.161883 0.500357
    7 -1.330879 -2.698427 0.462449 -0.194886 -0.547260 3.056712
    8 1.330910 2.698444 -0.462436 0.194890 0.547268 -0.084879
    9 8.476563 4.574219 -4.277344 -0.711697 0.510276 1.094600
    10 3.556210 4.238403 0.987502 -1.090396 0.577049 -0.321829
    11 4.139183 5.092691 1.421975 -1.090396 0.577049 -0.321829
    12 4.777527 6.028128 1.897721 -1.090396 0.577049 -0.321829
    13 5.490345 7.072691 2.428969 -1.090396 0.577049 -0.321829
    14 6.562500 8.648438 3.232422 -1.090396 0.577049 -0.321829
    15 7.558525 6.997282 -2.354134 -1.937336 -0.275393 3.010581
    16 7.558525 6.997282 -2.354134 1.937336 0.275393 -0.131011
    17 -2.867767 -2.740969 0.531125 2.051196 0.577049 -0.321829
    18 4.324081 2.744001 -0.524877 -1.090396 0.577049 -0.321829
    19 5.012512 3.752832 -0.011802 -1.090396 0.577049 -0.321829
    20 5.595486 4.607124 0.422674 -1.090396 0.577049 -0.321829
    21 6.233833 5.542564 0.898426 -1.090396 0.577049 -0.321829
    22 6.946648 6.587124 1.429667 -1.090396 0.577049 -0.321829
    23 7.537933 7.453606 1.870349 -1.090396 0.577049 -0.321829
    24 8.154472 8.357077 2.329839 -1.090396 0.577049 -0.321829
    25 8.874294 9.411907 2.866308 -1.090396 0.577049 -0.321829
    26 -4.125858 -2.321501 1.394414 2.051196 0.577049 -0.321829
    27 -4.826813 -3.348669 0.872014 2.051196 0.577049 -0.321829
    28 -5.441669 -4.249685 0.413772 2.051196 0.577049 -0.321829
    29 -0.552532 -1.343527 1.604446 -1.131256 0.062037 -0.739330
    30 0.552589 1.343534 -1.604463 -1.105085 0.165409 -0.497696
    31 0.000000 -2.021618 -0.000004 0.186809 0.000000 0.000000
    32 -0.000021 2.021633 0.000027 0.182489 0.000000 0.000000
    33 -0.000004 -1.136217 -0.000004 0.006928 0.000000 0.000000
    34 -0.000011 1.136200 -0.000019 0.220656 0.000000 0.000000
    35 -0.033661 -4.578125 1.353516 2.844703 1.216154 2.484990
    36 0.032719 4.587772 -1.352291 4.642957 1.283256 4.144278
    37 0.000082 -1.746094 0.001227 0.662896 0.000000 0.000000
    38 -0.000006 1.754520 -0.000034 0.202272 0.000000 0.000000
    39 0.000000 -1.223114 -0.000002 0.092660 0.000000 0.000000
    40 0.000002 1.227070 0.000032 0.130356 0.000000 0.000000
    41 -0.367996 -4.204500 0.173244 2.943027 1.091688 2.536231
    42 0.368011 4.208412 -0.173239 3.085177 1.100761 2.833692
    43 0.000100 -2.361328 0.001726 0.722081 0.000000 0.000000
    44 -0.000006 2.372318 -0.000032 0.722081 0.000000 0.000000
    45 0.000004 -1.576164 -0.000001 0.034255 0.000000 0.000000
    46 -0.000002 1.580170 0.000030 0.034255 0.000000 0.000000
    47 -0.937645 -3.856790 -0.959317 3.044205 1.001841 2.581100
    48 0.937672 3.860714 0.959333 2.886146 1.001848 2.581096
    49 0.000000 -1.682819 0.000000 0.491549 0.000000 0.000000
    50 -0.000013 1.690666 0.000021 0.491549 0.000000 0.000000
    51 -0.000002 -1.415630 0.000002 0.234212 0.000000 0.000000
    52 0.000008 1.423420 0.000028 0.234212 0.000000 0.000000
    53 -1.546646 -3.400288 -1.915569 3.024293 0.944156 2.514436
    54 1.546661 3.404217 1.915585 3.024293 0.944156 2.514435
    55 0.000006 -1.429688 -0.000586 0.424958 0.000000 0.000000
    56 -0.000021 1.437870 0.000031 0.424957 0.000000 0.000000
    57 0.000060 -1.050781 -0.001446 0.322075 0.000000 0.000000
    58 0.000006 1.059372 0.000008 0.322075 0.000000 0.000000
    59 -0.000004 -13.013485 -0.000004 0.000000 0.000000 0.000000
    60 0.000000 -10.813480 -0.000004 0.000000 0.000000 0.000000
  time 160
    0 3.361589 4.730613 -15.511235 -1.559952 0.000000 -0.000070
    1 -21.391670 -3.720610 -8.978693 -1.064077 -0.072519 0.165240
    2 0.000000 14.313023 0.000003 -0.982659 0.000000 0.000000
    3 -0.000011 13.013483 -0.000005 -0.519501 -0.519781 0.770298
    4 2.535622 -0.583781 -6.857531 1.527030 0.117361 -0.721629
    5 0.000000 -14.313034 0.000000 -0.486788 0.000529 -0.000289
    6 -0.000004 -13.013485 -0.000004 0.458782 0.161883 0.500357
    7 -1.330879 -2.698427 0.462449 -0.194886 -0.547260 3.056712
    8 1.330910 2.698444 -0.462436 0.194890 0.547268 -0.084879
    9 8.476563 4.574219 -4.277344 -0.711697 0.510276 1.094600
    10 3.556210 4.238403 0.987502 -1.090396 0.577049 -0.321829
    11 4.139183 5.092691 1.421975 -1.090396 0.577049 -0.321829
    12 4.777527 6.028128 1.897721 -1.090396 0.577049 -0.321829
    13 5.490345 7.072691 2.428969 -1.090396 0.577049 -0.321829
    14 6.562500 8.648438 3.232422 -1.090396 0.577049 -0.321829
    15 7.558525 6.997282 -2.354134 -1.937336 -0.275393 3.010581
    16 7.558525 6.997282 -2.354134 1.937336 0.275393 -0.131011
    17 -2.867767 -2.740969 0.531125 2.051196 0.577049 -0.321829
    18 4.324081 2.744001 -0.524877 -1.090396 0.577049 -0.321829
    19 5.012512 3.752832 -0.011802 -1.090396 0.577049 -0.321829
    20 5.595486 4.607124 0.422674 -1.090396 0.577049 -0.321829
    21 6.233833 5.542564 0.898426 -1.090396 0.577049 -0.321829
    22 6.946648 6.587124 1.429667 -1.090396 0.577049 -0.321829
    23 7.537933 7.453606 1.870349 -1.090396 0.577049 -0.321829
    24 8.154472 8.357077 2.329839 -1.090396 0.577049 -0.321829
    25 8.874294 9.411907 2.866308 -1.090396 0.577049 -0.321829
    26 -4.125858 -2.321501 1.394414 2.051196 0.577049 -0.321829
    27 -4.826813 -3.348669 0.872014 2.051196 0.577049 -0.321829
    28 -5.441669 -4.249685 0.413772 2.051196 0.577049 -0.321829
    29 -0.552532 -1.343527 1.604446 -1.131256 0.062037 -0.739330
    30 0.552589 1.343534 -1.604463 -1.114989 0.161127 -0.499847
    31 0.000000 -2.021618 -0.000004 0.186809 0.000000 0.000000
    32 -0.000021 2.021633 0.000027 0.182244 0.000000 0.000000
    33 -0.000004 -1.136217 -0.000004 0.006928 0.000000 0.000000
    34 -0.000011 1.136200 -0.000019 0.220656 0.000000 0.000000
    35 -0.033661 -4.578125 1.353516 2.844703 1.216154 2.484990
    36 0.032719 4.587772 -1.352291 4.642870 1.283107 4.144354
    37 0.000082 -1.746094 0.001227 0.662896 0.000000 0.000000
    38 -0.000006 1.754520 -0.000034 0.202272 0.000000 0.000000
    39 0.000000 -1.219208 -0.000002 0.092660 0.000000 0.000000
    40 0.000002 1.227070 0.000032 0.130356 0.000000 0.000000
    41 -0.367996 -4.204500 0.173244 2.943027 1.091688 2.536231
    42 0.368011 4.208412 -0.173239 3.085177 1.100761 2.833692
    43 0.000100 -2.361328 0.001726 0.722081 0.000000 0.000000
    44 -0.000006 2.372318 -0.000032 0.722081 0.000000 0.000000
    45 0.000004 -1.576164 -0.003907 0.034255 0.000000 0.000000
    46 -0.000002 1.580170 0.000030 0.034255 0.000000 0.000000
    47 -0.937645 -3.856790 -0.959317 3.044205 1.001841 2.581100
    48 0.937672 3.860714 0.959333 2.886146 1.001848 2.581096
    49 0.000000 -1.682819 0.000000 0.491549 0.000000 0.000000
    50 -0.000013 1.690666 0.000021 0.491549 0.000000 0.000000
    51 -0.000002 -1.415630 0.000002 0.234212 0.000000 0.000000
    52 0.000008 1.423420 0.000028 0.234212 0.000000 0.000000
    53 -1.546646 -3.396381 -1.915569 3.024293 0.944156 2.514436
    54 1.546661 3.404217 1.915585 3.024293 0.944156 2.514435
    55 0.000006 -1.429688 -0.000586 0.424958 0.000000 0.000000
    56 -0.000021 1.437870 0.000031 0.424957 0.000000 0.000000
    57 0.000060 -1.050781 -0.001446 0.322075 0.000000 0.000000
    58 0.000006 1.059372 0.000008 0.322075 0.000000 0.000000
    59 -0.000004 -13.013485 -0.000004 0.000000 0.000000 0.000000
    60 0.000000 -10.813480 -0.000004 0.000000 0.000000 0.000000
end
