// Created by Crowbar 0.74
version 1
nodes
  0 "root" -1
  1 "bip_upperArm_R" 0
  2 "bip_lowerArm_R" 1
  3 "bip_hand_R" 2
  4 "bip_upperArm_L" 0
  5 "bip_lowerArm_L" 4
  6 "bip_hand_L" 5
  7 "effect_hand_L" 6
  8 "effect_hand_R" 3
  9 "weapon_bone" 3
  10 "weapon_bone_1" 3
  11 "weapon_bone_2" 3
  12 "weapon_bone_3" 3
  13 "weapon_bone_4" 3
  14 "weapon_bone_5" 3
  15 "weapon_bone_6" 3
  16 "weapon_bone_7" 3
  17 "weapon_bone_L" 6
  18 "vm_weapon_bone" 3
  19 "vm_weapon_bone_1" 3
  20 "vm_weapon_bone_2" 3
  21 "vm_weapon_bone_3" 3
  22 "vm_weapon_bone_4" 3
  23 "vm_weapon_bone_5" 3
  24 "vm_weapon_bone_6" 3
  25 "vm_weapon_bone_7" 3
  26 "vm_weapon_bone_L" 6
  27 "vm_weapon_bone_L_1" 6
  28 "vm_weapon_bone_L_2" 6
  29 "bip_thumb_0_L" 6
  30 "bip_thumb_0_R" 3
  31 "bip_thumb_1_L" 29
  32 "bip_thumb_1_R" 30
  33 "bip_thumb_2_L" 31
  34 "bip_thumb_2_R" 32
  35 "bip_index_0_L" 6
  36 "bip_index_0_R" 3
  37 "bip_index_1_L" 35
  38 "bip_index_1_R" 36
  39 "bip_index_2_L" 37
  40 "bip_index_2_R" 38
  41 "bip_middle_0_L" 6
  42 "bip_middle_0_R" 3
  43 "bip_middle_1_L" 41
  44 "bip_middle_1_R" 42
  45 "bip_middle_2_L" 43
  46 "bip_middle_2_R" 44
  47 "bip_ring_0_L" 6
  48 "bip_ring_0_R" 3
  49 "bip_ring_1_L" 47
  50 "bip_ring_1_R" 48
  51 "bip_ring_2_L" 49
  52 "bip_ring_2_R" 50
  53 "bip_pinky_0_L" 6
  54 "bip_pinky_0_R" 3
  55 "bip_pinky_1_L" 53
  56 "bip_pinky_1_R" 54
  57 "bip_pinky_2_L" 55
  58 "bip_pinky_2_R" 56
  59 "Sleeve_Control" 5
  60 "Wrist_Control" 5
end
skeleton
  time 0
    0 3.357422 4.734375 -15.507813 -1.559898 -0.000007 -0.000009
    1 -45.646316 3.138974 9.236707 -1.900492 0.785023 0.317315
    2 0.000000 14.313023 0.000003 -0.982659 0.000000 0.000000
    3 -0.000011 13.013483 -0.000005 -0.577786 -0.477614 0.840752
    4 13.000785 0.748291 -10.713118 1.481639 -0.100588 -1.041503
    5 0.000000 -14.313034 0.000000 -1.070345 0.000580 -0.000313
    6 -0.000004 -13.013485 -0.000004 0.291495 0.083241 -0.088291
    7 -1.330879 -2.698427 0.462449 -0.194886 -0.547260 3.056712
    8 1.330910 2.698444 -0.462436 0.194890 0.547268 -0.084879
    9 8.476563 4.574219 -4.277344 -0.711699 0.510275 1.094600
    10 3.556210 4.238403 0.987502 -1.090396 0.577049 -0.321829
    11 4.139183 5.092691 1.421975 -1.090396 0.577049 -0.321829
    12 4.777527 6.028128 1.897721 -1.090396 0.577049 -0.321829
    13 5.490345 7.072691 2.428969 -1.090396 0.577049 -0.321829
    14 6.562500 8.648438 3.228516 -1.090396 0.577049 -0.321829
    15 7.558525 6.997282 -2.354134 -1.937336 -0.275393 3.010581
    16 7.558525 6.997282 -2.354134 1.937336 0.275393 -0.131011
    17 -2.867767 -2.740969 0.531125 2.051196 0.577049 -0.321829
    18 4.324081 2.744001 -0.524877 -1.090396 0.577049 -0.321829
    19 5.012512 3.752832 -0.011802 -1.090396 0.577049 -0.321829
    20 5.595486 4.607124 0.422674 -1.090396 0.577049 -0.321829
    21 6.233833 5.542564 0.898426 -1.090396 0.577049 -0.321829
    22 6.946648 6.587124 1.429667 -1.090396 0.577049 -0.321829
    23 7.537933 7.453606 1.870349 -1.090396 0.577049 -0.321829
    24 8.154472 8.357077 2.329839 -1.090396 0.577049 -0.321829
    25 8.874294 9.411907 2.866308 -1.090396 0.577049 -0.321829
    26 -4.125858 -2.321501 1.394414 2.051196 0.577049 -0.321829
    27 -4.826813 -3.348669 0.872014 2.051196 0.577049 -0.321829
    28 -5.441669 -4.249685 0.413772 2.051196 0.577049 -0.321829
    29 -0.552532 -1.343527 1.604446 -1.131258 0.062036 -0.739330
    30 0.552589 1.343534 -1.604463 -1.114994 0.161114 -0.499872
    31 0.000000 -2.021618 -0.000004 0.186809 0.000000 0.000000
    32 -0.000021 2.021633 0.000027 0.182215 0.000000 0.000000
    33 -0.000004 -1.136217 -0.000004 0.006888 0.000000 0.000000
    34 -0.000011 1.136200 -0.000019 0.220656 0.000000 0.000000
    35 -0.032677 -4.576007 1.352317 2.741308 1.216154 2.484990
    36 0.032719 4.587772 -1.352291 -1.640222 1.283116 -2.138746
    37 0.000000 -1.742817 -0.000002 0.350664 0.000000 0.000000
    38 -0.000006 1.754520 -0.000034 0.202297 0.000000 0.000000
    39 0.000000 -1.215301 -0.003908 0.404355 0.000000 0.000000
    40 0.000002 1.227070 0.000032 0.130356 0.000000 0.000000
    41 -0.367996 -4.200594 0.177150 2.975180 1.091688 2.536231
    42 0.368011 4.208412 -0.173239 3.085177 1.100761 2.833692
    43 0.000000 -2.364506 -0.000004 0.851487 0.000000 0.000000
    44 -0.000006 2.372318 -0.000032 0.722081 0.000000 0.000000
    45 0.000004 -1.572258 -0.003907 0.725081 0.000000 0.000000
    46 -0.000002 1.580170 0.000030 0.034255 0.000000 0.000000
    47 -0.937645 -3.852884 -0.955411 3.076442 1.001841 2.581100
    48 0.937672 3.860714 0.959333 2.886145 1.001846 2.581100
    49 0.000000 -1.678913 0.000000 0.690457 0.000000 0.000000
    50 -0.000013 1.690666 0.000021 0.491549 0.000000 0.000000
    51 -0.000002 -1.411724 -0.003904 0.959859 0.000000 0.000000
    52 0.000008 1.423420 0.000028 0.234212 0.000000 0.000000
    53 -1.546646 -3.392475 -1.911663 3.056504 0.944156 2.514436
    54 1.546661 3.404217 1.915585 3.024293 0.944156 2.514435
    55 0.000004 -1.430008 0.000000 0.714530 0.000000 0.000000
    56 -0.000021 1.437870 0.000031 0.424957 0.000000 0.000000
    57 -0.000002 -1.047683 0.000000 0.877778 0.000000 0.000000
    58 0.000006 1.059372 0.000008 0.322075 0.000000 0.000000
    59 -0.000004 -13.013485 -0.000004 0.000000 0.000000 0.000000
    60 0.000000 -10.813480 -0.000004 0.000000 0.000000 0.000000
  time 1
    0 3.357422 4.734375 -15.507813 -1.559898 -0.000007 -0.000009
    1 -45.646316 3.142880 9.240613 -1.900860 0.786358 0.316627
    2 0.000000 14.313023 0.000003 -0.982659 0.000000 0.000000
    3 -0.000011 13.013483 -0.000005 -0.572244 -0.485208 0.828099
    4 13.000785 0.748291 -10.709211 1.481735 -0.100740 -1.042557
    5 0.000000 -14.313034 0.000000 -1.070345 0.000580 -0.000313
    6 -0.000004 -13.013485 -0.000004 0.292756 0.085020 -0.079233
    7 -1.330879 -2.698427 0.462449 -0.194886 -0.547260 3.056712
    8 1.330910 2.698444 -0.462436 0.194890 0.547268 -0.084879
    9 8.476563 4.574219 -4.277344 -0.711699 0.510275 1.094600
    10 3.556210 4.238403 0.987502 -1.090396 0.577049 -0.321829
    11 4.139183 5.092691 1.421975 -1.090396 0.577049 -0.321829
    12 4.777527 6.028128 1.897721 -1.090396 0.577049 -0.321829
    13 5.490345 7.072691 2.428969 -1.090396 0.577049 -0.321829
    14 6.562500 8.648438 3.228516 -1.090396 0.577049 -0.321829
    15 7.558525 6.997282 -2.354134 -1.937336 -0.275393 3.010581
    16 7.558525 6.997282 -2.354134 1.937336 0.275393 -0.131011
    17 -2.867767 -2.740969 0.531125 2.051196 0.577049 -0.321829
    18 4.324081 2.744001 -0.524877 -1.090396 0.577049 -0.321829
    19 5.012512 3.752832 -0.011802 -1.090396 0.577049 -0.321829
    20 5.595486 4.607124 0.422674 -1.090396 0.577049 -0.321829
    21 6.233833 5.542564 0.898426 -1.090396 0.577049 -0.321829
    22 6.946648 6.587124 1.429667 -1.090396 0.577049 -0.321829
    23 7.537933 7.453606 1.870349 -1.090396 0.577049 -0.321829
    24 8.154472 8.357077 2.329839 -1.090396 0.577049 -0.321829
    25 8.874294 9.411907 2.866308 -1.090396 0.577049 -0.321829
    26 -4.125858 -2.321501 1.394414 2.051196 0.577049 -0.321829
    27 -4.826813 -3.348669 0.872014 2.051196 0.577049 -0.321829
    28 -5.441669 -4.249685 0.413772 2.051196 0.577049 -0.321829
    29 -0.552532 -1.343527 1.604446 -1.131258 0.062036 -0.739330
    30 0.552589 1.343534 -1.604463 -1.114994 0.161114 -0.499872
    31 0.000000 -2.021618 -0.000004 0.192996 0.000000 0.000000
    32 -0.000021 2.021633 0.000027 0.182215 0.000000 0.000000
    33 -0.000004 -1.136217 -0.000004 0.013107 0.000000 0.000000
    34 -0.000011 1.136200 -0.000019 0.220656 0.000000 0.000000
    35 -0.032677 -4.579914 1.352317 2.726029 1.216154 2.484990
    36 0.032719 4.587772 -1.352291 -1.640222 1.283116 -2.138746
    37 0.000000 -1.742817 -0.000002 0.336303 0.000000 0.000000
    38 -0.000006 1.754520 -0.000034 0.202297 0.000000 0.000000
    39 0.000000 -1.215301 -0.003908 0.390014 0.000000 0.000000
    40 0.000002 1.227070 0.000032 0.130356 0.000000 0.000000
    41 -0.367996 -4.200594 0.173244 2.959822 1.091688 2.536231
    42 0.368011 4.208412 -0.173239 3.085177 1.100761 2.833692
    43 0.000000 -2.364506 -0.000004 0.835402 0.000000 0.000000
    44 -0.000006 2.372318 -0.000032 0.722081 0.000000 0.000000
    45 0.000004 -1.572258 -0.000001 0.709039 0.000000 0.000000
    46 -0.000002 1.580170 0.000030 0.034255 0.000000 0.000000
    47 -0.937645 -3.852884 -0.955411 3.060742 1.001841 2.581100
    48 0.937672 3.860714 0.959333 2.886145 1.001846 2.581100
    49 0.000000 -1.678913 0.000000 0.675263 0.000000 0.000000
    50 -0.000013 1.690666 0.000021 0.491549 0.000000 0.000000
    51 -0.000002 -1.411724 0.000002 0.944879 0.000000 0.000000
    52 0.000008 1.423420 0.000028 0.234212 0.000000 0.000000
    53 -1.546646 -3.396381 -1.915569 3.040814 0.944156 2.514436
    54 1.546661 3.404217 1.915585 3.024293 0.944156 2.514435
    55 0.000004 -1.430008 0.000000 0.698574 0.000000 0.000000
    56 -0.000021 1.437870 0.000031 0.424957 0.000000 0.000000
    57 -0.000002 -1.047683 0.000000 0.859834 0.000000 0.000000
    58 0.000006 1.059372 0.000008 0.322075 0.000000 0.000000
    59 -0.000004 -13.013485 -0.000004 0.000000 0.000000 0.000000
    60 0.000000 -10.813480 -0.000004 0.000000 0.000000 0.000000
  time 2
    0 3.357422 4.734375 -15.507813 -1.559898 -0.000007 -0.000009
    1 -45.646316 3.142880 9.240613 -1.901413 0.787694 0.315940
    2 0.000000 14.313023 0.000003 -0.982659 0.000000 0.000000
    3 -0.000011 13.013483 -0.000005 -0.566511 -0.492660 0.815062
    4 13.004691 0.748291 -10.709211 1.482022 -0.100891 -1.045143
    5 0.000000 -14.313034 0.000000 -1.070345 0.000580 -0.000313
    6 -0.000004 -13.013485 -0.000004 0.293927 0.086890 -0.069603
    7 -1.330879 -2.698427 0.462449 -0.194886 -0.547260 3.056712
    8 1.330910 2.698444 -0.462436 0.194890 0.547268 -0.084879
    9 8.476563 4.574219 -4.277344 -0.711699 0.510275 1.094600
    10 3.556210 4.238403 0.987502 -1.090396 0.577049 -0.321829
    11 4.139183 5.092691 1.421975 -1.090396 0.577049 -0.321829
    12 4.777527 6.028128 1.897721 -1.090396 0.577049 -0.321829
    13 5.490345 7.072691 2.428969 -1.090396 0.577049 -0.321829
    14 6.562500 8.648438 3.228516 -1.090396 0.577049 -0.321829
    15 7.558525 6.997282 -2.354134 -1.937336 -0.275393 3.010581
    16 7.558525 6.997282 -2.354134 1.937336 0.275393 -0.131011
    17 -2.867767 -2.740969 0.531125 2.051196 0.577049 -0.321829
    18 4.324081 2.744001 -0.524877 -1.090396 0.577049 -0.321829
    19 5.012512 3.752832 -0.011802 -1.090396 0.577049 -0.321829
    20 5.595486 4.607124 0.422674 -1.090396 0.577049 -0.321829
    21 6.233833 5.542564 0.898426 -1.090396 0.577049 -0.321829
    22 6.946648 6.587124 1.429667 -1.090396 0.577049 -0.321829
    23 7.537933 7.453606 1.870349 -1.090396 0.577049 -0.321829
    24 8.154472 8.357077 2.329839 -1.090396 0.577049 -0.321829
    25 8.874294 9.411907 2.866308 -1.090396 0.577049 -0.321829
    26 -4.125858 -2.321501 1.394414 2.051196 0.577049 -0.321829
    27 -4.826813 -3.348669 0.872014 2.051196 0.577049 -0.321829
    28 -5.441669 -4.249685 0.413772 2.051196 0.577049 -0.321829
    29 -0.552532 -1.343527 1.604446 -1.131258 0.062036 -0.739330
    30 0.552589 1.343534 -1.604463 -1.114994 0.161114 -0.499872
    31 0.000000 -2.021618 -0.000004 0.210167 0.000000 0.000000
    32 -0.000021 2.021633 0.000027 0.182215 0.000000 0.000000
    33 -0.000004 -1.132311 -0.000004 0.030265 0.000000 0.000000
    34 -0.000011 1.136200 -0.000019 0.220656 0.000000 0.000000
    35 -0.032677 -4.579914 1.352317 2.713615 1.216154 2.484990
    36 0.032719 4.587772 -1.352291 -1.640222 1.283116 -2.138746
    37 0.000000 -1.746723 -0.000002 0.323682 0.000000 0.000000
    38 -0.000006 1.754520 -0.000034 0.202297 0.000000 0.000000
    39 0.000000 -1.219208 -0.000002 0.377314 0.000000 0.000000
    40 0.000002 1.227070 0.000032 0.130356 0.000000 0.000000
    41 -0.367996 -4.204500 0.173244 2.947248 1.091688 2.536231
    42 0.368011 4.208412 -0.173239 3.085177 1.100761 2.833692
    43 0.000000 -2.368412 -0.000004 0.822945 0.000000 0.000000
    44 -0.000006 2.372318 -0.000032 0.722081 0.000000 0.000000
    45 0.000004 -1.576164 -0.000001 0.696552 0.000000 0.000000
    46 -0.000002 1.580170 0.000030 0.034255 0.000000 0.000000
    47 -0.937645 -3.852884 -0.959317 3.048200 1.001841 2.581100
    48 0.937672 3.860714 0.959333 2.886145 1.001846 2.581100
    49 0.000000 -1.682819 0.000000 0.662691 0.000000 0.000000
    50 -0.000013 1.690666 0.000021 0.491549 0.000000 0.000000
    51 -0.000002 -1.415630 0.000002 0.932350 0.000000 0.000000
    52 0.000008 1.423420 0.000028 0.234212 0.000000 0.000000
    53 -1.546646 -3.396381 -1.915569 3.028262 0.944156 2.514436
    54 1.546661 3.404217 1.915585 3.024293 0.944156 2.514435
    55 0.000004 -1.433914 0.000000 0.686111 0.000000 0.000000
    56 -0.000021 1.437870 0.000031 0.424957 0.000000 0.000000
    57 -0.000002 -1.051590 0.000000 0.847564 0.000000 0.000000
    58 0.000006 1.059372 0.000008 0.322075 0.000000 0.000000
    59 -0.000004 -13.013485 -0.000004 0.000000 0.000000 0.000000
    60 0.000000 -10.813480 -0.000004 0.000000 0.000000 0.000000
  time 3
    0 3.357422 4.734375 -15.507813 -1.559898 -0.000007 -0.000009
    1 -45.646316 3.142880 9.240613 -1.901874 0.788981 0.315329
    2 0.000000 14.313023 0.000003 -0.982659 0.000000 0.000000
    3 -0.000011 13.013483 -0.000005 -0.560969 -0.499877 0.802984
    4 13.004691 0.752198 -10.705305 1.482501 -0.101232 -1.048974
    5 0.000000 -14.313034 0.000000 -1.070345 0.000580 -0.000313
    6 -0.000004 -13.013485 -0.000004 0.295098 0.088669 -0.060736
    7 -1.330879 -2.698427 0.462449 -0.194886 -0.547260 3.056712
    8 1.330910 2.698444 -0.462436 0.194890 0.547268 -0.084879
    9 8.476563 4.574219 -4.277344 -0.711699 0.510275 1.094600
    10 3.556210 4.238403 0.987502 -1.090396 0.577049 -0.321829
    11 4.139183 5.092691 1.421975 -1.090396 0.577049 -0.321829
    12 4.777527 6.028128 1.897721 -1.090396 0.577049 -0.321829
    13 5.490345 7.072691 2.428969 -1.090396 0.577049 -0.321829
    14 6.562500 8.648438 3.228516 -1.090396 0.577049 -0.321829
    15 7.558525 6.997282 -2.354134 -1.937336 -0.275393 3.010581
    16 7.558525 6.997282 -2.354134 1.937336 0.275393 -0.131011
    17 -2.867767 -2.740969 0.531125 2.051196 0.577049 -0.321829
    18 4.324081 2.744001 -0.524877 -1.090396 0.577049 -0.321829
    19 5.012512 3.752832 -0.011802 -1.090396 0.577049 -0.321829
    20 5.595486 4.607124 0.422674 -1.090396 0.577049 -0.321829
    21 6.233833 5.542564 0.898426 -1.090396 0.577049 -0.321829
    22 6.946648 6.587124 1.429667 -1.090396 0.577049 -0.321829
    23 7.537933 7.453606 1.870349 -1.090396 0.577049 -0.321829
    24 8.154472 8.357077 2.329839 -1.090396 0.577049 -0.321829
    25 8.874294 9.411907 2.866308 -1.090396 0.577049 -0.321829
    26 -4.125858 -2.321501 1.394414 2.051196 0.577049 -0.321829
    27 -4.826813 -3.348669 0.872014 2.051196 0.577049 -0.321829
    28 -5.441669 -4.249685 0.413772 2.051196 0.577049 -0.321829
    29 -0.552532 -1.343527 1.604446 -1.131258 0.062036 -0.739330
    30 0.552589 1.343534 -1.604463 -1.114994 0.161114 -0.499872
    31 0.000000 -2.013805 -0.000004 0.236681 0.000000 0.000000
    32 -0.000021 2.021633 0.000027 0.182215 0.000000 0.000000
    33 -0.000004 -1.124498 -0.000004 0.056779 0.000000 0.000000
    34 -0.000011 1.136200 -0.000019 0.220656 0.000000 0.000000
    35 -0.032677 -4.587727 1.352317 2.706930 1.216154 2.484990
    36 0.032719 4.587772 -1.352291 -1.640222 1.283116 -2.138746
    37 0.000000 -1.750629 -0.000002 0.316461 0.000000 0.000000
    38 -0.000006 1.754520 -0.000034 0.202297 0.000000 0.000000
    39 0.000000 -1.227020 -0.000002 0.370168 0.000000 0.000000
    40 0.000002 1.227070 0.000032 0.130356 0.000000 0.000000
    41 -0.367996 -4.208406 0.173244 2.940781 1.091688 2.536231
    42 0.368011 4.208412 -0.173239 3.085177 1.100761 2.833692
    43 0.000000 -2.372318 -0.000004 0.816737 0.000000 0.000000
    44 -0.000006 2.372318 -0.000032 0.722081 0.000000 0.000000
    45 0.000004 -1.580070 -0.000001 0.690295 0.000000 0.000000
    46 -0.000002 1.580170 0.000030 0.034255 0.000000 0.000000
    47 -0.937645 -3.860697 -0.959317 3.041790 1.001841 2.581100
    48 0.937672 3.860714 0.959333 2.886145 1.001846 2.581100
    49 0.000000 -1.690632 0.000000 0.655943 0.000000 0.000000
    50 -0.000013 1.690666 0.000021 0.491549 0.000000 0.000000
    51 -0.000002 -1.423443 0.000002 0.925486 0.000000 0.000000
    52 0.000008 1.423420 0.000028 0.234212 0.000000 0.000000
    53 -1.546646 -3.404194 -1.915569 3.021986 0.944156 2.514436
    54 1.546661 3.404217 1.915585 3.024293 0.944156 2.514435
    55 0.000004 -1.437820 0.000000 0.679785 0.000000 0.000000
    56 -0.000021 1.437870 0.000031 0.424957 0.000000 0.000000
    57 -0.000002 -1.055496 0.000000 0.842338 0.000000 0.000000
    58 0.000006 1.059372 0.000008 0.322075 0.000000 0.000000
    59 -0.000004 -13.013485 -0.000004 0.000000 0.000000 0.000000
    60 0.000000 -10.813480 -0.000004 0.000000 0.000000 0.000000
  time 4
    0 3.357422 4.734375 -15.507813 -1.559898 -0.000007 -0.000009
    1 -45.646316 3.142880 9.240613 -1.902887 0.791795 0.313877
    2 0.000000 14.313023 0.000003 -0.982659 0.000000 0.000000
    3 -0.000011 13.013483 -0.000005 -0.556001 -0.506338 0.792153
    4 13.004691 0.752198 -10.705305 1.483076 -0.101649 -1.054049
    5 0.000000 -14.313034 0.000000 -1.070345 0.000580 -0.000313
    6 -0.000004 -13.013485 -0.000004 0.296179 0.090174 -0.053299
    7 -1.330879 -2.698427 0.462449 -0.194886 -0.547260 3.056712
    8 1.330910 2.698444 -0.462436 0.194890 0.547268 -0.084879
    9 8.476563 4.574219 -4.277344 -0.711699 0.510275 1.094600
    10 3.556210 4.238403 0.987502 -1.090396 0.577049 -0.321829
    11 4.139183 5.092691 1.421975 -1.090396 0.577049 -0.321829
    12 4.777527 6.028128 1.897721 -1.090396 0.577049 -0.321829
    13 5.490345 7.072691 2.428969 -1.090396 0.577049 -0.321829
    14 6.562500 8.648438 3.228516 -1.090396 0.577049 -0.321829
    15 7.558525 6.997282 -2.354134 -1.937336 -0.275393 3.010581
    16 7.558525 6.997282 -2.354134 1.937336 0.275393 -0.131011
    17 -2.867767 -2.740969 0.531125 2.051196 0.577049 -0.321829
    18 4.324081 2.744001 -0.524877 -1.090396 0.577049 -0.321829
    19 5.012512 3.752832 -0.011802 -1.090396 0.577049 -0.321829
    20 5.595486 4.607124 0.422674 -1.090396 0.577049 -0.321829
    21 6.233833 5.542564 0.898426 -1.090396 0.577049 -0.321829
    22 6.946648 6.587124 1.429667 -1.090396 0.577049 -0.321829
    23 7.537933 7.453606 1.870349 -1.090396 0.577049 -0.321829
    24 8.154472 8.357077 2.329839 -1.090396 0.577049 -0.321829
    25 8.874294 9.411907 2.866308 -1.090396 0.577049 -0.321829
    26 -4.125858 -2.321501 1.394414 2.051196 0.577049 -0.321829
    27 -4.826813 -3.348669 0.872014 2.051196 0.577049 -0.321829
    28 -5.441669 -4.249685 0.413772 2.051196 0.577049 -0.321829
    29 -0.552532 -1.343527 1.604446 -1.131258 0.062036 -0.739330
    30 0.552589 1.343534 -1.604463 -1.114994 0.161114 -0.499872
    31 0.000000 -2.002086 0.003903 0.270875 0.000000 0.000000
    32 -0.000021 2.021633 0.000027 0.182215 0.000000 0.000000
    33 -0.000004 -1.116685 -0.000004 0.090983 0.000000 0.000000
    34 -0.000011 1.136200 -0.000019 0.220656 0.000000 0.000000
    35 -0.032677 -4.587727 1.352317 2.709274 1.216154 2.484990
    36 0.032719 4.587772 -1.352291 -1.640222 1.283116 -2.138746
    37 0.000000 -1.754536 -0.000002 0.318413 0.000000 0.000000
    38 -0.000006 1.754520 -0.000034 0.202297 0.000000 0.000000
    39 0.000000 -1.227020 -0.000002 0.372099 0.000000 0.000000
    40 0.000002 1.227070 0.000032 0.130356 0.000000 0.000000
    41 -0.367996 -4.208406 0.173244 2.943027 1.091688 2.536231
    42 0.368011 4.208412 -0.173239 3.085177 1.100761 2.833692
    43 0.000000 -2.372318 -0.000004 0.819277 0.000000 0.000000
    44 -0.000006 2.372318 -0.000032 0.722081 0.000000 0.000000
    45 0.000004 -1.580070 -0.000001 0.692844 0.000000 0.000000
    46 -0.000002 1.580170 0.000030 0.034255 0.000000 0.000000
    47 -0.937645 -3.860697 -0.959317 3.044205 1.001841 2.581100
    48 0.937672 3.860714 0.959333 2.886145 1.001846 2.581100
    49 0.000000 -1.690632 0.000000 0.658141 0.000000 0.000000
    50 -0.000013 1.690666 0.000021 0.491549 0.000000 0.000000
    51 -0.000002 -1.423443 0.000002 0.927665 0.000000 0.000000
    52 0.000008 1.423420 0.000028 0.234212 0.000000 0.000000
    53 -1.546646 -3.404194 -1.915569 3.024293 0.944156 2.514436
    54 1.546661 3.404217 1.915585 3.024293 0.944156 2.514435
    55 0.000004 -1.437820 0.000000 0.682287 0.000000 0.000000
    56 -0.000021 1.437870 0.000031 0.424957 0.000000 0.000000
    57 -0.000002 -1.059402 0.000000 0.845552 0.000000 0.000000
    58 0.000006 1.059372 0.000008 0.322075 0.000000 0.000000
    59 -0.000004 -13.013485 -0.000004 0.000000 0.000000 0.000000
    60 0.000000 -10.813480 -0.000004 0.000000 0.000000 0.000000
  time 5
    0 3.357422 4.734375 -15.507813 -1.559898 -0.000007 -0.000009
    1 -45.646316 3.142880 9.240613 -1.903993 0.794990 0.312350
    2 0.000000 14.313023 0.000003 -0.982659 0.000000 0.000000
    3 -0.000011 13.013483 -0.000005 -0.551797 -0.511763 0.782951
    4 13.004691 0.752198 -10.701399 1.483650 -0.102218 -1.060179
    5 0.000000 -14.313034 0.000000 -1.070345 0.000580 -0.000313
    6 -0.000004 -13.013485 -0.000004 0.296990 0.091360 -0.047482
    7 -1.330879 -2.698427 0.462449 -0.194886 -0.547260 3.056712
    8 1.330910 2.698444 -0.462436 0.194890 0.547268 -0.084879
    9 8.476563 4.574219 -4.277344 -0.711699 0.510275 1.094600
    10 3.556210 4.238403 0.987502 -1.090396 0.577049 -0.321829
    11 4.139183 5.092691 1.421975 -1.090396 0.577049 -0.321829
    12 4.777527 6.028128 1.897721 -1.090396 0.577049 -0.321829
    13 5.490345 7.072691 2.428969 -1.090396 0.577049 -0.321829
    14 6.562500 8.648438 3.228516 -1.090396 0.577049 -0.321829
    15 7.558525 6.997282 -2.354134 -1.937336 -0.275393 3.010581
    16 7.558525 6.997282 -2.354134 1.937336 0.275393 -0.131011
    17 -2.867767 -2.740969 0.531125 2.051196 0.577049 -0.321829
    18 4.324081 2.744001 -0.524877 -1.090396 0.577049 -0.321829
    19 5.012512 3.752832 -0.011802 -1.090396 0.577049 -0.321829
    20 5.595486 4.607124 0.422674 -1.090396 0.577049 -0.321829
    21 6.233833 5.542564 0.898426 -1.090396 0.577049 -0.321829
    22 6.946648 6.587124 1.429667 -1.090396 0.577049 -0.321829
    23 7.537933 7.453606 1.870349 -1.090396 0.577049 -0.321829
    24 8.154472 8.357077 2.329839 -1.090396 0.577049 -0.321829
    25 8.874294 9.411907 2.866308 -1.090396 0.577049 -0.321829
    26 -4.125858 -2.321501 1.394414 2.051196 0.577049 -0.321829
    27 -4.826813 -3.348669 0.872014 2.051196 0.577049 -0.321829
    28 -5.441669 -4.249685 0.413772 2.051196 0.577049 -0.321829
    29 -0.552532 -1.343527 1.604446 -1.131258 0.062036 -0.739330
    30 0.552589 1.343534 -1.604463 -1.114994 0.161114 -0.499872
    31 0.000000 -1.994273 0.007809 0.310899 0.000000 0.000000
    32 -0.000021 2.021633 0.000027 0.182215 0.000000 0.000000
    33 -0.000004 -1.108873 -0.000004 0.131018 0.000000 0.000000
    34 -0.000011 1.136200 -0.000019 0.220656 0.000000 0.000000
    35 -0.032677 -4.583820 1.352317 2.718389 1.216154 2.484990
    36 0.032719 4.587772 -1.352291 -1.640222 1.283116 -2.138746
    37 0.000000 -1.750629 -0.000002 0.327452 0.000000 0.000000
    38 -0.000006 1.754520 -0.000034 0.202297 0.000000 0.000000
    39 0.000000 -1.223114 -0.000002 0.381177 0.000000 0.000000
    40 0.000002 1.227070 0.000032 0.130356 0.000000 0.000000
    41 -0.367996 -4.208406 0.173244 2.952008 1.091688 2.536231
    42 0.368011 4.208412 -0.173239 3.085177 1.100761 2.833692
    43 0.000000 -2.372318 -0.000004 0.828307 0.000000 0.000000
    44 -0.000006 2.372318 -0.000032 0.722081 0.000000 0.000000
    45 0.000004 -1.580070 -0.000001 0.701881 0.000000 0.000000
    46 -0.000002 1.580170 0.000030 0.034255 0.000000 0.000000
    47 -0.937645 -3.860697 -0.959317 3.053217 1.001841 2.581100
    48 0.937672 3.860714 0.959333 2.886145 1.001846 2.581100
    49 0.000000 -1.686725 0.000000 0.667242 0.000000 0.000000
    50 -0.000013 1.690666 0.000021 0.491549 0.000000 0.000000
    51 -0.000002 -1.419536 0.000002 0.936708 0.000000 0.000000
    52 0.000008 1.423420 0.000028 0.234212 0.000000 0.000000
    53 -1.546646 -3.404194 -1.915569 3.033246 0.944156 2.514436
    54 1.546661 3.404217 1.915585 3.024293 0.944156 2.514435
    55 0.000004 -1.437820 0.000000 0.691351 0.000000 0.000000
    56 -0.000021 1.437870 0.000031 0.424957 0.000000 0.000000
    57 -0.000002 -1.055496 0.000000 0.854608 0.000000 0.000000
    58 0.000006 1.059372 0.000008 0.322075 0.000000 0.000000
    59 -0.000004 -13.013485 -0.000004 0.000000 0.000000 0.000000
    60 0.000000 -10.813480 -0.000004 0.000000 0.000000 0.000000
  time 6
    0 3.357422 4.734375 -15.507813 -1.559898 -0.000007 -0.000009
    1 -45.646316 3.142880 9.240613 -1.905191 0.798424 0.310517
    2 0.000000 14.313023 0.000003 -0.982659 0.000000 0.000000
    3 -0.000011 13.013483 -0.000005 -0.548548 -0.515819 0.776241
    4 13.004691 0.752198 -10.693586 1.484416 -0.102710 -1.066787
    5 0.000000 -14.313034 0.000000 -1.070345 0.000580 -0.000313
    6 -0.000004 -13.013485 -0.000004 0.297440 0.092181 -0.043478
    7 -1.330879 -2.698427 0.462449 -0.194886 -0.547260 3.056712
    8 1.330910 2.698444 -0.462436 0.194890 0.547268 -0.084879
    9 8.476563 4.574219 -4.277344 -0.711699 0.510275 1.094600
    10 3.556210 4.238403 0.987502 -1.090396 0.577049 -0.321829
    11 4.139183 5.092691 1.421975 -1.090396 0.577049 -0.321829
    12 4.777527 6.028128 1.897721 -1.090396 0.577049 -0.321829
    13 5.490345 7.072691 2.428969 -1.090396 0.577049 -0.321829
    14 6.562500 8.648438 3.228516 -1.090396 0.577049 -0.321829
    15 7.558525 6.997282 -2.354134 -1.937336 -0.275393 3.010581
    16 7.558525 6.997282 -2.354134 1.937336 0.275393 -0.131011
    17 -2.867767 -2.740969 0.531125 2.051196 0.577049 -0.321829
    18 4.324081 2.744001 -0.524877 -1.090396 0.577049 -0.321829
    19 5.012512 3.752832 -0.011802 -1.090396 0.577049 -0.321829
    20 5.595486 4.607124 0.422674 -1.090396 0.577049 -0.321829
    21 6.233833 5.542564 0.898426 -1.090396 0.577049 -0.321829
    22 6.946648 6.587124 1.429667 -1.090396 0.577049 -0.321829
    23 7.537933 7.453606 1.870349 -1.090396 0.577049 -0.321829
    24 8.154472 8.357077 2.329839 -1.090396 0.577049 -0.321829
    25 8.874294 9.411907 2.866308 -1.090396 0.577049 -0.321829
    26 -4.125858 -2.321501 1.394414 2.051196 0.577049 -0.321829
    27 -4.826813 -3.348669 0.872014 2.051196 0.577049 -0.321829
    28 -5.441669 -4.249685 0.413772 2.051196 0.577049 -0.321829
    29 -0.552532 -1.343527 1.604446 -1.131258 0.062036 -0.739330
    30 0.552589 1.343534 -1.604463 -1.114994 0.161114 -0.499872
    31 0.000000 -1.986461 0.007809 0.355279 0.000000 0.000000
    32 -0.000021 2.021633 0.000027 0.182215 0.000000 0.000000
    33 -0.000004 -1.097153 -0.000004 0.175440 0.000000 0.000000
    34 -0.000011 1.136200 -0.000019 0.220656 0.000000 0.000000
    35 -0.032677 -4.583820 1.352317 2.729502 1.216154 2.484990
    36 0.032719 4.587772 -1.352291 -1.640222 1.283116 -2.138746
    37 0.000000 -1.746723 -0.000002 0.338576 0.000000 0.000000
    38 -0.000006 1.754520 -0.000034 0.202297 0.000000 0.000000
    39 0.000000 -1.219208 -0.003908 0.392332 0.000000 0.000000
    40 0.000002 1.227070 0.000032 0.130356 0.000000 0.000000
    41 -0.367996 -4.204500 0.173244 2.963145 1.091688 2.536231
    42 0.368011 4.208412 -0.173239 3.085177 1.100761 2.833692
    43 0.000000 -2.368412 -0.000004 0.839474 0.000000 0.000000
    44 -0.000006 2.372318 -0.000032 0.722081 0.000000 0.000000
    45 0.000004 -1.576164 -0.000001 0.713030 0.000000 0.000000
    46 -0.000002 1.580170 0.000030 0.034255 0.000000 0.000000
    47 -0.937645 -3.852884 -0.959317 3.064272 1.001841 2.581100
    48 0.937672 3.860714 0.959333 2.886145 1.001846 2.581100
    49 0.000000 -1.682819 0.000000 0.678309 0.000000 0.000000
    50 -0.000013 1.690666 0.000021 0.491549 0.000000 0.000000
    51 -0.000002 -1.415630 0.000002 0.947875 0.000000 0.000000
    52 0.000008 1.423420 0.000028 0.234212 0.000000 0.000000
    53 -1.546646 -3.396381 -1.915569 3.044414 0.944156 2.514436
    54 1.546661 3.404217 1.915585 3.024293 0.944156 2.514435
    55 0.000004 -1.430008 0.000000 0.702445 0.000000 0.000000
    56 -0.000021 1.437870 0.000031 0.424957 0.000000 0.000000
    57 -0.000002 -1.051590 0.000000 0.865732 0.000000 0.000000
    58 0.000006 1.059372 0.000008 0.322075 0.000000 0.000000
    59 -0.000004 -13.013485 -0.000004 0.000000 0.000000 0.000000
    60 0.000000 -10.813480 -0.000004 0.000000 0.000000 0.000000
  time 7
    0 3.357422 4.734375 -15.507813 -1.559898 -0.000007 -0.000009
    1 -45.646316 3.142880 9.240613 -1.906665 0.802048 0.308683
    2 0.000000 14.313023 0.000003 -0.982659 0.000000 0.000000
    3 -0.000011 13.013483 -0.000005 -0.546733 -0.518130 0.772311
    4 13.008598 0.756104 -10.693586 1.485278 -0.103355 -1.073874
    5 0.000000 -14.313034 0.000000 -1.070345 0.000580 -0.000313
    6 -0.000004 -13.013485 -0.000004 0.297620 0.092454 -0.042048
    7 -1.330879 -2.698427 0.462449 -0.194886 -0.547260 3.056712
    8 1.330910 2.698444 -0.462436 0.194890 0.547268 -0.084879
    9 8.476563 4.574219 -4.277344 -0.711699 0.510275 1.094600
    10 3.556210 4.238403 0.987502 -1.090396 0.577049 -0.321829
    11 4.139183 5.092691 1.421975 -1.090396 0.577049 -0.321829
    12 4.777527 6.028128 1.897721 -1.090396 0.577049 -0.321829
    13 5.490345 7.072691 2.428969 -1.090396 0.577049 -0.321829
    14 6.562500 8.648438 3.228516 -1.090396 0.577049 -0.321829
    15 7.558525 6.997282 -2.354134 -1.937336 -0.275393 3.010581
    16 7.558525 6.997282 -2.354134 1.937336 0.275393 -0.131011
    17 -2.867767 -2.740969 0.531125 2.051196 0.577049 -0.321829
    18 4.324081 2.744001 -0.524877 -1.090396 0.577049 -0.321829
    19 5.012512 3.752832 -0.011802 -1.090396 0.577049 -0.321829
    20 5.595486 4.607124 0.422674 -1.090396 0.577049 -0.321829
    21 6.233833 5.542564 0.898426 -1.090396 0.577049 -0.321829
    22 6.946648 6.587124 1.429667 -1.090396 0.577049 -0.321829
    23 7.537933 7.453606 1.870349 -1.090396 0.577049 -0.321829
    24 8.154472 8.357077 2.329839 -1.090396 0.577049 -0.321829
    25 8.874294 9.411907 2.866308 -1.090396 0.577049 -0.321829
    26 -4.125858 -2.321501 1.394414 2.051196 0.577049 -0.321829
    27 -4.826813 -3.348669 0.872014 2.051196 0.577049 -0.321829
    28 -5.441669 -4.249685 0.413772 2.051196 0.577049 -0.321829
    29 -0.552532 -1.343527 1.604446 -1.131258 0.062036 -0.739330
    30 0.552589 1.343534 -1.604463 -1.114994 0.161114 -0.499872
    31 0.000000 -1.974741 0.011715 0.402162 0.000000 0.000000
    32 -0.000021 2.021633 0.000027 0.182215 0.000000 0.000000
    33 -0.000004 -1.089341 0.003903 0.222304 0.000000 0.000000
    34 -0.000011 1.136200 -0.000019 0.220656 0.000000 0.000000
    35 -0.032677 -4.576007 1.352317 2.742263 1.216154 2.484990
    36 0.032719 4.587772 -1.352291 -1.640222 1.283116 -2.138746
    37 0.000000 -1.742817 -0.000002 0.351332 0.000000 0.000000
    38 -0.000006 1.754520 -0.000034 0.202297 0.000000 0.000000
    39 0.000000 -1.215301 -0.003908 0.405031 0.000000 0.000000
    40 0.000002 1.227070 0.000032 0.130356 0.000000 0.000000
    41 -0.367996 -4.200594 0.173244 2.975809 1.091688 2.536231
    42 0.368011 4.208412 -0.173239 3.085177 1.100761 2.833692
    43 0.000000 -2.364506 -0.000004 0.852213 0.000000 0.000000
    44 -0.000006 2.372318 -0.000032 0.722081 0.000000 0.000000
    45 0.000004 -1.572258 -0.000001 0.725776 0.000000 0.000000
    46 -0.000002 1.580170 0.000030 0.034255 0.000000 0.000000
    47 -0.937645 -3.848978 -0.955411 3.077093 1.001841 2.581100
    48 0.937672 3.860714 0.959333 2.886145 1.001846 2.581100
    49 0.000000 -1.678913 0.000000 0.691074 0.000000 0.000000
    50 -0.000013 1.690666 0.000021 0.491549 0.000000 0.000000
    51 -0.000002 -1.411724 0.000002 0.960622 0.000000 0.000000
    52 0.000008 1.423420 0.000028 0.234212 0.000000 0.000000
    53 -1.546646 -3.396381 -1.911663 3.057150 0.944156 2.514436
    54 1.546661 3.404217 1.915585 3.024293 0.944156 2.514435
    55 0.000004 -1.426101 0.000000 0.715191 0.000000 0.000000
    56 -0.000021 1.437870 0.000031 0.424957 0.000000 0.000000
    57 -0.000002 -1.047683 0.000000 0.878449 0.000000 0.000000
    58 0.000006 1.059372 0.000008 0.322075 0.000000 0.000000
    59 -0.000004 -13.013485 -0.000004 0.000000 0.000000 0.000000
    60 0.000000 -10.813480 -0.000004 0.000000 0.000000 0.000000
  time 8
    0 3.357422 4.734375 -15.507813 -1.559898 -0.000007 -0.000009
    1 -45.646316 3.142880 9.240613 -1.907955 0.805672 0.306927
    2 0.000000 14.313023 0.000003 -0.982659 0.000000 0.000000
    3 -0.000011 13.013483 -0.000005 -0.546541 -0.518366 0.771927
    4 13.008598 0.756104 -10.693586 1.486044 -0.103923 -1.080865
    5 0.000000 -14.313034 0.000000 -1.070345 0.000580 -0.000313
    6 -0.000004 -13.013485 -0.000004 0.297350 0.092181 -0.043478
    7 -1.330879 -2.698427 0.462449 -0.194886 -0.547260 3.056712
    8 1.330910 2.698444 -0.462436 0.194890 0.547268 -0.084879
    9 8.476563 4.574219 -4.277344 -0.711699 0.510275 1.094600
    10 3.556210 4.238403 0.987502 -1.090396 0.577049 -0.321829
    11 4.139183 5.092691 1.421975 -1.090396 0.577049 -0.321829
    12 4.777527 6.028128 1.897721 -1.090396 0.577049 -0.321829
    13 5.490345 7.072691 2.428969 -1.090396 0.577049 -0.321829
    14 6.562500 8.648438 3.228516 -1.090396 0.577049 -0.321829
    15 7.558525 6.997282 -2.354134 -1.937336 -0.275393 3.010581
    16 7.558525 6.997282 -2.354134 1.937336 0.275393 -0.131011
    17 -2.867767 -2.740969 0.531125 2.051196 0.577049 -0.321829
    18 4.324081 2.744001 -0.524877 -1.090396 0.577049 -0.321829
    19 5.012512 3.752832 -0.011802 -1.090396 0.577049 -0.321829
    20 5.595486 4.607124 0.422674 -1.090396 0.577049 -0.321829
    21 6.233833 5.542564 0.898426 -1.090396 0.577049 -0.321829
    22 6.946648 6.587124 1.429667 -1.090396 0.577049 -0.321829
    23 7.537933 7.453606 1.870349 -1.090396 0.577049 -0.321829
    24 8.154472 8.357077 2.329839 -1.090396 0.577049 -0.321829
    25 8.874294 9.411907 2.866308 -1.090396 0.577049 -0.321829
    26 -4.125858 -2.321501 1.394414 2.051196 0.577049 -0.321829
    27 -4.826813 -3.348669 0.872014 2.051196 0.577049 -0.321829
    28 -5.441669 -4.249685 0.413772 2.051196 0.577049 -0.321829
    29 -0.552532 -1.343527 1.604446 -1.131258 0.062036 -0.739330
    30 0.552589 1.343534 -1.604463 -1.114994 0.161114 -0.499872
    31 0.000000 -1.970835 0.015622 0.449845 0.000000 0.000000
    32 -0.000021 2.021633 0.000027 0.182215 0.000000 0.000000
    33 -0.000004 -1.081528 0.003903 0.269947 0.000000 0.000000
    34 -0.000011 1.136200 -0.000019 0.220656 0.000000 0.000000
    35 -0.032677 -4.572101 1.356223 2.756240 1.216154 2.484990
    36 0.032719 4.587772 -1.352291 -1.640222 1.283116 -2.138746
    37 0.000000 -1.738910 -0.000002 0.365371 0.000000 0.000000
    38 -0.000006 1.754520 -0.000034 0.202297 0.000000 0.000000
    39 0.000000 -1.215301 -0.003908 0.419083 0.000000 0.000000
    40 0.000002 1.227070 0.000032 0.130356 0.000000 0.000000
    41 -0.367996 -4.196687 0.173244 2.989910 1.091688 2.536231
    42 0.368011 4.208412 -0.173239 3.085177 1.100761 2.833692
    43 0.000000 -2.360599 -0.000004 0.866242 0.000000 0.000000
    44 -0.000006 2.372318 -0.000032 0.722081 0.000000 0.000000
    45 0.000004 -1.572258 -0.000001 0.739809 0.000000 0.000000
    46 -0.000002 1.580170 0.000030 0.034255 0.000000 0.000000
    47 -0.937645 -3.845071 -0.955411 3.091028 1.001841 2.581100
    48 0.937672 3.860714 0.959333 2.886145 1.001846 2.581100
    49 0.000000 -1.675006 0.000000 0.705111 0.000000 0.000000
    50 -0.000013 1.690666 0.000021 0.491549 0.000000 0.000000
    51 -0.000002 -1.407817 -0.003904 0.974676 0.000000 0.000000
    52 0.000008 1.423420 0.000028 0.234212 0.000000 0.000000
    53 -1.546646 -3.388568 -1.911663 3.071179 0.944156 2.514436
    54 1.546661 3.404217 1.915585 3.024293 0.944156 2.514435
    55 0.000004 -1.426101 0.000000 0.729259 0.000000 0.000000
    56 -0.000021 1.437870 0.000031 0.424957 0.000000 0.000000
    57 -0.000002 -1.043777 0.000000 0.892536 0.000000 0.000000
    58 0.000006 1.059372 0.000008 0.322075 0.000000 0.000000
    59 -0.000004 -13.013485 -0.000004 0.000000 0.000000 0.000000
    60 0.000000 -10.813480 -0.000004 0.000000 0.000000 0.000000
  time 9
    0 3.357422 4.734375 -15.507813 -1.559898 -0.000007 -0.000009
    1 -45.646316 3.142880 9.240613 -1.909246 0.809392 0.305017
    2 0.000000 14.313023 0.000003 -0.982659 0.000000 0.000000
    3 -0.000011 13.013483 -0.000005 -0.548835 -0.515442 0.777007
    4 13.008598 0.756104 -10.693586 1.486810 -0.104492 -1.087857
    5 0.000000 -14.313034 0.000000 -1.070345 0.000580 -0.000313
    6 -0.000004 -13.013485 -0.000004 0.296990 0.091497 -0.046815
    7 -1.330879 -2.698427 0.462449 -0.194886 -0.547260 3.056712
    8 1.330910 2.698444 -0.462436 0.194890 0.547268 -0.084879
    9 8.476563 4.574219 -4.277344 -0.711699 0.510275 1.094600
    10 3.556210 4.238403 0.987502 -1.090396 0.577049 -0.321829
    11 4.139183 5.092691 1.421975 -1.090396 0.577049 -0.321829
    12 4.777527 6.028128 1.897721 -1.090396 0.577049 -0.321829
    13 5.490345 7.072691 2.428969 -1.090396 0.577049 -0.321829
    14 6.562500 8.648438 3.228516 -1.090396 0.577049 -0.321829
    15 7.558525 6.997282 -2.354134 -1.937336 -0.275393 3.010581
    16 7.558525 6.997282 -2.354134 1.937336 0.275393 -0.131011
    17 -2.867767 -2.740969 0.531125 2.051196 0.577049 -0.321829
    18 4.324081 2.744001 -0.524877 -1.090396 0.577049 -0.321829
    19 5.012512 3.752832 -0.011802 -1.090396 0.577049 -0.321829
    20 5.595486 4.607124 0.422674 -1.090396 0.577049 -0.321829
    21 6.233833 5.542564 0.898426 -1.090396 0.577049 -0.321829
    22 6.946648 6.587124 1.429667 -1.090396 0.577049 -0.321829
    23 7.537933 7.453606 1.870349 -1.090396 0.577049 -0.321829
    24 8.154472 8.357077 2.329839 -1.090396 0.577049 -0.321829
    25 8.874294 9.411907 2.866308 -1.090396 0.577049 -0.321829
    26 -4.125858 -2.321501 1.394414 2.051196 0.577049 -0.321829
    27 -4.826813 -3.348669 0.872014 2.051196 0.577049 -0.321829
    28 -5.441669 -4.249685 0.413772 2.051196 0.577049 -0.321829
    29 -0.552532 -1.343527 1.604446 -1.131258 0.062036 -0.739330
    30 0.552589 1.343534 -1.604463 -1.114994 0.161114 -0.499872
    31 0.000000 -1.959116 0.015622 0.496729 0.000000 0.000000
    32 -0.000021 2.021633 0.000027 0.182215 0.000000 0.000000
    33 -0.000004 -1.069809 0.003903 0.316867 0.000000 0.000000
    34 -0.000011 1.136200 -0.000019 0.220656 0.000000 0.000000
    35 -0.032677 -4.568195 1.356223 2.771259 1.216154 2.484990
    36 0.032719 4.587772 -1.352291 -1.640222 1.283116 -2.138746
    37 0.000000 -1.735004 -0.000002 0.380347 0.000000 0.000000
    38 -0.000006 1.754520 -0.000034 0.202297 0.000000 0.000000
    39 0.000000 -1.211395 -0.007814 0.434052 0.000000 0.000000
    40 0.000002 1.227070 0.000032 0.130356 0.000000 0.000000
    41 -0.367996 -4.196687 0.177150 3.004909 1.091688 2.536231
    42 0.368011 4.208412 -0.173239 3.085177 1.100761 2.833692
    43 0.000000 -2.356693 0.003903 0.881198 0.000000 0.000000
    44 -0.000006 2.372318 -0.000032 0.722081 0.000000 0.000000
    45 0.000004 -1.568351 -0.003907 0.754768 0.000000 0.000000
    46 -0.000002 1.580170 0.000030 0.034255 0.000000 0.000000
    47 -0.937645 -3.845071 -0.955411 3.106078 1.001841 2.581100
    48 0.937672 3.860714 0.959333 2.886145 1.001846 2.581100
    49 0.000000 -1.671100 0.000000 0.720112 0.000000 0.000000
    50 -0.000013 1.690666 0.000021 0.491549 0.000000 0.000000
    51 -0.000002 -1.403911 -0.003904 0.989602 0.000000 0.000000
    52 0.000008 1.423420 0.000028 0.234212 0.000000 0.000000
    53 -1.546646 -3.388568 -1.911663 3.086223 0.944156 2.514436
    54 1.546661 3.404217 1.915585 3.024293 0.944156 2.514435
    55 0.000004 -1.418289 0.000000 0.744224 0.000000 0.000000
    56 -0.000021 1.437870 0.000031 0.424957 0.000000 0.000000
    57 -0.000002 -1.039871 0.000000 0.907489 0.000000 0.000000
    58 0.000006 1.059372 0.000008 0.322075 0.000000 0.000000
    59 -0.000004 -13.013485 -0.000004 0.000000 0.000000 0.000000
    60 0.000000 -10.813480 -0.000004 0.000000 0.000000 0.000000
  time 10
    0 3.357422 4.734375 -15.507813 -1.559898 -0.000007 -0.000009
    1 -45.646316 3.142880 9.240613 -1.910628 0.813064 0.303184
    2 0.000000 14.313023 0.000003 -0.982659 0.000000 0.000000
    3 -0.000011 13.013483 -0.000005 -0.553612 -0.509216 0.787552
    4 13.008598 0.756104 -10.689680 1.487385 -0.105098 -1.094561
    5 0.000000 -14.313034 0.000000 -1.070345 0.000580 -0.000313
    6 -0.000004 -13.013485 -0.000004 0.296269 0.090448 -0.051964
    7 -1.330879 -2.698427 0.462449 -0.194886 -0.547260 3.056712
    8 1.330910 2.698444 -0.462436 0.194890 0.547268 -0.084879
    9 8.476563 4.574219 -4.277344 -0.711699 0.510275 1.094600
    10 3.556210 4.238403 0.987502 -1.090396 0.577049 -0.321829
    11 4.139183 5.092691 1.421975 -1.090396 0.577049 -0.321829
    12 4.777527 6.028128 1.897721 -1.090396 0.577049 -0.321829
    13 5.490345 7.072691 2.428969 -1.090396 0.577049 -0.321829
    14 6.562500 8.648438 3.228516 -1.090396 0.577049 -0.321829
    15 7.558525 6.997282 -2.354134 -1.937336 -0.275393 3.010581
    16 7.558525 6.997282 -2.354134 1.937336 0.275393 -0.131011
    17 -2.867767 -2.740969 0.531125 2.051196 0.577049 -0.321829
    18 4.324081 2.744001 -0.524877 -1.090396 0.577049 -0.321829
    19 5.012512 3.752832 -0.011802 -1.090396 0.577049 -0.321829
    20 5.595486 4.607124 0.422674 -1.090396 0.577049 -0.321829
    21 6.233833 5.542564 0.898426 -1.090396 0.577049 -0.321829
    22 6.946648 6.587124 1.429667 -1.090396 0.577049 -0.321829
    23 7.537933 7.453606 1.870349 -1.090396 0.577049 -0.321829
    24 8.154472 8.357077 2.329839 -1.090396 0.577049 -0.321829
    25 8.874294 9.411907 2.866308 -1.090396 0.577049 -0.321829
    26 -4.125858 -2.321501 1.394414 2.051196 0.577049 -0.321829
    27 -4.826813 -3.348669 0.872014 2.051196 0.577049 -0.321829
    28 -5.441669 -4.249685 0.413772 2.051196 0.577049 -0.321829
    29 -0.552532 -1.343527 1.604446 -1.131258 0.062036 -0.739330
    30 0.552589 1.343534 -1.604463 -1.114994 0.161114 -0.499872
    31 0.000000 -1.951303 0.019528 0.541130 0.000000 0.000000
    32 -0.000021 2.021633 0.000027 0.182215 0.000000 0.000000
    33 -0.000004 -1.061996 0.003903 0.361261 0.000000 0.000000
    34 -0.000011 1.136200 -0.000019 0.220656 0.000000 0.000000
    35 -0.032677 -4.568195 1.356223 2.786885 1.216154 2.484990
    36 0.032719 4.587772 -1.352291 -1.640222 1.283116 -2.138746
    37 0.000000 -1.731097 -0.000002 0.395964 0.000000 0.000000
    38 -0.000006 1.754520 -0.000034 0.202297 0.000000 0.000000
    39 0.000000 -1.207488 -0.007814 0.449697 0.000000 0.000000
    40 0.000002 1.227070 0.000032 0.130356 0.000000 0.000000
    41 -0.367996 -4.192781 0.173244 3.020536 1.091688 2.536231
    42 0.368011 4.208412 -0.173239 3.085177 1.100761 2.833692
    43 0.000000 -2.356693 -0.000004 0.896840 0.000000 0.000000
    44 -0.000006 2.372318 -0.000032 0.722081 0.000000 0.000000
    45 0.000004 -1.564445 -0.003907 0.770397 0.000000 0.000000
    46 -0.000002 1.580170 0.000030 0.034255 0.000000 0.000000
    47 -0.937645 -3.841165 -0.955411 3.121686 1.001841 2.581100
    48 0.937672 3.860714 0.959333 2.886145 1.001846 2.581100
    49 0.000000 -1.667194 0.000000 0.735691 0.000000 0.000000
    50 -0.000013 1.690666 0.000021 0.491549 0.000000 0.000000
    51 -0.000002 -1.403911 -0.003904 1.005236 0.000000 0.000000
    52 0.000008 1.423420 0.000028 0.234212 0.000000 0.000000
    53 -1.546646 -3.384662 -1.907757 3.101728 0.944156 2.514436
    54 1.546661 3.404217 1.915585 3.024293 0.944156 2.514435
    55 0.000004 -1.414382 0.000000 0.759802 0.000000 0.000000
    56 -0.000021 1.437870 0.000031 0.424957 0.000000 0.000000
    57 -0.000002 -1.039871 0.000000 0.923085 0.000000 0.000000
    58 0.000006 1.059372 0.000008 0.322075 0.000000 0.000000
    59 -0.000004 -13.013485 -0.000004 0.000000 0.000000 0.000000
    60 0.000000 -10.813480 -0.000004 0.000000 0.000000 0.000000
  time 11
    0 3.357422 4.734375 -15.507813 -1.559898 -0.000007 -0.000009
    1 -45.646316 3.142880 9.240613 -1.911733 0.816116 0.301656
    2 0.000000 14.313023 0.000003 -0.982659 0.000000 0.000000
    3 -0.000011 13.013483 -0.000005 -0.560109 -0.500631 0.801930
    4 13.012504 0.760010 -10.685773 1.488055 -0.105591 -1.100498
    5 0.000000 -14.313034 0.000000 -1.070345 0.000580 -0.000313
    6 -0.000004 -13.013485 -0.000004 0.295368 0.089262 -0.058257
    7 -1.330879 -2.698427 0.462449 -0.194886 -0.547260 3.056712
    8 1.330910 2.698444 -0.462436 0.194890 0.547268 -0.084879
    9 8.476563 4.574219 -4.277344 -0.711699 0.510275 1.094600
    10 3.556210 4.238403 0.987502 -1.090396 0.577049 -0.321829
    11 4.139183 5.092691 1.421975 -1.090396 0.577049 -0.321829
    12 4.777527 6.028128 1.897721 -1.090396 0.577049 -0.321829
    13 5.490345 7.072691 2.428969 -1.090396 0.577049 -0.321829
    14 6.562500 8.648438 3.228516 -1.090396 0.577049 -0.321829
    15 7.558525 6.997282 -2.354134 -1.937336 -0.275393 3.010581
    16 7.558525 6.997282 -2.354134 1.937336 0.275393 -0.131011
    17 -2.867767 -2.740969 0.531125 2.051196 0.577049 -0.321829
    18 4.324081 2.744001 -0.524877 -1.090396 0.577049 -0.321829
    19 5.012512 3.752832 -0.011802 -1.090396 0.577049 -0.321829
    20 5.595486 4.607124 0.422674 -1.090396 0.577049 -0.321829
    21 6.233833 5.542564 0.898426 -1.090396 0.577049 -0.321829
    22 6.946648 6.587124 1.429667 -1.090396 0.577049 -0.321829
    23 7.537933 7.453606 1.870349 -1.090396 0.577049 -0.321829
    24 8.154472 8.357077 2.329839 -1.090396 0.577049 -0.321829
    25 8.874294 9.411907 2.866308 -1.090396 0.577049 -0.321829
    26 -4.125858 -2.321501 1.394414 2.051196 0.577049 -0.321829
    27 -4.826813 -3.348669 0.872014 2.051196 0.577049 -0.321829
    28 -5.441669 -4.249685 0.413772 2.051196 0.577049 -0.321829
    29 -0.552532 -1.343527 1.604446 -1.131258 0.062036 -0.739330
    30 0.552589 1.343534 -1.604463 -1.114994 0.161114 -0.499872
    31 0.000000 -1.943491 0.023434 0.581174 0.000000 0.000000
    32 -0.000021 2.021633 0.000027 0.182215 0.000000 0.000000
    33 -0.000004 -1.054183 0.007809 0.401268 0.000000 0.000000
    34 -0.000011 1.136200 -0.000019 0.220656 0.000000 0.000000
    35 -0.032677 -4.564288 1.356223 2.802512 1.216154 2.484990
    36 0.032719 4.587772 -1.352291 -1.640222 1.283116 -2.138746
    37 0.000000 -1.731097 0.003904 0.411661 0.000000 0.000000
    38 -0.000006 1.754520 -0.000034 0.202297 0.000000 0.000000
    39 0.000000 -1.203582 -0.007814 0.465342 0.000000 0.000000
    40 0.000002 1.227070 0.000032 0.130356 0.000000 0.000000
    41 -0.367996 -4.188875 0.177150 3.036254 1.091688 2.536231
    42 0.368011 4.208412 -0.173239 3.085177 1.100761 2.833692
    43 0.000000 -2.352786 0.003903 0.912522 0.000000 0.000000
    44 -0.000006 2.372318 -0.000032 0.722081 0.000000 0.000000
    45 0.000004 -1.560539 -0.007814 0.786104 0.000000 0.000000
    46 -0.000002 1.580170 0.000030 0.034255 0.000000 0.000000
    47 -0.937645 -3.841165 -0.955411 3.137386 1.001841 2.581100
    48 0.937672 3.860714 0.959333 2.886145 1.001846 2.581100
    49 0.000000 -1.667194 0.000000 0.751463 0.000000 0.000000
    50 -0.000013 1.690666 0.000021 0.491549 0.000000 0.000000
    51 -0.000002 -1.400005 -0.003904 1.020870 0.000000 0.000000
    52 0.000008 1.423420 0.000028 0.234212 0.000000 0.000000
    53 -1.546646 -3.380756 -1.907757 3.117418 0.944156 2.514436
    54 1.546661 3.404217 1.915585 3.024293 0.944156 2.514435
    55 0.000004 -1.414382 0.000000 0.775475 0.000000 0.000000
    56 -0.000021 1.437870 0.000031 0.424957 0.000000 0.000000
    57 -0.000002 -1.035964 -0.003907 0.938765 0.000000 0.000000
    58 0.000006 1.059372 0.000008 0.322075 0.000000 0.000000
    59 -0.000004 -13.013485 -0.000004 0.000000 0.000000 0.000000
    60 0.000000 -10.813480 -0.000004 0.000000 0.000000 0.000000
  time 12
    0 3.357422 4.734375 -15.507813 -1.559898 -0.000007 -0.000009
    1 -45.646316 3.142880 9.240613 -1.912747 0.818835 0.300205
    2 0.000000 14.313023 0.000003 -0.982659 0.000000 0.000000
    3 -0.000011 13.013483 -0.000005 -0.567658 -0.490868 0.818705
    4 13.012504 0.760010 -10.685773 1.488726 -0.105970 -1.105670
    5 0.000000 -14.313034 0.000000 -1.070345 0.000580 -0.000313
    6 -0.000004 -13.013485 -0.000004 0.294467 0.087756 -0.065503
    7 -1.330879 -2.698427 0.462449 -0.194886 -0.547260 3.056712
    8 1.330910 2.698444 -0.462436 0.194890 0.547268 -0.084879
    9 8.476563 4.574219 -4.277344 -0.711699 0.510275 1.094600
    10 3.556210 4.238403 0.987502 -1.090396 0.577049 -0.321829
    11 4.139183 5.092691 1.421975 -1.090396 0.577049 -0.321829
    12 4.777527 6.028128 1.897721 -1.090396 0.577049 -0.321829
    13 5.490345 7.072691 2.428969 -1.090396 0.577049 -0.321829
    14 6.562500 8.648438 3.228516 -1.090396 0.577049 -0.321829
    15 7.558525 6.997282 -2.354134 -1.937336 -0.275393 3.010581
    16 7.558525 6.997282 -2.354134 1.937336 0.275393 -0.131011
    17 -2.867767 -2.740969 0.531125 2.051196 0.577049 -0.321829
    18 4.324081 2.744001 -0.524877 -1.090396 0.577049 -0.321829
    19 5.012512 3.752832 -0.011802 -1.090396 0.577049 -0.321829
    20 5.595486 4.607124 0.422674 -1.090396 0.577049 -0.321829
    21 6.233833 5.542564 0.898426 -1.090396 0.577049 -0.321829
    22 6.946648 6.587124 1.429667 -1.090396 0.577049 -0.321829
    23 7.537933 7.453606 1.870349 -1.090396 0.577049 -0.321829
    24 8.154472 8.357077 2.329839 -1.090396 0.577049 -0.321829
    25 8.874294 9.411907 2.866308 -1.090396 0.577049 -0.321829
    26 -4.125858 -2.321501 1.394414 2.051196 0.577049 -0.321829
    27 -4.826813 -3.348669 0.872014 2.051196 0.577049 -0.321829
    28 -5.441669 -4.249685 0.413772 2.051196 0.577049 -0.321829
    29 -0.552532 -1.343527 1.604446 -1.131258 0.062036 -0.739330
    30 0.552589 1.343534 -1.604463 -1.114994 0.161114 -0.499872
    31 0.000000 -1.931771 0.023434 0.615369 0.000000 0.000000
    32 -0.000021 2.021633 0.000027 0.182215 0.000000 0.000000
    33 -0.000004 -1.042464 0.007809 0.435472 0.000000 0.000000
    34 -0.000011 1.136200 -0.000019 0.220656 0.000000 0.000000
    35 -0.032677 -4.564288 1.356223 2.818225 1.216154 2.484990
    36 0.032719 4.587772 -1.352291 -1.640222 1.283116 -2.138746
    37 0.000000 -1.727191 0.003904 0.427304 0.000000 0.000000
    38 -0.000006 1.754520 -0.000034 0.202297 0.000000 0.000000
    39 0.000000 -1.199676 -0.011721 0.481036 0.000000 0.000000
    40 0.000002 1.227070 0.000032 0.130356 0.000000 0.000000
    41 -0.367996 -4.184968 0.181056 3.051881 1.091688 2.536231
    42 0.368011 4.208412 -0.173239 3.085177 1.100761 2.833692
    43 0.000000 -2.348880 0.003903 0.928204 0.000000 0.000000
    44 -0.000006 2.372318 -0.000032 0.722081 0.000000 0.000000
    45 0.000004 -1.556632 -0.007814 0.801759 0.000000 0.000000
    46 -0.000002 1.580170 0.000030 0.034255 0.000000 0.000000
    47 -0.937645 -3.837259 -0.951504 3.153086 1.001841 2.581100
    48 0.937672 3.860714 0.959333 2.886145 1.001846 2.581100
    49 0.000000 -1.663287 0.000000 0.767120 0.000000 0.000000
    50 -0.000013 1.690666 0.000021 0.491549 0.000000 0.000000
    51 -0.000002 -1.396098 -0.007810 1.036504 0.000000 0.000000
    52 0.000008 1.423420 0.000028 0.234212 0.000000 0.000000
    53 -1.546646 -3.380756 -1.907757 3.133108 0.944156 2.514436
    54 1.546661 3.404217 1.915585 3.024293 0.944156 2.514435
    55 0.000004 -1.410476 0.000000 0.791148 0.000000 0.000000
    56 -0.000021 1.437870 0.000031 0.424957 0.000000 0.000000
    57 -0.000002 -1.032058 0.000000 0.954417 0.000000 0.000000
    58 0.000006 1.059372 0.000008 0.322075 0.000000 0.000000
    59 -0.000004 -13.013485 -0.000004 0.000000 0.000000 0.000000
    60 0.000000 -10.813480 -0.000004 0.000000 0.000000 0.000000
  time 13
    0 3.357422 4.734375 -15.507813 -1.559898 -0.000007 -0.000009
    1 -45.646316 3.142880 9.240613 -1.913392 0.820933 0.299212
    2 0.000000 14.313023 0.000003 -0.982659 0.000000 0.000000
    3 -0.000011 13.013483 -0.000005 -0.575397 -0.480680 0.835575
    4 13.012504 0.760010 -10.681867 1.489204 -0.106349 -1.109597
    5 0.000000 -14.313034 0.000000 -1.070345 0.000580 -0.000313
    6 -0.000004 -13.013485 -0.000004 0.293477 0.086206 -0.073417
    7 -1.330879 -2.698427 0.462449 -0.194886 -0.547260 3.056712
    8 1.330910 2.698444 -0.462436 0.194890 0.547268 -0.084879
    9 8.476563 4.574219 -4.277344 -0.711699 0.510275 1.094600
    10 3.556210 4.238403 0.987502 -1.090396 0.577049 -0.321829
    11 4.139183 5.092691 1.421975 -1.090396 0.577049 -0.321829
    12 4.777527 6.028128 1.897721 -1.090396 0.577049 -0.321829
    13 5.490345 7.072691 2.428969 -1.090396 0.577049 -0.321829
    14 6.562500 8.648438 3.228516 -1.090396 0.577049 -0.321829
    15 7.558525 6.997282 -2.354134 -1.937336 -0.275393 3.010581
    16 7.558525 6.997282 -2.354134 1.937336 0.275393 -0.131011
    17 -2.867767 -2.740969 0.531125 2.051196 0.577049 -0.321829
    18 4.324081 2.744001 -0.524877 -1.090396 0.577049 -0.321829
    19 5.012512 3.752832 -0.011802 -1.090396 0.577049 -0.321829
    20 5.595486 4.607124 0.422674 -1.090396 0.577049 -0.321829
    21 6.233833 5.542564 0.898426 -1.090396 0.577049 -0.321829
    22 6.946648 6.587124 1.429667 -1.090396 0.577049 -0.321829
    23 7.537933 7.453606 1.870349 -1.090396 0.577049 -0.321829
    24 8.154472 8.357077 2.329839 -1.090396 0.577049 -0.321829
    25 8.874294 9.411907 2.866308 -1.090396 0.577049 -0.321829
    26 -4.125858 -2.321501 1.394414 2.051196 0.577049 -0.321829
    27 -4.826813 -3.348669 0.872014 2.051196 0.577049 -0.321829
    28 -5.441669 -4.249685 0.413772 2.051196 0.577049 -0.321829
    29 -0.552532 -1.343527 1.604446 -1.131258 0.062036 -0.739330
    30 0.552589 1.343534 -1.604463 -1.114994 0.161114 -0.499872
    31 0.000000 -1.931771 0.023434 0.641883 0.000000 0.000000
    32 -0.000021 2.021633 0.000027 0.182215 0.000000 0.000000
    33 -0.000004 -1.038558 0.007809 0.461986 0.000000 0.000000
    34 -0.000011 1.136200 -0.000019 0.220656 0.000000 0.000000
    35 -0.032677 -4.560382 1.360130 2.833244 1.216154 2.484990
    36 0.032719 4.587772 -1.352291 -1.640222 1.283116 -2.138746
    37 0.000000 -1.723285 0.003904 0.442387 0.000000 0.000000
    38 -0.000006 1.754520 -0.000034 0.202297 0.000000 0.000000
    39 0.000000 -1.199676 -0.007814 0.496150 0.000000 0.000000
    40 0.000002 1.227070 0.000032 0.130356 0.000000 0.000000
    41 -0.367996 -4.181062 0.177150 3.066880 1.091688 2.536231
    42 0.368011 4.208412 -0.173239 3.085177 1.100761 2.833692
    43 0.000000 -2.344974 0.003903 0.943241 0.000000 0.000000
    44 -0.000006 2.372318 -0.000032 0.722081 0.000000 0.000000
    45 0.000004 -1.556632 -0.007814 0.816847 0.000000 0.000000
    46 -0.000002 1.580170 0.000030 0.034255 0.000000 0.000000
    47 -0.937645 -3.829446 -0.951504 3.168136 1.001841 2.581100
    48 0.937672 3.860714 0.959333 2.886145 1.001846 2.581100
    49 0.000000 -1.659381 0.000000 0.782198 0.000000 0.000000
    50 -0.000013 1.690666 0.000021 0.491549 0.000000 0.000000
    51 -0.000002 -1.392192 -0.007810 1.051593 0.000000 0.000000
    52 0.000008 1.423420 0.000028 0.234212 0.000000 0.000000
    53 -1.546646 -3.372943 -1.907757 3.148244 0.944156 2.514436
    54 1.546661 3.404217 1.915585 3.024293 0.944156 2.514435
    55 0.000004 -1.406569 0.000000 0.806302 0.000000 0.000000
    56 -0.000021 1.437870 0.000031 0.424957 0.000000 0.000000
    57 -0.000002 -1.028152 0.000000 0.969510 0.000000 0.000000
    58 0.000006 1.059372 0.000008 0.322075 0.000000 0.000000
    59 -0.000004 -13.013485 -0.000004 0.000000 0.000000 0.000000
    60 0.000000 -10.813480 -0.000004 0.000000 0.000000 0.000000
  time 14
    0 3.357422 4.734375 -15.507813 -1.559898 -0.000007 -0.000009
    1 -45.646316 3.142880 9.240613 -1.913945 0.822268 0.298525
    2 0.000000 14.313023 0.000003 -0.982659 0.000000 0.000000
    3 -0.000011 13.013483 -0.000005 -0.582659 -0.471199 0.851583
    4 13.012504 0.760010 -10.681867 1.489396 -0.106576 -1.112087
    5 0.000000 -14.313034 0.000000 -1.070345 0.000580 -0.000313
    6 -0.000004 -13.013485 -0.000004 0.292486 0.084655 -0.081426
    7 -1.330879 -2.698427 0.462449 -0.194886 -0.547260 3.056712
    8 1.330910 2.698444 -0.462436 0.194890 0.547268 -0.084879
    9 8.476563 4.574219 -4.277344 -0.711699 0.510275 1.094600
    10 3.556210 4.238403 0.987502 -1.090396 0.577049 -0.321829
    11 4.139183 5.092691 1.421975 -1.090396 0.577049 -0.321829
    12 4.777527 6.028128 1.897721 -1.090396 0.577049 -0.321829
    13 5.490345 7.072691 2.428969 -1.090396 0.577049 -0.321829
    14 6.562500 8.648438 3.228516 -1.090396 0.577049 -0.321829
    15 7.558525 6.997282 -2.354134 -1.937336 -0.275393 3.010581
    16 7.558525 6.997282 -2.354134 1.937336 0.275393 -0.131011
    17 -2.867767 -2.740969 0.531125 2.051196 0.577049 -0.321829
    18 4.324081 2.744001 -0.524877 -1.090396 0.577049 -0.321829
    19 5.012512 3.752832 -0.011802 -1.090396 0.577049 -0.321829
    20 5.595486 4.607124 0.422674 -1.090396 0.577049 -0.321829
    21 6.233833 5.542564 0.898426 -1.090396 0.577049 -0.321829
    22 6.946648 6.587124 1.429667 -1.090396 0.577049 -0.321829
    23 7.537933 7.453606 1.870349 -1.090396 0.577049 -0.321829
    24 8.154472 8.357077 2.329839 -1.090396 0.577049 -0.321829
    25 8.874294 9.411907 2.866308 -1.090396 0.577049 -0.321829
    26 -4.125858 -2.321501 1.394414 2.051196 0.577049 -0.321829
    27 -4.826813 -3.348669 0.872014 2.051196 0.577049 -0.321829
    28 -5.441669 -4.249685 0.413772 2.051196 0.577049 -0.321829
    29 -0.552532 -1.343527 1.604446 -1.131258 0.062036 -0.739330
    30 0.552589 1.343534 -1.604463 -1.114994 0.161114 -0.499872
    31 0.000000 -1.927865 0.027341 0.659075 0.000000 0.000000
    32 -0.000021 2.021633 0.000027 0.182215 0.000000 0.000000
    33 -0.000004 -1.034652 0.007809 0.479144 0.000000 0.000000
    34 -0.000011 1.136200 -0.000019 0.220656 0.000000 0.000000
    35 -0.032677 -4.552569 1.360130 2.847307 1.216154 2.484990
    36 0.032719 4.587772 -1.352291 -1.640222 1.283116 -2.138746
    37 0.000000 -1.719378 0.003904 0.456613 0.000000 0.000000
    38 -0.000006 1.754520 -0.000034 0.202297 0.000000 0.000000
    39 0.000000 -1.195769 -0.007814 0.510298 0.000000 0.000000
    40 0.000002 1.227070 0.000032 0.130356 0.000000 0.000000
    41 -0.367996 -4.177155 0.177150 3.081161 1.091688 2.536231
    42 0.368011 4.208412 -0.173239 3.085177 1.100761 2.833692
    43 0.000000 -2.341067 0.007809 0.957471 0.000000 0.000000
    44 -0.000006 2.372318 -0.000032 0.722081 0.000000 0.000000
    45 0.000004 -1.552726 -0.015626 0.831060 0.000000 0.000000
    46 -0.000002 1.580170 0.000030 0.034255 0.000000 0.000000
    47 -0.937645 -3.825539 -0.955411 3.182350 1.001841 2.581100
    48 0.937672 3.860714 0.959333 2.886145 1.001846 2.581100
    49 0.000000 -1.655475 0.000000 0.796389 0.000000 0.000000
    50 -0.000013 1.690666 0.000021 0.491549 0.000000 0.000000
    51 -0.000002 -1.388286 -0.007810 1.065865 0.000000 0.000000
    52 0.000008 1.423420 0.000028 0.234212 0.000000 0.000000
    53 -1.546646 -3.376849 -1.903850 3.162365 0.944156 2.514436
    54 1.546661 3.404217 1.915585 3.024293 0.944156 2.514435
    55 0.000004 -1.402663 0.000000 0.820464 0.000000 0.000000
    56 -0.000021 1.437870 0.000031 0.424957 0.000000 0.000000
    57 -0.000002 -1.024245 0.000000 0.983765 0.000000 0.000000
    58 0.000006 1.059372 0.000008 0.322075 0.000000 0.000000
    59 -0.000004 -13.013485 -0.000004 0.000000 0.000000 0.000000
    60 0.000000 -10.813480 -0.000004 0.000000 0.000000 0.000000
  time 15
    0 3.357422 4.734375 -15.507813 -1.559898 -0.000007 -0.000009
    1 -45.646316 3.142880 9.240613 -1.913945 0.822316 0.298525
    2 0.000000 14.313023 0.000003 -0.982659 0.000000 0.000000
    3 -0.000011 13.013483 -0.000005 -0.588679 -0.463322 0.864907
    4 13.012504 0.760010 -10.681867 1.489588 -0.106652 -1.113044
    5 0.000000 -14.313034 0.000000 -1.070345 0.000580 -0.000313
    6 -0.000004 -13.013485 -0.000004 0.291495 0.083150 -0.088577
    7 -1.330879 -2.698427 0.462449 -0.194886 -0.547260 3.056712
    8 1.330910 2.698444 -0.462436 0.194890 0.547268 -0.084879
    9 8.476563 4.574219 -4.277344 -0.711699 0.510275 1.094600
    10 3.556210 4.238403 0.987502 -1.090396 0.577049 -0.321829
    11 4.139183 5.092691 1.421975 -1.090396 0.577049 -0.321829
    12 4.777527 6.028128 1.897721 -1.090396 0.577049 -0.321829
    13 5.490345 7.072691 2.428969 -1.090396 0.577049 -0.321829
    14 6.562500 8.648438 3.228516 -1.090396 0.577049 -0.321829
    15 7.558525 6.997282 -2.354134 -1.937336 -0.275393 3.010581
    16 7.558525 6.997282 -2.354134 1.937336 0.275393 -0.131011
    17 -2.867767 -2.740969 0.531125 2.051196 0.577049 -0.321829
    18 4.324081 2.744001 -0.524877 -1.090396 0.577049 -0.321829
    19 5.012512 3.752832 -0.011802 -1.090396 0.577049 -0.321829
    20 5.595486 4.607124 0.422674 -1.090396 0.577049 -0.321829
    21 6.233833 5.542564 0.898426 -1.090396 0.577049 -0.321829
    22 6.946648 6.587124 1.429667 -1.090396 0.577049 -0.321829
    23 7.537933 7.453606 1.870349 -1.090396 0.577049 -0.321829
    24 8.154472 8.357077 2.329839 -1.090396 0.577049 -0.321829
    25 8.874294 9.411907 2.866308 -1.090396 0.577049 -0.321829
    26 -4.125858 -2.321501 1.394414 2.051196 0.577049 -0.321829
    27 -4.826813 -3.348669 0.872014 2.051196 0.577049 -0.321829
    28 -5.441669 -4.249685 0.413772 2.051196 0.577049 -0.321829
    29 -0.552532 -1.343527 1.604446 -1.131258 0.062036 -0.739330
    30 0.552589 1.343534 -1.604463 -1.114994 0.161114 -0.499872
    31 0.000000 -1.923959 0.027341 0.665241 0.000000 0.000000
    32 -0.000021 2.021633 0.000027 0.182215 0.000000 0.000000
    33 -0.000004 -1.034652 0.007809 0.485363 0.000000 0.000000
    34 -0.000011 1.136200 -0.000019 0.220656 0.000000 0.000000
    35 -0.032677 -4.548663 1.360130 2.860329 1.216154 2.484990
    36 0.032719 4.587772 -1.352291 -1.640222 1.283116 -2.138746
    37 0.000000 -1.715472 0.003904 0.469583 0.000000 0.000000
    38 -0.000006 1.754520 -0.000034 0.202297 0.000000 0.000000
    39 0.000000 -1.191863 -0.015627 0.523287 0.000000 0.000000
    40 0.000002 1.227070 0.000032 0.130356 0.000000 0.000000
    41 -0.367996 -4.177155 0.181056 3.094094 1.091688 2.536231
    42 0.368011 4.208412 -0.173239 3.085177 1.100761 2.833692
    43 0.000000 -2.337161 0.007809 0.970452 0.000000 0.000000
    44 -0.000006 2.372318 -0.000032 0.722081 0.000000 0.000000
    45 0.000004 -1.548820 -0.011720 0.844037 0.000000 0.000000
    46 -0.000002 1.580170 0.000030 0.034255 0.000000 0.000000
    47 -0.937645 -3.825539 -0.947598 3.195357 1.001841 2.581100
    48 0.937672 3.860714 0.959333 2.886145 1.001846 2.581100
    49 0.000000 -1.651568 0.000000 0.809385 0.000000 0.000000
    50 -0.000013 1.690666 0.000021 0.491549 0.000000 0.000000
    51 -0.000002 -1.384379 -0.007810 1.078830 0.000000 0.000000
    52 0.000008 1.423420 0.000028 0.234212 0.000000 0.000000
    53 -1.546646 -3.372943 -1.903850 3.175379 0.944156 2.514436
    54 1.546661 3.404217 1.915585 3.024293 0.944156 2.514435
    55 0.000004 -1.398757 0.000000 0.833446 0.000000 0.000000
    56 -0.000021 1.437870 0.000031 0.424957 0.000000 0.000000
    57 -0.000002 -1.020339 0.000000 0.996734 0.000000 0.000000
    58 0.000006 1.059372 0.000008 0.322075 0.000000 0.000000
    59 -0.000004 -13.013485 -0.000004 0.000000 0.000000 0.000000
    60 0.000000 -10.813480 -0.000004 0.000000 0.000000 0.000000
  time 16
    0 3.357422 4.734375 -15.507813 -1.559898 -0.000007 -0.000009
    1 -45.646316 3.142880 9.240613 -1.913669 0.821362 0.298983
    2 0.000000 14.313023 0.000003 -0.982659 0.000000 0.000000
    3 -0.000011 13.013483 -0.000005 -0.594220 -0.456105 0.877177
    4 13.012504 0.760010 -10.681867 1.489396 -0.106576 -1.112087
    5 0.000000 -14.313034 0.000000 -1.070345 0.000580 -0.000313
    6 -0.000004 -13.013485 -0.000004 0.290414 0.081599 -0.096491
    7 -1.330879 -2.698427 0.462449 -0.194886 -0.547260 3.056712
    8 1.330910 2.698444 -0.462436 0.194890 0.547268 -0.084879
    9 8.476563 4.574219 -4.277344 -0.711699 0.510275 1.094600
    10 3.556210 4.238403 0.987502 -1.090396 0.577049 -0.321829
    11 4.139183 5.092691 1.421975 -1.090396 0.577049 -0.321829
    12 4.777527 6.028128 1.897721 -1.090396 0.577049 -0.321829
    13 5.490345 7.072691 2.428969 -1.090396 0.577049 -0.321829
    14 6.562500 8.648438 3.228516 -1.090396 0.577049 -0.321829
    15 7.558525 6.997282 -2.354134 -1.937336 -0.275393 3.010581
    16 7.558525 6.997282 -2.354134 1.937336 0.275393 -0.131011
    17 -2.867767 -2.740969 0.531125 2.051196 0.577049 -0.321829
    18 4.324081 2.744001 -0.524877 -1.090396 0.577049 -0.321829
    19 5.012512 3.752832 -0.011802 -1.090396 0.577049 -0.321829
    20 5.595486 4.607124 0.422674 -1.090396 0.577049 -0.321829
    21 6.233833 5.542564 0.898426 -1.090396 0.577049 -0.321829
    22 6.946648 6.587124 1.429667 -1.090396 0.577049 -0.321829
    23 7.537933 7.453606 1.870349 -1.090396 0.577049 -0.321829
    24 8.154472 8.357077 2.329839 -1.090396 0.577049 -0.321829
    25 8.874294 9.411907 2.866308 -1.090396 0.577049 -0.321829
    26 -4.125858 -2.321501 1.394414 2.051196 0.577049 -0.321829
    27 -4.826813 -3.348669 0.872014 2.051196 0.577049 -0.321829
    28 -5.441669 -4.249685 0.413772 2.051196 0.577049 -0.321829
    29 -0.552532 -1.343527 1.604446 -1.131258 0.062036 -0.739330
    30 0.552589 1.343534 -1.604463 -1.114994 0.161114 -0.499872
    31 0.000000 -1.927865 0.027341 0.659054 0.000000 0.000000
    32 -0.000021 2.021633 0.000027 0.182215 0.000000 0.000000
    33 -0.000004 -1.034652 0.007809 0.479144 0.000000 0.000000
    34 -0.000011 1.136200 -0.000019 0.220656 0.000000 0.000000
    35 -0.032677 -4.548663 1.360130 2.873699 1.216154 2.484990
    36 0.032719 4.587772 -1.352291 -1.640222 1.283116 -2.138746
    37 0.000000 -1.711566 0.003904 0.482980 0.000000 0.000000
    38 -0.000006 1.754520 -0.000034 0.202297 0.000000 0.000000
    39 0.000000 -1.187957 -0.011721 0.536711 0.000000 0.000000
    40 0.000002 1.227070 0.000032 0.130356 0.000000 0.000000
    41 -0.367996 -4.173249 0.184963 3.107566 1.091688 2.536231
    42 0.368011 4.208412 -0.173239 3.085177 1.100761 2.833692
    43 0.000000 -2.333255 0.007809 0.983836 0.000000 0.000000
    44 -0.000006 2.372318 -0.000032 0.722081 0.000000 0.000000
    45 0.000004 -1.544913 -0.015626 0.857452 0.000000 0.000000
    46 -0.000002 1.580170 0.000030 0.034255 0.000000 0.000000
    47 -0.937645 -3.821633 -0.947598 3.208734 1.001841 2.581100
    48 0.937672 3.860714 0.959333 2.886145 1.001846 2.581100
    49 0.000000 -1.647662 0.000000 0.822766 0.000000 0.000000
    50 -0.000013 1.690666 0.000021 0.491549 0.000000 0.000000
    51 -0.000002 -1.384379 -0.007810 1.092285 0.000000 0.000000
    52 0.000008 1.423420 0.000028 0.234212 0.000000 0.000000
    53 -1.546646 -3.365130 -1.903850 3.188854 0.944156 2.514436
    54 1.546661 3.404217 1.915585 3.024293 0.944156 2.514435
    55 0.000004 -1.394850 0.000000 0.846853 0.000000 0.000000
    56 -0.000021 1.437870 0.000031 0.424957 0.000000 0.000000
    57 -0.000002 -1.016432 0.000000 1.010150 0.000000 0.000000
    58 0.000006 1.059372 0.000008 0.322075 0.000000 0.000000
    59 -0.000004 -13.013485 -0.000004 0.000000 0.000000 0.000000
    60 0.000000 -10.813480 -0.000004 0.000000 0.000000 0.000000
  time 17
    0 3.357422 4.734375 -15.507813 -1.559898 -0.000007 -0.000009
    1 -45.646316 3.142880 9.236707 -1.913300 0.820504 0.299441
    2 0.000000 14.313023 0.000003 -0.982659 0.000000 0.000000
    3 -0.000011 13.013483 -0.000005 -0.600145 -0.448370 0.890117
    4 13.012504 0.760010 -10.685773 1.489204 -0.106349 -1.109597
    5 0.000000 -14.313034 0.000000 -1.070345 0.000580 -0.000313
    6 -0.000004 -13.013485 -0.000004 0.289063 0.079592 -0.106788
    7 -1.330879 -2.698427 0.462449 -0.194886 -0.547260 3.056712
    8 1.330910 2.698444 -0.462436 0.194890 0.547268 -0.084879
    9 8.476563 4.574219 -4.277344 -0.711699 0.510275 1.094600
    10 3.556210 4.238403 0.987502 -1.090396 0.577049 -0.321829
    11 4.139183 5.092691 1.421975 -1.090396 0.577049 -0.321829
    12 4.777527 6.028128 1.897721 -1.090396 0.577049 -0.321829
    13 5.490345 7.072691 2.428969 -1.090396 0.577049 -0.321829
    14 6.562500 8.648438 3.228516 -1.090396 0.577049 -0.321829
    15 7.558525 6.997282 -2.354134 -1.937336 -0.275393 3.010581
    16 7.558525 6.997282 -2.354134 1.937336 0.275393 -0.131011
    17 -2.867767 -2.740969 0.531125 2.051196 0.577049 -0.321829
    18 4.324081 2.744001 -0.524877 -1.090396 0.577049 -0.321829
    19 5.012512 3.752832 -0.011802 -1.090396 0.577049 -0.321829
    20 5.595486 4.607124 0.422674 -1.090396 0.577049 -0.321829
    21 6.233833 5.542564 0.898426 -1.090396 0.577049 -0.321829
    22 6.946648 6.587124 1.429667 -1.090396 0.577049 -0.321829
    23 7.537933 7.453606 1.870349 -1.090396 0.577049 -0.321829
    24 8.154472 8.357077 2.329839 -1.090396 0.577049 -0.321829
    25 8.874294 9.411907 2.866308 -1.090396 0.577049 -0.321829
    26 -4.125858 -2.321501 1.394414 2.051196 0.577049 -0.321829
    27 -4.826813 -3.348669 0.872014 2.051196 0.577049 -0.321829
    28 -5.441669 -4.249685 0.413772 2.051196 0.577049 -0.321829
    29 -0.552532 -1.343527 1.604446 -1.131258 0.062036 -0.739330
    30 0.552589 1.343534 -1.604463 -1.114994 0.161114 -0.499872
    31 0.000000 -1.931771 0.023434 0.641883 0.000000 0.000000
    32 -0.000021 2.021633 0.000027 0.182215 0.000000 0.000000
    33 -0.000004 -1.038558 0.007809 0.461986 0.000000 0.000000
    34 -0.000011 1.136200 -0.000019 0.220656 0.000000 0.000000
    35 -0.032677 -4.548663 1.364036 2.886460 1.216154 2.484990
    36 0.032719 4.587772 -1.352291 -1.640222 1.283116 -2.138746
    37 0.000000 -1.707659 0.003904 0.495762 0.000000 0.000000
    38 -0.000006 1.754520 -0.000034 0.202297 0.000000 0.000000
    39 0.000000 -1.184050 -0.015627 0.549459 0.000000 0.000000
    40 0.000002 1.227070 0.000032 0.130356 0.000000 0.000000
    41 -0.367996 -4.169343 0.184963 3.120230 1.091688 2.536231
    42 0.368011 4.208412 -0.173239 3.085177 1.100761 2.833692
    43 0.000000 -2.333255 0.007809 0.996616 0.000000 0.000000
    44 -0.000006 2.372318 -0.000032 0.722081 0.000000 0.000000
    45 0.000004 -1.544913 -0.019533 0.870198 0.000000 0.000000
    46 -0.000002 1.580170 0.000030 0.034255 0.000000 0.000000
    47 -0.937645 -3.821633 -0.947598 3.221462 1.001841 2.581100
    48 0.937672 3.860714 0.959333 2.886145 1.001846 2.581100
    49 0.000000 -1.643755 0.000000 0.835569 0.000000 0.000000
    50 -0.000013 1.690666 0.000021 0.491549 0.000000 0.000000
    51 -0.000002 -1.380473 -0.011717 1.105032 0.000000 0.000000
    52 0.000008 1.423420 0.000028 0.234212 0.000000 0.000000
    53 -1.546646 -3.365130 -1.899944 3.201498 0.944156 2.514436
    54 1.546661 3.404217 1.915585 3.024293 0.944156 2.514435
    55 0.000004 -1.394850 0.000000 0.859647 0.000000 0.000000
    56 -0.000021 1.437870 0.000031 0.424957 0.000000 0.000000
    57 -0.000002 -1.016432 -0.003907 1.022867 0.000000 0.000000
    58 0.000006 1.059372 0.000008 0.322075 0.000000 0.000000
    59 -0.000004 -13.013485 -0.000004 0.000000 0.000000 0.000000
    60 0.000000 -10.813480 -0.000004 0.000000 0.000000 0.000000
  time 18
    0 3.357422 4.734375 -15.507813 -1.559898 -0.000007 -0.000009
    1 -45.646316 3.142880 9.236707 -1.912747 0.818739 0.300282
    2 0.000000 14.313023 0.000003 -0.982659 0.000000 0.000000
    3 -0.000011 13.013483 -0.000005 -0.606164 -0.440493 0.903345
    4 13.012504 0.760010 -10.685773 1.488726 -0.105970 -1.105670
    5 0.000000 -14.313034 0.000000 -1.070345 0.000580 -0.000313
    6 -0.000004 -13.013485 -0.000004 0.287531 0.077403 -0.117753
    7 -1.330879 -2.698427 0.462449 -0.194886 -0.547260 3.056712
    8 1.330910 2.698444 -0.462436 0.194890 0.547268 -0.084879
    9 8.476563 4.574219 -4.277344 -0.711699 0.510275 1.094600
    10 3.556210 4.238403 0.987502 -1.090396 0.577049 -0.321829
    11 4.139183 5.092691 1.421975 -1.090396 0.577049 -0.321829
    12 4.777527 6.028128 1.897721 -1.090396 0.577049 -0.321829
    13 5.490345 7.072691 2.428969 -1.090396 0.577049 -0.321829
    14 6.562500 8.648438 3.228516 -1.090396 0.577049 -0.321829
    15 7.558525 6.997282 -2.354134 -1.937336 -0.275393 3.010581
    16 7.558525 6.997282 -2.354134 1.937336 0.275393 -0.131011
    17 -2.867767 -2.740969 0.531125 2.051196 0.577049 -0.321829
    18 4.324081 2.744001 -0.524877 -1.090396 0.577049 -0.321829
    19 5.012512 3.752832 -0.011802 -1.090396 0.577049 -0.321829
    20 5.595486 4.607124 0.422674 -1.090396 0.577049 -0.321829
    21 6.233833 5.542564 0.898426 -1.090396 0.577049 -0.321829
    22 6.946648 6.587124 1.429667 -1.090396 0.577049 -0.321829
    23 7.537933 7.453606 1.870349 -1.090396 0.577049 -0.321829
    24 8.154472 8.357077 2.329839 -1.090396 0.577049 -0.321829
    25 8.874294 9.411907 2.866308 -1.090396 0.577049 -0.321829
    26 -4.125858 -2.321501 1.394414 2.051196 0.577049 -0.321829
    27 -4.826813 -3.348669 0.872014 2.051196 0.577049 -0.321829
    28 -5.441669 -4.249685 0.413772 2.051196 0.577049 -0.321829
    29 -0.552532 -1.343527 1.604446 -1.131258 0.062036 -0.739330
    30 0.552589 1.343534 -1.604463 -1.114994 0.161114 -0.499872
    31 0.000000 -1.931771 0.023434 0.615369 0.000000 0.000000
    32 -0.000021 2.021633 0.000027 0.182215 0.000000 0.000000
    33 -0.000004 -1.046371 0.007809 0.435472 0.000000 0.000000
    34 -0.000011 1.136200 -0.000019 0.220656 0.000000 0.000000
    35 -0.036583 -4.544757 1.364036 2.894187 1.216154 2.484990
    36 0.032719 4.587772 -1.352291 -1.640222 1.283116 -2.138746
    37 0.000000 -1.707659 0.007811 0.503517 0.000000 0.000000
    38 -0.000006 1.754520 -0.000034 0.202297 0.000000 0.000000
    39 0.000000 -1.184050 -0.015627 0.557185 0.000000 0.000000
    40 0.000002 1.227070 0.000032 0.130356 0.000000 0.000000
    41 -0.367996 -4.165436 0.184963 3.128044 1.091688 2.536231
    42 0.368011 4.208412 -0.173239 3.085177 1.100761 2.833692
    43 0.000000 -2.329348 0.007809 1.004356 0.000000 0.000000
    44 -0.000006 2.372318 -0.000032 0.722081 0.000000 0.000000
    45 0.000004 -1.541007 -0.015626 0.877948 0.000000 0.000000
    46 -0.000002 1.580170 0.000030 0.034255 0.000000 0.000000
    47 -0.937645 -3.817727 -0.947598 3.229266 1.001841 2.581100
    48 0.937672 3.860714 0.959333 2.886145 1.001846 2.581100
    49 0.000000 -1.639849 0.000000 0.843281 0.000000 0.000000
    50 -0.000013 1.690666 0.000021 0.491549 0.000000 0.000000
    51 -0.000002 -1.376566 -0.011717 1.112713 0.000000 0.000000
    52 0.000008 1.423420 0.000028 0.234212 0.000000 0.000000
    53 -1.546646 -3.361224 -1.899944 3.209343 0.944156 2.514436
    54 1.546661 3.404217 1.915585 3.024293 0.944156 2.514435
    55 0.000004 -1.390944 0.000000 0.867389 0.000000 0.000000
    56 -0.000021 1.437870 0.000031 0.424957 0.000000 0.000000
    57 -0.000002 -1.012526 -0.007813 1.030609 0.000000 0.000000
    58 0.000006 1.059372 0.000008 0.322075 0.000000 0.000000
    59 -0.000004 -13.013485 -0.000004 0.000000 0.000000 0.000000
    60 0.000000 -10.813480 -0.000004 0.000000 0.000000 0.000000
  time 19
    0 3.357422 4.734375 -15.507813 -1.559898 -0.000007 -0.000009
    1 -45.646316 3.142880 9.236707 -1.911733 0.816212 0.301580
    2 0.000000 14.313023 0.000003 -0.982659 0.000000 0.000000
    3 -0.000011 13.013483 -0.000005 -0.611802 -0.433088 0.915903
    4 13.008598 0.756104 -10.689680 1.488055 -0.105591 -1.100498
    5 0.000000 -14.313034 0.000000 -1.070345 0.000580 -0.000313
    6 -0.000004 -13.013485 -0.000004 0.286180 0.075305 -0.128146
    7 -1.330879 -2.698427 0.462449 -0.194886 -0.547260 3.056712
    8 1.330910 2.698444 -0.462436 0.194890 0.547268 -0.084879
    9 8.476563 4.574219 -4.277344 -0.711699 0.510275 1.094600
    10 3.556210 4.238403 0.987502 -1.090396 0.577049 -0.321829
    11 4.139183 5.092691 1.421975 -1.090396 0.577049 -0.321829
    12 4.777527 6.028128 1.897721 -1.090396 0.577049 -0.321829
    13 5.490345 7.072691 2.428969 -1.090396 0.577049 -0.321829
    14 6.562500 8.648438 3.228516 -1.090396 0.577049 -0.321829
    15 7.558525 6.997282 -2.354134 -1.937336 -0.275393 3.010581
    16 7.558525 6.997282 -2.354134 1.937336 0.275393 -0.131011
    17 -2.867767 -2.740969 0.531125 2.051196 0.577049 -0.321829
    18 4.324081 2.744001 -0.524877 -1.090396 0.577049 -0.321829
    19 5.012512 3.752832 -0.011802 -1.090396 0.577049 -0.321829
    20 5.595486 4.607124 0.422674 -1.090396 0.577049 -0.321829
    21 6.233833 5.542564 0.898426 -1.090396 0.577049 -0.321829
    22 6.946648 6.587124 1.429667 -1.090396 0.577049 -0.321829
    23 7.537933 7.453606 1.870349 -1.090396 0.577049 -0.321829
    24 8.154472 8.357077 2.329839 -1.090396 0.577049 -0.321829
    25 8.874294 9.411907 2.866308 -1.090396 0.577049 -0.321829
    26 -4.125858 -2.321501 1.394414 2.051196 0.577049 -0.321829
    27 -4.826813 -3.348669 0.872014 2.051196 0.577049 -0.321829
    28 -5.441669 -4.249685 0.413772 2.051196 0.577049 -0.321829
    29 -0.552532 -1.343527 1.604446 -1.131258 0.062036 -0.739330
    30 0.552589 1.343534 -1.604463 -1.114994 0.161114 -0.499872
    31 0.000000 -1.947397 0.019528 0.581174 0.000000 0.000000
    32 -0.000021 2.021633 0.000027 0.182215 0.000000 0.000000
    33 -0.000004 -1.054183 0.007809 0.401268 0.000000 0.000000
    34 -0.000011 1.136200 -0.000019 0.220656 0.000000 0.000000
    35 -0.032677 -4.540850 1.364036 2.892537 1.216154 2.484990
    36 0.032719 4.587772 -1.352291 -1.640222 1.283116 -2.138746
    37 0.000000 -1.707659 0.007811 0.501859 0.000000 0.000000
    38 -0.000006 1.754520 -0.000034 0.202297 0.000000 0.000000
    39 0.000000 -1.184050 -0.015627 0.555543 0.000000 0.000000
    40 0.000002 1.227070 0.000032 0.130356 0.000000 0.000000
    41 -0.367996 -4.165436 0.184963 3.126337 1.091688 2.536231
    42 0.368011 4.208412 -0.173239 3.085177 1.100761 2.833692
    43 0.000000 -2.329348 0.007809 1.002663 0.000000 0.000000
    44 -0.000006 2.372318 -0.000032 0.722081 0.000000 0.000000
    45 0.000004 -1.541007 -0.019533 0.876249 0.000000 0.000000
    46 -0.000002 1.580170 0.000030 0.034255 0.000000 0.000000
    47 -0.937645 -3.817727 -0.947598 3.227594 1.001841 2.581100
    48 0.937672 3.860714 0.959333 2.886145 1.001846 2.581100
    49 0.000000 -1.639849 0.000000 0.841662 0.000000 0.000000
    50 -0.000013 1.690666 0.000021 0.491549 0.000000 0.000000
    51 -0.000002 -1.376566 -0.011717 1.111133 0.000000 0.000000
    52 0.000008 1.423420 0.000028 0.234212 0.000000 0.000000
    53 -1.546646 -3.357317 -1.899944 3.207682 0.944156 2.514436
    54 1.546661 3.404217 1.915585 3.024293 0.944156 2.514435
    55 0.000004 -1.390944 0.000000 0.865689 0.000000 0.000000
    56 -0.000021 1.437870 0.000031 0.424957 0.000000 0.000000
    57 -0.000002 -1.012526 -0.003907 1.028960 0.000000 0.000000
    58 0.000006 1.059372 0.000008 0.322075 0.000000 0.000000
    59 -0.000004 -13.013485 -0.000004 0.000000 0.000000 0.000000
    60 0.000000 -10.813480 -0.000004 0.000000 0.000000 0.000000
  time 20
    0 3.357422 4.734375 -15.507813 -1.559898 -0.000007 -0.000009
    1 -45.646316 3.142880 9.236707 -1.910536 0.812826 0.303337
    2 0.000000 14.313023 0.000003 -0.982659 0.000000 0.000000
    3 -0.000011 13.013483 -0.000005 -0.616770 -0.426626 0.926830
    4 13.008598 0.756104 -10.689680 1.487385 -0.105098 -1.094561
    5 0.000000 -14.313034 0.000000 -1.070345 0.000580 -0.000313
    6 -0.000004 -13.013485 -0.000004 0.285009 0.073617 -0.136631
    7 -1.330879 -2.698427 0.462449 -0.194886 -0.547260 3.056712
    8 1.330910 2.698444 -0.462436 0.194890 0.547268 -0.084879
    9 8.476563 4.574219 -4.277344 -0.711699 0.510275 1.094600
    10 3.556210 4.238403 0.987502 -1.090396 0.577049 -0.321829
    11 4.139183 5.092691 1.421975 -1.090396 0.577049 -0.321829
    12 4.777527 6.028128 1.897721 -1.090396 0.577049 -0.321829
    13 5.490345 7.072691 2.428969 -1.090396 0.577049 -0.321829
    14 6.562500 8.648438 3.228516 -1.090396 0.577049 -0.321829
    15 7.558525 6.997282 -2.354134 -1.937336 -0.275393 3.010581
    16 7.558525 6.997282 -2.354134 1.937336 0.275393 -0.131011
    17 -2.867767 -2.740969 0.531125 2.051196 0.577049 -0.321829
    18 4.324081 2.744001 -0.524877 -1.090396 0.577049 -0.321829
    19 5.012512 3.752832 -0.011802 -1.090396 0.577049 -0.321829
    20 5.595486 4.607124 0.422674 -1.090396 0.577049 -0.321829
    21 6.233833 5.542564 0.898426 -1.090396 0.577049 -0.321829
    22 6.946648 6.587124 1.429667 -1.090396 0.577049 -0.321829
    23 7.537933 7.453606 1.870349 -1.090396 0.577049 -0.321829
    24 8.154472 8.357077 2.329839 -1.090396 0.577049 -0.321829
    25 8.874294 9.411907 2.866308 -1.090396 0.577049 -0.321829
    26 -4.125858 -2.321501 1.394414 2.051196 0.577049 -0.321829
    27 -4.826813 -3.348669 0.872014 2.051196 0.577049 -0.321829
    28 -5.441669 -4.249685 0.413772 2.051196 0.577049 -0.321829
    29 -0.552532 -1.343527 1.604446 -1.131258 0.062036 -0.739330
    30 0.552589 1.343534 -1.604463 -1.114994 0.161114 -0.499872
    31 0.000000 -1.955210 0.019528 0.541130 0.000000 0.000000
    32 -0.000021 2.021633 0.000027 0.182215 0.000000 0.000000
    33 -0.000004 -1.061996 0.003903 0.361261 0.000000 0.000000
    34 -0.000011 1.136200 -0.000019 0.220656 0.000000 0.000000
    35 -0.036583 -4.544757 1.364036 2.883856 1.216154 2.484990
    36 0.032719 4.587772 -1.352291 -1.640222 1.283116 -2.138746
    37 0.000000 -1.707659 0.003904 0.493249 0.000000 0.000000
    38 -0.000006 1.754520 -0.000034 0.202297 0.000000 0.000000
    39 0.000000 -1.184050 -0.015627 0.546900 0.000000 0.000000
    40 0.000002 1.227070 0.000032 0.130356 0.000000 0.000000
    41 -0.367996 -4.165436 0.181056 3.117625 1.091688 2.536231
    42 0.368011 4.208412 -0.173239 3.085177 1.100761 2.833692
    43 0.000000 -2.333255 0.007809 0.993995 0.000000 0.000000
    44 -0.000006 2.372318 -0.000032 0.722081 0.000000 0.000000
    45 0.000004 -1.544913 -0.015626 0.867571 0.000000 0.000000
    46 -0.000002 1.580170 0.000030 0.034255 0.000000 0.000000
    47 -0.937645 -3.817727 -0.947598 3.218861 1.001841 2.581100
    48 0.937672 3.860714 0.959333 2.886145 1.001846 2.581100
    49 0.000000 -1.643755 0.000000 0.832985 0.000000 0.000000
    50 -0.000013 1.690666 0.000021 0.491549 0.000000 0.000000
    51 -0.000002 -1.380473 -0.011717 1.102363 0.000000 0.000000
    52 0.000008 1.423420 0.000028 0.234212 0.000000 0.000000
    53 -1.546646 -3.361224 -1.903850 3.199006 0.944156 2.514436
    54 1.546661 3.404217 1.915585 3.024293 0.944156 2.514435
    55 0.000004 -1.394850 0.000000 0.857003 0.000000 0.000000
    56 -0.000021 1.437870 0.000031 0.424957 0.000000 0.000000
    57 -0.000002 -1.016432 -0.003907 1.020436 0.000000 0.000000
    58 0.000006 1.059372 0.000008 0.322075 0.000000 0.000000
    59 -0.000004 -13.013485 -0.000004 0.000000 0.000000 0.000000
    60 0.000000 -10.813480 -0.000004 0.000000 0.000000 0.000000
  time 21
    0 3.357422 4.734375 -15.507813 -1.559898 -0.000007 -0.000009
    1 -45.646316 3.142880 9.236707 -1.909338 0.809392 0.305017
    2 0.000000 14.313023 0.000003 -0.982659 0.000000 0.000000
    3 -0.000011 13.013483 -0.000005 -0.620497 -0.421674 0.935170
    4 13.008598 0.756104 -10.693586 1.486810 -0.104492 -1.087857
    5 0.000000 -14.313034 0.000000 -1.070345 0.000580 -0.000313
    6 -0.000004 -13.013485 -0.000004 0.284289 0.072431 -0.142543
    7 -1.330879 -2.698427 0.462449 -0.194886 -0.547260 3.056712
    8 1.330910 2.698444 -0.462436 0.194890 0.547268 -0.084879
    9 8.476563 4.574219 -4.277344 -0.711699 0.510275 1.094600
    10 3.556210 4.238403 0.987502 -1.090396 0.577049 -0.321829
    11 4.139183 5.092691 1.421975 -1.090396 0.577049 -0.321829
    12 4.777527 6.028128 1.897721 -1.090396 0.577049 -0.321829
    13 5.490345 7.072691 2.428969 -1.090396 0.577049 -0.321829
    14 6.562500 8.648438 3.228516 -1.090396 0.577049 -0.321829
    15 7.558525 6.997282 -2.354134 -1.937336 -0.275393 3.010581
    16 7.558525 6.997282 -2.354134 1.937336 0.275393 -0.131011
    17 -2.867767 -2.740969 0.531125 2.051196 0.577049 -0.321829
    18 4.324081 2.744001 -0.524877 -1.090396 0.577049 -0.321829
    19 5.012512 3.752832 -0.011802 -1.090396 0.577049 -0.321829
    20 5.595486 4.607124 0.422674 -1.090396 0.577049 -0.321829
    21 6.233833 5.542564 0.898426 -1.090396 0.577049 -0.321829
    22 6.946648 6.587124 1.429667 -1.090396 0.577049 -0.321829
    23 7.537933 7.453606 1.870349 -1.090396 0.577049 -0.321829
    24 8.154472 8.357077 2.329839 -1.090396 0.577049 -0.321829
    25 8.874294 9.411907 2.866308 -1.090396 0.577049 -0.321829
    26 -4.125858 -2.321501 1.394414 2.051196 0.577049 -0.321829
    27 -4.826813 -3.348669 0.872014 2.051196 0.577049 -0.321829
    28 -5.441669 -4.249685 0.413772 2.051196 0.577049 -0.321829
    29 -0.552532 -1.343527 1.604446 -1.131258 0.062036 -0.739330
    30 0.552589 1.343534 -1.604463 -1.114994 0.161114 -0.499872
    31 0.000000 -1.959116 0.015622 0.496729 0.000000 0.000000
    32 -0.000021 2.021633 0.000027 0.182215 0.000000 0.000000
    33 -0.000004 -1.073715 0.003903 0.316867 0.000000 0.000000
    34 -0.000011 1.136200 -0.000019 0.220656 0.000000 0.000000
    35 -0.032677 -4.544757 1.360130 2.873525 1.216154 2.484990
    36 0.032719 4.587772 -1.352291 -1.640222 1.283116 -2.138746
    37 0.000000 -1.711566 0.003904 0.483274 0.000000 0.000000
    38 -0.000006 1.754520 -0.000034 0.202297 0.000000 0.000000
    39 0.000000 -1.187957 -0.011721 0.536663 0.000000 0.000000
    40 0.000002 1.227070 0.000032 0.130356 0.000000 0.000000
    41 -0.367996 -4.173249 0.184963 3.107297 1.091688 2.536231
    42 0.368011 4.208412 -0.173239 3.085177 1.100761 2.833692
    43 0.000000 -2.333255 0.007809 0.983796 0.000000 0.000000
    44 -0.000006 2.372318 -0.000032 0.722081 0.000000 0.000000
    45 0.000004 -1.544913 -0.019533 0.857349 0.000000 0.000000
    46 -0.000002 1.580170 0.000030 0.034255 0.000000 0.000000
    47 -0.937645 -3.821633 -0.947598 3.208734 1.001841 2.581100
    48 0.937672 3.860714 0.959333 2.886145 1.001846 2.581100
    49 0.000000 -1.647662 0.000000 0.822766 0.000000 0.000000
    50 -0.000013 1.690666 0.000021 0.491549 0.000000 0.000000
    51 -0.000002 -1.384379 -0.007810 1.092176 0.000000 0.000000
    52 0.000008 1.423420 0.000028 0.234212 0.000000 0.000000
    53 -1.542740 -3.369037 -1.903850 3.188854 0.944156 2.514436
    54 1.546661 3.404217 1.915585 3.024293 0.944156 2.514435
    55 0.000004 -1.394850 0.000000 0.846853 0.000000 0.000000
    56 -0.000021 1.437870 0.000031 0.424957 0.000000 0.000000
    57 -0.000002 -1.016432 0.000000 1.010681 0.000000 0.000000
    58 0.000006 1.059372 0.000008 0.322075 0.000000 0.000000
    59 -0.000004 -13.013485 -0.000004 0.000000 0.000000 0.000000
    60 0.000000 -10.813480 -0.000004 0.000000 0.000000 0.000000
  time 22
    0 3.357422 4.734375 -15.507813 -1.559898 -0.000007 -0.000009
    1 -45.646316 3.142880 9.236707 -1.908048 0.805863 0.306850
    2 0.000000 14.313023 0.000003 -0.982659 0.000000 0.000000
    3 -0.000011 13.013483 -0.000005 -0.622790 -0.418655 0.940346
    4 13.008598 0.752198 -10.693586 1.486044 -0.103885 -1.080865
    5 0.000000 -14.313034 0.000000 -1.070345 0.000580 -0.000313
    6 -0.000004 -13.013485 -0.000004 0.283838 0.071884 -0.145213
    7 -1.330879 -2.698427 0.462449 -0.194886 -0.547260 3.056712
    8 1.330910 2.698444 -0.462436 0.194890 0.547268 -0.084879
    9 8.476563 4.574219 -4.277344 -0.711699 0.510275 1.094600
    10 3.556210 4.238403 0.987502 -1.090396 0.577049 -0.321829
    11 4.139183 5.092691 1.421975 -1.090396 0.577049 -0.321829
    12 4.777527 6.028128 1.897721 -1.090396 0.577049 -0.321829
    13 5.490345 7.072691 2.428969 -1.090396 0.577049 -0.321829
    14 6.562500 8.648438 3.228516 -1.090396 0.577049 -0.321829
    15 7.558525 6.997282 -2.354134 -1.937336 -0.275393 3.010581
    16 7.558525 6.997282 -2.354134 1.937336 0.275393 -0.131011
    17 -2.867767 -2.740969 0.531125 2.051196 0.577049 -0.321829
    18 4.324081 2.744001 -0.524877 -1.090396 0.577049 -0.321829
    19 5.012512 3.752832 -0.011802 -1.090396 0.577049 -0.321829
    20 5.595486 4.607124 0.422674 -1.090396 0.577049 -0.321829
    21 6.233833 5.542564 0.898426 -1.090396 0.577049 -0.321829
    22 6.946648 6.587124 1.429667 -1.090396 0.577049 -0.321829
    23 7.537933 7.453606 1.870349 -1.090396 0.577049 -0.321829
    24 8.154472 8.357077 2.329839 -1.090396 0.577049 -0.321829
    25 8.874294 9.411907 2.866308 -1.090396 0.577049 -0.321829
    26 -4.125858 -2.321501 1.394414 2.051196 0.577049 -0.321829
    27 -4.826813 -3.348669 0.872014 2.051196 0.577049 -0.321829
    28 -5.441669 -4.249685 0.413772 2.051196 0.577049 -0.321829
    29 -0.552532 -1.343527 1.604446 -1.131258 0.062036 -0.739330
    30 0.552589 1.343534 -1.604463 -1.114994 0.161114 -0.499872
    31 0.000000 -1.966929 0.011715 0.449845 0.000000 0.000000
    32 -0.000021 2.021633 0.000027 0.182215 0.000000 0.000000
    33 -0.000004 -1.081528 0.003903 0.269947 0.000000 0.000000
    34 -0.000011 1.136200 -0.000019 0.220656 0.000000 0.000000
    35 -0.036583 -4.552569 1.360130 2.861892 1.216154 2.484990
    36 0.032719 4.587772 -1.352291 -1.640222 1.283116 -2.138746
    37 0.000000 -1.715472 0.003904 0.472177 0.000000 0.000000
    38 -0.000006 1.754520 -0.000034 0.202297 0.000000 0.000000
    39 0.000000 -1.191863 -0.015627 0.525122 0.000000 0.000000
    40 0.000002 1.227070 0.000032 0.130356 0.000000 0.000000
    41 -0.367996 -4.177155 0.184963 3.095711 1.091688 2.536231
    42 0.368011 4.208412 -0.173239 3.085177 1.100761 2.833692
    43 0.000000 -2.337161 0.007809 0.972347 0.000000 0.000000
    44 -0.000006 2.372318 -0.000032 0.722081 0.000000 0.000000
    45 0.000004 -1.548820 -0.011720 0.845866 0.000000 0.000000
    46 -0.000002 1.580170 0.000030 0.034255 0.000000 0.000000
    47 -0.937645 -3.829446 -0.947598 3.197400 1.001841 2.581100
    48 0.937672 3.860714 0.959333 2.886145 1.001846 2.581100
    49 0.000000 -1.651568 0.000000 0.811390 0.000000 0.000000
    50 -0.000013 1.690666 0.000021 0.491549 0.000000 0.000000
    51 -0.000002 -1.384379 -0.007810 1.080682 0.000000 0.000000
    52 0.000008 1.423420 0.000028 0.234212 0.000000 0.000000
    53 -1.542740 -3.372943 -1.903850 3.177502 0.944156 2.514436
    54 1.546661 3.404217 1.915585 3.024293 0.944156 2.514435
    55 0.000004 -1.402663 0.000000 0.835429 0.000000 0.000000
    56 -0.000021 1.437870 0.000031 0.424957 0.000000 0.000000
    57 -0.000002 -1.020339 0.000000 0.999752 0.000000 0.000000
    58 0.000006 1.059372 0.000008 0.322075 0.000000 0.000000
    59 -0.000004 -13.013485 -0.000004 0.000000 0.000000 0.000000
    60 0.000000 -10.813480 -0.000004 0.000000 0.000000 0.000000
  time 23
    0 3.357422 4.734375 -15.507813 -1.559898 -0.000007 -0.000009
    1 -45.646316 3.142880 9.236707 -1.906665 0.802239 0.308607
    2 0.000000 14.313023 0.000003 -0.982659 0.000000 0.000000
    3 -0.000011 13.013483 -0.000005 -0.623172 -0.418136 0.941113
    4 13.008598 0.752198 -10.693586 1.485278 -0.103317 -1.073682
    5 0.000000 -14.313034 0.000000 -1.070345 0.000580 -0.000313
    6 -0.000004 -13.013485 -0.000004 0.284018 0.072203 -0.143592
    7 -1.330879 -2.698427 0.462449 -0.194886 -0.547260 3.056712
    8 1.330910 2.698444 -0.462436 0.194890 0.547268 -0.084879
    9 8.476563 4.574219 -4.277344 -0.711699 0.510275 1.094600
    10 3.556210 4.238403 0.987502 -1.090396 0.577049 -0.321829
    11 4.139183 5.092691 1.421975 -1.090396 0.577049 -0.321829
    12 4.777527 6.028128 1.897721 -1.090396 0.577049 -0.321829
    13 5.490345 7.072691 2.428969 -1.090396 0.577049 -0.321829
    14 6.562500 8.648438 3.228516 -1.090396 0.577049 -0.321829
    15 7.558525 6.997282 -2.354134 -1.937336 -0.275393 3.010581
    16 7.558525 6.997282 -2.354134 1.937336 0.275393 -0.131011
    17 -2.867767 -2.740969 0.531125 2.051196 0.577049 -0.321829
    18 4.324081 2.744001 -0.524877 -1.090396 0.577049 -0.321829
    19 5.012512 3.752832 -0.011802 -1.090396 0.577049 -0.321829
    20 5.595486 4.607124 0.422674 -1.090396 0.577049 -0.321829
    21 6.233833 5.542564 0.898426 -1.090396 0.577049 -0.321829
    22 6.946648 6.587124 1.429667 -1.090396 0.577049 -0.321829
    23 7.537933 7.453606 1.870349 -1.090396 0.577049 -0.321829
    24 8.154472 8.357077 2.329839 -1.090396 0.577049 -0.321829
    25 8.874294 9.411907 2.866308 -1.090396 0.577049 -0.321829
    26 -4.125858 -2.321501 1.394414 2.051196 0.577049 -0.321829
    27 -4.826813 -3.348669 0.872014 2.051196 0.577049 -0.321829
    28 -5.441669 -4.249685 0.413772 2.051196 0.577049 -0.321829
    29 -0.552532 -1.343527 1.604446 -1.131258 0.062036 -0.739330
    30 0.552589 1.343534 -1.604463 -1.114994 0.161114 -0.499872
    31 0.000000 -1.982554 0.011715 0.402162 0.000000 0.000000
    32 -0.000021 2.021633 0.000027 0.182215 0.000000 0.000000
    33 -0.000004 -1.089341 0.003903 0.222304 0.000000 0.000000
    34 -0.000011 1.136200 -0.000019 0.220656 0.000000 0.000000
    35 -0.032677 -4.552569 1.360130 2.849130 1.216154 2.484990
    36 0.032719 4.587772 -1.352291 -1.640222 1.283116 -2.138746
    37 0.000000 -1.719378 0.003904 0.459902 0.000000 0.000000
    38 -0.000006 1.754520 -0.000034 0.202297 0.000000 0.000000
    39 0.000000 -1.195769 -0.007814 0.512471 0.000000 0.000000
    40 0.000002 1.227070 0.000032 0.130356 0.000000 0.000000
    41 -0.367996 -4.177155 0.177150 3.082867 1.091688 2.536231
    42 0.368011 4.208412 -0.173239 3.085177 1.100761 2.833692
    43 0.000000 -2.341067 0.007809 0.959729 0.000000 0.000000
    44 -0.000006 2.372318 -0.000032 0.722081 0.000000 0.000000
    45 0.000004 -1.552726 -0.011720 0.833197 0.000000 0.000000
    46 -0.000002 1.580170 0.000030 0.034255 0.000000 0.000000
    47 -0.937645 -3.829446 -0.955411 3.184859 1.001841 2.581100
    48 0.937672 3.860714 0.959333 2.886145 1.001846 2.581100
    49 0.000000 -1.655475 0.000000 0.798818 0.000000 0.000000
    50 -0.000013 1.690666 0.000021 0.491549 0.000000 0.000000
    51 -0.000002 -1.388286 -0.007810 1.067990 0.000000 0.000000
    52 0.000008 1.423420 0.000028 0.234212 0.000000 0.000000
    53 -1.546646 -3.372943 -1.907757 3.164950 0.944156 2.514436
    54 1.546661 3.404217 1.915585 3.024293 0.944156 2.514435
    55 0.000004 -1.406569 0.000000 0.822919 0.000000 0.000000
    56 -0.000021 1.437870 0.000031 0.424957 0.000000 0.000000
    57 -0.000002 -1.024245 0.000000 0.987818 0.000000 0.000000
    58 0.000006 1.059372 0.000008 0.322075 0.000000 0.000000
    59 -0.000004 -13.013485 -0.000004 0.000000 0.000000 0.000000
    60 0.000000 -10.813480 -0.000004 0.000000 0.000000 0.000000
  time 24
    0 3.357422 4.734375 -15.507813 -1.559898 -0.000007 -0.000009
    1 -45.646316 3.142880 9.236707 -1.905283 0.798519 0.310517
    2 0.000000 14.313023 0.000003 -0.982659 0.000000 0.000000
    3 -0.000011 13.013483 -0.000005 -0.621261 -0.420683 0.936703
    4 13.004691 0.752198 -10.701399 1.484512 -0.102710 -1.066787
    5 0.000000 -14.313034 0.000000 -1.070345 0.000580 -0.000313
    6 -0.000004 -13.013485 -0.000004 0.284649 0.072933 -0.139778
    7 -1.330879 -2.698427 0.462449 -0.194886 -0.547260 3.056712
    8 1.330910 2.698444 -0.462436 0.194890 0.547268 -0.084879
    9 8.476563 4.574219 -4.277344 -0.711699 0.510275 1.094600
    10 3.556210 4.238403 0.987502 -1.090396 0.577049 -0.321829
    11 4.139183 5.092691 1.421975 -1.090396 0.577049 -0.321829
    12 4.777527 6.028128 1.897721 -1.090396 0.577049 -0.321829
    13 5.490345 7.072691 2.428969 -1.090396 0.577049 -0.321829
    14 6.562500 8.648438 3.228516 -1.090396 0.577049 -0.321829
    15 7.558525 6.997282 -2.354134 -1.937336 -0.275393 3.010581
    16 7.558525 6.997282 -2.354134 1.937336 0.275393 -0.131011
    17 -2.867767 -2.740969 0.531125 2.051196 0.577049 -0.321829
    18 4.324081 2.744001 -0.524877 -1.090396 0.577049 -0.321829
    19 5.012512 3.752832 -0.011802 -1.090396 0.577049 -0.321829
    20 5.595486 4.607124 0.422674 -1.090396 0.577049 -0.321829
    21 6.233833 5.542564 0.898426 -1.090396 0.577049 -0.321829
    22 6.946648 6.587124 1.429667 -1.090396 0.577049 -0.321829
    23 7.537933 7.453606 1.870349 -1.090396 0.577049 -0.321829
    24 8.154472 8.357077 2.329839 -1.090396 0.577049 -0.321829
    25 8.874294 9.411907 2.866308 -1.090396 0.577049 -0.321829
    26 -4.125858 -2.321501 1.394414 2.051196 0.577049 -0.321829
    27 -4.826813 -3.348669 0.872014 2.051196 0.577049 -0.321829
    28 -5.441669 -4.249685 0.413772 2.051196 0.577049 -0.321829
    29 -0.552532 -1.343527 1.604446 -1.131258 0.062036 -0.739330
    30 0.552589 1.343534 -1.604463 -1.114994 0.161114 -0.499872
    31 0.000000 -1.990367 0.007809 0.355279 0.000000 0.000000
    32 -0.000021 2.021633 0.000027 0.182215 0.000000 0.000000
    33 -0.000004 -1.101060 -0.000004 0.175440 0.000000 0.000000
    34 -0.000011 1.136200 -0.000019 0.220656 0.000000 0.000000
    35 -0.032677 -4.556476 1.360130 2.835588 1.216154 2.484990
    36 0.032719 4.587772 -1.352291 -1.640222 1.283116 -2.138746
    37 0.000000 -1.723285 -0.000002 0.446638 0.000000 0.000000
    38 -0.000006 1.754520 -0.000034 0.202297 0.000000 0.000000
    39 0.000000 -1.199676 -0.011721 0.498854 0.000000 0.000000
    40 0.000002 1.227070 0.000032 0.130356 0.000000 0.000000
    41 -0.367996 -4.181062 0.177150 3.069036 1.091688 2.536231
    42 0.368011 4.208412 -0.173239 3.085177 1.100761 2.833692
    43 0.000000 -2.344974 0.003903 0.946103 0.000000 0.000000
    44 -0.000006 2.372318 -0.000032 0.722081 0.000000 0.000000
    45 0.000004 -1.556632 -0.007814 0.819551 0.000000 0.000000
    46 -0.000002 1.580170 0.000030 0.034255 0.000000 0.000000
    47 -0.937645 -3.829446 -0.955411 3.171388 1.001841 2.581100
    48 0.937672 3.860714 0.959333 2.886145 1.001846 2.581100
    49 0.000000 -1.659381 0.000000 0.785283 0.000000 0.000000
    50 -0.000013 1.690666 0.000021 0.491549 0.000000 0.000000
    51 -0.000002 -1.392192 -0.007810 1.054426 0.000000 0.000000
    52 0.000008 1.423420 0.000028 0.234212 0.000000 0.000000
    53 -1.546646 -3.372943 -1.911663 3.151382 0.944156 2.514436
    54 1.546661 3.404217 1.915585 3.024293 0.944156 2.514435
    55 0.000004 -1.406569 0.000000 0.809323 0.000000 0.000000
    56 -0.000021 1.437870 0.000031 0.424957 0.000000 0.000000
    57 -0.000002 -1.028152 0.000000 0.974765 0.000000 0.000000
    58 0.000006 1.059372 0.000008 0.322075 0.000000 0.000000
    59 -0.000004 -13.013485 -0.000004 0.000000 0.000000 0.000000
    60 0.000000 -10.813480 -0.000004 0.000000 0.000000 0.000000
  time 25
    0 3.357422 4.734375 -15.507813 -1.559898 -0.000007 -0.000009
    1 -45.646316 3.142880 9.236707 -1.903901 0.794895 0.312350
    2 0.000000 14.313023 0.000003 -0.982659 0.000000 0.000000
    3 -0.000011 13.013483 -0.000005 -0.617343 -0.426060 0.927597
    4 13.004691 0.752198 -10.701399 1.483650 -0.102180 -1.060179
    5 0.000000 -14.313034 0.000000 -1.070345 0.000580 -0.000313
    6 -0.000004 -13.013485 -0.000004 0.285279 0.074119 -0.134152
    7 -1.330879 -2.698427 0.462449 -0.194886 -0.547260 3.056712
    8 1.330910 2.698444 -0.462436 0.194890 0.547268 -0.084879
    9 8.476563 4.574219 -4.277344 -0.711699 0.510275 1.094600
    10 3.556210 4.238403 0.987502 -1.090396 0.577049 -0.321829
    11 4.139183 5.092691 1.421975 -1.090396 0.577049 -0.321829
    12 4.777527 6.028128 1.897721 -1.090396 0.577049 -0.321829
    13 5.490345 7.072691 2.428969 -1.090396 0.577049 -0.321829
    14 6.562500 8.648438 3.228516 -1.090396 0.577049 -0.321829
    15 7.558525 6.997282 -2.354134 -1.937336 -0.275393 3.010581
    16 7.558525 6.997282 -2.354134 1.937336 0.275393 -0.131011
    17 -2.867767 -2.740969 0.531125 2.051196 0.577049 -0.321829
    18 4.324081 2.744001 -0.524877 -1.090396 0.577049 -0.321829
    19 5.012512 3.752832 -0.011802 -1.090396 0.577049 -0.321829
    20 5.595486 4.607124 0.422674 -1.090396 0.577049 -0.321829
    21 6.233833 5.542564 0.898426 -1.090396 0.577049 -0.321829
    22 6.946648 6.587124 1.429667 -1.090396 0.577049 -0.321829
    23 7.537933 7.453606 1.870349 -1.090396 0.577049 -0.321829
    24 8.154472 8.357077 2.329839 -1.090396 0.577049 -0.321829
    25 8.874294 9.411907 2.866308 -1.090396 0.577049 -0.321829
    26 -4.125858 -2.321501 1.394414 2.051196 0.577049 -0.321829
    27 -4.826813 -3.348669 0.872014 2.051196 0.577049 -0.321829
    28 -5.441669 -4.249685 0.413772 2.051196 0.577049 -0.321829
    29 -0.552532 -1.343527 1.604446 -1.131258 0.062036 -0.739330
    30 0.552589 1.343534 -1.604463 -1.114994 0.161114 -0.499872
    31 0.000000 -1.994273 0.007809 0.310899 0.000000 0.000000
    32 -0.000021 2.021633 0.000027 0.182215 0.000000 0.000000
    33 -0.000004 -1.108873 -0.000004 0.131018 0.000000 0.000000
    34 -0.000011 1.136200 -0.000019 0.220656 0.000000 0.000000
    35 -0.032677 -4.560382 1.356223 2.820916 1.216154 2.484990
    36 0.032719 4.587772 -1.352291 -1.640222 1.283116 -2.138746
    37 0.000000 -1.727191 0.003904 0.432412 0.000000 0.000000
    38 -0.000006 1.754520 -0.000034 0.202297 0.000000 0.000000
    39 0.000000 -1.199676 -0.007814 0.484271 0.000000 0.000000
    40 0.000002 1.227070 0.000032 0.130356 0.000000 0.000000
    41 -0.367996 -4.184968 0.177150 3.054396 1.091688 2.536231
    42 0.368011 4.208412 -0.173239 3.085177 1.100761 2.833692
    43 0.000000 -2.348880 0.003903 0.931590 0.000000 0.000000
    44 -0.000006 2.372318 -0.000032 0.722081 0.000000 0.000000
    45 0.000004 -1.556632 -0.007814 0.805003 0.000000 0.000000
    46 -0.000002 1.580170 0.000030 0.034255 0.000000 0.000000
    47 -0.937645 -3.833352 -0.951504 3.156895 1.001841 2.581100
    48 0.937672 3.860714 0.959333 2.886145 1.001846 2.581100
    49 0.000000 -1.663287 0.000000 0.770745 0.000000 0.000000
    50 -0.000013 1.690666 0.000021 0.491549 0.000000 0.000000
    51 -0.000002 -1.396098 -0.007810 1.039881 0.000000 0.000000
    52 0.000008 1.423420 0.000028 0.234212 0.000000 0.000000
    53 -1.546646 -3.376849 -1.907757 3.136985 0.944156 2.514436
    54 1.546661 3.404217 1.915585 3.024293 0.944156 2.514435
    55 0.000004 -1.410476 0.000000 0.794877 0.000000 0.000000
    56 -0.000021 1.437870 0.000031 0.424957 0.000000 0.000000
    57 -0.000002 -1.032058 -0.003907 0.960762 0.000000 0.000000
    58 0.000006 1.059372 0.000008 0.322075 0.000000 0.000000
    59 -0.000004 -13.013485 -0.000004 0.000000 0.000000 0.000000
    60 0.000000 -10.813480 -0.000004 0.000000 0.000000 0.000000
  time 26
    0 3.357422 4.734375 -15.507813 -1.559898 -0.000007 -0.000009
    1 -45.646316 3.142880 9.236707 -1.902887 0.791795 0.313877
    2 0.000000 14.313023 0.000003 -0.982659 0.000000 0.000000
    3 -0.000011 13.013483 -0.000005 -0.611515 -0.433654 0.914561
    4 13.004691 0.748291 -10.705305 1.483076 -0.101611 -1.054049
    5 0.000000 -14.313034 0.000000 -1.070345 0.000580 -0.000313
    6 -0.000004 -13.013485 -0.000004 0.286270 0.075624 -0.126811
    7 -1.330879 -2.698427 0.462449 -0.194886 -0.547260 3.056712
    8 1.330910 2.698444 -0.462436 0.194890 0.547268 -0.084879
    9 8.476563 4.574219 -4.277344 -0.711699 0.510275 1.094600
    10 3.556210 4.238403 0.987502 -1.090396 0.577049 -0.321829
    11 4.139183 5.092691 1.421975 -1.090396 0.577049 -0.321829
    12 4.777527 6.028128 1.897721 -1.090396 0.577049 -0.321829
    13 5.490345 7.072691 2.428969 -1.090396 0.577049 -0.321829
    14 6.562500 8.648438 3.228516 -1.090396 0.577049 -0.321829
    15 7.558525 6.997282 -2.354134 -1.937336 -0.275393 3.010581
    16 7.558525 6.997282 -2.354134 1.937336 0.275393 -0.131011
    17 -2.867767 -2.740969 0.531125 2.051196 0.577049 -0.321829
    18 4.324081 2.744001 -0.524877 -1.090396 0.577049 -0.321829
    19 5.012512 3.752832 -0.011802 -1.090396 0.577049 -0.321829
    20 5.595486 4.607124 0.422674 -1.090396 0.577049 -0.321829
    21 6.233833 5.542564 0.898426 -1.090396 0.577049 -0.321829
    22 6.946648 6.587124 1.429667 -1.090396 0.577049 -0.321829
    23 7.537933 7.453606 1.870349 -1.090396 0.577049 -0.321829
    24 8.154472 8.357077 2.329839 -1.090396 0.577049 -0.321829
    25 8.874294 9.411907 2.866308 -1.090396 0.577049 -0.321829
    26 -4.125858 -2.321501 1.394414 2.051196 0.577049 -0.321829
    27 -4.826813 -3.348669 0.872014 2.051196 0.577049 -0.321829
    28 -5.441669 -4.249685 0.413772 2.051196 0.577049 -0.321829
    29 -0.552532 -1.343527 1.604446 -1.131258 0.062036 -0.739330
    30 0.552589 1.343534 -1.604463 -1.114994 0.161114 -0.499872
    31 0.000000 -2.005992 0.003903 0.270875 0.000000 0.000000
    32 -0.000021 2.021633 0.000027 0.182215 0.000000 0.000000
    33 -0.000004 -1.116685 -0.000004 0.090983 0.000000 0.000000
    34 -0.000011 1.136200 -0.000019 0.220656 0.000000 0.000000
    35 -0.032677 -4.564288 1.356223 2.805724 1.216154 2.484990
    36 0.032719 4.587772 -1.352291 -1.640222 1.283116 -2.138746
    37 0.000000 -1.731097 0.003904 0.417383 0.000000 0.000000
    38 -0.000006 1.754520 -0.000034 0.202297 0.000000 0.000000
    39 0.000000 -1.203582 -0.007814 0.469109 0.000000 0.000000
    40 0.000002 1.227070 0.000032 0.130356 0.000000 0.000000
    41 -0.367996 -4.188875 0.177150 3.039128 1.091688 2.536231
    42 0.368011 4.208412 -0.173239 3.085177 1.100761 2.833692
    43 0.000000 -2.352786 0.003903 0.916392 0.000000 0.000000
    44 -0.000006 2.372318 -0.000032 0.722081 0.000000 0.000000
    45 0.000004 -1.560539 -0.007814 0.789837 0.000000 0.000000
    46 -0.000002 1.580170 0.000030 0.034255 0.000000 0.000000
    47 -0.937645 -3.837259 -0.955411 3.141845 1.001841 2.581100
    48 0.937672 3.860714 0.959333 2.886145 1.001846 2.581100
    49 0.000000 -1.667194 0.000000 0.755628 0.000000 0.000000
    50 -0.000013 1.690666 0.000021 0.491549 0.000000 0.000000
    51 -0.000002 -1.400005 -0.003904 1.024683 0.000000 0.000000
    52 0.000008 1.423420 0.000028 0.234212 0.000000 0.000000
    53 -1.546646 -3.380756 -1.911663 3.121848 0.944156 2.514436
    54 1.546661 3.404217 1.915585 3.024293 0.944156 2.514435
    55 0.000004 -1.414382 0.000000 0.779724 0.000000 0.000000
    56 -0.000021 1.437870 0.000031 0.424957 0.000000 0.000000
    57 -0.000002 -1.035964 0.000000 0.945865 0.000000 0.000000
    58 0.000006 1.059372 0.000008 0.322075 0.000000 0.000000
    59 -0.000004 -13.013485 -0.000004 0.000000 0.000000 0.000000
    60 0.000000 -10.813480 -0.000004 0.000000 0.000000 0.000000
  time 27
    0 3.357422 4.734375 -15.507813 -1.559898 -0.000007 -0.000009
    1 -45.646316 3.142880 9.236707 -1.901966 0.789077 0.315252
    2 0.000000 14.313023 0.000003 -0.982659 0.000000 0.000000
    3 -0.000011 13.013483 -0.000005 -0.604349 -0.443087 0.898457
    4 13.004691 0.748291 -10.705305 1.482501 -0.101195 -1.048974
    5 0.000000 -14.313034 0.000000 -1.070345 0.000580 -0.000313
    6 -0.000004 -13.013485 -0.000004 0.287441 0.077403 -0.118039
    7 -1.330879 -2.698427 0.462449 -0.194886 -0.547260 3.056712
    8 1.330910 2.698444 -0.462436 0.194890 0.547268 -0.084879
    9 8.476563 4.574219 -4.277344 -0.711699 0.510275 1.094600
    10 3.556210 4.238403 0.987502 -1.090396 0.577049 -0.321829
    11 4.139183 5.092691 1.421975 -1.090396 0.577049 -0.321829
    12 4.777527 6.028128 1.897721 -1.090396 0.577049 -0.321829
    13 5.490345 7.072691 2.428969 -1.090396 0.577049 -0.321829
    14 6.562500 8.648438 3.228516 -1.090396 0.577049 -0.321829
    15 7.558525 6.997282 -2.354134 -1.937336 -0.275393 3.010581
    16 7.558525 6.997282 -2.354134 1.937336 0.275393 -0.131011
    17 -2.867767 -2.740969 0.531125 2.051196 0.577049 -0.321829
    18 4.324081 2.744001 -0.524877 -1.090396 0.577049 -0.321829
    19 5.012512 3.752832 -0.011802 -1.090396 0.577049 -0.321829
    20 5.595486 4.607124 0.422674 -1.090396 0.577049 -0.321829
    21 6.233833 5.542564 0.898426 -1.090396 0.577049 -0.321829
    22 6.946648 6.587124 1.429667 -1.090396 0.577049 -0.321829
    23 7.537933 7.453606 1.870349 -1.090396 0.577049 -0.321829
    24 8.154472 8.357077 2.329839 -1.090396 0.577049 -0.321829
    25 8.874294 9.411907 2.866308 -1.090396 0.577049 -0.321829
    26 -4.125858 -2.321501 1.394414 2.051196 0.577049 -0.321829
    27 -4.826813 -3.348669 0.872014 2.051196 0.577049 -0.321829
    28 -5.441669 -4.249685 0.413772 2.051196 0.577049 -0.321829
    29 -0.552532 -1.343527 1.604446 -1.131258 0.062036 -0.739330
    30 0.552589 1.343534 -1.604463 -1.114994 0.161114 -0.499872
    31 0.000000 -2.013805 -0.000004 0.236681 0.000000 0.000000
    32 -0.000021 2.021633 0.000027 0.182215 0.000000 0.000000
    33 -0.000004 -1.128404 -0.000004 0.056779 0.000000 0.000000
    34 -0.000011 1.136200 -0.000019 0.220656 0.000000 0.000000
    35 -0.032677 -4.568195 1.356223 2.789924 1.216154 2.484990
    36 0.032719 4.587772 -1.352291 -1.640222 1.283116 -2.138746
    37 0.000000 -1.731097 -0.000002 0.401579 0.000000 0.000000
    38 -0.000006 1.754520 -0.000034 0.202297 0.000000 0.000000
    39 0.000000 -1.207488 -0.007814 0.453319 0.000000 0.000000
    40 0.000002 1.227070 0.000032 0.130356 0.000000 0.000000
    41 -0.367996 -4.192781 0.177150 3.023410 1.091688 2.536231
    42 0.368011 4.208412 -0.173239 3.085177 1.100761 2.833692
    43 0.000000 -2.356693 -0.000004 0.900589 0.000000 0.000000
    44 -0.000006 2.372318 -0.000032 0.722081 0.000000 0.000000
    45 0.000004 -1.564445 -0.003907 0.774054 0.000000 0.000000
    46 -0.000002 1.580170 0.000030 0.034255 0.000000 0.000000
    47 -0.937645 -3.845071 -0.955411 3.125959 1.001841 2.581100
    48 0.937672 3.860714 0.959333 2.886145 1.001846 2.581100
    49 0.000000 -1.667194 0.000000 0.739856 0.000000 0.000000
    50 -0.000013 1.690666 0.000021 0.491549 0.000000 0.000000
    51 -0.000002 -1.403911 -0.003904 1.008940 0.000000 0.000000
    52 0.000008 1.423420 0.000028 0.234212 0.000000 0.000000
    53 -1.546646 -3.384662 -1.907757 3.106066 0.944156 2.514436
    54 1.546661 3.404217 1.915585 3.024293 0.944156 2.514435
    55 0.000004 -1.418289 0.000000 0.763909 0.000000 0.000000
    56 -0.000021 1.437870 0.000031 0.424957 0.000000 0.000000
    57 -0.000002 -1.035964 -0.003907 0.929989 0.000000 0.000000
    58 0.000006 1.059372 0.000008 0.322075 0.000000 0.000000
    59 -0.000004 -13.013485 -0.000004 0.000000 0.000000 0.000000
    60 0.000000 -10.813480 -0.000004 0.000000 0.000000 0.000000
  time 28
    0 3.357422 4.734375 -15.507813 -1.559898 -0.000007 -0.000009
    1 -45.646316 3.142880 9.236707 -1.901137 0.786978 0.316322
    2 0.000000 14.313023 0.000003 -0.982659 0.000000 0.000000
    3 -0.000011 13.013483 -0.000005 -0.596131 -0.453889 0.880148
    4 13.004691 0.748291 -10.709211 1.482022 -0.100853 -1.045143
    5 0.000000 -14.313034 0.000000 -1.070345 0.000580 -0.000313
    6 -0.000004 -13.013485 -0.000004 0.288702 0.079273 -0.108123
    7 -1.330879 -2.698427 0.462449 -0.194886 -0.547260 3.056712
    8 1.330910 2.698444 -0.462436 0.194890 0.547268 -0.084879
    9 8.476563 4.574219 -4.277344 -0.711699 0.510275 1.094600
    10 3.556210 4.238403 0.987502 -1.090396 0.577049 -0.321829
    11 4.139183 5.092691 1.421975 -1.090396 0.577049 -0.321829
    12 4.777527 6.028128 1.897721 -1.090396 0.577049 -0.321829
    13 5.490345 7.072691 2.428969 -1.090396 0.577049 -0.321829
    14 6.562500 8.648438 3.228516 -1.090396 0.577049 -0.321829
    15 7.558525 6.997282 -2.354134 -1.937336 -0.275393 3.010581
    16 7.558525 6.997282 -2.354134 1.937336 0.275393 -0.131011
    17 -2.867767 -2.740969 0.531125 2.051196 0.577049 -0.321829
    18 4.324081 2.744001 -0.524877 -1.090396 0.577049 -0.321829
    19 5.012512 3.752832 -0.011802 -1.090396 0.577049 -0.321829
    20 5.595486 4.607124 0.422674 -1.090396 0.577049 -0.321829
    21 6.233833 5.542564 0.898426 -1.090396 0.577049 -0.321829
    22 6.946648 6.587124 1.429667 -1.090396 0.577049 -0.321829
    23 7.537933 7.453606 1.870349 -1.090396 0.577049 -0.321829
    24 8.154472 8.357077 2.329839 -1.090396 0.577049 -0.321829
    25 8.874294 9.411907 2.866308 -1.090396 0.577049 -0.321829
    26 -4.125858 -2.321501 1.394414 2.051196 0.577049 -0.321829
    27 -4.826813 -3.348669 0.872014 2.051196 0.577049 -0.321829
    28 -5.441669 -4.249685 0.413772 2.051196 0.577049 -0.321829
    29 -0.552532 -1.343527 1.604446 -1.131258 0.062036 -0.739330
    30 0.552589 1.343534 -1.604463 -1.114994 0.161114 -0.499872
    31 0.000000 -2.021618 -0.000004 0.210167 0.000000 0.000000
    32 -0.000021 2.021633 0.000027 0.182215 0.000000 0.000000
    33 -0.000004 -1.132311 -0.000004 0.030265 0.000000 0.000000
    34 -0.000011 1.136200 -0.000019 0.220656 0.000000 0.000000
    35 -0.032677 -4.572101 1.356223 2.773863 1.216154 2.484990
    36 0.032719 4.587772 -1.352291 -1.640222 1.283116 -2.138746
    37 0.000000 -1.735004 -0.000002 0.385133 0.000000 0.000000
    38 -0.000006 1.754520 -0.000034 0.202297 0.000000 0.000000
    39 0.000000 -1.211395 -0.003908 0.437191 0.000000 0.000000
    40 0.000002 1.227070 0.000032 0.130356 0.000000 0.000000
    41 -0.367996 -4.192781 0.173244 3.007334 1.091688 2.536231
    42 0.368011 4.208412 -0.173239 3.085177 1.100761 2.833692
    43 0.000000 -2.356693 -0.000004 0.884423 0.000000 0.000000
    44 -0.000006 2.372318 -0.000032 0.722081 0.000000 0.000000
    45 0.000004 -1.568351 -0.007814 0.757910 0.000000 0.000000
    46 -0.000002 1.580170 0.000030 0.034255 0.000000 0.000000
    47 -0.937645 -3.845071 -0.955411 3.109794 1.001841 2.581100
    48 0.937672 3.860714 0.959333 2.886145 1.001846 2.581100
    49 0.000000 -1.671100 0.000000 0.723621 0.000000 0.000000
    50 -0.000013 1.690666 0.000021 0.491549 0.000000 0.000000
    51 -0.000002 -1.403911 -0.003904 0.992707 0.000000 0.000000
    52 0.000008 1.423420 0.000028 0.234212 0.000000 0.000000
    53 -1.546646 -3.388568 -1.911663 3.089915 0.944156 2.514436
    54 1.546661 3.404217 1.915585 3.024293 0.944156 2.514435
    55 0.000004 -1.422195 0.000000 0.747717 0.000000 0.000000
    56 -0.000021 1.437870 0.000031 0.424957 0.000000 0.000000
    57 -0.000002 -1.039871 0.000000 0.913359 0.000000 0.000000
    58 0.000006 1.059372 0.000008 0.322075 0.000000 0.000000
    59 -0.000004 -13.013485 -0.000004 0.000000 0.000000 0.000000
    60 0.000000 -10.813480 -0.000004 0.000000 0.000000 0.000000
  time 29
    0 3.357422 4.734375 -15.507813 -1.559898 -0.000007 -0.000009
    1 -45.646316 3.142880 9.236707 -1.900676 0.785691 0.317009
    2 0.000000 14.313023 0.000003 -0.982659 0.000000 0.000000
    3 -0.000011 13.013483 -0.000005 -0.587150 -0.465539 0.860690
    4 13.000785 0.748291 -10.709211 1.481735 -0.100664 -1.042557
    5 0.000000 -14.313034 0.000000 -1.070345 0.000580 -0.000313
    6 -0.000004 -13.013485 -0.000004 0.290144 0.081280 -0.097921
    7 -1.330879 -2.698427 0.462449 -0.194886 -0.547260 3.056712
    8 1.330910 2.698444 -0.462436 0.194890 0.547268 -0.084879
    9 8.476563 4.574219 -4.277344 -0.711699 0.510275 1.094600
    10 3.556210 4.238403 0.987502 -1.090396 0.577049 -0.321829
    11 4.139183 5.092691 1.421975 -1.090396 0.577049 -0.321829
    12 4.777527 6.028128 1.897721 -1.090396 0.577049 -0.321829
    13 5.490345 7.072691 2.428969 -1.090396 0.577049 -0.321829
    14 6.562500 8.648438 3.228516 -1.090396 0.577049 -0.321829
    15 7.558525 6.997282 -2.354134 -1.937336 -0.275393 3.010581
    16 7.558525 6.997282 -2.354134 1.937336 0.275393 -0.131011
    17 -2.867767 -2.740969 0.531125 2.051196 0.577049 -0.321829
    18 4.324081 2.744001 -0.524877 -1.090396 0.577049 -0.321829
    19 5.012512 3.752832 -0.011802 -1.090396 0.577049 -0.321829
    20 5.595486 4.607124 0.422674 -1.090396 0.577049 -0.321829
    21 6.233833 5.542564 0.898426 -1.090396 0.577049 -0.321829
    22 6.946648 6.587124 1.429667 -1.090396 0.577049 -0.321829
    23 7.537933 7.453606 1.870349 -1.090396 0.577049 -0.321829
    24 8.154472 8.357077 2.329839 -1.090396 0.577049 -0.321829
    25 8.874294 9.411907 2.866308 -1.090396 0.577049 -0.321829
    26 -4.125858 -2.321501 1.394414 2.051196 0.577049 -0.321829
    27 -4.826813 -3.348669 0.872014 2.051196 0.577049 -0.321829
    28 -5.441669 -4.249685 0.413772 2.051196 0.577049 -0.321829
    29 -0.552532 -1.343527 1.604446 -1.131258 0.062036 -0.739330
    30 0.552589 1.343534 -1.604463 -1.114994 0.161114 -0.499872
    31 0.000000 -2.021618 -0.000004 0.192996 0.000000 0.000000
    32 -0.000021 2.021633 0.000027 0.182215 0.000000 0.000000
    33 -0.000004 -1.136217 -0.000004 0.013107 0.000000 0.000000
    34 -0.000011 1.136200 -0.000019 0.220656 0.000000 0.000000
    35 -0.032677 -4.576007 1.356223 2.757629 1.216154 2.484990
    36 0.032719 4.587772 -1.352291 -1.640222 1.283116 -2.138746
    37 0.000000 -1.738910 -0.000002 0.368126 0.000000 0.000000
    38 -0.000006 1.754520 -0.000034 0.202297 0.000000 0.000000
    39 0.000000 -1.211395 -0.003908 0.420821 0.000000 0.000000
    40 0.000002 1.227070 0.000032 0.130356 0.000000 0.000000
    41 -0.367996 -4.196687 0.173244 2.991257 1.091688 2.536231
    42 0.368011 4.208412 -0.173239 3.085177 1.100761 2.833692
    43 0.000000 -2.360599 -0.000004 0.868016 0.000000 0.000000
    44 -0.000006 2.372318 -0.000032 0.722081 0.000000 0.000000
    45 0.000004 -1.572258 -0.003907 0.741559 0.000000 0.000000
    46 -0.000002 1.580170 0.000030 0.034255 0.000000 0.000000
    47 -0.937645 -3.845071 -0.955411 3.093165 1.001841 2.581100
    48 0.937672 3.860714 0.959333 2.886145 1.001846 2.581100
    49 0.000000 -1.675006 0.000000 0.707116 0.000000 0.000000
    50 -0.000013 1.690666 0.000021 0.491549 0.000000 0.000000
    51 -0.000002 -1.407817 -0.003904 0.976419 0.000000 0.000000
    52 0.000008 1.423420 0.000028 0.234212 0.000000 0.000000
    53 -1.546646 -3.388568 -1.911663 3.073302 0.944156 2.514436
    54 1.546661 3.404217 1.915585 3.024293 0.944156 2.514435
    55 0.000004 -1.422195 0.000000 0.731194 0.000000 0.000000
    56 -0.000021 1.437870 0.000031 0.424957 0.000000 0.000000
    57 -0.000002 -1.043777 0.000000 0.895946 0.000000 0.000000
    58 0.000006 1.059372 0.000008 0.322075 0.000000 0.000000
    59 -0.000004 -13.013485 -0.000004 0.000000 0.000000 0.000000
    60 0.000000 -10.813480 -0.000004 0.000000 0.000000 0.000000
end
