// Created by Crowbar 0.74
version 1
nodes
  0 "root" -1
  1 "bip_upperArm_R" 0
  2 "bip_lowerArm_R" 1
  3 "bip_hand_R" 2
  4 "bip_upperArm_L" 0
  5 "bip_lowerArm_L" 4
  6 "bip_hand_L" 5
  7 "effect_hand_L" 6
  8 "effect_hand_R" 3
  9 "weapon_bone" 3
  10 "weapon_bone_1" 3
  11 "weapon_bone_2" 3
  12 "weapon_bone_3" 3
  13 "weapon_bone_4" 3
  14 "weapon_bone_5" 3
  15 "weapon_bone_6" 3
  16 "weapon_bone_7" 3
  17 "weapon_bone_L" 6
  18 "vm_weapon_bone" 3
  19 "vm_weapon_bone_1" 3
  20 "vm_weapon_bone_2" 3
  21 "vm_weapon_bone_3" 3
  22 "vm_weapon_bone_4" 3
  23 "vm_weapon_bone_5" 3
  24 "vm_weapon_bone_6" 3
  25 "vm_weapon_bone_7" 3
  26 "vm_weapon_bone_L" 6
  27 "vm_weapon_bone_L_1" 6
  28 "vm_weapon_bone_L_2" 6
  29 "bip_thumb_0_L" 6
  30 "bip_thumb_0_R" 3
  31 "bip_thumb_1_L" 29
  32 "bip_thumb_1_R" 30
  33 "bip_thumb_2_L" 31
  34 "bip_thumb_2_R" 32
  35 "bip_index_0_L" 6
  36 "bip_index_0_R" 3
  37 "bip_index_1_L" 35
  38 "bip_index_1_R" 36
  39 "bip_index_2_L" 37
  40 "bip_index_2_R" 38
  41 "bip_middle_0_L" 6
  42 "bip_middle_0_R" 3
  43 "bip_middle_1_L" 41
  44 "bip_middle_1_R" 42
  45 "bip_middle_2_L" 43
  46 "bip_middle_2_R" 44
  47 "bip_ring_0_L" 6
  48 "bip_ring_0_R" 3
  49 "bip_ring_1_L" 47
  50 "bip_ring_1_R" 48
  51 "bip_ring_2_L" 49
  52 "bip_ring_2_R" 50
  53 "bip_pinky_0_L" 6
  54 "bip_pinky_0_R" 3
  55 "bip_pinky_1_L" 53
  56 "bip_pinky_1_R" 54
  57 "bip_pinky_2_L" 55
  58 "bip_pinky_2_R" 56
  59 "Sleeve_Control" 5
  60 "Wrist_Control" 5
end
skeleton
  time 0
    0 3.357422 4.734375 -15.507813 -1.559898 -0.000007 -0.000009
    1 -21.391670 -4.994087 -8.978693 -1.064077 -0.072519 0.165240
    2 0.000000 14.313023 0.000003 -0.982659 0.000000 0.000000
    3 -0.000011 13.013483 -0.000005 -0.546637 -0.518366 0.772023
    4 2.320772 -0.978324 -6.845812 1.517837 0.101596 -0.706210
    5 0.000000 -14.313034 0.000000 -0.486788 0.000529 -0.000289
    6 -0.000004 -13.013485 -0.000004 0.458782 0.161883 0.500357
    7 -1.330879 -2.698427 0.462449 -0.194886 -0.547260 3.056712
    8 1.330910 2.698444 -0.462436 0.194890 0.547268 -0.084879
    9 8.476563 4.574219 -4.273438 -0.711697 0.510276 1.094600
    10 3.556210 4.238403 0.987502 -1.090396 0.577049 -0.321829
    11 4.139183 5.092691 1.421975 -1.090396 0.577049 -0.321829
    12 4.777527 6.028128 1.897721 -1.090396 0.577049 -0.321829
    13 5.490345 7.072691 2.428969 -1.090396 0.577049 -0.321829
    14 6.558594 8.632813 3.232422 -1.090396 0.577049 -0.321829
    15 7.558525 6.997282 -2.354134 -1.937336 -0.275393 3.010581
    16 7.558525 6.997282 -2.354134 1.937336 0.275393 -0.131011
    17 -2.867767 -2.740969 0.531125 2.051196 0.577049 -0.321829
    18 4.324081 2.744001 -0.524877 -1.090396 0.577049 -0.321829
    19 5.012512 3.752832 -0.011802 -1.090396 0.577049 -0.321829
    20 5.595486 4.607124 0.422674 -1.090396 0.577049 -0.321829
    21 6.233833 5.542564 0.898426 -1.090396 0.577049 -0.321829
    22 6.946648 6.587124 1.429667 -1.090396 0.577049 -0.321829
    23 7.537933 7.453606 1.870349 -1.090396 0.577049 -0.321829
    24 8.154472 8.357077 2.329839 -1.090396 0.577049 -0.321829
    25 8.874294 9.411907 2.866308 -1.090396 0.577049 -0.321829
    26 -4.125858 -2.321501 1.394414 2.051196 0.577049 -0.321829
    27 -4.826813 -3.348669 0.872014 2.051196 0.577049 -0.321829
    28 -5.441669 -4.249685 0.413772 2.051196 0.577049 -0.321829
    29 -0.552532 -1.343527 1.604446 -1.131258 0.062036 -0.739330
    30 0.552589 1.343534 -1.604463 -1.114994 0.161114 -0.499872
    31 0.000000 -2.021618 -0.000004 0.186809 0.000000 0.000000
    32 -0.000021 2.021633 0.000027 0.182215 0.000000 0.000000
    33 -0.000004 -1.136217 -0.000004 0.006928 0.000000 0.000000
    34 -0.000011 1.136200 -0.000019 0.220656 0.000000 0.000000
    35 -0.032677 -4.579914 1.352317 2.844703 1.216154 2.484990
    36 0.032719 4.587772 -1.352291 -1.640230 1.283114 -2.138753
    37 0.000000 -1.746723 -0.000002 0.662896 0.000000 0.000000
    38 -0.000006 1.754520 -0.000034 0.202280 0.000000 0.000000
    39 0.000000 -1.219208 -0.003908 0.092660 0.000000 0.000000
    40 0.000002 1.227070 0.000032 0.130356 0.000000 0.000000
    41 -0.367996 -4.204500 0.173244 2.943027 1.091688 2.536231
    42 0.368011 4.208412 -0.173239 3.085177 1.100761 2.833692
    43 0.000000 -2.368412 -0.000004 0.722081 0.000000 0.000000
    44 -0.000006 2.372318 -0.000032 0.722081 0.000000 0.000000
    45 0.000004 -1.576164 -0.000001 0.034255 0.000000 0.000000
    46 -0.000002 1.580170 0.000030 0.034255 0.000000 0.000000
    47 -0.937645 -3.856790 -0.959317 3.044205 1.001841 2.581100
    48 0.937672 3.860714 0.959333 2.886147 1.001849 2.581098
    49 0.000000 -1.686725 0.000000 0.491549 0.000000 0.000000
    50 -0.000013 1.690666 0.000021 0.491549 0.000000 0.000000
    51 -0.000002 -1.415630 0.000002 0.234212 0.000000 0.000000
    52 0.000008 1.423420 0.000028 0.234212 0.000000 0.000000
    53 -1.546646 -3.396381 -1.915569 3.024293 0.944156 2.514436
    54 1.546661 3.404217 1.915585 3.024293 0.944156 2.514435
    55 0.000004 -1.433914 0.000000 0.424958 0.000000 0.000000
    56 -0.000021 1.437870 0.000031 0.424957 0.000000 0.000000
    57 -0.000002 -1.051590 0.000000 0.322075 0.000000 0.000000
    58 0.000006 1.059372 0.000008 0.322075 0.000000 0.000000
    59 -0.000004 -13.013485 -0.000004 0.000000 0.000000 0.000000
    60 0.000000 -10.813480 -0.000004 0.000000 0.000000 0.000000
  time 1
    0 3.357422 4.734375 -15.507813 -1.559898 -0.000007 -0.000009
    1 -21.391670 -4.982368 -8.978693 -1.064077 -0.072519 0.165240
    2 0.000000 14.313023 0.000003 -0.982659 0.000000 0.000000
    3 -0.000011 13.013483 -0.000005 -0.541191 -0.518649 0.771640
    4 2.359835 -1.115047 -6.841906 1.519274 0.103794 -0.708316
    5 0.000000 -14.313034 0.000000 -0.486788 0.000529 -0.000289
    6 -0.000004 -13.013485 -0.000004 0.458782 0.161883 0.500357
    7 -1.330879 -2.698427 0.462449 -0.194886 -0.547260 3.056712
    8 1.330910 2.698444 -0.462436 0.194890 0.547268 -0.084879
    9 8.476563 4.574219 -4.273438 -0.711697 0.510276 1.094600
    10 3.556210 4.238403 0.987502 -1.090396 0.577049 -0.321829
    11 4.139183 5.092691 1.421975 -1.090396 0.577049 -0.321829
    12 4.777527 6.028128 1.897721 -1.090396 0.577049 -0.321829
    13 5.490345 7.072691 2.428969 -1.090396 0.577049 -0.321829
    14 6.558594 8.632813 3.232422 -1.090396 0.577049 -0.321829
    15 7.558525 6.997282 -2.354134 -1.937336 -0.275393 3.010581
    16 7.558525 6.997282 -2.354134 1.937336 0.275393 -0.131011
    17 -2.867767 -2.740969 0.531125 2.051196 0.577049 -0.321829
    18 4.324081 2.744001 -0.524877 -1.090396 0.577049 -0.321829
    19 5.012512 3.752832 -0.011802 -1.090396 0.577049 -0.321829
    20 5.595486 4.607124 0.422674 -1.090396 0.577049 -0.321829
    21 6.233833 5.542564 0.898426 -1.090396 0.577049 -0.321829
    22 6.946648 6.587124 1.429667 -1.090396 0.577049 -0.321829
    23 7.537933 7.453606 1.870349 -1.090396 0.577049 -0.321829
    24 8.154472 8.357077 2.329839 -1.090396 0.577049 -0.321829
    25 8.874294 9.411907 2.866308 -1.090396 0.577049 -0.321829
    26 -4.125858 -2.321501 1.394414 2.051196 0.577049 -0.321829
    27 -4.826813 -3.348669 0.872014 2.051196 0.577049 -0.321829
    28 -5.441669 -4.249685 0.413772 2.051196 0.577049 -0.321829
    29 -0.552532 -1.343527 1.604446 -1.131258 0.062036 -0.739330
    30 0.552589 1.343534 -1.604463 -1.114994 0.161114 -0.499872
    31 0.000000 -2.021618 -0.000004 0.186809 0.000000 0.000000
    32 -0.000021 2.021633 0.000027 0.182215 0.000000 0.000000
    33 -0.000004 -1.136217 -0.000004 0.006928 0.000000 0.000000
    34 -0.000011 1.136200 -0.000019 0.220656 0.000000 0.000000
    35 -0.032677 -4.579914 1.352317 2.844703 1.216154 2.484990
    36 0.032719 4.587772 -1.352291 -1.640230 1.283114 -2.138753
    37 0.000000 -1.746723 -0.000002 0.662896 0.000000 0.000000
    38 -0.000006 1.754520 -0.000034 0.202280 0.000000 0.000000
    39 0.000000 -1.219208 -0.003908 0.092660 0.000000 0.000000
    40 0.000002 1.227070 0.000032 0.130356 0.000000 0.000000
    41 -0.367996 -4.204500 0.173244 2.943027 1.091688 2.536231
    42 0.368011 4.208412 -0.173239 3.085177 1.100761 2.833692
    43 0.000000 -2.368412 -0.000004 0.722081 0.000000 0.000000
    44 -0.000006 2.372318 -0.000032 0.722081 0.000000 0.000000
    45 0.000004 -1.576164 -0.000001 0.034255 0.000000 0.000000
    46 -0.000002 1.580170 0.000030 0.034255 0.000000 0.000000
    47 -0.937645 -3.852884 -0.959317 3.044205 1.001841 2.581100
    48 0.937672 3.860714 0.959333 2.886147 1.001849 2.581098
    49 0.000000 -1.682819 0.000000 0.491549 0.000000 0.000000
    50 -0.000013 1.690666 0.000021 0.491549 0.000000 0.000000
    51 -0.000002 -1.415630 0.000002 0.234212 0.000000 0.000000
    52 0.000008 1.423420 0.000028 0.234212 0.000000 0.000000
    53 -1.546646 -3.396381 -1.915569 3.024293 0.944156 2.514436
    54 1.546661 3.404217 1.915585 3.024293 0.944156 2.514435
    55 0.000004 -1.433914 0.000000 0.424958 0.000000 0.000000
    56 -0.000021 1.437870 0.000031 0.424957 0.000000 0.000000
    57 -0.000002 -1.051590 0.000000 0.322075 0.000000 0.000000
    58 0.000006 1.059372 0.000008 0.322075 0.000000 0.000000
    59 -0.000004 -13.013485 -0.000004 0.000000 0.000000 0.000000
    60 0.000000 -10.813480 -0.000004 0.000000 0.000000 0.000000
  time 2
    0 3.357422 4.734375 -15.507813 -1.559898 -0.000007 -0.000009
    1 -21.391670 -4.955023 -8.978693 -1.064077 -0.072519 0.165240
    2 0.000000 14.313023 0.000003 -0.982659 0.000000 0.000000
    3 -0.000011 13.013483 -0.000005 -0.535840 -0.518932 0.771256
    4 2.398899 -1.255676 -6.841906 1.521093 0.107129 -0.711573
    5 0.000000 -14.313034 0.000000 -0.486788 0.000529 -0.000289
    6 -0.000004 -13.013485 -0.000004 0.458782 0.161883 0.500357
    7 -1.330879 -2.698427 0.462449 -0.194886 -0.547260 3.056712
    8 1.330910 2.698444 -0.462436 0.194890 0.547268 -0.084879
    9 8.476563 4.574219 -4.273438 -0.711697 0.510276 1.094600
    10 3.556210 4.238403 0.987502 -1.090396 0.577049 -0.321829
    11 4.139183 5.092691 1.421975 -1.090396 0.577049 -0.321829
    12 4.777527 6.028128 1.897721 -1.090396 0.577049 -0.321829
    13 5.490345 7.072691 2.428969 -1.090396 0.577049 -0.321829
    14 6.558594 8.632813 3.232422 -1.090396 0.577049 -0.321829
    15 7.558525 6.997282 -2.354134 -1.937336 -0.275393 3.010581
    16 7.558525 6.997282 -2.354134 1.937336 0.275393 -0.131011
    17 -2.867767 -2.740969 0.531125 2.051196 0.577049 -0.321829
    18 4.324081 2.744001 -0.524877 -1.090396 0.577049 -0.321829
    19 5.012512 3.752832 -0.011802 -1.090396 0.577049 -0.321829
    20 5.595486 4.607124 0.422674 -1.090396 0.577049 -0.321829
    21 6.233833 5.542564 0.898426 -1.090396 0.577049 -0.321829
    22 6.946648 6.587124 1.429667 -1.090396 0.577049 -0.321829
    23 7.537933 7.453606 1.870349 -1.090396 0.577049 -0.321829
    24 8.154472 8.357077 2.329839 -1.090396 0.577049 -0.321829
    25 8.874294 9.411907 2.866308 -1.090396 0.577049 -0.321829
    26 -4.125858 -2.321501 1.394414 2.051196 0.577049 -0.321829
    27 -4.826813 -3.348669 0.872014 2.051196 0.577049 -0.321829
    28 -5.441669 -4.249685 0.413772 2.051196 0.577049 -0.321829
    29 -0.552532 -1.343527 1.604446 -1.131258 0.062036 -0.739330
    30 0.552589 1.343534 -1.604463 -1.114994 0.161114 -0.499872
    31 0.000000 -2.021618 -0.000004 0.186809 0.000000 0.000000
    32 -0.000021 2.021633 0.000027 0.182215 0.000000 0.000000
    33 -0.000004 -1.136217 -0.000004 0.006928 0.000000 0.000000
    34 -0.000011 1.136200 -0.000019 0.220656 0.000000 0.000000
    35 -0.032677 -4.583820 1.352317 2.844703 1.216154 2.484990
    36 0.032719 4.587772 -1.352291 -1.640230 1.283114 -2.138753
    37 0.000000 -1.746723 -0.000002 0.662896 0.000000 0.000000
    38 -0.000006 1.754520 -0.000034 0.202280 0.000000 0.000000
    39 0.000000 -1.219208 -0.003908 0.092660 0.000000 0.000000
    40 0.000002 1.227070 0.000032 0.130356 0.000000 0.000000
    41 -0.367996 -4.204500 0.173244 2.943027 1.091688 2.536231
    42 0.368011 4.208412 -0.173239 3.085177 1.100761 2.833692
    43 0.000000 -2.368412 -0.000004 0.722081 0.000000 0.000000
    44 -0.000006 2.372318 -0.000032 0.722081 0.000000 0.000000
    45 0.000004 -1.576164 -0.000001 0.034255 0.000000 0.000000
    46 -0.000002 1.580170 0.000030 0.034255 0.000000 0.000000
    47 -0.937645 -3.856790 -0.959317 3.044205 1.001841 2.581100
    48 0.937672 3.860714 0.959333 2.886147 1.001849 2.581098
    49 0.000000 -1.682819 0.000000 0.491549 0.000000 0.000000
    50 -0.000013 1.690666 0.000021 0.491549 0.000000 0.000000
    51 -0.000002 -1.415630 0.000002 0.234212 0.000000 0.000000
    52 0.000008 1.423420 0.000028 0.234212 0.000000 0.000000
    53 -1.546646 -3.400288 -1.915569 3.024293 0.944156 2.514436
    54 1.546661 3.404217 1.915585 3.024293 0.944156 2.514435
    55 0.000004 -1.433914 0.000000 0.424958 0.000000 0.000000
    56 -0.000021 1.437870 0.000031 0.424957 0.000000 0.000000
    57 -0.000002 -1.051590 0.000000 0.322075 0.000000 0.000000
    58 0.000006 1.059372 0.000008 0.322075 0.000000 0.000000
    59 -0.000004 -13.013485 -0.000004 0.000000 0.000000 0.000000
    60 0.000000 -10.813480 -0.000004 0.000000 0.000000 0.000000
  time 3
    0 3.357422 4.734375 -15.507813 -1.559898 -0.000007 -0.000009
    1 -21.391670 -4.904240 -8.978693 -1.064077 -0.072519 0.165240
    2 0.000000 14.313023 0.000003 -0.982659 0.000000 0.000000
    3 -0.000011 13.013483 -0.000005 -0.530394 -0.519215 0.770969
    4 2.441869 -1.380680 -6.837999 1.523104 0.110540 -0.714925
    5 0.000000 -14.313034 0.000000 -0.486788 0.000529 -0.000289
    6 -0.000004 -13.013485 -0.000004 0.458782 0.161883 0.500357
    7 -1.330879 -2.698427 0.462449 -0.194886 -0.547260 3.056712
    8 1.330910 2.698444 -0.462436 0.194890 0.547268 -0.084879
    9 8.476563 4.574219 -4.273438 -0.711697 0.510276 1.094600
    10 3.556210 4.238403 0.987502 -1.090396 0.577049 -0.321829
    11 4.139183 5.092691 1.421975 -1.090396 0.577049 -0.321829
    12 4.777527 6.028128 1.897721 -1.090396 0.577049 -0.321829
    13 5.490345 7.072691 2.428969 -1.090396 0.577049 -0.321829
    14 6.558594 8.632813 3.232422 -1.090396 0.577049 -0.321829
    15 7.558525 6.997282 -2.354134 -1.937336 -0.275393 3.010581
    16 7.558525 6.997282 -2.354134 1.937336 0.275393 -0.131011
    17 -2.867767 -2.740969 0.531125 2.051196 0.577049 -0.321829
    18 4.324081 2.744001 -0.524877 -1.090396 0.577049 -0.321829
    19 5.012512 3.752832 -0.011802 -1.090396 0.577049 -0.321829
    20 5.595486 4.607124 0.422674 -1.090396 0.577049 -0.321829
    21 6.233833 5.542564 0.898426 -1.090396 0.577049 -0.321829
    22 6.946648 6.587124 1.429667 -1.090396 0.577049 -0.321829
    23 7.537933 7.453606 1.870349 -1.090396 0.577049 -0.321829
    24 8.154472 8.357077 2.329839 -1.090396 0.577049 -0.321829
    25 8.874294 9.411907 2.866308 -1.090396 0.577049 -0.321829
    26 -4.125858 -2.321501 1.394414 2.051196 0.577049 -0.321829
    27 -4.826813 -3.348669 0.872014 2.051196 0.577049 -0.321829
    28 -5.441669 -4.249685 0.413772 2.051196 0.577049 -0.321829
    29 -0.552532 -1.343527 1.604446 -1.131258 0.062036 -0.739330
    30 0.552589 1.343534 -1.604463 -1.114994 0.161114 -0.499872
    31 0.000000 -2.021618 -0.000004 0.186809 0.000000 0.000000
    32 -0.000021 2.021633 0.000027 0.182215 0.000000 0.000000
    33 -0.000004 -1.136217 -0.000004 0.006928 0.000000 0.000000
    34 -0.000011 1.136200 -0.000019 0.220656 0.000000 0.000000
    35 -0.032677 -4.579914 1.352317 2.844703 1.216154 2.484990
    36 0.032719 4.587772 -1.352291 -1.640230 1.283114 -2.138753
    37 0.000000 -1.746723 -0.000002 0.662896 0.000000 0.000000
    38 -0.000006 1.754520 -0.000034 0.202325 0.000000 0.000000
    39 0.000000 -1.219208 -0.003908 0.092660 0.000000 0.000000
    40 0.000002 1.227070 0.000032 0.130356 0.000000 0.000000
    41 -0.367996 -4.204500 0.173244 2.943027 1.091688 2.536231
    42 0.368011 4.208412 -0.173239 3.085177 1.100761 2.833692
    43 0.000000 -2.368412 -0.000004 0.722081 0.000000 0.000000
    44 -0.000006 2.372318 -0.000032 0.722081 0.000000 0.000000
    45 0.000004 -1.576164 -0.000001 0.034255 0.000000 0.000000
    46 -0.000002 1.580170 0.000030 0.034255 0.000000 0.000000
    47 -0.937645 -3.852884 -0.959317 3.044205 1.001841 2.581100
    48 0.937672 3.860714 0.959333 2.886147 1.001849 2.581098
    49 0.000000 -1.682819 0.000000 0.491549 0.000000 0.000000
    50 -0.000013 1.690666 0.000021 0.491549 0.000000 0.000000
    51 -0.000002 -1.415630 0.000002 0.234212 0.000000 0.000000
    52 0.000008 1.423420 0.000028 0.234212 0.000000 0.000000
    53 -1.546646 -3.396381 -1.915569 3.024293 0.944156 2.514436
    54 1.546661 3.404217 1.915585 3.024293 0.944156 2.514435
    55 0.000004 -1.433914 0.000000 0.424958 0.000000 0.000000
    56 -0.000021 1.437870 0.000031 0.424957 0.000000 0.000000
    57 -0.000002 -1.051590 0.000000 0.322075 0.000000 0.000000
    58 0.000006 1.059372 0.000008 0.322075 0.000000 0.000000
    59 -0.000004 -13.013485 -0.000004 0.000000 0.000000 0.000000
    60 0.000000 -10.813480 -0.000004 0.000000 0.000000 0.000000
  time 4
    0 3.357422 4.734375 -15.507813 -1.559898 -0.000007 -0.000009
    1 -21.391670 -4.849551 -8.974786 -1.064077 -0.072519 0.165240
    2 0.000000 14.313023 0.000003 -0.982659 0.000000 0.000000
    3 -0.000011 13.013483 -0.000005 -0.525616 -0.519498 0.770489
    4 2.477026 -1.486152 -6.834093 1.524732 0.113306 -0.717798
    5 0.000000 -14.313034 0.000000 -0.486788 0.000529 -0.000289
    6 -0.000004 -13.013485 -0.000004 0.458782 0.161883 0.500357
    7 -1.330879 -2.698427 0.462449 -0.194886 -0.547260 3.056712
    8 1.330910 2.698444 -0.462436 0.194890 0.547268 -0.084879
    9 8.476563 4.574219 -4.273438 -0.711697 0.510276 1.094600
    10 3.556210 4.238403 0.987502 -1.090396 0.577049 -0.321829
    11 4.139183 5.092691 1.421975 -1.090396 0.577049 -0.321829
    12 4.777527 6.028128 1.897721 -1.090396 0.577049 -0.321829
    13 5.490345 7.072691 2.428969 -1.090396 0.577049 -0.321829
    14 6.558594 8.632813 3.232422 -1.090396 0.577049 -0.321829
    15 7.558525 6.997282 -2.354134 -1.937336 -0.275393 3.010581
    16 7.558525 6.997282 -2.354134 1.937336 0.275393 -0.131011
    17 -2.867767 -2.740969 0.531125 2.051196 0.577049 -0.321829
    18 4.324081 2.744001 -0.524877 -1.090396 0.577049 -0.321829
    19 5.012512 3.752832 -0.011802 -1.090396 0.577049 -0.321829
    20 5.595486 4.607124 0.422674 -1.090396 0.577049 -0.321829
    21 6.233833 5.542564 0.898426 -1.090396 0.577049 -0.321829
    22 6.946648 6.587124 1.429667 -1.090396 0.577049 -0.321829
    23 7.537933 7.453606 1.870349 -1.090396 0.577049 -0.321829
    24 8.154472 8.357077 2.329839 -1.090396 0.577049 -0.321829
    25 8.874294 9.411907 2.866308 -1.090396 0.577049 -0.321829
    26 -4.125858 -2.321501 1.394414 2.051196 0.577049 -0.321829
    27 -4.826813 -3.348669 0.872014 2.051196 0.577049 -0.321829
    28 -5.441669 -4.249685 0.413772 2.051196 0.577049 -0.321829
    29 -0.552532 -1.343527 1.604446 -1.131258 0.062036 -0.739330
    30 0.552589 1.343534 -1.604463 -1.114994 0.161114 -0.499872
    31 0.000000 -2.021618 -0.000004 0.186809 0.000000 0.000000
    32 -0.000021 2.021633 0.000027 0.182215 0.000000 0.000000
    33 -0.000004 -1.136217 -0.000004 0.006928 0.000000 0.000000
    34 -0.000011 1.136200 -0.000019 0.220656 0.000000 0.000000
    35 -0.032677 -4.583820 1.352317 2.844703 1.216154 2.484990
    36 0.032719 4.587772 -1.352291 -1.640230 1.283114 -2.138753
    37 0.000000 -1.750629 -0.000002 0.662896 0.000000 0.000000
    38 -0.000006 1.754520 -0.000034 0.202325 0.000000 0.000000
    39 0.000000 -1.219208 -0.003908 0.092660 0.000000 0.000000
    40 0.000002 1.227070 0.000032 0.130356 0.000000 0.000000
    41 -0.367996 -4.204500 0.173244 2.943027 1.091688 2.536231
    42 0.368011 4.208412 -0.173239 3.085177 1.100761 2.833692
    43 0.000000 -2.368412 -0.000004 0.722081 0.000000 0.000000
    44 -0.000006 2.372318 -0.000032 0.722081 0.000000 0.000000
    45 0.000004 -1.576164 -0.000001 0.034255 0.000000 0.000000
    46 -0.000002 1.580170 0.000030 0.034255 0.000000 0.000000
    47 -0.937645 -3.856790 -0.959317 3.044205 1.001841 2.581100
    48 0.937672 3.860714 0.959333 2.886147 1.001849 2.581098
    49 0.000000 -1.682819 0.000000 0.491549 0.000000 0.000000
    50 -0.000013 1.690666 0.000021 0.491549 0.000000 0.000000
    51 -0.000002 -1.415630 0.000002 0.234212 0.000000 0.000000
    52 0.000008 1.423420 0.000028 0.234212 0.000000 0.000000
    53 -1.546646 -3.396381 -1.915569 3.024293 0.944156 2.514436
    54 1.546661 3.404217 1.915585 3.024293 0.944156 2.514435
    55 0.000004 -1.430008 0.000000 0.424958 0.000000 0.000000
    56 -0.000021 1.437870 0.000031 0.424957 0.000000 0.000000
    57 -0.000002 -1.051590 0.000000 0.322075 0.000000 0.000000
    58 0.000006 1.059372 0.000008 0.322075 0.000000 0.000000
    59 -0.000004 -13.013485 -0.000004 0.000000 0.000000 0.000000
    60 0.000000 -10.813480 -0.000004 0.000000 0.000000 0.000000
  time 5
    0 3.357422 4.734375 -15.507813 -1.559898 -0.000007 -0.000009
    1 -21.391670 -4.775330 -8.978693 -1.064077 -0.072519 0.165240
    2 0.000000 14.313023 0.000003 -0.982659 0.000000 0.000000
    3 -0.000011 13.013483 -0.000005 -0.521603 -0.519687 0.770298
    4 2.504371 -1.540841 -6.834093 1.526264 0.115883 -0.720384
    5 0.000000 -14.313034 0.000000 -0.486788 0.000529 -0.000289
    6 -0.000004 -13.013485 -0.000004 0.458782 0.161883 0.500357
    7 -1.330879 -2.698427 0.462449 -0.194886 -0.547260 3.056712
    8 1.330910 2.698444 -0.462436 0.194890 0.547268 -0.084879
    9 8.476563 4.574219 -4.273438 -0.711697 0.510276 1.094600
    10 3.556210 4.238403 0.987502 -1.090396 0.577049 -0.321829
    11 4.139183 5.092691 1.421975 -1.090396 0.577049 -0.321829
    12 4.777527 6.028128 1.897721 -1.090396 0.577049 -0.321829
    13 5.490345 7.072691 2.428969 -1.090396 0.577049 -0.321829
    14 6.558594 8.632813 3.232422 -1.090396 0.577049 -0.321829
    15 7.558525 6.997282 -2.354134 -1.937336 -0.275393 3.010581
    16 7.558525 6.997282 -2.354134 1.937336 0.275393 -0.131011
    17 -2.867767 -2.740969 0.531125 2.051196 0.577049 -0.321829
    18 4.324081 2.744001 -0.524877 -1.090396 0.577049 -0.321829
    19 5.012512 3.752832 -0.011802 -1.090396 0.577049 -0.321829
    20 5.595486 4.607124 0.422674 -1.090396 0.577049 -0.321829
    21 6.233833 5.542564 0.898426 -1.090396 0.577049 -0.321829
    22 6.946648 6.587124 1.429667 -1.090396 0.577049 -0.321829
    23 7.537933 7.453606 1.870349 -1.090396 0.577049 -0.321829
    24 8.154472 8.357077 2.329839 -1.090396 0.577049 -0.321829
    25 8.874294 9.411907 2.866308 -1.090396 0.577049 -0.321829
    26 -4.125858 -2.321501 1.394414 2.051196 0.577049 -0.321829
    27 -4.826813 -3.348669 0.872014 2.051196 0.577049 -0.321829
    28 -5.441669 -4.249685 0.413772 2.051196 0.577049 -0.321829
    29 -0.552532 -1.343527 1.604446 -1.131258 0.062036 -0.739330
    30 0.552589 1.343534 -1.604463 -1.114994 0.161114 -0.499872
    31 0.000000 -2.021618 -0.000004 0.186809 0.000000 0.000000
    32 -0.000021 2.021633 0.000027 0.182215 0.000000 0.000000
    33 -0.000004 -1.136217 -0.000004 0.006928 0.000000 0.000000
    34 -0.000011 1.136200 -0.000019 0.220656 0.000000 0.000000
    35 -0.032677 -4.579914 1.352317 2.844703 1.216154 2.484990
    36 0.032719 4.587772 -1.352291 -1.640230 1.283114 -2.138753
    37 0.000000 -1.746723 -0.000002 0.662896 0.000000 0.000000
    38 -0.000006 1.754520 -0.000034 0.202325 0.000000 0.000000
    39 0.000000 -1.219208 -0.003908 0.092660 0.000000 0.000000
    40 0.000002 1.227070 0.000032 0.130356 0.000000 0.000000
    41 -0.367996 -4.204500 0.173244 2.943027 1.091688 2.536231
    42 0.368011 4.208412 -0.173239 3.085177 1.100761 2.833692
    43 0.000000 -2.368412 -0.000004 0.722081 0.000000 0.000000
    44 -0.000006 2.372318 -0.000032 0.722081 0.000000 0.000000
    45 0.000004 -1.576164 -0.000001 0.034255 0.000000 0.000000
    46 -0.000002 1.580170 0.000030 0.034255 0.000000 0.000000
    47 -0.937645 -3.852884 -0.959317 3.044205 1.001841 2.581100
    48 0.937672 3.860714 0.959333 2.886147 1.001849 2.581098
    49 0.000000 -1.682819 0.000000 0.491549 0.000000 0.000000
    50 -0.000013 1.690666 0.000021 0.491549 0.000000 0.000000
    51 -0.000002 -1.415630 0.000002 0.234212 0.000000 0.000000
    52 0.000008 1.423420 0.000028 0.234212 0.000000 0.000000
    53 -1.546646 -3.400288 -1.915569 3.024293 0.944156 2.514436
    54 1.546661 3.404217 1.915585 3.024293 0.944156 2.514435
    55 0.000004 -1.433914 0.000000 0.424958 0.000000 0.000000
    56 -0.000021 1.437870 0.000031 0.424957 0.000000 0.000000
    57 -0.000002 -1.051590 0.000000 0.322075 0.000000 0.000000
    58 0.000006 1.059372 0.000008 0.322075 0.000000 0.000000
    59 -0.000004 -13.013485 -0.000004 0.000000 0.000000 0.000000
    60 0.000000 -10.813480 -0.000004 0.000000 0.000000 0.000000
  time 6
    0 3.357422 4.734375 -15.507813 -1.559898 -0.000007 -0.000009
    1 -21.391670 -4.701109 -8.978693 -1.064077 -0.072519 0.165240
    2 0.000000 14.313023 0.000003 -0.982659 0.000000 0.000000
    3 -0.000011 13.013483 -0.000005 -0.518641 -0.519781 0.770202
    4 2.535622 -1.572092 -6.830187 1.527318 0.117740 -0.722107
    5 0.000000 -14.313034 0.000000 -0.486788 0.000529 -0.000289
    6 -0.000004 -13.013485 -0.000004 0.458782 0.161883 0.500357
    7 -1.330879 -2.698427 0.462449 -0.194886 -0.547260 3.056712
    8 1.330910 2.698444 -0.462436 0.194890 0.547268 -0.084879
    9 8.476563 4.574219 -4.273438 -0.711697 0.510276 1.094600
    10 3.556210 4.238403 0.987502 -1.090396 0.577049 -0.321829
    11 4.139183 5.092691 1.421975 -1.090396 0.577049 -0.321829
    12 4.777527 6.028128 1.897721 -1.090396 0.577049 -0.321829
    13 5.490345 7.072691 2.428969 -1.090396 0.577049 -0.321829
    14 6.558594 8.632813 3.232422 -1.090396 0.577049 -0.321829
    15 7.558525 6.997282 -2.354134 -1.937336 -0.275393 3.010581
    16 7.558525 6.997282 -2.354134 1.937336 0.275393 -0.131011
    17 -2.867767 -2.740969 0.531125 2.051196 0.577049 -0.321829
    18 4.324081 2.744001 -0.524877 -1.090396 0.577049 -0.321829
    19 5.012512 3.752832 -0.011802 -1.090396 0.577049 -0.321829
    20 5.595486 4.607124 0.422674 -1.090396 0.577049 -0.321829
    21 6.233833 5.542564 0.898426 -1.090396 0.577049 -0.321829
    22 6.946648 6.587124 1.429667 -1.090396 0.577049 -0.321829
    23 7.537933 7.453606 1.870349 -1.090396 0.577049 -0.321829
    24 8.154472 8.357077 2.329839 -1.090396 0.577049 -0.321829
    25 8.874294 9.411907 2.866308 -1.090396 0.577049 -0.321829
    26 -4.125858 -2.321501 1.394414 2.051196 0.577049 -0.321829
    27 -4.826813 -3.348669 0.872014 2.051196 0.577049 -0.321829
    28 -5.441669 -4.249685 0.413772 2.051196 0.577049 -0.321829
    29 -0.552532 -1.343527 1.604446 -1.131258 0.062036 -0.739330
    30 0.552589 1.343534 -1.604463 -1.114994 0.161114 -0.499872
    31 0.000000 -2.021618 -0.000004 0.186809 0.000000 0.000000
    32 -0.000021 2.021633 0.000027 0.182215 0.000000 0.000000
    33 -0.000004 -1.136217 -0.000004 0.006928 0.000000 0.000000
    34 -0.000011 1.136200 -0.000019 0.220656 0.000000 0.000000
    35 -0.032677 -4.579914 1.352317 2.844703 1.216154 2.484990
    36 0.032719 4.587772 -1.352291 -1.640230 1.283114 -2.138753
    37 0.000000 -1.750629 -0.000002 0.662896 0.000000 0.000000
    38 -0.000006 1.754520 -0.000034 0.202325 0.000000 0.000000
    39 0.000000 -1.219208 -0.003908 0.092660 0.000000 0.000000
    40 0.000002 1.227070 0.000032 0.130356 0.000000 0.000000
    41 -0.367996 -4.204500 0.173244 2.943027 1.091688 2.536231
    42 0.368011 4.208412 -0.173239 3.085177 1.100761 2.833692
    43 0.000000 -2.368412 -0.000004 0.722081 0.000000 0.000000
    44 -0.000006 2.372318 -0.000032 0.722081 0.000000 0.000000
    45 0.000004 -1.576164 -0.000001 0.034255 0.000000 0.000000
    46 -0.000002 1.580170 0.000030 0.034255 0.000000 0.000000
    47 -0.937645 -3.852884 -0.959317 3.044205 1.001841 2.581100
    48 0.937672 3.860714 0.959333 2.886147 1.001849 2.581098
    49 0.000000 -1.682819 0.000000 0.491549 0.000000 0.000000
    50 -0.000013 1.690666 0.000021 0.491549 0.000000 0.000000
    51 -0.000002 -1.415630 0.000002 0.234212 0.000000 0.000000
    52 0.000008 1.423420 0.000028 0.234212 0.000000 0.000000
    53 -1.546646 -3.400288 -1.915569 3.024293 0.944156 2.514436
    54 1.546661 3.404217 1.915585 3.024293 0.944156 2.514435
    55 0.000004 -1.433914 0.000000 0.424958 0.000000 0.000000
    56 -0.000021 1.437870 0.000031 0.424957 0.000000 0.000000
    57 -0.000002 -1.051590 0.000000 0.322075 0.000000 0.000000
    58 0.000006 1.059372 0.000008 0.322075 0.000000 0.000000
    59 -0.000004 -13.013485 -0.000004 0.000000 0.000000 0.000000
    60 0.000000 -10.813480 -0.000004 0.000000 0.000000 0.000000
  time 7
    0 3.357422 4.734375 -15.507813 -1.559898 -0.000007 -0.000009
    1 -21.391670 -4.615169 -8.978693 -1.064077 -0.072519 0.165240
    2 0.000000 14.313023 0.000003 -0.982659 0.000000 0.000000
    3 -0.000011 13.013483 -0.000005 -0.516921 -0.519923 0.770106
    4 2.547341 -1.540841 -6.830187 1.527892 0.118839 -0.723257
    5 0.000000 -14.313034 0.000000 -0.486788 0.000529 -0.000289
    6 -0.000004 -13.013485 -0.000004 0.458782 0.161883 0.500357
    7 -1.330879 -2.698427 0.462449 -0.194886 -0.547260 3.056712
    8 1.330910 2.698444 -0.462436 0.194890 0.547268 -0.084879
    9 8.476563 4.574219 -4.273438 -0.711697 0.510276 1.094600
    10 3.556210 4.238403 0.987502 -1.090396 0.577049 -0.321829
    11 4.139183 5.092691 1.421975 -1.090396 0.577049 -0.321829
    12 4.777527 6.028128 1.897721 -1.090396 0.577049 -0.321829
    13 5.490345 7.072691 2.428969 -1.090396 0.577049 -0.321829
    14 6.558594 8.632813 3.232422 -1.090396 0.577049 -0.321829
    15 7.558525 6.997282 -2.354134 -1.937336 -0.275393 3.010581
    16 7.558525 6.997282 -2.354134 1.937336 0.275393 -0.131011
    17 -2.867767 -2.740969 0.531125 2.051196 0.577049 -0.321829
    18 4.324081 2.744001 -0.524877 -1.090396 0.577049 -0.321829
    19 5.012512 3.752832 -0.011802 -1.090396 0.577049 -0.321829
    20 5.595486 4.607124 0.422674 -1.090396 0.577049 -0.321829
    21 6.233833 5.542564 0.898426 -1.090396 0.577049 -0.321829
    22 6.946648 6.587124 1.429667 -1.090396 0.577049 -0.321829
    23 7.537933 7.453606 1.870349 -1.090396 0.577049 -0.321829
    24 8.154472 8.357077 2.329839 -1.090396 0.577049 -0.321829
    25 8.874294 9.411907 2.866308 -1.090396 0.577049 -0.321829
    26 -4.125858 -2.321501 1.394414 2.051196 0.577049 -0.321829
    27 -4.826813 -3.348669 0.872014 2.051196 0.577049 -0.321829
    28 -5.441669 -4.249685 0.413772 2.051196 0.577049 -0.321829
    29 -0.552532 -1.343527 1.604446 -1.131258 0.062036 -0.739330
    30 0.552589 1.343534 -1.604463 -1.114994 0.161114 -0.499872
    31 0.000000 -2.021618 -0.000004 0.186809 0.000000 0.000000
    32 -0.000021 2.021633 0.000027 0.182215 0.000000 0.000000
    33 -0.000004 -1.136217 -0.000004 0.006928 0.000000 0.000000
    34 -0.000011 1.136200 -0.000019 0.220656 0.000000 0.000000
    35 -0.032677 -4.583820 1.352317 2.844703 1.216154 2.484990
    36 0.032719 4.587772 -1.352291 -1.640230 1.283114 -2.138753
    37 0.000000 -1.746723 -0.000002 0.662896 0.000000 0.000000
    38 -0.000006 1.754520 -0.000034 0.202325 0.000000 0.000000
    39 0.000000 -1.219208 -0.003908 0.092660 0.000000 0.000000
    40 0.000002 1.227070 0.000032 0.130356 0.000000 0.000000
    41 -0.367996 -4.204500 0.173244 2.943027 1.091688 2.536231
    42 0.368011 4.208412 -0.173239 3.085177 1.100761 2.833692
    43 0.000000 -2.368412 -0.000004 0.722081 0.000000 0.000000
    44 -0.000006 2.372318 -0.000032 0.722081 0.000000 0.000000
    45 0.000004 -1.576164 -0.000001 0.034255 0.000000 0.000000
    46 -0.000002 1.580170 0.000030 0.034255 0.000000 0.000000
    47 -0.937645 -3.852884 -0.959317 3.044205 1.001841 2.581100
    48 0.937672 3.860714 0.959333 2.886147 1.001849 2.581098
    49 0.000000 -1.682819 0.000000 0.491549 0.000000 0.000000
    50 -0.000013 1.690666 0.000021 0.491549 0.000000 0.000000
    51 -0.000002 -1.415630 0.000002 0.234212 0.000000 0.000000
    52 0.000008 1.423420 0.000028 0.234212 0.000000 0.000000
    53 -1.546646 -3.400288 -1.915569 3.024293 0.944156 2.514436
    54 1.546661 3.404217 1.915585 3.024293 0.944156 2.514435
    55 0.000004 -1.433914 0.000000 0.424958 0.000000 0.000000
    56 -0.000021 1.437870 0.000031 0.424957 0.000000 0.000000
    57 -0.000002 -1.051590 0.000000 0.322075 0.000000 0.000000
    58 0.000006 1.059372 0.000008 0.322075 0.000000 0.000000
    59 -0.000004 -13.013485 -0.000004 0.000000 0.000000 0.000000
    60 0.000000 -10.813480 -0.000004 0.000000 0.000000 0.000000
  time 8
    0 3.357422 4.734375 -15.507813 -1.559898 -0.000007 -0.000009
    1 -21.391670 -4.537042 -8.978693 -1.064077 -0.072519 0.165240
    2 0.000000 14.313023 0.000003 -0.982659 0.000000 0.000000
    3 -0.000011 13.013483 -0.000005 -0.518546 -0.519781 0.770202
    4 2.535622 -1.408025 -6.822374 1.527318 0.117778 -0.722203
    5 0.000000 -14.313034 0.000000 -0.486788 0.000529 -0.000289
    6 -0.000004 -13.013485 -0.000004 0.458782 0.161883 0.500357
    7 -1.330879 -2.698427 0.462449 -0.194886 -0.547260 3.056712
    8 1.330910 2.698444 -0.462436 0.194890 0.547268 -0.084879
    9 8.476563 4.574219 -4.273438 -0.711697 0.510276 1.094600
    10 3.556210 4.238403 0.987502 -1.090396 0.577049 -0.321829
    11 4.139183 5.092691 1.421975 -1.090396 0.577049 -0.321829
    12 4.777527 6.028128 1.897721 -1.090396 0.577049 -0.321829
    13 5.490345 7.072691 2.428969 -1.090396 0.577049 -0.321829
    14 6.558594 8.632813 3.232422 -1.090396 0.577049 -0.321829
    15 7.558525 6.997282 -2.354134 -1.937336 -0.275393 3.010581
    16 7.558525 6.997282 -2.354134 1.937336 0.275393 -0.131011
    17 -2.867767 -2.740969 0.531125 2.051196 0.577049 -0.321829
    18 4.324081 2.744001 -0.524877 -1.090396 0.577049 -0.321829
    19 5.012512 3.752832 -0.011802 -1.090396 0.577049 -0.321829
    20 5.595486 4.607124 0.422674 -1.090396 0.577049 -0.321829
    21 6.233833 5.542564 0.898426 -1.090396 0.577049 -0.321829
    22 6.946648 6.587124 1.429667 -1.090396 0.577049 -0.321829
    23 7.537933 7.453606 1.870349 -1.090396 0.577049 -0.321829
    24 8.154472 8.357077 2.329839 -1.090396 0.577049 -0.321829
    25 8.874294 9.411907 2.866308 -1.090396 0.577049 -0.321829
    26 -4.125858 -2.321501 1.394414 2.051196 0.577049 -0.321829
    27 -4.826813 -3.348669 0.872014 2.051196 0.577049 -0.321829
    28 -5.441669 -4.249685 0.413772 2.051196 0.577049 -0.321829
    29 -0.552532 -1.343527 1.604446 -1.131258 0.062036 -0.739330
    30 0.552589 1.343534 -1.604463 -1.114994 0.161114 -0.499872
    31 0.000000 -2.021618 -0.000004 0.186809 0.000000 0.000000
    32 -0.000021 2.021633 0.000027 0.182215 0.000000 0.000000
    33 -0.000004 -1.136217 -0.000004 0.006928 0.000000 0.000000
    34 -0.000011 1.136200 -0.000019 0.220656 0.000000 0.000000
    35 -0.032677 -4.579914 1.352317 2.844703 1.216154 2.484990
    36 0.032719 4.587772 -1.352291 -1.640230 1.283114 -2.138753
    37 0.000000 -1.746723 -0.000002 0.662896 0.000000 0.000000
    38 -0.000006 1.754520 -0.000034 0.202325 0.000000 0.000000
    39 0.000000 -1.219208 -0.003908 0.092660 0.000000 0.000000
    40 0.000002 1.227070 0.000032 0.130356 0.000000 0.000000
    41 -0.367996 -4.204500 0.173244 2.943027 1.091688 2.536231
    42 0.368011 4.208412 -0.173239 3.085177 1.100761 2.833692
    43 0.000000 -2.364506 -0.000004 0.722081 0.000000 0.000000
    44 -0.000006 2.372318 -0.000032 0.722081 0.000000 0.000000
    45 0.000004 -1.576164 -0.000001 0.034255 0.000000 0.000000
    46 -0.000002 1.580170 0.000030 0.034255 0.000000 0.000000
    47 -0.937645 -3.856790 -0.959317 3.044205 1.001841 2.581100
    48 0.937672 3.860714 0.959333 2.886147 1.001849 2.581098
    49 0.000000 -1.682819 0.000000 0.491549 0.000000 0.000000
    50 -0.000013 1.690666 0.000021 0.491549 0.000000 0.000000
    51 -0.000002 -1.415630 0.000002 0.234212 0.000000 0.000000
    52 0.000008 1.423420 0.000028 0.234212 0.000000 0.000000
    53 -1.546646 -3.400288 -1.915569 3.024293 0.944156 2.514436
    54 1.546661 3.404217 1.915585 3.024293 0.944156 2.514435
    55 0.000004 -1.430008 0.000000 0.424958 0.000000 0.000000
    56 -0.000021 1.437870 0.000031 0.424957 0.000000 0.000000
    57 -0.000002 -1.051590 0.000000 0.322075 0.000000 0.000000
    58 0.000006 1.059372 0.000008 0.322075 0.000000 0.000000
    59 -0.000004 -13.013485 -0.000004 0.000000 0.000000 0.000000
    60 0.000000 -10.813480 -0.000004 0.000000 0.000000 0.000000
  time 9
    0 3.357422 4.734375 -15.507813 -1.559898 -0.000007 -0.000009
    1 -21.391670 -4.455008 -8.978693 -1.064077 -0.072519 0.165240
    2 0.000000 14.313023 0.000003 -0.982659 0.000000 0.000000
    3 -0.000011 13.013483 -0.000005 -0.520170 -0.519734 0.770298
    4 2.519996 -1.267395 -6.822374 1.526647 0.116717 -0.721246
    5 0.000000 -14.313034 0.000000 -0.486788 0.000529 -0.000289
    6 -0.000004 -13.013485 -0.000004 0.458782 0.161883 0.500357
    7 -1.330879 -2.698427 0.462449 -0.194886 -0.547260 3.056712
    8 1.330910 2.698444 -0.462436 0.194890 0.547268 -0.084879
    9 8.476563 4.574219 -4.273438 -0.711697 0.510276 1.094600
    10 3.556210 4.238403 0.987502 -1.090396 0.577049 -0.321829
    11 4.139183 5.092691 1.421975 -1.090396 0.577049 -0.321829
    12 4.777527 6.028128 1.897721 -1.090396 0.577049 -0.321829
    13 5.490345 7.072691 2.428969 -1.090396 0.577049 -0.321829
    14 6.558594 8.632813 3.232422 -1.090396 0.577049 -0.321829
    15 7.558525 6.997282 -2.354134 -1.937336 -0.275393 3.010581
    16 7.558525 6.997282 -2.354134 1.937336 0.275393 -0.131011
    17 -2.867767 -2.740969 0.531125 2.051196 0.577049 -0.321829
    18 4.324081 2.744001 -0.524877 -1.090396 0.577049 -0.321829
    19 5.012512 3.752832 -0.011802 -1.090396 0.577049 -0.321829
    20 5.595486 4.607124 0.422674 -1.090396 0.577049 -0.321829
    21 6.233833 5.542564 0.898426 -1.090396 0.577049 -0.321829
    22 6.946648 6.587124 1.429667 -1.090396 0.577049 -0.321829
    23 7.537933 7.453606 1.870349 -1.090396 0.577049 -0.321829
    24 8.154472 8.357077 2.329839 -1.090396 0.577049 -0.321829
    25 8.874294 9.411907 2.866308 -1.090396 0.577049 -0.321829
    26 -4.125858 -2.321501 1.394414 2.051196 0.577049 -0.321829
    27 -4.826813 -3.348669 0.872014 2.051196 0.577049 -0.321829
    28 -5.441669 -4.249685 0.413772 2.051196 0.577049 -0.321829
    29 -0.552532 -1.343527 1.604446 -1.131258 0.062036 -0.739330
    30 0.552589 1.343534 -1.604463 -1.114994 0.161114 -0.499872
    31 0.000000 -2.021618 -0.000004 0.186809 0.000000 0.000000
    32 -0.000021 2.021633 0.000027 0.182215 0.000000 0.000000
    33 -0.000004 -1.136217 -0.000004 0.006928 0.000000 0.000000
    34 -0.000011 1.136200 -0.000019 0.220656 0.000000 0.000000
    35 -0.032677 -4.579914 1.352317 2.844703 1.216154 2.484990
    36 0.032719 4.587772 -1.352291 -1.640230 1.283114 -2.138753
    37 0.000000 -1.746723 -0.000002 0.662896 0.000000 0.000000
    38 -0.000006 1.754520 -0.000034 0.202325 0.000000 0.000000
    39 0.000000 -1.219208 -0.003908 0.092660 0.000000 0.000000
    40 0.000002 1.227070 0.000032 0.130356 0.000000 0.000000
    41 -0.367996 -4.200594 0.173244 2.943027 1.091688 2.536231
    42 0.368011 4.208412 -0.173239 3.085177 1.100761 2.833692
    43 0.000000 -2.368412 -0.000004 0.722081 0.000000 0.000000
    44 -0.000006 2.372318 -0.000032 0.722081 0.000000 0.000000
    45 0.000004 -1.576164 -0.003907 0.034255 0.000000 0.000000
    46 -0.000002 1.580170 0.000030 0.034255 0.000000 0.000000
    47 -0.937645 -3.852884 -0.959317 3.044205 1.001841 2.581100
    48 0.937672 3.860714 0.959333 2.886147 1.001849 2.581098
    49 0.000000 -1.682819 0.000000 0.491549 0.000000 0.000000
    50 -0.000013 1.690666 0.000021 0.491549 0.000000 0.000000
    51 -0.000002 -1.415630 0.000002 0.234212 0.000000 0.000000
    52 0.000008 1.423420 0.000028 0.234212 0.000000 0.000000
    53 -1.546646 -3.396381 -1.915569 3.024293 0.944156 2.514436
    54 1.546661 3.404217 1.915585 3.024293 0.944156 2.514435
    55 0.000004 -1.433914 0.000000 0.424958 0.000000 0.000000
    56 -0.000021 1.437870 0.000031 0.424957 0.000000 0.000000
    57 -0.000002 -1.051590 0.000000 0.322075 0.000000 0.000000
    58 0.000006 1.059372 0.000008 0.322075 0.000000 0.000000
    59 -0.000004 -13.013485 -0.000004 0.000000 0.000000 0.000000
    60 0.000000 -10.813480 -0.000004 0.000000 0.000000 0.000000
  time 10
    0 3.357422 4.734375 -15.507813 -1.559898 -0.000007 -0.000009
    1 -21.391670 -4.372974 -8.978693 -1.064077 -0.072519 0.165240
    2 0.000000 14.313023 0.000003 -0.982659 0.000000 0.000000
    3 -0.000011 13.013483 -0.000005 -0.523514 -0.519545 0.770393
    4 2.488745 -1.060358 -6.822374 1.525402 0.114443 -0.719139
    5 0.000000 -14.313034 0.000000 -0.486788 0.000529 -0.000289
    6 -0.000004 -13.013485 -0.000004 0.458782 0.161883 0.500357
    7 -1.330879 -2.698427 0.462449 -0.194886 -0.547260 3.056712
    8 1.330910 2.698444 -0.462436 0.194890 0.547268 -0.084879
    9 8.476563 4.574219 -4.273438 -0.711697 0.510276 1.094600
    10 3.556210 4.238403 0.987502 -1.090396 0.577049 -0.321829
    11 4.139183 5.092691 1.421975 -1.090396 0.577049 -0.321829
    12 4.777527 6.028128 1.897721 -1.090396 0.577049 -0.321829
    13 5.490345 7.072691 2.428969 -1.090396 0.577049 -0.321829
    14 6.558594 8.632813 3.232422 -1.090396 0.577049 -0.321829
    15 7.558525 6.997282 -2.354134 -1.937336 -0.275393 3.010581
    16 7.558525 6.997282 -2.354134 1.937336 0.275393 -0.131011
    17 -2.867767 -2.740969 0.531125 2.051196 0.577049 -0.321829
    18 4.324081 2.744001 -0.524877 -1.090396 0.577049 -0.321829
    19 5.012512 3.752832 -0.011802 -1.090396 0.577049 -0.321829
    20 5.595486 4.607124 0.422674 -1.090396 0.577049 -0.321829
    21 6.233833 5.542564 0.898426 -1.090396 0.577049 -0.321829
    22 6.946648 6.587124 1.429667 -1.090396 0.577049 -0.321829
    23 7.537933 7.453606 1.870349 -1.090396 0.577049 -0.321829
    24 8.154472 8.357077 2.329839 -1.090396 0.577049 -0.321829
    25 8.874294 9.411907 2.866308 -1.090396 0.577049 -0.321829
    26 -4.125858 -2.321501 1.394414 2.051196 0.577049 -0.321829
    27 -4.826813 -3.348669 0.872014 2.051196 0.577049 -0.321829
    28 -5.441669 -4.249685 0.413772 2.051196 0.577049 -0.321829
    29 -0.552532 -1.343527 1.604446 -1.131258 0.062036 -0.739330
    30 0.552589 1.343534 -1.604463 -1.114994 0.161114 -0.499872
    31 0.000000 -2.021618 -0.000004 0.186809 0.000000 0.000000
    32 -0.000021 2.021633 0.000027 0.182215 0.000000 0.000000
    33 -0.000004 -1.136217 -0.000004 0.006928 0.000000 0.000000
    34 -0.000011 1.136200 -0.000019 0.220656 0.000000 0.000000
    35 -0.032677 -4.583820 1.352317 2.844703 1.216154 2.484990
    36 0.032719 4.587772 -1.352291 -1.640230 1.283114 -2.138753
    37 0.000000 -1.746723 -0.000002 0.662896 0.000000 0.000000
    38 -0.000006 1.754520 -0.000034 0.202325 0.000000 0.000000
    39 0.000000 -1.219208 -0.003908 0.092660 0.000000 0.000000
    40 0.000002 1.227070 0.000032 0.130356 0.000000 0.000000
    41 -0.367996 -4.204500 0.173244 2.943027 1.091688 2.536231
    42 0.368011 4.208412 -0.173239 3.085177 1.100761 2.833692
    43 0.000000 -2.368412 -0.000004 0.722081 0.000000 0.000000
    44 -0.000006 2.372318 -0.000032 0.722081 0.000000 0.000000
    45 0.000004 -1.576164 -0.000001 0.034255 0.000000 0.000000
    46 -0.000002 1.580170 0.000030 0.034255 0.000000 0.000000
    47 -0.937645 -3.856790 -0.959317 3.044205 1.001841 2.581100
    48 0.937672 3.860714 0.959333 2.886147 1.001849 2.581098
    49 0.000000 -1.682819 0.000000 0.491549 0.000000 0.000000
    50 -0.000013 1.690666 0.000021 0.491549 0.000000 0.000000
    51 -0.000002 -1.415630 0.000002 0.234212 0.000000 0.000000
    52 0.000008 1.423420 0.000028 0.234212 0.000000 0.000000
    53 -1.546646 -3.400288 -1.915569 3.024293 0.944156 2.514436
    54 1.546661 3.404217 1.915585 3.024293 0.944156 2.514435
    55 0.000004 -1.433914 0.000000 0.424958 0.000000 0.000000
    56 -0.000021 1.437870 0.000031 0.424957 0.000000 0.000000
    57 -0.000002 -1.051590 0.000000 0.322075 0.000000 0.000000
    58 0.000006 1.059372 0.000008 0.322075 0.000000 0.000000
    59 -0.000004 -13.013485 -0.000004 0.000000 0.000000 0.000000
    60 0.000000 -10.813480 -0.000004 0.000000 0.000000 0.000000
  time 11
    0 3.357422 4.734375 -15.507813 -1.559898 -0.000007 -0.000009
    1 -21.391670 -4.302659 -8.978693 -1.064077 -0.072519 0.165240
    2 0.000000 14.313023 0.000003 -0.982659 0.000000 0.000000
    3 -0.000011 13.013483 -0.000005 -0.529820 -0.519215 0.770969
    4 2.441869 -0.790818 -6.818468 1.523296 0.110729 -0.715404
    5 0.000000 -14.313034 0.000000 -0.486788 0.000562 -0.000289
    6 -0.000004 -13.013485 -0.000004 0.458782 0.161883 0.500357
    7 -1.330879 -2.698427 0.462449 -0.194886 -0.547260 3.056712
    8 1.330910 2.698444 -0.462436 0.194890 0.547268 -0.084879
    9 8.476563 4.574219 -4.273438 -0.711697 0.510276 1.094600
    10 3.556210 4.238403 0.987502 -1.090396 0.577049 -0.321829
    11 4.139183 5.092691 1.421975 -1.090396 0.577049 -0.321829
    12 4.777527 6.028128 1.897721 -1.090396 0.577049 -0.321829
    13 5.490345 7.072691 2.428969 -1.090396 0.577049 -0.321829
    14 6.558594 8.632813 3.232422 -1.090396 0.577049 -0.321829
    15 7.558525 6.997282 -2.354134 -1.937336 -0.275393 3.010581
    16 7.558525 6.997282 -2.354134 1.937336 0.275393 -0.131011
    17 -2.867767 -2.740969 0.531125 2.051196 0.577049 -0.321829
    18 4.324081 2.744001 -0.524877 -1.090396 0.577049 -0.321829
    19 5.012512 3.752832 -0.011802 -1.090396 0.577049 -0.321829
    20 5.595486 4.607124 0.422674 -1.090396 0.577049 -0.321829
    21 6.233833 5.542564 0.898426 -1.090396 0.577049 -0.321829
    22 6.946648 6.587124 1.429667 -1.090396 0.577049 -0.321829
    23 7.537933 7.453606 1.870349 -1.090396 0.577049 -0.321829
    24 8.154472 8.357077 2.329839 -1.090396 0.577049 -0.321829
    25 8.874294 9.411907 2.866308 -1.090396 0.577049 -0.321829
    26 -4.125858 -2.321501 1.394414 2.051196 0.577049 -0.321829
    27 -4.826813 -3.348669 0.872014 2.051196 0.577049 -0.321829
    28 -5.441669 -4.249685 0.413772 2.051196 0.577049 -0.321829
    29 -0.552532 -1.343527 1.604446 -1.131258 0.062036 -0.739330
    30 0.552589 1.343534 -1.604463 -1.114994 0.161114 -0.499872
    31 0.000000 -2.021618 -0.000004 0.186809 0.000000 0.000000
    32 -0.000021 2.021633 0.000027 0.182215 0.000000 0.000000
    33 -0.000004 -1.136217 -0.000004 0.006928 0.000000 0.000000
    34 -0.000011 1.136200 -0.000019 0.220656 0.000000 0.000000
    35 -0.032677 -4.583820 1.352317 2.844703 1.216154 2.484990
    36 0.032719 4.587772 -1.352291 -1.640230 1.283114 -2.138753
    37 0.000000 -1.746723 -0.000002 0.662896 0.000000 0.000000
    38 -0.000006 1.754520 -0.000034 0.202325 0.000000 0.000000
    39 0.000000 -1.219208 -0.000002 0.092660 0.000000 0.000000
    40 0.000002 1.227070 0.000032 0.130356 0.000000 0.000000
    41 -0.367996 -4.204500 0.173244 2.943027 1.091688 2.536231
    42 0.368011 4.208412 -0.173239 3.085177 1.100761 2.833692
    43 0.000000 -2.368412 -0.000004 0.722081 0.000000 0.000000
    44 -0.000006 2.372318 -0.000032 0.722081 0.000000 0.000000
    45 0.000004 -1.576164 -0.003907 0.034255 0.000000 0.000000
    46 -0.000002 1.580170 0.000030 0.034255 0.000000 0.000000
    47 -0.937645 -3.856790 -0.959317 3.044205 1.001841 2.581100
    48 0.937672 3.860714 0.959333 2.886147 1.001849 2.581098
    49 0.000000 -1.682819 0.000000 0.491549 0.000000 0.000000
    50 -0.000013 1.690666 0.000021 0.491549 0.000000 0.000000
    51 -0.000002 -1.415630 0.000002 0.234212 0.000000 0.000000
    52 0.000008 1.423420 0.000028 0.234212 0.000000 0.000000
    53 -1.546646 -3.400288 -1.915569 3.024293 0.944156 2.514436
    54 1.546661 3.404217 1.915585 3.024293 0.944156 2.514435
    55 0.000004 -1.430008 0.000000 0.424958 0.000000 0.000000
    56 -0.000021 1.437870 0.000031 0.424957 0.000000 0.000000
    57 -0.000002 -1.051590 0.000000 0.322075 0.000000 0.000000
    58 0.000006 1.059372 0.000008 0.322075 0.000000 0.000000
    59 -0.000004 -13.013485 -0.000004 0.000000 0.000000 0.000000
    60 0.000000 -10.813480 -0.000004 0.000000 0.000000 0.000000
  time 12
    0 3.357422 4.734375 -15.507813 -1.559898 -0.000007 -0.000009
    1 -21.391670 -4.240157 -8.978693 -1.064077 -0.072519 0.165240
    2 0.000000 14.313023 0.000003 -0.982659 0.000000 0.000000
    3 -0.000011 13.013483 -0.000005 -0.537178 -0.518885 0.771448
    4 2.387180 -0.521279 -6.814561 1.520614 0.106182 -0.710998
    5 0.000000 -14.313034 0.000000 -0.486788 0.000562 -0.000289
    6 -0.000004 -13.013485 -0.000004 0.458782 0.161883 0.500357
    7 -1.330879 -2.698427 0.462449 -0.194886 -0.547260 3.056712
    8 1.330910 2.698444 -0.462436 0.194890 0.547268 -0.084879
    9 8.476563 4.574219 -4.273438 -0.711697 0.510276 1.094600
    10 3.556210 4.238403 0.987502 -1.090396 0.577049 -0.321829
    11 4.139183 5.092691 1.421975 -1.090396 0.577049 -0.321829
    12 4.777527 6.028128 1.897721 -1.090396 0.577049 -0.321829
    13 5.490345 7.072691 2.428969 -1.090396 0.577049 -0.321829
    14 6.558594 8.632813 3.232422 -1.090396 0.577049 -0.321829
    15 7.558525 6.997282 -2.354134 -1.937336 -0.275393 3.010581
    16 7.558525 6.997282 -2.354134 1.937336 0.275393 -0.131011
    17 -2.867767 -2.740969 0.531125 2.051196 0.577049 -0.321829
    18 4.324081 2.744001 -0.524877 -1.090396 0.577049 -0.321829
    19 5.012512 3.752832 -0.011802 -1.090396 0.577049 -0.321829
    20 5.595486 4.607124 0.422674 -1.090396 0.577049 -0.321829
    21 6.233833 5.542564 0.898426 -1.090396 0.577049 -0.321829
    22 6.946648 6.587124 1.429667 -1.090396 0.577049 -0.321829
    23 7.537933 7.453606 1.870349 -1.090396 0.577049 -0.321829
    24 8.154472 8.357077 2.329839 -1.090396 0.577049 -0.321829
    25 8.874294 9.411907 2.866308 -1.090396 0.577049 -0.321829
    26 -4.125858 -2.321501 1.394414 2.051196 0.577049 -0.321829
    27 -4.826813 -3.348669 0.872014 2.051196 0.577049 -0.321829
    28 -5.441669 -4.249685 0.413772 2.051196 0.577049 -0.321829
    29 -0.552532 -1.343527 1.604446 -1.131258 0.062036 -0.739330
    30 0.552589 1.343534 -1.604463 -1.114994 0.161114 -0.499872
    31 0.000000 -2.021618 -0.000004 0.186809 0.000000 0.000000
    32 -0.000021 2.021633 0.000027 0.182215 0.000000 0.000000
    33 -0.000004 -1.136217 -0.000004 0.006928 0.000000 0.000000
    34 -0.000011 1.136200 -0.000019 0.220656 0.000000 0.000000
    35 -0.032677 -4.583820 1.352317 2.844703 1.216154 2.484990
    36 0.032719 4.587772 -1.352291 -1.640230 1.283114 -2.138753
    37 0.000000 -1.746723 -0.000002 0.662896 0.000000 0.000000
    38 -0.000006 1.754520 -0.000034 0.202325 0.000000 0.000000
    39 0.000000 -1.219208 -0.003908 0.092660 0.000000 0.000000
    40 0.000002 1.227070 0.000032 0.130356 0.000000 0.000000
    41 -0.367996 -4.204500 0.173244 2.943027 1.091688 2.536231
    42 0.368011 4.208412 -0.173239 3.085177 1.100761 2.833692
    43 0.000000 -2.368412 -0.000004 0.722081 0.000000 0.000000
    44 -0.000006 2.372318 -0.000032 0.722081 0.000000 0.000000
    45 0.000004 -1.576164 -0.003907 0.034255 0.000000 0.000000
    46 -0.000002 1.580170 0.000030 0.034255 0.000000 0.000000
    47 -0.937645 -3.852884 -0.959317 3.044205 1.001841 2.581100
    48 0.937672 3.860714 0.959333 2.886147 1.001849 2.581098
    49 0.000000 -1.682819 0.000000 0.491549 0.000000 0.000000
    50 -0.000013 1.690666 0.000021 0.491549 0.000000 0.000000
    51 -0.000002 -1.415630 0.000002 0.234212 0.000000 0.000000
    52 0.000008 1.423420 0.000028 0.234212 0.000000 0.000000
    53 -1.546646 -3.396381 -1.915569 3.024293 0.944156 2.514436
    54 1.546661 3.404217 1.915585 3.024293 0.944156 2.514435
    55 0.000004 -1.433914 0.000000 0.424958 0.000000 0.000000
    56 -0.000021 1.437870 0.000031 0.424957 0.000000 0.000000
    57 -0.000002 -1.051590 0.000000 0.322075 0.000000 0.000000
    58 0.000006 1.059372 0.000008 0.322075 0.000000 0.000000
    59 -0.000004 -13.013485 -0.000004 0.000000 0.000000 0.000000
    60 0.000000 -10.813480 -0.000004 0.000000 0.000000 0.000000
  time 13
    0 3.357422 4.734375 -15.507813 -1.559898 -0.000007 -0.000009
    1 -21.391670 -4.193281 -8.978693 -1.064077 -0.072519 0.165240
    2 0.000000 14.313023 0.000003 -0.982659 0.000000 0.000000
    3 -0.000011 13.013483 -0.000005 -0.544344 -0.518508 0.771831
    4 2.332491 -0.240020 -6.810655 1.517837 0.101596 -0.706497
    5 0.000000 -14.313034 0.000000 -0.486788 0.000562 -0.000289
    6 -0.000004 -13.013485 -0.000004 0.458782 0.161883 0.500357
    7 -1.330879 -2.698427 0.462449 -0.194886 -0.547260 3.056712
    8 1.330910 2.698444 -0.462436 0.194890 0.547268 -0.084879
    9 8.476563 4.574219 -4.273438 -0.711697 0.510276 1.094600
    10 3.556210 4.238403 0.987502 -1.090396 0.577049 -0.321829
    11 4.139183 5.092691 1.421975 -1.090396 0.577049 -0.321829
    12 4.777527 6.028128 1.897721 -1.090396 0.577049 -0.321829
    13 5.490345 7.072691 2.428969 -1.090396 0.577049 -0.321829
    14 6.558594 8.632813 3.232422 -1.090396 0.577049 -0.321829
    15 7.558525 6.997282 -2.354134 -1.937336 -0.275393 3.010581
    16 7.558525 6.997282 -2.354134 1.937336 0.275393 -0.131011
    17 -2.867767 -2.740969 0.531125 2.051196 0.577049 -0.321829
    18 4.324081 2.744001 -0.524877 -1.090396 0.577049 -0.321829
    19 5.012512 3.752832 -0.011802 -1.090396 0.577049 -0.321829
    20 5.595486 4.607124 0.422674 -1.090396 0.577049 -0.321829
    21 6.233833 5.542564 0.898426 -1.090396 0.577049 -0.321829
    22 6.946648 6.587124 1.429667 -1.090396 0.577049 -0.321829
    23 7.537933 7.453606 1.870349 -1.090396 0.577049 -0.321829
    24 8.154472 8.357077 2.329839 -1.090396 0.577049 -0.321829
    25 8.874294 9.411907 2.866308 -1.090396 0.577049 -0.321829
    26 -4.125858 -2.321501 1.394414 2.051196 0.577049 -0.321829
    27 -4.826813 -3.348669 0.872014 2.051196 0.577049 -0.321829
    28 -5.441669 -4.249685 0.413772 2.051196 0.577049 -0.321829
    29 -0.552532 -1.343527 1.604446 -1.131258 0.062036 -0.739330
    30 0.552589 1.343534 -1.604463 -1.114994 0.161114 -0.499872
    31 0.000000 -2.021618 -0.000004 0.186809 0.000000 0.000000
    32 -0.000021 2.021633 0.000027 0.182215 0.000000 0.000000
    33 -0.000004 -1.136217 -0.000004 0.006928 0.000000 0.000000
    34 -0.000011 1.136200 -0.000019 0.220656 0.000000 0.000000
    35 -0.032677 -4.579914 1.352317 2.844703 1.216154 2.484990
    36 0.032719 4.587772 -1.352291 -1.640230 1.283114 -2.138753
    37 0.000000 -1.746723 -0.000002 0.662896 0.000000 0.000000
    38 -0.000006 1.754520 -0.000034 0.202325 0.000000 0.000000
    39 0.000000 -1.219208 -0.000002 0.092660 0.000000 0.000000
    40 0.000002 1.227070 0.000032 0.130356 0.000000 0.000000
    41 -0.367996 -4.204500 0.173244 2.943027 1.091688 2.536231
    42 0.368011 4.208412 -0.173239 3.085177 1.100761 2.833692
    43 0.000000 -2.368412 -0.000004 0.722081 0.000000 0.000000
    44 -0.000006 2.372318 -0.000032 0.722081 0.000000 0.000000
    45 0.000004 -1.576164 -0.000001 0.034255 0.000000 0.000000
    46 -0.000002 1.580170 0.000030 0.034255 0.000000 0.000000
    47 -0.937645 -3.852884 -0.959317 3.044205 1.001841 2.581100
    48 0.937672 3.860714 0.959333 2.886147 1.001849 2.581098
    49 0.000000 -1.682819 0.000000 0.491549 0.000000 0.000000
    50 -0.000013 1.690666 0.000021 0.491549 0.000000 0.000000
    51 -0.000002 -1.415630 0.000002 0.234212 0.000000 0.000000
    52 0.000008 1.423420 0.000028 0.234212 0.000000 0.000000
    53 -1.546646 -3.400288 -1.915569 3.024293 0.944156 2.514436
    54 1.546661 3.404217 1.915585 3.024293 0.944156 2.514435
    55 0.000004 -1.433914 0.000000 0.424958 0.000000 0.000000
    56 -0.000021 1.437870 0.000031 0.424957 0.000000 0.000000
    57 -0.000002 -1.051590 0.000000 0.322075 0.000000 0.000000
    58 0.000006 1.059372 0.000008 0.322075 0.000000 0.000000
    59 -0.000004 -13.013485 -0.000004 0.000000 0.000000 0.000000
    60 0.000000 -10.813480 -0.000004 0.000000 0.000000 0.000000
  time 14
    0 3.357422 4.734375 -15.507813 -1.559898 -0.000007 -0.000009
    1 -21.391670 -4.165936 -8.978693 -1.064077 -0.072519 0.165240
    2 0.000000 14.313023 0.000003 -0.982659 0.000000 0.000000
    3 -0.000011 13.013483 -0.000005 -0.551223 -0.518130 0.772311
    4 2.273895 0.033426 -6.810655 1.515443 0.097351 -0.702283
    5 0.000000 -14.313034 0.000000 -0.486788 0.000562 -0.000289
    6 -0.000004 -13.013485 -0.000004 0.458782 0.161883 0.500357
    7 -1.330879 -2.698427 0.462449 -0.194886 -0.547260 3.056712
    8 1.330910 2.698444 -0.462436 0.194890 0.547268 -0.084879
    9 8.476563 4.574219 -4.273438 -0.711697 0.510276 1.094600
    10 3.556210 4.238403 0.987502 -1.090396 0.577049 -0.321829
    11 4.139183 5.092691 1.421975 -1.090396 0.577049 -0.321829
    12 4.777527 6.028128 1.897721 -1.090396 0.577049 -0.321829
    13 5.490345 7.072691 2.428969 -1.090396 0.577049 -0.321829
    14 6.558594 8.632813 3.232422 -1.090396 0.577049 -0.321829
    15 7.558525 6.997282 -2.354134 -1.937336 -0.275393 3.010581
    16 7.558525 6.997282 -2.354134 1.937336 0.275393 -0.131011
    17 -2.867767 -2.740969 0.531125 2.051196 0.577049 -0.321829
    18 4.324081 2.744001 -0.524877 -1.090396 0.577049 -0.321829
    19 5.012512 3.752832 -0.011802 -1.090396 0.577049 -0.321829
    20 5.595486 4.607124 0.422674 -1.090396 0.577049 -0.321829
    21 6.233833 5.542564 0.898426 -1.090396 0.577049 -0.321829
    22 6.946648 6.587124 1.429667 -1.090396 0.577049 -0.321829
    23 7.537933 7.453606 1.870349 -1.090396 0.577049 -0.321829
    24 8.154472 8.357077 2.329839 -1.090396 0.577049 -0.321829
    25 8.874294 9.411907 2.866308 -1.090396 0.577049 -0.321829
    26 -4.125858 -2.321501 1.394414 2.051196 0.577049 -0.321829
    27 -4.826813 -3.348669 0.872014 2.051196 0.577049 -0.321829
    28 -5.441669 -4.249685 0.413772 2.051196 0.577049 -0.321829
    29 -0.552532 -1.343527 1.604446 -1.131258 0.062036 -0.739330
    30 0.552589 1.343534 -1.604463 -1.114994 0.161114 -0.499872
    31 0.000000 -2.021618 -0.000004 0.186809 0.000000 0.000000
    32 -0.000021 2.021633 0.000027 0.182215 0.000000 0.000000
    33 -0.000004 -1.136217 -0.000004 0.006928 0.000000 0.000000
    34 -0.000011 1.136200 -0.000019 0.220656 0.000000 0.000000
    35 -0.032677 -4.579914 1.352317 2.844703 1.216154 2.484990
    36 0.032719 4.587772 -1.352291 -1.640230 1.283114 -2.138753
    37 0.000000 -1.746723 -0.000002 0.662896 0.000000 0.000000
    38 -0.000006 1.754520 -0.000034 0.202325 0.000000 0.000000
    39 0.000000 -1.219208 -0.003908 0.092660 0.000000 0.000000
    40 0.000002 1.227070 0.000032 0.130356 0.000000 0.000000
    41 -0.367996 -4.204500 0.173244 2.943027 1.091688 2.536231
    42 0.368011 4.208412 -0.173239 3.085177 1.100761 2.833692
    43 0.000000 -2.368412 -0.000004 0.722081 0.000000 0.000000
    44 -0.000006 2.372318 -0.000032 0.722081 0.000000 0.000000
    45 0.000004 -1.576164 -0.000001 0.034255 0.000000 0.000000
    46 -0.000002 1.580170 0.000030 0.034255 0.000000 0.000000
    47 -0.937645 -3.856790 -0.959317 3.044205 1.001841 2.581100
    48 0.937672 3.860714 0.959333 2.886147 1.001849 2.581098
    49 0.000000 -1.682819 0.000000 0.491549 0.000000 0.000000
    50 -0.000013 1.690666 0.000021 0.491549 0.000000 0.000000
    51 -0.000002 -1.415630 0.000002 0.234212 0.000000 0.000000
    52 0.000008 1.423420 0.000028 0.234212 0.000000 0.000000
    53 -1.546646 -3.400288 -1.915569 3.024293 0.944156 2.514436
    54 1.546661 3.404217 1.915585 3.024293 0.944156 2.514435
    55 0.000004 -1.430008 0.000000 0.424958 0.000000 0.000000
    56 -0.000021 1.437870 0.000031 0.424957 0.000000 0.000000
    57 -0.000002 -1.051590 0.000000 0.322075 0.000000 0.000000
    58 0.000006 1.059372 0.000008 0.322075 0.000000 0.000000
    59 -0.000004 -13.013485 -0.000004 0.000000 0.000000 0.000000
    60 0.000000 -10.813480 -0.000004 0.000000 0.000000 0.000000
  time 15
    0 3.357422 4.734375 -15.507813 -1.559898 -0.000007 -0.000009
    1 -21.391670 -4.154217 -8.978693 -1.064077 -0.072519 0.165240
    2 0.000000 14.313023 0.000003 -0.982659 0.000000 0.000000
    3 -0.000011 13.013483 -0.000005 -0.557147 -0.517847 0.772790
    4 2.227019 0.217025 -6.806749 1.513145 0.093638 -0.698548
    5 0.000000 -14.313034 0.000000 -0.486788 0.000562 -0.000289
    6 -0.000004 -13.013485 -0.000004 0.458782 0.161883 0.500357
    7 -1.330879 -2.698427 0.462449 -0.194886 -0.547260 3.056712
    8 1.330910 2.698444 -0.462436 0.194890 0.547268 -0.084879
    9 8.476563 4.574219 -4.273438 -0.711697 0.510276 1.094600
    10 3.556210 4.238403 0.987502 -1.090396 0.577049 -0.321829
    11 4.139183 5.092691 1.421975 -1.090396 0.577049 -0.321829
    12 4.777527 6.028128 1.897721 -1.090396 0.577049 -0.321829
    13 5.490345 7.072691 2.428969 -1.090396 0.577049 -0.321829
    14 6.558594 8.632813 3.232422 -1.090396 0.577049 -0.321829
    15 7.558525 6.997282 -2.354134 -1.937336 -0.275393 3.010581
    16 7.558525 6.997282 -2.354134 1.937336 0.275393 -0.131011
    17 -2.867767 -2.740969 0.531125 2.051196 0.577049 -0.321829
    18 4.324081 2.744001 -0.524877 -1.090396 0.577049 -0.321829
    19 5.012512 3.752832 -0.011802 -1.090396 0.577049 -0.321829
    20 5.595486 4.607124 0.422674 -1.090396 0.577049 -0.321829
    21 6.233833 5.542564 0.898426 -1.090396 0.577049 -0.321829
    22 6.946648 6.587124 1.429667 -1.090396 0.577049 -0.321829
    23 7.537933 7.453606 1.870349 -1.090396 0.577049 -0.321829
    24 8.154472 8.357077 2.329839 -1.090396 0.577049 -0.321829
    25 8.874294 9.411907 2.866308 -1.090396 0.577049 -0.321829
    26 -4.125858 -2.321501 1.394414 2.051196 0.577049 -0.321829
    27 -4.826813 -3.348669 0.872014 2.051196 0.577049 -0.321829
    28 -5.441669 -4.249685 0.413772 2.051196 0.577049 -0.321829
    29 -0.552532 -1.343527 1.604446 -1.131258 0.062036 -0.739330
    30 0.552589 1.343534 -1.604463 -1.114994 0.161114 -0.499872
    31 0.000000 -2.021618 -0.000004 0.186809 0.000000 0.000000
    32 -0.000021 2.021633 0.000027 0.182215 0.000000 0.000000
    33 -0.000004 -1.136217 -0.000004 0.006928 0.000000 0.000000
    34 -0.000011 1.136200 -0.000019 0.220656 0.000000 0.000000
    35 -0.032677 -4.576007 1.352317 2.844703 1.216154 2.484990
    36 0.032719 4.587772 -1.352291 -1.640230 1.283114 -2.138753
    37 0.000000 -1.742817 -0.000002 0.662896 0.000000 0.000000
    38 -0.000006 1.754520 -0.000034 0.202325 0.000000 0.000000
    39 0.000000 -1.219208 -0.000002 0.092660 0.000000 0.000000
    40 0.000002 1.227070 0.000032 0.130356 0.000000 0.000000
    41 -0.367996 -4.204500 0.173244 2.943027 1.091688 2.536231
    42 0.368011 4.208412 -0.173239 3.085177 1.100761 2.833692
    43 0.000000 -2.368412 -0.000004 0.722081 0.000000 0.000000
    44 -0.000006 2.372318 -0.000032 0.722081 0.000000 0.000000
    45 0.000004 -1.576164 -0.000001 0.034255 0.000000 0.000000
    46 -0.000002 1.580170 0.000030 0.034255 0.000000 0.000000
    47 -0.937645 -3.856790 -0.959317 3.044205 1.001841 2.581100
    48 0.937672 3.860714 0.959333 2.886147 1.001849 2.581098
    49 0.000000 -1.682819 0.000000 0.491549 0.000000 0.000000
    50 -0.000013 1.690666 0.000021 0.491549 0.000000 0.000000
    51 -0.000002 -1.415630 0.000002 0.234212 0.000000 0.000000
    52 0.000008 1.423420 0.000028 0.234212 0.000000 0.000000
    53 -1.546646 -3.396381 -1.911663 3.024293 0.944156 2.514436
    54 1.546661 3.404217 1.915585 3.024293 0.944156 2.514435
    55 0.000004 -1.426101 0.000000 0.424958 0.000000 0.000000
    56 -0.000021 1.437870 0.000031 0.424957 0.000000 0.000000
    57 -0.000002 -1.051590 0.000000 0.322075 0.000000 0.000000
    58 0.000006 1.059372 0.000008 0.322075 0.000000 0.000000
    59 -0.000004 -13.013485 -0.000004 0.000000 0.000000 0.000000
    60 0.000000 -10.813480 -0.000004 0.000000 0.000000 0.000000
  time 16
    0 3.357422 4.734375 -15.507813 -1.559898 -0.000007 -0.000009
    1 -21.391670 -4.165936 -8.978693 -1.064077 -0.072519 0.165240
    2 0.000000 14.313023 0.000003 -0.982659 0.000000 0.000000
    3 -0.000011 13.013483 -0.000005 -0.562594 -0.517564 0.772982
    4 2.176236 0.396718 -6.798936 1.511038 0.090227 -0.695196
    5 0.000000 -14.313034 0.000000 -0.486788 0.000562 -0.000289
    6 -0.000004 -13.013485 -0.000004 0.458782 0.161883 0.500357
    7 -1.330879 -2.698427 0.462449 -0.194886 -0.547260 3.056712
    8 1.330910 2.698444 -0.462436 0.194890 0.547268 -0.084879
    9 8.476563 4.574219 -4.273438 -0.711697 0.510276 1.094600
    10 3.556210 4.238403 0.987502 -1.090396 0.577049 -0.321829
    11 4.139183 5.092691 1.421975 -1.090396 0.577049 -0.321829
    12 4.777527 6.028128 1.897721 -1.090396 0.577049 -0.321829
    13 5.490345 7.072691 2.428969 -1.090396 0.577049 -0.321829
    14 6.558594 8.632813 3.232422 -1.090396 0.577049 -0.321829
    15 7.558525 6.997282 -2.354134 -1.937336 -0.275393 3.010581
    16 7.558525 6.997282 -2.354134 1.937336 0.275393 -0.131011
    17 -2.867767 -2.740969 0.531125 2.051196 0.577049 -0.321829
    18 4.324081 2.744001 -0.524877 -1.090396 0.577049 -0.321829
    19 5.012512 3.752832 -0.011802 -1.090396 0.577049 -0.321829
    20 5.595486 4.607124 0.422674 -1.090396 0.577049 -0.321829
    21 6.233833 5.542564 0.898426 -1.090396 0.577049 -0.321829
    22 6.946648 6.587124 1.429667 -1.090396 0.577049 -0.321829
    23 7.537933 7.453606 1.870349 -1.090396 0.577049 -0.321829
    24 8.154472 8.357077 2.329839 -1.090396 0.577049 -0.321829
    25 8.874294 9.411907 2.866308 -1.090396 0.577049 -0.321829
    26 -4.125858 -2.321501 1.394414 2.051196 0.577049 -0.321829
    27 -4.826813 -3.348669 0.872014 2.051196 0.577049 -0.321829
    28 -5.441669 -4.249685 0.413772 2.051196 0.577049 -0.321829
    29 -0.552532 -1.343527 1.604446 -1.131258 0.062036 -0.739330
    30 0.552589 1.343534 -1.604463 -1.114994 0.161114 -0.499872
    31 0.000000 -2.021618 -0.000004 0.186809 0.000000 0.000000
    32 -0.000021 2.021633 0.000027 0.182215 0.000000 0.000000
    33 -0.000004 -1.136217 -0.000004 0.006928 0.000000 0.000000
    34 -0.000011 1.136200 -0.000019 0.220656 0.000000 0.000000
    35 -0.032677 -4.576007 1.352317 2.844703 1.216154 2.484990
    36 0.032719 4.587772 -1.352291 -1.640230 1.283114 -2.138753
    37 0.000000 -1.742817 -0.000002 0.662896 0.000000 0.000000
    38 -0.000006 1.754520 -0.000034 0.202325 0.000000 0.000000
    39 0.000000 -1.219208 -0.003908 0.092660 0.000000 0.000000
    40 0.000002 1.227070 0.000032 0.130356 0.000000 0.000000
    41 -0.367996 -4.204500 0.173244 2.943027 1.091688 2.536231
    42 0.368011 4.208412 -0.173239 3.085177 1.100761 2.833692
    43 0.000000 -2.364506 -0.000004 0.722081 0.000000 0.000000
    44 -0.000006 2.372318 -0.000032 0.722081 0.000000 0.000000
    45 0.000004 -1.576164 -0.000001 0.034255 0.000000 0.000000
    46 -0.000002 1.580170 0.000030 0.034255 0.000000 0.000000
    47 -0.937645 -3.852884 -0.959317 3.044205 1.001841 2.581100
    48 0.937672 3.860714 0.959333 2.886147 1.001849 2.581098
    49 0.000000 -1.682819 0.000000 0.491549 0.000000 0.000000
    50 -0.000013 1.690666 0.000021 0.491549 0.000000 0.000000
    51 -0.000002 -1.415630 0.000002 0.234212 0.000000 0.000000
    52 0.000008 1.423420 0.000028 0.234212 0.000000 0.000000
    53 -1.546646 -3.400288 -1.911663 3.024293 0.944156 2.514436
    54 1.546661 3.404217 1.915585 3.024293 0.944156 2.514435
    55 0.000004 -1.426101 0.000000 0.424958 0.000000 0.000000
    56 -0.000021 1.437870 0.000031 0.424957 0.000000 0.000000
    57 -0.000002 -1.047683 0.000000 0.322075 0.000000 0.000000
    58 0.000006 1.059372 0.000008 0.322075 0.000000 0.000000
    59 -0.000004 -13.013485 -0.000004 0.000000 0.000000 0.000000
    60 0.000000 -10.813480 -0.000004 0.000000 0.000000 0.000000
  time 17
    0 3.357422 4.734375 -15.507813 -1.559898 -0.000007 -0.000009
    1 -21.391670 -4.193281 -8.978693 -1.064077 -0.072519 0.165240
    2 0.000000 14.313023 0.000003 -0.982659 0.000000 0.000000
    3 -0.000011 13.013483 -0.000005 -0.568136 -0.517281 0.773461
    4 2.129359 0.545160 -6.798936 1.509027 0.086778 -0.691652
    5 0.000000 -14.313034 0.000000 -0.486788 0.000562 -0.000289
    6 -0.000004 -13.013485 -0.000004 0.458782 0.161883 0.500357
    7 -1.330879 -2.698427 0.462449 -0.194886 -0.547260 3.056712
    8 1.330910 2.698444 -0.462436 0.194890 0.547268 -0.084879
    9 8.476563 4.574219 -4.273438 -0.711697 0.510276 1.094600
    10 3.556210 4.238403 0.987502 -1.090396 0.577049 -0.321829
    11 4.139183 5.092691 1.421975 -1.090396 0.577049 -0.321829
    12 4.777527 6.028128 1.897721 -1.090396 0.577049 -0.321829
    13 5.490345 7.072691 2.428969 -1.090396 0.577049 -0.321829
    14 6.558594 8.632813 3.232422 -1.090396 0.577049 -0.321829
    15 7.558525 6.997282 -2.354134 -1.937336 -0.275393 3.010581
    16 7.558525 6.997282 -2.354134 1.937336 0.275393 -0.131011
    17 -2.867767 -2.740969 0.531125 2.051196 0.577049 -0.321829
    18 4.324081 2.744001 -0.524877 -1.090396 0.577049 -0.321829
    19 5.012512 3.752832 -0.011802 -1.090396 0.577049 -0.321829
    20 5.595486 4.607124 0.422674 -1.090396 0.577049 -0.321829
    21 6.233833 5.542564 0.898426 -1.090396 0.577049 -0.321829
    22 6.946648 6.587124 1.429667 -1.090396 0.577049 -0.321829
    23 7.537933 7.453606 1.870349 -1.090396 0.577049 -0.321829
    24 8.154472 8.357077 2.329839 -1.090396 0.577049 -0.321829
    25 8.874294 9.411907 2.866308 -1.090396 0.577049 -0.321829
    26 -4.125858 -2.321501 1.394414 2.051196 0.577049 -0.321829
    27 -4.826813 -3.348669 0.872014 2.051196 0.577049 -0.321829
    28 -5.441669 -4.249685 0.413772 2.051196 0.577049 -0.321829
    29 -0.552532 -1.343527 1.604446 -1.131258 0.062036 -0.739330
    30 0.552589 1.343534 -1.604463 -1.114994 0.161114 -0.499872
    31 0.000000 -2.021618 -0.000004 0.186809 0.000000 0.000000
    32 -0.000021 2.021633 0.000027 0.182215 0.000000 0.000000
    33 -0.000004 -1.136217 -0.000004 0.006928 0.000000 0.000000
    34 -0.000011 1.136200 -0.000019 0.220656 0.000000 0.000000
    35 -0.032677 -4.576007 1.352317 2.844703 1.216154 2.484990
    36 0.032719 4.587772 -1.352291 -1.640230 1.283114 -2.138753
    37 0.000000 -1.742817 -0.000002 0.662896 0.000000 0.000000
    38 -0.000006 1.754520 -0.000034 0.202325 0.000000 0.000000
    39 0.000000 -1.219208 -0.003908 0.092660 0.000000 0.000000
    40 0.000002 1.227070 0.000032 0.130356 0.000000 0.000000
    41 -0.367996 -4.204500 0.173244 2.943027 1.091688 2.536231
    42 0.368011 4.208412 -0.173239 3.085177 1.100761 2.833692
    43 0.000000 -2.364506 -0.000004 0.722081 0.000000 0.000000
    44 -0.000006 2.372318 -0.000032 0.722081 0.000000 0.000000
    45 0.000004 -1.576164 -0.000001 0.034255 0.000000 0.000000
    46 -0.000002 1.580170 0.000030 0.034255 0.000000 0.000000
    47 -0.937645 -3.856790 -0.959317 3.044205 1.001841 2.581100
    48 0.937672 3.860714 0.959333 2.886147 1.001849 2.581098
    49 0.000000 -1.682819 0.000000 0.491549 0.000000 0.000000
    50 -0.000013 1.690666 0.000021 0.491549 0.000000 0.000000
    51 -0.000002 -1.415630 0.000002 0.234212 0.000000 0.000000
    52 0.000008 1.423420 0.000028 0.234212 0.000000 0.000000
    53 -1.546646 -3.396381 -1.911663 3.024293 0.944156 2.514436
    54 1.546661 3.404217 1.915585 3.024293 0.944156 2.514435
    55 0.000004 -1.426101 0.000000 0.424958 0.000000 0.000000
    56 -0.000021 1.437870 0.000031 0.424957 0.000000 0.000000
    57 -0.000002 -1.051590 0.000000 0.322075 0.000000 0.000000
    58 0.000006 1.059372 0.000008 0.322075 0.000000 0.000000
    59 -0.000004 -13.013485 -0.000004 0.000000 0.000000 0.000000
    60 0.000000 -10.813480 -0.000004 0.000000 0.000000 0.000000
  time 18
    0 3.357422 4.734375 -15.507813 -1.559898 -0.000007 -0.000009
    1 -21.391670 -4.240157 -8.978693 -1.064077 -0.072519 0.165240
    2 0.000000 14.313023 0.000003 -0.982659 0.000000 0.000000
    3 -0.000011 13.013483 -0.000005 -0.573773 -0.516998 0.773748
    4 2.082483 0.685789 -6.791123 1.506920 0.083405 -0.688205
    5 0.000000 -14.313034 0.000000 -0.486788 0.000562 -0.000289
    6 -0.000004 -13.013485 -0.000004 0.458782 0.161883 0.500357
    7 -1.330879 -2.698427 0.462449 -0.194886 -0.547260 3.056712
    8 1.330910 2.698444 -0.462436 0.194890 0.547268 -0.084879
    9 8.476563 4.574219 -4.273438 -0.711697 0.510276 1.094600
    10 3.556210 4.238403 0.987502 -1.090396 0.577049 -0.321829
    11 4.139183 5.092691 1.421975 -1.090396 0.577049 -0.321829
    12 4.777527 6.028128 1.897721 -1.090396 0.577049 -0.321829
    13 5.490345 7.072691 2.428969 -1.090396 0.577049 -0.321829
    14 6.558594 8.632813 3.232422 -1.090396 0.577049 -0.321829
    15 7.558525 6.997282 -2.354134 -1.937336 -0.275393 3.010581
    16 7.558525 6.997282 -2.354134 1.937336 0.275393 -0.131011
    17 -2.867767 -2.740969 0.531125 2.051196 0.577049 -0.321829
    18 4.324081 2.744001 -0.524877 -1.090396 0.577049 -0.321829
    19 5.012512 3.752832 -0.011802 -1.090396 0.577049 -0.321829
    20 5.595486 4.607124 0.422674 -1.090396 0.577049 -0.321829
    21 6.233833 5.542564 0.898426 -1.090396 0.577049 -0.321829
    22 6.946648 6.587124 1.429667 -1.090396 0.577049 -0.321829
    23 7.537933 7.453606 1.870349 -1.090396 0.577049 -0.321829
    24 8.154472 8.357077 2.329839 -1.090396 0.577049 -0.321829
    25 8.874294 9.411907 2.866308 -1.090396 0.577049 -0.321829
    26 -4.125858 -2.321501 1.394414 2.051196 0.577049 -0.321829
    27 -4.826813 -3.348669 0.872014 2.051196 0.577049 -0.321829
    28 -5.441669 -4.249685 0.413772 2.051196 0.577049 -0.321829
    29 -0.552532 -1.343527 1.604446 -1.131258 0.062036 -0.739330
    30 0.552589 1.343534 -1.604463 -1.114994 0.161114 -0.499872
    31 0.000000 -2.021618 -0.000004 0.186809 0.000000 0.000000
    32 -0.000021 2.021633 0.000027 0.182215 0.000000 0.000000
    33 -0.000004 -1.136217 -0.000004 0.006928 0.000000 0.000000
    34 -0.000011 1.136200 -0.000019 0.220656 0.000000 0.000000
    35 -0.032677 -4.576007 1.352317 2.844703 1.216154 2.484990
    36 0.032719 4.587772 -1.352291 -1.640230 1.283114 -2.138753
    37 0.000000 -1.742817 -0.000002 0.662896 0.000000 0.000000
    38 -0.000006 1.754520 -0.000034 0.202325 0.000000 0.000000
    39 0.000000 -1.219208 -0.003908 0.092660 0.000000 0.000000
    40 0.000002 1.227070 0.000032 0.130356 0.000000 0.000000
    41 -0.367996 -4.204500 0.173244 2.943027 1.091688 2.536231
    42 0.368011 4.208412 -0.173239 3.085177 1.100761 2.833692
    43 0.000000 -2.364506 -0.000004 0.722081 0.000000 0.000000
    44 -0.000006 2.372318 -0.000032 0.722081 0.000000 0.000000
    45 0.000004 -1.576164 -0.003907 0.034255 0.000000 0.000000
    46 -0.000002 1.580170 0.000030 0.034255 0.000000 0.000000
    47 -0.937645 -3.848978 -0.959317 3.044205 1.001841 2.581100
    48 0.937672 3.860714 0.959333 2.886147 1.001849 2.581098
    49 0.000000 -1.678913 0.000000 0.491549 0.000000 0.000000
    50 -0.000013 1.690666 0.000021 0.491549 0.000000 0.000000
    51 -0.000002 -1.411724 0.000002 0.234212 0.000000 0.000000
    52 0.000008 1.423420 0.000028 0.234212 0.000000 0.000000
    53 -1.546646 -3.396381 -1.911663 3.024293 0.944156 2.514436
    54 1.546661 3.404217 1.915585 3.024293 0.944156 2.514435
    55 0.000004 -1.426101 0.000000 0.424958 0.000000 0.000000
    56 -0.000021 1.437870 0.000031 0.424957 0.000000 0.000000
    57 -0.000002 -1.047683 0.000000 0.322075 0.000000 0.000000
    58 0.000006 1.059372 0.000008 0.322075 0.000000 0.000000
    59 -0.000004 -13.013485 -0.000004 0.000000 0.000000 0.000000
    60 0.000000 -10.813480 -0.000004 0.000000 0.000000 0.000000
  time 19
    0 3.357422 4.734375 -15.507813 -1.559898 -0.000007 -0.000009
    1 -21.391670 -4.302659 -8.978693 -1.064077 -0.072519 0.165240
    2 0.000000 14.313023 0.000003 -0.982659 0.000000 0.000000
    3 -0.000011 13.013483 -0.000005 -0.579410 -0.516715 0.774228
    4 2.035607 0.818606 -6.791123 1.504909 0.079994 -0.684853
    5 0.000000 -14.313034 0.000000 -0.486788 0.000562 -0.000289
    6 -0.000004 -13.013485 -0.000004 0.458782 0.161883 0.500357
    7 -1.330879 -2.698427 0.462449 -0.194886 -0.547260 3.056712
    8 1.330910 2.698444 -0.462436 0.194890 0.547268 -0.084879
    9 8.476563 4.574219 -4.273438 -0.711697 0.510276 1.094600
    10 3.556210 4.238403 0.987502 -1.090396 0.577049 -0.321829
    11 4.139183 5.092691 1.421975 -1.090396 0.577049 -0.321829
    12 4.777527 6.028128 1.897721 -1.090396 0.577049 -0.321829
    13 5.490345 7.072691 2.428969 -1.090396 0.577049 -0.321829
    14 6.558594 8.632813 3.232422 -1.090396 0.577049 -0.321829
    15 7.558525 6.997282 -2.354134 -1.937336 -0.275393 3.010581
    16 7.558525 6.997282 -2.354134 1.937336 0.275393 -0.131011
    17 -2.867767 -2.740969 0.531125 2.051196 0.577049 -0.321829
    18 4.324081 2.744001 -0.524877 -1.090396 0.577049 -0.321829
    19 5.012512 3.752832 -0.011802 -1.090396 0.577049 -0.321829
    20 5.595486 4.607124 0.422674 -1.090396 0.577049 -0.321829
    21 6.233833 5.542564 0.898426 -1.090396 0.577049 -0.321829
    22 6.946648 6.587124 1.429667 -1.090396 0.577049 -0.321829
    23 7.537933 7.453606 1.870349 -1.090396 0.577049 -0.321829
    24 8.154472 8.357077 2.329839 -1.090396 0.577049 -0.321829
    25 8.874294 9.411907 2.866308 -1.090396 0.577049 -0.321829
    26 -4.125858 -2.321501 1.394414 2.051196 0.577049 -0.321829
    27 -4.826813 -3.348669 0.872014 2.051196 0.577049 -0.321829
    28 -5.441669 -4.249685 0.413772 2.051196 0.577049 -0.321829
    29 -0.552532 -1.343527 1.604446 -1.131258 0.062036 -0.739330
    30 0.552589 1.343534 -1.604463 -1.114994 0.161114 -0.499872
    31 0.000000 -2.021618 -0.000004 0.186809 0.000000 0.000000
    32 -0.000021 2.021633 0.000027 0.182215 0.000000 0.000000
    33 -0.000004 -1.136217 -0.000004 0.006928 0.000000 0.000000
    34 -0.000011 1.136200 -0.000019 0.220656 0.000000 0.000000
    35 -0.032677 -4.576007 1.352317 2.844703 1.216154 2.484990
    36 0.032719 4.587772 -1.352291 -1.640230 1.283114 -2.138753
    37 0.000000 -1.742817 -0.000002 0.662896 0.000000 0.000000
    38 -0.000006 1.754520 -0.000034 0.202325 0.000000 0.000000
    39 0.000000 -1.219208 -0.003908 0.092660 0.000000 0.000000
    40 0.000002 1.227070 0.000032 0.130356 0.000000 0.000000
    41 -0.367996 -4.200594 0.173244 2.943027 1.091688 2.536231
    42 0.368011 4.208412 -0.173239 3.085177 1.100761 2.833692
    43 0.000000 -2.364506 -0.000004 0.722081 0.000000 0.000000
    44 -0.000006 2.372318 -0.000032 0.722081 0.000000 0.000000
    45 0.000004 -1.576164 -0.003907 0.034255 0.000000 0.000000
    46 -0.000002 1.580170 0.000030 0.034255 0.000000 0.000000
    47 -0.937645 -3.848978 -0.959317 3.044205 1.001841 2.581100
    48 0.937672 3.860714 0.959333 2.886147 1.001849 2.581098
    49 0.000000 -1.678913 0.000000 0.491549 0.000000 0.000000
    50 -0.000013 1.690666 0.000021 0.491549 0.000000 0.000000
    51 -0.000002 -1.411724 0.000002 0.234212 0.000000 0.000000
    52 0.000008 1.423420 0.000028 0.234212 0.000000 0.000000
    53 -1.546646 -3.396381 -1.911663 3.024293 0.944156 2.514436
    54 1.546661 3.404217 1.915585 3.024293 0.944156 2.514435
    55 0.000004 -1.430008 0.000000 0.424958 0.000000 0.000000
    56 -0.000021 1.437870 0.000031 0.424957 0.000000 0.000000
    57 -0.000002 -1.047683 0.000000 0.322075 0.000000 0.000000
    58 0.000006 1.059372 0.000008 0.322075 0.000000 0.000000
    59 -0.000004 -13.013485 -0.000004 0.000000 0.000000 0.000000
    60 0.000000 -10.813480 -0.000004 0.000000 0.000000 0.000000
  time 20
    0 3.357422 4.734375 -15.507813 -1.559898 -0.000007 -0.000009
    1 -21.391670 -4.372974 -8.978693 -1.064077 -0.072519 0.165240
    2 0.000000 14.313023 0.000003 -0.982659 0.000000 0.000000
    3 -0.000011 13.013483 -0.000005 -0.584188 -0.516526 0.774419
    4 1.996543 0.900640 -6.787217 1.502994 0.077228 -0.681979
    5 0.000000 -14.313034 0.000000 -0.486788 0.000562 -0.000289
    6 -0.000004 -13.013485 -0.000004 0.458782 0.161883 0.500357
    7 -1.330879 -2.698427 0.462449 -0.194886 -0.547260 3.056712
    8 1.330910 2.698444 -0.462436 0.194890 0.547268 -0.084879
    9 8.476563 4.574219 -4.273438 -0.711697 0.510276 1.094600
    10 3.556210 4.238403 0.987502 -1.090396 0.577049 -0.321829
    11 4.139183 5.092691 1.421975 -1.090396 0.577049 -0.321829
    12 4.777527 6.028128 1.897721 -1.090396 0.577049 -0.321829
    13 5.490345 7.072691 2.428969 -1.090396 0.577049 -0.321829
    14 6.558594 8.632813 3.232422 -1.090396 0.577049 -0.321829
    15 7.558525 6.997282 -2.354134 -1.937336 -0.275393 3.010581
    16 7.558525 6.997282 -2.354134 1.937336 0.275393 -0.131011
    17 -2.867767 -2.740969 0.531125 2.051196 0.577049 -0.321829
    18 4.324081 2.744001 -0.524877 -1.090396 0.577049 -0.321829
    19 5.012512 3.752832 -0.011802 -1.090396 0.577049 -0.321829
    20 5.595486 4.607124 0.422674 -1.090396 0.577049 -0.321829
    21 6.233833 5.542564 0.898426 -1.090396 0.577049 -0.321829
    22 6.946648 6.587124 1.429667 -1.090396 0.577049 -0.321829
    23 7.537933 7.453606 1.870349 -1.090396 0.577049 -0.321829
    24 8.154472 8.357077 2.329839 -1.090396 0.577049 -0.321829
    25 8.874294 9.411907 2.866308 -1.090396 0.577049 -0.321829
    26 -4.125858 -2.321501 1.394414 2.051196 0.577049 -0.321829
    27 -4.826813 -3.348669 0.872014 2.051196 0.577049 -0.321829
    28 -5.441669 -4.249685 0.413772 2.051196 0.577049 -0.321829
    29 -0.552532 -1.343527 1.604446 -1.131258 0.062036 -0.739330
    30 0.552589 1.343534 -1.604463 -1.114994 0.161114 -0.499872
    31 0.000000 -2.021618 -0.000004 0.186809 0.000000 0.000000
    32 -0.000021 2.021633 0.000027 0.182215 0.000000 0.000000
    33 -0.000004 -1.136217 -0.000004 0.006928 0.000000 0.000000
    34 -0.000011 1.136200 -0.000019 0.220656 0.000000 0.000000
    35 -0.032677 -4.579914 1.352317 2.844703 1.216154 2.484990
    36 0.032719 4.587772 -1.352291 -1.640230 1.283114 -2.138753
    37 0.000000 -1.742817 -0.000002 0.662896 0.000000 0.000000
    38 -0.000006 1.754520 -0.000034 0.202325 0.000000 0.000000
    39 0.000000 -1.219208 -0.003908 0.092660 0.000000 0.000000
    40 0.000002 1.227070 0.000032 0.130356 0.000000 0.000000
    41 -0.367996 -4.200594 0.173244 2.943027 1.091688 2.536231
    42 0.368011 4.208412 -0.173239 3.085177 1.100761 2.833692
    43 0.000000 -2.364506 -0.000004 0.722081 0.000000 0.000000
    44 -0.000006 2.372318 -0.000032 0.722081 0.000000 0.000000
    45 0.000004 -1.576164 -0.000001 0.034255 0.000000 0.000000
    46 -0.000002 1.580170 0.000030 0.034255 0.000000 0.000000
    47 -0.937645 -3.852884 -0.959317 3.044205 1.001841 2.581100
    48 0.937672 3.860714 0.959333 2.886147 1.001849 2.581098
    49 0.000000 -1.678913 0.000000 0.491549 0.000000 0.000000
    50 -0.000013 1.690666 0.000021 0.491549 0.000000 0.000000
    51 -0.000002 -1.411724 0.000002 0.234212 0.000000 0.000000
    52 0.000008 1.423420 0.000028 0.234212 0.000000 0.000000
    53 -1.546646 -3.400288 -1.911663 3.024293 0.944156 2.514436
    54 1.546661 3.404217 1.915585 3.024293 0.944156 2.514435
    55 0.000004 -1.426101 0.000000 0.424958 0.000000 0.000000
    56 -0.000021 1.437870 0.000031 0.424957 0.000000 0.000000
    57 -0.000002 -1.047683 0.000000 0.322075 0.000000 0.000000
    58 0.000006 1.059372 0.000008 0.322075 0.000000 0.000000
    59 -0.000004 -13.013485 -0.000004 0.000000 0.000000 0.000000
    60 0.000000 -10.813480 -0.000004 0.000000 0.000000 0.000000
  time 21
    0 3.357422 4.734375 -15.507813 -1.559898 -0.000007 -0.000009
    1 -21.391670 -4.455008 -8.978693 -1.064077 -0.072519 0.165240
    2 0.000000 14.313023 0.000003 -0.982659 0.000000 0.000000
    3 -0.000011 13.013483 -0.000005 -0.587819 -0.516338 0.774803
    4 1.961386 0.939703 -6.783310 1.501654 0.074878 -0.679681
    5 0.000000 -14.313034 0.000000 -0.486788 0.000562 -0.000289
    6 -0.000004 -13.013485 -0.000004 0.458782 0.161883 0.500357
    7 -1.330879 -2.698427 0.462449 -0.194886 -0.547260 3.056712
    8 1.330910 2.698444 -0.462436 0.194890 0.547268 -0.084879
    9 8.476563 4.574219 -4.273438 -0.711697 0.510276 1.094600
    10 3.556210 4.238403 0.987502 -1.090396 0.577049 -0.321829
    11 4.139183 5.092691 1.421975 -1.090396 0.577049 -0.321829
    12 4.777527 6.028128 1.897721 -1.090396 0.577049 -0.321829
    13 5.490345 7.072691 2.428969 -1.090396 0.577049 -0.321829
    14 6.558594 8.632813 3.232422 -1.090396 0.577049 -0.321829
    15 7.558525 6.997282 -2.354134 -1.937336 -0.275393 3.010581
    16 7.558525 6.997282 -2.354134 1.937336 0.275393 -0.131011
    17 -2.867767 -2.740969 0.531125 2.051196 0.577049 -0.321829
    18 4.324081 2.744001 -0.524877 -1.090396 0.577049 -0.321829
    19 5.012512 3.752832 -0.011802 -1.090396 0.577049 -0.321829
    20 5.595486 4.607124 0.422674 -1.090396 0.577049 -0.321829
    21 6.233833 5.542564 0.898426 -1.090396 0.577049 -0.321829
    22 6.946648 6.587124 1.429667 -1.090396 0.577049 -0.321829
    23 7.537933 7.453606 1.870349 -1.090396 0.577049 -0.321829
    24 8.154472 8.357077 2.329839 -1.090396 0.577049 -0.321829
    25 8.874294 9.411907 2.866308 -1.090396 0.577049 -0.321829
    26 -4.125858 -2.321501 1.394414 2.051196 0.577049 -0.321829
    27 -4.826813 -3.348669 0.872014 2.051196 0.577049 -0.321829
    28 -5.441669 -4.249685 0.413772 2.051196 0.577049 -0.321829
    29 -0.552532 -1.343527 1.604446 -1.131258 0.062036 -0.739330
    30 0.552589 1.343534 -1.604463 -1.114994 0.161114 -0.499872
    31 0.000000 -2.021618 -0.000004 0.186809 0.000000 0.000000
    32 -0.000021 2.021633 0.000027 0.182215 0.000000 0.000000
    33 -0.000004 -1.136217 -0.000004 0.006928 0.000000 0.000000
    34 -0.000011 1.136200 -0.000019 0.220656 0.000000 0.000000
    35 -0.032677 -4.576007 1.352317 2.844703 1.216154 2.484990
    36 0.032719 4.587772 -1.352291 -1.640230 1.283114 -2.138753
    37 0.000000 -1.742817 -0.000002 0.662896 0.000000 0.000000
    38 -0.000006 1.754520 -0.000034 0.202325 0.000000 0.000000
    39 0.000000 -1.219208 -0.003908 0.092660 0.000000 0.000000
    40 0.000002 1.227070 0.000032 0.130356 0.000000 0.000000
    41 -0.367996 -4.200594 0.173244 2.943027 1.091688 2.536231
    42 0.368011 4.208412 -0.173239 3.085177 1.100761 2.833692
    43 0.000000 -2.364506 -0.000004 0.722081 0.000000 0.000000
    44 -0.000006 2.372318 -0.000032 0.722081 0.000000 0.000000
    45 0.000004 -1.576164 -0.000001 0.034255 0.000000 0.000000
    46 -0.000002 1.580170 0.000030 0.034255 0.000000 0.000000
    47 -0.937645 -3.852884 -0.959317 3.044205 1.001841 2.581100
    48 0.937672 3.860714 0.959333 2.886147 1.001849 2.581098
    49 0.000000 -1.682819 0.000000 0.491549 0.000000 0.000000
    50 -0.000013 1.690666 0.000021 0.491549 0.000000 0.000000
    51 -0.000002 -1.411724 0.000002 0.234212 0.000000 0.000000
    52 0.000008 1.423420 0.000028 0.234212 0.000000 0.000000
    53 -1.546646 -3.396381 -1.911663 3.024293 0.944156 2.514436
    54 1.546661 3.404217 1.915585 3.024293 0.944156 2.514435
    55 0.000004 -1.430008 0.000000 0.424958 0.000000 0.000000
    56 -0.000021 1.437870 0.000031 0.424957 0.000000 0.000000
    57 -0.000002 -1.047683 0.000000 0.322075 0.000000 0.000000
    58 0.000006 1.059372 0.000008 0.322075 0.000000 0.000000
    59 -0.000004 -13.013485 -0.000004 0.000000 0.000000 0.000000
    60 0.000000 -10.813480 -0.000004 0.000000 0.000000 0.000000
  time 22
    0 3.357422 4.734375 -15.507813 -1.559898 -0.000007 -0.000009
    1 -21.391670 -4.537042 -8.978693 -1.064077 -0.072519 0.165240
    2 0.000000 14.313023 0.000003 -0.982659 0.000000 0.000000
    3 -0.000011 13.013483 -0.000005 -0.590016 -0.516243 0.774899
    4 1.937947 0.931891 -6.779404 1.500792 0.073552 -0.678244
    5 0.000000 -14.313034 0.000000 -0.486788 0.000562 -0.000289
    6 -0.000004 -13.013485 -0.000004 0.458782 0.161883 0.500357
    7 -1.330879 -2.698427 0.462449 -0.194886 -0.547260 3.056712
    8 1.330910 2.698444 -0.462436 0.194890 0.547268 -0.084879
    9 8.476563 4.574219 -4.273438 -0.711697 0.510276 1.094600
    10 3.556210 4.238403 0.987502 -1.090396 0.577049 -0.321829
    11 4.139183 5.092691 1.421975 -1.090396 0.577049 -0.321829
    12 4.777527 6.028128 1.897721 -1.090396 0.577049 -0.321829
    13 5.490345 7.072691 2.428969 -1.090396 0.577049 -0.321829
    14 6.558594 8.632813 3.232422 -1.090396 0.577049 -0.321829
    15 7.558525 6.997282 -2.354134 -1.937336 -0.275393 3.010581
    16 7.558525 6.997282 -2.354134 1.937336 0.275393 -0.131011
    17 -2.867767 -2.740969 0.531125 2.051196 0.577049 -0.321829
    18 4.324081 2.744001 -0.524877 -1.090396 0.577049 -0.321829
    19 5.012512 3.752832 -0.011802 -1.090396 0.577049 -0.321829
    20 5.595486 4.607124 0.422674 -1.090396 0.577049 -0.321829
    21 6.233833 5.542564 0.898426 -1.090396 0.577049 -0.321829
    22 6.946648 6.587124 1.429667 -1.090396 0.577049 -0.321829
    23 7.537933 7.453606 1.870349 -1.090396 0.577049 -0.321829
    24 8.154472 8.357077 2.329839 -1.090396 0.577049 -0.321829
    25 8.874294 9.411907 2.866308 -1.090396 0.577049 -0.321829
    26 -4.125858 -2.321501 1.394414 2.051196 0.577049 -0.321829
    27 -4.826813 -3.348669 0.872014 2.051196 0.577049 -0.321829
    28 -5.441669 -4.249685 0.413772 2.051196 0.577049 -0.321829
    29 -0.552532 -1.343527 1.604446 -1.131258 0.062036 -0.739330
    30 0.552589 1.343534 -1.604463 -1.114994 0.161114 -0.499872
    31 0.000000 -2.021618 -0.000004 0.186809 0.000000 0.000000
    32 -0.000021 2.021633 0.000027 0.182215 0.000000 0.000000
    33 -0.000004 -1.136217 -0.000004 0.006928 0.000000 0.000000
    34 -0.000011 1.136200 -0.000019 0.220656 0.000000 0.000000
    35 -0.032677 -4.576007 1.352317 2.844703 1.216154 2.484990
    36 0.032719 4.587772 -1.352291 -1.640230 1.283114 -2.138753
    37 0.000000 -1.742817 -0.000002 0.662896 0.000000 0.000000
    38 -0.000006 1.754520 -0.000034 0.202325 0.000000 0.000000
    39 0.000000 -1.219208 -0.003908 0.092660 0.000000 0.000000
    40 0.000002 1.227070 0.000032 0.130356 0.000000 0.000000
    41 -0.367996 -4.196687 0.173244 2.943027 1.091688 2.536231
    42 0.368011 4.208412 -0.173239 3.085177 1.100761 2.833692
    43 0.000000 -2.364506 -0.000004 0.722081 0.000000 0.000000
    44 -0.000006 2.372318 -0.000032 0.722081 0.000000 0.000000
    45 0.000004 -1.576164 -0.000001 0.034255 0.000000 0.000000
    46 -0.000002 1.580170 0.000030 0.034255 0.000000 0.000000
    47 -0.937645 -3.848978 -0.959317 3.044205 1.001841 2.581100
    48 0.937672 3.860714 0.959333 2.886147 1.001849 2.581098
    49 0.000000 -1.682819 0.000000 0.491549 0.000000 0.000000
    50 -0.000013 1.690666 0.000021 0.491549 0.000000 0.000000
    51 -0.000002 -1.411724 0.000002 0.234212 0.000000 0.000000
    52 0.000008 1.423420 0.000028 0.234212 0.000000 0.000000
    53 -1.546646 -3.392475 -1.911663 3.024293 0.944156 2.514436
    54 1.546661 3.404217 1.915585 3.024293 0.944156 2.514435
    55 0.000004 -1.426101 0.000000 0.424958 0.000000 0.000000
    56 -0.000021 1.437870 0.000031 0.424957 0.000000 0.000000
    57 -0.000002 -1.047683 0.000000 0.322075 0.000000 0.000000
    58 0.000006 1.059372 0.000008 0.322075 0.000000 0.000000
    59 -0.000004 -13.013485 -0.000004 0.000000 0.000000 0.000000
    60 0.000000 -10.813480 -0.000004 0.000000 0.000000 0.000000
  time 23
    0 3.357422 4.734375 -15.507813 -1.559898 -0.000007 -0.000009
    1 -21.391670 -4.615169 -8.978693 -1.064077 -0.072519 0.165240
    2 0.000000 14.313023 0.000003 -0.982659 0.000000 0.000000
    3 -0.000011 13.013483 -0.000005 -0.588583 -0.516338 0.774803
    4 1.953573 0.806887 -6.775498 1.501366 0.074385 -0.679106
    5 0.000000 -14.313034 0.000000 -0.486788 0.000562 -0.000289
    6 -0.000004 -13.013485 -0.000004 0.458782 0.161883 0.500357
    7 -1.330879 -2.698427 0.462449 -0.194886 -0.547260 3.056712
    8 1.330910 2.698444 -0.462436 0.194890 0.547268 -0.084879
    9 8.476563 4.574219 -4.273438 -0.711697 0.510276 1.094600
    10 3.556210 4.238403 0.987502 -1.090396 0.577049 -0.321829
    11 4.139183 5.092691 1.421975 -1.090396 0.577049 -0.321829
    12 4.777527 6.028128 1.897721 -1.090396 0.577049 -0.321829
    13 5.490345 7.072691 2.428969 -1.090396 0.577049 -0.321829
    14 6.558594 8.632813 3.232422 -1.090396 0.577049 -0.321829
    15 7.558525 6.997282 -2.354134 -1.937336 -0.275393 3.010581
    16 7.558525 6.997282 -2.354134 1.937336 0.275393 -0.131011
    17 -2.867767 -2.740969 0.531125 2.051196 0.577049 -0.321829
    18 4.324081 2.744001 -0.524877 -1.090396 0.577049 -0.321829
    19 5.012512 3.752832 -0.011802 -1.090396 0.577049 -0.321829
    20 5.595486 4.607124 0.422674 -1.090396 0.577049 -0.321829
    21 6.233833 5.542564 0.898426 -1.090396 0.577049 -0.321829
    22 6.946648 6.587124 1.429667 -1.090396 0.577049 -0.321829
    23 7.537933 7.453606 1.870349 -1.090396 0.577049 -0.321829
    24 8.154472 8.357077 2.329839 -1.090396 0.577049 -0.321829
    25 8.874294 9.411907 2.866308 -1.090396 0.577049 -0.321829
    26 -4.125858 -2.321501 1.394414 2.051196 0.577049 -0.321829
    27 -4.826813 -3.348669 0.872014 2.051196 0.577049 -0.321829
    28 -5.441669 -4.249685 0.413772 2.051196 0.577049 -0.321829
    29 -0.552532 -1.343527 1.604446 -1.131258 0.062036 -0.739330
    30 0.552589 1.343534 -1.604463 -1.114994 0.161114 -0.499872
    31 0.000000 -2.021618 -0.000004 0.186809 0.000000 0.000000
    32 -0.000021 2.021633 0.000027 0.182215 0.000000 0.000000
    33 -0.000004 -1.136217 -0.000004 0.006928 0.000000 0.000000
    34 -0.000011 1.136200 -0.000019 0.220656 0.000000 0.000000
    35 -0.032677 -4.576007 1.352317 2.844703 1.216154 2.484990
    36 0.032719 4.587772 -1.352291 -1.640230 1.283114 -2.138753
    37 0.000000 -1.742817 -0.000002 0.662896 0.000000 0.000000
    38 -0.000006 1.754520 -0.000034 0.202325 0.000000 0.000000
    39 0.000000 -1.215301 -0.003908 0.092660 0.000000 0.000000
    40 0.000002 1.227070 0.000032 0.130356 0.000000 0.000000
    41 -0.367996 -4.200594 0.173244 2.943027 1.091688 2.536231
    42 0.368011 4.208412 -0.173239 3.085177 1.100761 2.833692
    43 0.000000 -2.364506 -0.000004 0.722081 0.000000 0.000000
    44 -0.000006 2.372318 -0.000032 0.722081 0.000000 0.000000
    45 0.000004 -1.576164 -0.000001 0.034255 0.000000 0.000000
    46 -0.000002 1.580170 0.000030 0.034255 0.000000 0.000000
    47 -0.937645 -3.852884 -0.959317 3.044205 1.001841 2.581100
    48 0.937672 3.860714 0.959333 2.886147 1.001849 2.581098
    49 0.000000 -1.678913 0.000000 0.491549 0.000000 0.000000
    50 -0.000013 1.690666 0.000021 0.491549 0.000000 0.000000
    51 -0.000002 -1.411724 0.000002 0.234212 0.000000 0.000000
    52 0.000008 1.423420 0.000028 0.234212 0.000000 0.000000
    53 -1.546646 -3.392475 -1.911663 3.024293 0.944156 2.514436
    54 1.546661 3.404217 1.915585 3.024293 0.944156 2.514435
    55 0.000004 -1.426101 0.000000 0.424958 0.000000 0.000000
    56 -0.000021 1.437870 0.000031 0.424957 0.000000 0.000000
    57 -0.000002 -1.047683 0.000000 0.322075 0.000000 0.000000
    58 0.000006 1.059372 0.000008 0.322075 0.000000 0.000000
    59 -0.000004 -13.013485 -0.000004 0.000000 0.000000 0.000000
    60 0.000000 -10.813480 -0.000004 0.000000 0.000000 0.000000
  time 24
    0 3.357422 4.734375 -15.507813 -1.559898 -0.000007 -0.000009
    1 -21.391670 -4.701109 -8.978693 -1.064077 -0.072519 0.165240
    2 0.000000 14.313023 0.000003 -0.982659 0.000000 0.000000
    3 -0.000011 13.013483 -0.000005 -0.587245 -0.516385 0.774611
    4 1.965292 0.685789 -6.771591 1.501749 0.075181 -0.679968
    5 0.000000 -14.313034 0.000000 -0.486788 0.000562 -0.000289
    6 -0.000004 -13.013485 -0.000004 0.458782 0.161883 0.500357
    7 -1.330879 -2.698427 0.462449 -0.194886 -0.547260 3.056712
    8 1.330910 2.698444 -0.462436 0.194890 0.547268 -0.084879
    9 8.476563 4.574219 -4.273438 -0.711697 0.510276 1.094600
    10 3.556210 4.238403 0.987502 -1.090396 0.577049 -0.321829
    11 4.139183 5.092691 1.421975 -1.090396 0.577049 -0.321829
    12 4.777527 6.028128 1.897721 -1.090396 0.577049 -0.321829
    13 5.490345 7.072691 2.428969 -1.090396 0.577049 -0.321829
    14 6.558594 8.632813 3.232422 -1.090396 0.577049 -0.321829
    15 7.558525 6.997282 -2.354134 -1.937336 -0.275393 3.010581
    16 7.558525 6.997282 -2.354134 1.937336 0.275393 -0.131011
    17 -2.867767 -2.740969 0.531125 2.051196 0.577049 -0.321829
    18 4.324081 2.744001 -0.524877 -1.090396 0.577049 -0.321829
    19 5.012512 3.752832 -0.011802 -1.090396 0.577049 -0.321829
    20 5.595486 4.607124 0.422674 -1.090396 0.577049 -0.321829
    21 6.233833 5.542564 0.898426 -1.090396 0.577049 -0.321829
    22 6.946648 6.587124 1.429667 -1.090396 0.577049 -0.321829
    23 7.537933 7.453606 1.870349 -1.090396 0.577049 -0.321829
    24 8.154472 8.357077 2.329839 -1.090396 0.577049 -0.321829
    25 8.874294 9.411907 2.866308 -1.090396 0.577049 -0.321829
    26 -4.125858 -2.321501 1.394414 2.051196 0.577049 -0.321829
    27 -4.826813 -3.348669 0.872014 2.051196 0.577049 -0.321829
    28 -5.441669 -4.249685 0.413772 2.051196 0.577049 -0.321829
    29 -0.552532 -1.343527 1.604446 -1.131258 0.062036 -0.739330
    30 0.552589 1.343534 -1.604463 -1.114994 0.161114 -0.499872
    31 0.000000 -2.021618 -0.000004 0.186809 0.000000 0.000000
    32 -0.000021 2.021633 0.000027 0.182215 0.000000 0.000000
    33 -0.000004 -1.136217 -0.000004 0.006928 0.000000 0.000000
    34 -0.000011 1.136200 -0.000019 0.220656 0.000000 0.000000
    35 -0.032677 -4.576007 1.352317 2.844703 1.216154 2.484990
    36 0.032719 4.587772 -1.352291 -1.640230 1.283114 -2.138753
    37 0.000000 -1.742817 -0.000002 0.662896 0.000000 0.000000
    38 -0.000006 1.754520 -0.000034 0.202325 0.000000 0.000000
    39 0.000000 -1.215301 -0.003908 0.092660 0.000000 0.000000
    40 0.000002 1.227070 0.000032 0.130356 0.000000 0.000000
    41 -0.367996 -4.200594 0.173244 2.943027 1.091688 2.536231
    42 0.368011 4.208412 -0.173239 3.085177 1.100761 2.833692
    43 0.000000 -2.364506 -0.000004 0.722081 0.000000 0.000000
    44 -0.000006 2.372318 -0.000032 0.722081 0.000000 0.000000
    45 0.000004 -1.576164 -0.000001 0.034255 0.000000 0.000000
    46 -0.000002 1.580170 0.000030 0.034255 0.000000 0.000000
    47 -0.937645 -3.848978 -0.959317 3.044205 1.001841 2.581100
    48 0.937672 3.860714 0.959333 2.886147 1.001849 2.581098
    49 0.000000 -1.678913 0.000000 0.491549 0.000000 0.000000
    50 -0.000013 1.690666 0.000021 0.491549 0.000000 0.000000
    51 -0.000002 -1.411724 0.000002 0.234212 0.000000 0.000000
    52 0.000008 1.423420 0.000028 0.234212 0.000000 0.000000
    53 -1.546646 -3.396381 -1.911663 3.024293 0.944156 2.514436
    54 1.546661 3.404217 1.915585 3.024293 0.944156 2.514435
    55 0.000004 -1.426101 0.000000 0.424958 0.000000 0.000000
    56 -0.000021 1.437870 0.000031 0.424957 0.000000 0.000000
    57 -0.000002 -1.047683 0.000000 0.322075 0.000000 0.000000
    58 0.000006 1.059372 0.000008 0.322075 0.000000 0.000000
    59 -0.000004 -13.013485 -0.000004 0.000000 0.000000 0.000000
    60 0.000000 -10.813480 -0.000004 0.000000 0.000000 0.000000
  time 25
    0 3.357422 4.734375 -15.507813 -1.559898 -0.000007 -0.000009
    1 -21.391670 -4.775330 -8.978693 -1.064077 -0.072519 0.165240
    2 0.000000 14.313023 0.000003 -0.982659 0.000000 0.000000
    3 -0.000011 13.013483 -0.000005 -0.584092 -0.516621 0.774324
    4 1.988730 0.502190 -6.767685 1.502994 0.077038 -0.681884
    5 0.000000 -14.313034 0.000000 -0.486788 0.000562 -0.000289
    6 -0.000004 -13.013485 -0.000004 0.458782 0.161883 0.500357
    7 -1.330879 -2.698427 0.462449 -0.194886 -0.547260 3.056712
    8 1.330910 2.698444 -0.462436 0.194890 0.547268 -0.084879
    9 8.476563 4.574219 -4.273438 -0.711697 0.510276 1.094600
    10 3.556210 4.238403 0.987502 -1.090396 0.577049 -0.321829
    11 4.139183 5.092691 1.421975 -1.090396 0.577049 -0.321829
    12 4.777527 6.028128 1.897721 -1.090396 0.577049 -0.321829
    13 5.490345 7.072691 2.428969 -1.090396 0.577049 -0.321829
    14 6.558594 8.632813 3.232422 -1.090396 0.577049 -0.321829
    15 7.558525 6.997282 -2.354134 -1.937336 -0.275393 3.010581
    16 7.558525 6.997282 -2.354134 1.937336 0.275393 -0.131011
    17 -2.867767 -2.740969 0.531125 2.051196 0.577049 -0.321829
    18 4.324081 2.744001 -0.524877 -1.090396 0.577049 -0.321829
    19 5.012512 3.752832 -0.011802 -1.090396 0.577049 -0.321829
    20 5.595486 4.607124 0.422674 -1.090396 0.577049 -0.321829
    21 6.233833 5.542564 0.898426 -1.090396 0.577049 -0.321829
    22 6.946648 6.587124 1.429667 -1.090396 0.577049 -0.321829
    23 7.537933 7.453606 1.870349 -1.090396 0.577049 -0.321829
    24 8.154472 8.357077 2.329839 -1.090396 0.577049 -0.321829
    25 8.874294 9.411907 2.866308 -1.090396 0.577049 -0.321829
    26 -4.125858 -2.321501 1.394414 2.051196 0.577049 -0.321829
    27 -4.826813 -3.348669 0.872014 2.051196 0.577049 -0.321829
    28 -5.441669 -4.249685 0.413772 2.051196 0.577049 -0.321829
    29 -0.552532 -1.343527 1.604446 -1.131258 0.062036 -0.739330
    30 0.552589 1.343534 -1.604463 -1.114994 0.161114 -0.499872
    31 0.000000 -2.021618 -0.000004 0.186809 0.000000 0.000000
    32 -0.000021 2.021633 0.000027 0.182215 0.000000 0.000000
    33 -0.000004 -1.136217 -0.000004 0.006928 0.000000 0.000000
    34 -0.000011 1.136200 -0.000019 0.220656 0.000000 0.000000
    35 -0.032677 -4.576007 1.352317 2.844703 1.216154 2.484990
    36 0.032719 4.587772 -1.352291 -1.640230 1.283114 -2.138753
    37 0.000000 -1.742817 -0.000002 0.662896 0.000000 0.000000
    38 -0.000006 1.754520 -0.000034 0.202325 0.000000 0.000000
    39 0.000000 -1.215301 -0.003908 0.092660 0.000000 0.000000
    40 0.000002 1.227070 0.000032 0.130356 0.000000 0.000000
    41 -0.367996 -4.200594 0.173244 2.943027 1.091688 2.536231
    42 0.368011 4.208412 -0.173239 3.085177 1.100761 2.833692
    43 0.000000 -2.364506 -0.000004 0.722081 0.000000 0.000000
    44 -0.000006 2.372318 -0.000032 0.722081 0.000000 0.000000
    45 0.000004 -1.572258 -0.000001 0.034255 0.000000 0.000000
    46 -0.000002 1.580170 0.000030 0.034255 0.000000 0.000000
    47 -0.937645 -3.848978 -0.955411 3.044205 1.001841 2.581100
    48 0.937672 3.860714 0.959333 2.886147 1.001849 2.581098
    49 0.000000 -1.678913 0.000000 0.491549 0.000000 0.000000
    50 -0.000013 1.690666 0.000021 0.491549 0.000000 0.000000
    51 -0.000002 -1.411724 0.000002 0.234212 0.000000 0.000000
    52 0.000008 1.423420 0.000028 0.234212 0.000000 0.000000
    53 -1.546646 -3.392475 -1.911663 3.024293 0.944156 2.514436
    54 1.546661 3.404217 1.915585 3.024293 0.944156 2.514435
    55 0.000004 -1.430008 0.000000 0.424958 0.000000 0.000000
    56 -0.000021 1.437870 0.000031 0.424957 0.000000 0.000000
    57 -0.000002 -1.047683 0.000000 0.322075 0.000000 0.000000
    58 0.000006 1.059372 0.000008 0.322075 0.000000 0.000000
    59 -0.000004 -13.013485 -0.000004 0.000000 0.000000 0.000000
    60 0.000000 -10.813480 -0.000004 0.000000 0.000000 0.000000
  time 26
    0 3.357422 4.734375 -15.507813 -1.559898 -0.000007 -0.000009
    1 -21.391670 -4.849551 -8.974786 -1.064077 -0.072519 0.165240
    2 0.000000 14.313023 0.000003 -0.982659 0.000000 0.000000
    3 -0.000011 13.013483 -0.000005 -0.577977 -0.516951 0.773844
    4 2.039513 0.252182 -6.763778 1.505388 0.080714 -0.685715
    5 0.000000 -14.313034 0.000000 -0.486788 0.000562 -0.000289
    6 -0.000004 -13.013485 -0.000004 0.458782 0.161883 0.500357
    7 -1.330879 -2.698427 0.462449 -0.194886 -0.547260 3.056712
    8 1.330910 2.698444 -0.462436 0.194890 0.547268 -0.084879
    9 8.476563 4.574219 -4.273438 -0.711697 0.510276 1.094600
    10 3.556210 4.238403 0.987502 -1.090396 0.577049 -0.321829
    11 4.139183 5.092691 1.421975 -1.090396 0.577049 -0.321829
    12 4.777527 6.028128 1.897721 -1.090396 0.577049 -0.321829
    13 5.490345 7.072691 2.428969 -1.090396 0.577049 -0.321829
    14 6.558594 8.632813 3.232422 -1.090396 0.577049 -0.321829
    15 7.558525 6.997282 -2.354134 -1.937336 -0.275393 3.010581
    16 7.558525 6.997282 -2.354134 1.937336 0.275393 -0.131011
    17 -2.867767 -2.740969 0.531125 2.051196 0.577049 -0.321829
    18 4.324081 2.744001 -0.524877 -1.090396 0.577049 -0.321829
    19 5.012512 3.752832 -0.011802 -1.090396 0.577049 -0.321829
    20 5.595486 4.607124 0.422674 -1.090396 0.577049 -0.321829
    21 6.233833 5.542564 0.898426 -1.090396 0.577049 -0.321829
    22 6.946648 6.587124 1.429667 -1.090396 0.577049 -0.321829
    23 7.537933 7.453606 1.870349 -1.090396 0.577049 -0.321829
    24 8.154472 8.357077 2.329839 -1.090396 0.577049 -0.321829
    25 8.874294 9.411907 2.866308 -1.090396 0.577049 -0.321829
    26 -4.125858 -2.321501 1.394414 2.051196 0.577049 -0.321829
    27 -4.826813 -3.348669 0.872014 2.051196 0.577049 -0.321829
    28 -5.441669 -4.249685 0.413772 2.051196 0.577049 -0.321829
    29 -0.552532 -1.343527 1.604446 -1.131258 0.062036 -0.739330
    30 0.552589 1.343534 -1.604463 -1.114994 0.161114 -0.499872
    31 0.000000 -2.021618 -0.000004 0.186809 0.000000 0.000000
    32 -0.000021 2.021633 0.000027 0.182215 0.000000 0.000000
    33 -0.000004 -1.136217 -0.000004 0.006928 0.000000 0.000000
    34 -0.000011 1.136200 -0.000019 0.220656 0.000000 0.000000
    35 -0.032677 -4.576007 1.352317 2.844703 1.216154 2.484990
    36 0.032719 4.587772 -1.352291 -1.640230 1.283114 -2.138753
    37 0.000000 -1.742817 -0.000002 0.662896 0.000000 0.000000
    38 -0.000006 1.754520 -0.000034 0.202325 0.000000 0.000000
    39 0.000000 -1.215301 -0.003908 0.092660 0.000000 0.000000
    40 0.000002 1.227070 0.000032 0.130356 0.000000 0.000000
    41 -0.367996 -4.200594 0.173244 2.943027 1.091688 2.536231
    42 0.368011 4.208412 -0.173239 3.085177 1.100761 2.833692
    43 0.000000 -2.364506 -0.000004 0.722081 0.000000 0.000000
    44 -0.000006 2.372318 -0.000032 0.722081 0.000000 0.000000
    45 0.000004 -1.572258 -0.000001 0.034255 0.000000 0.000000
    46 -0.000002 1.580170 0.000030 0.034255 0.000000 0.000000
    47 -0.937645 -3.848978 -0.955411 3.044205 1.001841 2.581100
    48 0.937672 3.860714 0.959333 2.886147 1.001849 2.581098
    49 0.000000 -1.678913 0.000000 0.491549 0.000000 0.000000
    50 -0.000013 1.690666 0.000021 0.491549 0.000000 0.000000
    51 -0.000002 -1.411724 0.000002 0.234212 0.000000 0.000000
    52 0.000008 1.423420 0.000028 0.234212 0.000000 0.000000
    53 -1.546646 -3.392475 -1.911663 3.024293 0.944156 2.514436
    54 1.546661 3.404217 1.915585 3.024293 0.944156 2.514435
    55 0.000004 -1.426101 0.000000 0.424958 0.000000 0.000000
    56 -0.000021 1.437870 0.000031 0.424957 0.000000 0.000000
    57 -0.000002 -1.047683 0.000000 0.322075 0.000000 0.000000
    58 0.000006 1.059372 0.000008 0.322075 0.000000 0.000000
    59 -0.000004 -13.013485 -0.000004 0.000000 0.000000 0.000000
    60 0.000000 -10.813480 -0.000004 0.000000 0.000000 0.000000
  time 27
    0 3.357422 4.734375 -15.507813 -1.559898 -0.000007 -0.000009
    1 -21.391670 -4.904240 -8.978693 -1.064077 -0.072519 0.165240
    2 0.000000 14.313023 0.000003 -0.982659 0.000000 0.000000
    3 -0.000011 13.013483 -0.000005 -0.570715 -0.517375 0.773269
    4 2.102015 -0.036889 -6.759872 1.508165 0.085186 -0.690312
    5 0.000000 -14.313034 0.000000 -0.486788 0.000562 -0.000289
    6 -0.000004 -13.013485 -0.000004 0.458782 0.161883 0.500357
    7 -1.330879 -2.698427 0.462449 -0.194886 -0.547260 3.056712
    8 1.330910 2.698444 -0.462436 0.194890 0.547268 -0.084879
    9 8.476563 4.574219 -4.273438 -0.711697 0.510276 1.094600
    10 3.556210 4.238403 0.987502 -1.090396 0.577049 -0.321829
    11 4.139183 5.092691 1.421975 -1.090396 0.577049 -0.321829
    12 4.777527 6.028128 1.897721 -1.090396 0.577049 -0.321829
    13 5.490345 7.072691 2.428969 -1.090396 0.577049 -0.321829
    14 6.558594 8.632813 3.232422 -1.090396 0.577049 -0.321829
    15 7.558525 6.997282 -2.354134 -1.937336 -0.275393 3.010581
    16 7.558525 6.997282 -2.354134 1.937336 0.275393 -0.131011
    17 -2.867767 -2.740969 0.531125 2.051196 0.577049 -0.321829
    18 4.324081 2.744001 -0.524877 -1.090396 0.577049 -0.321829
    19 5.012512 3.752832 -0.011802 -1.090396 0.577049 -0.321829
    20 5.595486 4.607124 0.422674 -1.090396 0.577049 -0.321829
    21 6.233833 5.542564 0.898426 -1.090396 0.577049 -0.321829
    22 6.946648 6.587124 1.429667 -1.090396 0.577049 -0.321829
    23 7.537933 7.453606 1.870349 -1.090396 0.577049 -0.321829
    24 8.154472 8.357077 2.329839 -1.090396 0.577049 -0.321829
    25 8.874294 9.411907 2.866308 -1.090396 0.577049 -0.321829
    26 -4.125858 -2.321501 1.394414 2.051196 0.577049 -0.321829
    27 -4.826813 -3.348669 0.872014 2.051196 0.577049 -0.321829
    28 -5.441669 -4.249685 0.413772 2.051196 0.577049 -0.321829
    29 -0.552532 -1.343527 1.604446 -1.131258 0.062036 -0.739330
    30 0.552589 1.343534 -1.604463 -1.114994 0.161114 -0.499872
    31 0.000000 -2.021618 -0.000004 0.186809 0.000000 0.000000
    32 -0.000021 2.021633 0.000027 0.182215 0.000000 0.000000
    33 -0.000004 -1.136217 -0.000004 0.006928 0.000000 0.000000
    34 -0.000011 1.136200 -0.000019 0.220656 0.000000 0.000000
    35 -0.032677 -4.576007 1.352317 2.844703 1.216154 2.484990
    36 0.032719 4.587772 -1.352291 -1.640230 1.283114 -2.138753
    37 0.000000 -1.742817 -0.000002 0.662896 0.000000 0.000000
    38 -0.000006 1.754520 -0.000034 0.202325 0.000000 0.000000
    39 0.000000 -1.215301 -0.003908 0.092660 0.000000 0.000000
    40 0.000002 1.227070 0.000032 0.130356 0.000000 0.000000
    41 -0.367996 -4.200594 0.173244 2.943027 1.091688 2.536231
    42 0.368011 4.208412 -0.173239 3.085177 1.100761 2.833692
    43 0.000000 -2.364506 -0.000004 0.722081 0.000000 0.000000
    44 -0.000006 2.372318 -0.000032 0.722081 0.000000 0.000000
    45 0.000004 -1.572258 -0.000001 0.034255 0.000000 0.000000
    46 -0.000002 1.580170 0.000030 0.034255 0.000000 0.000000
    47 -0.937645 -3.848978 -0.959317 3.044205 1.001841 2.581100
    48 0.937672 3.860714 0.959333 2.886147 1.001849 2.581098
    49 0.000000 -1.678913 0.000000 0.491549 0.000000 0.000000
    50 -0.000013 1.690666 0.000021 0.491549 0.000000 0.000000
    51 -0.000002 -1.411724 0.000002 0.234212 0.000000 0.000000
    52 0.000008 1.423420 0.000028 0.234212 0.000000 0.000000
    53 -1.546646 -3.396381 -1.911663 3.024293 0.944156 2.514436
    54 1.546661 3.404217 1.915585 3.024293 0.944156 2.514435
    55 0.000004 -1.430008 0.000000 0.424958 0.000000 0.000000
    56 -0.000021 1.437870 0.000031 0.424957 0.000000 0.000000
    57 -0.000002 -1.047683 0.000000 0.322075 0.000000 0.000000
    58 0.000006 1.059372 0.000008 0.322075 0.000000 0.000000
    59 -0.000004 -13.013485 -0.000004 0.000000 0.000000 0.000000
    60 0.000000 -10.813480 -0.000004 0.000000 0.000000 0.000000
  time 28
    0 3.357422 4.734375 -15.507813 -1.559898 -0.000007 -0.000009
    1 -21.391670 -4.955023 -8.978693 -1.064077 -0.072519 0.165240
    2 0.000000 14.313023 0.000003 -0.982659 0.000000 0.000000
    3 -0.000011 13.013483 -0.000005 -0.562880 -0.517800 0.772886
    4 2.168423 -0.333773 -6.755966 1.511038 0.090075 -0.695292
    5 0.000000 -14.313034 0.000000 -0.486788 0.000562 -0.000289
    6 -0.000004 -13.013485 -0.000004 0.458782 0.161883 0.500357
    7 -1.330879 -2.698427 0.462449 -0.194886 -0.547260 3.056712
    8 1.330910 2.698444 -0.462436 0.194890 0.547268 -0.084879
    9 8.476563 4.574219 -4.273438 -0.711697 0.510276 1.094600
    10 3.556210 4.238403 0.987502 -1.090396 0.577049 -0.321829
    11 4.139183 5.092691 1.421975 -1.090396 0.577049 -0.321829
    12 4.777527 6.028128 1.897721 -1.090396 0.577049 -0.321829
    13 5.490345 7.072691 2.428969 -1.090396 0.577049 -0.321829
    14 6.558594 8.632813 3.232422 -1.090396 0.577049 -0.321829
    15 7.558525 6.997282 -2.354134 -1.937336 -0.275393 3.010581
    16 7.558525 6.997282 -2.354134 1.937336 0.275393 -0.131011
    17 -2.867767 -2.740969 0.531125 2.051196 0.577049 -0.321829
    18 4.324081 2.744001 -0.524877 -1.090396 0.577049 -0.321829
    19 5.012512 3.752832 -0.011802 -1.090396 0.577049 -0.321829
    20 5.595486 4.607124 0.422674 -1.090396 0.577049 -0.321829
    21 6.233833 5.542564 0.898426 -1.090396 0.577049 -0.321829
    22 6.946648 6.587124 1.429667 -1.090396 0.577049 -0.321829
    23 7.537933 7.453606 1.870349 -1.090396 0.577049 -0.321829
    24 8.154472 8.357077 2.329839 -1.090396 0.577049 -0.321829
    25 8.874294 9.411907 2.866308 -1.090396 0.577049 -0.321829
    26 -4.125858 -2.321501 1.394414 2.051196 0.577049 -0.321829
    27 -4.826813 -3.348669 0.872014 2.051196 0.577049 -0.321829
    28 -5.441669 -4.249685 0.413772 2.051196 0.577049 -0.321829
    29 -0.552532 -1.343527 1.604446 -1.131258 0.062036 -0.739330
    30 0.552589 1.343534 -1.604463 -1.114994 0.161114 -0.499872
    31 0.000000 -2.021618 -0.000004 0.186809 0.000000 0.000000
    32 -0.000021 2.021633 0.000027 0.182215 0.000000 0.000000
    33 -0.000004 -1.136217 -0.000004 0.006928 0.000000 0.000000
    34 -0.000011 1.136200 -0.000019 0.220656 0.000000 0.000000
    35 -0.032677 -4.579914 1.352317 2.844703 1.216154 2.484990
    36 0.032719 4.587772 -1.352291 -1.640230 1.283114 -2.138753
    37 0.000000 -1.742817 -0.000002 0.662896 0.000000 0.000000
    38 -0.000006 1.754520 -0.000034 0.202325 0.000000 0.000000
    39 0.000000 -1.215301 -0.003908 0.092660 0.000000 0.000000
    40 0.000002 1.227070 0.000032 0.130356 0.000000 0.000000
    41 -0.367996 -4.200594 0.173244 2.943027 1.091688 2.536231
    42 0.368011 4.208412 -0.173239 3.085177 1.100761 2.833692
    43 0.000000 -2.364506 -0.000004 0.722081 0.000000 0.000000
    44 -0.000006 2.372318 -0.000032 0.722081 0.000000 0.000000
    45 0.000004 -1.572258 -0.000001 0.034255 0.000000 0.000000
    46 -0.000002 1.580170 0.000030 0.034255 0.000000 0.000000
    47 -0.937645 -3.852884 -0.955411 3.044205 1.001841 2.581100
    48 0.937672 3.860714 0.959333 2.886147 1.001849 2.581098
    49 0.000000 -1.678913 0.000000 0.491549 0.000000 0.000000
    50 -0.000013 1.690666 0.000021 0.491549 0.000000 0.000000
    51 -0.000002 -1.411724 0.000002 0.234212 0.000000 0.000000
    52 0.000008 1.423420 0.000028 0.234212 0.000000 0.000000
    53 -1.546646 -3.396381 -1.911663 3.024293 0.944156 2.514436
    54 1.546661 3.404217 1.915585 3.024293 0.944156 2.514435
    55 0.000004 -1.430008 0.000000 0.424958 0.000000 0.000000
    56 -0.000021 1.437870 0.000031 0.424957 0.000000 0.000000
    57 -0.000002 -1.047683 0.000000 0.322075 0.000000 0.000000
    58 0.000006 1.059372 0.000008 0.322075 0.000000 0.000000
    59 -0.000004 -13.013485 -0.000004 0.000000 0.000000 0.000000
    60 0.000000 -10.813480 -0.000004 0.000000 0.000000 0.000000
  time 29
    0 3.357422 4.734375 -15.507813 -1.559898 -0.000007 -0.000009
    1 -21.391670 -4.982368 -8.978693 -1.064077 -0.072519 0.165240
    2 0.000000 14.313023 0.000003 -0.982659 0.000000 0.000000
    3 -0.000011 13.013483 -0.000005 -0.554759 -0.518083 0.772406
    4 2.234831 -0.622844 -6.752059 1.513911 0.095002 -0.700367
    5 0.000000 -14.313034 0.000000 -0.486788 0.000562 -0.000289
    6 -0.000004 -13.013485 -0.000004 0.458782 0.161883 0.500357
    7 -1.330879 -2.698427 0.462449 -0.194886 -0.547260 3.056712
    8 1.330910 2.698444 -0.462436 0.194890 0.547268 -0.084879
    9 8.476563 4.574219 -4.273438 -0.711697 0.510276 1.094600
    10 3.556210 4.238403 0.987502 -1.090396 0.577049 -0.321829
    11 4.139183 5.092691 1.421975 -1.090396 0.577049 -0.321829
    12 4.777527 6.028128 1.897721 -1.090396 0.577049 -0.321829
    13 5.490345 7.072691 2.428969 -1.090396 0.577049 -0.321829
    14 6.558594 8.632813 3.232422 -1.090396 0.577049 -0.321829
    15 7.558525 6.997282 -2.354134 -1.937336 -0.275393 3.010581
    16 7.558525 6.997282 -2.354134 1.937336 0.275393 -0.131011
    17 -2.867767 -2.740969 0.531125 2.051196 0.577049 -0.321829
    18 4.324081 2.744001 -0.524877 -1.090396 0.577049 -0.321829
    19 5.012512 3.752832 -0.011802 -1.090396 0.577049 -0.321829
    20 5.595486 4.607124 0.422674 -1.090396 0.577049 -0.321829
    21 6.233833 5.542564 0.898426 -1.090396 0.577049 -0.321829
    22 6.946648 6.587124 1.429667 -1.090396 0.577049 -0.321829
    23 7.537933 7.453606 1.870349 -1.090396 0.577049 -0.321829
    24 8.154472 8.357077 2.329839 -1.090396 0.577049 -0.321829
    25 8.874294 9.411907 2.866308 -1.090396 0.577049 -0.321829
    26 -4.125858 -2.321501 1.394414 2.051196 0.577049 -0.321829
    27 -4.826813 -3.348669 0.872014 2.051196 0.577049 -0.321829
    28 -5.441669 -4.249685 0.413772 2.051196 0.577049 -0.321829
    29 -0.552532 -1.343527 1.604446 -1.131258 0.062036 -0.739330
    30 0.552589 1.343534 -1.604463 -1.114994 0.161114 -0.499872
    31 0.000000 -2.021618 -0.000004 0.186809 0.000000 0.000000
    32 -0.000021 2.021633 0.000027 0.182215 0.000000 0.000000
    33 -0.000004 -1.136217 -0.000004 0.006928 0.000000 0.000000
    34 -0.000011 1.136200 -0.000019 0.220656 0.000000 0.000000
    35 -0.032677 -4.576007 1.352317 2.844703 1.216154 2.484990
    36 0.032719 4.587772 -1.352291 -1.640230 1.283114 -2.138753
    37 0.000000 -1.742817 -0.000002 0.662896 0.000000 0.000000
    38 -0.000006 1.754520 -0.000034 0.202325 0.000000 0.000000
    39 0.000000 -1.215301 -0.003908 0.092660 0.000000 0.000000
    40 0.000002 1.227070 0.000032 0.130356 0.000000 0.000000
    41 -0.367996 -4.200594 0.173244 2.943027 1.091688 2.536231
    42 0.368011 4.208412 -0.173239 3.085177 1.100761 2.833692
    43 0.000000 -2.364506 -0.000004 0.722081 0.000000 0.000000
    44 -0.000006 2.372318 -0.000032 0.722081 0.000000 0.000000
    45 0.000004 -1.572258 -0.003907 0.034255 0.000000 0.000000
    46 -0.000002 1.580170 0.000030 0.034255 0.000000 0.000000
    47 -0.937645 -3.852884 -0.955411 3.044205 1.001841 2.581100
    48 0.937672 3.860714 0.959333 2.886147 1.001849 2.581098
    49 0.000000 -1.678913 0.000000 0.491549 0.000000 0.000000
    50 -0.000013 1.690666 0.000021 0.491549 0.000000 0.000000
    51 -0.000002 -1.411724 0.000002 0.234212 0.000000 0.000000
    52 0.000008 1.423420 0.000028 0.234212 0.000000 0.000000
    53 -1.546646 -3.392475 -1.911663 3.024293 0.944156 2.514436
    54 1.546661 3.404217 1.915585 3.024293 0.944156 2.514435
    55 0.000004 -1.426101 0.000000 0.424958 0.000000 0.000000
    56 -0.000021 1.437870 0.000031 0.424957 0.000000 0.000000
    57 -0.000002 -1.047683 0.000000 0.322075 0.000000 0.000000
    58 0.000006 1.059372 0.000008 0.322075 0.000000 0.000000
    59 -0.000004 -13.013485 -0.000004 0.000000 0.000000 0.000000
    60 0.000000 -10.813480 -0.000004 0.000000 0.000000 0.000000
end
