// Created by Crowbar 0.74
version 1
nodes
  0 "root" -1
  1 "bip_upperArm_R" 0
  2 "bip_lowerArm_R" 1
  3 "bip_hand_R" 2
  4 "bip_upperArm_L" 0
  5 "bip_lowerArm_L" 4
  6 "bip_hand_L" 5
  7 "effect_hand_L" 6
  8 "effect_hand_R" 3
  9 "weapon_bone" 3
  10 "weapon_bone_1" 3
  11 "weapon_bone_2" 3
  12 "weapon_bone_3" 3
  13 "weapon_bone_4" 3
  14 "weapon_bone_5" 3
  15 "weapon_bone_6" 3
  16 "weapon_bone_7" 3
  17 "weapon_bone_L" 6
  18 "vm_weapon_bone" 3
  19 "vm_weapon_bone_1" 3
  20 "vm_weapon_bone_2" 3
  21 "vm_weapon_bone_3" 3
  22 "vm_weapon_bone_4" 3
  23 "vm_weapon_bone_5" 3
  24 "vm_weapon_bone_6" 3
  25 "vm_weapon_bone_7" 3
  26 "vm_weapon_bone_L" 6
  27 "vm_weapon_bone_L_1" 6
  28 "vm_weapon_bone_L_2" 6
  29 "bip_thumb_0_L" 6
  30 "bip_thumb_0_R" 3
  31 "bip_thumb_1_L" 29
  32 "bip_thumb_1_R" 30
  33 "bip_thumb_2_L" 31
  34 "bip_thumb_2_R" 32
  35 "bip_index_0_L" 6
  36 "bip_index_0_R" 3
  37 "bip_index_1_L" 35
  38 "bip_index_1_R" 36
  39 "bip_index_2_L" 37
  40 "bip_index_2_R" 38
  41 "bip_middle_0_L" 6
  42 "bip_middle_0_R" 3
  43 "bip_middle_1_L" 41
  44 "bip_middle_1_R" 42
  45 "bip_middle_2_L" 43
  46 "bip_middle_2_R" 44
  47 "bip_ring_0_L" 6
  48 "bip_ring_0_R" 3
  49 "bip_ring_1_L" 47
  50 "bip_ring_1_R" 48
  51 "bip_ring_2_L" 49
  52 "bip_ring_2_R" 50
  53 "bip_pinky_0_L" 6
  54 "bip_pinky_0_R" 3
  55 "bip_pinky_1_L" 53
  56 "bip_pinky_1_R" 54
  57 "bip_pinky_2_L" 55
  58 "bip_pinky_2_R" 56
  59 "Sleeve_Control" 5
  60 "Wrist_Control" 5
end
skeleton
  time 0
    0 -0.024506 -3.468750 -0.000151 -1.559900 -0.000006 -0.000006
    1 -12.903130 2.931936 4.287337 -0.799155 -0.248396 0.882764
    2 0.000000 14.313023 0.000003 -1.719604 0.000000 0.000000
    3 -0.000011 13.013483 -0.000005 -0.631198 1.352610 -1.078282
    4 8.652996 10.990791 8.510125 2.729703 0.356875 0.284924
    5 0.000000 -14.313034 0.000000 -1.906796 0.000000 0.000000
    6 -0.000004 -13.013485 -0.000004 0.261589 -0.759386 -0.369182
    7 -1.330879 -2.698427 0.462449 -0.194886 -0.547260 3.056712
    8 1.330910 2.698444 -0.462436 0.194890 0.547268 -0.084879
    9 1.113281 4.808594 -1.690430 -1.589811 0.272264 -0.038126
    10 1.340820 7.765625 -2.611328 1.638801 1.297889 -3.109116
    11 0.671387 7.765625 -3.669922 -1.589828 0.275075 -0.038182
    12 0.707031 8.593750 -3.654297 -1.589811 0.272264 -0.038126
    13 14.750000 -52.000000 -3.505859 -1.993925 0.093276 0.197065
    14 6.566406 8.648438 3.232422 -1.090396 0.577049 -0.321829
    15 7.558525 6.997282 -2.354134 -1.937336 -0.275393 3.010581
    16 7.558525 6.997282 -2.354134 1.937336 0.275393 -0.131011
    17 -2.867767 -2.740969 0.531125 2.051196 0.577049 -0.321829
    18 4.324081 2.744001 -0.524877 -1.090396 0.577049 -0.321829
    19 1.340820 7.765625 -2.611328 1.638801 1.297889 -3.109116
    20 0.669922 7.765625 -3.669922 -1.589828 0.275074 -0.038184
    21 6.233833 5.542564 0.898426 -1.090396 0.577049 -0.321829
    22 6.946648 6.587124 1.429667 -1.090396 0.577049 -0.321829
    23 7.537933 7.453606 1.870349 -1.090396 0.577049 -0.321829
    24 8.154472 8.357077 2.329839 -1.090396 0.577049 -0.321829
    25 8.874294 9.411907 2.866308 -1.090396 0.577049 -0.321829
    26 -4.125858 -2.321501 1.394414 2.051196 0.577049 -0.321829
    27 -4.826813 -3.348669 0.872014 2.051196 0.577049 -0.321829
    28 -5.441669 -4.249685 0.413772 2.051196 0.577049 -0.321829
    29 -0.552532 -1.343527 1.604446 -0.050490 -0.183910 -0.530210
    30 0.552589 1.343534 -1.604463 -0.833184 -0.216300 -0.220877
    31 0.000000 -2.021618 -0.000004 -0.203562 0.000000 0.000000
    32 -0.000021 2.021633 0.000027 -0.183400 0.000000 0.000000
    33 -0.000004 -1.136217 -0.000004 -0.600480 0.000000 0.000000
    34 -0.000011 1.136200 -0.000019 -0.580321 0.000000 0.000000
    35 -0.032677 -4.587727 1.352317 -2.558511 0.890419 -2.936117
    36 0.032719 4.587772 -1.352291 2.079251 1.277559 2.173991
    37 0.000000 -1.754536 -0.000002 1.092131 0.000000 0.000000
    38 -0.000006 1.754520 -0.000034 0.714668 0.000000 0.000000
    39 0.000000 -1.227020 -0.000002 -0.252428 0.000000 0.000000
    40 0.000002 1.227070 0.000032 -0.218093 0.000000 0.000000
    41 -0.367996 -4.208406 0.173244 2.977246 0.927096 2.319402
    42 0.368011 4.208412 -0.173239 2.878562 1.339714 2.370778
    43 0.000000 -2.372318 -0.000004 1.154585 0.000000 0.000000
    44 -0.000006 2.372318 -0.000032 2.018180 0.000000 0.000000
    45 0.000004 -1.580070 -0.000001 -0.329414 0.000000 0.000000
    46 -0.000002 1.580170 0.000030 0.390556 0.000000 0.000000
    47 -0.937645 -3.860697 -0.959317 -2.948054 0.798863 2.256892
    48 0.937672 3.860714 0.959333 2.959055 1.121003 2.662502
    49 0.000000 -1.690632 0.000000 1.148315 0.000000 0.000000
    50 -0.000013 1.690666 0.000021 1.835620 0.000000 0.000000
    51 -0.000002 -1.423443 0.000002 1.302406 0.000000 0.000000
    52 0.000008 1.423420 0.000028 0.841481 0.000000 0.000000
    53 -1.546646 -3.404194 -1.915569 -2.791978 0.765578 2.402160
    54 1.546661 3.404217 1.915585 3.009108 0.967925 2.869561
    55 0.000004 -1.437820 0.000000 1.542970 0.000000 0.000000
    56 -0.000021 1.437870 0.000031 1.347581 0.000000 0.000000
    57 -0.000002 -1.059402 0.000000 0.888082 0.000000 0.000000
    58 0.000006 1.059372 0.000008 1.057352 0.000000 0.000000
    59 -0.000004 -13.013485 -0.000004 0.010936 -0.284121 -0.076428
    60 0.161133 -10.804688 0.023087 0.010936 -0.284121 -0.076428
  time 1
    0 -0.024506 -3.468750 -0.000151 -1.559900 -0.000006 -0.000006
    1 -12.903130 2.931936 4.287337 -0.799155 -0.248396 0.882764
    2 0.000000 14.313023 0.000003 -1.719604 0.000000 0.000000
    3 -0.000011 13.013483 -0.000005 -0.631102 1.352610 -1.078282
    4 8.652996 10.990791 8.510125 2.729703 0.356875 0.284924
    5 0.000000 -14.313034 0.000000 -1.906796 0.000000 0.000000
    6 -0.000004 -13.013485 -0.000004 0.261589 -0.759386 -0.369182
    7 -1.330879 -2.698427 0.462449 -0.194886 -0.547260 3.056712
    8 1.330910 2.698444 -0.462436 0.194890 0.547268 -0.084879
    9 1.113281 4.808594 -1.690430 -1.589811 0.272264 -0.038126
    10 1.340820 7.765625 -2.611328 1.638801 1.297889 -3.109116
    11 0.671387 7.765625 -3.669922 -1.589828 0.275075 -0.038182
    12 0.707031 8.593750 -3.654297 -1.589811 0.272264 -0.038126
    13 14.750000 -52.000000 -3.505859 -1.993925 0.093276 0.197065
    14 6.566406 8.648438 3.232422 -1.090396 0.577049 -0.321829
    15 7.558525 6.997282 -2.354134 -1.937336 -0.275393 3.010581
    16 7.558525 6.997282 -2.354134 1.937336 0.275393 -0.131011
    17 -2.867767 -2.740969 0.531125 2.051196 0.577049 -0.321829
    18 4.324081 2.744001 -0.524877 -1.090396 0.577049 -0.321829
    19 1.340820 7.765625 -2.611328 1.638801 1.297889 -3.109116
    20 0.669922 7.765625 -3.669922 -1.589828 0.275074 -0.038184
    21 6.233833 5.542564 0.898426 -1.090396 0.577049 -0.321829
    22 6.946648 6.587124 1.429667 -1.090396 0.577049 -0.321829
    23 7.537933 7.453606 1.870349 -1.090396 0.577049 -0.321829
    24 8.154472 8.357077 2.329839 -1.090396 0.577049 -0.321829
    25 8.874294 9.411907 2.866308 -1.090396 0.577049 -0.321829
    26 -4.125858 -2.321501 1.394414 2.051196 0.577049 -0.321829
    27 -4.826813 -3.348669 0.872014 2.051196 0.577049 -0.321829
    28 -5.441669 -4.249685 0.413772 2.051196 0.577049 -0.321829
    29 -0.552532 -1.343527 1.604446 -0.050490 -0.183910 -0.530210
    30 0.552589 1.343534 -1.604463 -0.833184 -0.216300 -0.220877
    31 0.000000 -2.021618 -0.000004 -0.203562 0.000000 0.000000
    32 -0.000021 2.021633 0.000027 -0.183400 0.000000 0.000000
    33 -0.000004 -1.136217 -0.000004 -0.600480 0.000000 0.000000
    34 -0.000011 1.136200 -0.000019 -0.580321 0.000000 0.000000
    35 -0.032677 -4.587727 1.352317 -2.558511 0.890419 -2.936117
    36 0.032719 4.587772 -1.352291 2.079251 1.277559 2.173991
    37 0.000000 -1.754536 -0.000002 1.092131 0.000000 0.000000
    38 -0.000006 1.754520 -0.000034 0.714668 0.000000 0.000000
    39 0.000000 -1.227020 -0.000002 -0.252428 0.000000 0.000000
    40 0.000002 1.227070 0.000032 -0.218093 0.000000 0.000000
    41 -0.367996 -4.208406 0.173244 2.977246 0.927096 2.319402
    42 0.368011 4.208412 -0.173239 2.878562 1.339714 2.370778
    43 0.000000 -2.372318 -0.000004 1.154585 0.000000 0.000000
    44 -0.000006 2.372318 -0.000032 2.018180 0.000000 0.000000
    45 0.000004 -1.580070 -0.000001 -0.329414 0.000000 0.000000
    46 -0.000002 1.580170 0.000030 0.390556 0.000000 0.000000
    47 -0.937645 -3.860697 -0.959317 -2.948054 0.798863 2.256892
    48 0.937672 3.860714 0.959333 2.959055 1.121003 2.662502
    49 0.000000 -1.690632 0.000000 1.148315 0.000000 0.000000
    50 -0.000013 1.690666 0.000021 1.835620 0.000000 0.000000
    51 -0.000002 -1.423443 0.000002 1.302406 0.000000 0.000000
    52 0.000008 1.423420 0.000028 0.841481 0.000000 0.000000
    53 -1.546646 -3.404194 -1.915569 -2.791978 0.765578 2.402160
    54 1.546661 3.404217 1.915585 3.009108 0.967925 2.869561
    55 0.000004 -1.437820 0.000000 1.542970 0.000000 0.000000
    56 -0.000021 1.437870 0.000031 1.347581 0.000000 0.000000
    57 -0.000002 -1.059402 0.000000 0.888082 0.000000 0.000000
    58 0.000006 1.059372 0.000008 1.057352 0.000000 0.000000
    59 -0.000004 -13.013485 -0.000004 0.010936 -0.284121 -0.076428
    60 0.161133 -10.804688 0.023087 0.010936 -0.284121 -0.076428
  time 2
    0 -0.024506 -3.468750 -0.000151 -1.559900 -0.000006 -0.000006
    1 -12.903130 2.931936 4.287337 -0.799155 -0.248396 0.882764
    2 0.000000 14.313023 0.000003 -1.719604 0.000000 0.000000
    3 -0.000011 13.013483 -0.000005 -0.630911 1.352751 -1.078091
    4 8.652996 10.990791 8.510125 2.729703 0.356875 0.284924
    5 0.000000 -14.313034 0.000000 -1.906796 0.000000 0.000000
    6 -0.000004 -13.013485 -0.000004 0.261589 -0.759522 -0.369182
    7 -1.330879 -2.698427 0.462449 -0.194886 -0.547260 3.056712
    8 1.330910 2.698444 -0.462436 0.194890 0.547268 -0.084879
    9 1.113281 4.808594 -1.690430 -1.589811 0.272264 -0.038126
    10 1.340820 7.765625 -2.611328 1.638801 1.297889 -3.109116
    11 0.671387 7.765625 -3.669922 -1.589828 0.275075 -0.038182
    12 0.707031 8.593750 -3.654297 -1.589811 0.272264 -0.038126
    13 14.750000 -52.000000 -3.505859 -1.993925 0.093276 0.197065
    14 6.566406 8.648438 3.232422 -1.090396 0.577049 -0.321829
    15 7.558525 6.997282 -2.354134 -1.937336 -0.275393 3.010581
    16 7.558525 6.997282 -2.354134 1.937336 0.275393 -0.131011
    17 -2.867767 -2.740969 0.531125 2.051196 0.577049 -0.321829
    18 4.324081 2.744001 -0.524877 -1.090396 0.577049 -0.321829
    19 1.340820 7.765625 -2.611328 1.638801 1.297889 -3.109116
    20 0.669922 7.765625 -3.669922 -1.589828 0.275074 -0.038184
    21 6.233833 5.542564 0.898426 -1.090396 0.577049 -0.321829
    22 6.946648 6.587124 1.429667 -1.090396 0.577049 -0.321829
    23 7.537933 7.453606 1.870349 -1.090396 0.577049 -0.321829
    24 8.154472 8.357077 2.329839 -1.090396 0.577049 -0.321829
    25 8.874294 9.411907 2.866308 -1.090396 0.577049 -0.321829
    26 -4.125858 -2.321501 1.394414 2.051196 0.577049 -0.321829
    27 -4.826813 -3.348669 0.872014 2.051196 0.577049 -0.321829
    28 -5.441669 -4.249685 0.413772 2.051196 0.577049 -0.321829
    29 -0.552532 -1.343527 1.604446 -0.050490 -0.183910 -0.530210
    30 0.552589 1.343534 -1.604463 -0.833158 -0.216300 -0.220877
    31 0.000000 -2.021618 -0.000004 -0.203562 0.000000 0.000000
    32 -0.000021 2.021633 0.000027 -0.183400 0.000000 0.000000
    33 -0.000004 -1.136217 -0.000004 -0.600480 0.000000 0.000000
    34 -0.000011 1.136200 -0.000019 -0.580321 0.000000 0.000000
    35 -0.032677 -4.587727 1.352317 -2.558511 0.890419 -2.936117
    36 0.032719 4.587772 -1.352291 2.079251 1.277559 2.173991
    37 0.000000 -1.754536 -0.000002 1.092131 0.000000 0.000000
    38 -0.000006 1.754520 -0.000034 0.714668 0.000000 0.000000
    39 0.000000 -1.227020 -0.000002 -0.252428 0.000000 0.000000
    40 0.000002 1.227070 0.000032 -0.218093 0.000000 0.000000
    41 -0.367996 -4.208406 0.173244 2.977246 0.927096 2.319402
    42 0.368011 4.208412 -0.173239 2.878562 1.339714 2.370778
    43 0.000000 -2.372318 -0.000004 1.154585 0.000000 0.000000
    44 -0.000006 2.372318 -0.000032 2.018180 0.000000 0.000000
    45 0.000004 -1.580070 -0.000001 -0.329414 0.000000 0.000000
    46 -0.000002 1.580170 0.000030 0.390556 0.000000 0.000000
    47 -0.937645 -3.860697 -0.959317 -2.948054 0.798863 2.256892
    48 0.937672 3.860714 0.959333 2.959055 1.121003 2.662502
    49 0.000000 -1.690632 0.000000 1.148315 0.000000 0.000000
    50 -0.000013 1.690666 0.000021 1.835620 0.000000 0.000000
    51 -0.000002 -1.423443 0.000002 1.302406 0.000000 0.000000
    52 0.000008 1.423420 0.000028 0.841481 0.000000 0.000000
    53 -1.546646 -3.404194 -1.915569 -2.791978 0.765578 2.402160
    54 1.546661 3.404217 1.915585 3.009108 0.967925 2.869561
    55 0.000004 -1.437820 0.000000 1.542970 0.000000 0.000000
    56 -0.000021 1.437870 0.000031 1.347581 0.000000 0.000000
    57 -0.000002 -1.059402 0.000000 0.888082 0.000000 0.000000
    58 0.000006 1.059372 0.000008 1.057352 0.000000 0.000000
    59 -0.000004 -13.013485 -0.000004 0.010936 -0.284121 -0.076428
    60 0.161133 -10.804688 0.023087 0.010936 -0.284121 -0.076428
  time 3
    0 -0.024506 -3.468750 -0.000151 -1.559900 -0.000006 -0.000006
    1 -12.903130 2.931936 4.287337 -0.799155 -0.248396 0.882764
    2 0.000000 14.313023 0.000003 -1.719604 0.000000 0.000000
    3 -0.000011 13.013483 -0.000005 -0.630625 1.352940 -1.077995
    4 8.652996 10.990791 8.510125 2.729703 0.356875 0.284924
    5 0.000000 -14.313034 0.000000 -1.906796 0.000000 0.000000
    6 -0.000004 -13.013485 -0.000004 0.261589 -0.759751 -0.369277
    7 -1.330879 -2.698427 0.462449 -0.194886 -0.547260 3.056712
    8 1.330910 2.698444 -0.462436 0.194890 0.547268 -0.084879
    9 1.113281 4.808594 -1.690430 -1.589811 0.272264 -0.038126
    10 1.340820 7.765625 -2.611328 1.638801 1.297889 -3.109116
    11 0.671387 7.765625 -3.669922 -1.589828 0.275075 -0.038182
    12 0.707031 8.593750 -3.654297 -1.589811 0.272264 -0.038126
    13 14.750000 -52.000000 -3.505859 -1.993925 0.093276 0.197065
    14 6.566406 8.648438 3.232422 -1.090396 0.577049 -0.321829
    15 7.558525 6.997282 -2.354134 -1.937336 -0.275393 3.010581
    16 7.558525 6.997282 -2.354134 1.937336 0.275393 -0.131011
    17 -2.867767 -2.740969 0.531125 2.051196 0.577049 -0.321829
    18 4.324081 2.744001 -0.524877 -1.090396 0.577049 -0.321829
    19 1.340820 7.765625 -2.611328 1.638801 1.297889 -3.109116
    20 0.669922 7.765625 -3.669922 -1.589828 0.275074 -0.038184
    21 6.233833 5.542564 0.898426 -1.090396 0.577049 -0.321829
    22 6.946648 6.587124 1.429667 -1.090396 0.577049 -0.321829
    23 7.537933 7.453606 1.870349 -1.090396 0.577049 -0.321829
    24 8.154472 8.357077 2.329839 -1.090396 0.577049 -0.321829
    25 8.874294 9.411907 2.866308 -1.090396 0.577049 -0.321829
    26 -4.125858 -2.321501 1.394414 2.051196 0.577049 -0.321829
    27 -4.826813 -3.348669 0.872014 2.051196 0.577049 -0.321829
    28 -5.441669 -4.249685 0.413772 2.051196 0.577049 -0.321829
    29 -0.552532 -1.343527 1.604446 -0.050490 -0.183910 -0.530210
    30 0.552589 1.343534 -1.604463 -0.833184 -0.216300 -0.220877
    31 0.000000 -2.021618 -0.000004 -0.203562 0.000000 0.000000
    32 -0.000021 2.021633 0.000027 -0.183400 0.000000 0.000000
    33 -0.000004 -1.136217 -0.000004 -0.600480 0.000000 0.000000
    34 -0.000011 1.136200 -0.000019 -0.580321 0.000000 0.000000
    35 -0.032677 -4.587727 1.352317 -2.558511 0.890419 -2.936117
    36 0.032719 4.587772 -1.352291 2.079251 1.277559 2.173991
    37 0.000000 -1.754536 -0.000002 1.092131 0.000000 0.000000
    38 -0.000006 1.754520 -0.000034 0.714668 0.000000 0.000000
    39 0.000000 -1.227020 -0.000002 -0.252428 0.000000 0.000000
    40 0.000002 1.227070 0.000032 -0.218093 0.000000 0.000000
    41 -0.367996 -4.208406 0.173244 2.977246 0.927096 2.319402
    42 0.368011 4.208412 -0.173239 2.878562 1.339714 2.370778
    43 0.000000 -2.372318 -0.000004 1.154585 0.000000 0.000000
    44 -0.000006 2.372318 -0.000032 2.018180 0.000000 0.000000
    45 0.000004 -1.580070 -0.000001 -0.329414 0.000000 0.000000
    46 -0.000002 1.580170 0.000030 0.390556 0.000000 0.000000
    47 -0.937645 -3.860697 -0.959317 -2.948054 0.798863 2.256892
    48 0.937672 3.860714 0.959333 2.959055 1.121003 2.662502
    49 0.000000 -1.690632 0.000000 1.148315 0.000000 0.000000
    50 -0.000013 1.690666 0.000021 1.835620 0.000000 0.000000
    51 -0.000002 -1.423443 0.000002 1.302406 0.000000 0.000000
    52 0.000008 1.423420 0.000028 0.841481 0.000000 0.000000
    53 -1.546646 -3.404194 -1.915569 -2.791978 0.765578 2.402160
    54 1.546661 3.404217 1.915585 3.009108 0.967925 2.869561
    55 0.000004 -1.437820 0.000000 1.542970 0.000000 0.000000
    56 -0.000021 1.437870 0.000031 1.347581 0.000000 0.000000
    57 -0.000002 -1.059402 0.000000 0.888082 0.000000 0.000000
    58 0.000006 1.059372 0.000008 1.057352 0.000000 0.000000
    59 -0.000004 -13.013485 -0.000004 0.010936 -0.284121 -0.076428
    60 0.161133 -10.804688 0.023087 0.010936 -0.284121 -0.076428
  time 4
    0 -0.024506 -3.468750 -0.000151 -1.559900 -0.000006 -0.000006
    1 -12.903130 2.931936 4.287337 -0.799155 -0.248443 0.882764
    2 0.000000 14.313023 0.000003 -1.719604 0.000000 0.000000
    3 -0.000011 13.013483 -0.000005 -0.630243 1.353176 -1.077515
    4 8.652996 10.990791 8.510125 2.729703 0.356875 0.284924
    5 0.000000 -14.313034 0.000000 -1.906736 0.000000 0.000000
    6 -0.000004 -13.013485 -0.000004 0.261589 -0.759979 -0.369372
    7 -1.330879 -2.698427 0.462449 -0.194886 -0.547260 3.056712
    8 1.330910 2.698444 -0.462436 0.194890 0.547268 -0.084879
    9 1.113281 4.808594 -1.690430 -1.589811 0.272264 -0.038126
    10 1.340820 7.765625 -2.611328 1.638801 1.297889 -3.109116
    11 0.671387 7.765625 -3.669922 -1.589828 0.275075 -0.038182
    12 0.707031 8.593750 -3.654297 -1.589811 0.272264 -0.038126
    13 14.750000 -52.000000 -3.505859 -1.993925 0.093276 0.197065
    14 6.566406 8.648438 3.232422 -1.090396 0.577049 -0.321829
    15 7.558525 6.997282 -2.354134 -1.937336 -0.275393 3.010581
    16 7.558525 6.997282 -2.354134 1.937336 0.275393 -0.131011
    17 -2.867767 -2.740969 0.531125 2.051196 0.577049 -0.321829
    18 4.324081 2.744001 -0.524877 -1.090396 0.577049 -0.321829
    19 1.340820 7.765625 -2.611328 1.638801 1.297889 -3.109116
    20 0.669922 7.765625 -3.669922 -1.589828 0.275074 -0.038184
    21 6.233833 5.542564 0.898426 -1.090396 0.577049 -0.321829
    22 6.946648 6.587124 1.429667 -1.090396 0.577049 -0.321829
    23 7.537933 7.453606 1.870349 -1.090396 0.577049 -0.321829
    24 8.154472 8.357077 2.329839 -1.090396 0.577049 -0.321829
    25 8.874294 9.411907 2.866308 -1.090396 0.577049 -0.321829
    26 -4.125858 -2.321501 1.394414 2.051196 0.577049 -0.321829
    27 -4.826813 -3.348669 0.872014 2.051196 0.577049 -0.321829
    28 -5.441669 -4.249685 0.413772 2.051196 0.577049 -0.321829
    29 -0.552532 -1.343527 1.604446 -0.050490 -0.183910 -0.530210
    30 0.552589 1.343534 -1.604463 -0.833184 -0.216300 -0.220877
    31 0.000000 -2.021618 -0.000004 -0.203562 0.000000 0.000000
    32 -0.000021 2.021633 0.000027 -0.183400 0.000000 0.000000
    33 -0.000004 -1.136217 -0.000004 -0.600480 0.000000 0.000000
    34 -0.000011 1.136200 -0.000019 -0.580321 0.000000 0.000000
    35 -0.032677 -4.587727 1.352317 -2.558511 0.890419 -2.936117
    36 0.032719 4.587772 -1.352291 2.079251 1.277559 2.173991
    37 0.000000 -1.754536 -0.000002 1.092131 0.000000 0.000000
    38 -0.000006 1.754520 -0.000034 0.714668 0.000000 0.000000
    39 0.000000 -1.227020 -0.000002 -0.252428 0.000000 0.000000
    40 0.000002 1.227070 0.000032 -0.218093 0.000000 0.000000
    41 -0.367996 -4.208406 0.173244 2.977246 0.927096 2.319402
    42 0.368011 4.208412 -0.173239 2.878562 1.339714 2.370778
    43 0.000000 -2.372318 -0.000004 1.154585 0.000000 0.000000
    44 -0.000006 2.372318 -0.000032 2.018180 0.000000 0.000000
    45 0.000004 -1.580070 -0.000001 -0.329414 0.000000 0.000000
    46 -0.000002 1.580170 0.000030 0.390556 0.000000 0.000000
    47 -0.937645 -3.860697 -0.959317 -2.948054 0.798863 2.256892
    48 0.937672 3.860714 0.959333 2.959055 1.121003 2.662502
    49 0.000000 -1.690632 0.000000 1.148315 0.000000 0.000000
    50 -0.000013 1.690666 0.000021 1.835620 0.000000 0.000000
    51 -0.000002 -1.423443 0.000002 1.302406 0.000000 0.000000
    52 0.000008 1.423420 0.000028 0.841481 0.000000 0.000000
    53 -1.546646 -3.404194 -1.915569 -2.791978 0.765578 2.402160
    54 1.546661 3.404217 1.915585 3.009108 0.967925 2.869561
    55 0.000004 -1.437820 0.000000 1.542970 0.000000 0.000000
    56 -0.000021 1.437870 0.000031 1.347581 0.000000 0.000000
    57 -0.000002 -1.059402 0.000000 0.888082 0.000000 0.000000
    58 0.000006 1.059372 0.000008 1.057352 0.000000 0.000000
    59 -0.000004 -13.013485 -0.000004 0.010936 -0.284121 -0.076428
    60 0.161133 -10.804688 0.023087 0.010936 -0.284121 -0.076428
  time 5
    0 -0.024506 -3.468750 -0.000151 -1.559900 -0.000006 -0.000006
    1 -12.903130 2.931936 4.287337 -0.799155 -0.248443 0.882764
    2 0.000000 14.313023 0.000003 -1.719604 0.000000 0.000000
    3 -0.000011 13.013483 -0.000005 -0.629765 1.353506 -1.077228
    4 8.652996 10.990791 8.510125 2.729703 0.356875 0.284924
    5 0.000000 -14.313034 0.000000 -1.906736 0.000000 0.000000
    6 -0.000004 -13.013485 -0.000004 0.261589 -0.760298 -0.369563
    7 -1.330879 -2.698427 0.462449 -0.194886 -0.547260 3.056712
    8 1.330910 2.698444 -0.462436 0.194890 0.547268 -0.084879
    9 1.113281 4.808594 -1.690430 -1.589811 0.272264 -0.038126
    10 1.340820 7.765625 -2.611328 1.638801 1.297889 -3.109116
    11 0.671387 7.765625 -3.669922 -1.589828 0.275075 -0.038182
    12 0.707031 8.593750 -3.654297 -1.589811 0.272264 -0.038126
    13 14.750000 -52.000000 -3.505859 -1.993925 0.093276 0.197065
    14 6.566406 8.648438 3.232422 -1.090396 0.577049 -0.321829
    15 7.558525 6.997282 -2.354134 -1.937336 -0.275393 3.010581
    16 7.558525 6.997282 -2.354134 1.937336 0.275393 -0.131011
    17 -2.867767 -2.740969 0.531125 2.051196 0.577049 -0.321829
    18 4.324081 2.744001 -0.524877 -1.090396 0.577049 -0.321829
    19 1.340820 7.765625 -2.611328 1.638801 1.297889 -3.109116
    20 0.669922 7.765625 -3.669922 -1.589828 0.275074 -0.038184
    21 6.233833 5.542564 0.898426 -1.090396 0.577049 -0.321829
    22 6.946648 6.587124 1.429667 -1.090396 0.577049 -0.321829
    23 7.537933 7.453606 1.870349 -1.090396 0.577049 -0.321829
    24 8.154472 8.357077 2.329839 -1.090396 0.577049 -0.321829
    25 8.874294 9.411907 2.866308 -1.090396 0.577049 -0.321829
    26 -4.125858 -2.321501 1.394414 2.051196 0.577049 -0.321829
    27 -4.826813 -3.348669 0.872014 2.051196 0.577049 -0.321829
    28 -5.441669 -4.249685 0.413772 2.051196 0.577049 -0.321829
    29 -0.552532 -1.343527 1.604446 -0.050490 -0.183910 -0.530210
    30 0.552589 1.343534 -1.604463 -0.833184 -0.216300 -0.220877
    31 0.000000 -2.021618 -0.000004 -0.203562 0.000000 0.000000
    32 -0.000021 2.021633 0.000027 -0.183400 0.000000 0.000000
    33 -0.000004 -1.136217 -0.000004 -0.600480 0.000000 0.000000
    34 -0.000011 1.136200 -0.000019 -0.580321 0.000000 0.000000
    35 -0.032677 -4.587727 1.352317 -2.558511 0.890419 -2.936117
    36 0.032719 4.587772 -1.352291 2.079251 1.277559 2.173991
    37 0.000000 -1.754536 -0.000002 1.092131 0.000000 0.000000
    38 -0.000006 1.754520 -0.000034 0.714668 0.000000 0.000000
    39 0.000000 -1.227020 -0.000002 -0.252428 0.000000 0.000000
    40 0.000002 1.227070 0.000032 -0.218093 0.000000 0.000000
    41 -0.367996 -4.208406 0.173244 2.977246 0.927096 2.319402
    42 0.368011 4.208412 -0.173239 2.878562 1.339714 2.370778
    43 0.000000 -2.372318 -0.000004 1.154585 0.000000 0.000000
    44 -0.000006 2.372318 -0.000032 2.018180 0.000000 0.000000
    45 0.000004 -1.580070 -0.000001 -0.329414 0.000000 0.000000
    46 -0.000002 1.580170 0.000030 0.390556 0.000000 0.000000
    47 -0.937645 -3.860697 -0.959317 -2.948054 0.798863 2.256892
    48 0.937672 3.860714 0.959333 2.959055 1.121003 2.662502
    49 0.000000 -1.690632 0.000000 1.148315 0.000000 0.000000
    50 -0.000013 1.690666 0.000021 1.835620 0.000000 0.000000
    51 -0.000002 -1.423443 0.000002 1.302406 0.000000 0.000000
    52 0.000008 1.423420 0.000028 0.841481 0.000000 0.000000
    53 -1.546646 -3.404194 -1.915569 -2.791978 0.765578 2.402160
    54 1.546661 3.404217 1.915585 3.009108 0.967925 2.869561
    55 0.000004 -1.437820 0.000000 1.542970 0.000000 0.000000
    56 -0.000021 1.437870 0.000031 1.347581 0.000000 0.000000
    57 -0.000002 -1.059402 0.000000 0.888082 0.000000 0.000000
    58 0.000006 1.059372 0.000008 1.057352 0.000000 0.000000
    59 -0.000004 -13.013485 -0.000004 0.010936 -0.284121 -0.076428
    60 0.161133 -10.804688 0.023087 0.010936 -0.284121 -0.076428
  time 6
    0 -0.024506 -3.468750 -0.000151 -1.559900 -0.000006 -0.000006
    1 -12.903130 2.931936 4.287337 -0.799155 -0.248443 0.882764
    2 0.000000 14.313023 0.000003 -1.719604 0.000000 0.000000
    3 -0.000011 13.013483 -0.000005 -0.629287 1.353789 -1.076749
    4 8.652996 10.990791 8.510125 2.729799 0.356875 0.284924
    5 0.000000 -14.313034 0.000000 -1.906736 0.000000 0.000000
    6 -0.000004 -13.013485 -0.000004 0.261589 -0.760663 -0.369754
    7 -1.330879 -2.698427 0.462449 -0.194886 -0.547260 3.056712
    8 1.330910 2.698444 -0.462436 0.194890 0.547268 -0.084879
    9 1.113281 4.808594 -1.690430 -1.589811 0.272264 -0.038126
    10 1.340820 7.765625 -2.611328 1.638801 1.297889 -3.109116
    11 0.671387 7.765625 -3.669922 -1.589828 0.275075 -0.038182
    12 0.707031 8.593750 -3.654297 -1.589811 0.272264 -0.038126
    13 14.750000 -52.000000 -3.505859 -1.993925 0.093276 0.197065
    14 6.566406 8.648438 3.232422 -1.090396 0.577049 -0.321829
    15 7.558525 6.997282 -2.354134 -1.937336 -0.275393 3.010581
    16 7.558525 6.997282 -2.354134 1.937336 0.275393 -0.131011
    17 -2.867767 -2.740969 0.531125 2.051196 0.577049 -0.321829
    18 4.324081 2.744001 -0.524877 -1.090396 0.577049 -0.321829
    19 1.340820 7.765625 -2.611328 1.638801 1.297889 -3.109116
    20 0.669922 7.765625 -3.669922 -1.589828 0.275074 -0.038184
    21 6.233833 5.542564 0.898426 -1.090396 0.577049 -0.321829
    22 6.946648 6.587124 1.429667 -1.090396 0.577049 -0.321829
    23 7.537933 7.453606 1.870349 -1.090396 0.577049 -0.321829
    24 8.154472 8.357077 2.329839 -1.090396 0.577049 -0.321829
    25 8.874294 9.411907 2.866308 -1.090396 0.577049 -0.321829
    26 -4.125858 -2.321501 1.394414 2.051196 0.577049 -0.321829
    27 -4.826813 -3.348669 0.872014 2.051196 0.577049 -0.321829
    28 -5.441669 -4.249685 0.413772 2.051196 0.577049 -0.321829
    29 -0.552532 -1.343527 1.604446 -0.050490 -0.183910 -0.530210
    30 0.552589 1.343534 -1.604463 -0.833184 -0.216300 -0.220877
    31 0.000000 -2.021618 -0.000004 -0.203562 0.000000 0.000000
    32 -0.000021 2.021633 0.000027 -0.183400 0.000000 0.000000
    33 -0.000004 -1.136217 -0.000004 -0.600480 0.000000 0.000000
    34 -0.000011 1.136200 -0.000019 -0.580321 0.000000 0.000000
    35 -0.032677 -4.587727 1.352317 -2.558511 0.890419 -2.936117
    36 0.032719 4.587772 -1.352291 2.079251 1.277559 2.173991
    37 0.000000 -1.754536 -0.000002 1.092131 0.000000 0.000000
    38 -0.000006 1.754520 -0.000034 0.714668 0.000000 0.000000
    39 0.000000 -1.227020 -0.000002 -0.252428 0.000000 0.000000
    40 0.000002 1.227070 0.000032 -0.218093 0.000000 0.000000
    41 -0.367996 -4.208406 0.173244 2.977246 0.927096 2.319402
    42 0.368011 4.208412 -0.173239 2.878562 1.339714 2.370778
    43 0.000000 -2.372318 -0.000004 1.154585 0.000000 0.000000
    44 -0.000006 2.372318 -0.000032 2.018180 0.000000 0.000000
    45 0.000004 -1.580070 -0.000001 -0.329414 0.000000 0.000000
    46 -0.000002 1.580170 0.000030 0.390556 0.000000 0.000000
    47 -0.937645 -3.860697 -0.959317 -2.948054 0.798863 2.256892
    48 0.937672 3.860714 0.959333 2.959055 1.121003 2.662502
    49 0.000000 -1.690632 0.000000 1.148315 0.000000 0.000000
    50 -0.000013 1.690666 0.000021 1.835620 0.000000 0.000000
    51 -0.000002 -1.423443 0.000002 1.302406 0.000000 0.000000
    52 0.000008 1.423420 0.000028 0.841481 0.000000 0.000000
    53 -1.546646 -3.404194 -1.915569 -2.791978 0.765578 2.402160
    54 1.546661 3.404217 1.915585 3.009108 0.967925 2.869561
    55 0.000004 -1.437820 0.000000 1.542970 0.000000 0.000000
    56 -0.000021 1.437870 0.000031 1.347581 0.000000 0.000000
    57 -0.000002 -1.059402 0.000000 0.888082 0.000000 0.000000
    58 0.000006 1.059372 0.000008 1.057352 0.000000 0.000000
    59 -0.000004 -13.013485 -0.000004 0.010936 -0.284121 -0.076428
    60 0.161133 -10.804688 0.023087 0.010936 -0.284121 -0.076428
  time 7
    0 -0.024506 -3.468750 -0.000151 -1.559900 -0.000006 -0.000006
    1 -12.903130 2.931936 4.287337 -0.799155 -0.248443 0.882764
    2 0.000000 14.313023 0.000003 -1.719604 0.000000 0.000000
    3 -0.000011 13.013483 -0.000005 -0.628618 1.354261 -1.076173
    4 8.652996 10.990791 8.510125 2.729799 0.356875 0.284924
    5 0.000000 -14.313034 0.000000 -1.906736 0.000000 0.000000
    6 -0.000004 -13.013485 -0.000004 0.261589 -0.761119 -0.369944
    7 -1.330879 -2.698427 0.462449 -0.194886 -0.547260 3.056712
    8 1.330910 2.698444 -0.462436 0.194890 0.547268 -0.084879
    9 1.113281 4.808594 -1.690430 -1.589811 0.272264 -0.038126
    10 1.340820 7.765625 -2.611328 1.638801 1.297889 -3.109116
    11 0.671387 7.765625 -3.669922 -1.589828 0.275075 -0.038182
    12 0.707031 8.593750 -3.654297 -1.589811 0.272264 -0.038126
    13 14.750000 -52.000000 -3.505859 -1.993925 0.093276 0.197065
    14 6.566406 8.648438 3.232422 -1.090396 0.577049 -0.321829
    15 7.558525 6.997282 -2.354134 -1.937336 -0.275393 3.010581
    16 7.558525 6.997282 -2.354134 1.937336 0.275393 -0.131011
    17 -2.867767 -2.740969 0.531125 2.051196 0.577049 -0.321829
    18 4.324081 2.744001 -0.524877 -1.090396 0.577049 -0.321829
    19 1.340820 7.765625 -2.611328 1.638801 1.297889 -3.109116
    20 0.669922 7.765625 -3.669922 -1.589828 0.275074 -0.038184
    21 6.233833 5.542564 0.898426 -1.090396 0.577049 -0.321829
    22 6.946648 6.587124 1.429667 -1.090396 0.577049 -0.321829
    23 7.537933 7.453606 1.870349 -1.090396 0.577049 -0.321829
    24 8.154472 8.357077 2.329839 -1.090396 0.577049 -0.321829
    25 8.874294 9.411907 2.866308 -1.090396 0.577049 -0.321829
    26 -4.125858 -2.321501 1.394414 2.051196 0.577049 -0.321829
    27 -4.826813 -3.348669 0.872014 2.051196 0.577049 -0.321829
    28 -5.441669 -4.249685 0.413772 2.051196 0.577049 -0.321829
    29 -0.552532 -1.343527 1.604446 -0.050490 -0.183910 -0.530210
    30 0.552589 1.343534 -1.604463 -0.833184 -0.216300 -0.220877
    31 0.000000 -2.021618 -0.000004 -0.203562 0.000000 0.000000
    32 -0.000021 2.021633 0.000027 -0.183400 0.000000 0.000000
    33 -0.000004 -1.136217 -0.000004 -0.600480 0.000000 0.000000
    34 -0.000011 1.136200 -0.000019 -0.580321 0.000000 0.000000
    35 -0.032677 -4.587727 1.352317 -2.558511 0.890419 -2.936117
    36 0.032719 4.587772 -1.352291 2.079251 1.277559 2.173991
    37 0.000000 -1.754536 -0.000002 1.092131 0.000000 0.000000
    38 -0.000006 1.754520 -0.000034 0.714668 0.000000 0.000000
    39 0.000000 -1.227020 -0.000002 -0.252428 0.000000 0.000000
    40 0.000002 1.227070 0.000032 -0.218093 0.000000 0.000000
    41 -0.367996 -4.208406 0.173244 2.977246 0.927096 2.319402
    42 0.368011 4.208412 -0.173239 2.878562 1.339714 2.370778
    43 0.000000 -2.372318 -0.000004 1.154585 0.000000 0.000000
    44 -0.000006 2.372318 -0.000032 2.018180 0.000000 0.000000
    45 0.000004 -1.580070 -0.000001 -0.329414 0.000000 0.000000
    46 -0.000002 1.580170 0.000030 0.390556 0.000000 0.000000
    47 -0.937645 -3.860697 -0.959317 -2.948054 0.798863 2.256892
    48 0.937672 3.860714 0.959333 2.959055 1.121003 2.662502
    49 0.000000 -1.690632 0.000000 1.148315 0.000000 0.000000
    50 -0.000013 1.690666 0.000021 1.835620 0.000000 0.000000
    51 -0.000002 -1.423443 0.000002 1.302406 0.000000 0.000000
    52 0.000008 1.423420 0.000028 0.841481 0.000000 0.000000
    53 -1.546646 -3.404194 -1.915569 -2.791978 0.765578 2.402160
    54 1.546661 3.404217 1.915585 3.009108 0.967925 2.869561
    55 0.000004 -1.437820 0.000000 1.542970 0.000000 0.000000
    56 -0.000021 1.437870 0.000031 1.347581 0.000000 0.000000
    57 -0.000002 -1.059402 0.000000 0.888082 0.000000 0.000000
    58 0.000006 1.059372 0.000008 1.057352 0.000000 0.000000
    59 -0.000004 -13.013485 -0.000004 0.010936 -0.284121 -0.076428
    60 0.161133 -10.804688 0.023087 0.010936 -0.284121 -0.076428
  time 8
    0 -0.024506 -3.468750 -0.000151 -1.559900 -0.000006 -0.000006
    1 -12.903130 2.931936 4.287337 -0.799155 -0.248491 0.882764
    2 0.000000 14.313023 0.000003 -1.719604 0.000000 0.000000
    3 -0.000011 13.013483 -0.000005 -0.627949 1.354732 -1.075694
    4 8.652996 10.990791 8.510125 2.729799 0.356875 0.284924
    5 0.000000 -14.313034 0.000000 -1.906736 0.000000 0.000000
    6 -0.000004 -13.013485 -0.000004 0.261589 -0.761621 -0.370230
    7 -1.330879 -2.698427 0.462449 -0.194886 -0.547260 3.056712
    8 1.330910 2.698444 -0.462436 0.194890 0.547268 -0.084879
    9 1.113281 4.808594 -1.690430 -1.589811 0.272264 -0.038126
    10 1.340820 7.765625 -2.611328 1.638801 1.297889 -3.109116
    11 0.671387 7.765625 -3.669922 -1.589828 0.275075 -0.038182
    12 0.707031 8.593750 -3.654297 -1.589811 0.272264 -0.038126
    13 14.750000 -52.000000 -3.505859 -1.993925 0.093276 0.197065
    14 6.566406 8.648438 3.232422 -1.090396 0.577049 -0.321829
    15 7.558525 6.997282 -2.354134 -1.937336 -0.275393 3.010581
    16 7.558525 6.997282 -2.354134 1.937336 0.275393 -0.131011
    17 -2.867767 -2.740969 0.531125 2.051196 0.577049 -0.321829
    18 4.324081 2.744001 -0.524877 -1.090396 0.577049 -0.321829
    19 1.340820 7.765625 -2.611328 1.638801 1.297889 -3.109116
    20 0.669922 7.765625 -3.669922 -1.589828 0.275074 -0.038184
    21 6.233833 5.542564 0.898426 -1.090396 0.577049 -0.321829
    22 6.946648 6.587124 1.429667 -1.090396 0.577049 -0.321829
    23 7.537933 7.453606 1.870349 -1.090396 0.577049 -0.321829
    24 8.154472 8.357077 2.329839 -1.090396 0.577049 -0.321829
    25 8.874294 9.411907 2.866308 -1.090396 0.577049 -0.321829
    26 -4.125858 -2.321501 1.394414 2.051196 0.577049 -0.321829
    27 -4.826813 -3.348669 0.872014 2.051196 0.577049 -0.321829
    28 -5.441669 -4.249685 0.413772 2.051196 0.577049 -0.321829
    29 -0.552532 -1.343527 1.604446 -0.050490 -0.183910 -0.530210
    30 0.552589 1.343534 -1.604463 -0.833184 -0.216300 -0.220877
    31 0.000000 -2.021618 -0.000004 -0.203562 0.000000 0.000000
    32 -0.000021 2.021633 0.000027 -0.183400 0.000000 0.000000
    33 -0.000004 -1.136217 -0.000004 -0.600480 0.000000 0.000000
    34 -0.000011 1.136200 -0.000019 -0.580321 0.000000 0.000000
    35 -0.032677 -4.587727 1.352317 -2.558511 0.890419 -2.936117
    36 0.032719 4.587772 -1.352291 2.079251 1.277559 2.173991
    37 0.000000 -1.754536 -0.000002 1.092131 0.000000 0.000000
    38 -0.000006 1.754520 -0.000034 0.714668 0.000000 0.000000
    39 0.000000 -1.227020 -0.000002 -0.252428 0.000000 0.000000
    40 0.000002 1.227070 0.000032 -0.218093 0.000000 0.000000
    41 -0.367996 -4.208406 0.173244 2.977246 0.927096 2.319402
    42 0.368011 4.208412 -0.173239 2.878562 1.339714 2.370778
    43 0.000000 -2.372318 -0.000004 1.154585 0.000000 0.000000
    44 -0.000006 2.372318 -0.000032 2.018180 0.000000 0.000000
    45 0.000004 -1.580070 -0.000001 -0.329414 0.000000 0.000000
    46 -0.000002 1.580170 0.000030 0.390556 0.000000 0.000000
    47 -0.937645 -3.860697 -0.959317 -2.948054 0.798863 2.256892
    48 0.937672 3.860714 0.959333 2.959055 1.121003 2.662502
    49 0.000000 -1.690632 0.000000 1.148315 0.000000 0.000000
    50 -0.000013 1.690666 0.000021 1.835620 0.000000 0.000000
    51 -0.000002 -1.423443 0.000002 1.302406 0.000000 0.000000
    52 0.000008 1.423420 0.000028 0.841481 0.000000 0.000000
    53 -1.546646 -3.404194 -1.915569 -2.791978 0.765578 2.402160
    54 1.546661 3.404217 1.915585 3.009108 0.967925 2.869561
    55 0.000004 -1.437820 0.000000 1.542970 0.000000 0.000000
    56 -0.000021 1.437870 0.000031 1.347581 0.000000 0.000000
    57 -0.000002 -1.059402 0.000000 0.888082 0.000000 0.000000
    58 0.000006 1.059372 0.000008 1.057352 0.000000 0.000000
    59 -0.000004 -13.013485 -0.000004 0.010936 -0.284121 -0.076428
    60 0.161133 -10.804688 0.023087 0.010936 -0.284121 -0.076428
  time 9
    0 -0.024506 -3.468750 -0.000151 -1.559900 -0.000006 -0.000006
    1 -12.903130 2.931936 4.287337 -0.799155 -0.248491 0.882841
    2 0.000000 14.313023 0.000003 -1.719543 0.000000 0.000000
    3 -0.000011 13.013483 -0.000005 -0.627089 1.355157 -1.075023
    4 8.652996 10.990791 8.510125 2.729894 0.356837 0.284924
    5 0.000000 -14.313034 0.000000 -1.906677 0.000000 0.000000
    6 -0.000004 -13.013485 -0.000004 0.261679 -0.762214 -0.370326
    7 -1.330879 -2.698427 0.462449 -0.194886 -0.547260 3.056712
    8 1.330910 2.698444 -0.462436 0.194890 0.547268 -0.084879
    9 1.113281 4.808594 -1.690430 -1.589811 0.272264 -0.038126
    10 1.340820 7.765625 -2.611328 1.638801 1.297889 -3.109116
    11 0.671387 7.765625 -3.669922 -1.589828 0.275075 -0.038182
    12 0.707031 8.593750 -3.654297 -1.589811 0.272264 -0.038126
    13 14.750000 -52.000000 -3.505859 -1.993925 0.093276 0.197065
    14 6.566406 8.648438 3.232422 -1.090396 0.577049 -0.321829
    15 7.558525 6.997282 -2.354134 -1.937336 -0.275393 3.010581
    16 7.558525 6.997282 -2.354134 1.937336 0.275393 -0.131011
    17 -2.867767 -2.740969 0.531125 2.051196 0.577049 -0.321829
    18 4.324081 2.744001 -0.524877 -1.090396 0.577049 -0.321829
    19 1.340820 7.765625 -2.611328 1.638801 1.297889 -3.109116
    20 0.669922 7.765625 -3.669922 -1.589828 0.275074 -0.038184
    21 6.233833 5.542564 0.898426 -1.090396 0.577049 -0.321829
    22 6.946648 6.587124 1.429667 -1.090396 0.577049 -0.321829
    23 7.537933 7.453606 1.870349 -1.090396 0.577049 -0.321829
    24 8.154472 8.357077 2.329839 -1.090396 0.577049 -0.321829
    25 8.874294 9.411907 2.866308 -1.090396 0.577049 -0.321829
    26 -4.125858 -2.321501 1.394414 2.051196 0.577049 -0.321829
    27 -4.826813 -3.348669 0.872014 2.051196 0.577049 -0.321829
    28 -5.441669 -4.249685 0.413772 2.051196 0.577049 -0.321829
    29 -0.552532 -1.343527 1.604446 -0.050490 -0.183910 -0.530210
    30 0.552589 1.343534 -1.604463 -0.833184 -0.216300 -0.220877
    31 0.000000 -2.021618 -0.000004 -0.203562 0.000000 0.000000
    32 -0.000021 2.021633 0.000027 -0.183400 0.000000 0.000000
    33 -0.000004 -1.136217 -0.000004 -0.600480 0.000000 0.000000
    34 -0.000011 1.136200 -0.000019 -0.580321 0.000000 0.000000
    35 -0.032677 -4.587727 1.352317 -2.558511 0.890419 -2.936117
    36 0.032719 4.587772 -1.352291 2.079251 1.277559 2.173991
    37 0.000000 -1.754536 -0.000002 1.092131 0.000000 0.000000
    38 -0.000006 1.754520 -0.000034 0.714668 0.000000 0.000000
    39 0.000000 -1.227020 -0.000002 -0.252428 0.000000 0.000000
    40 0.000002 1.227070 0.000032 -0.218093 0.000000 0.000000
    41 -0.367996 -4.208406 0.173244 2.977246 0.927096 2.319402
    42 0.368011 4.208412 -0.173239 2.878562 1.339714 2.370778
    43 0.000000 -2.372318 -0.000004 1.154585 0.000000 0.000000
    44 -0.000006 2.372318 -0.000032 2.018180 0.000000 0.000000
    45 0.000004 -1.580070 -0.000001 -0.329414 0.000000 0.000000
    46 -0.000002 1.580170 0.000030 0.390556 0.000000 0.000000
    47 -0.937645 -3.860697 -0.959317 -2.948054 0.798863 2.256892
    48 0.937672 3.860714 0.959333 2.959055 1.121003 2.662502
    49 0.000000 -1.690632 0.000000 1.148315 0.000000 0.000000
    50 -0.000013 1.690666 0.000021 1.835620 0.000000 0.000000
    51 -0.000002 -1.423443 0.000002 1.302406 0.000000 0.000000
    52 0.000008 1.423420 0.000028 0.841481 0.000000 0.000000
    53 -1.546646 -3.404194 -1.915569 -2.791978 0.765578 2.402160
    54 1.546661 3.404217 1.915585 3.009108 0.967925 2.869561
    55 0.000004 -1.437820 0.000000 1.542970 0.000000 0.000000
    56 -0.000021 1.437870 0.000031 1.347581 0.000000 0.000000
    57 -0.000002 -1.059402 0.000000 0.888082 0.000000 0.000000
    58 0.000006 1.059372 0.000008 1.057352 0.000000 0.000000
    59 -0.000004 -13.013485 -0.000004 0.010936 -0.284121 -0.076428
    60 0.161133 -10.804688 0.023087 0.010936 -0.284121 -0.076428
  time 10
    0 -0.024506 -3.468750 -0.000151 -1.559900 -0.000006 -0.000006
    1 -12.903130 2.931936 4.287337 -0.799155 -0.248491 0.882841
    2 0.000000 14.313023 0.000003 -1.719543 0.000000 0.000000
    3 -0.000011 13.013483 -0.000005 -0.626325 1.355723 -1.074448
    4 8.652996 10.990791 8.510125 2.729894 0.356837 0.284924
    5 0.000000 -14.313034 0.000000 -1.906677 0.000000 0.000000
    6 -0.000004 -13.013485 -0.000004 0.261679 -0.762898 -0.370803
    7 -1.330879 -2.698427 0.462449 -0.194886 -0.547260 3.056712
    8 1.330910 2.698444 -0.462436 0.194890 0.547268 -0.084879
    9 1.113281 4.808594 -1.690430 -1.589811 0.272264 -0.038126
    10 1.340820 7.765625 -2.611328 1.638801 1.297889 -3.109116
    11 0.671387 7.765625 -3.669922 -1.589828 0.275075 -0.038182
    12 0.707031 8.593750 -3.654297 -1.589811 0.272264 -0.038126
    13 14.750000 -52.000000 -3.505859 -1.993925 0.093276 0.197065
    14 6.566406 8.648438 3.232422 -1.090396 0.577049 -0.321829
    15 7.558525 6.997282 -2.354134 -1.937336 -0.275393 3.010581
    16 7.558525 6.997282 -2.354134 1.937336 0.275393 -0.131011
    17 -2.867767 -2.740969 0.531125 2.051196 0.577049 -0.321829
    18 4.324081 2.744001 -0.524877 -1.090396 0.577049 -0.321829
    19 1.340820 7.765625 -2.611328 1.638801 1.297889 -3.109116
    20 0.669922 7.765625 -3.669922 -1.589828 0.275074 -0.038184
    21 6.233833 5.542564 0.898426 -1.090396 0.577049 -0.321829
    22 6.946648 6.587124 1.429667 -1.090396 0.577049 -0.321829
    23 7.537933 7.453606 1.870349 -1.090396 0.577049 -0.321829
    24 8.154472 8.357077 2.329839 -1.090396 0.577049 -0.321829
    25 8.874294 9.411907 2.866308 -1.090396 0.577049 -0.321829
    26 -4.125858 -2.321501 1.394414 2.051196 0.577049 -0.321829
    27 -4.826813 -3.348669 0.872014 2.051196 0.577049 -0.321829
    28 -5.441669 -4.249685 0.413772 2.051196 0.577049 -0.321829
    29 -0.552532 -1.343527 1.604446 -0.050490 -0.183910 -0.530210
    30 0.552589 1.343534 -1.604463 -0.833158 -0.216300 -0.220877
    31 0.000000 -2.021618 -0.000004 -0.203562 0.000000 0.000000
    32 -0.000021 2.021633 0.000027 -0.183400 0.000000 0.000000
    33 -0.000004 -1.136217 -0.000004 -0.600480 0.000000 0.000000
    34 -0.000011 1.136200 -0.000019 -0.580321 0.000000 0.000000
    35 -0.032677 -4.587727 1.352317 -2.558511 0.890419 -2.936117
    36 0.032719 4.587772 -1.352291 2.079251 1.277559 2.173991
    37 0.000000 -1.754536 -0.000002 1.092131 0.000000 0.000000
    38 -0.000006 1.754520 -0.000034 0.714668 0.000000 0.000000
    39 0.000000 -1.227020 -0.000002 -0.252428 0.000000 0.000000
    40 0.000002 1.227070 0.000032 -0.218093 0.000000 0.000000
    41 -0.367996 -4.208406 0.173244 2.977246 0.927096 2.319402
    42 0.368011 4.208412 -0.173239 2.878562 1.339714 2.370778
    43 0.000000 -2.372318 -0.000004 1.154585 0.000000 0.000000
    44 -0.000006 2.372318 -0.000032 2.018180 0.000000 0.000000
    45 0.000004 -1.580070 -0.000001 -0.329414 0.000000 0.000000
    46 -0.000002 1.580170 0.000030 0.390556 0.000000 0.000000
    47 -0.937645 -3.860697 -0.959317 -2.948054 0.798863 2.256892
    48 0.937672 3.860714 0.959333 2.959055 1.121003 2.662502
    49 0.000000 -1.690632 0.000000 1.148315 0.000000 0.000000
    50 -0.000013 1.690666 0.000021 1.835620 0.000000 0.000000
    51 -0.000002 -1.423443 0.000002 1.302406 0.000000 0.000000
    52 0.000008 1.423420 0.000028 0.841481 0.000000 0.000000
    53 -1.546646 -3.404194 -1.915569 -2.791978 0.765578 2.402160
    54 1.546661 3.404217 1.915585 3.009108 0.967925 2.869561
    55 0.000004 -1.437820 0.000000 1.542970 0.000000 0.000000
    56 -0.000021 1.437870 0.000031 1.347581 0.000000 0.000000
    57 -0.000002 -1.059402 0.000000 0.888082 0.000000 0.000000
    58 0.000006 1.059372 0.000008 1.057352 0.000000 0.000000
    59 -0.000004 -13.013485 -0.000004 0.010936 -0.284121 -0.076428
    60 0.161133 -10.804688 0.023087 0.010936 -0.284121 -0.076428
  time 11
    0 -0.024506 -3.468750 -0.000151 -1.559900 -0.000006 -0.000006
    1 -12.903130 2.931936 4.287337 -0.799155 -0.248539 0.882841
    2 0.000000 14.313023 0.000003 -1.719543 0.000000 0.000000
    3 -0.000011 13.013483 -0.000005 -0.625465 1.356289 -1.073681
    4 8.652996 10.990791 8.510125 2.729894 0.356837 0.284924
    5 0.000000 -14.313034 0.000000 -1.906677 0.000000 0.000000
    6 -0.000004 -13.013485 -0.000004 0.261679 -0.763582 -0.371089
    7 -1.330879 -2.698427 0.462449 -0.194886 -0.547260 3.056712
    8 1.330910 2.698444 -0.462436 0.194890 0.547268 -0.084879
    9 1.113281 4.808594 -1.690430 -1.589811 0.272264 -0.038126
    10 1.340820 7.765625 -2.611328 1.638801 1.297889 -3.109116
    11 0.671387 7.765625 -3.669922 -1.589828 0.275075 -0.038182
    12 0.707031 8.593750 -3.654297 -1.589811 0.272264 -0.038126
    13 14.750000 -52.000000 -3.505859 -1.993925 0.093276 0.197065
    14 6.566406 8.648438 3.232422 -1.090396 0.577049 -0.321829
    15 7.558525 6.997282 -2.354134 -1.937336 -0.275393 3.010581
    16 7.558525 6.997282 -2.354134 1.937336 0.275393 -0.131011
    17 -2.867767 -2.740969 0.531125 2.051196 0.577049 -0.321829
    18 4.324081 2.744001 -0.524877 -1.090396 0.577049 -0.321829
    19 1.340820 7.765625 -2.611328 1.638801 1.297889 -3.109116
    20 0.669922 7.765625 -3.669922 -1.589828 0.275074 -0.038184
    21 6.233833 5.542564 0.898426 -1.090396 0.577049 -0.321829
    22 6.946648 6.587124 1.429667 -1.090396 0.577049 -0.321829
    23 7.537933 7.453606 1.870349 -1.090396 0.577049 -0.321829
    24 8.154472 8.357077 2.329839 -1.090396 0.577049 -0.321829
    25 8.874294 9.411907 2.866308 -1.090396 0.577049 -0.321829
    26 -4.125858 -2.321501 1.394414 2.051196 0.577049 -0.321829
    27 -4.826813 -3.348669 0.872014 2.051196 0.577049 -0.321829
    28 -5.441669 -4.249685 0.413772 2.051196 0.577049 -0.321829
    29 -0.552532 -1.343527 1.604446 -0.050490 -0.183910 -0.530210
    30 0.552589 1.343534 -1.604463 -0.833184 -0.216300 -0.220877
    31 0.000000 -2.021618 -0.000004 -0.203562 0.000000 0.000000
    32 -0.000021 2.021633 0.000027 -0.183400 0.000000 0.000000
    33 -0.000004 -1.136217 -0.000004 -0.600480 0.000000 0.000000
    34 -0.000011 1.136200 -0.000019 -0.580321 0.000000 0.000000
    35 -0.032677 -4.587727 1.352317 -2.558511 0.890419 -2.936117
    36 0.032719 4.587772 -1.352291 2.079251 1.277559 2.173991
    37 0.000000 -1.754536 -0.000002 1.092131 0.000000 0.000000
    38 -0.000006 1.754520 -0.000034 0.714668 0.000000 0.000000
    39 0.000000 -1.227020 -0.000002 -0.252428 0.000000 0.000000
    40 0.000002 1.227070 0.000032 -0.218093 0.000000 0.000000
    41 -0.367996 -4.208406 0.173244 2.977246 0.927096 2.319402
    42 0.368011 4.208412 -0.173239 2.878562 1.339714 2.370778
    43 0.000000 -2.372318 -0.000004 1.154585 0.000000 0.000000
    44 -0.000006 2.372318 -0.000032 2.018180 0.000000 0.000000
    45 0.000004 -1.580070 -0.000001 -0.329414 0.000000 0.000000
    46 -0.000002 1.580170 0.000030 0.390556 0.000000 0.000000
    47 -0.937645 -3.860697 -0.959317 -2.948054 0.798863 2.256892
    48 0.937672 3.860714 0.959333 2.959055 1.121003 2.662502
    49 0.000000 -1.690632 0.000000 1.148315 0.000000 0.000000
    50 -0.000013 1.690666 0.000021 1.835620 0.000000 0.000000
    51 -0.000002 -1.423443 0.000002 1.302406 0.000000 0.000000
    52 0.000008 1.423420 0.000028 0.841481 0.000000 0.000000
    53 -1.546646 -3.404194 -1.915569 -2.791978 0.765578 2.402160
    54 1.546661 3.404217 1.915585 3.009108 0.967925 2.869561
    55 0.000004 -1.437820 0.000000 1.542970 0.000000 0.000000
    56 -0.000021 1.437870 0.000031 1.347581 0.000000 0.000000
    57 -0.000002 -1.059402 0.000000 0.888082 0.000000 0.000000
    58 0.000006 1.059372 0.000008 1.057352 0.000000 0.000000
    59 -0.000004 -13.013485 -0.000004 0.010936 -0.284121 -0.076428
    60 0.161133 -10.804688 0.023087 0.010936 -0.284121 -0.076428
  time 12
    0 -0.024506 -3.468750 -0.000151 -1.559900 -0.000006 -0.000006
    1 -12.903130 2.931936 4.287337 -0.799155 -0.248539 0.882841
    2 0.000000 14.313023 0.000003 -1.719543 0.000000 0.000000
    3 -0.000011 13.013483 -0.000005 -0.624510 1.356855 -1.072914
    4 8.652996 10.990791 8.510125 2.729894 0.356837 0.284924
    5 0.000000 -14.313034 0.000000 -1.906617 0.000000 0.000000
    6 -0.000004 -13.013485 -0.000004 0.261679 -0.764312 -0.371470
    7 -1.330879 -2.698427 0.462449 -0.194886 -0.547260 3.056712
    8 1.330910 2.698444 -0.462436 0.194890 0.547268 -0.084879
    9 1.113281 4.808594 -1.690430 -1.589811 0.272264 -0.038126
    10 1.340820 7.765625 -2.611328 1.638801 1.297889 -3.109116
    11 0.671387 7.765625 -3.669922 -1.589828 0.275075 -0.038182
    12 0.707031 8.593750 -3.654297 -1.589811 0.272264 -0.038126
    13 14.750000 -52.000000 -3.505859 -1.993925 0.093276 0.197065
    14 6.566406 8.648438 3.232422 -1.090396 0.577049 -0.321829
    15 7.558525 6.997282 -2.354134 -1.937336 -0.275393 3.010581
    16 7.558525 6.997282 -2.354134 1.937336 0.275393 -0.131011
    17 -2.867767 -2.740969 0.531125 2.051196 0.577049 -0.321829
    18 4.324081 2.744001 -0.524877 -1.090396 0.577049 -0.321829
    19 1.340820 7.765625 -2.611328 1.638801 1.297889 -3.109116
    20 0.669922 7.765625 -3.669922 -1.589828 0.275074 -0.038184
    21 6.233833 5.542564 0.898426 -1.090396 0.577049 -0.321829
    22 6.946648 6.587124 1.429667 -1.090396 0.577049 -0.321829
    23 7.537933 7.453606 1.870349 -1.090396 0.577049 -0.321829
    24 8.154472 8.357077 2.329839 -1.090396 0.577049 -0.321829
    25 8.874294 9.411907 2.866308 -1.090396 0.577049 -0.321829
    26 -4.125858 -2.321501 1.394414 2.051196 0.577049 -0.321829
    27 -4.826813 -3.348669 0.872014 2.051196 0.577049 -0.321829
    28 -5.441669 -4.249685 0.413772 2.051196 0.577049 -0.321829
    29 -0.552532 -1.343527 1.604446 -0.050490 -0.183910 -0.530210
    30 0.552589 1.343534 -1.604463 -0.833158 -0.216300 -0.220877
    31 0.000000 -2.021618 -0.000004 -0.203562 0.000000 0.000000
    32 -0.000021 2.021633 0.000027 -0.183400 0.000000 0.000000
    33 -0.000004 -1.136217 -0.000004 -0.600480 0.000000 0.000000
    34 -0.000011 1.136200 -0.000019 -0.580321 0.000000 0.000000
    35 -0.032677 -4.587727 1.352317 -2.558511 0.890419 -2.936117
    36 0.032719 4.587772 -1.352291 2.079251 1.277559 2.173991
    37 0.000000 -1.754536 -0.000002 1.092131 0.000000 0.000000
    38 -0.000006 1.754520 -0.000034 0.714668 0.000000 0.000000
    39 0.000000 -1.227020 -0.000002 -0.252428 0.000000 0.000000
    40 0.000002 1.227070 0.000032 -0.218093 0.000000 0.000000
    41 -0.367996 -4.208406 0.173244 2.977246 0.927096 2.319402
    42 0.368011 4.208412 -0.173239 2.878562 1.339714 2.370778
    43 0.000000 -2.372318 -0.000004 1.154585 0.000000 0.000000
    44 -0.000006 2.372318 -0.000032 2.018180 0.000000 0.000000
    45 0.000004 -1.580070 -0.000001 -0.329414 0.000000 0.000000
    46 -0.000002 1.580170 0.000030 0.390556 0.000000 0.000000
    47 -0.937645 -3.860697 -0.959317 -2.948054 0.798863 2.256892
    48 0.937672 3.860714 0.959333 2.959055 1.121003 2.662502
    49 0.000000 -1.690632 0.000000 1.148315 0.000000 0.000000
    50 -0.000013 1.690666 0.000021 1.835620 0.000000 0.000000
    51 -0.000002 -1.423443 0.000002 1.302406 0.000000 0.000000
    52 0.000008 1.423420 0.000028 0.841481 0.000000 0.000000
    53 -1.546646 -3.404194 -1.915569 -2.791978 0.765578 2.402160
    54 1.546661 3.404217 1.915585 3.009108 0.967925 2.869561
    55 0.000004 -1.437820 0.000000 1.542970 0.000000 0.000000
    56 -0.000021 1.437870 0.000031 1.347581 0.000000 0.000000
    57 -0.000002 -1.059402 0.000000 0.888082 0.000000 0.000000
    58 0.000006 1.059372 0.000008 1.057352 0.000000 0.000000
    59 -0.000004 -13.013485 -0.000004 0.010936 -0.284121 -0.076428
    60 0.161133 -10.804688 0.023087 0.010936 -0.284121 -0.076428
  time 13
    0 -0.024506 -3.468750 -0.000151 -1.559900 -0.000006 -0.000006
    1 -12.903130 2.931936 4.287337 -0.799155 -0.248586 0.882841
    2 0.000000 14.313023 0.000003 -1.719543 0.000000 0.000000
    3 -0.000011 13.013483 -0.000005 -0.623650 1.357468 -1.072339
    4 8.652996 10.990791 8.510125 2.729990 0.356837 0.284924
    5 0.000000 -14.313034 0.000000 -1.906617 0.000000 0.000000
    6 -0.000004 -13.013485 -0.000004 0.261769 -0.765133 -0.371851
    7 -1.330879 -2.698427 0.462449 -0.194886 -0.547260 3.056712
    8 1.330910 2.698444 -0.462436 0.194890 0.547268 -0.084879
    9 1.113281 4.808594 -1.690430 -1.589811 0.272264 -0.038126
    10 1.340820 7.765625 -2.611328 1.638801 1.297889 -3.109116
    11 0.671387 7.765625 -3.669922 -1.589828 0.275075 -0.038182
    12 0.707031 8.593750 -3.654297 -1.589811 0.272264 -0.038126
    13 14.750000 -52.000000 -3.505859 -1.993925 0.093276 0.197065
    14 6.566406 8.648438 3.232422 -1.090396 0.577049 -0.321829
    15 7.558525 6.997282 -2.354134 -1.937336 -0.275393 3.010581
    16 7.558525 6.997282 -2.354134 1.937336 0.275393 -0.131011
    17 -2.867767 -2.740969 0.531125 2.051196 0.577049 -0.321829
    18 4.324081 2.744001 -0.524877 -1.090396 0.577049 -0.321829
    19 1.340820 7.765625 -2.611328 1.638801 1.297889 -3.109116
    20 0.669922 7.765625 -3.669922 -1.589828 0.275074 -0.038184
    21 6.233833 5.542564 0.898426 -1.090396 0.577049 -0.321829
    22 6.946648 6.587124 1.429667 -1.090396 0.577049 -0.321829
    23 7.537933 7.453606 1.870349 -1.090396 0.577049 -0.321829
    24 8.154472 8.357077 2.329839 -1.090396 0.577049 -0.321829
    25 8.874294 9.411907 2.866308 -1.090396 0.577049 -0.321829
    26 -4.125858 -2.321501 1.394414 2.051196 0.577049 -0.321829
    27 -4.826813 -3.348669 0.872014 2.051196 0.577049 -0.321829
    28 -5.441669 -4.249685 0.413772 2.051196 0.577049 -0.321829
    29 -0.552532 -1.343527 1.604446 -0.050490 -0.183910 -0.530210
    30 0.552589 1.343534 -1.604463 -0.833158 -0.216300 -0.220877
    31 0.000000 -2.021618 -0.000004 -0.203562 0.000000 0.000000
    32 -0.000021 2.021633 0.000027 -0.183400 0.000000 0.000000
    33 -0.000004 -1.136217 -0.000004 -0.600480 0.000000 0.000000
    34 -0.000011 1.136200 -0.000019 -0.580321 0.000000 0.000000
    35 -0.032677 -4.587727 1.352317 -2.558511 0.890419 -2.936117
    36 0.032719 4.587772 -1.352291 2.079251 1.277559 2.173991
    37 0.000000 -1.754536 -0.000002 1.092131 0.000000 0.000000
    38 -0.000006 1.754520 -0.000034 0.714668 0.000000 0.000000
    39 0.000000 -1.227020 -0.000002 -0.252428 0.000000 0.000000
    40 0.000002 1.227070 0.000032 -0.218093 0.000000 0.000000
    41 -0.367996 -4.208406 0.173244 2.977246 0.927096 2.319402
    42 0.368011 4.208412 -0.173239 2.878562 1.339714 2.370778
    43 0.000000 -2.372318 -0.000004 1.154585 0.000000 0.000000
    44 -0.000006 2.372318 -0.000032 2.018180 0.000000 0.000000
    45 0.000004 -1.580070 -0.000001 -0.329414 0.000000 0.000000
    46 -0.000002 1.580170 0.000030 0.390556 0.000000 0.000000
    47 -0.937645 -3.860697 -0.959317 -2.948054 0.798863 2.256892
    48 0.937672 3.860714 0.959333 2.959055 1.121003 2.662502
    49 0.000000 -1.690632 0.000000 1.148315 0.000000 0.000000
    50 -0.000013 1.690666 0.000021 1.835620 0.000000 0.000000
    51 -0.000002 -1.423443 0.000002 1.302406 0.000000 0.000000
    52 0.000008 1.423420 0.000028 0.841481 0.000000 0.000000
    53 -1.546646 -3.404194 -1.915569 -2.791978 0.765578 2.402160
    54 1.546661 3.404217 1.915585 3.009108 0.967925 2.869561
    55 0.000004 -1.437820 0.000000 1.542970 0.000000 0.000000
    56 -0.000021 1.437870 0.000031 1.347581 0.000000 0.000000
    57 -0.000002 -1.059402 0.000000 0.888082 0.000000 0.000000
    58 0.000006 1.059372 0.000008 1.057352 0.000000 0.000000
    59 -0.000004 -13.013485 -0.000004 0.010936 -0.284121 -0.076428
    60 0.161133 -10.804688 0.023087 0.010936 -0.284121 -0.076428
  time 14
    0 -0.024506 -3.468750 -0.000151 -1.559900 -0.000006 -0.000006
    1 -12.903130 2.931936 4.287337 -0.799155 -0.248586 0.882917
    2 0.000000 14.313023 0.000003 -1.719543 0.000000 0.000000
    3 -0.000011 13.013483 -0.000005 -0.622694 1.358034 -1.071476
    4 8.652996 10.990791 8.510125 2.729990 0.356837 0.284924
    5 0.000000 -14.313034 0.000000 -1.906617 0.000000 0.000000
    6 -0.000004 -13.013485 -0.000004 0.261769 -0.766045 -0.372233
    7 -1.330879 -2.698427 0.462449 -0.194886 -0.547260 3.056712
    8 1.330910 2.698444 -0.462436 0.194890 0.547268 -0.084879
    9 1.113281 4.808594 -1.690430 -1.589811 0.272264 -0.038126
    10 1.340820 7.765625 -2.611328 1.638801 1.297889 -3.109116
    11 0.671387 7.765625 -3.669922 -1.589828 0.275075 -0.038182
    12 0.707031 8.593750 -3.654297 -1.589811 0.272264 -0.038126
    13 14.750000 -52.000000 -3.505859 -1.993925 0.093276 0.197065
    14 6.566406 8.648438 3.232422 -1.090396 0.577049 -0.321829
    15 7.558525 6.997282 -2.354134 -1.937336 -0.275393 3.010581
    16 7.558525 6.997282 -2.354134 1.937336 0.275393 -0.131011
    17 -2.867767 -2.740969 0.531125 2.051196 0.577049 -0.321829
    18 4.324081 2.744001 -0.524877 -1.090396 0.577049 -0.321829
    19 1.340820 7.765625 -2.611328 1.638801 1.297889 -3.109116
    20 0.669922 7.765625 -3.669922 -1.589828 0.275074 -0.038184
    21 6.233833 5.542564 0.898426 -1.090396 0.577049 -0.321829
    22 6.946648 6.587124 1.429667 -1.090396 0.577049 -0.321829
    23 7.537933 7.453606 1.870349 -1.090396 0.577049 -0.321829
    24 8.154472 8.357077 2.329839 -1.090396 0.577049 -0.321829
    25 8.874294 9.411907 2.866308 -1.090396 0.577049 -0.321829
    26 -4.125858 -2.321501 1.394414 2.051196 0.577049 -0.321829
    27 -4.826813 -3.348669 0.872014 2.051196 0.577049 -0.321829
    28 -5.441669 -4.249685 0.413772 2.051196 0.577049 -0.321829
    29 -0.552532 -1.343527 1.604446 -0.050490 -0.183910 -0.530210
    30 0.552589 1.343534 -1.604463 -0.833158 -0.216300 -0.220877
    31 0.000000 -2.021618 -0.000004 -0.203562 0.000000 0.000000
    32 -0.000021 2.021633 0.000027 -0.183400 0.000000 0.000000
    33 -0.000004 -1.136217 -0.000004 -0.600480 0.000000 0.000000
    34 -0.000011 1.136200 -0.000019 -0.580321 0.000000 0.000000
    35 -0.032677 -4.587727 1.352317 -2.558511 0.890419 -2.936117
    36 0.032719 4.587772 -1.352291 2.079251 1.277559 2.173991
    37 0.000000 -1.754536 -0.000002 1.092131 0.000000 0.000000
    38 -0.000006 1.754520 -0.000034 0.714668 0.000000 0.000000
    39 0.000000 -1.227020 -0.000002 -0.252428 0.000000 0.000000
    40 0.000002 1.227070 0.000032 -0.218093 0.000000 0.000000
    41 -0.367996 -4.208406 0.173244 2.977246 0.927096 2.319402
    42 0.368011 4.208412 -0.173239 2.878562 1.339714 2.370778
    43 0.000000 -2.372318 -0.000004 1.154585 0.000000 0.000000
    44 -0.000006 2.372318 -0.000032 2.018180 0.000000 0.000000
    45 0.000004 -1.580070 -0.000001 -0.329414 0.000000 0.000000
    46 -0.000002 1.580170 0.000030 0.390556 0.000000 0.000000
    47 -0.937645 -3.860697 -0.959317 -2.948054 0.798863 2.256892
    48 0.937672 3.860714 0.959333 2.959055 1.121003 2.662502
    49 0.000000 -1.690632 0.000000 1.148315 0.000000 0.000000
    50 -0.000013 1.690666 0.000021 1.835620 0.000000 0.000000
    51 -0.000002 -1.423443 0.000002 1.302406 0.000000 0.000000
    52 0.000008 1.423420 0.000028 0.841481 0.000000 0.000000
    53 -1.546646 -3.404194 -1.915569 -2.791978 0.765578 2.402160
    54 1.546661 3.404217 1.915585 3.009108 0.967925 2.869561
    55 0.000004 -1.437820 0.000000 1.542970 0.000000 0.000000
    56 -0.000021 1.437870 0.000031 1.347581 0.000000 0.000000
    57 -0.000002 -1.059402 0.000000 0.888082 0.000000 0.000000
    58 0.000006 1.059372 0.000008 1.057352 0.000000 0.000000
    59 -0.000004 -13.013485 -0.000004 0.010936 -0.284121 -0.076428
    60 0.161133 -10.804688 0.023087 0.010936 -0.284121 -0.076428
  time 15
    0 -0.024506 -3.468750 -0.000151 -1.559900 -0.000006 -0.000006
    1 -12.903130 2.931936 4.287337 -0.799063 -0.248634 0.882917
    2 0.000000 14.313023 0.000003 -1.719543 0.000000 0.000000
    3 -0.000011 13.013483 -0.000005 -0.621643 1.358600 -1.070710
    4 8.652996 10.990791 8.510125 2.730182 0.356837 0.284924
    5 0.000000 -14.313034 0.000000 -1.906617 0.000000 0.000000
    6 -0.000004 -13.013485 -0.000004 0.261769 -0.766912 -0.372519
    7 -1.330879 -2.698427 0.462449 -0.194886 -0.547260 3.056712
    8 1.330910 2.698444 -0.462436 0.194890 0.547268 -0.084879
    9 1.113281 4.808594 -1.690430 -1.589811 0.272264 -0.038126
    10 1.340820 7.765625 -2.611328 1.638801 1.297889 -3.109116
    11 0.671387 7.765625 -3.669922 -1.589828 0.275075 -0.038182
    12 0.707031 8.593750 -3.654297 -1.589811 0.272264 -0.038126
    13 14.750000 -52.000000 -3.505859 -1.993925 0.093276 0.197065
    14 6.566406 8.648438 3.232422 -1.090396 0.577049 -0.321829
    15 7.558525 6.997282 -2.354134 -1.937336 -0.275393 3.010581
    16 7.558525 6.997282 -2.354134 1.937336 0.275393 -0.131011
    17 -2.867767 -2.740969 0.531125 2.051196 0.577049 -0.321829
    18 4.324081 2.744001 -0.524877 -1.090396 0.577049 -0.321829
    19 1.340820 7.765625 -2.611328 1.638801 1.297889 -3.109116
    20 0.669922 7.765625 -3.669922 -1.589828 0.275074 -0.038184
    21 6.233833 5.542564 0.898426 -1.090396 0.577049 -0.321829
    22 6.946648 6.587124 1.429667 -1.090396 0.577049 -0.321829
    23 7.537933 7.453606 1.870349 -1.090396 0.577049 -0.321829
    24 8.154472 8.357077 2.329839 -1.090396 0.577049 -0.321829
    25 8.874294 9.411907 2.866308 -1.090396 0.577049 -0.321829
    26 -4.125858 -2.321501 1.394414 2.051196 0.577049 -0.321829
    27 -4.826813 -3.348669 0.872014 2.051196 0.577049 -0.321829
    28 -5.441669 -4.249685 0.413772 2.051196 0.577049 -0.321829
    29 -0.552532 -1.343527 1.604446 -0.050490 -0.183910 -0.530210
    30 0.552589 1.343534 -1.604463 -0.833158 -0.216300 -0.220877
    31 0.000000 -2.021618 -0.000004 -0.203562 0.000000 0.000000
    32 -0.000021 2.021633 0.000027 -0.183400 0.000000 0.000000
    33 -0.000004 -1.136217 -0.000004 -0.600480 0.000000 0.000000
    34 -0.000011 1.136200 -0.000019 -0.580321 0.000000 0.000000
    35 -0.032677 -4.587727 1.352317 -2.558511 0.890419 -2.936117
    36 0.032719 4.587772 -1.352291 2.079251 1.277559 2.173991
    37 0.000000 -1.754536 -0.000002 1.092131 0.000000 0.000000
    38 -0.000006 1.754520 -0.000034 0.714668 0.000000 0.000000
    39 0.000000 -1.227020 -0.000002 -0.252428 0.000000 0.000000
    40 0.000002 1.227070 0.000032 -0.218093 0.000000 0.000000
    41 -0.367996 -4.208406 0.173244 2.977246 0.927096 2.319402
    42 0.368011 4.208412 -0.173239 2.878562 1.339714 2.370778
    43 0.000000 -2.372318 -0.000004 1.154585 0.000000 0.000000
    44 -0.000006 2.372318 -0.000032 2.018180 0.000000 0.000000
    45 0.000004 -1.580070 -0.000001 -0.329414 0.000000 0.000000
    46 -0.000002 1.580170 0.000030 0.390556 0.000000 0.000000
    47 -0.937645 -3.860697 -0.959317 -2.948054 0.798863 2.256892
    48 0.937672 3.860714 0.959333 2.959055 1.121003 2.662502
    49 0.000000 -1.690632 0.000000 1.148315 0.000000 0.000000
    50 -0.000013 1.690666 0.000021 1.835620 0.000000 0.000000
    51 -0.000002 -1.423443 0.000002 1.302406 0.000000 0.000000
    52 0.000008 1.423420 0.000028 0.841481 0.000000 0.000000
    53 -1.546646 -3.404194 -1.915569 -2.791978 0.765578 2.402160
    54 1.546661 3.404217 1.915585 3.009108 0.967925 2.869561
    55 0.000004 -1.437820 0.000000 1.542970 0.000000 0.000000
    56 -0.000021 1.437870 0.000031 1.347581 0.000000 0.000000
    57 -0.000002 -1.059402 0.000000 0.888082 0.000000 0.000000
    58 0.000006 1.059372 0.000008 1.057352 0.000000 0.000000
    59 -0.000004 -13.013485 -0.000004 0.010936 -0.284121 -0.076428
    60 0.161133 -10.804688 0.023087 0.010936 -0.284121 -0.076428
  time 16
    0 -0.024506 -3.468750 -0.000151 -1.559900 -0.000006 -0.000006
    1 -12.903130 2.931936 4.287337 -0.799063 -0.248634 0.882917
    2 0.000000 14.313023 0.000003 -1.719482 0.000000 0.000000
    3 -0.000011 13.013483 -0.000005 -0.620688 1.359260 -1.069943
    4 8.652996 10.990791 8.510125 2.730182 0.356837 0.284924
    5 0.000000 -14.313034 0.000000 -1.906617 0.000000 0.000000
    6 -0.000004 -13.013485 -0.000004 0.261859 -0.767961 -0.373091
    7 -1.330879 -2.698427 0.462449 -0.194886 -0.547260 3.056712
    8 1.330910 2.698444 -0.462436 0.194890 0.547268 -0.084879
    9 1.113281 4.808594 -1.690430 -1.589811 0.272264 -0.038126
    10 1.340820 7.765625 -2.611328 1.638801 1.297889 -3.109116
    11 0.671387 7.765625 -3.669922 -1.589828 0.275075 -0.038182
    12 0.707031 8.593750 -3.654297 -1.589811 0.272264 -0.038126
    13 14.750000 -52.000000 -3.505859 -1.993925 0.093276 0.197065
    14 6.566406 8.648438 3.232422 -1.090396 0.577049 -0.321829
    15 7.558525 6.997282 -2.354134 -1.937336 -0.275393 3.010581
    16 7.558525 6.997282 -2.354134 1.937336 0.275393 -0.131011
    17 -2.867767 -2.740969 0.531125 2.051196 0.577049 -0.321829
    18 4.324081 2.744001 -0.524877 -1.090396 0.577049 -0.321829
    19 1.340820 7.765625 -2.611328 1.638801 1.297889 -3.109116
    20 0.669922 7.765625 -3.669922 -1.589828 0.275074 -0.038184
    21 6.233833 5.542564 0.898426 -1.090396 0.577049 -0.321829
    22 6.946648 6.587124 1.429667 -1.090396 0.577049 -0.321829
    23 7.537933 7.453606 1.870349 -1.090396 0.577049 -0.321829
    24 8.154472 8.357077 2.329839 -1.090396 0.577049 -0.321829
    25 8.874294 9.411907 2.866308 -1.090396 0.577049 -0.321829
    26 -4.125858 -2.321501 1.394414 2.051196 0.577049 -0.321829
    27 -4.826813 -3.348669 0.872014 2.051196 0.577049 -0.321829
    28 -5.441669 -4.249685 0.413772 2.051196 0.577049 -0.321829
    29 -0.552532 -1.343527 1.604446 -0.050490 -0.183910 -0.530210
    30 0.552589 1.343534 -1.604463 -0.833184 -0.216300 -0.220877
    31 0.000000 -2.021618 -0.000004 -0.203562 0.000000 0.000000
    32 -0.000021 2.021633 0.000027 -0.183400 0.000000 0.000000
    33 -0.000004 -1.136217 -0.000004 -0.600480 0.000000 0.000000
    34 -0.000011 1.136200 -0.000019 -0.580321 0.000000 0.000000
    35 -0.032677 -4.587727 1.352317 -2.558511 0.890419 -2.936117
    36 0.032719 4.587772 -1.352291 2.079251 1.277559 2.173991
    37 0.000000 -1.754536 -0.000002 1.092131 0.000000 0.000000
    38 -0.000006 1.754520 -0.000034 0.714668 0.000000 0.000000
    39 0.000000 -1.227020 -0.000002 -0.252428 0.000000 0.000000
    40 0.000002 1.227070 0.000032 -0.218093 0.000000 0.000000
    41 -0.367996 -4.208406 0.173244 2.977246 0.927096 2.319402
    42 0.368011 4.208412 -0.173239 2.878562 1.339714 2.370778
    43 0.000000 -2.372318 -0.000004 1.154585 0.000000 0.000000
    44 -0.000006 2.372318 -0.000032 2.018180 0.000000 0.000000
    45 0.000004 -1.580070 -0.000001 -0.329414 0.000000 0.000000
    46 -0.000002 1.580170 0.000030 0.390556 0.000000 0.000000
    47 -0.937645 -3.860697 -0.959317 -2.948054 0.798863 2.256892
    48 0.937672 3.860714 0.959333 2.959055 1.121003 2.662502
    49 0.000000 -1.690632 0.000000 1.148315 0.000000 0.000000
    50 -0.000013 1.690666 0.000021 1.835620 0.000000 0.000000
    51 -0.000002 -1.423443 0.000002 1.302406 0.000000 0.000000
    52 0.000008 1.423420 0.000028 0.841481 0.000000 0.000000
    53 -1.546646 -3.404194 -1.915569 -2.791978 0.765578 2.402160
    54 1.546661 3.404217 1.915585 3.009108 0.967925 2.869561
    55 0.000004 -1.437820 0.000000 1.542970 0.000000 0.000000
    56 -0.000021 1.437870 0.000031 1.347581 0.000000 0.000000
    57 -0.000002 -1.059402 0.000000 0.888082 0.000000 0.000000
    58 0.000006 1.059372 0.000008 1.057352 0.000000 0.000000
    59 -0.000004 -13.013485 -0.000004 0.010936 -0.284121 -0.076428
    60 0.161133 -10.804688 0.023087 0.010936 -0.284121 -0.076428
  time 17
    0 -0.024506 -3.468750 -0.000151 -1.559900 -0.000006 -0.000006
    1 -12.903130 2.931936 4.287337 -0.799155 -0.248682 0.882917
    2 0.000000 14.313023 0.000003 -1.719421 0.000000 0.000000
    3 -0.000011 13.013483 -0.000005 -0.619732 1.359874 -1.069176
    4 8.652996 10.990791 8.510125 2.730277 0.356761 0.284924
    5 0.000000 -14.313034 0.000000 -1.906557 0.000000 0.000000
    6 -0.000004 -13.013485 -0.000004 0.261859 -0.769010 -0.373568
    7 -1.330879 -2.698427 0.462449 -0.194886 -0.547260 3.056712
    8 1.330910 2.698444 -0.462436 0.194890 0.547268 -0.084879
    9 1.113281 4.808594 -1.690430 -1.589811 0.272264 -0.038126
    10 1.340820 7.765625 -2.611328 1.638801 1.297889 -3.109116
    11 0.671387 7.765625 -3.669922 -1.589828 0.275075 -0.038182
    12 0.707031 8.593750 -3.654297 -1.589811 0.272264 -0.038126
    13 14.750000 -52.000000 -3.505859 -1.993925 0.093276 0.197065
    14 6.566406 8.648438 3.232422 -1.090396 0.577049 -0.321829
    15 7.558525 6.997282 -2.354134 -1.937336 -0.275393 3.010581
    16 7.558525 6.997282 -2.354134 1.937336 0.275393 -0.131011
    17 -2.867767 -2.740969 0.531125 2.051196 0.577049 -0.321829
    18 4.324081 2.744001 -0.524877 -1.090396 0.577049 -0.321829
    19 1.340820 7.765625 -2.611328 1.638801 1.297889 -3.109116
    20 0.669922 7.765625 -3.669922 -1.589828 0.275074 -0.038184
    21 6.233833 5.542564 0.898426 -1.090396 0.577049 -0.321829
    22 6.946648 6.587124 1.429667 -1.090396 0.577049 -0.321829
    23 7.537933 7.453606 1.870349 -1.090396 0.577049 -0.321829
    24 8.154472 8.357077 2.329839 -1.090396 0.577049 -0.321829
    25 8.874294 9.411907 2.866308 -1.090396 0.577049 -0.321829
    26 -4.125858 -2.321501 1.394414 2.051196 0.577049 -0.321829
    27 -4.826813 -3.348669 0.872014 2.051196 0.577049 -0.321829
    28 -5.441669 -4.249685 0.413772 2.051196 0.577049 -0.321829
    29 -0.552532 -1.343527 1.604446 -0.050490 -0.183910 -0.530210
    30 0.552589 1.343534 -1.604463 -0.833184 -0.216300 -0.220877
    31 0.000000 -2.021618 -0.000004 -0.203562 0.000000 0.000000
    32 -0.000021 2.021633 0.000027 -0.183400 0.000000 0.000000
    33 -0.000004 -1.136217 -0.000004 -0.600480 0.000000 0.000000
    34 -0.000011 1.136200 -0.000019 -0.580321 0.000000 0.000000
    35 -0.032677 -4.587727 1.352317 -2.558511 0.890419 -2.936117
    36 0.032719 4.587772 -1.352291 2.079251 1.277559 2.173991
    37 0.000000 -1.754536 -0.000002 1.092131 0.000000 0.000000
    38 -0.000006 1.754520 -0.000034 0.714668 0.000000 0.000000
    39 0.000000 -1.227020 -0.000002 -0.252428 0.000000 0.000000
    40 0.000002 1.227070 0.000032 -0.218093 0.000000 0.000000
    41 -0.367996 -4.208406 0.173244 2.977246 0.927096 2.319402
    42 0.368011 4.208412 -0.173239 2.878562 1.339714 2.370778
    43 0.000000 -2.372318 -0.000004 1.154585 0.000000 0.000000
    44 -0.000006 2.372318 -0.000032 2.018180 0.000000 0.000000
    45 0.000004 -1.580070 -0.000001 -0.329414 0.000000 0.000000
    46 -0.000002 1.580170 0.000030 0.390556 0.000000 0.000000
    47 -0.937645 -3.860697 -0.959317 -2.948054 0.798863 2.256892
    48 0.937672 3.860714 0.959333 2.959055 1.121003 2.662502
    49 0.000000 -1.690632 0.000000 1.148315 0.000000 0.000000
    50 -0.000013 1.690666 0.000021 1.835620 0.000000 0.000000
    51 -0.000002 -1.423443 0.000002 1.302406 0.000000 0.000000
    52 0.000008 1.423420 0.000028 0.841481 0.000000 0.000000
    53 -1.546646 -3.404194 -1.915569 -2.791978 0.765578 2.402160
    54 1.546661 3.404217 1.915585 3.009108 0.967925 2.869561
    55 0.000004 -1.437820 0.000000 1.542970 0.000000 0.000000
    56 -0.000021 1.437870 0.000031 1.347581 0.000000 0.000000
    57 -0.000002 -1.059402 0.000000 0.888082 0.000000 0.000000
    58 0.000006 1.059372 0.000008 1.057352 0.000000 0.000000
    59 -0.000004 -13.013485 -0.000004 0.010936 -0.284121 -0.076428
    60 0.161133 -10.804688 0.023087 0.010936 -0.284121 -0.076428
  time 18
    0 -0.024506 -3.468750 -0.000151 -1.559900 -0.000006 -0.000006
    1 -12.903130 2.931936 4.287337 -0.799155 -0.248682 0.882993
    2 0.000000 14.313023 0.000003 -1.719421 0.000000 0.000000
    3 -0.000011 13.013483 -0.000005 -0.618777 1.360487 -1.068409
    4 8.652996 10.990791 8.510125 2.730277 0.356761 0.284924
    5 0.000000 -14.313034 0.000000 -1.906557 0.000000 0.000000
    6 -0.000004 -13.013485 -0.000004 0.261949 -0.770059 -0.374140
    7 -1.330879 -2.698427 0.462449 -0.194886 -0.547260 3.056712
    8 1.330910 2.698444 -0.462436 0.194890 0.547268 -0.084879
    9 1.113281 4.808594 -1.690430 -1.589811 0.272264 -0.038126
    10 1.340820 7.765625 -2.611328 1.638801 1.297889 -3.109116
    11 0.671387 7.765625 -3.669922 -1.589828 0.275075 -0.038182
    12 0.707031 8.593750 -3.654297 -1.589811 0.272264 -0.038126
    13 14.750000 -52.000000 -3.505859 -1.993925 0.093276 0.197065
    14 6.566406 8.648438 3.232422 -1.090396 0.577049 -0.321829
    15 7.558525 6.997282 -2.354134 -1.937336 -0.275393 3.010581
    16 7.558525 6.997282 -2.354134 1.937336 0.275393 -0.131011
    17 -2.867767 -2.740969 0.531125 2.051196 0.577049 -0.321829
    18 4.324081 2.744001 -0.524877 -1.090396 0.577049 -0.321829
    19 1.340820 7.765625 -2.611328 1.638801 1.297889 -3.109116
    20 0.669922 7.765625 -3.669922 -1.589828 0.275074 -0.038184
    21 6.233833 5.542564 0.898426 -1.090396 0.577049 -0.321829
    22 6.946648 6.587124 1.429667 -1.090396 0.577049 -0.321829
    23 7.537933 7.453606 1.870349 -1.090396 0.577049 -0.321829
    24 8.154472 8.357077 2.329839 -1.090396 0.577049 -0.321829
    25 8.874294 9.411907 2.866308 -1.090396 0.577049 -0.321829
    26 -4.125858 -2.321501 1.394414 2.051196 0.577049 -0.321829
    27 -4.826813 -3.348669 0.872014 2.051196 0.577049 -0.321829
    28 -5.441669 -4.249685 0.413772 2.051196 0.577049 -0.321829
    29 -0.552532 -1.343527 1.604446 -0.050490 -0.183910 -0.530210
    30 0.552589 1.343534 -1.604463 -0.833184 -0.216300 -0.220877
    31 0.000000 -2.021618 -0.000004 -0.203562 0.000000 0.000000
    32 -0.000021 2.021633 0.000027 -0.183400 0.000000 0.000000
    33 -0.000004 -1.136217 -0.000004 -0.600480 0.000000 0.000000
    34 -0.000011 1.136200 -0.000019 -0.580321 0.000000 0.000000
    35 -0.032677 -4.587727 1.352317 -2.558511 0.890419 -2.936117
    36 0.032719 4.587772 -1.352291 2.079251 1.277559 2.173991
    37 0.000000 -1.754536 -0.000002 1.092131 0.000000 0.000000
    38 -0.000006 1.754520 -0.000034 0.714668 0.000000 0.000000
    39 0.000000 -1.227020 -0.000002 -0.252428 0.000000 0.000000
    40 0.000002 1.227070 0.000032 -0.218093 0.000000 0.000000
    41 -0.367996 -4.208406 0.173244 2.977246 0.927096 2.319402
    42 0.368011 4.208412 -0.173239 2.878562 1.339714 2.370778
    43 0.000000 -2.372318 -0.000004 1.154585 0.000000 0.000000
    44 -0.000006 2.372318 -0.000032 2.018180 0.000000 0.000000
    45 0.000004 -1.580070 -0.000001 -0.329414 0.000000 0.000000
    46 -0.000002 1.580170 0.000030 0.390556 0.000000 0.000000
    47 -0.937645 -3.860697 -0.959317 -2.948054 0.798863 2.256892
    48 0.937672 3.860714 0.959333 2.959055 1.121003 2.662502
    49 0.000000 -1.690632 0.000000 1.148315 0.000000 0.000000
    50 -0.000013 1.690666 0.000021 1.835620 0.000000 0.000000
    51 -0.000002 -1.423443 0.000002 1.302406 0.000000 0.000000
    52 0.000008 1.423420 0.000028 0.841481 0.000000 0.000000
    53 -1.546646 -3.404194 -1.915569 -2.791978 0.765578 2.402160
    54 1.546661 3.404217 1.915585 3.009108 0.967925 2.869561
    55 0.000004 -1.437820 0.000000 1.542970 0.000000 0.000000
    56 -0.000021 1.437870 0.000031 1.347581 0.000000 0.000000
    57 -0.000002 -1.059402 0.000000 0.888082 0.000000 0.000000
    58 0.000006 1.059372 0.000008 1.057352 0.000000 0.000000
    59 -0.000004 -13.013485 -0.000004 0.010936 -0.284121 -0.076428
    60 0.161133 -10.804688 0.023087 0.010936 -0.284121 -0.076428
  time 19
    0 -0.024506 -3.468750 -0.000151 -1.559900 -0.000006 -0.000006
    1 -12.903130 2.931936 4.287337 -0.799155 -0.248682 0.882993
    2 0.000000 14.313023 0.000003 -1.719421 0.000000 0.000000
    3 -0.000011 13.013483 -0.000005 -0.617917 1.361053 -1.067546
    4 8.652996 10.990791 8.510125 2.730373 0.356761 0.284924
    5 0.000000 -14.313034 0.000000 -1.906497 0.000000 0.000000
    6 -0.000004 -13.013485 -0.000004 0.261859 -0.771199 -0.374616
    7 -1.330879 -2.698427 0.462449 -0.194886 -0.547260 3.056712
    8 1.330910 2.698444 -0.462436 0.194890 0.547268 -0.084879
    9 1.113281 4.808594 -1.690430 -1.589811 0.272264 -0.038126
    10 1.340820 7.765625 -2.611328 1.638801 1.297889 -3.109116
    11 0.671387 7.765625 -3.669922 -1.589828 0.275075 -0.038182
    12 0.707031 8.593750 -3.654297 -1.589811 0.272264 -0.038126
    13 14.750000 -52.000000 -3.505859 -1.993925 0.093276 0.197065
    14 6.566406 8.648438 3.232422 -1.090396 0.577049 -0.321829
    15 7.558525 6.997282 -2.354134 -1.937336 -0.275393 3.010581
    16 7.558525 6.997282 -2.354134 1.937336 0.275393 -0.131011
    17 -2.867767 -2.740969 0.531125 2.051196 0.577049 -0.321829
    18 4.324081 2.744001 -0.524877 -1.090396 0.577049 -0.321829
    19 1.340820 7.765625 -2.611328 1.638801 1.297889 -3.109116
    20 0.669922 7.765625 -3.669922 -1.589828 0.275074 -0.038184
    21 6.233833 5.542564 0.898426 -1.090396 0.577049 -0.321829
    22 6.946648 6.587124 1.429667 -1.090396 0.577049 -0.321829
    23 7.537933 7.453606 1.870349 -1.090396 0.577049 -0.321829
    24 8.154472 8.357077 2.329839 -1.090396 0.577049 -0.321829
    25 8.874294 9.411907 2.866308 -1.090396 0.577049 -0.321829
    26 -4.125858 -2.321501 1.394414 2.051196 0.577049 -0.321829
    27 -4.826813 -3.348669 0.872014 2.051196 0.577049 -0.321829
    28 -5.441669 -4.249685 0.413772 2.051196 0.577049 -0.321829
    29 -0.552532 -1.343527 1.604446 -0.050490 -0.183910 -0.530210
    30 0.552589 1.343534 -1.604463 -0.833184 -0.216300 -0.220877
    31 0.000000 -2.021618 -0.000004 -0.203562 0.000000 0.000000
    32 -0.000021 2.021633 0.000027 -0.183400 0.000000 0.000000
    33 -0.000004 -1.136217 -0.000004 -0.600480 0.000000 0.000000
    34 -0.000011 1.136200 -0.000019 -0.580321 0.000000 0.000000
    35 -0.032677 -4.587727 1.352317 -2.558511 0.890419 -2.936117
    36 0.032719 4.587772 -1.352291 2.079251 1.277559 2.173991
    37 0.000000 -1.754536 -0.000002 1.092131 0.000000 0.000000
    38 -0.000006 1.754520 -0.000034 0.714668 0.000000 0.000000
    39 0.000000 -1.227020 -0.000002 -0.252428 0.000000 0.000000
    40 0.000002 1.227070 0.000032 -0.218093 0.000000 0.000000
    41 -0.367996 -4.208406 0.173244 2.977246 0.927096 2.319402
    42 0.368011 4.208412 -0.173239 2.878562 1.339714 2.370778
    43 0.000000 -2.372318 -0.000004 1.154585 0.000000 0.000000
    44 -0.000006 2.372318 -0.000032 2.018180 0.000000 0.000000
    45 0.000004 -1.580070 -0.000001 -0.329414 0.000000 0.000000
    46 -0.000002 1.580170 0.000030 0.390556 0.000000 0.000000
    47 -0.937645 -3.860697 -0.959317 -2.948054 0.798863 2.256892
    48 0.937672 3.860714 0.959333 2.959055 1.121003 2.662502
    49 0.000000 -1.690632 0.000000 1.148315 0.000000 0.000000
    50 -0.000013 1.690666 0.000021 1.835620 0.000000 0.000000
    51 -0.000002 -1.423443 0.000002 1.302406 0.000000 0.000000
    52 0.000008 1.423420 0.000028 0.841481 0.000000 0.000000
    53 -1.546646 -3.404194 -1.915569 -2.791978 0.765578 2.402160
    54 1.546661 3.404217 1.915585 3.009108 0.967925 2.869561
    55 0.000004 -1.437820 0.000000 1.542970 0.000000 0.000000
    56 -0.000021 1.437870 0.000031 1.347581 0.000000 0.000000
    57 -0.000002 -1.059402 0.000000 0.888082 0.000000 0.000000
    58 0.000006 1.059372 0.000008 1.057352 0.000000 0.000000
    59 -0.000004 -13.013485 -0.000004 0.010936 -0.284121 -0.076428
    60 0.161133 -10.804688 0.023087 0.010936 -0.284121 -0.076428
  time 20
    0 -0.024506 -3.468750 -0.000151 -1.559900 -0.000006 -0.000006
    1 -12.903130 2.931936 4.287337 -0.799063 -0.248729 0.882993
    2 0.000000 14.313023 0.000003 -1.719421 0.000000 0.000000
    3 -0.000011 13.013483 -0.000005 -0.617057 1.361572 -1.066875
    4 8.652996 10.990791 8.510125 2.730373 0.356761 0.284924
    5 0.000000 -14.313034 0.000000 -1.906497 0.000000 0.000000
    6 -0.000004 -13.013485 -0.000004 0.261949 -0.772385 -0.375188
    7 -1.330879 -2.698427 0.462449 -0.194886 -0.547260 3.056712
    8 1.330910 2.698444 -0.462436 0.194890 0.547268 -0.084879
    9 1.113281 4.808594 -1.690430 -1.589811 0.272264 -0.038126
    10 1.340820 7.765625 -2.611328 1.638801 1.297889 -3.109116
    11 0.671387 7.765625 -3.669922 -1.589828 0.275075 -0.038182
    12 0.707031 8.593750 -3.654297 -1.589811 0.272264 -0.038126
    13 14.750000 -52.000000 -3.505859 -1.993925 0.093276 0.197065
    14 6.566406 8.648438 3.232422 -1.090396 0.577049 -0.321829
    15 7.558525 6.997282 -2.354134 -1.937336 -0.275393 3.010581
    16 7.558525 6.997282 -2.354134 1.937336 0.275393 -0.131011
    17 -2.867767 -2.740969 0.531125 2.051196 0.577049 -0.321829
    18 4.324081 2.744001 -0.524877 -1.090396 0.577049 -0.321829
    19 1.340820 7.765625 -2.611328 1.638801 1.297889 -3.109116
    20 0.669922 7.765625 -3.669922 -1.589828 0.275074 -0.038184
    21 6.233833 5.542564 0.898426 -1.090396 0.577049 -0.321829
    22 6.946648 6.587124 1.429667 -1.090396 0.577049 -0.321829
    23 7.537933 7.453606 1.870349 -1.090396 0.577049 -0.321829
    24 8.154472 8.357077 2.329839 -1.090396 0.577049 -0.321829
    25 8.874294 9.411907 2.866308 -1.090396 0.577049 -0.321829
    26 -4.125858 -2.321501 1.394414 2.051196 0.577049 -0.321829
    27 -4.826813 -3.348669 0.872014 2.051196 0.577049 -0.321829
    28 -5.441669 -4.249685 0.413772 2.051196 0.577049 -0.321829
    29 -0.552532 -1.343527 1.604446 -0.050490 -0.183910 -0.530210
    30 0.552589 1.343534 -1.604463 -0.833184 -0.216300 -0.220877
    31 0.000000 -2.021618 -0.000004 -0.203562 0.000000 0.000000
    32 -0.000021 2.021633 0.000027 -0.183400 0.000000 0.000000
    33 -0.000004 -1.136217 -0.000004 -0.600480 0.000000 0.000000
    34 -0.000011 1.136200 -0.000019 -0.580321 0.000000 0.000000
    35 -0.032677 -4.587727 1.352317 -2.558511 0.890419 -2.936117
    36 0.032719 4.587772 -1.352291 2.079251 1.277559 2.173991
    37 0.000000 -1.754536 -0.000002 1.092131 0.000000 0.000000
    38 -0.000006 1.754520 -0.000034 0.714668 0.000000 0.000000
    39 0.000000 -1.227020 -0.000002 -0.252428 0.000000 0.000000
    40 0.000002 1.227070 0.000032 -0.218093 0.000000 0.000000
    41 -0.367996 -4.208406 0.173244 2.977246 0.927096 2.319402
    42 0.368011 4.208412 -0.173239 2.878562 1.339714 2.370778
    43 0.000000 -2.372318 -0.000004 1.154585 0.000000 0.000000
    44 -0.000006 2.372318 -0.000032 2.018180 0.000000 0.000000
    45 0.000004 -1.580070 -0.000001 -0.329414 0.000000 0.000000
    46 -0.000002 1.580170 0.000030 0.390556 0.000000 0.000000
    47 -0.937645 -3.860697 -0.959317 -2.948054 0.798863 2.256892
    48 0.937672 3.860714 0.959333 2.959055 1.121003 2.662502
    49 0.000000 -1.690632 0.000000 1.148315 0.000000 0.000000
    50 -0.000013 1.690666 0.000021 1.835620 0.000000 0.000000
    51 -0.000002 -1.423443 0.000002 1.302406 0.000000 0.000000
    52 0.000008 1.423420 0.000028 0.841481 0.000000 0.000000
    53 -1.546646 -3.404194 -1.915569 -2.791978 0.765578 2.402160
    54 1.546661 3.404217 1.915585 3.009108 0.967925 2.869561
    55 0.000004 -1.437820 0.000000 1.542970 0.000000 0.000000
    56 -0.000021 1.437870 0.000031 1.347581 0.000000 0.000000
    57 -0.000002 -1.059402 0.000000 0.888082 0.000000 0.000000
    58 0.000006 1.059372 0.000008 1.057352 0.000000 0.000000
    59 -0.000004 -13.013485 -0.000004 0.010936 -0.284121 -0.076428
    60 0.161133 -10.804688 0.023087 0.010936 -0.284121 -0.076428
  time 21
    0 -0.024506 -3.468750 -0.000151 -1.559900 -0.000006 -0.000006
    1 -12.903130 2.931936 4.287337 -0.799063 -0.248729 0.882993
    2 0.000000 14.313023 0.000003 -1.719421 0.000000 0.000000
    3 -0.000011 13.013483 -0.000005 -0.616197 1.362138 -1.066109
    4 8.652996 10.990791 8.510125 2.730565 0.356761 0.284924
    5 0.000000 -14.313034 0.000000 -1.906377 0.000000 0.000000
    6 -0.000004 -13.013485 -0.000004 0.261949 -0.773571 -0.375761
    7 -1.330879 -2.698427 0.462449 -0.194886 -0.547260 3.056712
    8 1.330910 2.698444 -0.462436 0.194890 0.547268 -0.084879
    9 1.113281 4.808594 -1.690430 -1.589811 0.272264 -0.038126
    10 1.340820 7.765625 -2.611328 1.638801 1.297889 -3.109116
    11 0.671387 7.765625 -3.669922 -1.589828 0.275075 -0.038182
    12 0.707031 8.593750 -3.654297 -1.589811 0.272264 -0.038126
    13 14.750000 -52.000000 -3.505859 -1.993925 0.093276 0.197065
    14 6.566406 8.648438 3.232422 -1.090396 0.577049 -0.321829
    15 7.558525 6.997282 -2.354134 -1.937336 -0.275393 3.010581
    16 7.558525 6.997282 -2.354134 1.937336 0.275393 -0.131011
    17 -2.867767 -2.740969 0.531125 2.051196 0.577049 -0.321829
    18 4.324081 2.744001 -0.524877 -1.090396 0.577049 -0.321829
    19 1.340820 7.765625 -2.611328 1.638801 1.297889 -3.109116
    20 0.669922 7.765625 -3.669922 -1.589828 0.275074 -0.038184
    21 6.233833 5.542564 0.898426 -1.090396 0.577049 -0.321829
    22 6.946648 6.587124 1.429667 -1.090396 0.577049 -0.321829
    23 7.537933 7.453606 1.870349 -1.090396 0.577049 -0.321829
    24 8.154472 8.357077 2.329839 -1.090396 0.577049 -0.321829
    25 8.874294 9.411907 2.866308 -1.090396 0.577049 -0.321829
    26 -4.125858 -2.321501 1.394414 2.051196 0.577049 -0.321829
    27 -4.826813 -3.348669 0.872014 2.051196 0.577049 -0.321829
    28 -5.441669 -4.249685 0.413772 2.051196 0.577049 -0.321829
    29 -0.552532 -1.343527 1.604446 -0.050490 -0.183910 -0.530210
    30 0.552589 1.343534 -1.604463 -0.833184 -0.216300 -0.220877
    31 0.000000 -2.021618 -0.000004 -0.203562 0.000000 0.000000
    32 -0.000021 2.021633 0.000027 -0.183400 0.000000 0.000000
    33 -0.000004 -1.136217 -0.000004 -0.600480 0.000000 0.000000
    34 -0.000011 1.136200 -0.000019 -0.580321 0.000000 0.000000
    35 -0.032677 -4.587727 1.352317 -2.558511 0.890419 -2.936117
    36 0.032719 4.587772 -1.352291 2.079251 1.277559 2.173991
    37 0.000000 -1.754536 -0.000002 1.092131 0.000000 0.000000
    38 -0.000006 1.754520 -0.000034 0.714668 0.000000 0.000000
    39 0.000000 -1.227020 -0.000002 -0.252428 0.000000 0.000000
    40 0.000002 1.227070 0.000032 -0.218093 0.000000 0.000000
    41 -0.367996 -4.208406 0.173244 2.977246 0.927096 2.319402
    42 0.368011 4.208412 -0.173239 2.878562 1.339714 2.370778
    43 0.000000 -2.372318 -0.000004 1.154585 0.000000 0.000000
    44 -0.000006 2.372318 -0.000032 2.018180 0.000000 0.000000
    45 0.000004 -1.580070 -0.000001 -0.329414 0.000000 0.000000
    46 -0.000002 1.580170 0.000030 0.390556 0.000000 0.000000
    47 -0.937645 -3.860697 -0.959317 -2.948054 0.798863 2.256892
    48 0.937672 3.860714 0.959333 2.959055 1.121003 2.662502
    49 0.000000 -1.690632 0.000000 1.148315 0.000000 0.000000
    50 -0.000013 1.690666 0.000021 1.835620 0.000000 0.000000
    51 -0.000002 -1.423443 0.000002 1.302406 0.000000 0.000000
    52 0.000008 1.423420 0.000028 0.841481 0.000000 0.000000
    53 -1.546646 -3.404194 -1.915569 -2.791978 0.765578 2.402160
    54 1.546661 3.404217 1.915585 3.009108 0.967925 2.869561
    55 0.000004 -1.437820 0.000000 1.542970 0.000000 0.000000
    56 -0.000021 1.437870 0.000031 1.347581 0.000000 0.000000
    57 -0.000002 -1.059402 0.000000 0.888082 0.000000 0.000000
    58 0.000006 1.059372 0.000008 1.057352 0.000000 0.000000
    59 -0.000004 -13.013485 -0.000004 0.010936 -0.284121 -0.076428
    60 0.161133 -10.804688 0.023087 0.010936 -0.284121 -0.076428
  time 22
    0 -0.024506 -3.468750 -0.000151 -1.559900 -0.000006 -0.000006
    1 -12.903130 2.931936 4.287337 -0.799063 -0.248777 0.882993
    2 0.000000 14.313023 0.000003 -1.719421 0.000000 0.000000
    3 -0.000011 13.013483 -0.000005 -0.615432 1.362609 -1.065438
    4 8.652996 10.990791 8.510125 2.730660 0.356723 0.284924
    5 0.000000 -14.313034 0.000000 -1.906317 0.000000 0.000000
    6 -0.000004 -13.013485 -0.000004 0.262039 -0.774894 -0.376333
    7 -1.330879 -2.698427 0.462449 -0.194886 -0.547260 3.056712
    8 1.330910 2.698444 -0.462436 0.194890 0.547268 -0.084879
    9 1.113281 4.808594 -1.690430 -1.589811 0.272264 -0.038126
    10 1.340820 7.765625 -2.611328 1.638801 1.297889 -3.109116
    11 0.671387 7.765625 -3.669922 -1.589828 0.275075 -0.038182
    12 0.707031 8.593750 -3.654297 -1.589811 0.272264 -0.038126
    13 14.750000 -52.000000 -3.505859 -1.993925 0.093276 0.197065
    14 6.566406 8.648438 3.232422 -1.090396 0.577049 -0.321829
    15 7.558525 6.997282 -2.354134 -1.937336 -0.275393 3.010581
    16 7.558525 6.997282 -2.354134 1.937336 0.275393 -0.131011
    17 -2.867767 -2.740969 0.531125 2.051196 0.577049 -0.321829
    18 4.324081 2.744001 -0.524877 -1.090396 0.577049 -0.321829
    19 1.340820 7.765625 -2.611328 1.638801 1.297889 -3.109116
    20 0.669922 7.765625 -3.669922 -1.589828 0.275074 -0.038184
    21 6.233833 5.542564 0.898426 -1.090396 0.577049 -0.321829
    22 6.946648 6.587124 1.429667 -1.090396 0.577049 -0.321829
    23 7.537933 7.453606 1.870349 -1.090396 0.577049 -0.321829
    24 8.154472 8.357077 2.329839 -1.090396 0.577049 -0.321829
    25 8.874294 9.411907 2.866308 -1.090396 0.577049 -0.321829
    26 -4.125858 -2.321501 1.394414 2.051196 0.577049 -0.321829
    27 -4.826813 -3.348669 0.872014 2.051196 0.577049 -0.321829
    28 -5.441669 -4.249685 0.413772 2.051196 0.577049 -0.321829
    29 -0.552532 -1.343527 1.604446 -0.050490 -0.183910 -0.530210
    30 0.552589 1.343534 -1.604463 -0.833158 -0.216300 -0.220877
    31 0.000000 -2.021618 -0.000004 -0.203562 0.000000 0.000000
    32 -0.000021 2.021633 0.000027 -0.183400 0.000000 0.000000
    33 -0.000004 -1.136217 -0.000004 -0.600480 0.000000 0.000000
    34 -0.000011 1.136200 -0.000019 -0.580321 0.000000 0.000000
    35 -0.032677 -4.587727 1.352317 -2.558511 0.890419 -2.936117
    36 0.032719 4.587772 -1.352291 2.079251 1.277559 2.173991
    37 0.000000 -1.754536 -0.000002 1.092131 0.000000 0.000000
    38 -0.000006 1.754520 -0.000034 0.714668 0.000000 0.000000
    39 0.000000 -1.227020 -0.000002 -0.252428 0.000000 0.000000
    40 0.000002 1.227070 0.000032 -0.218093 0.000000 0.000000
    41 -0.367996 -4.208406 0.173244 2.977246 0.927096 2.319402
    42 0.368011 4.208412 -0.173239 2.878562 1.339714 2.370778
    43 0.000000 -2.372318 -0.000004 1.154585 0.000000 0.000000
    44 -0.000006 2.372318 -0.000032 2.018180 0.000000 0.000000
    45 0.000004 -1.580070 -0.000001 -0.329414 0.000000 0.000000
    46 -0.000002 1.580170 0.000030 0.390556 0.000000 0.000000
    47 -0.937645 -3.860697 -0.959317 -2.948054 0.798863 2.256892
    48 0.937672 3.860714 0.959333 2.959055 1.121003 2.662502
    49 0.000000 -1.690632 0.000000 1.148315 0.000000 0.000000
    50 -0.000013 1.690666 0.000021 1.835620 0.000000 0.000000
    51 -0.000002 -1.423443 0.000002 1.302406 0.000000 0.000000
    52 0.000008 1.423420 0.000028 0.841481 0.000000 0.000000
    53 -1.546646 -3.404194 -1.915569 -2.791978 0.765578 2.402160
    54 1.546661 3.404217 1.915585 3.009108 0.967925 2.869561
    55 0.000004 -1.437820 0.000000 1.542970 0.000000 0.000000
    56 -0.000021 1.437870 0.000031 1.347581 0.000000 0.000000
    57 -0.000002 -1.059402 0.000000 0.888082 0.000000 0.000000
    58 0.000006 1.059372 0.000008 1.057352 0.000000 0.000000
    59 -0.000004 -13.013485 -0.000004 0.010936 -0.284121 -0.076428
    60 0.161133 -10.804688 0.023087 0.010936 -0.284121 -0.076428
  time 23
    0 -0.024506 -3.468750 -0.000151 -1.559900 -0.000006 -0.000006
    1 -12.903130 2.931936 4.287337 -0.799063 -0.248777 0.882993
    2 0.000000 14.313023 0.000003 -1.719421 0.000000 0.000000
    3 -0.000011 13.013483 -0.000005 -0.614668 1.363081 -1.064862
    4 8.652996 10.990791 8.510125 2.730660 0.356723 0.284924
    5 0.000000 -14.313034 0.000000 -1.906317 0.000000 0.000000
    6 -0.000004 -13.013485 -0.000004 0.262039 -0.776171 -0.376905
    7 -1.330879 -2.698427 0.462449 -0.194886 -0.547260 3.056712
    8 1.330910 2.698444 -0.462436 0.194890 0.547268 -0.084879
    9 1.113281 4.808594 -1.690430 -1.589811 0.272264 -0.038126
    10 1.340820 7.765625 -2.611328 1.638801 1.297889 -3.109116
    11 0.671387 7.765625 -3.669922 -1.589828 0.275075 -0.038182
    12 0.707031 8.593750 -3.654297 -1.589811 0.272264 -0.038126
    13 14.750000 -52.000000 -3.505859 -1.993925 0.093276 0.197065
    14 6.566406 8.648438 3.232422 -1.090396 0.577049 -0.321829
    15 7.558525 6.997282 -2.354134 -1.937336 -0.275393 3.010581
    16 7.558525 6.997282 -2.354134 1.937336 0.275393 -0.131011
    17 -2.867767 -2.740969 0.531125 2.051196 0.577049 -0.321829
    18 4.324081 2.744001 -0.524877 -1.090396 0.577049 -0.321829
    19 1.340820 7.765625 -2.611328 1.638801 1.297889 -3.109116
    20 0.669922 7.765625 -3.669922 -1.589828 0.275074 -0.038184
    21 6.233833 5.542564 0.898426 -1.090396 0.577049 -0.321829
    22 6.946648 6.587124 1.429667 -1.090396 0.577049 -0.321829
    23 7.537933 7.453606 1.870349 -1.090396 0.577049 -0.321829
    24 8.154472 8.357077 2.329839 -1.090396 0.577049 -0.321829
    25 8.874294 9.411907 2.866308 -1.090396 0.577049 -0.321829
    26 -4.125858 -2.321501 1.394414 2.051196 0.577049 -0.321829
    27 -4.826813 -3.348669 0.872014 2.051196 0.577049 -0.321829
    28 -5.441669 -4.249685 0.413772 2.051196 0.577049 -0.321829
    29 -0.552532 -1.343527 1.604446 -0.050490 -0.183910 -0.530210
    30 0.552589 1.343534 -1.604463 -0.833158 -0.216300 -0.220877
    31 0.000000 -2.021618 -0.000004 -0.203562 0.000000 0.000000
    32 -0.000021 2.021633 0.000027 -0.183400 0.000000 0.000000
    33 -0.000004 -1.136217 -0.000004 -0.600480 0.000000 0.000000
    34 -0.000011 1.136200 -0.000019 -0.580321 0.000000 0.000000
    35 -0.032677 -4.587727 1.352317 -2.558511 0.890419 -2.936117
    36 0.032719 4.587772 -1.352291 2.079251 1.277559 2.173991
    37 0.000000 -1.754536 -0.000002 1.092131 0.000000 0.000000
    38 -0.000006 1.754520 -0.000034 0.714668 0.000000 0.000000
    39 0.000000 -1.227020 -0.000002 -0.252428 0.000000 0.000000
    40 0.000002 1.227070 0.000032 -0.218093 0.000000 0.000000
    41 -0.367996 -4.208406 0.173244 2.977246 0.927096 2.319402
    42 0.368011 4.208412 -0.173239 2.878562 1.339714 2.370778
    43 0.000000 -2.372318 -0.000004 1.154585 0.000000 0.000000
    44 -0.000006 2.372318 -0.000032 2.018180 0.000000 0.000000
    45 0.000004 -1.580070 -0.000001 -0.329414 0.000000 0.000000
    46 -0.000002 1.580170 0.000030 0.390556 0.000000 0.000000
    47 -0.937645 -3.860697 -0.959317 -2.948054 0.798863 2.256892
    48 0.937672 3.860714 0.959333 2.959055 1.121003 2.662502
    49 0.000000 -1.690632 0.000000 1.148315 0.000000 0.000000
    50 -0.000013 1.690666 0.000021 1.835620 0.000000 0.000000
    51 -0.000002 -1.423443 0.000002 1.302406 0.000000 0.000000
    52 0.000008 1.423420 0.000028 0.841481 0.000000 0.000000
    53 -1.546646 -3.404194 -1.915569 -2.791978 0.765578 2.402160
    54 1.546661 3.404217 1.915585 3.009108 0.967925 2.869561
    55 0.000004 -1.437820 0.000000 1.542970 0.000000 0.000000
    56 -0.000021 1.437870 0.000031 1.347581 0.000000 0.000000
    57 -0.000002 -1.059402 0.000000 0.888082 0.000000 0.000000
    58 0.000006 1.059372 0.000008 1.057352 0.000000 0.000000
    59 -0.000004 -13.013485 -0.000004 0.010936 -0.284121 -0.076428
    60 0.161133 -10.804688 0.023087 0.010936 -0.284121 -0.076428
  time 24
    0 -0.024506 -3.468750 -0.000151 -1.559900 -0.000006 -0.000006
    1 -12.903130 2.931936 4.287337 -0.799063 -0.248777 0.883070
    2 0.000000 14.313023 0.000003 -1.719421 0.000000 0.000000
    3 -0.000011 13.013483 -0.000005 -0.613999 1.363458 -1.064287
    4 8.652996 10.990791 8.510125 2.730756 0.356723 0.284924
    5 0.000000 -14.313034 0.000000 -1.906258 0.000000 0.000000
    6 -0.000004 -13.013485 -0.000004 0.262129 -0.777585 -0.377477
    7 -1.330879 -2.698427 0.462449 -0.194886 -0.547260 3.056712
    8 1.330910 2.698444 -0.462436 0.194890 0.547268 -0.084879
    9 1.113281 4.808594 -1.690430 -1.589811 0.272264 -0.038126
    10 1.340820 7.765625 -2.611328 1.638801 1.297889 -3.109116
    11 0.671387 7.765625 -3.669922 -1.589828 0.275075 -0.038182
    12 0.707031 8.593750 -3.654297 -1.589811 0.272264 -0.038126
    13 14.750000 -52.000000 -3.505859 -1.993925 0.093276 0.197065
    14 6.566406 8.648438 3.232422 -1.090396 0.577049 -0.321829
    15 7.558525 6.997282 -2.354134 -1.937336 -0.275393 3.010581
    16 7.558525 6.997282 -2.354134 1.937336 0.275393 -0.131011
    17 -2.867767 -2.740969 0.531125 2.051196 0.577049 -0.321829
    18 4.324081 2.744001 -0.524877 -1.090396 0.577049 -0.321829
    19 1.340820 7.765625 -2.611328 1.638801 1.297889 -3.109116
    20 0.669922 7.765625 -3.669922 -1.589828 0.275074 -0.038184
    21 6.233833 5.542564 0.898426 -1.090396 0.577049 -0.321829
    22 6.946648 6.587124 1.429667 -1.090396 0.577049 -0.321829
    23 7.537933 7.453606 1.870349 -1.090396 0.577049 -0.321829
    24 8.154472 8.357077 2.329839 -1.090396 0.577049 -0.321829
    25 8.874294 9.411907 2.866308 -1.090396 0.577049 -0.321829
    26 -4.125858 -2.321501 1.394414 2.051196 0.577049 -0.321829
    27 -4.826813 -3.348669 0.872014 2.051196 0.577049 -0.321829
    28 -5.441669 -4.249685 0.413772 2.051196 0.577049 -0.321829
    29 -0.552532 -1.343527 1.604446 -0.050490 -0.183910 -0.530210
    30 0.552589 1.343534 -1.604463 -0.833158 -0.216300 -0.220877
    31 0.000000 -2.021618 -0.000004 -0.203562 0.000000 0.000000
    32 -0.000021 2.021633 0.000027 -0.183400 0.000000 0.000000
    33 -0.000004 -1.136217 -0.000004 -0.600480 0.000000 0.000000
    34 -0.000011 1.136200 -0.000019 -0.580321 0.000000 0.000000
    35 -0.032677 -4.587727 1.352317 -2.558511 0.890419 -2.936117
    36 0.032719 4.587772 -1.352291 2.079251 1.277559 2.173991
    37 0.000000 -1.754536 -0.000002 1.092131 0.000000 0.000000
    38 -0.000006 1.754520 -0.000034 0.714668 0.000000 0.000000
    39 0.000000 -1.227020 -0.000002 -0.252428 0.000000 0.000000
    40 0.000002 1.227070 0.000032 -0.218093 0.000000 0.000000
    41 -0.367996 -4.208406 0.173244 2.977246 0.927096 2.319402
    42 0.368011 4.208412 -0.173239 2.878562 1.339714 2.370778
    43 0.000000 -2.372318 -0.000004 1.154585 0.000000 0.000000
    44 -0.000006 2.372318 -0.000032 2.018180 0.000000 0.000000
    45 0.000004 -1.580070 -0.000001 -0.329414 0.000000 0.000000
    46 -0.000002 1.580170 0.000030 0.390556 0.000000 0.000000
    47 -0.937645 -3.860697 -0.959317 -2.948054 0.798863 2.256892
    48 0.937672 3.860714 0.959333 2.959055 1.121003 2.662502
    49 0.000000 -1.690632 0.000000 1.148315 0.000000 0.000000
    50 -0.000013 1.690666 0.000021 1.835620 0.000000 0.000000
    51 -0.000002 -1.423443 0.000002 1.302406 0.000000 0.000000
    52 0.000008 1.423420 0.000028 0.841481 0.000000 0.000000
    53 -1.546646 -3.404194 -1.915569 -2.791978 0.765578 2.402160
    54 1.546661 3.404217 1.915585 3.009108 0.967925 2.869561
    55 0.000004 -1.437820 0.000000 1.542970 0.000000 0.000000
    56 -0.000021 1.437870 0.000031 1.347581 0.000000 0.000000
    57 -0.000002 -1.059402 0.000000 0.888082 0.000000 0.000000
    58 0.000006 1.059372 0.000008 1.057352 0.000000 0.000000
    59 -0.000004 -13.013485 -0.000004 0.010936 -0.284121 -0.076428
    60 0.161133 -10.804688 0.023087 0.010936 -0.284121 -0.076428
  time 25
    0 -0.024506 -3.468750 -0.000151 -1.559900 -0.000006 -0.000006
    1 -12.903130 2.931936 4.287337 -0.799063 -0.248777 0.883070
    2 0.000000 14.313023 0.000003 -1.719421 0.000000 0.000000
    3 -0.000011 13.013483 -0.000005 -0.613330 1.363836 -1.063904
    4 8.652996 10.990791 8.510125 2.730852 0.356723 0.284828
    5 0.000000 -14.313034 0.000000 -1.906198 0.000000 0.000000
    6 -0.000004 -13.013485 -0.000004 0.262219 -0.778999 -0.378240
    7 -1.330879 -2.698427 0.462449 -0.194886 -0.547260 3.056712
    8 1.330910 2.698444 -0.462436 0.194890 0.547268 -0.084879
    9 1.113281 4.808594 -1.690430 -1.589811 0.272264 -0.038126
    10 1.340820 7.765625 -2.611328 1.638801 1.297889 -3.109116
    11 0.671387 7.765625 -3.669922 -1.589828 0.275075 -0.038182
    12 0.707031 8.593750 -3.654297 -1.589811 0.272264 -0.038126
    13 14.750000 -52.000000 -3.505859 -1.993925 0.093276 0.197065
    14 6.566406 8.648438 3.232422 -1.090396 0.577049 -0.321829
    15 7.558525 6.997282 -2.354134 -1.937336 -0.275393 3.010581
    16 7.558525 6.997282 -2.354134 1.937336 0.275393 -0.131011
    17 -2.867767 -2.740969 0.531125 2.051196 0.577049 -0.321829
    18 4.324081 2.744001 -0.524877 -1.090396 0.577049 -0.321829
    19 1.340820 7.765625 -2.611328 1.638801 1.297889 -3.109116
    20 0.669922 7.765625 -3.669922 -1.589828 0.275074 -0.038184
    21 6.233833 5.542564 0.898426 -1.090396 0.577049 -0.321829
    22 6.946648 6.587124 1.429667 -1.090396 0.577049 -0.321829
    23 7.537933 7.453606 1.870349 -1.090396 0.577049 -0.321829
    24 8.154472 8.357077 2.329839 -1.090396 0.577049 -0.321829
    25 8.874294 9.411907 2.866308 -1.090396 0.577049 -0.321829
    26 -4.125858 -2.321501 1.394414 2.051196 0.577049 -0.321829
    27 -4.826813 -3.348669 0.872014 2.051196 0.577049 -0.321829
    28 -5.441669 -4.249685 0.413772 2.051196 0.577049 -0.321829
    29 -0.552532 -1.343527 1.604446 -0.050490 -0.183910 -0.530210
    30 0.552589 1.343534 -1.604463 -0.833184 -0.216300 -0.220877
    31 0.000000 -2.021618 -0.000004 -0.203562 0.000000 0.000000
    32 -0.000021 2.021633 0.000027 -0.183400 0.000000 0.000000
    33 -0.000004 -1.136217 -0.000004 -0.600480 0.000000 0.000000
    34 -0.000011 1.136200 -0.000019 -0.580321 0.000000 0.000000
    35 -0.032677 -4.587727 1.352317 -2.558511 0.890419 -2.936117
    36 0.032719 4.587772 -1.352291 2.079251 1.277559 2.173991
    37 0.000000 -1.754536 -0.000002 1.092131 0.000000 0.000000
    38 -0.000006 1.754520 -0.000034 0.714668 0.000000 0.000000
    39 0.000000 -1.227020 -0.000002 -0.252428 0.000000 0.000000
    40 0.000002 1.227070 0.000032 -0.218093 0.000000 0.000000
    41 -0.367996 -4.208406 0.173244 2.977246 0.927096 2.319402
    42 0.368011 4.208412 -0.173239 2.878562 1.339714 2.370778
    43 0.000000 -2.372318 -0.000004 1.154585 0.000000 0.000000
    44 -0.000006 2.372318 -0.000032 2.018180 0.000000 0.000000
    45 0.000004 -1.580070 -0.000001 -0.329414 0.000000 0.000000
    46 -0.000002 1.580170 0.000030 0.390556 0.000000 0.000000
    47 -0.937645 -3.860697 -0.959317 -2.948054 0.798863 2.256892
    48 0.937672 3.860714 0.959333 2.959055 1.121003 2.662502
    49 0.000000 -1.690632 0.000000 1.148315 0.000000 0.000000
    50 -0.000013 1.690666 0.000021 1.835620 0.000000 0.000000
    51 -0.000002 -1.423443 0.000002 1.302406 0.000000 0.000000
    52 0.000008 1.423420 0.000028 0.841481 0.000000 0.000000
    53 -1.546646 -3.404194 -1.915569 -2.791978 0.765578 2.402160
    54 1.546661 3.404217 1.915585 3.009108 0.967925 2.869561
    55 0.000004 -1.437820 0.000000 1.542970 0.000000 0.000000
    56 -0.000021 1.437870 0.000031 1.347581 0.000000 0.000000
    57 -0.000002 -1.059402 0.000000 0.888082 0.000000 0.000000
    58 0.000006 1.059372 0.000008 1.057352 0.000000 0.000000
    59 -0.000004 -13.013485 -0.000004 0.010936 -0.284121 -0.076428
    60 0.161133 -10.804688 0.023087 0.010936 -0.284121 -0.076428
  time 26
    0 -0.024506 -3.468750 -0.000151 -1.559900 -0.000006 -0.000006
    1 -12.903130 2.931936 4.287337 -0.799063 -0.248825 0.883070
    2 0.000000 14.313023 0.000003 -1.719421 0.000000 0.000000
    3 -0.000011 13.013483 -0.000005 -0.612853 1.364166 -1.063425
    4 8.652996 10.990791 8.510125 2.731043 0.356723 0.284828
    5 0.000000 -14.313034 0.000000 -1.906198 0.000000 0.000000
    6 -0.000004 -13.013485 -0.000004 0.262219 -0.780413 -0.378812
    7 -1.330879 -2.698427 0.462449 -0.194886 -0.547260 3.056712
    8 1.330910 2.698444 -0.462436 0.194890 0.547268 -0.084879
    9 1.113281 4.808594 -1.690430 -1.589811 0.272264 -0.038126
    10 1.340820 7.765625 -2.611328 1.638801 1.297889 -3.109116
    11 0.671387 7.765625 -3.669922 -1.589828 0.275075 -0.038182
    12 0.707031 8.593750 -3.654297 -1.589811 0.272264 -0.038126
    13 14.750000 -52.000000 -3.505859 -1.993925 0.093276 0.197065
    14 6.566406 8.648438 3.232422 -1.090396 0.577049 -0.321829
    15 7.558525 6.997282 -2.354134 -1.937336 -0.275393 3.010581
    16 7.558525 6.997282 -2.354134 1.937336 0.275393 -0.131011
    17 -2.867767 -2.740969 0.531125 2.051196 0.577049 -0.321829
    18 4.324081 2.744001 -0.524877 -1.090396 0.577049 -0.321829
    19 1.340820 7.765625 -2.611328 1.638801 1.297889 -3.109116
    20 0.669922 7.765625 -3.669922 -1.589828 0.275074 -0.038184
    21 6.233833 5.542564 0.898426 -1.090396 0.577049 -0.321829
    22 6.946648 6.587124 1.429667 -1.090396 0.577049 -0.321829
    23 7.537933 7.453606 1.870349 -1.090396 0.577049 -0.321829
    24 8.154472 8.357077 2.329839 -1.090396 0.577049 -0.321829
    25 8.874294 9.411907 2.866308 -1.090396 0.577049 -0.321829
    26 -4.125858 -2.321501 1.394414 2.051196 0.577049 -0.321829
    27 -4.826813 -3.348669 0.872014 2.051196 0.577049 -0.321829
    28 -5.441669 -4.249685 0.413772 2.051196 0.577049 -0.321829
    29 -0.552532 -1.343527 1.604446 -0.050490 -0.183910 -0.530210
    30 0.552589 1.343534 -1.604463 -0.833184 -0.216300 -0.220877
    31 0.000000 -2.021618 -0.000004 -0.203562 0.000000 0.000000
    32 -0.000021 2.021633 0.000027 -0.183400 0.000000 0.000000
    33 -0.000004 -1.136217 -0.000004 -0.600480 0.000000 0.000000
    34 -0.000011 1.136200 -0.000019 -0.580321 0.000000 0.000000
    35 -0.032677 -4.587727 1.352317 -2.558511 0.890419 -2.936117
    36 0.032719 4.587772 -1.352291 2.079251 1.277559 2.173991
    37 0.000000 -1.754536 -0.000002 1.092131 0.000000 0.000000
    38 -0.000006 1.754520 -0.000034 0.714668 0.000000 0.000000
    39 0.000000 -1.227020 -0.000002 -0.252428 0.000000 0.000000
    40 0.000002 1.227070 0.000032 -0.218093 0.000000 0.000000
    41 -0.367996 -4.208406 0.173244 2.977246 0.927096 2.319402
    42 0.368011 4.208412 -0.173239 2.878562 1.339714 2.370778
    43 0.000000 -2.372318 -0.000004 1.154585 0.000000 0.000000
    44 -0.000006 2.372318 -0.000032 2.018180 0.000000 0.000000
    45 0.000004 -1.580070 -0.000001 -0.329414 0.000000 0.000000
    46 -0.000002 1.580170 0.000030 0.390556 0.000000 0.000000
    47 -0.937645 -3.860697 -0.959317 -2.948054 0.798863 2.256892
    48 0.937672 3.860714 0.959333 2.959055 1.121003 2.662502
    49 0.000000 -1.690632 0.000000 1.148315 0.000000 0.000000
    50 -0.000013 1.690666 0.000021 1.835620 0.000000 0.000000
    51 -0.000002 -1.423443 0.000002 1.302406 0.000000 0.000000
    52 0.000008 1.423420 0.000028 0.841481 0.000000 0.000000
    53 -1.546646 -3.404194 -1.915569 -2.791978 0.765578 2.402160
    54 1.546661 3.404217 1.915585 3.009108 0.967925 2.869561
    55 0.000004 -1.437820 0.000000 1.542970 0.000000 0.000000
    56 -0.000021 1.437870 0.000031 1.347581 0.000000 0.000000
    57 -0.000002 -1.059402 0.000000 0.888082 0.000000 0.000000
    58 0.000006 1.059372 0.000008 1.057352 0.000000 0.000000
    59 -0.000004 -13.013485 -0.000004 0.010936 -0.284121 -0.076428
    60 0.161133 -10.804688 0.023087 0.010936 -0.284121 -0.076428
  time 27
    0 -0.024506 -3.468750 -0.000151 -1.559900 -0.000006 -0.000006
    1 -12.903130 2.931936 4.287337 -0.799063 -0.248825 0.883070
    2 0.000000 14.313023 0.000003 -1.719421 0.000000 0.000000
    3 -0.000011 13.013483 -0.000005 -0.612470 1.364402 -1.063137
    4 8.652996 10.990791 8.510125 2.731043 0.356685 0.284828
    5 0.000000 -14.313034 0.000000 -1.906198 0.000000 0.000000
    6 -0.000004 -13.013485 -0.000004 0.262309 -0.781918 -0.379574
    7 -1.330879 -2.698427 0.462449 -0.194886 -0.547260 3.056712
    8 1.330910 2.698444 -0.462436 0.194890 0.547268 -0.084879
    9 1.113281 4.808594 -1.690430 -1.589811 0.272264 -0.038126
    10 1.340820 7.765625 -2.611328 1.638801 1.297889 -3.109116
    11 0.671387 7.765625 -3.669922 -1.589828 0.275075 -0.038182
    12 0.707031 8.593750 -3.654297 -1.589811 0.272264 -0.038126
    13 14.750000 -52.000000 -3.505859 -1.993925 0.093276 0.197065
    14 6.566406 8.648438 3.232422 -1.090396 0.577049 -0.321829
    15 7.558525 6.997282 -2.354134 -1.937336 -0.275393 3.010581
    16 7.558525 6.997282 -2.354134 1.937336 0.275393 -0.131011
    17 -2.867767 -2.740969 0.531125 2.051196 0.577049 -0.321829
    18 4.324081 2.744001 -0.524877 -1.090396 0.577049 -0.321829
    19 1.340820 7.765625 -2.611328 1.638801 1.297889 -3.109116
    20 0.669922 7.765625 -3.669922 -1.589828 0.275074 -0.038184
    21 6.233833 5.542564 0.898426 -1.090396 0.577049 -0.321829
    22 6.946648 6.587124 1.429667 -1.090396 0.577049 -0.321829
    23 7.537933 7.453606 1.870349 -1.090396 0.577049 -0.321829
    24 8.154472 8.357077 2.329839 -1.090396 0.577049 -0.321829
    25 8.874294 9.411907 2.866308 -1.090396 0.577049 -0.321829
    26 -4.125858 -2.321501 1.394414 2.051196 0.577049 -0.321829
    27 -4.826813 -3.348669 0.872014 2.051196 0.577049 -0.321829
    28 -5.441669 -4.249685 0.413772 2.051196 0.577049 -0.321829
    29 -0.552532 -1.343527 1.604446 -0.050490 -0.183910 -0.530210
    30 0.552589 1.343534 -1.604463 -0.833184 -0.216300 -0.220877
    31 0.000000 -2.021618 -0.000004 -0.203562 0.000000 0.000000
    32 -0.000021 2.021633 0.000027 -0.183400 0.000000 0.000000
    33 -0.000004 -1.136217 -0.000004 -0.600480 0.000000 0.000000
    34 -0.000011 1.136200 -0.000019 -0.580321 0.000000 0.000000
    35 -0.032677 -4.587727 1.352317 -2.558511 0.890419 -2.936117
    36 0.032719 4.587772 -1.352291 2.079251 1.277559 2.173991
    37 0.000000 -1.754536 -0.000002 1.092131 0.000000 0.000000
    38 -0.000006 1.754520 -0.000034 0.714668 0.000000 0.000000
    39 0.000000 -1.227020 -0.000002 -0.252428 0.000000 0.000000
    40 0.000002 1.227070 0.000032 -0.218093 0.000000 0.000000
    41 -0.367996 -4.208406 0.173244 2.977246 0.927096 2.319402
    42 0.368011 4.208412 -0.173239 2.878562 1.339714 2.370778
    43 0.000000 -2.372318 -0.000004 1.154585 0.000000 0.000000
    44 -0.000006 2.372318 -0.000032 2.018180 0.000000 0.000000
    45 0.000004 -1.580070 -0.000001 -0.329414 0.000000 0.000000
    46 -0.000002 1.580170 0.000030 0.390556 0.000000 0.000000
    47 -0.937645 -3.860697 -0.959317 -2.948054 0.798863 2.256892
    48 0.937672 3.860714 0.959333 2.959055 1.121003 2.662502
    49 0.000000 -1.690632 0.000000 1.148315 0.000000 0.000000
    50 -0.000013 1.690666 0.000021 1.835620 0.000000 0.000000
    51 -0.000002 -1.423443 0.000002 1.302406 0.000000 0.000000
    52 0.000008 1.423420 0.000028 0.841481 0.000000 0.000000
    53 -1.546646 -3.404194 -1.915569 -2.791978 0.765578 2.402160
    54 1.546661 3.404217 1.915585 3.009108 0.967925 2.869561
    55 0.000004 -1.437820 0.000000 1.542970 0.000000 0.000000
    56 -0.000021 1.437870 0.000031 1.347581 0.000000 0.000000
    57 -0.000002 -1.059402 0.000000 0.888082 0.000000 0.000000
    58 0.000006 1.059372 0.000008 1.057352 0.000000 0.000000
    59 -0.000004 -13.013485 -0.000004 0.010936 -0.284121 -0.076428
    60 0.161133 -10.804688 0.023087 0.010936 -0.284121 -0.076428
  time 28
    0 -0.024506 -3.468750 -0.000151 -1.559900 -0.000006 -0.000006
    1 -12.903130 2.931936 4.287337 -0.799063 -0.248825 0.883070
    2 0.000000 14.313023 0.000003 -1.719421 0.000000 0.000000
    3 -0.000011 13.013483 -0.000005 -0.612088 1.364590 -1.062849
    4 8.652996 10.990791 8.510125 2.731139 0.356685 0.284828
    5 0.000000 -14.313034 0.000000 -1.906138 0.000000 0.000000
    6 -0.000004 -13.013485 -0.000004 0.262399 -0.783423 -0.380242
    7 -1.330879 -2.698427 0.462449 -0.194886 -0.547260 3.056712
    8 1.330910 2.698444 -0.462436 0.194890 0.547268 -0.084879
    9 1.113281 4.808594 -1.690430 -1.589811 0.272264 -0.038126
    10 1.340820 7.765625 -2.611328 1.638801 1.297889 -3.109116
    11 0.671387 7.765625 -3.669922 -1.589828 0.275075 -0.038182
    12 0.707031 8.593750 -3.654297 -1.589811 0.272264 -0.038126
    13 14.750000 -52.000000 -3.505859 -1.993925 0.093276 0.197065
    14 6.566406 8.648438 3.232422 -1.090396 0.577049 -0.321829
    15 7.558525 6.997282 -2.354134 -1.937336 -0.275393 3.010581
    16 7.558525 6.997282 -2.354134 1.937336 0.275393 -0.131011
    17 -2.867767 -2.740969 0.531125 2.051196 0.577049 -0.321829
    18 4.324081 2.744001 -0.524877 -1.090396 0.577049 -0.321829
    19 1.340820 7.765625 -2.611328 1.638801 1.297889 -3.109116
    20 0.669922 7.765625 -3.669922 -1.589828 0.275074 -0.038184
    21 6.233833 5.542564 0.898426 -1.090396 0.577049 -0.321829
    22 6.946648 6.587124 1.429667 -1.090396 0.577049 -0.321829
    23 7.537933 7.453606 1.870349 -1.090396 0.577049 -0.321829
    24 8.154472 8.357077 2.329839 -1.090396 0.577049 -0.321829
    25 8.874294 9.411907 2.866308 -1.090396 0.577049 -0.321829
    26 -4.125858 -2.321501 1.394414 2.051196 0.577049 -0.321829
    27 -4.826813 -3.348669 0.872014 2.051196 0.577049 -0.321829
    28 -5.441669 -4.249685 0.413772 2.051196 0.577049 -0.321829
    29 -0.552532 -1.343527 1.604446 -0.050490 -0.183910 -0.530210
    30 0.552589 1.343534 -1.604463 -0.833184 -0.216300 -0.220877
    31 0.000000 -2.021618 -0.000004 -0.203562 0.000000 0.000000
    32 -0.000021 2.021633 0.000027 -0.183400 0.000000 0.000000
    33 -0.000004 -1.136217 -0.000004 -0.600480 0.000000 0.000000
    34 -0.000011 1.136200 -0.000019 -0.580321 0.000000 0.000000
    35 -0.032677 -4.587727 1.352317 -2.558511 0.890419 -2.936117
    36 0.032719 4.587772 -1.352291 2.079251 1.277559 2.173991
    37 0.000000 -1.754536 -0.000002 1.092131 0.000000 0.000000
    38 -0.000006 1.754520 -0.000034 0.714668 0.000000 0.000000
    39 0.000000 -1.227020 -0.000002 -0.252428 0.000000 0.000000
    40 0.000002 1.227070 0.000032 -0.218093 0.000000 0.000000
    41 -0.367996 -4.208406 0.173244 2.977246 0.927096 2.319402
    42 0.368011 4.208412 -0.173239 2.878562 1.339714 2.370778
    43 0.000000 -2.372318 -0.000004 1.154585 0.000000 0.000000
    44 -0.000006 2.372318 -0.000032 2.018180 0.000000 0.000000
    45 0.000004 -1.580070 -0.000001 -0.329414 0.000000 0.000000
    46 -0.000002 1.580170 0.000030 0.390556 0.000000 0.000000
    47 -0.937645 -3.860697 -0.959317 -2.948054 0.798863 2.256892
    48 0.937672 3.860714 0.959333 2.959055 1.121003 2.662502
    49 0.000000 -1.690632 0.000000 1.148315 0.000000 0.000000
    50 -0.000013 1.690666 0.000021 1.835620 0.000000 0.000000
    51 -0.000002 -1.423443 0.000002 1.302406 0.000000 0.000000
    52 0.000008 1.423420 0.000028 0.841481 0.000000 0.000000
    53 -1.546646 -3.404194 -1.915569 -2.791978 0.765578 2.402160
    54 1.546661 3.404217 1.915585 3.009108 0.967925 2.869561
    55 0.000004 -1.437820 0.000000 1.542970 0.000000 0.000000
    56 -0.000021 1.437870 0.000031 1.347581 0.000000 0.000000
    57 -0.000002 -1.059402 0.000000 0.888082 0.000000 0.000000
    58 0.000006 1.059372 0.000008 1.057352 0.000000 0.000000
    59 -0.000004 -13.013485 -0.000004 0.010936 -0.284121 -0.076428
    60 0.161133 -10.804688 0.023087 0.010936 -0.284121 -0.076428
  time 29
    0 -0.024506 -3.468750 -0.000151 -1.559900 -0.000006 -0.000006
    1 -12.903130 2.931936 4.287337 -0.799063 -0.248825 0.883070
    2 0.000000 14.313023 0.000003 -1.719421 0.000000 0.000000
    3 -0.000011 13.013483 -0.000005 -0.611897 1.364685 -1.062754
    4 8.652996 10.990791 8.510125 2.731331 0.356685 0.284828
    5 0.000000 -14.313034 0.000000 -1.906138 0.000000 0.000000
    6 -0.000004 -13.013485 -0.000004 0.262580 -0.784974 -0.381005
    7 -1.330879 -2.698427 0.462449 -0.194886 -0.547260 3.056712
    8 1.330910 2.698444 -0.462436 0.194890 0.547268 -0.084879
    9 1.113281 4.808594 -1.690430 -1.589811 0.272264 -0.038126
    10 1.340820 7.765625 -2.611328 1.638801 1.297889 -3.109116
    11 0.671387 7.765625 -3.669922 -1.589828 0.275075 -0.038182
    12 0.707031 8.593750 -3.654297 -1.589811 0.272264 -0.038126
    13 14.750000 -52.000000 -3.505859 -1.993925 0.093276 0.197065
    14 6.566406 8.648438 3.232422 -1.090396 0.577049 -0.321829
    15 7.558525 6.997282 -2.354134 -1.937336 -0.275393 3.010581
    16 7.558525 6.997282 -2.354134 1.937336 0.275393 -0.131011
    17 -2.867767 -2.740969 0.531125 2.051196 0.577049 -0.321829
    18 4.324081 2.744001 -0.524877 -1.090396 0.577049 -0.321829
    19 1.340820 7.765625 -2.611328 1.638801 1.297889 -3.109116
    20 0.669922 7.765625 -3.669922 -1.589828 0.275074 -0.038184
    21 6.233833 5.542564 0.898426 -1.090396 0.577049 -0.321829
    22 6.946648 6.587124 1.429667 -1.090396 0.577049 -0.321829
    23 7.537933 7.453606 1.870349 -1.090396 0.577049 -0.321829
    24 8.154472 8.357077 2.329839 -1.090396 0.577049 -0.321829
    25 8.874294 9.411907 2.866308 -1.090396 0.577049 -0.321829
    26 -4.125858 -2.321501 1.394414 2.051196 0.577049 -0.321829
    27 -4.826813 -3.348669 0.872014 2.051196 0.577049 -0.321829
    28 -5.441669 -4.249685 0.413772 2.051196 0.577049 -0.321829
    29 -0.552532 -1.343527 1.604446 -0.050490 -0.183910 -0.530210
    30 0.552589 1.343534 -1.604463 -0.833184 -0.216300 -0.220877
    31 0.000000 -2.021618 -0.000004 -0.203562 0.000000 0.000000
    32 -0.000021 2.021633 0.000027 -0.183400 0.000000 0.000000
    33 -0.000004 -1.136217 -0.000004 -0.600480 0.000000 0.000000
    34 -0.000011 1.136200 -0.000019 -0.580321 0.000000 0.000000
    35 -0.032677 -4.587727 1.352317 -2.558511 0.890419 -2.936117
    36 0.032719 4.587772 -1.352291 2.079251 1.277559 2.173991
    37 0.000000 -1.754536 -0.000002 1.092131 0.000000 0.000000
    38 -0.000006 1.754520 -0.000034 0.714668 0.000000 0.000000
    39 0.000000 -1.227020 -0.000002 -0.252428 0.000000 0.000000
    40 0.000002 1.227070 0.000032 -0.218093 0.000000 0.000000
    41 -0.367996 -4.208406 0.173244 2.977246 0.927096 2.319402
    42 0.368011 4.208412 -0.173239 2.878562 1.339714 2.370778
    43 0.000000 -2.372318 -0.000004 1.154585 0.000000 0.000000
    44 -0.000006 2.372318 -0.000032 2.018180 0.000000 0.000000
    45 0.000004 -1.580070 -0.000001 -0.329414 0.000000 0.000000
    46 -0.000002 1.580170 0.000030 0.390556 0.000000 0.000000
    47 -0.937645 -3.860697 -0.959317 -2.948054 0.798863 2.256892
    48 0.937672 3.860714 0.959333 2.959055 1.121003 2.662502
    49 0.000000 -1.690632 0.000000 1.148315 0.000000 0.000000
    50 -0.000013 1.690666 0.000021 1.835620 0.000000 0.000000
    51 -0.000002 -1.423443 0.000002 1.302406 0.000000 0.000000
    52 0.000008 1.423420 0.000028 0.841481 0.000000 0.000000
    53 -1.546646 -3.404194 -1.915569 -2.791978 0.765578 2.402160
    54 1.546661 3.404217 1.915585 3.009108 0.967925 2.869561
    55 0.000004 -1.437820 0.000000 1.542970 0.000000 0.000000
    56 -0.000021 1.437870 0.000031 1.347581 0.000000 0.000000
    57 -0.000002 -1.059402 0.000000 0.888082 0.000000 0.000000
    58 0.000006 1.059372 0.000008 1.057352 0.000000 0.000000
    59 -0.000004 -13.013485 -0.000004 0.010936 -0.284121 -0.076428
    60 0.161133 -10.804688 0.023087 0.010936 -0.284121 -0.076428
  time 30
    0 -0.024506 -3.468750 -0.000151 -1.559900 -0.000006 -0.000006
    1 -12.903130 2.931936 4.287337 -0.799063 -0.248825 0.883070
    2 0.000000 14.313023 0.000003 -1.719421 0.000000 0.000000
    3 -0.000011 13.013483 -0.000005 -0.611897 1.364732 -1.062754
    4 8.652996 10.990791 8.510125 2.731426 0.356685 0.284828
    5 0.000000 -14.313034 0.000000 -1.906018 0.000000 0.000000
    6 -0.000004 -13.013485 -0.000004 0.262670 -0.786570 -0.381767
    7 -1.330879 -2.698427 0.462449 -0.194886 -0.547260 3.056712
    8 1.330910 2.698444 -0.462436 0.194890 0.547268 -0.084879
    9 1.113281 4.808594 -1.690430 -1.589811 0.272264 -0.038126
    10 1.340820 7.765625 -2.611328 1.638801 1.297889 -3.109116
    11 0.671387 7.765625 -3.669922 -1.589828 0.275075 -0.038182
    12 0.707031 8.593750 -3.654297 -1.589811 0.272264 -0.038126
    13 14.750000 -52.000000 -3.505859 -1.993925 0.093276 0.197065
    14 6.566406 8.648438 3.232422 -1.090396 0.577049 -0.321829
    15 7.558525 6.997282 -2.354134 -1.937336 -0.275393 3.010581
    16 7.558525 6.997282 -2.354134 1.937336 0.275393 -0.131011
    17 -2.867767 -2.740969 0.531125 2.051196 0.577049 -0.321829
    18 4.324081 2.744001 -0.524877 -1.090396 0.577049 -0.321829
    19 1.340820 7.765625 -2.611328 1.638801 1.297889 -3.109116
    20 0.669922 7.765625 -3.669922 -1.589828 0.275074 -0.038184
    21 6.233833 5.542564 0.898426 -1.090396 0.577049 -0.321829
    22 6.946648 6.587124 1.429667 -1.090396 0.577049 -0.321829
    23 7.537933 7.453606 1.870349 -1.090396 0.577049 -0.321829
    24 8.154472 8.357077 2.329839 -1.090396 0.577049 -0.321829
    25 8.874294 9.411907 2.866308 -1.090396 0.577049 -0.321829
    26 -4.125858 -2.321501 1.394414 2.051196 0.577049 -0.321829
    27 -4.826813 -3.348669 0.872014 2.051196 0.577049 -0.321829
    28 -5.441669 -4.249685 0.413772 2.051196 0.577049 -0.321829
    29 -0.552532 -1.343527 1.604446 -0.050490 -0.183910 -0.530210
    30 0.552589 1.343534 -1.604463 -0.833184 -0.216300 -0.220877
    31 0.000000 -2.021618 -0.000004 -0.203562 0.000000 0.000000
    32 -0.000021 2.021633 0.000027 -0.183400 0.000000 0.000000
    33 -0.000004 -1.136217 -0.000004 -0.600480 0.000000 0.000000
    34 -0.000011 1.136200 -0.000019 -0.580321 0.000000 0.000000
    35 -0.032677 -4.587727 1.352317 -2.558511 0.890419 -2.936117
    36 0.032719 4.587772 -1.352291 2.079251 1.277559 2.173991
    37 0.000000 -1.754536 -0.000002 1.092131 0.000000 0.000000
    38 -0.000006 1.754520 -0.000034 0.714668 0.000000 0.000000
    39 0.000000 -1.227020 -0.000002 -0.252428 0.000000 0.000000
    40 0.000002 1.227070 0.000032 -0.218093 0.000000 0.000000
    41 -0.367996 -4.208406 0.173244 2.977246 0.927096 2.319402
    42 0.368011 4.208412 -0.173239 2.878562 1.339714 2.370778
    43 0.000000 -2.372318 -0.000004 1.154585 0.000000 0.000000
    44 -0.000006 2.372318 -0.000032 2.018180 0.000000 0.000000
    45 0.000004 -1.580070 -0.000001 -0.329414 0.000000 0.000000
    46 -0.000002 1.580170 0.000030 0.390556 0.000000 0.000000
    47 -0.937645 -3.860697 -0.959317 -2.948054 0.798863 2.256892
    48 0.937672 3.860714 0.959333 2.959055 1.121003 2.662502
    49 0.000000 -1.690632 0.000000 1.148315 0.000000 0.000000
    50 -0.000013 1.690666 0.000021 1.835620 0.000000 0.000000
    51 -0.000002 -1.423443 0.000002 1.302406 0.000000 0.000000
    52 0.000008 1.423420 0.000028 0.841481 0.000000 0.000000
    53 -1.546646 -3.404194 -1.915569 -2.791978 0.765578 2.402160
    54 1.546661 3.404217 1.915585 3.009108 0.967925 2.869561
    55 0.000004 -1.437820 0.000000 1.542970 0.000000 0.000000
    56 -0.000021 1.437870 0.000031 1.347581 0.000000 0.000000
    57 -0.000002 -1.059402 0.000000 0.888082 0.000000 0.000000
    58 0.000006 1.059372 0.000008 1.057352 0.000000 0.000000
    59 -0.000004 -13.013485 -0.000004 0.010936 -0.284121 -0.076428
    60 0.161133 -10.804688 0.023087 0.010936 -0.284121 -0.076428
  time 31
    0 -0.024506 -3.468750 -0.000151 -1.559900 -0.000006 -0.000006
    1 -12.903130 2.931936 4.287337 -0.799063 -0.248825 0.883070
    2 0.000000 14.313023 0.000003 -1.719421 0.000000 0.000000
    3 -0.000011 13.013483 -0.000005 -0.611897 1.364685 -1.062754
    4 8.652996 10.990791 8.510125 2.731522 0.356647 0.284828
    5 0.000000 -14.313034 0.000000 -1.905958 0.000000 0.000000
    6 -0.000004 -13.013485 -0.000004 0.262760 -0.788212 -0.382435
    7 -1.330879 -2.698427 0.462449 -0.194886 -0.547260 3.056712
    8 1.330910 2.698444 -0.462436 0.194890 0.547268 -0.084879
    9 1.113281 4.808594 -1.690430 -1.589811 0.272264 -0.038126
    10 1.340820 7.765625 -2.611328 1.638801 1.297889 -3.109116
    11 0.671387 7.765625 -3.669922 -1.589828 0.275075 -0.038182
    12 0.707031 8.593750 -3.654297 -1.589811 0.272264 -0.038126
    13 14.750000 -52.000000 -3.505859 -1.993925 0.093276 0.197065
    14 6.566406 8.648438 3.232422 -1.090396 0.577049 -0.321829
    15 7.558525 6.997282 -2.354134 -1.937336 -0.275393 3.010581
    16 7.558525 6.997282 -2.354134 1.937336 0.275393 -0.131011
    17 -2.867767 -2.740969 0.531125 2.051196 0.577049 -0.321829
    18 4.324081 2.744001 -0.524877 -1.090396 0.577049 -0.321829
    19 1.340820 7.765625 -2.611328 1.638801 1.297889 -3.109116
    20 0.669922 7.765625 -3.669922 -1.589828 0.275074 -0.038184
    21 6.233833 5.542564 0.898426 -1.090396 0.577049 -0.321829
    22 6.946648 6.587124 1.429667 -1.090396 0.577049 -0.321829
    23 7.537933 7.453606 1.870349 -1.090396 0.577049 -0.321829
    24 8.154472 8.357077 2.329839 -1.090396 0.577049 -0.321829
    25 8.874294 9.411907 2.866308 -1.090396 0.577049 -0.321829
    26 -4.125858 -2.321501 1.394414 2.051196 0.577049 -0.321829
    27 -4.826813 -3.348669 0.872014 2.051196 0.577049 -0.321829
    28 -5.441669 -4.249685 0.413772 2.051196 0.577049 -0.321829
    29 -0.552532 -1.343527 1.604446 -0.050490 -0.183910 -0.530210
    30 0.552589 1.343534 -1.604463 -0.833184 -0.216300 -0.220877
    31 0.000000 -2.021618 -0.000004 -0.203562 0.000000 0.000000
    32 -0.000021 2.021633 0.000027 -0.183400 0.000000 0.000000
    33 -0.000004 -1.136217 -0.000004 -0.600480 0.000000 0.000000
    34 -0.000011 1.136200 -0.000019 -0.580321 0.000000 0.000000
    35 -0.032677 -4.587727 1.352317 -2.558511 0.890419 -2.936117
    36 0.032719 4.587772 -1.352291 2.079251 1.277559 2.173991
    37 0.000000 -1.754536 -0.000002 1.092131 0.000000 0.000000
    38 -0.000006 1.754520 -0.000034 0.714668 0.000000 0.000000
    39 0.000000 -1.227020 -0.000002 -0.252428 0.000000 0.000000
    40 0.000002 1.227070 0.000032 -0.218093 0.000000 0.000000
    41 -0.367996 -4.208406 0.173244 2.977246 0.927096 2.319402
    42 0.368011 4.208412 -0.173239 2.878562 1.339714 2.370778
    43 0.000000 -2.372318 -0.000004 1.154585 0.000000 0.000000
    44 -0.000006 2.372318 -0.000032 2.018180 0.000000 0.000000
    45 0.000004 -1.580070 -0.000001 -0.329414 0.000000 0.000000
    46 -0.000002 1.580170 0.000030 0.390556 0.000000 0.000000
    47 -0.937645 -3.860697 -0.959317 -2.948054 0.798863 2.256892
    48 0.937672 3.860714 0.959333 2.959055 1.121003 2.662502
    49 0.000000 -1.690632 0.000000 1.148315 0.000000 0.000000
    50 -0.000013 1.690666 0.000021 1.835620 0.000000 0.000000
    51 -0.000002 -1.423443 0.000002 1.302406 0.000000 0.000000
    52 0.000008 1.423420 0.000028 0.841481 0.000000 0.000000
    53 -1.546646 -3.404194 -1.915569 -2.791978 0.765578 2.402160
    54 1.546661 3.404217 1.915585 3.009108 0.967925 2.869561
    55 0.000004 -1.437820 0.000000 1.542970 0.000000 0.000000
    56 -0.000021 1.437870 0.000031 1.347581 0.000000 0.000000
    57 -0.000002 -1.059402 0.000000 0.888082 0.000000 0.000000
    58 0.000006 1.059372 0.000008 1.057352 0.000000 0.000000
    59 -0.000004 -13.013485 -0.000004 0.010936 -0.284121 -0.076428
    60 0.161133 -10.804688 0.023087 0.010936 -0.284121 -0.076428
  time 32
    0 -0.024506 -3.468750 -0.000151 -1.559900 -0.000006 -0.000006
    1 -12.903130 2.931936 4.287337 -0.799063 -0.248825 0.883070
    2 0.000000 14.313023 0.000003 -1.719421 0.000000 0.000000
    3 -0.000011 13.013483 -0.000005 -0.612088 1.364590 -1.062754
    4 8.652996 10.990791 8.510125 2.731522 0.356647 0.284636
    5 0.000000 -14.313034 0.000000 -1.905899 0.000000 0.000000
    6 -0.000004 -13.013485 -0.000004 0.262760 -0.789854 -0.383293
    7 -1.330879 -2.698427 0.462449 -0.194886 -0.547260 3.056712
    8 1.330910 2.698444 -0.462436 0.194890 0.547268 -0.084879
    9 1.113281 4.808594 -1.690430 -1.589811 0.272264 -0.038126
    10 1.340820 7.765625 -2.611328 1.638801 1.297889 -3.109116
    11 0.671387 7.765625 -3.669922 -1.589828 0.275075 -0.038182
    12 0.707031 8.593750 -3.654297 -1.589811 0.272264 -0.038126
    13 14.750000 -52.000000 -3.505859 -1.993925 0.093276 0.197065
    14 6.566406 8.648438 3.232422 -1.090396 0.577049 -0.321829
    15 7.558525 6.997282 -2.354134 -1.937336 -0.275393 3.010581
    16 7.558525 6.997282 -2.354134 1.937336 0.275393 -0.131011
    17 -2.867767 -2.740969 0.531125 2.051196 0.577049 -0.321829
    18 4.324081 2.744001 -0.524877 -1.090396 0.577049 -0.321829
    19 1.340820 7.765625 -2.611328 1.638801 1.297889 -3.109116
    20 0.669922 7.765625 -3.669922 -1.589828 0.275074 -0.038184
    21 6.233833 5.542564 0.898426 -1.090396 0.577049 -0.321829
    22 6.946648 6.587124 1.429667 -1.090396 0.577049 -0.321829
    23 7.537933 7.453606 1.870349 -1.090396 0.577049 -0.321829
    24 8.154472 8.357077 2.329839 -1.090396 0.577049 -0.321829
    25 8.874294 9.411907 2.866308 -1.090396 0.577049 -0.321829
    26 -4.125858 -2.321501 1.394414 2.051196 0.577049 -0.321829
    27 -4.826813 -3.348669 0.872014 2.051196 0.577049 -0.321829
    28 -5.441669 -4.249685 0.413772 2.051196 0.577049 -0.321829
    29 -0.552532 -1.343527 1.604446 -0.050490 -0.183910 -0.530210
    30 0.552589 1.343534 -1.604463 -0.833158 -0.216300 -0.220877
    31 0.000000 -2.021618 -0.000004 -0.203562 0.000000 0.000000
    32 -0.000021 2.021633 0.000027 -0.183400 0.000000 0.000000
    33 -0.000004 -1.136217 -0.000004 -0.600480 0.000000 0.000000
    34 -0.000011 1.136200 -0.000019 -0.580321 0.000000 0.000000
    35 -0.032677 -4.587727 1.352317 -2.558511 0.890419 -2.936117
    36 0.032719 4.587772 -1.352291 2.079251 1.277559 2.173991
    37 0.000000 -1.754536 -0.000002 1.092131 0.000000 0.000000
    38 -0.000006 1.754520 -0.000034 0.714668 0.000000 0.000000
    39 0.000000 -1.227020 -0.000002 -0.252428 0.000000 0.000000
    40 0.000002 1.227070 0.000032 -0.218093 0.000000 0.000000
    41 -0.367996 -4.208406 0.173244 2.977246 0.927096 2.319402
    42 0.368011 4.208412 -0.173239 2.878562 1.339714 2.370778
    43 0.000000 -2.372318 -0.000004 1.154585 0.000000 0.000000
    44 -0.000006 2.372318 -0.000032 2.018180 0.000000 0.000000
    45 0.000004 -1.580070 -0.000001 -0.329414 0.000000 0.000000
    46 -0.000002 1.580170 0.000030 0.390556 0.000000 0.000000
    47 -0.937645 -3.860697 -0.959317 -2.948054 0.798863 2.256892
    48 0.937672 3.860714 0.959333 2.959055 1.121003 2.662502
    49 0.000000 -1.690632 0.000000 1.148315 0.000000 0.000000
    50 -0.000013 1.690666 0.000021 1.835620 0.000000 0.000000
    51 -0.000002 -1.423443 0.000002 1.302406 0.000000 0.000000
    52 0.000008 1.423420 0.000028 0.841481 0.000000 0.000000
    53 -1.546646 -3.404194 -1.915569 -2.791978 0.765578 2.402160
    54 1.546661 3.404217 1.915585 3.009108 0.967925 2.869561
    55 0.000004 -1.437820 0.000000 1.542970 0.000000 0.000000
    56 -0.000021 1.437870 0.000031 1.347581 0.000000 0.000000
    57 -0.000002 -1.059402 0.000000 0.888082 0.000000 0.000000
    58 0.000006 1.059372 0.000008 1.057352 0.000000 0.000000
    59 -0.000004 -13.013485 -0.000004 0.010936 -0.284121 -0.076428
    60 0.161133 -10.804688 0.023087 0.010936 -0.284121 -0.076428
  time 33
    0 -0.024506 -3.468750 -0.000151 -1.559900 -0.000006 -0.000006
    1 -12.903130 2.931936 4.287337 -0.799063 -0.248825 0.883070
    2 0.000000 14.313023 0.000003 -1.719421 0.000000 0.000000
    3 -0.000011 13.013483 -0.000005 -0.612375 1.364449 -1.063137
    4 8.652996 10.990791 8.510125 2.731618 0.356647 0.284636
    5 0.000000 -14.313034 0.000000 -1.905839 0.000000 0.000000
    6 -0.000004 -13.013485 -0.000004 0.262850 -0.791542 -0.384056
    7 -1.330879 -2.698427 0.462449 -0.194886 -0.547260 3.056712
    8 1.330910 2.698444 -0.462436 0.194890 0.547268 -0.084879
    9 1.113281 4.808594 -1.690430 -1.589811 0.272264 -0.038126
    10 1.340820 7.765625 -2.611328 1.638801 1.297889 -3.109116
    11 0.671387 7.765625 -3.669922 -1.589828 0.275075 -0.038182
    12 0.707031 8.593750 -3.654297 -1.589811 0.272264 -0.038126
    13 14.750000 -52.000000 -3.505859 -1.993925 0.093276 0.197065
    14 6.566406 8.648438 3.232422 -1.090396 0.577049 -0.321829
    15 7.558525 6.997282 -2.354134 -1.937336 -0.275393 3.010581
    16 7.558525 6.997282 -2.354134 1.937336 0.275393 -0.131011
    17 -2.867767 -2.740969 0.531125 2.051196 0.577049 -0.321829
    18 4.324081 2.744001 -0.524877 -1.090396 0.577049 -0.321829
    19 1.340820 7.765625 -2.611328 1.638801 1.297889 -3.109116
    20 0.669922 7.765625 -3.669922 -1.589828 0.275074 -0.038184
    21 6.233833 5.542564 0.898426 -1.090396 0.577049 -0.321829
    22 6.946648 6.587124 1.429667 -1.090396 0.577049 -0.321829
    23 7.537933 7.453606 1.870349 -1.090396 0.577049 -0.321829
    24 8.154472 8.357077 2.329839 -1.090396 0.577049 -0.321829
    25 8.874294 9.411907 2.866308 -1.090396 0.577049 -0.321829
    26 -4.125858 -2.321501 1.394414 2.051196 0.577049 -0.321829
    27 -4.826813 -3.348669 0.872014 2.051196 0.577049 -0.321829
    28 -5.441669 -4.249685 0.413772 2.051196 0.577049 -0.321829
    29 -0.552532 -1.343527 1.604446 -0.050490 -0.183910 -0.530210
    30 0.552589 1.343534 -1.604463 -0.833158 -0.216300 -0.220877
    31 0.000000 -2.021618 -0.000004 -0.203562 0.000000 0.000000
    32 -0.000021 2.021633 0.000027 -0.183400 0.000000 0.000000
    33 -0.000004 -1.136217 -0.000004 -0.600480 0.000000 0.000000
    34 -0.000011 1.136200 -0.000019 -0.580321 0.000000 0.000000
    35 -0.032677 -4.587727 1.352317 -2.558511 0.890419 -2.936117
    36 0.032719 4.587772 -1.352291 2.079251 1.277559 2.173991
    37 0.000000 -1.754536 -0.000002 1.092131 0.000000 0.000000
    38 -0.000006 1.754520 -0.000034 0.714668 0.000000 0.000000
    39 0.000000 -1.227020 -0.000002 -0.252428 0.000000 0.000000
    40 0.000002 1.227070 0.000032 -0.218093 0.000000 0.000000
    41 -0.367996 -4.208406 0.173244 2.977246 0.927096 2.319402
    42 0.368011 4.208412 -0.173239 2.878562 1.339714 2.370778
    43 0.000000 -2.372318 -0.000004 1.154585 0.000000 0.000000
    44 -0.000006 2.372318 -0.000032 2.018180 0.000000 0.000000
    45 0.000004 -1.580070 -0.000001 -0.329414 0.000000 0.000000
    46 -0.000002 1.580170 0.000030 0.390556 0.000000 0.000000
    47 -0.937645 -3.860697 -0.959317 -2.948054 0.798863 2.256892
    48 0.937672 3.860714 0.959333 2.959055 1.121003 2.662502
    49 0.000000 -1.690632 0.000000 1.148315 0.000000 0.000000
    50 -0.000013 1.690666 0.000021 1.835620 0.000000 0.000000
    51 -0.000002 -1.423443 0.000002 1.302406 0.000000 0.000000
    52 0.000008 1.423420 0.000028 0.841481 0.000000 0.000000
    53 -1.546646 -3.404194 -1.915569 -2.791978 0.765578 2.402160
    54 1.546661 3.404217 1.915585 3.009108 0.967925 2.869561
    55 0.000004 -1.437820 0.000000 1.542970 0.000000 0.000000
    56 -0.000021 1.437870 0.000031 1.347581 0.000000 0.000000
    57 -0.000002 -1.059402 0.000000 0.888082 0.000000 0.000000
    58 0.000006 1.059372 0.000008 1.057352 0.000000 0.000000
    59 -0.000004 -13.013485 -0.000004 0.010936 -0.284121 -0.076428
    60 0.161133 -10.804688 0.023087 0.010936 -0.284121 -0.076428
  time 34
    0 -0.024506 -3.468750 -0.000151 -1.559900 -0.000006 -0.000006
    1 -12.903130 2.931936 4.287337 -0.799063 -0.248825 0.883070
    2 0.000000 14.313023 0.000003 -1.719421 0.000000 0.000000
    3 -0.000011 13.013483 -0.000005 -0.612757 1.364213 -1.063425
    4 8.652996 10.990791 8.510125 2.731810 0.356647 0.284636
    5 0.000000 -14.313034 0.000000 -1.905839 0.000000 0.000000
    6 -0.000004 -13.013485 -0.000004 0.262940 -0.793184 -0.384914
    7 -1.330879 -2.698427 0.462449 -0.194886 -0.547260 3.056712
    8 1.330910 2.698444 -0.462436 0.194890 0.547268 -0.084879
    9 1.113281 4.808594 -1.690430 -1.589811 0.272264 -0.038126
    10 1.340820 7.765625 -2.611328 1.638801 1.297889 -3.109116
    11 0.671387 7.765625 -3.669922 -1.589828 0.275075 -0.038182
    12 0.707031 8.593750 -3.654297 -1.589811 0.272264 -0.038126
    13 14.750000 -52.000000 -3.505859 -1.993925 0.093276 0.197065
    14 6.566406 8.648438 3.232422 -1.090396 0.577049 -0.321829
    15 7.558525 6.997282 -2.354134 -1.937336 -0.275393 3.010581
    16 7.558525 6.997282 -2.354134 1.937336 0.275393 -0.131011
    17 -2.867767 -2.740969 0.531125 2.051196 0.577049 -0.321829
    18 4.324081 2.744001 -0.524877 -1.090396 0.577049 -0.321829
    19 1.340820 7.765625 -2.611328 1.638801 1.297889 -3.109116
    20 0.669922 7.765625 -3.669922 -1.589828 0.275074 -0.038184
    21 6.233833 5.542564 0.898426 -1.090396 0.577049 -0.321829
    22 6.946648 6.587124 1.429667 -1.090396 0.577049 -0.321829
    23 7.537933 7.453606 1.870349 -1.090396 0.577049 -0.321829
    24 8.154472 8.357077 2.329839 -1.090396 0.577049 -0.321829
    25 8.874294 9.411907 2.866308 -1.090396 0.577049 -0.321829
    26 -4.125858 -2.321501 1.394414 2.051196 0.577049 -0.321829
    27 -4.826813 -3.348669 0.872014 2.051196 0.577049 -0.321829
    28 -5.441669 -4.249685 0.413772 2.051196 0.577049 -0.321829
    29 -0.552532 -1.343527 1.604446 -0.050490 -0.183910 -0.530210
    30 0.552589 1.343534 -1.604463 -0.833158 -0.216300 -0.220877
    31 0.000000 -2.021618 -0.000004 -0.203562 0.000000 0.000000
    32 -0.000021 2.021633 0.000027 -0.183400 0.000000 0.000000
    33 -0.000004 -1.136217 -0.000004 -0.600480 0.000000 0.000000
    34 -0.000011 1.136200 -0.000019 -0.580321 0.000000 0.000000
    35 -0.032677 -4.587727 1.352317 -2.558511 0.890419 -2.936117
    36 0.032719 4.587772 -1.352291 2.079251 1.277559 2.173991
    37 0.000000 -1.754536 -0.000002 1.092131 0.000000 0.000000
    38 -0.000006 1.754520 -0.000034 0.714668 0.000000 0.000000
    39 0.000000 -1.227020 -0.000002 -0.252428 0.000000 0.000000
    40 0.000002 1.227070 0.000032 -0.218093 0.000000 0.000000
    41 -0.367996 -4.208406 0.173244 2.977246 0.927096 2.319402
    42 0.368011 4.208412 -0.173239 2.878562 1.339714 2.370778
    43 0.000000 -2.372318 -0.000004 1.154585 0.000000 0.000000
    44 -0.000006 2.372318 -0.000032 2.018180 0.000000 0.000000
    45 0.000004 -1.580070 -0.000001 -0.329414 0.000000 0.000000
    46 -0.000002 1.580170 0.000030 0.390556 0.000000 0.000000
    47 -0.937645 -3.860697 -0.959317 -2.948054 0.798863 2.256892
    48 0.937672 3.860714 0.959333 2.959055 1.121003 2.662502
    49 0.000000 -1.690632 0.000000 1.148315 0.000000 0.000000
    50 -0.000013 1.690666 0.000021 1.835620 0.000000 0.000000
    51 -0.000002 -1.423443 0.000002 1.302406 0.000000 0.000000
    52 0.000008 1.423420 0.000028 0.841481 0.000000 0.000000
    53 -1.546646 -3.404194 -1.915569 -2.791978 0.765578 2.402160
    54 1.546661 3.404217 1.915585 3.009108 0.967925 2.869561
    55 0.000004 -1.437820 0.000000 1.542970 0.000000 0.000000
    56 -0.000021 1.437870 0.000031 1.347581 0.000000 0.000000
    57 -0.000002 -1.059402 0.000000 0.888082 0.000000 0.000000
    58 0.000006 1.059372 0.000008 1.057352 0.000000 0.000000
    59 -0.000004 -13.013485 -0.000004 0.010936 -0.284121 -0.076428
    60 0.161133 -10.804688 0.023087 0.010936 -0.284121 -0.076428
  time 35
    0 -0.024506 -3.468750 -0.000151 -1.559900 -0.000006 -0.000006
    1 -12.903130 2.931936 4.287337 -0.799063 -0.248825 0.883070
    2 0.000000 14.313023 0.000003 -1.719421 0.000000 0.000000
    3 -0.000011 13.013483 -0.000005 -0.613235 1.363930 -1.063712
    4 8.652996 10.990791 8.510125 2.731905 0.356610 0.284732
    5 0.000000 -14.313034 0.000000 -1.905839 0.000000 0.000000
    6 -0.000004 -13.013485 -0.000004 0.263030 -0.794963 -0.385677
    7 -1.330879 -2.698427 0.462449 -0.194886 -0.547260 3.056712
    8 1.330910 2.698444 -0.462436 0.194890 0.547268 -0.084879
    9 1.113281 4.808594 -1.690430 -1.589811 0.272264 -0.038126
    10 1.340820 7.765625 -2.611328 1.638801 1.297889 -3.109116
    11 0.671387 7.765625 -3.669922 -1.589828 0.275075 -0.038182
    12 0.707031 8.593750 -3.654297 -1.589811 0.272264 -0.038126
    13 14.750000 -52.000000 -3.505859 -1.993925 0.093276 0.197065
    14 6.566406 8.648438 3.232422 -1.090396 0.577049 -0.321829
    15 7.558525 6.997282 -2.354134 -1.937336 -0.275393 3.010581
    16 7.558525 6.997282 -2.354134 1.937336 0.275393 -0.131011
    17 -2.867767 -2.740969 0.531125 2.051196 0.577049 -0.321829
    18 4.324081 2.744001 -0.524877 -1.090396 0.577049 -0.321829
    19 1.340820 7.765625 -2.611328 1.638801 1.297889 -3.109116
    20 0.669922 7.765625 -3.669922 -1.589828 0.275074 -0.038184
    21 6.233833 5.542564 0.898426 -1.090396 0.577049 -0.321829
    22 6.946648 6.587124 1.429667 -1.090396 0.577049 -0.321829
    23 7.537933 7.453606 1.870349 -1.090396 0.577049 -0.321829
    24 8.154472 8.357077 2.329839 -1.090396 0.577049 -0.321829
    25 8.874294 9.411907 2.866308 -1.090396 0.577049 -0.321829
    26 -4.125858 -2.321501 1.394414 2.051196 0.577049 -0.321829
    27 -4.826813 -3.348669 0.872014 2.051196 0.577049 -0.321829
    28 -5.441669 -4.249685 0.413772 2.051196 0.577049 -0.321829
    29 -0.552532 -1.343527 1.604446 -0.050490 -0.183910 -0.530210
    30 0.552589 1.343534 -1.604463 -0.833184 -0.216300 -0.220877
    31 0.000000 -2.021618 -0.000004 -0.203562 0.000000 0.000000
    32 -0.000021 2.021633 0.000027 -0.183400 0.000000 0.000000
    33 -0.000004 -1.136217 -0.000004 -0.600480 0.000000 0.000000
    34 -0.000011 1.136200 -0.000019 -0.580321 0.000000 0.000000
    35 -0.032677 -4.587727 1.352317 -2.558511 0.890419 -2.936117
    36 0.032719 4.587772 -1.352291 2.079251 1.277559 2.173991
    37 0.000000 -1.754536 -0.000002 1.092131 0.000000 0.000000
    38 -0.000006 1.754520 -0.000034 0.714668 0.000000 0.000000
    39 0.000000 -1.227020 -0.000002 -0.252428 0.000000 0.000000
    40 0.000002 1.227070 0.000032 -0.218093 0.000000 0.000000
    41 -0.367996 -4.208406 0.173244 2.977246 0.927096 2.319402
    42 0.368011 4.208412 -0.173239 2.878562 1.339714 2.370778
    43 0.000000 -2.372318 -0.000004 1.154585 0.000000 0.000000
    44 -0.000006 2.372318 -0.000032 2.018180 0.000000 0.000000
    45 0.000004 -1.580070 -0.000001 -0.329414 0.000000 0.000000
    46 -0.000002 1.580170 0.000030 0.390556 0.000000 0.000000
    47 -0.937645 -3.860697 -0.959317 -2.948054 0.798863 2.256892
    48 0.937672 3.860714 0.959333 2.959055 1.121003 2.662502
    49 0.000000 -1.690632 0.000000 1.148315 0.000000 0.000000
    50 -0.000013 1.690666 0.000021 1.835620 0.000000 0.000000
    51 -0.000002 -1.423443 0.000002 1.302406 0.000000 0.000000
    52 0.000008 1.423420 0.000028 0.841481 0.000000 0.000000
    53 -1.546646 -3.404194 -1.915569 -2.791978 0.765578 2.402160
    54 1.546661 3.404217 1.915585 3.009108 0.967925 2.869561
    55 0.000004 -1.437820 0.000000 1.542970 0.000000 0.000000
    56 -0.000021 1.437870 0.000031 1.347581 0.000000 0.000000
    57 -0.000002 -1.059402 0.000000 0.888082 0.000000 0.000000
    58 0.000006 1.059372 0.000008 1.057352 0.000000 0.000000
    59 -0.000004 -13.013485 -0.000004 0.010936 -0.284121 -0.076428
    60 0.161133 -10.804688 0.023087 0.010936 -0.284121 -0.076428
  time 36
    0 -0.024506 -3.468750 -0.000151 -1.559900 -0.000006 -0.000006
    1 -12.903130 2.931936 4.287337 -0.799063 -0.248777 0.883070
    2 0.000000 14.313023 0.000003 -1.719421 0.000000 0.000000
    3 -0.000011 13.013483 -0.000005 -0.613713 1.363600 -1.064096
    4 8.652996 10.990791 8.510125 2.731905 0.356610 0.284732
    5 0.000000 -14.313034 0.000000 -1.905779 0.000000 0.000000
    6 -0.000004 -13.013485 -0.000004 0.263210 -0.796696 -0.386535
    7 -1.330879 -2.698427 0.462449 -0.194886 -0.547260 3.056712
    8 1.330910 2.698444 -0.462436 0.194890 0.547268 -0.084879
    9 1.113281 4.808594 -1.690430 -1.589811 0.272264 -0.038126
    10 1.340820 7.765625 -2.611328 1.638801 1.297889 -3.109116
    11 0.671387 7.765625 -3.669922 -1.589828 0.275075 -0.038182
    12 0.707031 8.593750 -3.654297 -1.589811 0.272264 -0.038126
    13 14.750000 -52.000000 -3.505859 -1.993925 0.093276 0.197065
    14 6.566406 8.648438 3.232422 -1.090396 0.577049 -0.321829
    15 7.558525 6.997282 -2.354134 -1.937336 -0.275393 3.010581
    16 7.558525 6.997282 -2.354134 1.937336 0.275393 -0.131011
    17 -2.867767 -2.740969 0.531125 2.051196 0.577049 -0.321829
    18 4.324081 2.744001 -0.524877 -1.090396 0.577049 -0.321829
    19 1.340820 7.765625 -2.611328 1.638801 1.297889 -3.109116
    20 0.669922 7.765625 -3.669922 -1.589828 0.275074 -0.038184
    21 6.233833 5.542564 0.898426 -1.090396 0.577049 -0.321829
    22 6.946648 6.587124 1.429667 -1.090396 0.577049 -0.321829
    23 7.537933 7.453606 1.870349 -1.090396 0.577049 -0.321829
    24 8.154472 8.357077 2.329839 -1.090396 0.577049 -0.321829
    25 8.874294 9.411907 2.866308 -1.090396 0.577049 -0.321829
    26 -4.125858 -2.321501 1.394414 2.051196 0.577049 -0.321829
    27 -4.826813 -3.348669 0.872014 2.051196 0.577049 -0.321829
    28 -5.441669 -4.249685 0.413772 2.051196 0.577049 -0.321829
    29 -0.552532 -1.343527 1.604446 -0.050490 -0.183910 -0.530210
    30 0.552589 1.343534 -1.604463 -0.833184 -0.216300 -0.220877
    31 0.000000 -2.021618 -0.000004 -0.203562 0.000000 0.000000
    32 -0.000021 2.021633 0.000027 -0.183400 0.000000 0.000000
    33 -0.000004 -1.136217 -0.000004 -0.600480 0.000000 0.000000
    34 -0.000011 1.136200 -0.000019 -0.580321 0.000000 0.000000
    35 -0.032677 -4.587727 1.352317 -2.558511 0.890419 -2.936117
    36 0.032719 4.587772 -1.352291 2.079251 1.277559 2.173991
    37 0.000000 -1.754536 -0.000002 1.092131 0.000000 0.000000
    38 -0.000006 1.754520 -0.000034 0.714668 0.000000 0.000000
    39 0.000000 -1.227020 -0.000002 -0.252428 0.000000 0.000000
    40 0.000002 1.227070 0.000032 -0.218093 0.000000 0.000000
    41 -0.367996 -4.208406 0.173244 2.977246 0.927096 2.319402
    42 0.368011 4.208412 -0.173239 2.878562 1.339714 2.370778
    43 0.000000 -2.372318 -0.000004 1.154585 0.000000 0.000000
    44 -0.000006 2.372318 -0.000032 2.018180 0.000000 0.000000
    45 0.000004 -1.580070 -0.000001 -0.329414 0.000000 0.000000
    46 -0.000002 1.580170 0.000030 0.390556 0.000000 0.000000
    47 -0.937645 -3.860697 -0.959317 -2.948054 0.798863 2.256892
    48 0.937672 3.860714 0.959333 2.959055 1.121003 2.662502
    49 0.000000 -1.690632 0.000000 1.148315 0.000000 0.000000
    50 -0.000013 1.690666 0.000021 1.835620 0.000000 0.000000
    51 -0.000002 -1.423443 0.000002 1.302406 0.000000 0.000000
    52 0.000008 1.423420 0.000028 0.841481 0.000000 0.000000
    53 -1.546646 -3.404194 -1.915569 -2.791978 0.765578 2.402160
    54 1.546661 3.404217 1.915585 3.009108 0.967925 2.869561
    55 0.000004 -1.437820 0.000000 1.542970 0.000000 0.000000
    56 -0.000021 1.437870 0.000031 1.347581 0.000000 0.000000
    57 -0.000002 -1.059402 0.000000 0.888082 0.000000 0.000000
    58 0.000006 1.059372 0.000008 1.057352 0.000000 0.000000
    59 -0.000004 -13.013485 -0.000004 0.010936 -0.284121 -0.076428
    60 0.161133 -10.804688 0.023087 0.010936 -0.284121 -0.076428
  time 37
    0 -0.024506 -3.468750 -0.000151 -1.559900 -0.000006 -0.000006
    1 -12.903130 2.931936 4.287337 -0.799063 -0.248777 0.883070
    2 0.000000 14.313023 0.000003 -1.719421 0.000000 0.000000
    3 -0.000011 13.013483 -0.000005 -0.614381 1.363270 -1.064767
    4 8.652996 10.990791 8.510125 2.732193 0.356610 0.284732
    5 0.000000 -14.313034 0.000000 -1.905719 0.000000 0.000000
    6 -0.000004 -13.013485 -0.000004 0.263210 -0.798475 -0.387393
    7 -1.330879 -2.698427 0.462449 -0.194886 -0.547260 3.056712
    8 1.330910 2.698444 -0.462436 0.194890 0.547268 -0.084879
    9 1.113281 4.808594 -1.690430 -1.589811 0.272264 -0.038126
    10 1.340820 7.765625 -2.611328 1.638801 1.297889 -3.109116
    11 0.671387 7.765625 -3.669922 -1.589828 0.275075 -0.038182
    12 0.707031 8.593750 -3.654297 -1.589811 0.272264 -0.038126
    13 14.750000 -52.000000 -3.505859 -1.993925 0.093276 0.197065
    14 6.566406 8.648438 3.232422 -1.090396 0.577049 -0.321829
    15 7.558525 6.997282 -2.354134 -1.937336 -0.275393 3.010581
    16 7.558525 6.997282 -2.354134 1.937336 0.275393 -0.131011
    17 -2.867767 -2.740969 0.531125 2.051196 0.577049 -0.321829
    18 4.324081 2.744001 -0.524877 -1.090396 0.577049 -0.321829
    19 1.340820 7.765625 -2.611328 1.638801 1.297889 -3.109116
    20 0.669922 7.765625 -3.669922 -1.589828 0.275074 -0.038184
    21 6.233833 5.542564 0.898426 -1.090396 0.577049 -0.321829
    22 6.946648 6.587124 1.429667 -1.090396 0.577049 -0.321829
    23 7.537933 7.453606 1.870349 -1.090396 0.577049 -0.321829
    24 8.154472 8.357077 2.329839 -1.090396 0.577049 -0.321829
    25 8.874294 9.411907 2.866308 -1.090396 0.577049 -0.321829
    26 -4.125858 -2.321501 1.394414 2.051196 0.577049 -0.321829
    27 -4.826813 -3.348669 0.872014 2.051196 0.577049 -0.321829
    28 -5.441669 -4.249685 0.413772 2.051196 0.577049 -0.321829
    29 -0.552532 -1.343527 1.604446 -0.050490 -0.183910 -0.530210
    30 0.552589 1.343534 -1.604463 -0.833184 -0.216300 -0.220877
    31 0.000000 -2.021618 -0.000004 -0.203562 0.000000 0.000000
    32 -0.000021 2.021633 0.000027 -0.183400 0.000000 0.000000
    33 -0.000004 -1.136217 -0.000004 -0.600480 0.000000 0.000000
    34 -0.000011 1.136200 -0.000019 -0.580321 0.000000 0.000000
    35 -0.032677 -4.587727 1.352317 -2.558511 0.890419 -2.936117
    36 0.032719 4.587772 -1.352291 2.079251 1.277559 2.173991
    37 0.000000 -1.754536 -0.000002 1.092131 0.000000 0.000000
    38 -0.000006 1.754520 -0.000034 0.714668 0.000000 0.000000
    39 0.000000 -1.227020 -0.000002 -0.252428 0.000000 0.000000
    40 0.000002 1.227070 0.000032 -0.218093 0.000000 0.000000
    41 -0.367996 -4.208406 0.173244 2.977246 0.927096 2.319402
    42 0.368011 4.208412 -0.173239 2.878562 1.339714 2.370778
    43 0.000000 -2.372318 -0.000004 1.154585 0.000000 0.000000
    44 -0.000006 2.372318 -0.000032 2.018180 0.000000 0.000000
    45 0.000004 -1.580070 -0.000001 -0.329414 0.000000 0.000000
    46 -0.000002 1.580170 0.000030 0.390556 0.000000 0.000000
    47 -0.937645 -3.860697 -0.959317 -2.948054 0.798863 2.256892
    48 0.937672 3.860714 0.959333 2.959055 1.121003 2.662502
    49 0.000000 -1.690632 0.000000 1.148315 0.000000 0.000000
    50 -0.000013 1.690666 0.000021 1.835620 0.000000 0.000000
    51 -0.000002 -1.423443 0.000002 1.302406 0.000000 0.000000
    52 0.000008 1.423420 0.000028 0.841481 0.000000 0.000000
    53 -1.546646 -3.404194 -1.915569 -2.791978 0.765578 2.402160
    54 1.546661 3.404217 1.915585 3.009108 0.967925 2.869561
    55 0.000004 -1.437820 0.000000 1.542970 0.000000 0.000000
    56 -0.000021 1.437870 0.000031 1.347581 0.000000 0.000000
    57 -0.000002 -1.059402 0.000000 0.888082 0.000000 0.000000
    58 0.000006 1.059372 0.000008 1.057352 0.000000 0.000000
    59 -0.000004 -13.013485 -0.000004 0.010936 -0.284121 -0.076428
    60 0.161133 -10.804688 0.023087 0.010936 -0.284121 -0.076428
  time 38
    0 -0.024506 -3.468750 -0.000151 -1.559900 -0.000006 -0.000006
    1 -12.903130 2.931936 4.287337 -0.799063 -0.248777 0.882993
    2 0.000000 14.313023 0.000003 -1.719421 0.000000 0.000000
    3 -0.000011 13.013483 -0.000005 -0.615050 1.362845 -1.065150
    4 8.652996 10.990791 8.510125 2.732288 0.356610 0.284541
    5 0.000000 -14.313034 0.000000 -1.905599 0.000000 0.000000
    6 -0.000004 -13.013485 -0.000004 0.263300 -0.800345 -0.388251
    7 -1.330879 -2.698427 0.462449 -0.194886 -0.547260 3.056712
    8 1.330910 2.698444 -0.462436 0.194890 0.547268 -0.084879
    9 1.113281 4.808594 -1.690430 -1.589811 0.272264 -0.038126
    10 1.340820 7.765625 -2.611328 1.638801 1.297889 -3.109116
    11 0.671387 7.765625 -3.669922 -1.589828 0.275075 -0.038182
    12 0.707031 8.593750 -3.654297 -1.589811 0.272264 -0.038126
    13 14.750000 -52.000000 -3.505859 -1.993925 0.093276 0.197065
    14 6.566406 8.648438 3.232422 -1.090396 0.577049 -0.321829
    15 7.558525 6.997282 -2.354134 -1.937336 -0.275393 3.010581
    16 7.558525 6.997282 -2.354134 1.937336 0.275393 -0.131011
    17 -2.867767 -2.740969 0.531125 2.051196 0.577049 -0.321829
    18 4.324081 2.744001 -0.524877 -1.090396 0.577049 -0.321829
    19 1.340820 7.765625 -2.611328 1.638801 1.297889 -3.109116
    20 0.669922 7.765625 -3.669922 -1.589828 0.275074 -0.038184
    21 6.233833 5.542564 0.898426 -1.090396 0.577049 -0.321829
    22 6.946648 6.587124 1.429667 -1.090396 0.577049 -0.321829
    23 7.537933 7.453606 1.870349 -1.090396 0.577049 -0.321829
    24 8.154472 8.357077 2.329839 -1.090396 0.577049 -0.321829
    25 8.874294 9.411907 2.866308 -1.090396 0.577049 -0.321829
    26 -4.125858 -2.321501 1.394414 2.051196 0.577049 -0.321829
    27 -4.826813 -3.348669 0.872014 2.051196 0.577049 -0.321829
    28 -5.441669 -4.249685 0.413772 2.051196 0.577049 -0.321829
    29 -0.552532 -1.343527 1.604446 -0.050490 -0.183910 -0.530210
    30 0.552589 1.343534 -1.604463 -0.833158 -0.216300 -0.220877
    31 0.000000 -2.021618 -0.000004 -0.203562 0.000000 0.000000
    32 -0.000021 2.021633 0.000027 -0.183400 0.000000 0.000000
    33 -0.000004 -1.136217 -0.000004 -0.600480 0.000000 0.000000
    34 -0.000011 1.136200 -0.000019 -0.580321 0.000000 0.000000
    35 -0.032677 -4.587727 1.352317 -2.558511 0.890419 -2.936117
    36 0.032719 4.587772 -1.352291 2.079251 1.277559 2.173991
    37 0.000000 -1.754536 -0.000002 1.092131 0.000000 0.000000
    38 -0.000006 1.754520 -0.000034 0.714668 0.000000 0.000000
    39 0.000000 -1.227020 -0.000002 -0.252428 0.000000 0.000000
    40 0.000002 1.227070 0.000032 -0.218093 0.000000 0.000000
    41 -0.367996 -4.208406 0.173244 2.977246 0.927096 2.319402
    42 0.368011 4.208412 -0.173239 2.878562 1.339714 2.370778
    43 0.000000 -2.372318 -0.000004 1.154585 0.000000 0.000000
    44 -0.000006 2.372318 -0.000032 2.018180 0.000000 0.000000
    45 0.000004 -1.580070 -0.000001 -0.329414 0.000000 0.000000
    46 -0.000002 1.580170 0.000030 0.390556 0.000000 0.000000
    47 -0.937645 -3.860697 -0.959317 -2.948054 0.798863 2.256892
    48 0.937672 3.860714 0.959333 2.959055 1.121003 2.662502
    49 0.000000 -1.690632 0.000000 1.148315 0.000000 0.000000
    50 -0.000013 1.690666 0.000021 1.835620 0.000000 0.000000
    51 -0.000002 -1.423443 0.000002 1.302406 0.000000 0.000000
    52 0.000008 1.423420 0.000028 0.841481 0.000000 0.000000
    53 -1.546646 -3.404194 -1.915569 -2.791978 0.765578 2.402160
    54 1.546661 3.404217 1.915585 3.009108 0.967925 2.869561
    55 0.000004 -1.437820 0.000000 1.542970 0.000000 0.000000
    56 -0.000021 1.437870 0.000031 1.347581 0.000000 0.000000
    57 -0.000002 -1.059402 0.000000 0.888082 0.000000 0.000000
    58 0.000006 1.059372 0.000008 1.057352 0.000000 0.000000
    59 -0.000004 -13.013485 -0.000004 0.010936 -0.284121 -0.076428
    60 0.161133 -10.804688 0.023087 0.010936 -0.284121 -0.076428
  time 39
    0 -0.024506 -3.468750 -0.000151 -1.559900 -0.000006 -0.000006
    1 -12.903130 2.931936 4.287337 -0.799063 -0.248729 0.882993
    2 0.000000 14.313023 0.000003 -1.719421 0.000000 0.000000
    3 -0.000011 13.013483 -0.000005 -0.615719 1.362373 -1.065725
    4 8.652996 10.990791 8.510125 2.732288 0.356610 0.284541
    5 0.000000 -14.313034 0.000000 -1.905540 0.000000 0.000000
    6 -0.000004 -13.013485 -0.000004 0.263390 -0.802215 -0.389014
    7 -1.330879 -2.698427 0.462449 -0.194886 -0.547260 3.056712
    8 1.330910 2.698444 -0.462436 0.194890 0.547268 -0.084879
    9 1.113281 4.808594 -1.690430 -1.589811 0.272264 -0.038126
    10 1.340820 7.765625 -2.611328 1.638801 1.297889 -3.109116
    11 0.671387 7.765625 -3.669922 -1.589828 0.275075 -0.038182
    12 0.707031 8.593750 -3.654297 -1.589811 0.272264 -0.038126
    13 14.750000 -52.000000 -3.505859 -1.993925 0.093276 0.197065
    14 6.566406 8.648438 3.232422 -1.090396 0.577049 -0.321829
    15 7.558525 6.997282 -2.354134 -1.937336 -0.275393 3.010581
    16 7.558525 6.997282 -2.354134 1.937336 0.275393 -0.131011
    17 -2.867767 -2.740969 0.531125 2.051196 0.577049 -0.321829
    18 4.324081 2.744001 -0.524877 -1.090396 0.577049 -0.321829
    19 1.340820 7.765625 -2.611328 1.638801 1.297889 -3.109116
    20 0.669922 7.765625 -3.669922 -1.589828 0.275074 -0.038184
    21 6.233833 5.542564 0.898426 -1.090396 0.577049 -0.321829
    22 6.946648 6.587124 1.429667 -1.090396 0.577049 -0.321829
    23 7.537933 7.453606 1.870349 -1.090396 0.577049 -0.321829
    24 8.154472 8.357077 2.329839 -1.090396 0.577049 -0.321829
    25 8.874294 9.411907 2.866308 -1.090396 0.577049 -0.321829
    26 -4.125858 -2.321501 1.394414 2.051196 0.577049 -0.321829
    27 -4.826813 -3.348669 0.872014 2.051196 0.577049 -0.321829
    28 -5.441669 -4.249685 0.413772 2.051196 0.577049 -0.321829
    29 -0.552532 -1.343527 1.604446 -0.050490 -0.183910 -0.530210
    30 0.552589 1.343534 -1.604463 -0.833184 -0.216300 -0.220877
    31 0.000000 -2.021618 -0.000004 -0.203562 0.000000 0.000000
    32 -0.000021 2.021633 0.000027 -0.183400 0.000000 0.000000
    33 -0.000004 -1.136217 -0.000004 -0.600480 0.000000 0.000000
    34 -0.000011 1.136200 -0.000019 -0.580321 0.000000 0.000000
    35 -0.032677 -4.587727 1.352317 -2.558511 0.890419 -2.936117
    36 0.032719 4.587772 -1.352291 2.079251 1.277559 2.173991
    37 0.000000 -1.754536 -0.000002 1.092131 0.000000 0.000000
    38 -0.000006 1.754520 -0.000034 0.714668 0.000000 0.000000
    39 0.000000 -1.227020 -0.000002 -0.252428 0.000000 0.000000
    40 0.000002 1.227070 0.000032 -0.218093 0.000000 0.000000
    41 -0.367996 -4.208406 0.173244 2.977246 0.927096 2.319402
    42 0.368011 4.208412 -0.173239 2.878562 1.339714 2.370778
    43 0.000000 -2.372318 -0.000004 1.154585 0.000000 0.000000
    44 -0.000006 2.372318 -0.000032 2.018180 0.000000 0.000000
    45 0.000004 -1.580070 -0.000001 -0.329414 0.000000 0.000000
    46 -0.000002 1.580170 0.000030 0.390556 0.000000 0.000000
    47 -0.937645 -3.860697 -0.959317 -2.948054 0.798863 2.256892
    48 0.937672 3.860714 0.959333 2.959055 1.121003 2.662502
    49 0.000000 -1.690632 0.000000 1.148315 0.000000 0.000000
    50 -0.000013 1.690666 0.000021 1.835620 0.000000 0.000000
    51 -0.000002 -1.423443 0.000002 1.302406 0.000000 0.000000
    52 0.000008 1.423420 0.000028 0.841481 0.000000 0.000000
    53 -1.546646 -3.404194 -1.915569 -2.791978 0.765578 2.402160
    54 1.546661 3.404217 1.915585 3.009108 0.967925 2.869561
    55 0.000004 -1.437820 0.000000 1.542970 0.000000 0.000000
    56 -0.000021 1.437870 0.000031 1.347581 0.000000 0.000000
    57 -0.000002 -1.059402 0.000000 0.888082 0.000000 0.000000
    58 0.000006 1.059372 0.000008 1.057352 0.000000 0.000000
    59 -0.000004 -13.013485 -0.000004 0.010936 -0.284121 -0.076428
    60 0.161133 -10.804688 0.023087 0.010936 -0.284121 -0.076428
  time 40
    0 -0.024506 -3.468750 -0.000151 -1.559900 -0.000006 -0.000006
    1 -12.903130 2.931936 4.287337 -0.799063 -0.248729 0.882993
    2 0.000000 14.313023 0.000003 -1.719421 0.000000 0.000000
    3 -0.000011 13.013483 -0.000005 -0.616483 1.361902 -1.066396
    4 8.652996 10.990791 8.510125 2.732384 0.356610 0.284541
    5 0.000000 -14.313034 0.000000 -1.905480 0.000000 0.000000
    6 -0.000004 -13.013485 -0.000004 0.263480 -0.804039 -0.389872
    7 -1.330879 -2.698427 0.462449 -0.194886 -0.547260 3.056712
    8 1.330910 2.698444 -0.462436 0.194890 0.547268 -0.084879
    9 1.113281 4.808594 -1.690430 -1.589811 0.272264 -0.038126
    10 1.340820 7.765625 -2.611328 1.638801 1.297889 -3.109116
    11 0.671387 7.765625 -3.669922 -1.589828 0.275075 -0.038182
    12 0.707031 8.593750 -3.654297 -1.589811 0.272264 -0.038126
    13 14.750000 -52.000000 -3.505859 -1.993925 0.093276 0.197065
    14 6.566406 8.648438 3.232422 -1.090396 0.577049 -0.321829
    15 7.558525 6.997282 -2.354134 -1.937336 -0.275393 3.010581
    16 7.558525 6.997282 -2.354134 1.937336 0.275393 -0.131011
    17 -2.867767 -2.740969 0.531125 2.051196 0.577049 -0.321829
    18 4.324081 2.744001 -0.524877 -1.090396 0.577049 -0.321829
    19 1.340820 7.765625 -2.611328 1.638801 1.297889 -3.109116
    20 0.669922 7.765625 -3.669922 -1.589828 0.275074 -0.038184
    21 6.233833 5.542564 0.898426 -1.090396 0.577049 -0.321829
    22 6.946648 6.587124 1.429667 -1.090396 0.577049 -0.321829
    23 7.537933 7.453606 1.870349 -1.090396 0.577049 -0.321829
    24 8.154472 8.357077 2.329839 -1.090396 0.577049 -0.321829
    25 8.874294 9.411907 2.866308 -1.090396 0.577049 -0.321829
    26 -4.125858 -2.321501 1.394414 2.051196 0.577049 -0.321829
    27 -4.826813 -3.348669 0.872014 2.051196 0.577049 -0.321829
    28 -5.441669 -4.249685 0.413772 2.051196 0.577049 -0.321829
    29 -0.552532 -1.343527 1.604446 -0.050490 -0.183910 -0.530210
    30 0.552589 1.343534 -1.604463 -0.833184 -0.216300 -0.220877
    31 0.000000 -2.021618 -0.000004 -0.203562 0.000000 0.000000
    32 -0.000021 2.021633 0.000027 -0.183400 0.000000 0.000000
    33 -0.000004 -1.136217 -0.000004 -0.600480 0.000000 0.000000
    34 -0.000011 1.136200 -0.000019 -0.580321 0.000000 0.000000
    35 -0.032677 -4.587727 1.352317 -2.558511 0.890419 -2.936117
    36 0.032719 4.587772 -1.352291 2.079251 1.277559 2.173991
    37 0.000000 -1.754536 -0.000002 1.092131 0.000000 0.000000
    38 -0.000006 1.754520 -0.000034 0.714668 0.000000 0.000000
    39 0.000000 -1.227020 -0.000002 -0.252428 0.000000 0.000000
    40 0.000002 1.227070 0.000032 -0.218093 0.000000 0.000000
    41 -0.367996 -4.208406 0.173244 2.977246 0.927096 2.319402
    42 0.368011 4.208412 -0.173239 2.878562 1.339714 2.370778
    43 0.000000 -2.372318 -0.000004 1.154585 0.000000 0.000000
    44 -0.000006 2.372318 -0.000032 2.018180 0.000000 0.000000
    45 0.000004 -1.580070 -0.000001 -0.329414 0.000000 0.000000
    46 -0.000002 1.580170 0.000030 0.390556 0.000000 0.000000
    47 -0.937645 -3.860697 -0.959317 -2.948054 0.798863 2.256892
    48 0.937672 3.860714 0.959333 2.959055 1.121003 2.662502
    49 0.000000 -1.690632 0.000000 1.148315 0.000000 0.000000
    50 -0.000013 1.690666 0.000021 1.835620 0.000000 0.000000
    51 -0.000002 -1.423443 0.000002 1.302406 0.000000 0.000000
    52 0.000008 1.423420 0.000028 0.841481 0.000000 0.000000
    53 -1.546646 -3.404194 -1.915569 -2.791978 0.765578 2.402160
    54 1.546661 3.404217 1.915585 3.009108 0.967925 2.869561
    55 0.000004 -1.437820 0.000000 1.542970 0.000000 0.000000
    56 -0.000021 1.437870 0.000031 1.347581 0.000000 0.000000
    57 -0.000002 -1.059402 0.000000 0.888082 0.000000 0.000000
    58 0.000006 1.059372 0.000008 1.057352 0.000000 0.000000
    59 -0.000004 -13.013485 -0.000004 0.010936 -0.284121 -0.076428
    60 0.161133 -10.804688 0.023087 0.010936 -0.284121 -0.076428
  time 41
    0 -0.024506 -3.468750 -0.000151 -1.559900 -0.000006 -0.000006
    1 -12.903130 2.931936 4.287337 -0.799155 -0.248729 0.882993
    2 0.000000 14.313023 0.000003 -1.719482 0.000000 0.000000
    3 -0.000011 13.013483 -0.000005 -0.617343 1.361430 -1.067163
    4 8.652996 10.990791 8.510125 2.732576 0.356610 0.284541
    5 0.000000 -14.313034 0.000000 -1.905480 0.000000 0.000000
    6 -0.000004 -13.013485 -0.000004 0.263570 -0.805864 -0.390921
    7 -1.330879 -2.698427 0.462449 -0.194886 -0.547260 3.056712
    8 1.330910 2.698444 -0.462436 0.194890 0.547268 -0.084879
    9 1.113281 4.808594 -1.690430 -1.589811 0.272264 -0.038126
    10 1.340820 7.765625 -2.611328 1.638801 1.297889 -3.109116
    11 0.671387 7.765625 -3.669922 -1.589828 0.275075 -0.038182
    12 0.707031 8.593750 -3.654297 -1.589811 0.272264 -0.038126
    13 14.750000 -52.000000 -3.505859 -1.993925 0.093276 0.197065
    14 6.566406 8.648438 3.232422 -1.090396 0.577049 -0.321829
    15 7.558525 6.997282 -2.354134 -1.937336 -0.275393 3.010581
    16 7.558525 6.997282 -2.354134 1.937336 0.275393 -0.131011
    17 -2.867767 -2.740969 0.531125 2.051196 0.577049 -0.321829
    18 4.324081 2.744001 -0.524877 -1.090396 0.577049 -0.321829
    19 1.340820 7.765625 -2.611328 1.638801 1.297889 -3.109116
    20 0.669922 7.765625 -3.669922 -1.589828 0.275074 -0.038184
    21 6.233833 5.542564 0.898426 -1.090396 0.577049 -0.321829
    22 6.946648 6.587124 1.429667 -1.090396 0.577049 -0.321829
    23 7.537933 7.453606 1.870349 -1.090396 0.577049 -0.321829
    24 8.154472 8.357077 2.329839 -1.090396 0.577049 -0.321829
    25 8.874294 9.411907 2.866308 -1.090396 0.577049 -0.321829
    26 -4.125858 -2.321501 1.394414 2.051196 0.577049 -0.321829
    27 -4.826813 -3.348669 0.872014 2.051196 0.577049 -0.321829
    28 -5.441669 -4.249685 0.413772 2.051196 0.577049 -0.321829
    29 -0.552532 -1.343527 1.604446 -0.050490 -0.183910 -0.530210
    30 0.552589 1.343534 -1.604463 -0.833184 -0.216300 -0.220877
    31 0.000000 -2.021618 -0.000004 -0.203562 0.000000 0.000000
    32 -0.000021 2.021633 0.000027 -0.183400 0.000000 0.000000
    33 -0.000004 -1.136217 -0.000004 -0.600480 0.000000 0.000000
    34 -0.000011 1.136200 -0.000019 -0.580321 0.000000 0.000000
    35 -0.032677 -4.587727 1.352317 -2.558511 0.890419 -2.936117
    36 0.032719 4.587772 -1.352291 2.079251 1.277559 2.173991
    37 0.000000 -1.754536 -0.000002 1.092131 0.000000 0.000000
    38 -0.000006 1.754520 -0.000034 0.714668 0.000000 0.000000
    39 0.000000 -1.227020 -0.000002 -0.252428 0.000000 0.000000
    40 0.000002 1.227070 0.000032 -0.218093 0.000000 0.000000
    41 -0.367996 -4.208406 0.173244 2.977246 0.927096 2.319402
    42 0.368011 4.208412 -0.173239 2.878562 1.339714 2.370778
    43 0.000000 -2.372318 -0.000004 1.154585 0.000000 0.000000
    44 -0.000006 2.372318 -0.000032 2.018180 0.000000 0.000000
    45 0.000004 -1.580070 -0.000001 -0.329414 0.000000 0.000000
    46 -0.000002 1.580170 0.000030 0.390556 0.000000 0.000000
    47 -0.937645 -3.860697 -0.959317 -2.948054 0.798863 2.256892
    48 0.937672 3.860714 0.959333 2.959055 1.121003 2.662502
    49 0.000000 -1.690632 0.000000 1.148315 0.000000 0.000000
    50 -0.000013 1.690666 0.000021 1.835620 0.000000 0.000000
    51 -0.000002 -1.423443 0.000002 1.302406 0.000000 0.000000
    52 0.000008 1.423420 0.000028 0.841481 0.000000 0.000000
    53 -1.546646 -3.404194 -1.915569 -2.791978 0.765578 2.402160
    54 1.546661 3.404217 1.915585 3.009108 0.967925 2.869561
    55 0.000004 -1.437820 0.000000 1.542970 0.000000 0.000000
    56 -0.000021 1.437870 0.000031 1.347581 0.000000 0.000000
    57 -0.000002 -1.059402 0.000000 0.888082 0.000000 0.000000
    58 0.000006 1.059372 0.000008 1.057352 0.000000 0.000000
    59 -0.000004 -13.013485 -0.000004 0.010936 -0.284121 -0.076428
    60 0.161133 -10.804688 0.023087 0.010936 -0.284121 -0.076428
  time 42
    0 -0.024506 -3.468750 -0.000151 -1.559900 -0.000006 -0.000006
    1 -12.903130 2.931936 4.287337 -0.799155 -0.248682 0.882993
    2 0.000000 14.313023 0.000003 -1.719421 0.000000 0.000000
    3 -0.000011 13.013483 -0.000005 -0.618108 1.360864 -1.067834
    4 8.652996 10.990791 8.510125 2.732671 0.356572 0.284541
    5 0.000000 -14.313034 0.000000 -1.905480 0.000000 0.000000
    6 -0.000004 -13.013485 -0.000004 0.263841 -0.807825 -0.391779
    7 -1.330879 -2.698427 0.462449 -0.194886 -0.547260 3.056712
    8 1.330910 2.698444 -0.462436 0.194890 0.547268 -0.084879
    9 1.113281 4.808594 -1.690430 -1.589811 0.272264 -0.038126
    10 1.340820 7.765625 -2.611328 1.638801 1.297889 -3.109116
    11 0.671387 7.765625 -3.669922 -1.589828 0.275075 -0.038182
    12 0.707031 8.593750 -3.654297 -1.589811 0.272264 -0.038126
    13 14.750000 -52.000000 -3.505859 -1.993925 0.093276 0.197065
    14 6.566406 8.648438 3.232422 -1.090396 0.577049 -0.321829
    15 7.558525 6.997282 -2.354134 -1.937336 -0.275393 3.010581
    16 7.558525 6.997282 -2.354134 1.937336 0.275393 -0.131011
    17 -2.867767 -2.740969 0.531125 2.051196 0.577049 -0.321829
    18 4.324081 2.744001 -0.524877 -1.090396 0.577049 -0.321829
    19 1.340820 7.765625 -2.611328 1.638801 1.297889 -3.109116
    20 0.669922 7.765625 -3.669922 -1.589828 0.275074 -0.038184
    21 6.233833 5.542564 0.898426 -1.090396 0.577049 -0.321829
    22 6.946648 6.587124 1.429667 -1.090396 0.577049 -0.321829
    23 7.537933 7.453606 1.870349 -1.090396 0.577049 -0.321829
    24 8.154472 8.357077 2.329839 -1.090396 0.577049 -0.321829
    25 8.874294 9.411907 2.866308 -1.090396 0.577049 -0.321829
    26 -4.125858 -2.321501 1.394414 2.051196 0.577049 -0.321829
    27 -4.826813 -3.348669 0.872014 2.051196 0.577049 -0.321829
    28 -5.441669 -4.249685 0.413772 2.051196 0.577049 -0.321829
    29 -0.552532 -1.343527 1.604446 -0.050490 -0.183910 -0.530210
    30 0.552589 1.343534 -1.604463 -0.833184 -0.216300 -0.220877
    31 0.000000 -2.021618 -0.000004 -0.203562 0.000000 0.000000
    32 -0.000021 2.021633 0.000027 -0.183400 0.000000 0.000000
    33 -0.000004 -1.136217 -0.000004 -0.600480 0.000000 0.000000
    34 -0.000011 1.136200 -0.000019 -0.580321 0.000000 0.000000
    35 -0.032677 -4.587727 1.352317 -2.558511 0.890419 -2.936117
    36 0.032719 4.587772 -1.352291 2.079251 1.277559 2.173991
    37 0.000000 -1.754536 -0.000002 1.092131 0.000000 0.000000
    38 -0.000006 1.754520 -0.000034 0.714668 0.000000 0.000000
    39 0.000000 -1.227020 -0.000002 -0.252428 0.000000 0.000000
    40 0.000002 1.227070 0.000032 -0.218093 0.000000 0.000000
    41 -0.367996 -4.208406 0.173244 2.977246 0.927096 2.319402
    42 0.368011 4.208412 -0.173239 2.878562 1.339714 2.370778
    43 0.000000 -2.372318 -0.000004 1.154585 0.000000 0.000000
    44 -0.000006 2.372318 -0.000032 2.018180 0.000000 0.000000
    45 0.000004 -1.580070 -0.000001 -0.329414 0.000000 0.000000
    46 -0.000002 1.580170 0.000030 0.390556 0.000000 0.000000
    47 -0.937645 -3.860697 -0.959317 -2.948054 0.798863 2.256892
    48 0.937672 3.860714 0.959333 2.959055 1.121003 2.662502
    49 0.000000 -1.690632 0.000000 1.148315 0.000000 0.000000
    50 -0.000013 1.690666 0.000021 1.835620 0.000000 0.000000
    51 -0.000002 -1.423443 0.000002 1.302406 0.000000 0.000000
    52 0.000008 1.423420 0.000028 0.841481 0.000000 0.000000
    53 -1.546646 -3.404194 -1.915569 -2.791978 0.765578 2.402160
    54 1.546661 3.404217 1.915585 3.009108 0.967925 2.869561
    55 0.000004 -1.437820 0.000000 1.542970 0.000000 0.000000
    56 -0.000021 1.437870 0.000031 1.347581 0.000000 0.000000
    57 -0.000002 -1.059402 0.000000 0.888082 0.000000 0.000000
    58 0.000006 1.059372 0.000008 1.057352 0.000000 0.000000
    59 -0.000004 -13.013485 -0.000004 0.010936 -0.284121 -0.076428
    60 0.161133 -10.804688 0.023087 0.010936 -0.284121 -0.076428
  time 43
    0 -0.024506 -3.468750 -0.000151 -1.559900 -0.000006 -0.000006
    1 -12.903130 2.931936 4.287337 -0.799155 -0.248682 0.882917
    2 0.000000 14.313023 0.000003 -1.719421 0.000000 0.000000
    3 -0.000011 13.013483 -0.000005 -0.618968 1.360298 -1.068601
    4 8.652996 10.990791 8.510125 2.732767 0.356572 0.284541
    5 0.000000 -14.313034 0.000000 -1.905420 0.000000 0.000000
    6 -0.000004 -13.013485 -0.000004 0.263931 -0.809741 -0.392637
    7 -1.330879 -2.698427 0.462449 -0.194886 -0.547260 3.056712
    8 1.330910 2.698444 -0.462436 0.194890 0.547268 -0.084879
    9 1.113281 4.808594 -1.690430 -1.589811 0.272264 -0.038126
    10 1.340820 7.765625 -2.611328 1.638801 1.297889 -3.109116
    11 0.671387 7.765625 -3.669922 -1.589828 0.275075 -0.038182
    12 0.707031 8.593750 -3.654297 -1.589811 0.272264 -0.038126
    13 14.750000 -52.000000 -3.505859 -1.993925 0.093276 0.197065
    14 6.566406 8.648438 3.232422 -1.090396 0.577049 -0.321829
    15 7.558525 6.997282 -2.354134 -1.937336 -0.275393 3.010581
    16 7.558525 6.997282 -2.354134 1.937336 0.275393 -0.131011
    17 -2.867767 -2.740969 0.531125 2.051196 0.577049 -0.321829
    18 4.324081 2.744001 -0.524877 -1.090396 0.577049 -0.321829
    19 1.340820 7.765625 -2.611328 1.638801 1.297889 -3.109116
    20 0.669922 7.765625 -3.669922 -1.589828 0.275074 -0.038184
    21 6.233833 5.542564 0.898426 -1.090396 0.577049 -0.321829
    22 6.946648 6.587124 1.429667 -1.090396 0.577049 -0.321829
    23 7.537933 7.453606 1.870349 -1.090396 0.577049 -0.321829
    24 8.154472 8.357077 2.329839 -1.090396 0.577049 -0.321829
    25 8.874294 9.411907 2.866308 -1.090396 0.577049 -0.321829
    26 -4.125858 -2.321501 1.394414 2.051196 0.577049 -0.321829
    27 -4.826813 -3.348669 0.872014 2.051196 0.577049 -0.321829
    28 -5.441669 -4.249685 0.413772 2.051196 0.577049 -0.321829
    29 -0.552532 -1.343527 1.604446 -0.050490 -0.183910 -0.530210
    30 0.552589 1.343534 -1.604463 -0.833184 -0.216300 -0.220877
    31 0.000000 -2.021618 -0.000004 -0.203562 0.000000 0.000000
    32 -0.000021 2.021633 0.000027 -0.183400 0.000000 0.000000
    33 -0.000004 -1.136217 -0.000004 -0.600480 0.000000 0.000000
    34 -0.000011 1.136200 -0.000019 -0.580321 0.000000 0.000000
    35 -0.032677 -4.587727 1.352317 -2.558511 0.890419 -2.936117
    36 0.032719 4.587772 -1.352291 2.079251 1.277559 2.173991
    37 0.000000 -1.754536 -0.000002 1.092131 0.000000 0.000000
    38 -0.000006 1.754520 -0.000034 0.714668 0.000000 0.000000
    39 0.000000 -1.227020 -0.000002 -0.252428 0.000000 0.000000
    40 0.000002 1.227070 0.000032 -0.218093 0.000000 0.000000
    41 -0.367996 -4.208406 0.173244 2.977246 0.927096 2.319402
    42 0.368011 4.208412 -0.173239 2.878562 1.339714 2.370778
    43 0.000000 -2.372318 -0.000004 1.154585 0.000000 0.000000
    44 -0.000006 2.372318 -0.000032 2.018180 0.000000 0.000000
    45 0.000004 -1.580070 -0.000001 -0.329414 0.000000 0.000000
    46 -0.000002 1.580170 0.000030 0.390556 0.000000 0.000000
    47 -0.937645 -3.860697 -0.959317 -2.948054 0.798863 2.256892
    48 0.937672 3.860714 0.959333 2.959055 1.121003 2.662502
    49 0.000000 -1.690632 0.000000 1.148315 0.000000 0.000000
    50 -0.000013 1.690666 0.000021 1.835620 0.000000 0.000000
    51 -0.000002 -1.423443 0.000002 1.302406 0.000000 0.000000
    52 0.000008 1.423420 0.000028 0.841481 0.000000 0.000000
    53 -1.546646 -3.404194 -1.915569 -2.791978 0.765578 2.402160
    54 1.546661 3.404217 1.915585 3.009108 0.967925 2.869561
    55 0.000004 -1.437820 0.000000 1.542970 0.000000 0.000000
    56 -0.000021 1.437870 0.000031 1.347581 0.000000 0.000000
    57 -0.000002 -1.059402 0.000000 0.888082 0.000000 0.000000
    58 0.000006 1.059372 0.000008 1.057352 0.000000 0.000000
    59 -0.000004 -13.013485 -0.000004 0.010936 -0.284121 -0.076428
    60 0.161133 -10.804688 0.023087 0.010936 -0.284121 -0.076428
  time 44
    0 -0.024506 -3.468750 -0.000151 -1.559900 -0.000006 -0.000006
    1 -12.903130 2.931936 4.287337 -0.799063 -0.248634 0.882917
    2 0.000000 14.313023 0.000003 -1.719482 0.000000 0.000000
    3 -0.000011 13.013483 -0.000005 -0.619828 1.359732 -1.069272
    4 8.652996 10.990791 8.510125 2.732959 0.356572 0.284541
    5 0.000000 -14.313034 0.000000 -1.905360 0.000000 0.000000
    6 -0.000004 -13.013485 -0.000004 0.264021 -0.811611 -0.393590
    7 -1.330879 -2.698427 0.462449 -0.194886 -0.547260 3.056712
    8 1.330910 2.698444 -0.462436 0.194890 0.547268 -0.084879
    9 1.113281 4.808594 -1.690430 -1.589811 0.272264 -0.038126
    10 1.340820 7.765625 -2.611328 1.638801 1.297889 -3.109116
    11 0.671387 7.765625 -3.669922 -1.589828 0.275075 -0.038182
    12 0.707031 8.593750 -3.654297 -1.589811 0.272264 -0.038126
    13 14.750000 -52.000000 -3.505859 -1.993925 0.093276 0.197065
    14 6.566406 8.648438 3.232422 -1.090396 0.577049 -0.321829
    15 7.558525 6.997282 -2.354134 -1.937336 -0.275393 3.010581
    16 7.558525 6.997282 -2.354134 1.937336 0.275393 -0.131011
    17 -2.867767 -2.740969 0.531125 2.051196 0.577049 -0.321829
    18 4.324081 2.744001 -0.524877 -1.090396 0.577049 -0.321829
    19 1.340820 7.765625 -2.611328 1.638801 1.297889 -3.109116
    20 0.669922 7.765625 -3.669922 -1.589828 0.275074 -0.038184
    21 6.233833 5.542564 0.898426 -1.090396 0.577049 -0.321829
    22 6.946648 6.587124 1.429667 -1.090396 0.577049 -0.321829
    23 7.537933 7.453606 1.870349 -1.090396 0.577049 -0.321829
    24 8.154472 8.357077 2.329839 -1.090396 0.577049 -0.321829
    25 8.874294 9.411907 2.866308 -1.090396 0.577049 -0.321829
    26 -4.125858 -2.321501 1.394414 2.051196 0.577049 -0.321829
    27 -4.826813 -3.348669 0.872014 2.051196 0.577049 -0.321829
    28 -5.441669 -4.249685 0.413772 2.051196 0.577049 -0.321829
    29 -0.552532 -1.343527 1.604446 -0.050490 -0.183910 -0.530210
    30 0.552589 1.343534 -1.604463 -0.833184 -0.216300 -0.220877
    31 0.000000 -2.021618 -0.000004 -0.203562 0.000000 0.000000
    32 -0.000021 2.021633 0.000027 -0.183400 0.000000 0.000000
    33 -0.000004 -1.136217 -0.000004 -0.600480 0.000000 0.000000
    34 -0.000011 1.136200 -0.000019 -0.580321 0.000000 0.000000
    35 -0.032677 -4.587727 1.352317 -2.558511 0.890419 -2.936117
    36 0.032719 4.587772 -1.352291 2.079251 1.277559 2.173991
    37 0.000000 -1.754536 -0.000002 1.092131 0.000000 0.000000
    38 -0.000006 1.754520 -0.000034 0.714668 0.000000 0.000000
    39 0.000000 -1.227020 -0.000002 -0.252428 0.000000 0.000000
    40 0.000002 1.227070 0.000032 -0.218093 0.000000 0.000000
    41 -0.367996 -4.208406 0.173244 2.977246 0.927096 2.319402
    42 0.368011 4.208412 -0.173239 2.878562 1.339714 2.370778
    43 0.000000 -2.372318 -0.000004 1.154585 0.000000 0.000000
    44 -0.000006 2.372318 -0.000032 2.018180 0.000000 0.000000
    45 0.000004 -1.580070 -0.000001 -0.329414 0.000000 0.000000
    46 -0.000002 1.580170 0.000030 0.390556 0.000000 0.000000
    47 -0.937645 -3.860697 -0.959317 -2.948054 0.798863 2.256892
    48 0.937672 3.860714 0.959333 2.959055 1.121003 2.662502
    49 0.000000 -1.690632 0.000000 1.148315 0.000000 0.000000
    50 -0.000013 1.690666 0.000021 1.835620 0.000000 0.000000
    51 -0.000002 -1.423443 0.000002 1.302406 0.000000 0.000000
    52 0.000008 1.423420 0.000028 0.841481 0.000000 0.000000
    53 -1.546646 -3.404194 -1.915569 -2.791978 0.765578 2.402160
    54 1.546661 3.404217 1.915585 3.009108 0.967925 2.869561
    55 0.000004 -1.437820 0.000000 1.542970 0.000000 0.000000
    56 -0.000021 1.437870 0.000031 1.347581 0.000000 0.000000
    57 -0.000002 -1.059402 0.000000 0.888082 0.000000 0.000000
    58 0.000006 1.059372 0.000008 1.057352 0.000000 0.000000
    59 -0.000004 -13.013485 -0.000004 0.010936 -0.284121 -0.076428
    60 0.161133 -10.804688 0.023087 0.010936 -0.284121 -0.076428
  time 45
    0 -0.024506 -3.468750 -0.000151 -1.559900 -0.000006 -0.000006
    1 -12.903130 2.931936 4.287337 -0.799063 -0.248634 0.882917
    2 0.000000 14.313023 0.000003 -1.719482 0.000000 0.000000
    3 -0.000011 13.013483 -0.000005 -0.620783 1.359166 -1.070039
    4 8.652996 10.990791 8.510125 2.733054 0.356534 0.284541
    5 0.000000 -14.313034 0.000000 -1.905240 0.000000 0.000000
    6 -0.000004 -13.013485 -0.000004 0.264201 -0.813618 -0.394544
    7 -1.330879 -2.698427 0.462449 -0.194886 -0.547260 3.056712
    8 1.330910 2.698444 -0.462436 0.194890 0.547268 -0.084879
    9 1.113281 4.808594 -1.690430 -1.589811 0.272264 -0.038126
    10 1.340820 7.765625 -2.611328 1.638801 1.297889 -3.109116
    11 0.671387 7.765625 -3.669922 -1.589828 0.275075 -0.038182
    12 0.707031 8.593750 -3.654297 -1.589811 0.272264 -0.038126
    13 14.750000 -52.000000 -3.505859 -1.993925 0.093276 0.197065
    14 6.566406 8.648438 3.232422 -1.090396 0.577049 -0.321829
    15 7.558525 6.997282 -2.354134 -1.937336 -0.275393 3.010581
    16 7.558525 6.997282 -2.354134 1.937336 0.275393 -0.131011
    17 -2.867767 -2.740969 0.531125 2.051196 0.577049 -0.321829
    18 4.324081 2.744001 -0.524877 -1.090396 0.577049 -0.321829
    19 1.340820 7.765625 -2.611328 1.638801 1.297889 -3.109116
    20 0.669922 7.765625 -3.669922 -1.589828 0.275074 -0.038184
    21 6.233833 5.542564 0.898426 -1.090396 0.577049 -0.321829
    22 6.946648 6.587124 1.429667 -1.090396 0.577049 -0.321829
    23 7.537933 7.453606 1.870349 -1.090396 0.577049 -0.321829
    24 8.154472 8.357077 2.329839 -1.090396 0.577049 -0.321829
    25 8.874294 9.411907 2.866308 -1.090396 0.577049 -0.321829
    26 -4.125858 -2.321501 1.394414 2.051196 0.577049 -0.321829
    27 -4.826813 -3.348669 0.872014 2.051196 0.577049 -0.321829
    28 -5.441669 -4.249685 0.413772 2.051196 0.577049 -0.321829
    29 -0.552532 -1.343527 1.604446 -0.050490 -0.183910 -0.530210
    30 0.552589 1.343534 -1.604463 -0.833184 -0.216300 -0.220877
    31 0.000000 -2.021618 -0.000004 -0.203562 0.000000 0.000000
    32 -0.000021 2.021633 0.000027 -0.183400 0.000000 0.000000
    33 -0.000004 -1.136217 -0.000004 -0.600480 0.000000 0.000000
    34 -0.000011 1.136200 -0.000019 -0.580321 0.000000 0.000000
    35 -0.032677 -4.587727 1.352317 -2.558511 0.890419 -2.936117
    36 0.032719 4.587772 -1.352291 2.079251 1.277559 2.173991
    37 0.000000 -1.754536 -0.000002 1.092131 0.000000 0.000000
    38 -0.000006 1.754520 -0.000034 0.714668 0.000000 0.000000
    39 0.000000 -1.227020 -0.000002 -0.252428 0.000000 0.000000
    40 0.000002 1.227070 0.000032 -0.218093 0.000000 0.000000
    41 -0.367996 -4.208406 0.173244 2.977246 0.927096 2.319402
    42 0.368011 4.208412 -0.173239 2.878562 1.339714 2.370778
    43 0.000000 -2.372318 -0.000004 1.154585 0.000000 0.000000
    44 -0.000006 2.372318 -0.000032 2.018180 0.000000 0.000000
    45 0.000004 -1.580070 -0.000001 -0.329414 0.000000 0.000000
    46 -0.000002 1.580170 0.000030 0.390556 0.000000 0.000000
    47 -0.937645 -3.860697 -0.959317 -2.948054 0.798863 2.256892
    48 0.937672 3.860714 0.959333 2.959055 1.121003 2.662502
    49 0.000000 -1.690632 0.000000 1.148315 0.000000 0.000000
    50 -0.000013 1.690666 0.000021 1.835620 0.000000 0.000000
    51 -0.000002 -1.423443 0.000002 1.302406 0.000000 0.000000
    52 0.000008 1.423420 0.000028 0.841481 0.000000 0.000000
    53 -1.546646 -3.404194 -1.915569 -2.791978 0.765578 2.402160
    54 1.546661 3.404217 1.915585 3.009108 0.967925 2.869561
    55 0.000004 -1.437820 0.000000 1.542970 0.000000 0.000000
    56 -0.000021 1.437870 0.000031 1.347581 0.000000 0.000000
    57 -0.000002 -1.059402 0.000000 0.888082 0.000000 0.000000
    58 0.000006 1.059372 0.000008 1.057352 0.000000 0.000000
    59 -0.000004 -13.013485 -0.000004 0.010936 -0.284121 -0.076428
    60 0.161133 -10.804688 0.023087 0.010936 -0.284121 -0.076428
  time 46
    0 -0.024506 -3.468750 -0.000151 -1.559900 -0.000006 -0.000006
    1 -12.903130 2.931936 4.287337 -0.799063 -0.248634 0.882917
    2 0.000000 14.313023 0.000003 -1.719543 0.000000 0.000000
    3 -0.000011 13.013483 -0.000005 -0.621739 1.358600 -1.070710
    4 8.652996 10.990791 8.510125 2.733150 0.356534 0.284541
    5 0.000000 -14.313034 0.000000 -1.905180 0.000000 0.000000
    6 -0.000004 -13.013485 -0.000004 0.264291 -0.815488 -0.395307
    7 -1.330879 -2.698427 0.462449 -0.194886 -0.547260 3.056712
    8 1.330910 2.698444 -0.462436 0.194890 0.547268 -0.084879
    9 1.113281 4.808594 -1.690430 -1.589811 0.272264 -0.038126
    10 1.340820 7.765625 -2.611328 1.638801 1.297889 -3.109116
    11 0.671387 7.765625 -3.669922 -1.589828 0.275075 -0.038182
    12 0.707031 8.593750 -3.654297 -1.589811 0.272264 -0.038126
    13 14.750000 -52.000000 -3.505859 -1.993925 0.093276 0.197065
    14 6.566406 8.648438 3.232422 -1.090396 0.577049 -0.321829
    15 7.558525 6.997282 -2.354134 -1.937336 -0.275393 3.010581
    16 7.558525 6.997282 -2.354134 1.937336 0.275393 -0.131011
    17 -2.867767 -2.740969 0.531125 2.051196 0.577049 -0.321829
    18 4.324081 2.744001 -0.524877 -1.090396 0.577049 -0.321829
    19 1.340820 7.765625 -2.611328 1.638801 1.297889 -3.109116
    20 0.669922 7.765625 -3.669922 -1.589828 0.275074 -0.038184
    21 6.233833 5.542564 0.898426 -1.090396 0.577049 -0.321829
    22 6.946648 6.587124 1.429667 -1.090396 0.577049 -0.321829
    23 7.537933 7.453606 1.870349 -1.090396 0.577049 -0.321829
    24 8.154472 8.357077 2.329839 -1.090396 0.577049 -0.321829
    25 8.874294 9.411907 2.866308 -1.090396 0.577049 -0.321829
    26 -4.125858 -2.321501 1.394414 2.051196 0.577049 -0.321829
    27 -4.826813 -3.348669 0.872014 2.051196 0.577049 -0.321829
    28 -5.441669 -4.249685 0.413772 2.051196 0.577049 -0.321829
    29 -0.552532 -1.343527 1.604446 -0.050490 -0.183910 -0.530210
    30 0.552589 1.343534 -1.604463 -0.833158 -0.216300 -0.220877
    31 0.000000 -2.021618 -0.000004 -0.203562 0.000000 0.000000
    32 -0.000021 2.021633 0.000027 -0.183400 0.000000 0.000000
    33 -0.000004 -1.136217 -0.000004 -0.600480 0.000000 0.000000
    34 -0.000011 1.136200 -0.000019 -0.580321 0.000000 0.000000
    35 -0.032677 -4.587727 1.352317 -2.558511 0.890419 -2.936117
    36 0.032719 4.587772 -1.352291 2.079251 1.277559 2.173991
    37 0.000000 -1.754536 -0.000002 1.092131 0.000000 0.000000
    38 -0.000006 1.754520 -0.000034 0.714668 0.000000 0.000000
    39 0.000000 -1.227020 -0.000002 -0.252428 0.000000 0.000000
    40 0.000002 1.227070 0.000032 -0.218093 0.000000 0.000000
    41 -0.367996 -4.208406 0.173244 2.977246 0.927096 2.319402
    42 0.368011 4.208412 -0.173239 2.878562 1.339714 2.370778
    43 0.000000 -2.372318 -0.000004 1.154585 0.000000 0.000000
    44 -0.000006 2.372318 -0.000032 2.018180 0.000000 0.000000
    45 0.000004 -1.580070 -0.000001 -0.329414 0.000000 0.000000
    46 -0.000002 1.580170 0.000030 0.390556 0.000000 0.000000
    47 -0.937645 -3.860697 -0.959317 -2.948054 0.798863 2.256892
    48 0.937672 3.860714 0.959333 2.959055 1.121003 2.662502
    49 0.000000 -1.690632 0.000000 1.148315 0.000000 0.000000
    50 -0.000013 1.690666 0.000021 1.835620 0.000000 0.000000
    51 -0.000002 -1.423443 0.000002 1.302406 0.000000 0.000000
    52 0.000008 1.423420 0.000028 0.841481 0.000000 0.000000
    53 -1.546646 -3.404194 -1.915569 -2.791978 0.765578 2.402160
    54 1.546661 3.404217 1.915585 3.009108 0.967925 2.869561
    55 0.000004 -1.437820 0.000000 1.542970 0.000000 0.000000
    56 -0.000021 1.437870 0.000031 1.347581 0.000000 0.000000
    57 -0.000002 -1.059402 0.000000 0.888082 0.000000 0.000000
    58 0.000006 1.059372 0.000008 1.057352 0.000000 0.000000
    59 -0.000004 -13.013485 -0.000004 0.010936 -0.284121 -0.076428
    60 0.161133 -10.804688 0.023087 0.010936 -0.284121 -0.076428
  time 47
    0 -0.024506 -3.468750 -0.000151 -1.559900 -0.000006 -0.000006
    1 -12.903130 2.931936 4.287337 -0.799155 -0.248586 0.882917
    2 0.000000 14.313023 0.000003 -1.719543 0.000000 0.000000
    3 -0.000011 13.013483 -0.000005 -0.622599 1.358034 -1.071381
    4 8.652996 10.990791 8.510125 2.733342 0.356534 0.284541
    5 0.000000 -14.313034 0.000000 -1.905121 0.000000 0.000000
    6 -0.000004 -13.013485 -0.000004 0.264381 -0.817495 -0.396355
    7 -1.330879 -2.698427 0.462449 -0.194886 -0.547260 3.056712
    8 1.330910 2.698444 -0.462436 0.194890 0.547268 -0.084879
    9 1.113281 4.808594 -1.690430 -1.589811 0.272264 -0.038126
    10 1.340820 7.765625 -2.611328 1.638801 1.297889 -3.109116
    11 0.671387 7.765625 -3.669922 -1.589828 0.275075 -0.038182
    12 0.707031 8.593750 -3.654297 -1.589811 0.272264 -0.038126
    13 14.750000 -52.000000 -3.505859 -1.993925 0.093276 0.197065
    14 6.566406 8.648438 3.232422 -1.090396 0.577049 -0.321829
    15 7.558525 6.997282 -2.354134 -1.937336 -0.275393 3.010581
    16 7.558525 6.997282 -2.354134 1.937336 0.275393 -0.131011
    17 -2.867767 -2.740969 0.531125 2.051196 0.577049 -0.321829
    18 4.324081 2.744001 -0.524877 -1.090396 0.577049 -0.321829
    19 1.340820 7.765625 -2.611328 1.638801 1.297889 -3.109116
    20 0.669922 7.765625 -3.669922 -1.589828 0.275074 -0.038184
    21 6.233833 5.542564 0.898426 -1.090396 0.577049 -0.321829
    22 6.946648 6.587124 1.429667 -1.090396 0.577049 -0.321829
    23 7.537933 7.453606 1.870349 -1.090396 0.577049 -0.321829
    24 8.154472 8.357077 2.329839 -1.090396 0.577049 -0.321829
    25 8.874294 9.411907 2.866308 -1.090396 0.577049 -0.321829
    26 -4.125858 -2.321501 1.394414 2.051196 0.577049 -0.321829
    27 -4.826813 -3.348669 0.872014 2.051196 0.577049 -0.321829
    28 -5.441669 -4.249685 0.413772 2.051196 0.577049 -0.321829
    29 -0.552532 -1.343527 1.604446 -0.050490 -0.183910 -0.530210
    30 0.552589 1.343534 -1.604463 -0.833184 -0.216300 -0.220877
    31 0.000000 -2.021618 -0.000004 -0.203562 0.000000 0.000000
    32 -0.000021 2.021633 0.000027 -0.183400 0.000000 0.000000
    33 -0.000004 -1.136217 -0.000004 -0.600480 0.000000 0.000000
    34 -0.000011 1.136200 -0.000019 -0.580321 0.000000 0.000000
    35 -0.032677 -4.587727 1.352317 -2.558511 0.890419 -2.936117
    36 0.032719 4.587772 -1.352291 2.079251 1.277559 2.173991
    37 0.000000 -1.754536 -0.000002 1.092131 0.000000 0.000000
    38 -0.000006 1.754520 -0.000034 0.714668 0.000000 0.000000
    39 0.000000 -1.227020 -0.000002 -0.252428 0.000000 0.000000
    40 0.000002 1.227070 0.000032 -0.218093 0.000000 0.000000
    41 -0.367996 -4.208406 0.173244 2.977246 0.927096 2.319402
    42 0.368011 4.208412 -0.173239 2.878562 1.339714 2.370778
    43 0.000000 -2.372318 -0.000004 1.154585 0.000000 0.000000
    44 -0.000006 2.372318 -0.000032 2.018180 0.000000 0.000000
    45 0.000004 -1.580070 -0.000001 -0.329414 0.000000 0.000000
    46 -0.000002 1.580170 0.000030 0.390556 0.000000 0.000000
    47 -0.937645 -3.860697 -0.959317 -2.948054 0.798863 2.256892
    48 0.937672 3.860714 0.959333 2.959055 1.121003 2.662502
    49 0.000000 -1.690632 0.000000 1.148315 0.000000 0.000000
    50 -0.000013 1.690666 0.000021 1.835620 0.000000 0.000000
    51 -0.000002 -1.423443 0.000002 1.302406 0.000000 0.000000
    52 0.000008 1.423420 0.000028 0.841481 0.000000 0.000000
    53 -1.546646 -3.404194 -1.915569 -2.791978 0.765578 2.402160
    54 1.546661 3.404217 1.915585 3.009108 0.967925 2.869561
    55 0.000004 -1.437820 0.000000 1.542970 0.000000 0.000000
    56 -0.000021 1.437870 0.000031 1.347581 0.000000 0.000000
    57 -0.000002 -1.059402 0.000000 0.888082 0.000000 0.000000
    58 0.000006 1.059372 0.000008 1.057352 0.000000 0.000000
    59 -0.000004 -13.013485 -0.000004 0.010936 -0.284121 -0.076428
    60 0.161133 -10.804688 0.023087 0.010936 -0.284121 -0.076428
  time 48
    0 -0.024506 -3.468750 -0.000151 -1.559900 -0.000006 -0.000006
    1 -12.903130 2.931936 4.287337 -0.799155 -0.248586 0.882841
    2 0.000000 14.313023 0.000003 -1.719543 0.000000 0.000000
    3 -0.000011 13.013483 -0.000005 -0.623459 1.357468 -1.072147
    4 8.652996 10.990791 8.510125 2.733437 0.356534 0.284541
    5 0.000000 -14.313034 0.000000 -1.905061 0.000000 0.000000
    6 -0.000004 -13.013485 -0.000004 0.264471 -0.819502 -0.397309
    7 -1.330879 -2.698427 0.462449 -0.194886 -0.547260 3.056712
    8 1.330910 2.698444 -0.462436 0.194890 0.547268 -0.084879
    9 1.113281 4.808594 -1.690430 -1.589811 0.272264 -0.038126
    10 1.340820 7.765625 -2.611328 1.638801 1.297889 -3.109116
    11 0.671387 7.765625 -3.669922 -1.589828 0.275075 -0.038182
    12 0.707031 8.593750 -3.654297 -1.589811 0.272264 -0.038126
    13 14.750000 -52.000000 -3.505859 -1.993925 0.093276 0.197065
    14 6.566406 8.648438 3.232422 -1.090396 0.577049 -0.321829
    15 7.558525 6.997282 -2.354134 -1.937336 -0.275393 3.010581
    16 7.558525 6.997282 -2.354134 1.937336 0.275393 -0.131011
    17 -2.867767 -2.740969 0.531125 2.051196 0.577049 -0.321829
    18 4.324081 2.744001 -0.524877 -1.090396 0.577049 -0.321829
    19 1.340820 7.765625 -2.611328 1.638801 1.297889 -3.109116
    20 0.669922 7.765625 -3.669922 -1.589828 0.275074 -0.038184
    21 6.233833 5.542564 0.898426 -1.090396 0.577049 -0.321829
    22 6.946648 6.587124 1.429667 -1.090396 0.577049 -0.321829
    23 7.537933 7.453606 1.870349 -1.090396 0.577049 -0.321829
    24 8.154472 8.357077 2.329839 -1.090396 0.577049 -0.321829
    25 8.874294 9.411907 2.866308 -1.090396 0.577049 -0.321829
    26 -4.125858 -2.321501 1.394414 2.051196 0.577049 -0.321829
    27 -4.826813 -3.348669 0.872014 2.051196 0.577049 -0.321829
    28 -5.441669 -4.249685 0.413772 2.051196 0.577049 -0.321829
    29 -0.552532 -1.343527 1.604446 -0.050490 -0.183910 -0.530210
    30 0.552589 1.343534 -1.604463 -0.833184 -0.216300 -0.220877
    31 0.000000 -2.021618 -0.000004 -0.203562 0.000000 0.000000
    32 -0.000021 2.021633 0.000027 -0.183400 0.000000 0.000000
    33 -0.000004 -1.136217 -0.000004 -0.600480 0.000000 0.000000
    34 -0.000011 1.136200 -0.000019 -0.580321 0.000000 0.000000
    35 -0.032677 -4.587727 1.352317 -2.558511 0.890419 -2.936117
    36 0.032719 4.587772 -1.352291 2.079251 1.277559 2.173991
    37 0.000000 -1.754536 -0.000002 1.092131 0.000000 0.000000
    38 -0.000006 1.754520 -0.000034 0.714668 0.000000 0.000000
    39 0.000000 -1.227020 -0.000002 -0.252428 0.000000 0.000000
    40 0.000002 1.227070 0.000032 -0.218093 0.000000 0.000000
    41 -0.367996 -4.208406 0.173244 2.977246 0.927096 2.319402
    42 0.368011 4.208412 -0.173239 2.878562 1.339714 2.370778
    43 0.000000 -2.372318 -0.000004 1.154585 0.000000 0.000000
    44 -0.000006 2.372318 -0.000032 2.018180 0.000000 0.000000
    45 0.000004 -1.580070 -0.000001 -0.329414 0.000000 0.000000
    46 -0.000002 1.580170 0.000030 0.390556 0.000000 0.000000
    47 -0.937645 -3.860697 -0.959317 -2.948054 0.798863 2.256892
    48 0.937672 3.860714 0.959333 2.959055 1.121003 2.662502
    49 0.000000 -1.690632 0.000000 1.148315 0.000000 0.000000
    50 -0.000013 1.690666 0.000021 1.835620 0.000000 0.000000
    51 -0.000002 -1.423443 0.000002 1.302406 0.000000 0.000000
    52 0.000008 1.423420 0.000028 0.841481 0.000000 0.000000
    53 -1.546646 -3.404194 -1.915569 -2.791978 0.765578 2.402160
    54 1.546661 3.404217 1.915585 3.009108 0.967925 2.869561
    55 0.000004 -1.437820 0.000000 1.542970 0.000000 0.000000
    56 -0.000021 1.437870 0.000031 1.347581 0.000000 0.000000
    57 -0.000002 -1.059402 0.000000 0.888082 0.000000 0.000000
    58 0.000006 1.059372 0.000008 1.057352 0.000000 0.000000
    59 -0.000004 -13.013485 -0.000004 0.010936 -0.284121 -0.076428
    60 0.161133 -10.804688 0.023087 0.010936 -0.284121 -0.076428
  time 49
    0 -0.024506 -3.468750 -0.000151 -1.559900 -0.000006 -0.000006
    1 -12.903130 2.931936 4.287337 -0.799155 -0.248539 0.882841
    2 0.000000 14.313023 0.000003 -1.719543 0.000000 0.000000
    3 -0.000011 13.013483 -0.000005 -0.624414 1.356996 -1.072818
    4 8.652996 10.990791 8.510125 2.733533 0.356496 0.284541
    5 0.000000 -14.313034 0.000000 -1.905061 0.000000 0.000000
    6 -0.000004 -13.013485 -0.000004 0.264651 -0.821463 -0.398262
    7 -1.330879 -2.698427 0.462449 -0.194886 -0.547260 3.056712
    8 1.330910 2.698444 -0.462436 0.194890 0.547268 -0.084879
    9 1.113281 4.808594 -1.690430 -1.589811 0.272264 -0.038126
    10 1.340820 7.765625 -2.611328 1.638801 1.297889 -3.109116
    11 0.671387 7.765625 -3.669922 -1.589828 0.275075 -0.038182
    12 0.707031 8.593750 -3.654297 -1.589811 0.272264 -0.038126
    13 14.750000 -52.000000 -3.505859 -1.993925 0.093276 0.197065
    14 6.566406 8.648438 3.232422 -1.090396 0.577049 -0.321829
    15 7.558525 6.997282 -2.354134 -1.937336 -0.275393 3.010581
    16 7.558525 6.997282 -2.354134 1.937336 0.275393 -0.131011
    17 -2.867767 -2.740969 0.531125 2.051196 0.577049 -0.321829
    18 4.324081 2.744001 -0.524877 -1.090396 0.577049 -0.321829
    19 1.340820 7.765625 -2.611328 1.638801 1.297889 -3.109116
    20 0.669922 7.765625 -3.669922 -1.589828 0.275074 -0.038184
    21 6.233833 5.542564 0.898426 -1.090396 0.577049 -0.321829
    22 6.946648 6.587124 1.429667 -1.090396 0.577049 -0.321829
    23 7.537933 7.453606 1.870349 -1.090396 0.577049 -0.321829
    24 8.154472 8.357077 2.329839 -1.090396 0.577049 -0.321829
    25 8.874294 9.411907 2.866308 -1.090396 0.577049 -0.321829
    26 -4.125858 -2.321501 1.394414 2.051196 0.577049 -0.321829
    27 -4.826813 -3.348669 0.872014 2.051196 0.577049 -0.321829
    28 -5.441669 -4.249685 0.413772 2.051196 0.577049 -0.321829
    29 -0.552532 -1.343527 1.604446 -0.050490 -0.183910 -0.530210
    30 0.552589 1.343534 -1.604463 -0.833158 -0.216300 -0.220877
    31 0.000000 -2.021618 -0.000004 -0.203562 0.000000 0.000000
    32 -0.000021 2.021633 0.000027 -0.183400 0.000000 0.000000
    33 -0.000004 -1.136217 -0.000004 -0.600480 0.000000 0.000000
    34 -0.000011 1.136200 -0.000019 -0.580321 0.000000 0.000000
    35 -0.032677 -4.587727 1.352317 -2.558511 0.890419 -2.936117
    36 0.032719 4.587772 -1.352291 2.079251 1.277559 2.173991
    37 0.000000 -1.754536 -0.000002 1.092131 0.000000 0.000000
    38 -0.000006 1.754520 -0.000034 0.714668 0.000000 0.000000
    39 0.000000 -1.227020 -0.000002 -0.252428 0.000000 0.000000
    40 0.000002 1.227070 0.000032 -0.218093 0.000000 0.000000
    41 -0.367996 -4.208406 0.173244 2.977246 0.927096 2.319402
    42 0.368011 4.208412 -0.173239 2.878562 1.339714 2.370778
    43 0.000000 -2.372318 -0.000004 1.154585 0.000000 0.000000
    44 -0.000006 2.372318 -0.000032 2.018180 0.000000 0.000000
    45 0.000004 -1.580070 -0.000001 -0.329414 0.000000 0.000000
    46 -0.000002 1.580170 0.000030 0.390556 0.000000 0.000000
    47 -0.937645 -3.860697 -0.959317 -2.948054 0.798863 2.256892
    48 0.937672 3.860714 0.959333 2.959055 1.121003 2.662502
    49 0.000000 -1.690632 0.000000 1.148315 0.000000 0.000000
    50 -0.000013 1.690666 0.000021 1.835620 0.000000 0.000000
    51 -0.000002 -1.423443 0.000002 1.302406 0.000000 0.000000
    52 0.000008 1.423420 0.000028 0.841481 0.000000 0.000000
    53 -1.546646 -3.404194 -1.915569 -2.791978 0.765578 2.402160
    54 1.546661 3.404217 1.915585 3.009108 0.967925 2.869561
    55 0.000004 -1.437820 0.000000 1.542970 0.000000 0.000000
    56 -0.000021 1.437870 0.000031 1.347581 0.000000 0.000000
    57 -0.000002 -1.059402 0.000000 0.888082 0.000000 0.000000
    58 0.000006 1.059372 0.000008 1.057352 0.000000 0.000000
    59 -0.000004 -13.013485 -0.000004 0.010936 -0.284121 -0.076428
    60 0.161133 -10.804688 0.023087 0.010936 -0.284121 -0.076428
  time 50
    0 -0.024506 -3.468750 -0.000151 -1.559900 -0.000006 -0.000006
    1 -12.903130 2.931936 4.287337 -0.799155 -0.248539 0.882841
    2 0.000000 14.313023 0.000003 -1.719543 0.000000 0.000000
    3 -0.000011 13.013483 -0.000005 -0.625178 1.356430 -1.073489
    4 8.652996 10.990791 8.510125 2.733725 0.356496 0.284445
    5 0.000000 -14.313034 0.000000 -1.905001 0.000000 0.000000
    6 -0.000004 -13.013485 -0.000004 0.264741 -0.823379 -0.399216
    7 -1.330879 -2.698427 0.462449 -0.194886 -0.547260 3.056712
    8 1.330910 2.698444 -0.462436 0.194890 0.547268 -0.084879
    9 1.113281 4.808594 -1.690430 -1.589811 0.272264 -0.038126
    10 1.340820 7.765625 -2.611328 1.638801 1.297889 -3.109116
    11 0.671387 7.765625 -3.669922 -1.589828 0.275075 -0.038182
    12 0.707031 8.593750 -3.654297 -1.589811 0.272264 -0.038126
    13 14.750000 -52.000000 -3.505859 -1.993925 0.093276 0.197065
    14 6.566406 8.648438 3.232422 -1.090396 0.577049 -0.321829
    15 7.558525 6.997282 -2.354134 -1.937336 -0.275393 3.010581
    16 7.558525 6.997282 -2.354134 1.937336 0.275393 -0.131011
    17 -2.867767 -2.740969 0.531125 2.051196 0.577049 -0.321829
    18 4.324081 2.744001 -0.524877 -1.090396 0.577049 -0.321829
    19 1.340820 7.765625 -2.611328 1.638801 1.297889 -3.109116
    20 0.669922 7.765625 -3.669922 -1.589828 0.275074 -0.038184
    21 6.233833 5.542564 0.898426 -1.090396 0.577049 -0.321829
    22 6.946648 6.587124 1.429667 -1.090396 0.577049 -0.321829
    23 7.537933 7.453606 1.870349 -1.090396 0.577049 -0.321829
    24 8.154472 8.357077 2.329839 -1.090396 0.577049 -0.321829
    25 8.874294 9.411907 2.866308 -1.090396 0.577049 -0.321829
    26 -4.125858 -2.321501 1.394414 2.051196 0.577049 -0.321829
    27 -4.826813 -3.348669 0.872014 2.051196 0.577049 -0.321829
    28 -5.441669 -4.249685 0.413772 2.051196 0.577049 -0.321829
    29 -0.552532 -1.343527 1.604446 -0.050490 -0.183910 -0.530210
    30 0.552589 1.343534 -1.604463 -0.833184 -0.216300 -0.220877
    31 0.000000 -2.021618 -0.000004 -0.203562 0.000000 0.000000
    32 -0.000021 2.021633 0.000027 -0.183400 0.000000 0.000000
    33 -0.000004 -1.136217 -0.000004 -0.600480 0.000000 0.000000
    34 -0.000011 1.136200 -0.000019 -0.580321 0.000000 0.000000
    35 -0.032677 -4.587727 1.352317 -2.558511 0.890419 -2.936117
    36 0.032719 4.587772 -1.352291 2.079251 1.277559 2.173991
    37 0.000000 -1.754536 -0.000002 1.092131 0.000000 0.000000
    38 -0.000006 1.754520 -0.000034 0.714668 0.000000 0.000000
    39 0.000000 -1.227020 -0.000002 -0.252428 0.000000 0.000000
    40 0.000002 1.227070 0.000032 -0.218093 0.000000 0.000000
    41 -0.367996 -4.208406 0.173244 2.977246 0.927096 2.319402
    42 0.368011 4.208412 -0.173239 2.878562 1.339714 2.370778
    43 0.000000 -2.372318 -0.000004 1.154585 0.000000 0.000000
    44 -0.000006 2.372318 -0.000032 2.018180 0.000000 0.000000
    45 0.000004 -1.580070 -0.000001 -0.329414 0.000000 0.000000
    46 -0.000002 1.580170 0.000030 0.390556 0.000000 0.000000
    47 -0.937645 -3.860697 -0.959317 -2.948054 0.798863 2.256892
    48 0.937672 3.860714 0.959333 2.959055 1.121003 2.662502
    49 0.000000 -1.690632 0.000000 1.148315 0.000000 0.000000
    50 -0.000013 1.690666 0.000021 1.835620 0.000000 0.000000
    51 -0.000002 -1.423443 0.000002 1.302406 0.000000 0.000000
    52 0.000008 1.423420 0.000028 0.841481 0.000000 0.000000
    53 -1.546646 -3.404194 -1.915569 -2.791978 0.765578 2.402160
    54 1.546661 3.404217 1.915585 3.009108 0.967925 2.869561
    55 0.000004 -1.437820 0.000000 1.542970 0.000000 0.000000
    56 -0.000021 1.437870 0.000031 1.347581 0.000000 0.000000
    57 -0.000002 -1.059402 0.000000 0.888082 0.000000 0.000000
    58 0.000006 1.059372 0.000008 1.057352 0.000000 0.000000
    59 -0.000004 -13.013485 -0.000004 0.010936 -0.284121 -0.076428
    60 0.161133 -10.804688 0.023087 0.010936 -0.284121 -0.076428
  time 51
    0 -0.024506 -3.468750 -0.000151 -1.559900 -0.000006 -0.000006
    1 -12.903130 2.931936 4.287337 -0.799155 -0.248539 0.882841
    2 0.000000 14.313023 0.000003 -1.719543 0.000000 0.000000
    3 -0.000011 13.013483 -0.000005 -0.626038 1.355912 -1.074160
    4 8.652996 10.990791 8.510125 2.733821 0.356496 0.284445
    5 0.000000 -14.313034 0.000000 -1.904881 0.000000 0.000000
    6 -0.000004 -13.013485 -0.000004 0.265012 -0.825431 -0.400169
    7 -1.330879 -2.698427 0.462449 -0.194886 -0.547260 3.056712
    8 1.330910 2.698444 -0.462436 0.194890 0.547268 -0.084879
    9 1.113281 4.808594 -1.690430 -1.589811 0.272264 -0.038126
    10 1.340820 7.765625 -2.611328 1.638801 1.297889 -3.109116
    11 0.671387 7.765625 -3.669922 -1.589828 0.275075 -0.038182
    12 0.707031 8.593750 -3.654297 -1.589811 0.272264 -0.038126
    13 14.750000 -52.000000 -3.505859 -1.993925 0.093276 0.197065
    14 6.566406 8.648438 3.232422 -1.090396 0.577049 -0.321829
    15 7.558525 6.997282 -2.354134 -1.937336 -0.275393 3.010581
    16 7.558525 6.997282 -2.354134 1.937336 0.275393 -0.131011
    17 -2.867767 -2.740969 0.531125 2.051196 0.577049 -0.321829
    18 4.324081 2.744001 -0.524877 -1.090396 0.577049 -0.321829
    19 1.340820 7.765625 -2.611328 1.638801 1.297889 -3.109116
    20 0.669922 7.765625 -3.669922 -1.589828 0.275074 -0.038184
    21 6.233833 5.542564 0.898426 -1.090396 0.577049 -0.321829
    22 6.946648 6.587124 1.429667 -1.090396 0.577049 -0.321829
    23 7.537933 7.453606 1.870349 -1.090396 0.577049 -0.321829
    24 8.154472 8.357077 2.329839 -1.090396 0.577049 -0.321829
    25 8.874294 9.411907 2.866308 -1.090396 0.577049 -0.321829
    26 -4.125858 -2.321501 1.394414 2.051196 0.577049 -0.321829
    27 -4.826813 -3.348669 0.872014 2.051196 0.577049 -0.321829
    28 -5.441669 -4.249685 0.413772 2.051196 0.577049 -0.321829
    29 -0.552532 -1.343527 1.604446 -0.050490 -0.183910 -0.530210
    30 0.552589 1.343534 -1.604463 -0.833158 -0.216300 -0.220877
    31 0.000000 -2.021618 -0.000004 -0.203562 0.000000 0.000000
    32 -0.000021 2.021633 0.000027 -0.183400 0.000000 0.000000
    33 -0.000004 -1.136217 -0.000004 -0.600480 0.000000 0.000000
    34 -0.000011 1.136200 -0.000019 -0.580321 0.000000 0.000000
    35 -0.032677 -4.587727 1.352317 -2.558511 0.890419 -2.936117
    36 0.032719 4.587772 -1.352291 2.079251 1.277559 2.173991
    37 0.000000 -1.754536 -0.000002 1.092131 0.000000 0.000000
    38 -0.000006 1.754520 -0.000034 0.714668 0.000000 0.000000
    39 0.000000 -1.227020 -0.000002 -0.252428 0.000000 0.000000
    40 0.000002 1.227070 0.000032 -0.218093 0.000000 0.000000
    41 -0.367996 -4.208406 0.173244 2.977246 0.927096 2.319402
    42 0.368011 4.208412 -0.173239 2.878562 1.339714 2.370778
    43 0.000000 -2.372318 -0.000004 1.154585 0.000000 0.000000
    44 -0.000006 2.372318 -0.000032 2.018180 0.000000 0.000000
    45 0.000004 -1.580070 -0.000001 -0.329414 0.000000 0.000000
    46 -0.000002 1.580170 0.000030 0.390556 0.000000 0.000000
    47 -0.937645 -3.860697 -0.959317 -2.948054 0.798863 2.256892
    48 0.937672 3.860714 0.959333 2.959055 1.121003 2.662502
    49 0.000000 -1.690632 0.000000 1.148315 0.000000 0.000000
    50 -0.000013 1.690666 0.000021 1.835620 0.000000 0.000000
    51 -0.000002 -1.423443 0.000002 1.302406 0.000000 0.000000
    52 0.000008 1.423420 0.000028 0.841481 0.000000 0.000000
    53 -1.546646 -3.404194 -1.915569 -2.791978 0.765578 2.402160
    54 1.546661 3.404217 1.915585 3.009108 0.967925 2.869561
    55 0.000004 -1.437820 0.000000 1.542970 0.000000 0.000000
    56 -0.000021 1.437870 0.000031 1.347581 0.000000 0.000000
    57 -0.000002 -1.059402 0.000000 0.888082 0.000000 0.000000
    58 0.000006 1.059372 0.000008 1.057352 0.000000 0.000000
    59 -0.000004 -13.013485 -0.000004 0.010936 -0.284121 -0.076428
    60 0.161133 -10.804688 0.023087 0.010936 -0.284121 -0.076428
  time 52
    0 -0.024506 -3.468750 -0.000151 -1.559900 -0.000006 -0.000006
    1 -12.903130 2.931936 4.287337 -0.799155 -0.248491 0.882841
    2 0.000000 14.313023 0.000003 -1.719543 0.000000 0.000000
    3 -0.000011 13.013483 -0.000005 -0.626803 1.355393 -1.074831
    4 8.652996 10.990791 8.510125 2.733916 0.356458 0.284445
    5 0.000000 -14.313034 0.000000 -1.904821 0.000000 0.000000
    6 -0.000004 -13.013485 -0.000004 0.265192 -0.827438 -0.401123
    7 -1.330879 -2.698427 0.462449 -0.194886 -0.547260 3.056712
    8 1.330910 2.698444 -0.462436 0.194890 0.547268 -0.084879
    9 1.113281 4.808594 -1.690430 -1.589811 0.272264 -0.038126
    10 1.340820 7.765625 -2.611328 1.638801 1.297889 -3.109116
    11 0.671387 7.765625 -3.669922 -1.589828 0.275075 -0.038182
    12 0.707031 8.593750 -3.654297 -1.589811 0.272264 -0.038126
    13 14.750000 -52.000000 -3.505859 -1.993925 0.093276 0.197065
    14 6.566406 8.648438 3.232422 -1.090396 0.577049 -0.321829
    15 7.558525 6.997282 -2.354134 -1.937336 -0.275393 3.010581
    16 7.558525 6.997282 -2.354134 1.937336 0.275393 -0.131011
    17 -2.867767 -2.740969 0.531125 2.051196 0.577049 -0.321829
    18 4.324081 2.744001 -0.524877 -1.090396 0.577049 -0.321829
    19 1.340820 7.765625 -2.611328 1.638801 1.297889 -3.109116
    20 0.669922 7.765625 -3.669922 -1.589828 0.275074 -0.038184
    21 6.233833 5.542564 0.898426 -1.090396 0.577049 -0.321829
    22 6.946648 6.587124 1.429667 -1.090396 0.577049 -0.321829
    23 7.537933 7.453606 1.870349 -1.090396 0.577049 -0.321829
    24 8.154472 8.357077 2.329839 -1.090396 0.577049 -0.321829
    25 8.874294 9.411907 2.866308 -1.090396 0.577049 -0.321829
    26 -4.125858 -2.321501 1.394414 2.051196 0.577049 -0.321829
    27 -4.826813 -3.348669 0.872014 2.051196 0.577049 -0.321829
    28 -5.441669 -4.249685 0.413772 2.051196 0.577049 -0.321829
    29 -0.552532 -1.343527 1.604446 -0.050490 -0.183910 -0.530210
    30 0.552589 1.343534 -1.604463 -0.833184 -0.216300 -0.220877
    31 0.000000 -2.021618 -0.000004 -0.203562 0.000000 0.000000
    32 -0.000021 2.021633 0.000027 -0.183400 0.000000 0.000000
    33 -0.000004 -1.136217 -0.000004 -0.600480 0.000000 0.000000
    34 -0.000011 1.136200 -0.000019 -0.580321 0.000000 0.000000
    35 -0.032677 -4.587727 1.352317 -2.558511 0.890419 -2.936117
    36 0.032719 4.587772 -1.352291 2.079251 1.277559 2.173991
    37 0.000000 -1.754536 -0.000002 1.092131 0.000000 0.000000
    38 -0.000006 1.754520 -0.000034 0.714668 0.000000 0.000000
    39 0.000000 -1.227020 -0.000002 -0.252428 0.000000 0.000000
    40 0.000002 1.227070 0.000032 -0.218093 0.000000 0.000000
    41 -0.367996 -4.208406 0.173244 2.977246 0.927096 2.319402
    42 0.368011 4.208412 -0.173239 2.878562 1.339714 2.370778
    43 0.000000 -2.372318 -0.000004 1.154585 0.000000 0.000000
    44 -0.000006 2.372318 -0.000032 2.018180 0.000000 0.000000
    45 0.000004 -1.580070 -0.000001 -0.329414 0.000000 0.000000
    46 -0.000002 1.580170 0.000030 0.390556 0.000000 0.000000
    47 -0.937645 -3.860697 -0.959317 -2.948054 0.798863 2.256892
    48 0.937672 3.860714 0.959333 2.959055 1.121003 2.662502
    49 0.000000 -1.690632 0.000000 1.148315 0.000000 0.000000
    50 -0.000013 1.690666 0.000021 1.835620 0.000000 0.000000
    51 -0.000002 -1.423443 0.000002 1.302406 0.000000 0.000000
    52 0.000008 1.423420 0.000028 0.841481 0.000000 0.000000
    53 -1.546646 -3.404194 -1.915569 -2.791978 0.765578 2.402160
    54 1.546661 3.404217 1.915585 3.009108 0.967925 2.869561
    55 0.000004 -1.437820 0.000000 1.542970 0.000000 0.000000
    56 -0.000021 1.437870 0.000031 1.347581 0.000000 0.000000
    57 -0.000002 -1.059402 0.000000 0.888082 0.000000 0.000000
    58 0.000006 1.059372 0.000008 1.057352 0.000000 0.000000
    59 -0.000004 -13.013485 -0.000004 0.010936 -0.284121 -0.076428
    60 0.161133 -10.804688 0.023087 0.010936 -0.284121 -0.076428
  time 53
    0 -0.024506 -3.468750 -0.000151 -1.559900 -0.000006 -0.000006
    1 -12.903130 2.931936 4.287337 -0.799155 -0.248491 0.882841
    2 0.000000 14.313023 0.000003 -1.719604 0.000000 0.000000
    3 -0.000011 13.013483 -0.000005 -0.627567 1.354921 -1.075407
    4 8.652996 10.990791 8.510125 2.734012 0.356458 0.284445
    5 0.000000 -14.313034 0.000000 -1.904762 0.000000 0.000000
    6 -0.000004 -13.013485 -0.000004 0.265192 -0.829445 -0.401981
    7 -1.330879 -2.698427 0.462449 -0.194886 -0.547260 3.056712
    8 1.330910 2.698444 -0.462436 0.194890 0.547268 -0.084879
    9 1.113281 4.808594 -1.690430 -1.589811 0.272264 -0.038126
    10 1.340820 7.765625 -2.611328 1.638801 1.297889 -3.109116
    11 0.671387 7.765625 -3.669922 -1.589828 0.275075 -0.038182
    12 0.707031 8.593750 -3.654297 -1.589811 0.272264 -0.038126
    13 14.750000 -52.000000 -3.505859 -1.993925 0.093276 0.197065
    14 6.566406 8.648438 3.232422 -1.090396 0.577049 -0.321829
    15 7.558525 6.997282 -2.354134 -1.937336 -0.275393 3.010581
    16 7.558525 6.997282 -2.354134 1.937336 0.275393 -0.131011
    17 -2.867767 -2.740969 0.531125 2.051196 0.577049 -0.321829
    18 4.324081 2.744001 -0.524877 -1.090396 0.577049 -0.321829
    19 1.340820 7.765625 -2.611328 1.638801 1.297889 -3.109116
    20 0.669922 7.765625 -3.669922 -1.589828 0.275074 -0.038184
    21 6.233833 5.542564 0.898426 -1.090396 0.577049 -0.321829
    22 6.946648 6.587124 1.429667 -1.090396 0.577049 -0.321829
    23 7.537933 7.453606 1.870349 -1.090396 0.577049 -0.321829
    24 8.154472 8.357077 2.329839 -1.090396 0.577049 -0.321829
    25 8.874294 9.411907 2.866308 -1.090396 0.577049 -0.321829
    26 -4.125858 -2.321501 1.394414 2.051196 0.577049 -0.321829
    27 -4.826813 -3.348669 0.872014 2.051196 0.577049 -0.321829
    28 -5.441669 -4.249685 0.413772 2.051196 0.577049 -0.321829
    29 -0.552532 -1.343527 1.604446 -0.050490 -0.183910 -0.530210
    30 0.552589 1.343534 -1.604463 -0.833184 -0.216300 -0.220877
    31 0.000000 -2.021618 -0.000004 -0.203562 0.000000 0.000000
    32 -0.000021 2.021633 0.000027 -0.183400 0.000000 0.000000
    33 -0.000004 -1.136217 -0.000004 -0.600480 0.000000 0.000000
    34 -0.000011 1.136200 -0.000019 -0.580321 0.000000 0.000000
    35 -0.032677 -4.587727 1.352317 -2.558511 0.890419 -2.936117
    36 0.032719 4.587772 -1.352291 2.079251 1.277559 2.173991
    37 0.000000 -1.754536 -0.000002 1.092131 0.000000 0.000000
    38 -0.000006 1.754520 -0.000034 0.714668 0.000000 0.000000
    39 0.000000 -1.227020 -0.000002 -0.252428 0.000000 0.000000
    40 0.000002 1.227070 0.000032 -0.218093 0.000000 0.000000
    41 -0.367996 -4.208406 0.173244 2.977246 0.927096 2.319402
    42 0.368011 4.208412 -0.173239 2.878562 1.339714 2.370778
    43 0.000000 -2.372318 -0.000004 1.154585 0.000000 0.000000
    44 -0.000006 2.372318 -0.000032 2.018180 0.000000 0.000000
    45 0.000004 -1.580070 -0.000001 -0.329414 0.000000 0.000000
    46 -0.000002 1.580170 0.000030 0.390556 0.000000 0.000000
    47 -0.937645 -3.860697 -0.959317 -2.948054 0.798863 2.256892
    48 0.937672 3.860714 0.959333 2.959055 1.121003 2.662502
    49 0.000000 -1.690632 0.000000 1.148315 0.000000 0.000000
    50 -0.000013 1.690666 0.000021 1.835620 0.000000 0.000000
    51 -0.000002 -1.423443 0.000002 1.302406 0.000000 0.000000
    52 0.000008 1.423420 0.000028 0.841481 0.000000 0.000000
    53 -1.546646 -3.404194 -1.915569 -2.791978 0.765578 2.402160
    54 1.546661 3.404217 1.915585 3.009108 0.967925 2.869561
    55 0.000004 -1.437820 0.000000 1.542970 0.000000 0.000000
    56 -0.000021 1.437870 0.000031 1.347581 0.000000 0.000000
    57 -0.000002 -1.059402 0.000000 0.888082 0.000000 0.000000
    58 0.000006 1.059372 0.000008 1.057352 0.000000 0.000000
    59 -0.000004 -13.013485 -0.000004 0.010936 -0.284121 -0.076428
    60 0.161133 -10.804688 0.023087 0.010936 -0.284121 -0.076428
  time 54
    0 -0.024506 -3.468750 -0.000151 -1.559900 -0.000006 -0.000006
    1 -12.903130 2.931936 4.287337 -0.799155 -0.248491 0.882764
    2 0.000000 14.313023 0.000003 -1.719604 0.000000 0.000000
    3 -0.000011 13.013483 -0.000005 -0.628236 1.354496 -1.075982
    4 8.652996 10.990791 8.510125 2.734204 0.356458 0.284445
    5 0.000000 -14.313034 0.000000 -1.904702 0.000000 0.000000
    6 -0.000004 -13.013485 -0.000004 0.265372 -0.831361 -0.403030
    7 -1.330879 -2.698427 0.462449 -0.194886 -0.547260 3.056712
    8 1.330910 2.698444 -0.462436 0.194890 0.547268 -0.084879
    9 1.113281 4.808594 -1.690430 -1.589811 0.272264 -0.038126
    10 1.340820 7.765625 -2.611328 1.638801 1.297889 -3.109116
    11 0.671387 7.765625 -3.669922 -1.589828 0.275075 -0.038182
    12 0.707031 8.593750 -3.654297 -1.589811 0.272264 -0.038126
    13 14.750000 -52.000000 -3.505859 -1.993925 0.093276 0.197065
    14 6.566406 8.648438 3.232422 -1.090396 0.577049 -0.321829
    15 7.558525 6.997282 -2.354134 -1.937336 -0.275393 3.010581
    16 7.558525 6.997282 -2.354134 1.937336 0.275393 -0.131011
    17 -2.867767 -2.740969 0.531125 2.051196 0.577049 -0.321829
    18 4.324081 2.744001 -0.524877 -1.090396 0.577049 -0.321829
    19 1.340820 7.765625 -2.611328 1.638801 1.297889 -3.109116
    20 0.669922 7.765625 -3.669922 -1.589828 0.275074 -0.038184
    21 6.233833 5.542564 0.898426 -1.090396 0.577049 -0.321829
    22 6.946648 6.587124 1.429667 -1.090396 0.577049 -0.321829
    23 7.537933 7.453606 1.870349 -1.090396 0.577049 -0.321829
    24 8.154472 8.357077 2.329839 -1.090396 0.577049 -0.321829
    25 8.874294 9.411907 2.866308 -1.090396 0.577049 -0.321829
    26 -4.125858 -2.321501 1.394414 2.051196 0.577049 -0.321829
    27 -4.826813 -3.348669 0.872014 2.051196 0.577049 -0.321829
    28 -5.441669 -4.249685 0.413772 2.051196 0.577049 -0.321829
    29 -0.552532 -1.343527 1.604446 -0.050490 -0.183910 -0.530210
    30 0.552589 1.343534 -1.604463 -0.833158 -0.216300 -0.220877
    31 0.000000 -2.021618 -0.000004 -0.203562 0.000000 0.000000
    32 -0.000021 2.021633 0.000027 -0.183400 0.000000 0.000000
    33 -0.000004 -1.136217 -0.000004 -0.600480 0.000000 0.000000
    34 -0.000011 1.136200 -0.000019 -0.580321 0.000000 0.000000
    35 -0.032677 -4.587727 1.352317 -2.558511 0.890419 -2.936117
    36 0.032719 4.587772 -1.352291 2.079251 1.277559 2.173991
    37 0.000000 -1.754536 -0.000002 1.092131 0.000000 0.000000
    38 -0.000006 1.754520 -0.000034 0.714668 0.000000 0.000000
    39 0.000000 -1.227020 -0.000002 -0.252428 0.000000 0.000000
    40 0.000002 1.227070 0.000032 -0.218093 0.000000 0.000000
    41 -0.367996 -4.208406 0.173244 2.977246 0.927096 2.319402
    42 0.368011 4.208412 -0.173239 2.878562 1.339714 2.370778
    43 0.000000 -2.372318 -0.000004 1.154585 0.000000 0.000000
    44 -0.000006 2.372318 -0.000032 2.018180 0.000000 0.000000
    45 0.000004 -1.580070 -0.000001 -0.329414 0.000000 0.000000
    46 -0.000002 1.580170 0.000030 0.390556 0.000000 0.000000
    47 -0.937645 -3.860697 -0.959317 -2.948054 0.798863 2.256892
    48 0.937672 3.860714 0.959333 2.959055 1.121003 2.662502
    49 0.000000 -1.690632 0.000000 1.148315 0.000000 0.000000
    50 -0.000013 1.690666 0.000021 1.835620 0.000000 0.000000
    51 -0.000002 -1.423443 0.000002 1.302406 0.000000 0.000000
    52 0.000008 1.423420 0.000028 0.841481 0.000000 0.000000
    53 -1.546646 -3.404194 -1.915569 -2.791978 0.765578 2.402160
    54 1.546661 3.404217 1.915585 3.009108 0.967925 2.869561
    55 0.000004 -1.437820 0.000000 1.542970 0.000000 0.000000
    56 -0.000021 1.437870 0.000031 1.347581 0.000000 0.000000
    57 -0.000002 -1.059402 0.000000 0.888082 0.000000 0.000000
    58 0.000006 1.059372 0.000008 1.057352 0.000000 0.000000
    59 -0.000004 -13.013485 -0.000004 0.010936 -0.284121 -0.076428
    60 0.161133 -10.804688 0.023087 0.010936 -0.284121 -0.076428
  time 55
    0 -0.024506 -3.468750 -0.000151 -1.559900 -0.000006 -0.000006
    1 -12.903130 2.931936 4.287337 -0.799155 -0.248443 0.882764
    2 0.000000 14.313023 0.000003 -1.719604 0.000000 0.000000
    3 -0.000011 13.013483 -0.000005 -0.628905 1.354072 -1.076557
    4 8.652996 10.990791 8.510125 2.734299 0.356382 0.284445
    5 0.000000 -14.313034 0.000000 -1.904702 0.000000 0.000000
    6 -0.000004 -13.013485 -0.000004 0.265552 -0.833413 -0.403888
    7 -1.330879 -2.698427 0.462449 -0.194886 -0.547260 3.056712
    8 1.330910 2.698444 -0.462436 0.194890 0.547268 -0.084879
    9 1.113281 4.808594 -1.690430 -1.589811 0.272264 -0.038126
    10 1.340820 7.765625 -2.611328 1.638801 1.297889 -3.109116
    11 0.671387 7.765625 -3.669922 -1.589828 0.275075 -0.038182
    12 0.707031 8.593750 -3.654297 -1.589811 0.272264 -0.038126
    13 14.750000 -52.000000 -3.505859 -1.993925 0.093276 0.197065
    14 6.566406 8.648438 3.232422 -1.090396 0.577049 -0.321829
    15 7.558525 6.997282 -2.354134 -1.937336 -0.275393 3.010581
    16 7.558525 6.997282 -2.354134 1.937336 0.275393 -0.131011
    17 -2.867767 -2.740969 0.531125 2.051196 0.577049 -0.321829
    18 4.324081 2.744001 -0.524877 -1.090396 0.577049 -0.321829
    19 1.340820 7.765625 -2.611328 1.638801 1.297889 -3.109116
    20 0.669922 7.765625 -3.669922 -1.589828 0.275074 -0.038184
    21 6.233833 5.542564 0.898426 -1.090396 0.577049 -0.321829
    22 6.946648 6.587124 1.429667 -1.090396 0.577049 -0.321829
    23 7.537933 7.453606 1.870349 -1.090396 0.577049 -0.321829
    24 8.154472 8.357077 2.329839 -1.090396 0.577049 -0.321829
    25 8.874294 9.411907 2.866308 -1.090396 0.577049 -0.321829
    26 -4.125858 -2.321501 1.394414 2.051196 0.577049 -0.321829
    27 -4.826813 -3.348669 0.872014 2.051196 0.577049 -0.321829
    28 -5.441669 -4.249685 0.413772 2.051196 0.577049 -0.321829
    29 -0.552532 -1.343527 1.604446 -0.050490 -0.183910 -0.530210
    30 0.552589 1.343534 -1.604463 -0.833184 -0.216300 -0.220877
    31 0.000000 -2.021618 -0.000004 -0.203562 0.000000 0.000000
    32 -0.000021 2.021633 0.000027 -0.183400 0.000000 0.000000
    33 -0.000004 -1.136217 -0.000004 -0.600480 0.000000 0.000000
    34 -0.000011 1.136200 -0.000019 -0.580321 0.000000 0.000000
    35 -0.032677 -4.587727 1.352317 -2.558511 0.890419 -2.936117
    36 0.032719 4.587772 -1.352291 2.079251 1.277559 2.173991
    37 0.000000 -1.754536 -0.000002 1.092131 0.000000 0.000000
    38 -0.000006 1.754520 -0.000034 0.714668 0.000000 0.000000
    39 0.000000 -1.227020 -0.000002 -0.252428 0.000000 0.000000
    40 0.000002 1.227070 0.000032 -0.218093 0.000000 0.000000
    41 -0.367996 -4.208406 0.173244 2.977246 0.927096 2.319402
    42 0.368011 4.208412 -0.173239 2.878562 1.339714 2.370778
    43 0.000000 -2.372318 -0.000004 1.154585 0.000000 0.000000
    44 -0.000006 2.372318 -0.000032 2.018180 0.000000 0.000000
    45 0.000004 -1.580070 -0.000001 -0.329414 0.000000 0.000000
    46 -0.000002 1.580170 0.000030 0.390556 0.000000 0.000000
    47 -0.937645 -3.860697 -0.959317 -2.948054 0.798863 2.256892
    48 0.937672 3.860714 0.959333 2.959055 1.121003 2.662502
    49 0.000000 -1.690632 0.000000 1.148315 0.000000 0.000000
    50 -0.000013 1.690666 0.000021 1.835620 0.000000 0.000000
    51 -0.000002 -1.423443 0.000002 1.302406 0.000000 0.000000
    52 0.000008 1.423420 0.000028 0.841481 0.000000 0.000000
    53 -1.546646 -3.404194 -1.915569 -2.791978 0.765578 2.402160
    54 1.546661 3.404217 1.915585 3.009108 0.967925 2.869561
    55 0.000004 -1.437820 0.000000 1.542970 0.000000 0.000000
    56 -0.000021 1.437870 0.000031 1.347581 0.000000 0.000000
    57 -0.000002 -1.059402 0.000000 0.888082 0.000000 0.000000
    58 0.000006 1.059372 0.000008 1.057352 0.000000 0.000000
    59 -0.000004 -13.013485 -0.000004 0.010936 -0.284121 -0.076428
    60 0.161133 -10.804688 0.023087 0.010936 -0.284121 -0.076428
  time 56
    0 -0.024506 -3.468750 -0.000151 -1.559900 -0.000006 -0.000006
    1 -12.903130 2.931936 4.287337 -0.799155 -0.248443 0.882764
    2 0.000000 14.313023 0.000003 -1.719604 0.000000 0.000000
    3 -0.000011 13.013483 -0.000005 -0.629478 1.353695 -1.077036
    4 8.652996 10.990791 8.510125 2.734395 0.356382 0.284349
    5 0.000000 -14.313034 0.000000 -1.904642 0.000000 0.000000
    6 -0.000004 -13.013485 -0.000004 0.265732 -0.835420 -0.404937
    7 -1.330879 -2.698427 0.462449 -0.194886 -0.547260 3.056712
    8 1.330910 2.698444 -0.462436 0.194890 0.547268 -0.084879
    9 1.113281 4.808594 -1.690430 -1.589811 0.272264 -0.038126
    10 1.340820 7.765625 -2.611328 1.638801 1.297889 -3.109116
    11 0.671387 7.765625 -3.669922 -1.589828 0.275075 -0.038182
    12 0.707031 8.593750 -3.654297 -1.589811 0.272264 -0.038126
    13 14.750000 -52.000000 -3.505859 -1.993925 0.093276 0.197065
    14 6.566406 8.648438 3.232422 -1.090396 0.577049 -0.321829
    15 7.558525 6.997282 -2.354134 -1.937336 -0.275393 3.010581
    16 7.558525 6.997282 -2.354134 1.937336 0.275393 -0.131011
    17 -2.867767 -2.740969 0.531125 2.051196 0.577049 -0.321829
    18 4.324081 2.744001 -0.524877 -1.090396 0.577049 -0.321829
    19 1.340820 7.765625 -2.611328 1.638801 1.297889 -3.109116
    20 0.669922 7.765625 -3.669922 -1.589828 0.275074 -0.038184
    21 6.233833 5.542564 0.898426 -1.090396 0.577049 -0.321829
    22 6.946648 6.587124 1.429667 -1.090396 0.577049 -0.321829
    23 7.537933 7.453606 1.870349 -1.090396 0.577049 -0.321829
    24 8.154472 8.357077 2.329839 -1.090396 0.577049 -0.321829
    25 8.874294 9.411907 2.866308 -1.090396 0.577049 -0.321829
    26 -4.125858 -2.321501 1.394414 2.051196 0.577049 -0.321829
    27 -4.826813 -3.348669 0.872014 2.051196 0.577049 -0.321829
    28 -5.441669 -4.249685 0.413772 2.051196 0.577049 -0.321829
    29 -0.552532 -1.343527 1.604446 -0.050490 -0.183910 -0.530210
    30 0.552589 1.343534 -1.604463 -0.833184 -0.216300 -0.220877
    31 0.000000 -2.021618 -0.000004 -0.203562 0.000000 0.000000
    32 -0.000021 2.021633 0.000027 -0.183400 0.000000 0.000000
    33 -0.000004 -1.136217 -0.000004 -0.600480 0.000000 0.000000
    34 -0.000011 1.136200 -0.000019 -0.580321 0.000000 0.000000
    35 -0.032677 -4.587727 1.352317 -2.558511 0.890419 -2.936117
    36 0.032719 4.587772 -1.352291 2.079251 1.277559 2.173991
    37 0.000000 -1.754536 -0.000002 1.092131 0.000000 0.000000
    38 -0.000006 1.754520 -0.000034 0.714668 0.000000 0.000000
    39 0.000000 -1.227020 -0.000002 -0.252428 0.000000 0.000000
    40 0.000002 1.227070 0.000032 -0.218093 0.000000 0.000000
    41 -0.367996 -4.208406 0.173244 2.977246 0.927096 2.319402
    42 0.368011 4.208412 -0.173239 2.878562 1.339714 2.370778
    43 0.000000 -2.372318 -0.000004 1.154585 0.000000 0.000000
    44 -0.000006 2.372318 -0.000032 2.018180 0.000000 0.000000
    45 0.000004 -1.580070 -0.000001 -0.329414 0.000000 0.000000
    46 -0.000002 1.580170 0.000030 0.390556 0.000000 0.000000
    47 -0.937645 -3.860697 -0.959317 -2.948054 0.798863 2.256892
    48 0.937672 3.860714 0.959333 2.959055 1.121003 2.662502
    49 0.000000 -1.690632 0.000000 1.148315 0.000000 0.000000
    50 -0.000013 1.690666 0.000021 1.835620 0.000000 0.000000
    51 -0.000002 -1.423443 0.000002 1.302406 0.000000 0.000000
    52 0.000008 1.423420 0.000028 0.841481 0.000000 0.000000
    53 -1.546646 -3.404194 -1.915569 -2.791978 0.765578 2.402160
    54 1.546661 3.404217 1.915585 3.009108 0.967925 2.869561
    55 0.000004 -1.437820 0.000000 1.542970 0.000000 0.000000
    56 -0.000021 1.437870 0.000031 1.347581 0.000000 0.000000
    57 -0.000002 -1.059402 0.000000 0.888082 0.000000 0.000000
    58 0.000006 1.059372 0.000008 1.057352 0.000000 0.000000
    59 -0.000004 -13.013485 -0.000004 0.010936 -0.284121 -0.076428
    60 0.161133 -10.804688 0.023087 0.010936 -0.284121 -0.076428
  time 57
    0 -0.024506 -3.468750 -0.000151 -1.559900 -0.000006 -0.000006
    1 -12.903130 2.931936 4.287337 -0.799155 -0.248443 0.882764
    2 0.000000 14.313023 0.000003 -1.719604 0.000000 0.000000
    3 -0.000011 13.013483 -0.000005 -0.629956 1.353364 -1.077324
    4 8.652996 10.990791 8.510125 2.734587 0.356382 0.284349
    5 0.000000 -14.313034 0.000000 -1.904582 0.000000 0.000000
    6 -0.000004 -13.013485 -0.000004 0.266003 -0.837427 -0.405795
    7 -1.330879 -2.698427 0.462449 -0.194886 -0.547260 3.056712
    8 1.330910 2.698444 -0.462436 0.194890 0.547268 -0.084879
    9 1.113281 4.808594 -1.690430 -1.589811 0.272264 -0.038126
    10 1.340820 7.765625 -2.611328 1.638801 1.297889 -3.109116
    11 0.671387 7.765625 -3.669922 -1.589828 0.275075 -0.038182
    12 0.707031 8.593750 -3.654297 -1.589811 0.272264 -0.038126
    13 14.750000 -52.000000 -3.505859 -1.993925 0.093276 0.197065
    14 6.566406 8.648438 3.232422 -1.090396 0.577049 -0.321829
    15 7.558525 6.997282 -2.354134 -1.937336 -0.275393 3.010581
    16 7.558525 6.997282 -2.354134 1.937336 0.275393 -0.131011
    17 -2.867767 -2.740969 0.531125 2.051196 0.577049 -0.321829
    18 4.324081 2.744001 -0.524877 -1.090396 0.577049 -0.321829
    19 1.340820 7.765625 -2.611328 1.638801 1.297889 -3.109116
    20 0.669922 7.765625 -3.669922 -1.589828 0.275074 -0.038184
    21 6.233833 5.542564 0.898426 -1.090396 0.577049 -0.321829
    22 6.946648 6.587124 1.429667 -1.090396 0.577049 -0.321829
    23 7.537933 7.453606 1.870349 -1.090396 0.577049 -0.321829
    24 8.154472 8.357077 2.329839 -1.090396 0.577049 -0.321829
    25 8.874294 9.411907 2.866308 -1.090396 0.577049 -0.321829
    26 -4.125858 -2.321501 1.394414 2.051196 0.577049 -0.321829
    27 -4.826813 -3.348669 0.872014 2.051196 0.577049 -0.321829
    28 -5.441669 -4.249685 0.413772 2.051196 0.577049 -0.321829
    29 -0.552532 -1.343527 1.604446 -0.050490 -0.183910 -0.530210
    30 0.552589 1.343534 -1.604463 -0.833184 -0.216300 -0.220877
    31 0.000000 -2.021618 -0.000004 -0.203562 0.000000 0.000000
    32 -0.000021 2.021633 0.000027 -0.183400 0.000000 0.000000
    33 -0.000004 -1.136217 -0.000004 -0.600480 0.000000 0.000000
    34 -0.000011 1.136200 -0.000019 -0.580321 0.000000 0.000000
    35 -0.032677 -4.587727 1.352317 -2.558511 0.890419 -2.936117
    36 0.032719 4.587772 -1.352291 2.079251 1.277559 2.173991
    37 0.000000 -1.754536 -0.000002 1.092131 0.000000 0.000000
    38 -0.000006 1.754520 -0.000034 0.714668 0.000000 0.000000
    39 0.000000 -1.227020 -0.000002 -0.252428 0.000000 0.000000
    40 0.000002 1.227070 0.000032 -0.218093 0.000000 0.000000
    41 -0.367996 -4.208406 0.173244 2.977246 0.927096 2.319402
    42 0.368011 4.208412 -0.173239 2.878562 1.339714 2.370778
    43 0.000000 -2.372318 -0.000004 1.154585 0.000000 0.000000
    44 -0.000006 2.372318 -0.000032 2.018180 0.000000 0.000000
    45 0.000004 -1.580070 -0.000001 -0.329414 0.000000 0.000000
    46 -0.000002 1.580170 0.000030 0.390556 0.000000 0.000000
    47 -0.937645 -3.860697 -0.959317 -2.948054 0.798863 2.256892
    48 0.937672 3.860714 0.959333 2.959055 1.121003 2.662502
    49 0.000000 -1.690632 0.000000 1.148315 0.000000 0.000000
    50 -0.000013 1.690666 0.000021 1.835620 0.000000 0.000000
    51 -0.000002 -1.423443 0.000002 1.302406 0.000000 0.000000
    52 0.000008 1.423420 0.000028 0.841481 0.000000 0.000000
    53 -1.546646 -3.404194 -1.915569 -2.791978 0.765578 2.402160
    54 1.546661 3.404217 1.915585 3.009108 0.967925 2.869561
    55 0.000004 -1.437820 0.000000 1.542970 0.000000 0.000000
    56 -0.000021 1.437870 0.000031 1.347581 0.000000 0.000000
    57 -0.000002 -1.059402 0.000000 0.888082 0.000000 0.000000
    58 0.000006 1.059372 0.000008 1.057352 0.000000 0.000000
    59 -0.000004 -13.013485 -0.000004 0.010936 -0.284121 -0.076428
    60 0.161133 -10.804688 0.023087 0.010936 -0.284121 -0.076428
  time 58
    0 -0.024506 -3.468750 -0.000151 -1.559900 -0.000006 -0.000006
    1 -12.903130 2.931936 4.287337 -0.799155 -0.248443 0.882764
    2 0.000000 14.313023 0.000003 -1.719604 0.000000 0.000000
    3 -0.000011 13.013483 -0.000005 -0.630434 1.353129 -1.077707
    4 8.652996 10.990791 8.510125 2.734682 0.356344 0.284349
    5 0.000000 -14.313034 0.000000 -1.904462 0.000000 0.000000
    6 -0.000004 -13.013485 -0.000004 0.266093 -0.839343 -0.406844
    7 -1.330879 -2.698427 0.462449 -0.194886 -0.547260 3.056712
    8 1.330910 2.698444 -0.462436 0.194890 0.547268 -0.084879
    9 1.113281 4.808594 -1.690430 -1.589811 0.272264 -0.038126
    10 1.340820 7.765625 -2.611328 1.638801 1.297889 -3.109116
    11 0.671387 7.765625 -3.669922 -1.589828 0.275075 -0.038182
    12 0.707031 8.593750 -3.654297 -1.589811 0.272264 -0.038126
    13 14.750000 -52.000000 -3.505859 -1.993925 0.093276 0.197065
    14 6.566406 8.648438 3.232422 -1.090396 0.577049 -0.321829
    15 7.558525 6.997282 -2.354134 -1.937336 -0.275393 3.010581
    16 7.558525 6.997282 -2.354134 1.937336 0.275393 -0.131011
    17 -2.867767 -2.740969 0.531125 2.051196 0.577049 -0.321829
    18 4.324081 2.744001 -0.524877 -1.090396 0.577049 -0.321829
    19 1.340820 7.765625 -2.611328 1.638801 1.297889 -3.109116
    20 0.669922 7.765625 -3.669922 -1.589828 0.275074 -0.038184
    21 6.233833 5.542564 0.898426 -1.090396 0.577049 -0.321829
    22 6.946648 6.587124 1.429667 -1.090396 0.577049 -0.321829
    23 7.537933 7.453606 1.870349 -1.090396 0.577049 -0.321829
    24 8.154472 8.357077 2.329839 -1.090396 0.577049 -0.321829
    25 8.874294 9.411907 2.866308 -1.090396 0.577049 -0.321829
    26 -4.125858 -2.321501 1.394414 2.051196 0.577049 -0.321829
    27 -4.826813 -3.348669 0.872014 2.051196 0.577049 -0.321829
    28 -5.441669 -4.249685 0.413772 2.051196 0.577049 -0.321829
    29 -0.552532 -1.343527 1.604446 -0.050490 -0.183910 -0.530210
    30 0.552589 1.343534 -1.604463 -0.833158 -0.216300 -0.220877
    31 0.000000 -2.021618 -0.000004 -0.203562 0.000000 0.000000
    32 -0.000021 2.021633 0.000027 -0.183400 0.000000 0.000000
    33 -0.000004 -1.136217 -0.000004 -0.600480 0.000000 0.000000
    34 -0.000011 1.136200 -0.000019 -0.580321 0.000000 0.000000
    35 -0.032677 -4.587727 1.352317 -2.558511 0.890419 -2.936117
    36 0.032719 4.587772 -1.352291 2.079251 1.277559 2.173991
    37 0.000000 -1.754536 -0.000002 1.092131 0.000000 0.000000
    38 -0.000006 1.754520 -0.000034 0.714668 0.000000 0.000000
    39 0.000000 -1.227020 -0.000002 -0.252428 0.000000 0.000000
    40 0.000002 1.227070 0.000032 -0.218093 0.000000 0.000000
    41 -0.367996 -4.208406 0.173244 2.977246 0.927096 2.319402
    42 0.368011 4.208412 -0.173239 2.878562 1.339714 2.370778
    43 0.000000 -2.372318 -0.000004 1.154585 0.000000 0.000000
    44 -0.000006 2.372318 -0.000032 2.018180 0.000000 0.000000
    45 0.000004 -1.580070 -0.000001 -0.329414 0.000000 0.000000
    46 -0.000002 1.580170 0.000030 0.390556 0.000000 0.000000
    47 -0.937645 -3.860697 -0.959317 -2.948054 0.798863 2.256892
    48 0.937672 3.860714 0.959333 2.959055 1.121003 2.662502
    49 0.000000 -1.690632 0.000000 1.148315 0.000000 0.000000
    50 -0.000013 1.690666 0.000021 1.835620 0.000000 0.000000
    51 -0.000002 -1.423443 0.000002 1.302406 0.000000 0.000000
    52 0.000008 1.423420 0.000028 0.841481 0.000000 0.000000
    53 -1.546646 -3.404194 -1.915569 -2.791978 0.765578 2.402160
    54 1.546661 3.404217 1.915585 3.009108 0.967925 2.869561
    55 0.000004 -1.437820 0.000000 1.542970 0.000000 0.000000
    56 -0.000021 1.437870 0.000031 1.347581 0.000000 0.000000
    57 -0.000002 -1.059402 0.000000 0.888082 0.000000 0.000000
    58 0.000006 1.059372 0.000008 1.057352 0.000000 0.000000
    59 -0.000004 -13.013485 -0.000004 0.010936 -0.284121 -0.076428
    60 0.161133 -10.804688 0.023087 0.010936 -0.284121 -0.076428
  time 59
    0 -0.024506 -3.468750 -0.000151 -1.559900 -0.000006 -0.000006
    1 -12.903130 2.931936 4.287337 -0.799155 -0.248396 0.882764
    2 0.000000 14.313023 0.000003 -1.719604 0.000000 0.000000
    3 -0.000011 13.013483 -0.000005 -0.630720 1.352893 -1.077995
    4 8.652996 10.990791 8.510125 2.734778 0.356344 0.284349
    5 0.000000 -14.313034 0.000000 -1.904403 0.000000 0.000000
    6 -0.000004 -13.013485 -0.000004 0.266273 -0.841349 -0.407702
    7 -1.330879 -2.698427 0.462449 -0.194886 -0.547260 3.056712
    8 1.330910 2.698444 -0.462436 0.194890 0.547268 -0.084879
    9 1.113281 4.808594 -1.690430 -1.589811 0.272264 -0.038126
    10 1.340820 7.765625 -2.611328 1.638801 1.297889 -3.109116
    11 0.671387 7.765625 -3.669922 -1.589828 0.275075 -0.038182
    12 0.707031 8.593750 -3.654297 -1.589811 0.272264 -0.038126
    13 14.750000 -52.000000 -3.505859 -1.993925 0.093276 0.197065
    14 6.566406 8.648438 3.232422 -1.090396 0.577049 -0.321829
    15 7.558525 6.997282 -2.354134 -1.937336 -0.275393 3.010581
    16 7.558525 6.997282 -2.354134 1.937336 0.275393 -0.131011
    17 -2.867767 -2.740969 0.531125 2.051196 0.577049 -0.321829
    18 4.324081 2.744001 -0.524877 -1.090396 0.577049 -0.321829
    19 1.340820 7.765625 -2.611328 1.638801 1.297889 -3.109116
    20 0.669922 7.765625 -3.669922 -1.589828 0.275074 -0.038184
    21 6.233833 5.542564 0.898426 -1.090396 0.577049 -0.321829
    22 6.946648 6.587124 1.429667 -1.090396 0.577049 -0.321829
    23 7.537933 7.453606 1.870349 -1.090396 0.577049 -0.321829
    24 8.154472 8.357077 2.329839 -1.090396 0.577049 -0.321829
    25 8.874294 9.411907 2.866308 -1.090396 0.577049 -0.321829
    26 -4.125858 -2.321501 1.394414 2.051196 0.577049 -0.321829
    27 -4.826813 -3.348669 0.872014 2.051196 0.577049 -0.321829
    28 -5.441669 -4.249685 0.413772 2.051196 0.577049 -0.321829
    29 -0.552532 -1.343527 1.604446 -0.050490 -0.183910 -0.530210
    30 0.552589 1.343534 -1.604463 -0.833184 -0.216300 -0.220877
    31 0.000000 -2.021618 -0.000004 -0.203562 0.000000 0.000000
    32 -0.000021 2.021633 0.000027 -0.183400 0.000000 0.000000
    33 -0.000004 -1.136217 -0.000004 -0.600480 0.000000 0.000000
    34 -0.000011 1.136200 -0.000019 -0.580321 0.000000 0.000000
    35 -0.032677 -4.587727 1.352317 -2.558511 0.890419 -2.936117
    36 0.032719 4.587772 -1.352291 2.079251 1.277559 2.173991
    37 0.000000 -1.754536 -0.000002 1.092131 0.000000 0.000000
    38 -0.000006 1.754520 -0.000034 0.714668 0.000000 0.000000
    39 0.000000 -1.227020 -0.000002 -0.252428 0.000000 0.000000
    40 0.000002 1.227070 0.000032 -0.218093 0.000000 0.000000
    41 -0.367996 -4.208406 0.173244 2.977246 0.927096 2.319402
    42 0.368011 4.208412 -0.173239 2.878562 1.339714 2.370778
    43 0.000000 -2.372318 -0.000004 1.154585 0.000000 0.000000
    44 -0.000006 2.372318 -0.000032 2.018180 0.000000 0.000000
    45 0.000004 -1.580070 -0.000001 -0.329414 0.000000 0.000000
    46 -0.000002 1.580170 0.000030 0.390556 0.000000 0.000000
    47 -0.937645 -3.860697 -0.959317 -2.948054 0.798863 2.256892
    48 0.937672 3.860714 0.959333 2.959055 1.121003 2.662502
    49 0.000000 -1.690632 0.000000 1.148315 0.000000 0.000000
    50 -0.000013 1.690666 0.000021 1.835620 0.000000 0.000000
    51 -0.000002 -1.423443 0.000002 1.302406 0.000000 0.000000
    52 0.000008 1.423420 0.000028 0.841481 0.000000 0.000000
    53 -1.546646 -3.404194 -1.915569 -2.791978 0.765578 2.402160
    54 1.546661 3.404217 1.915585 3.009108 0.967925 2.869561
    55 0.000004 -1.437820 0.000000 1.542970 0.000000 0.000000
    56 -0.000021 1.437870 0.000031 1.347581 0.000000 0.000000
    57 -0.000002 -1.059402 0.000000 0.888082 0.000000 0.000000
    58 0.000006 1.059372 0.000008 1.057352 0.000000 0.000000
    59 -0.000004 -13.013485 -0.000004 0.010936 -0.284121 -0.076428
    60 0.161133 -10.804688 0.023087 0.010936 -0.284121 -0.076428
  time 60
    0 -0.024506 -3.468750 -0.000151 -1.559900 -0.000006 -0.000006
    1 -12.903130 2.931936 4.287337 -0.799155 -0.248396 0.882764
    2 0.000000 14.313023 0.000003 -1.719604 0.000000 0.000000
    3 -0.000011 13.013483 -0.000005 -0.631007 1.352657 -1.078091
    4 8.652996 10.990791 8.510125 2.734970 0.356344 0.284349
    5 0.000000 -14.313034 0.000000 -1.904403 0.000000 0.000000
    6 -0.000004 -13.013485 -0.000004 0.266453 -0.843311 -0.408750
    7 -1.330879 -2.698427 0.462449 -0.194886 -0.547260 3.056712
    8 1.330910 2.698444 -0.462436 0.194890 0.547268 -0.084879
    9 1.113281 4.808594 -1.690430 -1.589811 0.272264 -0.038126
    10 1.340820 7.765625 -2.611328 1.638801 1.297889 -3.109116
    11 0.671387 7.765625 -3.669922 -1.589828 0.275075 -0.038182
    12 0.707031 8.593750 -3.654297 -1.589811 0.272264 -0.038126
    13 14.750000 -52.000000 -3.505859 -1.993925 0.093276 0.197065
    14 6.566406 8.648438 3.232422 -1.090396 0.577049 -0.321829
    15 7.558525 6.997282 -2.354134 -1.937336 -0.275393 3.010581
    16 7.558525 6.997282 -2.354134 1.937336 0.275393 -0.131011
    17 -2.867767 -2.740969 0.531125 2.051196 0.577049 -0.321829
    18 4.324081 2.744001 -0.524877 -1.090396 0.577049 -0.321829
    19 1.340820 7.765625 -2.611328 1.638801 1.297889 -3.109116
    20 0.669922 7.765625 -3.669922 -1.589828 0.275074 -0.038184
    21 6.233833 5.542564 0.898426 -1.090396 0.577049 -0.321829
    22 6.946648 6.587124 1.429667 -1.090396 0.577049 -0.321829
    23 7.537933 7.453606 1.870349 -1.090396 0.577049 -0.321829
    24 8.154472 8.357077 2.329839 -1.090396 0.577049 -0.321829
    25 8.874294 9.411907 2.866308 -1.090396 0.577049 -0.321829
    26 -4.125858 -2.321501 1.394414 2.051196 0.577049 -0.321829
    27 -4.826813 -3.348669 0.872014 2.051196 0.577049 -0.321829
    28 -5.441669 -4.249685 0.413772 2.051196 0.577049 -0.321829
    29 -0.552532 -1.343527 1.604446 -0.050490 -0.183910 -0.530210
    30 0.552589 1.343534 -1.604463 -0.833158 -0.216300 -0.220877
    31 0.000000 -2.021618 -0.000004 -0.203562 0.000000 0.000000
    32 -0.000021 2.021633 0.000027 -0.183400 0.000000 0.000000
    33 -0.000004 -1.136217 -0.000004 -0.600480 0.000000 0.000000
    34 -0.000011 1.136200 -0.000019 -0.580321 0.000000 0.000000
    35 -0.032677 -4.587727 1.352317 -2.558511 0.890419 -2.936117
    36 0.032719 4.587772 -1.352291 2.079251 1.277559 2.173991
    37 0.000000 -1.754536 -0.000002 1.092131 0.000000 0.000000
    38 -0.000006 1.754520 -0.000034 0.714668 0.000000 0.000000
    39 0.000000 -1.227020 -0.000002 -0.252428 0.000000 0.000000
    40 0.000002 1.227070 0.000032 -0.218093 0.000000 0.000000
    41 -0.367996 -4.208406 0.173244 2.977246 0.927096 2.319402
    42 0.368011 4.208412 -0.173239 2.878562 1.339714 2.370778
    43 0.000000 -2.372318 -0.000004 1.154585 0.000000 0.000000
    44 -0.000006 2.372318 -0.000032 2.018180 0.000000 0.000000
    45 0.000004 -1.580070 -0.000001 -0.329414 0.000000 0.000000
    46 -0.000002 1.580170 0.000030 0.390556 0.000000 0.000000
    47 -0.937645 -3.860697 -0.959317 -2.948054 0.798863 2.256892
    48 0.937672 3.860714 0.959333 2.959055 1.121003 2.662502
    49 0.000000 -1.690632 0.000000 1.148315 0.000000 0.000000
    50 -0.000013 1.690666 0.000021 1.835620 0.000000 0.000000
    51 -0.000002 -1.423443 0.000002 1.302406 0.000000 0.000000
    52 0.000008 1.423420 0.000028 0.841481 0.000000 0.000000
    53 -1.546646 -3.404194 -1.915569 -2.791978 0.765578 2.402160
    54 1.546661 3.404217 1.915585 3.009108 0.967925 2.869561
    55 0.000004 -1.437820 0.000000 1.542970 0.000000 0.000000
    56 -0.000021 1.437870 0.000031 1.347581 0.000000 0.000000
    57 -0.000002 -1.059402 0.000000 0.888082 0.000000 0.000000
    58 0.000006 1.059372 0.000008 1.057352 0.000000 0.000000
    59 -0.000004 -13.013485 -0.000004 0.010936 -0.284121 -0.076428
    60 0.161133 -10.804688 0.023087 0.010936 -0.284121 -0.076428
  time 61
    0 -0.024506 -3.468750 -0.000151 -1.559900 -0.000006 -0.000006
    1 -12.903130 2.931936 4.287337 -0.799155 -0.248396 0.882764
    2 0.000000 14.313023 0.000003 -1.719604 0.000000 0.000000
    3 -0.000011 13.013483 -0.000005 -0.631102 1.352610 -1.078282
    4 8.652996 10.990791 8.510125 2.735065 0.356344 0.284349
    5 0.000000 -14.313034 0.000000 -1.904343 0.000000 0.000000
    6 -0.000004 -13.013485 -0.000004 0.266543 -0.845318 -0.409704
    7 -1.330879 -2.698427 0.462449 -0.194886 -0.547260 3.056712
    8 1.330910 2.698444 -0.462436 0.194890 0.547268 -0.084879
    9 1.113281 4.808594 -1.690430 -1.589811 0.272264 -0.038126
    10 1.340820 7.765625 -2.611328 1.638801 1.297889 -3.109116
    11 0.671387 7.765625 -3.669922 -1.589828 0.275075 -0.038182
    12 0.707031 8.593750 -3.654297 -1.589811 0.272264 -0.038126
    13 14.750000 -52.000000 -3.505859 -1.993925 0.093276 0.197065
    14 6.566406 8.648438 3.232422 -1.090396 0.577049 -0.321829
    15 7.558525 6.997282 -2.354134 -1.937336 -0.275393 3.010581
    16 7.558525 6.997282 -2.354134 1.937336 0.275393 -0.131011
    17 -2.867767 -2.740969 0.531125 2.051196 0.577049 -0.321829
    18 4.324081 2.744001 -0.524877 -1.090396 0.577049 -0.321829
    19 1.340820 7.765625 -2.611328 1.638801 1.297889 -3.109116
    20 0.669922 7.765625 -3.669922 -1.589828 0.275074 -0.038184
    21 6.233833 5.542564 0.898426 -1.090396 0.577049 -0.321829
    22 6.946648 6.587124 1.429667 -1.090396 0.577049 -0.321829
    23 7.537933 7.453606 1.870349 -1.090396 0.577049 -0.321829
    24 8.154472 8.357077 2.329839 -1.090396 0.577049 -0.321829
    25 8.874294 9.411907 2.866308 -1.090396 0.577049 -0.321829
    26 -4.125858 -2.321501 1.394414 2.051196 0.577049 -0.321829
    27 -4.826813 -3.348669 0.872014 2.051196 0.577049 -0.321829
    28 -5.441669 -4.249685 0.413772 2.051196 0.577049 -0.321829
    29 -0.552532 -1.343527 1.604446 -0.050490 -0.183910 -0.530210
    30 0.552589 1.343534 -1.604463 -0.833184 -0.216300 -0.220877
    31 0.000000 -2.021618 -0.000004 -0.203562 0.000000 0.000000
    32 -0.000021 2.021633 0.000027 -0.183400 0.000000 0.000000
    33 -0.000004 -1.136217 -0.000004 -0.600480 0.000000 0.000000
    34 -0.000011 1.136200 -0.000019 -0.580321 0.000000 0.000000
    35 -0.032677 -4.587727 1.352317 -2.558511 0.890419 -2.936117
    36 0.032719 4.587772 -1.352291 2.079251 1.277559 2.173991
    37 0.000000 -1.754536 -0.000002 1.092131 0.000000 0.000000
    38 -0.000006 1.754520 -0.000034 0.714668 0.000000 0.000000
    39 0.000000 -1.227020 -0.000002 -0.252428 0.000000 0.000000
    40 0.000002 1.227070 0.000032 -0.218093 0.000000 0.000000
    41 -0.367996 -4.208406 0.173244 2.977246 0.927096 2.319402
    42 0.368011 4.208412 -0.173239 2.878562 1.339714 2.370778
    43 0.000000 -2.372318 -0.000004 1.154585 0.000000 0.000000
    44 -0.000006 2.372318 -0.000032 2.018180 0.000000 0.000000
    45 0.000004 -1.580070 -0.000001 -0.329414 0.000000 0.000000
    46 -0.000002 1.580170 0.000030 0.390556 0.000000 0.000000
    47 -0.937645 -3.860697 -0.959317 -2.948054 0.798863 2.256892
    48 0.937672 3.860714 0.959333 2.959055 1.121003 2.662502
    49 0.000000 -1.690632 0.000000 1.148315 0.000000 0.000000
    50 -0.000013 1.690666 0.000021 1.835620 0.000000 0.000000
    51 -0.000002 -1.423443 0.000002 1.302406 0.000000 0.000000
    52 0.000008 1.423420 0.000028 0.841481 0.000000 0.000000
    53 -1.546646 -3.404194 -1.915569 -2.791978 0.765578 2.402160
    54 1.546661 3.404217 1.915585 3.009108 0.967925 2.869561
    55 0.000004 -1.437820 0.000000 1.542970 0.000000 0.000000
    56 -0.000021 1.437870 0.000031 1.347581 0.000000 0.000000
    57 -0.000002 -1.059402 0.000000 0.888082 0.000000 0.000000
    58 0.000006 1.059372 0.000008 1.057352 0.000000 0.000000
    59 -0.000004 -13.013485 -0.000004 0.010936 -0.284121 -0.076428
    60 0.161133 -10.804688 0.023087 0.010936 -0.284121 -0.076428
  time 62
    0 -0.024506 -3.468750 -0.000151 -1.559900 -0.000006 -0.000006
    1 -12.903130 2.931936 4.287337 -0.799155 -0.248396 0.882764
    2 0.000000 14.313023 0.000003 -1.719604 0.000000 0.000000
    3 -0.000011 13.013483 -0.000005 -0.631198 1.352610 -1.078282
    4 8.652996 10.990791 8.510125 2.729703 0.356875 0.284924
    5 0.000000 -14.313034 0.000000 -1.906796 0.000000 0.000000
    6 -0.000004 -13.013485 -0.000004 0.261589 -0.759386 -0.369182
    7 -1.330879 -2.698427 0.462449 -0.194886 -0.547260 3.056712
    8 1.330910 2.698444 -0.462436 0.194890 0.547268 -0.084879
    9 1.113281 4.808594 -1.690430 -1.589811 0.272264 -0.038126
    10 1.340820 7.765625 -2.611328 1.638801 1.297889 -3.109116
    11 0.671387 7.765625 -3.669922 -1.589828 0.275075 -0.038182
    12 0.707031 8.593750 -3.654297 -1.589811 0.272264 -0.038126
    13 14.750000 -52.000000 -3.505859 -1.993925 0.093276 0.197065
    14 6.566406 8.648438 3.232422 -1.090396 0.577049 -0.321829
    15 7.558525 6.997282 -2.354134 -1.937336 -0.275393 3.010581
    16 7.558525 6.997282 -2.354134 1.937336 0.275393 -0.131011
    17 -2.867767 -2.740969 0.531125 2.051196 0.577049 -0.321829
    18 4.324081 2.744001 -0.524877 -1.090396 0.577049 -0.321829
    19 1.340820 7.765625 -2.611328 1.638801 1.297889 -3.109116
    20 0.669922 7.765625 -3.669922 -1.589828 0.275074 -0.038184
    21 6.233833 5.542564 0.898426 -1.090396 0.577049 -0.321829
    22 6.946648 6.587124 1.429667 -1.090396 0.577049 -0.321829
    23 7.537933 7.453606 1.870349 -1.090396 0.577049 -0.321829
    24 8.154472 8.357077 2.329839 -1.090396 0.577049 -0.321829
    25 8.874294 9.411907 2.866308 -1.090396 0.577049 -0.321829
    26 -4.125858 -2.321501 1.394414 2.051196 0.577049 -0.321829
    27 -4.826813 -3.348669 0.872014 2.051196 0.577049 -0.321829
    28 -5.441669 -4.249685 0.413772 2.051196 0.577049 -0.321829
    29 -0.552532 -1.343527 1.604446 -0.050490 -0.183910 -0.530210
    30 0.552589 1.343534 -1.604463 -0.833184 -0.216300 -0.220877
    31 0.000000 -2.021618 -0.000004 -0.203562 0.000000 0.000000
    32 -0.000021 2.021633 0.000027 -0.183400 0.000000 0.000000
    33 -0.000004 -1.136217 -0.000004 -0.600480 0.000000 0.000000
    34 -0.000011 1.136200 -0.000019 -0.580321 0.000000 0.000000
    35 -0.032677 -4.587727 1.352317 -2.558511 0.890419 -2.936117
    36 0.032719 4.587772 -1.352291 2.079251 1.277559 2.173991
    37 0.000000 -1.754536 -0.000002 1.092131 0.000000 0.000000
    38 -0.000006 1.754520 -0.000034 0.714668 0.000000 0.000000
    39 0.000000 -1.227020 -0.000002 -0.252428 0.000000 0.000000
    40 0.000002 1.227070 0.000032 -0.218093 0.000000 0.000000
    41 -0.367996 -4.208406 0.173244 2.977246 0.927096 2.319402
    42 0.368011 4.208412 -0.173239 2.878562 1.339714 2.370778
    43 0.000000 -2.372318 -0.000004 1.154585 0.000000 0.000000
    44 -0.000006 2.372318 -0.000032 2.018180 0.000000 0.000000
    45 0.000004 -1.580070 -0.000001 -0.329414 0.000000 0.000000
    46 -0.000002 1.580170 0.000030 0.390556 0.000000 0.000000
    47 -0.937645 -3.860697 -0.959317 -2.948054 0.798863 2.256892
    48 0.937672 3.860714 0.959333 2.959055 1.121003 2.662502
    49 0.000000 -1.690632 0.000000 1.148315 0.000000 0.000000
    50 -0.000013 1.690666 0.000021 1.835620 0.000000 0.000000
    51 -0.000002 -1.423443 0.000002 1.302406 0.000000 0.000000
    52 0.000008 1.423420 0.000028 0.841481 0.000000 0.000000
    53 -1.546646 -3.404194 -1.915569 -2.791978 0.765578 2.402160
    54 1.546661 3.404217 1.915585 3.009108 0.967925 2.869561
    55 0.000004 -1.437820 0.000000 1.542970 0.000000 0.000000
    56 -0.000021 1.437870 0.000031 1.347581 0.000000 0.000000
    57 -0.000002 -1.059402 0.000000 0.888082 0.000000 0.000000
    58 0.000006 1.059372 0.000008 1.057352 0.000000 0.000000
    59 -0.000004 -13.013485 -0.000004 0.010936 -0.284121 -0.076428
    60 0.161133 -10.804688 0.023087 0.010936 -0.284121 -0.076428
end
