// Created by Crowbar 0.74
version 1
nodes
  0 "root" -1
  1 "bip_upperArm_R" 0
  2 "bip_lowerArm_R" 1
  3 "bip_hand_R" 2
  4 "bip_upperArm_L" 0
  5 "bip_lowerArm_L" 4
  6 "bip_hand_L" 5
  7 "effect_hand_L" 6
  8 "effect_hand_R" 3
  9 "weapon_bone" 3
  10 "weapon_bone_1" 3
  11 "weapon_bone_2" 3
  12 "weapon_bone_3" 3
  13 "weapon_bone_4" 3
  14 "weapon_bone_5" 3
  15 "weapon_bone_6" 3
  16 "weapon_bone_7" 3
  17 "weapon_bone_L" 6
  18 "vm_weapon_bone" 3
  19 "vm_weapon_bone_1" 3
  20 "vm_weapon_bone_2" 3
  21 "vm_weapon_bone_3" 3
  22 "vm_weapon_bone_4" 3
  23 "vm_weapon_bone_5" 3
  24 "vm_weapon_bone_6" 3
  25 "vm_weapon_bone_7" 3
  26 "vm_weapon_bone_L" 6
  27 "vm_weapon_bone_L_1" 6
  28 "vm_weapon_bone_L_2" 6
  29 "bip_thumb_0_L" 6
  30 "bip_thumb_0_R" 3
  31 "bip_thumb_1_L" 29
  32 "bip_thumb_1_R" 30
  33 "bip_thumb_2_L" 31
  34 "bip_thumb_2_R" 32
  35 "bip_index_0_L" 6
  36 "bip_index_0_R" 3
  37 "bip_index_1_L" 35
  38 "bip_index_1_R" 36
  39 "bip_index_2_L" 37
  40 "bip_index_2_R" 38
  41 "bip_middle_0_L" 6
  42 "bip_middle_0_R" 3
  43 "bip_middle_1_L" 41
  44 "bip_middle_1_R" 42
  45 "bip_middle_2_L" 43
  46 "bip_middle_2_R" 44
  47 "bip_ring_0_L" 6
  48 "bip_ring_0_R" 3
  49 "bip_ring_1_L" 47
  50 "bip_ring_1_R" 48
  51 "bip_ring_2_L" 49
  52 "bip_ring_2_R" 50
  53 "bip_pinky_0_L" 6
  54 "bip_pinky_0_R" 3
  55 "bip_pinky_1_L" 53
  56 "bip_pinky_1_R" 54
  57 "bip_pinky_2_L" 55
  58 "bip_pinky_2_R" 56
  59 "Sleeve_Control" 5
  60 "Wrist_Control" 5
end
skeleton
  time 0
    0 -0.024506 -3.468750 -0.000151 -1.559900 -0.000006 -0.000006
    1 -12.903130 2.931936 4.287337 -0.799155 -0.248396 0.882764
    2 0.000000 14.313023 0.000003 -1.719604 0.000000 0.000000
    3 -0.000011 13.013483 -0.000005 -0.631198 1.352610 -1.078282
    4 8.652996 10.990791 8.510125 2.735065 0.356306 0.284157
    5 0.000000 -14.313034 0.000000 -1.904283 0.000000 0.000000
    6 -0.000004 -13.013485 -0.000004 0.266723 -0.847279 -0.410657
    7 -1.330879 -2.698427 0.462449 -0.194886 -0.547260 3.056712
    8 1.330910 2.698444 -0.462436 0.194890 0.547268 -0.084879
    9 1.113281 4.808594 -1.690430 -1.589811 0.272264 -0.038126
    10 1.340820 7.765625 -2.611328 1.638801 1.297889 -3.109116
    11 0.671387 7.765625 -3.669922 -1.589828 0.275075 -0.038182
    12 0.707031 8.593750 -3.654297 -1.589811 0.272264 -0.038126
    13 14.750000 -52.000000 -3.505859 -1.993925 0.093276 0.197065
    14 6.566406 8.648438 3.232422 -1.090396 0.577049 -0.321829
    15 7.558525 6.997282 -2.354134 -1.937336 -0.275393 3.010581
    16 7.558525 6.997282 -2.354134 1.937336 0.275393 -0.131011
    17 -2.867767 -2.740969 0.531125 2.051196 0.577049 -0.321829
    18 4.324081 2.744001 -0.524877 -1.090396 0.577049 -0.321829
    19 1.340820 7.765625 -2.611328 1.638801 1.297889 -3.109116
    20 0.669922 7.765625 -3.669922 -1.589828 0.275074 -0.038184
    21 6.233833 5.542564 0.898426 -1.090396 0.577049 -0.321829
    22 6.946648 6.587124 1.429667 -1.090396 0.577049 -0.321829
    23 7.537933 7.453606 1.870349 -1.090396 0.577049 -0.321829
    24 8.154472 8.357077 2.329839 -1.090396 0.577049 -0.321829
    25 8.874294 9.411907 2.866308 -1.090396 0.577049 -0.321829
    26 -4.125858 -2.321501 1.394414 2.051196 0.577049 -0.321829
    27 -4.826813 -3.348669 0.872014 2.051196 0.577049 -0.321829
    28 -5.441669 -4.249685 0.413772 2.051196 0.577049 -0.321829
    29 -0.552532 -1.343527 1.604446 -0.050490 -0.183910 -0.530210
    30 0.552589 1.343534 -1.604463 -0.833184 -0.216260 -0.220921
    31 0.000000 -2.021618 -0.000004 -0.203560 0.000000 0.000000
    32 -0.000021 2.021633 0.000027 -0.183374 0.000000 0.000000
    33 -0.000004 -1.136217 -0.000004 -0.600480 0.000000 0.000000
    34 -0.000011 1.136200 -0.000019 -0.580282 0.000000 0.000000
    35 -0.032677 -4.587727 1.352317 -2.558509 0.890418 -2.936114
    36 0.032719 4.587772 -1.352291 2.079356 1.277540 2.174063
    37 0.000000 -1.754536 -0.000002 1.092131 0.000000 0.000000
    38 -0.000006 1.754520 -0.000034 0.714645 0.000000 0.000000
    39 0.000000 -1.227020 -0.000002 -0.252428 0.000000 0.000000
    40 0.000002 1.227070 0.000032 -0.218005 0.000000 0.000000
    41 -0.367996 -4.208406 0.173244 2.977246 0.927109 2.319434
    42 0.368011 4.208412 -0.173239 2.878630 1.339690 2.370828
    43 0.000000 -2.372318 -0.000004 1.154585 0.000000 0.000000
    44 -0.000006 2.372318 -0.000032 2.018175 0.000000 0.000000
    45 0.000004 -1.580070 -0.000001 -0.329414 0.000000 0.000000
    46 -0.000002 1.580170 0.000030 0.390489 0.000000 0.000000
    47 -0.937645 -3.860697 -0.959317 -2.948054 0.798863 2.256892
    48 0.937672 3.860714 0.959333 2.959201 1.120959 2.662389
    49 0.000000 -1.690632 0.000000 1.148315 0.000000 0.000000
    50 -0.000013 1.690666 0.000021 1.835552 0.000000 0.000000
    51 -0.000002 -1.423443 0.000002 1.302406 0.000000 0.000000
    52 0.000008 1.423420 0.000028 0.841398 0.000000 0.000000
    53 -1.546646 -3.404194 -1.915569 -2.791978 0.765578 2.402160
    54 1.546661 3.404217 1.915585 3.009249 0.967870 2.869486
    55 0.000004 -1.437820 0.000000 1.542970 0.000000 0.000000
    56 -0.000021 1.437870 0.000031 1.347540 0.000000 0.000000
    57 -0.000002 -1.059402 0.000000 0.888082 0.000000 0.000000
    58 0.000006 1.059372 0.000008 1.057305 0.000000 0.000000
    59 -0.000004 -13.013485 -0.000004 0.010936 -0.284121 -0.076426
    60 0.161133 -10.804688 0.023087 0.010936 -0.284121 -0.076426
  time 1
    0 -0.024506 -3.468750 -0.000151 -1.559900 -0.000006 -0.000006
    1 -12.903130 2.931936 4.287337 -0.798326 -0.249206 0.883375
    2 0.000000 14.313023 0.000003 -1.720887 0.000000 0.000000
    3 -0.000011 13.013483 -0.000005 -0.500296 1.347846 -0.947343
    4 8.652996 10.990791 8.510125 2.735257 0.356306 0.284157
    5 0.000000 -14.313034 0.000000 -1.904283 0.000000 0.000000
    6 -0.000004 -13.013485 -0.000004 0.266903 -0.849195 -0.411516
    7 -1.330879 -2.698427 0.462449 -0.194886 -0.547260 3.056712
    8 1.330910 2.698444 -0.462436 0.194890 0.547268 -0.084879
    9 1.113281 4.808594 -1.690430 -1.589811 0.272264 -0.038126
    10 1.340820 7.765625 -2.611328 1.638801 1.297889 -3.109116
    11 0.671387 7.765625 -3.669922 -1.589828 0.275075 -0.038182
    12 0.707031 8.593750 -3.654297 -1.589811 0.272264 -0.038126
    13 14.750000 -52.000000 -3.505859 -1.993925 0.093276 0.197065
    14 6.566406 8.648438 3.232422 -1.090396 0.577049 -0.321829
    15 7.558525 6.997282 -2.354134 -1.937336 -0.275393 3.010581
    16 7.558525 6.997282 -2.354134 1.937336 0.275393 -0.131011
    17 -2.867767 -2.740969 0.531125 2.051196 0.577049 -0.321829
    18 4.324081 2.744001 -0.524877 -1.090396 0.577049 -0.321829
    19 1.340820 7.765625 -2.611328 1.638801 1.297889 -3.109116
    20 0.669922 7.765625 -3.669922 -1.589828 0.275074 -0.038184
    21 6.233833 5.542564 0.898426 -1.090396 0.577049 -0.321829
    22 6.946648 6.587124 1.429667 -1.090396 0.577049 -0.321829
    23 7.537933 7.453606 1.870349 -1.090396 0.577049 -0.321829
    24 8.154472 8.357077 2.329839 -1.090396 0.577049 -0.321829
    25 8.874294 9.411907 2.866308 -1.090396 0.577049 -0.321829
    26 -4.125858 -2.321501 1.394414 2.051196 0.577049 -0.321829
    27 -4.826813 -3.348669 0.872014 2.051196 0.577049 -0.321829
    28 -5.441669 -4.249685 0.413772 2.051196 0.577049 -0.321829
    29 -0.552532 -1.343527 1.604446 -0.050490 -0.183910 -0.530210
    30 0.552589 1.343534 -1.604463 -0.833053 -0.216181 -0.220921
    31 0.000000 -2.021618 -0.000004 -0.203560 0.000000 0.000000
    32 -0.000021 2.021633 0.000027 -0.183292 0.000000 0.000000
    33 -0.000004 -1.136217 -0.000004 -0.600480 0.000000 0.000000
    34 -0.000011 1.136200 -0.000019 -0.579817 0.000000 0.000000
    35 -0.032677 -4.587727 1.352317 -2.558509 0.890418 -2.936114
    36 0.032719 4.587772 -1.352291 2.079356 1.277540 2.174063
    37 0.000000 -1.754536 -0.000002 1.092131 0.000000 0.000000
    38 -0.000006 1.754520 -0.000034 0.714645 0.000000 0.000000
    39 0.000000 -1.227020 -0.000002 -0.252428 0.000000 0.000000
    40 0.000002 1.227070 0.000032 -0.218005 0.000000 0.000000
    41 -0.367996 -4.208406 0.173244 2.977156 0.927109 2.319434
    42 0.368011 4.208412 -0.173239 2.878720 1.339657 2.370905
    43 0.000000 -2.372318 -0.000004 1.154585 0.000000 0.000000
    44 -0.000006 2.372318 -0.000032 2.018175 0.000000 0.000000
    45 0.000004 -1.580070 -0.000001 -0.329414 0.000000 0.000000
    46 -0.000002 1.580170 0.000030 0.390546 0.000000 0.000000
    47 -0.937645 -3.860697 -0.959317 -2.948054 0.798863 2.256892
    48 0.937672 3.860714 0.959333 2.959201 1.120928 2.662389
    49 0.000000 -1.690632 0.000000 1.148315 0.000000 0.000000
    50 -0.000013 1.690666 0.000021 1.835552 0.000000 0.000000
    51 -0.000002 -1.423443 0.000002 1.302406 0.000000 0.000000
    52 0.000008 1.423420 0.000028 0.841398 0.000000 0.000000
    53 -1.546646 -3.404194 -1.915569 -2.791978 0.765578 2.402160
    54 1.546661 3.404217 1.915585 3.009249 0.967898 2.869486
    55 0.000004 -1.437820 0.000000 1.542970 0.000000 0.000000
    56 -0.000021 1.437870 0.000031 1.347593 0.000000 0.000000
    57 -0.000002 -1.059402 0.000000 0.888082 0.000000 0.000000
    58 0.000006 1.059372 0.000008 1.057305 0.000000 0.000000
    59 -0.000004 -13.013485 -0.000004 0.010936 -0.284121 -0.076426
    60 0.161133 -10.804688 0.023087 0.010936 -0.284121 -0.076426
  time 2
    0 -0.024506 -3.468750 -0.000151 -1.559900 -0.000006 -0.000006
    1 -12.903130 2.931936 4.287337 -0.795838 -0.251400 0.884979
    2 0.000000 14.313023 0.000003 -1.724431 0.000000 0.000000
    3 -0.000011 13.013483 -0.000005 -0.196927 1.318414 -0.640700
    4 8.652996 10.990791 8.510125 2.735448 0.356306 0.284157
    5 0.000000 -14.313034 0.000000 -1.904223 0.000000 0.000000
    6 -0.000004 -13.013485 -0.000004 0.267174 -0.851156 -0.412469
    7 -1.330879 -2.698427 0.462449 -0.194886 -0.547260 3.056712
    8 1.330910 2.698444 -0.462436 0.194890 0.547268 -0.084879
    9 1.113281 4.808594 -1.690430 -1.589811 0.272264 -0.038126
    10 1.340820 7.765625 -2.611328 1.638801 1.297889 -3.109116
    11 0.671387 7.765625 -3.669922 -1.589828 0.275075 -0.038182
    12 0.707031 8.593750 -3.654297 -1.589811 0.272264 -0.038126
    13 14.750000 -52.000000 -3.505859 -1.993925 0.093276 0.197065
    14 6.566406 8.648438 3.232422 -1.090396 0.577049 -0.321829
    15 7.558525 6.997282 -2.354134 -1.937336 -0.275393 3.010581
    16 7.558525 6.997282 -2.354134 1.937336 0.275393 -0.131011
    17 -2.867767 -2.740969 0.531125 2.051196 0.577049 -0.321829
    18 4.324081 2.744001 -0.524877 -1.090396 0.577049 -0.321829
    19 1.340820 7.765625 -2.611328 1.638801 1.297889 -3.109116
    20 0.669922 7.765625 -3.669922 -1.589828 0.275074 -0.038184
    21 6.233833 5.542564 0.898426 -1.090396 0.577049 -0.321829
    22 6.946648 6.587124 1.429667 -1.090396 0.577049 -0.321829
    23 7.537933 7.453606 1.870349 -1.090396 0.577049 -0.321829
    24 8.154472 8.357077 2.329839 -1.090396 0.577049 -0.321829
    25 8.874294 9.411907 2.866308 -1.090396 0.577049 -0.321829
    26 -4.125858 -2.321501 1.394414 2.051196 0.577049 -0.321829
    27 -4.826813 -3.348669 0.872014 2.051196 0.577049 -0.321829
    28 -5.441669 -4.249685 0.413772 2.051196 0.577049 -0.321829
    29 -0.552532 -1.343527 1.604446 -0.050490 -0.183910 -0.530210
    30 0.552589 1.343534 -1.604463 -0.799108 -0.197902 -0.225681
    31 0.000000 -2.021618 -0.000004 -0.203560 0.000000 0.000000
    32 -0.000021 2.021633 0.000027 -0.154547 0.000000 0.000000
    33 -0.000004 -1.136217 -0.000004 -0.600480 0.000000 0.000000
    34 -0.000011 1.136200 -0.000019 -0.429704 0.000000 0.000000
    35 -0.032677 -4.587727 1.352317 -2.558509 0.890418 -2.936114
    36 0.032719 4.587772 -1.352291 2.079356 1.277540 2.174063
    37 0.000000 -1.754536 -0.000002 1.092131 0.000000 0.000000
    38 -0.000006 1.754520 -0.000034 0.714645 0.000000 0.000000
    39 0.000000 -1.227020 -0.000002 -0.252428 0.000000 0.000000
    40 0.000002 1.227070 0.000032 -0.218005 0.000000 0.000000
    41 -0.367996 -4.208406 0.173244 2.977246 0.927109 2.319434
    42 0.368011 4.208412 -0.173239 2.914286 1.326264 2.388475
    43 0.000000 -2.372318 -0.000004 1.154585 0.000000 0.000000
    44 -0.000006 2.372318 -0.000032 2.014840 0.000000 0.000000
    45 0.000004 -1.580070 -0.000001 -0.329414 0.000000 0.000000
    46 -0.000002 1.580170 0.000030 0.402265 0.000000 0.000000
    47 -0.937645 -3.860697 -0.959317 -2.948054 0.798863 2.256892
    48 0.937672 3.860714 0.959333 2.970070 1.110996 2.649156
    49 0.000000 -1.690632 0.000000 1.148315 0.000000 0.000000
    50 -0.000013 1.690666 0.000021 1.834200 0.000000 0.000000
    51 -0.000002 -1.423443 0.000002 1.302406 0.000000 0.000000
    52 0.000008 1.423420 0.000028 0.840077 0.000000 0.000000
    53 -1.546646 -3.404194 -1.915569 -2.791978 0.765578 2.402160
    54 1.546661 3.404217 1.915585 3.025493 0.974295 2.869256
    55 0.000004 -1.437820 0.000000 1.542970 0.000000 0.000000
    56 -0.000021 1.437870 0.000031 1.355021 0.000000 0.000000
    57 -0.000002 -1.059402 0.000000 0.888082 0.000000 0.000000
    58 0.000006 1.059372 0.000008 1.064829 0.000000 0.000000
    59 -0.000004 -13.013485 -0.000004 0.010936 -0.284121 -0.076426
    60 0.161133 -10.804688 0.023087 0.010936 -0.284121 -0.076426
  time 3
    0 -0.024506 -3.468750 -0.000151 -1.559900 -0.000006 -0.000006
    1 -12.903130 2.931936 4.287337 -0.792705 -0.254357 0.887194
    2 0.000000 14.313023 0.000003 -1.730296 0.000000 0.000000
    3 -0.000011 13.013483 -0.000005 0.107015 1.240871 -0.328019
    4 8.652996 10.990791 8.510125 2.735544 0.356269 0.284157
    5 0.000000 -14.313034 0.000000 -1.904103 0.000000 0.000000
    6 -0.000004 -13.013485 -0.000004 0.267354 -0.853072 -0.413422
    7 -1.330879 -2.698427 0.462449 -0.194886 -0.547260 3.056712
    8 1.330910 2.698444 -0.462436 0.194890 0.547268 -0.084879
    9 1.113281 4.808594 -1.690430 -1.589811 0.272264 -0.038126
    10 1.340820 7.765625 -2.611328 1.638801 1.297889 -3.109116
    11 0.671387 7.765625 -3.669922 -1.589828 0.275075 -0.038182
    12 0.707031 8.593750 -3.654297 -1.589811 0.272264 -0.038126
    13 14.750000 -52.000000 -3.505859 -1.993925 0.093276 0.197065
    14 6.566406 8.648438 3.232422 -1.090396 0.577049 -0.321829
    15 7.558525 6.997282 -2.354134 -1.937336 -0.275393 3.010581
    16 7.558525 6.997282 -2.354134 1.937336 0.275393 -0.131011
    17 -2.867767 -2.740969 0.531125 2.051196 0.577049 -0.321829
    18 4.324081 2.744001 -0.524877 -1.090396 0.577049 -0.321829
    19 1.340820 7.765625 -2.611328 1.638801 1.297889 -3.109116
    20 0.669922 7.765625 -3.669922 -1.589828 0.275074 -0.038184
    21 6.233833 5.542564 0.898426 -1.090396 0.577049 -0.321829
    22 6.946648 6.587124 1.429667 -1.090396 0.577049 -0.321829
    23 7.537933 7.453606 1.870349 -1.090396 0.577049 -0.321829
    24 8.154472 8.357077 2.329839 -1.090396 0.577049 -0.321829
    25 8.874294 9.411907 2.866308 -1.090396 0.577049 -0.321829
    26 -4.125858 -2.321501 1.394414 2.051196 0.577049 -0.321829
    27 -4.826813 -3.348669 0.872014 2.051196 0.577049 -0.321829
    28 -5.441669 -4.249685 0.413772 2.051196 0.577049 -0.321829
    29 -0.552532 -1.343527 1.604446 -0.050490 -0.183910 -0.530210
    30 0.552589 1.343534 -1.604463 -0.718622 -0.153970 -0.236702
    31 0.000000 -2.021618 -0.000004 -0.203560 0.000000 0.000000
    32 -0.000021 2.021633 0.000027 -0.085809 0.000000 0.000000
    33 -0.000004 -1.136217 -0.000004 -0.600480 0.000000 0.000000
    34 -0.000011 1.136200 -0.000019 -0.070688 0.000000 0.000000
    35 -0.032677 -4.587727 1.352317 -2.558509 0.890418 -2.936114
    36 0.032719 4.587772 -1.352291 2.079356 1.277540 2.174063
    37 0.000000 -1.754536 -0.000002 1.092131 0.000000 0.000000
    38 -0.000006 1.754520 -0.000034 0.714645 0.000000 0.000000
    39 0.000000 -1.227020 -0.000002 -0.252428 0.000000 0.000000
    40 0.000002 1.227070 0.000032 -0.218005 0.000000 0.000000
    41 -0.367996 -4.208406 0.173244 2.977246 0.927109 2.319434
    42 0.368011 4.208412 -0.173239 2.997903 1.291349 2.426246
    43 0.000000 -2.372318 -0.000004 1.154585 0.000000 0.000000
    44 -0.000006 2.372318 -0.000032 2.006505 0.000000 0.000000
    45 0.000004 -1.580070 -0.000001 -0.329414 0.000000 0.000000
    46 -0.000002 1.580170 0.000030 0.432643 0.000000 0.000000
    47 -0.937645 -3.860697 -0.959317 -2.948054 0.798863 2.256892
    48 0.937672 3.860714 0.959333 3.000077 1.085088 2.617176
    49 0.000000 -1.690632 0.000000 1.148315 0.000000 0.000000
    50 -0.000013 1.690666 0.000021 1.830745 0.000000 0.000000
    51 -0.000002 -1.423443 0.000002 1.302406 0.000000 0.000000
    52 0.000008 1.423420 0.000028 0.836553 0.000000 0.000000
    53 -1.546646 -3.404194 -1.915569 -2.791978 0.765578 2.402160
    54 1.546661 3.404217 1.915585 3.067856 0.990863 2.868565
    55 0.000004 -1.437820 0.000000 1.542970 0.000000 0.000000
    56 -0.000021 1.437870 0.000031 1.374366 0.000000 0.000000
    57 -0.000002 -1.059402 0.000000 0.888082 0.000000 0.000000
    58 0.000006 1.059372 0.000008 1.084200 0.000000 0.000000
    59 -0.000004 -13.013485 -0.000004 0.010936 -0.284121 -0.076426
    60 0.161133 -10.804688 0.023087 0.010936 -0.284121 -0.076426
  time 4
    0 -0.024506 -3.468750 -0.000151 -1.559900 -0.000006 -0.000006
    1 -12.903130 2.931936 4.287337 -0.789387 -0.257695 0.889715
    2 0.000000 14.313023 0.000003 -1.738056 0.000000 0.000000
    3 -0.000011 13.013483 -0.000005 0.308051 1.112105 -0.111576
    4 8.652996 10.990791 8.510125 2.735544 0.356269 0.284157
    5 0.000000 -14.313034 0.000000 -1.904043 0.000000 0.000000
    6 -0.000004 -13.013485 -0.000004 0.267534 -0.854942 -0.414376
    7 -1.330879 -2.698427 0.462449 -0.194886 -0.547260 3.056712
    8 1.330910 2.698444 -0.462436 0.194890 0.547268 -0.084879
    9 1.113281 4.808594 -1.690430 -1.589811 0.272264 -0.038126
    10 1.340820 7.765625 -2.611328 1.638801 1.297889 -3.109116
    11 0.671387 7.765625 -3.669922 -1.589828 0.275075 -0.038182
    12 0.707031 8.593750 -3.654297 -1.589811 0.272264 -0.038126
    13 14.750000 -52.000000 -3.505859 -1.993925 0.093276 0.197065
    14 6.566406 8.648438 3.232422 -1.090396 0.577049 -0.321829
    15 7.558525 6.997282 -2.354134 -1.937336 -0.275393 3.010581
    16 7.558525 6.997282 -2.354134 1.937336 0.275393 -0.131011
    17 -2.867767 -2.740969 0.531125 2.051196 0.577049 -0.321829
    18 4.324081 2.744001 -0.524877 -1.090396 0.577049 -0.321829
    19 1.340820 7.765625 -2.611328 1.638801 1.297889 -3.109116
    20 0.669922 7.765625 -3.669922 -1.589828 0.275074 -0.038184
    21 6.233833 5.542564 0.898426 -1.090396 0.577049 -0.321829
    22 6.946648 6.587124 1.429667 -1.090396 0.577049 -0.321829
    23 7.537933 7.453606 1.870349 -1.090396 0.577049 -0.321829
    24 8.154472 8.357077 2.329839 -1.090396 0.577049 -0.321829
    25 8.874294 9.411907 2.866308 -1.090396 0.577049 -0.321829
    26 -4.125858 -2.321501 1.394414 2.051196 0.577049 -0.321829
    27 -4.826813 -3.348669 0.872014 2.051196 0.577049 -0.321829
    28 -5.441669 -4.249685 0.413772 2.051196 0.577049 -0.321829
    29 -0.552532 -1.343527 1.604446 -0.050490 -0.183910 -0.530210
    30 0.552589 1.343534 -1.604463 -0.623450 -0.101156 -0.249200
    31 0.000000 -2.021618 -0.000004 -0.203560 0.000000 0.000000
    32 -0.000021 2.021633 0.000027 -0.003567 0.000000 0.000000
    33 -0.000004 -1.136217 -0.000004 -0.600480 0.000000 0.000000
    34 -0.000011 1.136200 -0.000019 0.358924 0.000000 0.000000
    35 -0.032677 -4.587727 1.352317 -2.558509 0.890418 -2.936114
    36 0.032719 4.587772 -1.352291 2.079356 1.277540 2.174063
    37 0.000000 -1.754536 -0.000002 1.092131 0.000000 0.000000
    38 -0.000006 1.754520 -0.000034 0.714645 0.000000 0.000000
    39 0.000000 -1.227020 -0.000002 -0.252428 0.000000 0.000000
    40 0.000002 1.227070 0.000032 -0.218005 0.000000 0.000000
    41 -0.367996 -4.208406 0.173244 2.977246 0.927109 2.319434
    42 0.368011 4.208412 -0.173239 3.099932 1.242942 2.465101
    43 0.000000 -2.372318 -0.000004 1.154585 0.000000 0.000000
    44 -0.000006 2.372318 -0.000032 1.994923 0.000000 0.000000
    45 0.000004 -1.580070 -0.000001 -0.329414 0.000000 0.000000
    46 -0.000002 1.580170 0.000030 0.474286 0.000000 0.000000
    47 -0.937645 -3.860697 -0.959317 -2.948054 0.798863 2.256892
    48 0.937672 3.860714 0.959333 3.045135 1.048908 2.578185
    49 0.000000 -1.690632 0.000000 1.148315 0.000000 0.000000
    50 -0.000013 1.690666 0.000021 1.825938 0.000000 0.000000
    51 -0.000002 -1.423443 0.000002 1.302406 0.000000 0.000000
    52 0.000008 1.423420 0.000028 0.831708 0.000000 0.000000
    53 -1.546646 -3.404194 -1.915569 -2.791978 0.765578 2.402160
    54 1.546661 3.404217 1.915585 3.126186 1.013596 2.867721
    55 0.000004 -1.437820 0.000000 1.542970 0.000000 0.000000
    56 -0.000021 1.437870 0.000031 1.400926 0.000000 0.000000
    57 -0.000002 -1.059402 0.000000 0.888082 0.000000 0.000000
    58 0.000006 1.059372 0.000008 1.110799 0.000000 0.000000
    59 -0.000004 -13.013485 -0.000004 0.010936 -0.284121 -0.076426
    60 0.161133 -10.804688 0.023087 0.010936 -0.284121 -0.076426
  time 5
    0 -0.024506 -3.468750 -0.000151 -1.559900 -0.000006 -0.000006
    1 -12.903130 2.931936 4.287337 -0.786992 -0.260699 0.892847
    2 0.000000 14.313023 0.000003 -1.747465 0.000000 0.000000
    3 -0.000011 13.013483 -0.000005 0.414875 0.942681 0.016296
    4 8.652996 10.990791 8.510125 2.735832 0.356269 0.284157
    5 0.000000 -14.313034 0.000000 -1.903984 0.000000 0.000000
    6 -0.000004 -13.013485 -0.000004 0.267624 -0.856812 -0.415234
    7 -1.330879 -2.698427 0.462449 -0.194886 -0.547260 3.056712
    8 1.330910 2.698444 -0.462436 0.194890 0.547268 -0.084879
    9 1.113281 4.808594 -1.690430 -1.589811 0.272264 -0.038126
    10 1.340820 7.765625 -2.611328 1.638801 1.297889 -3.109116
    11 0.671387 7.765625 -3.669922 -1.589828 0.275075 -0.038182
    12 0.707031 8.593750 -3.654297 -1.589811 0.272264 -0.038126
    13 14.750000 -52.000000 -3.505859 -1.993925 0.093276 0.197065
    14 6.566406 8.648438 3.232422 -1.090396 0.577049 -0.321829
    15 7.558525 6.997282 -2.354134 -1.937336 -0.275393 3.010581
    16 7.558525 6.997282 -2.354134 1.937336 0.275393 -0.131011
    17 -2.867767 -2.740969 0.531125 2.051196 0.577049 -0.321829
    18 4.324081 2.744001 -0.524877 -1.090396 0.577049 -0.321829
    19 1.340820 7.765625 -2.611328 1.638801 1.297889 -3.109116
    20 0.669922 7.765625 -3.669922 -1.589828 0.275074 -0.038184
    21 6.233833 5.542564 0.898426 -1.090396 0.577049 -0.321829
    22 6.946648 6.587124 1.429667 -1.090396 0.577049 -0.321829
    23 7.537933 7.453606 1.870349 -1.090396 0.577049 -0.321829
    24 8.154472 8.357077 2.329839 -1.090396 0.577049 -0.321829
    25 8.874294 9.411907 2.866308 -1.090396 0.577049 -0.321829
    26 -4.125858 -2.321501 1.394414 2.051196 0.577049 -0.321829
    27 -4.826813 -3.348669 0.872014 2.051196 0.577049 -0.321829
    28 -5.441669 -4.249685 0.413772 2.051196 0.577049 -0.321829
    29 -0.552532 -1.343527 1.604446 -0.050490 -0.183910 -0.530210
    30 0.552589 1.343534 -1.604463 -0.545055 -0.057066 -0.259177
    31 0.000000 -2.021618 -0.000004 -0.203560 0.000000 0.000000
    32 -0.000021 2.021633 0.000027 0.064981 0.000000 0.000000
    33 -0.000004 -1.136217 -0.000004 -0.600480 0.000000 0.000000
    34 -0.000011 1.136200 -0.000019 0.716918 0.000000 0.000000
    35 -0.032677 -4.587727 1.352317 -2.558509 0.890418 -2.936114
    36 0.032719 4.587772 -1.352291 2.079356 1.277540 2.174063
    37 0.000000 -1.754536 -0.000002 1.092131 0.000000 0.000000
    38 -0.000006 1.754520 -0.000034 0.714645 0.000000 0.000000
    39 0.000000 -1.227020 -0.000002 -0.252428 0.000000 0.000000
    40 0.000002 1.227070 0.000032 -0.218005 0.000000 0.000000
    41 -0.367996 -4.208406 0.173244 2.977246 0.927109 2.319434
    42 0.368011 4.208412 -0.173239 3.199356 1.190170 2.496138
    43 0.000000 -2.372318 -0.000004 1.154585 0.000000 0.000000
    44 -0.000006 2.372318 -0.000032 1.982376 0.000000 0.000000
    45 0.000004 -1.580070 -0.000001 -0.329414 0.000000 0.000000
    46 -0.000002 1.580170 0.000030 0.519341 0.000000 0.000000
    47 -0.937645 -3.860697 -0.959317 -2.948054 0.798863 2.256892
    48 0.937672 3.860714 0.959333 3.098553 1.009089 2.540691
    49 0.000000 -1.690632 0.000000 1.148315 0.000000 0.000000
    50 -0.000013 1.690666 0.000021 1.820780 0.000000 0.000000
    51 -0.000002 -1.423443 0.000002 1.302406 0.000000 0.000000
    52 0.000008 1.423420 0.000028 0.826569 0.000000 0.000000
    53 -1.546646 -3.404194 -1.915569 -2.791978 0.765578 2.402160
    54 1.546661 3.404217 1.915585 3.189408 1.038174 2.866723
    55 0.000004 -1.437820 0.000000 1.542970 0.000000 0.000000
    56 -0.000021 1.437870 0.000031 1.429730 0.000000 0.000000
    57 -0.000002 -1.059402 0.000000 0.888082 0.000000 0.000000
    58 0.000006 1.059372 0.000008 1.139590 0.000000 0.000000
    59 -0.000004 -13.013485 -0.000004 0.010936 -0.284121 -0.076426
    60 0.161133 -10.804688 0.023087 0.010936 -0.284121 -0.076426
  time 6
    0 -0.024506 -3.468750 -0.000151 -1.559900 -0.000006 -0.000006
    1 -12.903130 2.931936 4.287337 -0.786254 -0.262941 0.896284
    2 0.000000 14.313023 0.000003 -1.758524 0.000000 0.000000
    3 -0.000011 13.013483 -0.000005 0.463414 0.738825 0.089529
    4 8.652996 10.990791 8.510125 2.735927 0.356269 0.284062
    5 0.000000 -14.313034 0.000000 -1.903924 0.000000 0.000000
    6 -0.000004 -13.013485 -0.000004 0.267804 -0.858682 -0.416187
    7 -1.330879 -2.698427 0.462449 -0.194886 -0.547260 3.056712
    8 1.330910 2.698444 -0.462436 0.194890 0.547268 -0.084879
    9 1.113281 4.808594 -1.690430 -1.589811 0.272264 -0.038126
    10 1.340820 7.765625 -2.611328 1.638801 1.297889 -3.109116
    11 0.671387 7.765625 -3.669922 -1.589828 0.275075 -0.038182
    12 0.707031 8.593750 -3.654297 -1.589811 0.272264 -0.038126
    13 14.750000 -52.000000 -3.505859 -1.993925 0.093276 0.197065
    14 6.566406 8.648438 3.232422 -1.090396 0.577049 -0.321829
    15 7.558525 6.997282 -2.354134 -1.937336 -0.275393 3.010581
    16 7.558525 6.997282 -2.354134 1.937336 0.275393 -0.131011
    17 -2.867767 -2.740969 0.531125 2.051196 0.577049 -0.321829
    18 4.324081 2.744001 -0.524877 -1.090396 0.577049 -0.321829
    19 1.340820 7.765625 -2.611328 1.638801 1.297889 -3.109116
    20 0.669922 7.765625 -3.669922 -1.589828 0.275074 -0.038184
    21 6.233833 5.542564 0.898426 -1.090396 0.577049 -0.321829
    22 6.946648 6.587124 1.429667 -1.090396 0.577049 -0.321829
    23 7.537933 7.453606 1.870349 -1.090396 0.577049 -0.321829
    24 8.154472 8.357077 2.329839 -1.090396 0.577049 -0.321829
    25 8.874294 9.411907 2.866308 -1.090396 0.577049 -0.321829
    26 -4.125858 -2.321501 1.394414 2.051196 0.577049 -0.321829
    27 -4.826813 -3.348669 0.872014 2.051196 0.577049 -0.321829
    28 -5.441669 -4.249685 0.413772 2.051196 0.577049 -0.321829
    29 -0.552532 -1.343527 1.604446 -0.050490 -0.183910 -0.530210
    30 0.552589 1.343534 -1.604463 -0.512338 -0.038510 -0.263286
    31 0.000000 -2.021618 -0.000004 -0.203560 0.000000 0.000000
    32 -0.000021 2.021633 0.000027 0.093808 0.000000 0.000000
    33 -0.000004 -1.136217 -0.000004 -0.600480 0.000000 0.000000
    34 -0.000011 1.136200 -0.000019 0.867496 0.000000 0.000000
    35 -0.032677 -4.587727 1.352317 -2.558509 0.890418 -2.936114
    36 0.032719 4.587772 -1.352291 2.079356 1.277540 2.174063
    37 0.000000 -1.754536 -0.000002 1.092131 0.000000 0.000000
    38 -0.000006 1.754520 -0.000034 0.714645 0.000000 0.000000
    39 0.000000 -1.227020 -0.000002 -0.252428 0.000000 0.000000
    40 0.000002 1.227070 0.000032 -0.218005 0.000000 0.000000
    41 -0.367996 -4.208406 0.173244 2.977246 0.927109 2.319434
    42 0.368011 4.208412 -0.173239 3.284141 1.141362 2.518274
    43 0.000000 -2.372318 -0.000004 1.154585 0.000000 0.000000
    44 -0.000006 2.372318 -0.000032 1.970881 0.000000 0.000000
    45 0.000004 -1.580070 -0.000001 -0.329414 0.000000 0.000000
    46 -0.000002 1.580170 0.000030 0.560813 0.000000 0.000000
    47 -0.937645 -3.860697 -0.959317 -2.948054 0.798863 2.256892
    48 0.937672 3.860714 0.959333 3.150857 0.971984 2.510208
    49 0.000000 -1.690632 0.000000 1.148315 0.000000 0.000000
    50 -0.000013 1.690666 0.000021 1.816023 0.000000 0.000000
    51 -0.000002 -1.423443 0.000002 1.302406 0.000000 0.000000
    52 0.000008 1.423420 0.000028 0.821797 0.000000 0.000000
    53 -1.546646 -3.404194 -1.915569 -2.791978 0.765578 2.402160
    54 1.546661 3.404217 1.915585 3.247553 1.060793 2.865726
    55 0.000004 -1.437820 0.000000 1.542970 0.000000 0.000000
    56 -0.000021 1.437870 0.000031 1.456183 0.000000 0.000000
    57 -0.000002 -1.059402 0.000000 0.888082 0.000000 0.000000
    58 0.000006 1.059372 0.000008 1.166130 0.000000 0.000000
    59 -0.000004 -13.013485 -0.000004 0.010936 -0.284121 -0.076426
    60 0.161133 -10.804688 0.023087 0.010936 -0.284121 -0.076426
  time 7
    0 -0.024506 -3.468750 -0.000151 -1.559900 -0.000006 -0.000006
    1 -12.903130 2.931936 4.287337 -0.787637 -0.263751 0.898957
    2 0.000000 14.313023 0.000003 -1.770866 0.000000 0.000000
    3 -0.000011 13.013483 -0.000005 0.477555 0.504735 0.126721
    4 8.652996 10.990791 8.510125 2.735927 0.356231 0.284062
    5 0.000000 -14.313034 0.000000 -1.903924 0.000000 0.000000
    6 -0.000004 -13.013485 -0.000004 0.267984 -0.860597 -0.417046
    7 -1.330879 -2.698427 0.462449 -0.194886 -0.547260 3.056712
    8 1.330910 2.698444 -0.462436 0.194890 0.547268 -0.084879
    9 1.113281 4.808594 -1.690430 -1.589811 0.272264 -0.038126
    10 1.340820 7.765625 -2.611328 1.638801 1.297889 -3.109116
    11 0.671387 7.765625 -3.669922 -1.589828 0.275075 -0.038182
    12 0.707031 8.593750 -3.654297 -1.589811 0.272264 -0.038126
    13 14.750000 -52.000000 -3.505859 -1.993925 0.093276 0.197065
    14 6.566406 8.648438 3.232422 -1.090396 0.577049 -0.321829
    15 7.558525 6.997282 -2.354134 -1.937336 -0.275393 3.010581
    16 7.558525 6.997282 -2.354134 1.937336 0.275393 -0.131011
    17 -2.867767 -2.740969 0.531125 2.051196 0.577049 -0.321829
    18 4.324081 2.744001 -0.524877 -1.090396 0.577049 -0.321829
    19 1.340820 7.765625 -2.611328 1.638801 1.297889 -3.109116
    20 0.669922 7.765625 -3.669922 -1.589828 0.275074 -0.038184
    21 6.233833 5.542564 0.898426 -1.090396 0.577049 -0.321829
    22 6.946648 6.587124 1.429667 -1.090396 0.577049 -0.321829
    23 7.537933 7.453606 1.870349 -1.090396 0.577049 -0.321829
    24 8.154472 8.357077 2.329839 -1.090396 0.577049 -0.321829
    25 8.874294 9.411907 2.866308 -1.090396 0.577049 -0.321829
    26 -4.125858 -2.321501 1.394414 2.051196 0.577049 -0.321829
    27 -4.826813 -3.348669 0.872014 2.051196 0.577049 -0.321829
    28 -5.441669 -4.249685 0.413772 2.051196 0.577049 -0.321829
    29 -0.552532 -1.343527 1.604446 -0.050490 -0.183910 -0.530210
    30 0.552589 1.343534 -1.604463 -0.512338 -0.038510 -0.263286
    31 0.000000 -2.021618 -0.000004 -0.203560 0.000000 0.000000
    32 -0.000021 2.021633 0.000027 0.093808 0.000000 0.000000
    33 -0.000004 -1.136217 -0.000004 -0.600480 0.000000 0.000000
    34 -0.000011 1.136200 -0.000019 0.867496 0.000000 0.000000
    35 -0.032677 -4.587727 1.352317 -2.558509 0.890418 -2.936114
    36 0.032719 4.587772 -1.352291 2.079356 1.277540 2.174063
    37 0.000000 -1.754536 -0.000002 1.092131 0.000000 0.000000
    38 -0.000006 1.754520 -0.000034 0.714645 0.000000 0.000000
    39 0.000000 -1.227020 -0.000002 -0.252428 0.000000 0.000000
    40 0.000002 1.227070 0.000032 -0.218005 0.000000 0.000000
    41 -0.367996 -4.208406 0.173244 2.977246 0.927109 2.319434
    42 0.368011 4.208412 -0.173239 3.343328 1.105514 2.531587
    43 0.000000 -2.372318 -0.000004 1.154585 0.000000 0.000000
    44 -0.000006 2.372318 -0.000032 1.962502 0.000000 0.000000
    45 0.000004 -1.580070 -0.000001 -0.329414 0.000000 0.000000
    46 -0.000002 1.580170 0.000030 0.591248 0.000000 0.000000
    47 -0.937645 -3.860697 -0.959317 -2.948054 0.798863 2.256892
    48 0.937672 3.860714 0.959333 3.190805 0.944533 2.490043
    49 0.000000 -1.690632 0.000000 1.148315 0.000000 0.000000
    50 -0.000013 1.690666 0.000021 1.812518 0.000000 0.000000
    51 -0.000002 -1.423443 0.000002 1.302406 0.000000 0.000000
    52 0.000008 1.423420 0.000028 0.818273 0.000000 0.000000
    53 -1.546646 -3.404194 -1.915569 -2.791978 0.765578 2.402160
    54 1.546661 3.404217 1.915585 3.290193 1.077360 2.865035
    55 0.000004 -1.437820 0.000000 1.542970 0.000000 0.000000
    56 -0.000021 1.437870 0.000031 1.475581 0.000000 0.000000
    57 -0.000002 -1.059402 0.000000 0.888082 0.000000 0.000000
    58 0.000006 1.059372 0.000008 1.185501 0.000000 0.000000
    59 -0.000004 -13.013485 -0.000004 0.010936 -0.284121 -0.076426
    60 0.161133 -10.804688 0.023087 0.010936 -0.284121 -0.076426
  time 8
    0 -0.024506 -3.468750 -0.000151 -1.559900 -0.000006 -0.000006
    1 -12.903130 2.931936 4.287337 -0.792244 -0.262368 0.900714
    2 0.000000 14.313023 0.000003 -1.784246 0.000000 0.000000
    3 -0.000011 13.013483 -0.000005 0.473255 0.245316 0.137170
    4 8.652996 10.990791 8.510125 2.736023 0.356231 0.284062
    5 0.000000 -14.313034 0.000000 -1.903864 0.000000 0.000000
    6 -0.000004 -13.013485 -0.000004 0.268164 -0.862422 -0.417904
    7 -1.330879 -2.698427 0.462449 -0.194886 -0.547260 3.056712
    8 1.330910 2.698444 -0.462436 0.194890 0.547268 -0.084879
    9 1.113281 4.808594 -1.690430 -1.589811 0.272264 -0.038126
    10 1.340820 7.765625 -2.611328 1.638801 1.297889 -3.109116
    11 0.671387 7.765625 -3.669922 -1.589828 0.275075 -0.038182
    12 0.707031 8.593750 -3.654297 -1.589811 0.272264 -0.038126
    13 14.750000 -52.000000 -3.505859 -1.993925 0.093276 0.197065
    14 6.566406 8.648438 3.232422 -1.090396 0.577049 -0.321829
    15 7.558525 6.997282 -2.354134 -1.937336 -0.275393 3.010581
    16 7.558525 6.997282 -2.354134 1.937336 0.275393 -0.131011
    17 -2.867767 -2.740969 0.531125 2.051196 0.577049 -0.321829
    18 4.324081 2.744001 -0.524877 -1.090396 0.577049 -0.321829
    19 1.340820 7.765625 -2.611328 1.638801 1.297889 -3.109116
    20 0.669922 7.765625 -3.669922 -1.589828 0.275074 -0.038184
    21 6.233833 5.542564 0.898426 -1.090396 0.577049 -0.321829
    22 6.946648 6.587124 1.429667 -1.090396 0.577049 -0.321829
    23 7.537933 7.453606 1.870349 -1.090396 0.577049 -0.321829
    24 8.154472 8.357077 2.329839 -1.090396 0.577049 -0.321829
    25 8.874294 9.411907 2.866308 -1.090396 0.577049 -0.321829
    26 -4.125858 -2.321501 1.394414 2.051196 0.577049 -0.321829
    27 -4.826813 -3.348669 0.872014 2.051196 0.577049 -0.321829
    28 -5.441669 -4.249685 0.413772 2.051196 0.577049 -0.321829
    29 -0.552532 -1.343527 1.604446 -0.050490 -0.183910 -0.530210
    30 0.552589 1.343534 -1.604463 -0.512338 -0.038510 -0.263286
    31 0.000000 -2.021618 -0.000004 -0.203560 0.000000 0.000000
    32 -0.000021 2.021633 0.000027 0.093808 0.000000 0.000000
    33 -0.000004 -1.136217 -0.000004 -0.600480 0.000000 0.000000
    34 -0.000011 1.136200 -0.000019 0.867496 0.000000 0.000000
    35 -0.032677 -4.587727 1.352317 -2.558509 0.890418 -2.936114
    36 0.032719 4.587772 -1.352291 2.079356 1.277540 2.174063
    37 0.000000 -1.754536 -0.000002 1.092131 0.000000 0.000000
    38 -0.000006 1.754520 -0.000034 0.714645 0.000000 0.000000
    39 0.000000 -1.227020 -0.000002 -0.252428 0.000000 0.000000
    40 0.000002 1.227070 0.000032 -0.218005 0.000000 0.000000
    41 -0.367996 -4.208406 0.173244 2.977246 0.927109 2.319434
    42 0.368011 4.208412 -0.173239 3.365692 1.091688 2.536231
    43 0.000000 -2.372318 -0.000004 1.154585 0.000000 0.000000
    44 -0.000006 2.372318 -0.000032 1.959211 0.000000 0.000000
    45 0.000004 -1.580070 -0.000001 -0.329414 0.000000 0.000000
    46 -0.000002 1.580170 0.000030 0.602967 0.000000 0.000000
    47 -0.937645 -3.860697 -0.959317 -2.948054 0.798863 2.256892
    48 0.937672 3.860714 0.959333 3.206505 0.933892 2.482639
    49 0.000000 -1.690632 0.000000 1.148315 0.000000 0.000000
    50 -0.000013 1.690666 0.000021 1.811216 0.000000 0.000000
    51 -0.000002 -1.423443 0.000002 1.302406 0.000000 0.000000
    52 0.000008 1.423420 0.000028 0.816879 0.000000 0.000000
    53 -1.546646 -3.404194 -1.915569 -2.791978 0.765578 2.402160
    54 1.546661 3.404217 1.915585 3.306713 1.083786 2.864728
    55 0.000004 -1.437820 0.000000 1.542970 0.000000 0.000000
    56 -0.000021 1.437870 0.000031 1.483063 0.000000 0.000000
    57 -0.000002 -1.059402 0.000000 0.888082 0.000000 0.000000
    58 0.000006 1.059372 0.000008 1.193025 0.000000 0.000000
    59 -0.000004 -13.013485 -0.000004 0.010936 -0.284121 -0.076426
    60 0.161133 -10.804688 0.023087 0.010936 -0.284121 -0.076426
  time 9
    0 -0.024506 -3.468750 -0.000151 -1.559900 -0.000006 -0.000006
    1 -12.903130 2.931936 4.287337 -0.799892 -0.258839 0.902471
    2 0.000000 14.313023 0.000003 -1.798176 0.000000 0.000000
    3 -0.000011 13.013483 -0.000005 0.458732 -0.017216 0.130268
    4 8.652996 10.990791 8.510125 2.736215 0.356231 0.284062
    5 0.000000 -14.313034 0.000000 -1.903744 0.000000 0.000000
    6 -0.000004 -13.013485 -0.000004 0.268435 -0.864201 -0.418762
    7 -1.330879 -2.698427 0.462449 -0.194886 -0.547260 3.056712
    8 1.330910 2.698444 -0.462436 0.194890 0.547268 -0.084879
    9 1.113281 4.808594 -1.690430 -1.589811 0.272264 -0.038126
    10 1.340820 7.765625 -2.611328 1.638801 1.297889 -3.109116
    11 0.671387 7.765625 -3.669922 -1.589828 0.275075 -0.038182
    12 0.707031 8.593750 -3.654297 -1.589811 0.272264 -0.038126
    13 14.750000 -52.000000 -3.505859 -1.993925 0.093276 0.197065
    14 6.566406 8.648438 3.232422 -1.090396 0.577049 -0.321829
    15 7.558525 6.997282 -2.354134 -1.937336 -0.275393 3.010581
    16 7.558525 6.997282 -2.354134 1.937336 0.275393 -0.131011
    17 -2.867767 -2.740969 0.531125 2.051196 0.577049 -0.321829
    18 4.324081 2.744001 -0.524877 -1.090396 0.577049 -0.321829
    19 1.340820 7.765625 -2.611328 1.638801 1.297889 -3.109116
    20 0.669922 7.765625 -3.669922 -1.589828 0.275074 -0.038184
    21 6.233833 5.542564 0.898426 -1.090396 0.577049 -0.321829
    22 6.946648 6.587124 1.429667 -1.090396 0.577049 -0.321829
    23 7.537933 7.453606 1.870349 -1.090396 0.577049 -0.321829
    24 8.154472 8.357077 2.329839 -1.090396 0.577049 -0.321829
    25 8.874294 9.411907 2.866308 -1.090396 0.577049 -0.321829
    26 -4.125858 -2.321501 1.394414 2.051196 0.577049 -0.321829
    27 -4.826813 -3.348669 0.872014 2.051196 0.577049 -0.321829
    28 -5.441669 -4.249685 0.413772 2.051196 0.577049 -0.321829
    29 -0.552532 -1.343527 1.604446 -0.050490 -0.183910 -0.530210
    30 0.552589 1.343534 -1.604463 -0.512338 -0.038510 -0.263286
    31 0.000000 -2.021618 -0.000004 -0.203560 0.000000 0.000000
    32 -0.000021 2.021633 0.000027 0.093808 0.000000 0.000000
    33 -0.000004 -1.136217 -0.000004 -0.600480 0.000000 0.000000
    34 -0.000011 1.136200 -0.000019 0.867496 0.000000 0.000000
    35 -0.032677 -4.587727 1.352317 -2.558509 0.890418 -2.936114
    36 0.032719 4.587772 -1.352291 2.079356 1.277540 2.174063
    37 0.000000 -1.754536 -0.000002 1.092131 0.000000 0.000000
    38 -0.000006 1.754520 -0.000034 0.714645 0.000000 0.000000
    39 0.000000 -1.227020 -0.000002 -0.252428 0.000000 0.000000
    40 0.000002 1.227070 0.000032 -0.218005 0.000000 0.000000
    41 -0.367996 -4.208406 0.173244 2.977246 0.927109 2.319434
    42 0.368011 4.208412 -0.173239 3.365692 1.091688 2.536231
    43 0.000000 -2.372318 -0.000004 1.154585 0.000000 0.000000
    44 -0.000006 2.372318 -0.000032 1.959211 0.000000 0.000000
    45 0.000004 -1.580070 -0.000001 -0.329414 0.000000 0.000000
    46 -0.000002 1.580170 0.000030 0.602967 0.000000 0.000000
    47 -0.937645 -3.860697 -0.959317 -2.948054 0.798863 2.256892
    48 0.937672 3.860714 0.959333 3.206505 0.933892 2.482639
    49 0.000000 -1.690632 0.000000 1.148315 0.000000 0.000000
    50 -0.000013 1.690666 0.000021 1.811216 0.000000 0.000000
    51 -0.000002 -1.423443 0.000002 1.302406 0.000000 0.000000
    52 0.000008 1.423420 0.000028 0.816879 0.000000 0.000000
    53 -1.546646 -3.404194 -1.915569 -2.791978 0.765578 2.402160
    54 1.546661 3.404217 1.915585 3.306713 1.083786 2.864728
    55 0.000004 -1.437820 0.000000 1.542970 0.000000 0.000000
    56 -0.000021 1.437870 0.000031 1.483063 0.000000 0.000000
    57 -0.000002 -1.059402 0.000000 0.888082 0.000000 0.000000
    58 0.000006 1.059372 0.000008 1.193025 0.000000 0.000000
    59 -0.000004 -13.013485 -0.000004 0.010936 -0.284121 -0.076426
    60 0.161133 -10.804688 0.023087 0.010936 -0.284121 -0.076426
  time 10
    0 -0.024506 -3.468750 -0.000151 -1.559900 -0.000006 -0.000006
    1 -12.903130 2.931936 4.287337 -0.809752 -0.253641 0.904609
    2 0.000000 14.313023 0.000003 -1.811985 0.000000 0.000000
    3 -0.000011 13.013483 -0.000005 0.438762 -0.262296 0.114739
    4 8.652996 10.990791 8.510125 2.736310 0.356231 0.284062
    5 0.000000 -14.313034 0.000000 -1.903744 0.000000 0.000000
    6 -0.000004 -13.013485 -0.000004 0.268615 -0.865980 -0.419715
    7 -1.330879 -2.698427 0.462449 -0.194886 -0.547260 3.056712
    8 1.330910 2.698444 -0.462436 0.194890 0.547268 -0.084879
    9 1.113281 4.808594 -1.690430 -1.589811 0.272264 -0.038126
    10 1.340820 7.765625 -2.611328 1.638801 1.297889 -3.109116
    11 0.671387 7.765625 -3.669922 -1.589828 0.275075 -0.038182
    12 0.707031 8.593750 -3.654297 -1.589811 0.272264 -0.038126
    13 14.750000 -52.000000 -3.505859 -1.993925 0.093276 0.197065
    14 6.566406 8.648438 3.232422 -1.090396 0.577049 -0.321829
    15 7.558525 6.997282 -2.354134 -1.937336 -0.275393 3.010581
    16 7.558525 6.997282 -2.354134 1.937336 0.275393 -0.131011
    17 -2.867767 -2.740969 0.531125 2.051196 0.577049 -0.321829
    18 4.324081 2.744001 -0.524877 -1.090396 0.577049 -0.321829
    19 1.340820 7.765625 -2.611328 1.638801 1.297889 -3.109116
    20 0.669922 7.765625 -3.669922 -1.589828 0.275074 -0.038184
    21 6.233833 5.542564 0.898426 -1.090396 0.577049 -0.321829
    22 6.946648 6.587124 1.429667 -1.090396 0.577049 -0.321829
    23 7.537933 7.453606 1.870349 -1.090396 0.577049 -0.321829
    24 8.154472 8.357077 2.329839 -1.090396 0.577049 -0.321829
    25 8.874294 9.411907 2.866308 -1.090396 0.577049 -0.321829
    26 -4.125858 -2.321501 1.394414 2.051196 0.577049 -0.321829
    27 -4.826813 -3.348669 0.872014 2.051196 0.577049 -0.321829
    28 -5.441669 -4.249685 0.413772 2.051196 0.577049 -0.321829
    29 -0.552532 -1.343527 1.604446 -0.050490 -0.183910 -0.530210
    30 0.552589 1.343534 -1.604463 -0.512338 -0.038510 -0.263286
    31 0.000000 -2.021618 -0.000004 -0.203560 0.000000 0.000000
    32 -0.000021 2.021633 0.000027 0.093808 0.000000 0.000000
    33 -0.000004 -1.136217 -0.000004 -0.600480 0.000000 0.000000
    34 -0.000011 1.136200 -0.000019 0.867496 0.000000 0.000000
    35 -0.032677 -4.587727 1.352317 -2.558509 0.890418 -2.936114
    36 0.032719 4.587772 -1.352291 2.079356 1.277540 2.174063
    37 0.000000 -1.754536 -0.000002 1.092131 0.000000 0.000000
    38 -0.000006 1.754520 -0.000034 0.714645 0.000000 0.000000
    39 0.000000 -1.227020 -0.000002 -0.252428 0.000000 0.000000
    40 0.000002 1.227070 0.000032 -0.218005 0.000000 0.000000
    41 -0.367996 -4.208406 0.173244 2.977246 0.927109 2.319434
    42 0.368011 4.208412 -0.173239 3.365692 1.091688 2.536231
    43 0.000000 -2.372318 -0.000004 1.154585 0.000000 0.000000
    44 -0.000006 2.372318 -0.000032 1.959211 0.000000 0.000000
    45 0.000004 -1.580070 -0.000001 -0.329414 0.000000 0.000000
    46 -0.000002 1.580170 0.000030 0.602967 0.000000 0.000000
    47 -0.937645 -3.860697 -0.959317 -2.948054 0.798863 2.256892
    48 0.937672 3.860714 0.959333 3.206505 0.933892 2.482639
    49 0.000000 -1.690632 0.000000 1.148315 0.000000 0.000000
    50 -0.000013 1.690666 0.000021 1.811216 0.000000 0.000000
    51 -0.000002 -1.423443 0.000002 1.302406 0.000000 0.000000
    52 0.000008 1.423420 0.000028 0.816879 0.000000 0.000000
    53 -1.546646 -3.404194 -1.915569 -2.791978 0.765578 2.402160
    54 1.546661 3.404217 1.915585 3.306713 1.083786 2.864728
    55 0.000004 -1.437820 0.000000 1.542970 0.000000 0.000000
    56 -0.000021 1.437870 0.000031 1.483063 0.000000 0.000000
    57 -0.000002 -1.059402 0.000000 0.888082 0.000000 0.000000
    58 0.000006 1.059372 0.000008 1.193025 0.000000 0.000000
    59 -0.000004 -13.013485 -0.000004 0.010936 -0.284121 -0.076426
    60 0.161133 -10.804688 0.023087 0.010936 -0.284121 -0.076426
  time 11
    0 -0.024506 -3.468750 -0.000151 -1.559900 -0.000006 -0.000006
    1 -12.903130 2.931936 4.287337 -0.821178 -0.247489 0.907435
    2 0.000000 14.313023 0.000003 -1.824754 0.000000 0.000000
    3 -0.000011 13.013483 -0.000005 0.417741 -0.489217 0.092309
    4 8.652996 10.990791 8.510125 2.736406 0.356231 0.284062
    5 0.000000 -14.313034 0.000000 -1.903744 0.000000 0.000000
    6 -0.000004 -13.013485 -0.000004 0.268705 -0.867758 -0.420573
    7 -1.330879 -2.698427 0.462449 -0.194886 -0.547260 3.056712
    8 1.330910 2.698444 -0.462436 0.194890 0.547268 -0.084879
    9 1.113281 4.808594 -1.690430 -1.589811 0.272264 -0.038126
    10 1.340820 7.765625 -2.611328 1.638801 1.297889 -3.109116
    11 0.671387 7.765625 -3.669922 -1.589828 0.275075 -0.038182
    12 0.707031 8.593750 -3.654297 -1.589811 0.272264 -0.038126
    13 14.750000 -52.000000 -3.505859 -1.993925 0.093276 0.197065
    14 6.566406 8.648438 3.232422 -1.090396 0.577049 -0.321829
    15 7.558525 6.997282 -2.354134 -1.937336 -0.275393 3.010581
    16 7.558525 6.997282 -2.354134 1.937336 0.275393 -0.131011
    17 -2.867767 -2.740969 0.531125 2.051196 0.577049 -0.321829
    18 4.324081 2.744001 -0.524877 -1.090396 0.577049 -0.321829
    19 1.340820 7.765625 -2.611328 1.638801 1.297889 -3.109116
    20 0.669922 7.765625 -3.669922 -1.589828 0.275074 -0.038184
    21 6.233833 5.542564 0.898426 -1.090396 0.577049 -0.321829
    22 6.946648 6.587124 1.429667 -1.090396 0.577049 -0.321829
    23 7.537933 7.453606 1.870349 -1.090396 0.577049 -0.321829
    24 8.154472 8.357077 2.329839 -1.090396 0.577049 -0.321829
    25 8.874294 9.411907 2.866308 -1.090396 0.577049 -0.321829
    26 -4.125858 -2.321501 1.394414 2.051196 0.577049 -0.321829
    27 -4.826813 -3.348669 0.872014 2.051196 0.577049 -0.321829
    28 -5.441669 -4.249685 0.413772 2.051196 0.577049 -0.321829
    29 -0.552532 -1.343527 1.604446 -0.050490 -0.183910 -0.530210
    30 0.552589 1.343534 -1.604463 -0.512338 -0.038510 -0.263286
    31 0.000000 -2.021618 -0.000004 -0.203560 0.000000 0.000000
    32 -0.000021 2.021633 0.000027 0.093808 0.000000 0.000000
    33 -0.000004 -1.136217 -0.000004 -0.600480 0.000000 0.000000
    34 -0.000011 1.136200 -0.000019 0.867496 0.000000 0.000000
    35 -0.032677 -4.587727 1.352317 -2.558509 0.890418 -2.936114
    36 0.032719 4.587772 -1.352291 2.079356 1.277540 2.174063
    37 0.000000 -1.754536 -0.000002 1.092131 0.000000 0.000000
    38 -0.000006 1.754520 -0.000034 0.714645 0.000000 0.000000
    39 0.000000 -1.227020 -0.000002 -0.252428 0.000000 0.000000
    40 0.000002 1.227070 0.000032 -0.218005 0.000000 0.000000
    41 -0.367996 -4.208406 0.173244 2.977246 0.927109 2.319434
    42 0.368011 4.208412 -0.173239 3.365692 1.091688 2.536231
    43 0.000000 -2.372318 -0.000004 1.154585 0.000000 0.000000
    44 -0.000006 2.372318 -0.000032 1.959211 0.000000 0.000000
    45 0.000004 -1.580070 -0.000001 -0.329414 0.000000 0.000000
    46 -0.000002 1.580170 0.000030 0.602967 0.000000 0.000000
    47 -0.937645 -3.860697 -0.959317 -2.948054 0.798863 2.256892
    48 0.937672 3.860714 0.959333 3.206505 0.933892 2.482639
    49 0.000000 -1.690632 0.000000 1.148315 0.000000 0.000000
    50 -0.000013 1.690666 0.000021 1.811216 0.000000 0.000000
    51 -0.000002 -1.423443 0.000002 1.302406 0.000000 0.000000
    52 0.000008 1.423420 0.000028 0.816879 0.000000 0.000000
    53 -1.546646 -3.404194 -1.915569 -2.791978 0.765578 2.402160
    54 1.546661 3.404217 1.915585 3.306713 1.083786 2.864728
    55 0.000004 -1.437820 0.000000 1.542970 0.000000 0.000000
    56 -0.000021 1.437870 0.000031 1.483063 0.000000 0.000000
    57 -0.000002 -1.059402 0.000000 0.888082 0.000000 0.000000
    58 0.000006 1.059372 0.000008 1.193025 0.000000 0.000000
    59 -0.000004 -13.013485 -0.000004 0.010936 -0.284121 -0.076426
    60 0.161133 -10.804688 0.023087 0.010936 -0.284121 -0.076426
  time 12
    0 -0.024506 -3.468750 -0.000151 -1.559900 -0.000006 -0.000006
    1 -12.903130 2.931936 4.287337 -0.833894 -0.241004 0.910643
    2 0.000000 14.313023 0.000003 -1.836057 0.000000 0.000000
    3 -0.000011 13.013483 -0.000005 0.398154 -0.699016 0.064128
    4 8.652996 10.990791 8.510125 2.736598 0.356231 0.284062
    5 0.000000 -14.313034 0.000000 -1.903625 0.000000 0.000000
    6 -0.000004 -13.013485 -0.000004 0.268885 -0.869492 -0.421432
    7 -1.330879 -2.698427 0.462449 -0.194886 -0.547260 3.056712
    8 1.330910 2.698444 -0.462436 0.194890 0.547268 -0.084879
    9 1.113281 4.808594 -1.690430 -1.589811 0.272264 -0.038126
    10 1.340820 7.765625 -2.611328 1.638801 1.297889 -3.109116
    11 0.671387 7.765625 -3.669922 -1.589828 0.275075 -0.038182
    12 0.707031 8.593750 -3.654297 -1.589811 0.272264 -0.038126
    13 14.750000 -52.000000 -3.505859 -1.993925 0.093276 0.197065
    14 6.566406 8.648438 3.232422 -1.090396 0.577049 -0.321829
    15 7.558525 6.997282 -2.354134 -1.937336 -0.275393 3.010581
    16 7.558525 6.997282 -2.354134 1.937336 0.275393 -0.131011
    17 -2.867767 -2.740969 0.531125 2.051196 0.577049 -0.321829
    18 4.324081 2.744001 -0.524877 -1.090396 0.577049 -0.321829
    19 1.340820 7.765625 -2.611328 1.638801 1.297889 -3.109116
    20 0.669922 7.765625 -3.669922 -1.589828 0.275074 -0.038184
    21 6.233833 5.542564 0.898426 -1.090396 0.577049 -0.321829
    22 6.946648 6.587124 1.429667 -1.090396 0.577049 -0.321829
    23 7.537933 7.453606 1.870349 -1.090396 0.577049 -0.321829
    24 8.154472 8.357077 2.329839 -1.090396 0.577049 -0.321829
    25 8.874294 9.411907 2.866308 -1.090396 0.577049 -0.321829
    26 -4.125858 -2.321501 1.394414 2.051196 0.577049 -0.321829
    27 -4.826813 -3.348669 0.872014 2.051196 0.577049 -0.321829
    28 -5.441669 -4.249685 0.413772 2.051196 0.577049 -0.321829
    29 -0.552532 -1.343527 1.604446 -0.050490 -0.183910 -0.530210
    30 0.552589 1.343534 -1.604463 -0.512338 -0.038510 -0.263286
    31 0.000000 -2.021618 -0.000004 -0.203560 0.000000 0.000000
    32 -0.000021 2.021633 0.000027 0.093808 0.000000 0.000000
    33 -0.000004 -1.136217 -0.000004 -0.600480 0.000000 0.000000
    34 -0.000011 1.136200 -0.000019 0.867496 0.000000 0.000000
    35 -0.032677 -4.587727 1.352317 -2.558509 0.890418 -2.936114
    36 0.032719 4.587772 -1.352291 2.079356 1.277540 2.174063
    37 0.000000 -1.754536 -0.000002 1.092131 0.000000 0.000000
    38 -0.000006 1.754520 -0.000034 0.714645 0.000000 0.000000
    39 0.000000 -1.227020 -0.000002 -0.252428 0.000000 0.000000
    40 0.000002 1.227070 0.000032 -0.218005 0.000000 0.000000
    41 -0.367996 -4.208406 0.173244 2.977246 0.927109 2.319434
    42 0.368011 4.208412 -0.173239 3.365692 1.091688 2.536231
    43 0.000000 -2.372318 -0.000004 1.154585 0.000000 0.000000
    44 -0.000006 2.372318 -0.000032 1.959211 0.000000 0.000000
    45 0.000004 -1.580070 -0.000001 -0.329414 0.000000 0.000000
    46 -0.000002 1.580170 0.000030 0.602967 0.000000 0.000000
    47 -0.937645 -3.860697 -0.959317 -2.948054 0.798863 2.256892
    48 0.937672 3.860714 0.959333 3.206505 0.933892 2.482639
    49 0.000000 -1.690632 0.000000 1.148315 0.000000 0.000000
    50 -0.000013 1.690666 0.000021 1.811216 0.000000 0.000000
    51 -0.000002 -1.423443 0.000002 1.302406 0.000000 0.000000
    52 0.000008 1.423420 0.000028 0.816879 0.000000 0.000000
    53 -1.546646 -3.404194 -1.915569 -2.791978 0.765578 2.402160
    54 1.546661 3.404217 1.915585 3.306713 1.083786 2.864728
    55 0.000004 -1.437820 0.000000 1.542970 0.000000 0.000000
    56 -0.000021 1.437870 0.000031 1.483063 0.000000 0.000000
    57 -0.000002 -1.059402 0.000000 0.888082 0.000000 0.000000
    58 0.000006 1.059372 0.000008 1.193025 0.000000 0.000000
    59 -0.000004 -13.013485 -0.000004 0.010936 -0.284121 -0.076426
    60 0.161133 -10.804688 0.023087 0.010936 -0.284121 -0.076426
  time 13
    0 -0.024506 -3.468750 -0.000151 -1.559900 -0.000006 -0.000006
    1 -12.903130 2.931936 4.287337 -0.847071 -0.235376 0.914004
    2 0.000000 14.313023 0.000003 -1.845161 0.000000 0.000000
    3 -0.000011 13.013483 -0.000005 0.381146 -0.889759 0.032879
    4 8.652996 10.990791 8.510125 2.736693 0.356231 0.284062
    5 0.000000 -14.313034 0.000000 -1.903565 0.000000 0.000000
    6 -0.000004 -13.013485 -0.000004 0.269065 -0.871134 -0.422290
    7 -1.330879 -2.698427 0.462449 -0.194886 -0.547260 3.056712
    8 1.330910 2.698444 -0.462436 0.194890 0.547268 -0.084879
    9 1.113281 4.808594 -1.690430 -1.589811 0.272264 -0.038126
    10 1.340820 7.765625 -2.611328 1.638801 1.297889 -3.109116
    11 0.671387 7.765625 -3.669922 -1.589828 0.275075 -0.038182
    12 0.707031 8.593750 -3.654297 -1.589811 0.272264 -0.038126
    13 14.750000 -52.000000 -3.505859 -1.993925 0.093276 0.197065
    14 6.566406 8.648438 3.232422 -1.090396 0.577049 -0.321829
    15 7.558525 6.997282 -2.354134 -1.937336 -0.275393 3.010581
    16 7.558525 6.997282 -2.354134 1.937336 0.275393 -0.131011
    17 -2.867767 -2.740969 0.531125 2.051196 0.577049 -0.321829
    18 4.324081 2.744001 -0.524877 -1.090396 0.577049 -0.321829
    19 1.340820 7.765625 -2.611328 1.638801 1.297889 -3.109116
    20 0.669922 7.765625 -3.669922 -1.589828 0.275074 -0.038184
    21 6.233833 5.542564 0.898426 -1.090396 0.577049 -0.321829
    22 6.946648 6.587124 1.429667 -1.090396 0.577049 -0.321829
    23 7.537933 7.453606 1.870349 -1.090396 0.577049 -0.321829
    24 8.154472 8.357077 2.329839 -1.090396 0.577049 -0.321829
    25 8.874294 9.411907 2.866308 -1.090396 0.577049 -0.321829
    26 -4.125858 -2.321501 1.394414 2.051196 0.577049 -0.321829
    27 -4.826813 -3.348669 0.872014 2.051196 0.577049 -0.321829
    28 -5.441669 -4.249685 0.413772 2.051196 0.577049 -0.321829
    29 -0.552532 -1.343527 1.604446 -0.050490 -0.183910 -0.530210
    30 0.552589 1.343534 -1.604463 -0.512338 -0.038510 -0.263286
    31 0.000000 -2.021618 -0.000004 -0.203560 0.000000 0.000000
    32 -0.000021 2.021633 0.000027 0.093808 0.000000 0.000000
    33 -0.000004 -1.136217 -0.000004 -0.600480 0.000000 0.000000
    34 -0.000011 1.136200 -0.000019 0.867496 0.000000 0.000000
    35 -0.032677 -4.587727 1.352317 -2.558509 0.890418 -2.936114
    36 0.032719 4.587772 -1.352291 2.079356 1.277540 2.174063
    37 0.000000 -1.754536 -0.000002 1.092131 0.000000 0.000000
    38 -0.000006 1.754520 -0.000034 0.714645 0.000000 0.000000
    39 0.000000 -1.227020 -0.000002 -0.252428 0.000000 0.000000
    40 0.000002 1.227070 0.000032 -0.218005 0.000000 0.000000
    41 -0.367996 -4.208406 0.173244 2.977246 0.927109 2.319434
    42 0.368011 4.208412 -0.173239 3.365692 1.091688 2.536231
    43 0.000000 -2.372318 -0.000004 1.154585 0.000000 0.000000
    44 -0.000006 2.372318 -0.000032 1.959211 0.000000 0.000000
    45 0.000004 -1.580070 -0.000001 -0.329414 0.000000 0.000000
    46 -0.000002 1.580170 0.000030 0.602967 0.000000 0.000000
    47 -0.937645 -3.860697 -0.959317 -2.948054 0.798863 2.256892
    48 0.937672 3.860714 0.959333 3.206505 0.933892 2.482639
    49 0.000000 -1.690632 0.000000 1.148315 0.000000 0.000000
    50 -0.000013 1.690666 0.000021 1.811216 0.000000 0.000000
    51 -0.000002 -1.423443 0.000002 1.302406 0.000000 0.000000
    52 0.000008 1.423420 0.000028 0.816879 0.000000 0.000000
    53 -1.546646 -3.404194 -1.915569 -2.791978 0.765578 2.402160
    54 1.546661 3.404217 1.915585 3.306713 1.083786 2.864728
    55 0.000004 -1.437820 0.000000 1.542970 0.000000 0.000000
    56 -0.000021 1.437870 0.000031 1.483063 0.000000 0.000000
    57 -0.000002 -1.059402 0.000000 0.888082 0.000000 0.000000
    58 0.000006 1.059372 0.000008 1.193025 0.000000 0.000000
    59 -0.000004 -13.013485 -0.000004 0.010936 -0.284121 -0.076426
    60 0.161133 -10.804688 0.023087 0.010936 -0.284121 -0.076426
  time 14
    0 -0.024506 -3.468750 -0.000151 -1.559900 -0.000006 -0.000006
    1 -12.903130 2.931936 4.287337 -0.858590 -0.232849 0.916601
    2 0.000000 14.313023 0.000003 -1.851515 0.000000 0.000000
    3 -0.000011 13.013483 -0.000005 0.359743 -1.057816 0.005272
    4 8.652996 10.990791 8.510125 2.736693 0.356193 0.284062
    5 0.000000 -14.313034 0.000000 -1.903565 0.000000 0.000000
    6 -0.000004 -13.013485 -0.000004 0.269245 -0.872776 -0.423052
    7 -1.330879 -2.698427 0.462449 -0.194886 -0.547260 3.056712
    8 1.330910 2.698444 -0.462436 0.194890 0.547268 -0.084879
    9 1.113281 4.808594 -1.690430 -1.589811 0.272264 -0.038126
    10 1.340820 7.765625 -2.611328 1.638801 1.297889 -3.109116
    11 0.671387 7.765625 -3.669922 -1.589828 0.275075 -0.038182
    12 0.707031 8.593750 -3.654297 -1.589811 0.272264 -0.038126
    13 14.750000 -52.000000 -3.505859 -1.993925 0.093276 0.197065
    14 6.566406 8.648438 3.232422 -1.090396 0.577049 -0.321829
    15 7.558525 6.997282 -2.354134 -1.937336 -0.275393 3.010581
    16 7.558525 6.997282 -2.354134 1.937336 0.275393 -0.131011
    17 -2.867767 -2.740969 0.531125 2.051196 0.577049 -0.321829
    18 4.324081 2.744001 -0.524877 -1.090396 0.577049 -0.321829
    19 1.340820 7.765625 -2.611328 1.638801 1.297889 -3.109116
    20 0.669922 7.765625 -3.669922 -1.589828 0.275074 -0.038184
    21 6.233833 5.542564 0.898426 -1.090396 0.577049 -0.321829
    22 6.946648 6.587124 1.429667 -1.090396 0.577049 -0.321829
    23 7.537933 7.453606 1.870349 -1.090396 0.577049 -0.321829
    24 8.154472 8.357077 2.329839 -1.090396 0.577049 -0.321829
    25 8.874294 9.411907 2.866308 -1.090396 0.577049 -0.321829
    26 -4.125858 -2.321501 1.394414 2.051196 0.577049 -0.321829
    27 -4.826813 -3.348669 0.872014 2.051196 0.577049 -0.321829
    28 -5.441669 -4.249685 0.413772 2.051196 0.577049 -0.321829
    29 -0.552532 -1.343527 1.604446 -0.050490 -0.183910 -0.530210
    30 0.552589 1.343534 -1.604463 -0.512338 -0.038510 -0.263286
    31 0.000000 -2.021618 -0.000004 -0.203560 0.000000 0.000000
    32 -0.000021 2.021633 0.000027 0.093808 0.000000 0.000000
    33 -0.000004 -1.136217 -0.000004 -0.600480 0.000000 0.000000
    34 -0.000011 1.136200 -0.000019 0.867496 0.000000 0.000000
    35 -0.032677 -4.587727 1.352317 -2.558509 0.890418 -2.936114
    36 0.032719 4.587772 -1.352291 2.079356 1.277540 2.174063
    37 0.000000 -1.754536 -0.000002 1.092131 0.000000 0.000000
    38 -0.000006 1.754520 -0.000034 0.714645 0.000000 0.000000
    39 0.000000 -1.227020 -0.000002 -0.252428 0.000000 0.000000
    40 0.000002 1.227070 0.000032 -0.218005 0.000000 0.000000
    41 -0.367996 -4.208406 0.173244 2.977246 0.927109 2.319434
    42 0.368011 4.208412 -0.173239 3.365692 1.091688 2.536231
    43 0.000000 -2.372318 -0.000004 1.154585 0.000000 0.000000
    44 -0.000006 2.372318 -0.000032 1.959211 0.000000 0.000000
    45 0.000004 -1.580070 -0.000001 -0.329414 0.000000 0.000000
    46 -0.000002 1.580170 0.000030 0.602967 0.000000 0.000000
    47 -0.937645 -3.860697 -0.959317 -2.948054 0.798863 2.256892
    48 0.937672 3.860714 0.959333 3.206505 0.933892 2.482639
    49 0.000000 -1.690632 0.000000 1.148315 0.000000 0.000000
    50 -0.000013 1.690666 0.000021 1.811216 0.000000 0.000000
    51 -0.000002 -1.423443 0.000002 1.302406 0.000000 0.000000
    52 0.000008 1.423420 0.000028 0.816879 0.000000 0.000000
    53 -1.546646 -3.404194 -1.915569 -2.791978 0.765578 2.402160
    54 1.546661 3.404217 1.915585 3.306713 1.083786 2.864728
    55 0.000004 -1.437820 0.000000 1.542970 0.000000 0.000000
    56 -0.000021 1.437870 0.000031 1.483063 0.000000 0.000000
    57 -0.000002 -1.059402 0.000000 0.888082 0.000000 0.000000
    58 0.000006 1.059372 0.000008 1.193025 0.000000 0.000000
    59 -0.000004 -13.013485 -0.000004 0.010936 -0.284121 -0.076426
    60 0.161133 -10.804688 0.023087 0.010936 -0.284121 -0.076426
  time 15
    0 -0.024506 -3.468750 -0.000151 -1.559900 -0.000006 -0.000006
    1 -12.903130 2.931936 4.287337 -0.868081 -0.233946 0.917823
    2 0.000000 14.313023 0.000003 -1.854875 0.000000 0.000000
    3 -0.000011 13.013483 -0.000005 0.325345 -1.197808 -0.008723
    4 8.652996 10.990791 8.510125 2.736789 0.356193 0.284062
    5 0.000000 -14.313034 0.000000 -1.903505 0.000000 0.000000
    6 -0.000004 -13.013485 -0.000004 0.269516 -0.874418 -0.423911
    7 -1.330879 -2.698427 0.462449 -0.194886 -0.547260 3.056712
    8 1.330910 2.698444 -0.462436 0.194890 0.547268 -0.084879
    9 1.113281 4.808594 -1.690430 -1.589811 0.272264 -0.038126
    10 1.340820 7.765625 -2.611328 1.638801 1.297889 -3.109116
    11 0.671387 7.765625 -3.669922 -1.589828 0.275075 -0.038182
    12 0.707031 8.593750 -3.654297 -1.589811 0.272264 -0.038126
    13 14.750000 -52.000000 -3.505859 -1.993925 0.093276 0.197065
    14 6.566406 8.648438 3.232422 -1.090396 0.577049 -0.321829
    15 7.558525 6.997282 -2.354134 -1.937336 -0.275393 3.010581
    16 7.558525 6.997282 -2.354134 1.937336 0.275393 -0.131011
    17 -2.867767 -2.740969 0.531125 2.051196 0.577049 -0.321829
    18 4.324081 2.744001 -0.524877 -1.090396 0.577049 -0.321829
    19 1.340820 7.765625 -2.611328 1.638801 1.297889 -3.109116
    20 0.669922 7.765625 -3.669922 -1.589828 0.275074 -0.038184
    21 6.233833 5.542564 0.898426 -1.090396 0.577049 -0.321829
    22 6.946648 6.587124 1.429667 -1.090396 0.577049 -0.321829
    23 7.537933 7.453606 1.870349 -1.090396 0.577049 -0.321829
    24 8.154472 8.357077 2.329839 -1.090396 0.577049 -0.321829
    25 8.874294 9.411907 2.866308 -1.090396 0.577049 -0.321829
    26 -4.125858 -2.321501 1.394414 2.051196 0.577049 -0.321829
    27 -4.826813 -3.348669 0.872014 2.051196 0.577049 -0.321829
    28 -5.441669 -4.249685 0.413772 2.051196 0.577049 -0.321829
    29 -0.552532 -1.343527 1.604446 -0.050490 -0.183910 -0.530210
    30 0.552589 1.343534 -1.604463 -0.512338 -0.038510 -0.263286
    31 0.000000 -2.021618 -0.000004 -0.203560 0.000000 0.000000
    32 -0.000021 2.021633 0.000027 0.093808 0.000000 0.000000
    33 -0.000004 -1.136217 -0.000004 -0.600480 0.000000 0.000000
    34 -0.000011 1.136200 -0.000019 0.867496 0.000000 0.000000
    35 -0.032677 -4.587727 1.352317 -2.558509 0.890418 -2.936114
    36 0.032719 4.587772 -1.352291 2.079356 1.277540 2.174063
    37 0.000000 -1.754536 -0.000002 1.092131 0.000000 0.000000
    38 -0.000006 1.754520 -0.000034 0.714645 0.000000 0.000000
    39 0.000000 -1.227020 -0.000002 -0.252428 0.000000 0.000000
    40 0.000002 1.227070 0.000032 -0.218005 0.000000 0.000000
    41 -0.367996 -4.208406 0.173244 2.977246 0.927109 2.319434
    42 0.368011 4.208412 -0.173239 3.365692 1.091688 2.536231
    43 0.000000 -2.372318 -0.000004 1.154585 0.000000 0.000000
    44 -0.000006 2.372318 -0.000032 1.959211 0.000000 0.000000
    45 0.000004 -1.580070 -0.000001 -0.329414 0.000000 0.000000
    46 -0.000002 1.580170 0.000030 0.602967 0.000000 0.000000
    47 -0.937645 -3.860697 -0.959317 -2.948054 0.798863 2.256892
    48 0.937672 3.860714 0.959333 3.206505 0.933892 2.482639
    49 0.000000 -1.690632 0.000000 1.148315 0.000000 0.000000
    50 -0.000013 1.690666 0.000021 1.811216 0.000000 0.000000
    51 -0.000002 -1.423443 0.000002 1.302406 0.000000 0.000000
    52 0.000008 1.423420 0.000028 0.816879 0.000000 0.000000
    53 -1.546646 -3.404194 -1.915569 -2.791978 0.765578 2.402160
    54 1.546661 3.404217 1.915585 3.306713 1.083786 2.864728
    55 0.000004 -1.437820 0.000000 1.542970 0.000000 0.000000
    56 -0.000021 1.437870 0.000031 1.483063 0.000000 0.000000
    57 -0.000002 -1.059402 0.000000 0.888082 0.000000 0.000000
    58 0.000006 1.059372 0.000008 1.193025 0.000000 0.000000
    59 -0.000004 -13.013485 -0.000004 0.010936 -0.284121 -0.076426
    60 0.161133 -10.804688 0.023087 0.010936 -0.284121 -0.076426
  time 16
    0 -0.024506 -3.468750 -0.000151 -1.559900 -0.000006 -0.000006
    1 -12.903130 2.931936 4.287337 -0.878125 -0.235376 0.918511
    2 0.000000 14.313023 0.000003 -1.855670 0.000000 0.000000
    3 -0.000011 13.013483 -0.000005 0.278335 -1.290161 0.000096
    4 8.652996 10.990791 8.510125 2.736981 0.356193 0.284062
    5 0.000000 -14.313034 0.000000 -1.903505 0.000000 0.000000
    6 -0.000004 -13.013485 -0.000004 0.269696 -0.876060 -0.424673
    7 -1.330879 -2.698427 0.462449 -0.194886 -0.547260 3.056712
    8 1.330910 2.698444 -0.462436 0.194890 0.547268 -0.084879
    9 1.113281 4.808594 -1.690430 -1.589811 0.272264 -0.038126
    10 1.340820 7.765625 -2.611328 1.638801 1.297889 -3.109116
    11 0.671387 7.765625 -3.669922 -1.589828 0.275075 -0.038182
    12 0.707031 8.593750 -3.654297 -1.589811 0.272264 -0.038126
    13 14.750000 -52.000000 -3.505859 -1.993925 0.093276 0.197065
    14 6.566406 8.648438 3.232422 -1.090396 0.577049 -0.321829
    15 7.558525 6.997282 -2.354134 -1.937336 -0.275393 3.010581
    16 7.558525 6.997282 -2.354134 1.937336 0.275393 -0.131011
    17 -2.867767 -2.740969 0.531125 2.051196 0.577049 -0.321829
    18 4.324081 2.744001 -0.524877 -1.090396 0.577049 -0.321829
    19 1.340820 7.765625 -2.611328 1.638801 1.297889 -3.109116
    20 0.669922 7.765625 -3.669922 -1.589828 0.275074 -0.038184
    21 6.233833 5.542564 0.898426 -1.090396 0.577049 -0.321829
    22 6.946648 6.587124 1.429667 -1.090396 0.577049 -0.321829
    23 7.537933 7.453606 1.870349 -1.090396 0.577049 -0.321829
    24 8.154472 8.357077 2.329839 -1.090396 0.577049 -0.321829
    25 8.874294 9.411907 2.866308 -1.090396 0.577049 -0.321829
    26 -4.125858 -2.321501 1.394414 2.051196 0.577049 -0.321829
    27 -4.826813 -3.348669 0.872014 2.051196 0.577049 -0.321829
    28 -5.441669 -4.249685 0.413772 2.051196 0.577049 -0.321829
    29 -0.552532 -1.343527 1.604446 -0.050490 -0.183910 -0.530210
    30 0.552589 1.343534 -1.604463 -0.512338 -0.038510 -0.263286
    31 0.000000 -2.021618 -0.000004 -0.203560 0.000000 0.000000
    32 -0.000021 2.021633 0.000027 0.093808 0.000000 0.000000
    33 -0.000004 -1.136217 -0.000004 -0.600480 0.000000 0.000000
    34 -0.000011 1.136200 -0.000019 0.867496 0.000000 0.000000
    35 -0.032677 -4.587727 1.352317 -2.558509 0.890418 -2.936114
    36 0.032719 4.587772 -1.352291 2.079356 1.277540 2.174063
    37 0.000000 -1.754536 -0.000002 1.092131 0.000000 0.000000
    38 -0.000006 1.754520 -0.000034 0.714645 0.000000 0.000000
    39 0.000000 -1.227020 -0.000002 -0.252428 0.000000 0.000000
    40 0.000002 1.227070 0.000032 -0.218071 0.000000 0.000000
    41 -0.367996 -4.208406 0.173244 2.977246 0.927109 2.319434
    42 0.368011 4.208412 -0.173239 3.365692 1.091688 2.536231
    43 0.000000 -2.372318 -0.000004 1.154585 0.000000 0.000000
    44 -0.000006 2.372318 -0.000032 1.959211 0.000000 0.000000
    45 0.000004 -1.580070 -0.000001 -0.329414 0.000000 0.000000
    46 -0.000002 1.580170 0.000030 0.602967 0.000000 0.000000
    47 -0.937645 -3.860697 -0.959317 -2.948054 0.798863 2.256892
    48 0.937672 3.860714 0.959333 3.206505 0.933892 2.482639
    49 0.000000 -1.690632 0.000000 1.148315 0.000000 0.000000
    50 -0.000013 1.690666 0.000021 1.811216 0.000000 0.000000
    51 -0.000002 -1.423443 0.000002 1.302406 0.000000 0.000000
    52 0.000008 1.423420 0.000028 0.816879 0.000000 0.000000
    53 -1.546646 -3.404194 -1.915569 -2.791978 0.765578 2.402160
    54 1.546661 3.404217 1.915585 3.306713 1.083786 2.864728
    55 0.000004 -1.437820 0.000000 1.542970 0.000000 0.000000
    56 -0.000021 1.437870 0.000031 1.483063 0.000000 0.000000
    57 -0.000002 -1.059402 0.000000 0.888082 0.000000 0.000000
    58 0.000006 1.059372 0.000008 1.193025 0.000000 0.000000
    59 -0.000004 -13.013485 -0.000004 0.010936 -0.284121 -0.076426
    60 0.161133 -10.804688 0.023087 0.010936 -0.284121 -0.076426
  time 17
    0 -0.024506 -3.468750 -0.000151 -1.559900 -0.000006 -0.000006
    1 -12.903130 2.931936 4.287337 -0.888169 -0.237189 0.918740
    2 0.000000 14.313023 0.000003 -1.854631 0.000000 0.000000
    3 -0.000011 13.013483 -0.000005 0.217661 -1.346195 0.033454
    4 8.652996 10.990791 8.510125 2.737076 0.356193 0.284062
    5 0.000000 -14.313034 0.000000 -1.903445 0.000000 0.000000
    6 -0.000004 -13.013485 -0.000004 0.269786 -0.877611 -0.425341
    7 -1.330879 -2.698427 0.462449 -0.194886 -0.547260 3.056712
    8 1.330910 2.698444 -0.462436 0.194890 0.547268 -0.084879
    9 1.113281 4.808594 -1.690430 -1.589811 0.272264 -0.038126
    10 1.340820 7.765625 -2.611328 1.638801 1.297889 -3.109116
    11 0.671387 7.765625 -3.669922 -1.589828 0.275075 -0.038182
    12 0.707031 8.593750 -3.654297 -1.589811 0.272264 -0.038126
    13 14.750000 -52.000000 -3.505859 -1.993925 0.093276 0.197065
    14 6.566406 8.648438 3.232422 -1.090396 0.577049 -0.321829
    15 7.558525 6.997282 -2.354134 -1.937336 -0.275393 3.010581
    16 7.558525 6.997282 -2.354134 1.937336 0.275393 -0.131011
    17 -2.867767 -2.740969 0.531125 2.051196 0.577049 -0.321829
    18 4.324081 2.744001 -0.524877 -1.090396 0.577049 -0.321829
    19 1.340820 7.765625 -2.611328 1.638801 1.297889 -3.109116
    20 0.669922 7.765625 -3.669922 -1.589828 0.275074 -0.038184
    21 6.233833 5.542564 0.898426 -1.090396 0.577049 -0.321829
    22 6.946648 6.587124 1.429667 -1.090396 0.577049 -0.321829
    23 7.537933 7.453606 1.870349 -1.090396 0.577049 -0.321829
    24 8.154472 8.357077 2.329839 -1.090396 0.577049 -0.321829
    25 8.874294 9.411907 2.866308 -1.090396 0.577049 -0.321829
    26 -4.125858 -2.321501 1.394414 2.051196 0.577049 -0.321829
    27 -4.826813 -3.348669 0.872014 2.051196 0.577049 -0.321829
    28 -5.441669 -4.249685 0.413772 2.051196 0.577049 -0.321829
    29 -0.552532 -1.343527 1.604446 -0.050490 -0.183910 -0.530210
    30 0.552589 1.343534 -1.604463 -0.512338 -0.038510 -0.263286
    31 0.000000 -2.021618 -0.000004 -0.203560 0.000000 0.000000
    32 -0.000021 2.021633 0.000027 0.093808 0.000000 0.000000
    33 -0.000004 -1.136217 -0.000004 -0.600480 0.000000 0.000000
    34 -0.000011 1.136200 -0.000019 0.867496 0.000000 0.000000
    35 -0.032677 -4.587727 1.352317 -2.558509 0.890418 -2.936114
    36 0.032719 4.587772 -1.352291 2.079356 1.277540 2.174063
    37 0.000000 -1.754536 -0.000002 1.092131 0.000000 0.000000
    38 -0.000006 1.754520 -0.000034 0.714645 0.000000 0.000000
    39 0.000000 -1.227020 -0.000002 -0.252428 0.000000 0.000000
    40 0.000002 1.227070 0.000032 -0.218005 0.000000 0.000000
    41 -0.367996 -4.208406 0.173244 2.977246 0.927109 2.319434
    42 0.368011 4.208412 -0.173239 3.365692 1.091688 2.536231
    43 0.000000 -2.372318 -0.000004 1.154585 0.000000 0.000000
    44 -0.000006 2.372318 -0.000032 1.959211 0.000000 0.000000
    45 0.000004 -1.580070 -0.000001 -0.329414 0.000000 0.000000
    46 -0.000002 1.580170 0.000030 0.602967 0.000000 0.000000
    47 -0.937645 -3.860697 -0.959317 -2.948054 0.798863 2.256892
    48 0.937672 3.860714 0.959333 3.206505 0.933892 2.482639
    49 0.000000 -1.690632 0.000000 1.148315 0.000000 0.000000
    50 -0.000013 1.690666 0.000021 1.811216 0.000000 0.000000
    51 -0.000002 -1.423443 0.000002 1.302406 0.000000 0.000000
    52 0.000008 1.423420 0.000028 0.816879 0.000000 0.000000
    53 -1.546646 -3.404194 -1.915569 -2.791978 0.765578 2.402160
    54 1.546661 3.404217 1.915585 3.306713 1.083786 2.864728
    55 0.000004 -1.437820 0.000000 1.542970 0.000000 0.000000
    56 -0.000021 1.437870 0.000031 1.483063 0.000000 0.000000
    57 -0.000002 -1.059402 0.000000 0.888082 0.000000 0.000000
    58 0.000006 1.059372 0.000008 1.193025 0.000000 0.000000
    59 -0.000004 -13.013485 -0.000004 0.010936 -0.284121 -0.076426
    60 0.161133 -10.804688 0.023087 0.010936 -0.284121 -0.076426
  time 18
    0 -0.024506 -3.468750 -0.000151 -1.559900 -0.000006 -0.000006
    1 -12.903130 2.931936 4.287337 -0.897936 -0.239478 0.918434
    2 0.000000 14.313023 0.000003 -1.853165 0.000000 0.000000
    3 -0.000011 13.013483 -0.000005 0.139406 -1.398173 0.084257
    4 8.652996 10.990791 8.510125 2.737076 0.356155 0.284062
    5 0.000000 -14.313034 0.000000 -1.903325 0.000000 0.000000
    6 -0.000004 -13.013485 -0.000004 0.270056 -0.879116 -0.426199
    7 -1.330879 -2.698427 0.462449 -0.194886 -0.547260 3.056712
    8 1.330910 2.698444 -0.462436 0.194890 0.547268 -0.084879
    9 1.113281 4.808594 -1.690430 -1.589811 0.272264 -0.038126
    10 1.340820 7.765625 -2.611328 1.638801 1.297889 -3.109116
    11 0.671387 7.765625 -3.669922 -1.589828 0.275075 -0.038182
    12 0.707031 8.593750 -3.654297 -1.589811 0.272264 -0.038126
    13 14.750000 -52.000000 -3.505859 -1.993925 0.093276 0.197065
    14 6.566406 8.648438 3.232422 -1.090396 0.577049 -0.321829
    15 7.558525 6.997282 -2.354134 -1.937336 -0.275393 3.010581
    16 7.558525 6.997282 -2.354134 1.937336 0.275393 -0.131011
    17 -2.867767 -2.740969 0.531125 2.051196 0.577049 -0.321829
    18 4.324081 2.744001 -0.524877 -1.090396 0.577049 -0.321829
    19 1.340820 7.765625 -2.611328 1.638801 1.297889 -3.109116
    20 0.669922 7.765625 -3.669922 -1.589828 0.275074 -0.038184
    21 6.233833 5.542564 0.898426 -1.090396 0.577049 -0.321829
    22 6.946648 6.587124 1.429667 -1.090396 0.577049 -0.321829
    23 7.537933 7.453606 1.870349 -1.090396 0.577049 -0.321829
    24 8.154472 8.357077 2.329839 -1.090396 0.577049 -0.321829
    25 8.874294 9.411907 2.866308 -1.090396 0.577049 -0.321829
    26 -4.125858 -2.321501 1.394414 2.051196 0.577049 -0.321829
    27 -4.826813 -3.348669 0.872014 2.051196 0.577049 -0.321829
    28 -5.441669 -4.249685 0.413772 2.051196 0.577049 -0.321829
    29 -0.552532 -1.343527 1.604446 -0.050490 -0.183910 -0.530210
    30 0.552589 1.343534 -1.604463 -0.512338 -0.038510 -0.263286
    31 0.000000 -2.021618 -0.000004 -0.203560 0.000000 0.000000
    32 -0.000021 2.021633 0.000027 0.093808 0.000000 0.000000
    33 -0.000004 -1.136217 -0.000004 -0.600480 0.000000 0.000000
    34 -0.000011 1.136200 -0.000019 0.867496 0.000000 0.000000
    35 -0.032677 -4.587727 1.352317 -2.558509 0.890418 -2.936114
    36 0.032719 4.587772 -1.352291 2.079356 1.277540 2.174063
    37 0.000000 -1.754536 -0.000002 1.092131 0.000000 0.000000
    38 -0.000006 1.754520 -0.000034 0.714645 0.000000 0.000000
    39 0.000000 -1.227020 -0.000002 -0.252428 0.000000 0.000000
    40 0.000002 1.227070 0.000032 -0.218005 0.000000 0.000000
    41 -0.367996 -4.208406 0.173244 2.977246 0.927109 2.319434
    42 0.368011 4.208412 -0.173239 3.365692 1.091688 2.536231
    43 0.000000 -2.372318 -0.000004 1.154585 0.000000 0.000000
    44 -0.000006 2.372318 -0.000032 1.959211 0.000000 0.000000
    45 0.000004 -1.580070 -0.000001 -0.329414 0.000000 0.000000
    46 -0.000002 1.580170 0.000030 0.602967 0.000000 0.000000
    47 -0.937645 -3.860697 -0.959317 -2.948054 0.798863 2.256892
    48 0.937672 3.860714 0.959333 3.206505 0.933892 2.482639
    49 0.000000 -1.690632 0.000000 1.148315 0.000000 0.000000
    50 -0.000013 1.690666 0.000021 1.811216 0.000000 0.000000
    51 -0.000002 -1.423443 0.000002 1.302406 0.000000 0.000000
    52 0.000008 1.423420 0.000028 0.816879 0.000000 0.000000
    53 -1.546646 -3.404194 -1.915569 -2.791978 0.765578 2.402160
    54 1.546661 3.404217 1.915585 3.306713 1.083786 2.864728
    55 0.000004 -1.437820 0.000000 1.542970 0.000000 0.000000
    56 -0.000021 1.437870 0.000031 1.483063 0.000000 0.000000
    57 -0.000002 -1.059402 0.000000 0.888082 0.000000 0.000000
    58 0.000006 1.059372 0.000008 1.193025 0.000000 0.000000
    59 -0.000004 -13.013485 -0.000004 0.010936 -0.284121 -0.076426
    60 0.161133 -10.804688 0.023087 0.010936 -0.284121 -0.076426
  time 19
    0 -0.024506 -3.468750 -0.000151 -1.559900 -0.000006 -0.000006
    1 -12.903130 2.931936 4.287337 -0.907796 -0.242196 0.917900
    2 0.000000 14.313023 0.000003 -1.851026 0.000000 0.000000
    3 -0.000011 13.013483 -0.000005 0.025416 -1.445812 0.171294
    4 8.652996 10.990791 8.510125 2.737172 0.356155 0.283966
    5 0.000000 -14.313034 0.000000 -1.903265 0.000000 0.000000
    6 -0.000004 -13.013485 -0.000004 0.270146 -0.880667 -0.426962
    7 -1.330879 -2.698427 0.462449 -0.194886 -0.547260 3.056712
    8 1.330910 2.698444 -0.462436 0.194890 0.547268 -0.084879
    9 1.113281 4.808594 -1.690430 -1.589811 0.272264 -0.038126
    10 1.340820 7.765625 -2.611328 1.638801 1.297889 -3.109116
    11 0.671387 7.765625 -3.669922 -1.589828 0.275075 -0.038182
    12 0.707031 8.593750 -3.654297 -1.589811 0.272264 -0.038126
    13 14.750000 -52.000000 -3.505859 -1.993925 0.093276 0.197065
    14 6.566406 8.648438 3.232422 -1.090396 0.577049 -0.321829
    15 7.558525 6.997282 -2.354134 -1.937336 -0.275393 3.010581
    16 7.558525 6.997282 -2.354134 1.937336 0.275393 -0.131011
    17 -2.867767 -2.740969 0.531125 2.051196 0.577049 -0.321829
    18 4.324081 2.744001 -0.524877 -1.090396 0.577049 -0.321829
    19 1.340820 7.765625 -2.611328 1.638801 1.297889 -3.109116
    20 0.669922 7.765625 -3.669922 -1.589828 0.275074 -0.038184
    21 6.233833 5.542564 0.898426 -1.090396 0.577049 -0.321829
    22 6.946648 6.587124 1.429667 -1.090396 0.577049 -0.321829
    23 7.537933 7.453606 1.870349 -1.090396 0.577049 -0.321829
    24 8.154472 8.357077 2.329839 -1.090396 0.577049 -0.321829
    25 8.874294 9.411907 2.866308 -1.090396 0.577049 -0.321829
    26 -4.125858 -2.321501 1.394414 2.051196 0.577049 -0.321829
    27 -4.826813 -3.348669 0.872014 2.051196 0.577049 -0.321829
    28 -5.441669 -4.249685 0.413772 2.051196 0.577049 -0.321829
    29 -0.552532 -1.343527 1.604446 -0.050490 -0.183910 -0.530210
    30 0.552589 1.343534 -1.604463 -0.512338 -0.038510 -0.263286
    31 0.000000 -2.021618 -0.000004 -0.203560 0.000000 0.000000
    32 -0.000021 2.021633 0.000027 0.093808 0.000000 0.000000
    33 -0.000004 -1.136217 -0.000004 -0.600480 0.000000 0.000000
    34 -0.000011 1.136200 -0.000019 0.867496 0.000000 0.000000
    35 -0.032677 -4.587727 1.352317 -2.558509 0.890418 -2.936114
    36 0.032719 4.587772 -1.352291 2.079356 1.277540 2.174063
    37 0.000000 -1.754536 -0.000002 1.092131 0.000000 0.000000
    38 -0.000006 1.754520 -0.000034 0.714645 0.000000 0.000000
    39 0.000000 -1.227020 -0.000002 -0.252428 0.000000 0.000000
    40 0.000002 1.227070 0.000032 -0.218005 0.000000 0.000000
    41 -0.367996 -4.208406 0.173244 2.977246 0.927109 2.319434
    42 0.368011 4.208412 -0.173239 3.365692 1.091688 2.536231
    43 0.000000 -2.372318 -0.000004 1.154585 0.000000 0.000000
    44 -0.000006 2.372318 -0.000032 1.959211 0.000000 0.000000
    45 0.000004 -1.580070 -0.000001 -0.329414 0.000000 0.000000
    46 -0.000002 1.580170 0.000030 0.602967 0.000000 0.000000
    47 -0.937645 -3.860697 -0.959317 -2.948054 0.798863 2.256892
    48 0.937672 3.860714 0.959333 3.206505 0.933892 2.482639
    49 0.000000 -1.690632 0.000000 1.148315 0.000000 0.000000
    50 -0.000013 1.690666 0.000021 1.811216 0.000000 0.000000
    51 -0.000002 -1.423443 0.000002 1.302406 0.000000 0.000000
    52 0.000008 1.423420 0.000028 0.816879 0.000000 0.000000
    53 -1.546646 -3.404194 -1.915569 -2.791978 0.765578 2.402160
    54 1.546661 3.404217 1.915585 3.306713 1.083786 2.864728
    55 0.000004 -1.437820 0.000000 1.542970 0.000000 0.000000
    56 -0.000021 1.437870 0.000031 1.483063 0.000000 0.000000
    57 -0.000002 -1.059402 0.000000 0.888082 0.000000 0.000000
    58 0.000006 1.059372 0.000008 1.193025 0.000000 0.000000
    59 -0.000004 -13.013485 -0.000004 0.010936 -0.284121 -0.076426
    60 0.161133 -10.804688 0.023087 0.010936 -0.284121 -0.076426
  time 20
    0 -0.024506 -3.468750 -0.000151 -1.559900 -0.000006 -0.000006
    1 -12.903130 2.931936 4.287337 -0.917287 -0.245248 0.917289
    2 0.000000 14.313023 0.000003 -1.848399 0.000000 0.000000
    3 -0.000011 13.013483 -0.000005 -0.171224 -1.487885 0.342205
    4 8.652996 10.990791 8.510125 2.737268 0.356155 0.283966
    5 0.000000 -14.313034 0.000000 -1.903265 0.000000 0.000000
    6 -0.000004 -13.013485 -0.000004 0.270326 -0.882081 -0.427629
    7 -1.330879 -2.698427 0.462449 -0.194886 -0.547260 3.056712
    8 1.330910 2.698444 -0.462436 0.194890 0.547268 -0.084879
    9 1.113281 4.808594 -1.690430 -1.589811 0.272264 -0.038126
    10 1.340820 7.765625 -2.611328 1.638801 1.297889 -3.109116
    11 0.671387 7.765625 -3.669922 -1.589828 0.275075 -0.038182
    12 0.707031 8.593750 -3.654297 -1.589811 0.272264 -0.038126
    13 14.750000 -52.000000 -3.505859 -1.993925 0.093276 0.197065
    14 6.566406 8.648438 3.232422 -1.090396 0.577049 -0.321829
    15 7.558525 6.997282 -2.354134 -1.937336 -0.275393 3.010581
    16 7.558525 6.997282 -2.354134 1.937336 0.275393 -0.131011
    17 -2.867767 -2.740969 0.531125 2.051196 0.577049 -0.321829
    18 4.324081 2.744001 -0.524877 -1.090396 0.577049 -0.321829
    19 1.340820 7.765625 -2.611328 1.638801 1.297889 -3.109116
    20 0.669922 7.765625 -3.669922 -1.589828 0.275074 -0.038184
    21 6.233833 5.542564 0.898426 -1.090396 0.577049 -0.321829
    22 6.946648 6.587124 1.429667 -1.090396 0.577049 -0.321829
    23 7.537933 7.453606 1.870349 -1.090396 0.577049 -0.321829
    24 8.154472 8.357077 2.329839 -1.090396 0.577049 -0.321829
    25 8.874294 9.411907 2.866308 -1.090396 0.577049 -0.321829
    26 -4.125858 -2.321501 1.394414 2.051196 0.577049 -0.321829
    27 -4.826813 -3.348669 0.872014 2.051196 0.577049 -0.321829
    28 -5.441669 -4.249685 0.413772 2.051196 0.577049 -0.321829
    29 -0.552532 -1.343527 1.604446 -0.050490 -0.183910 -0.530210
    30 0.552589 1.343534 -1.604463 -0.512338 -0.038510 -0.263286
    31 0.000000 -2.021618 -0.000004 -0.203560 0.000000 0.000000
    32 -0.000021 2.021633 0.000027 0.093808 0.000000 0.000000
    33 -0.000004 -1.136217 -0.000004 -0.600480 0.000000 0.000000
    34 -0.000011 1.136200 -0.000019 0.867496 0.000000 0.000000
    35 -0.032677 -4.587727 1.352317 -2.558509 0.890418 -2.936114
    36 0.032719 4.587772 -1.352291 2.079356 1.277540 2.174063
    37 0.000000 -1.754536 -0.000002 1.092131 0.000000 0.000000
    38 -0.000006 1.754520 -0.000034 0.714645 0.000000 0.000000
    39 0.000000 -1.227020 -0.000002 -0.252428 0.000000 0.000000
    40 0.000002 1.227070 0.000032 -0.218005 0.000000 0.000000
    41 -0.367996 -4.208406 0.173244 2.977246 0.927109 2.319434
    42 0.368011 4.208412 -0.173239 3.365692 1.091688 2.536231
    43 0.000000 -2.372318 -0.000004 1.154585 0.000000 0.000000
    44 -0.000006 2.372318 -0.000032 1.959211 0.000000 0.000000
    45 0.000004 -1.580070 -0.000001 -0.329414 0.000000 0.000000
    46 -0.000002 1.580170 0.000030 0.602967 0.000000 0.000000
    47 -0.937645 -3.860697 -0.959317 -2.948054 0.798863 2.256892
    48 0.937672 3.860714 0.959333 3.206505 0.933892 2.482639
    49 0.000000 -1.690632 0.000000 1.148315 0.000000 0.000000
    50 -0.000013 1.690666 0.000021 1.811216 0.000000 0.000000
    51 -0.000002 -1.423443 0.000002 1.302406 0.000000 0.000000
    52 0.000008 1.423420 0.000028 0.816879 0.000000 0.000000
    53 -1.546646 -3.404194 -1.915569 -2.791978 0.765578 2.402160
    54 1.546661 3.404217 1.915585 3.306713 1.083786 2.864728
    55 0.000004 -1.437820 0.000000 1.542970 0.000000 0.000000
    56 -0.000021 1.437870 0.000031 1.483063 0.000000 0.000000
    57 -0.000002 -1.059402 0.000000 0.888082 0.000000 0.000000
    58 0.000006 1.059372 0.000008 1.193025 0.000000 0.000000
    59 -0.000004 -13.013485 -0.000004 0.010936 -0.284121 -0.076426
    60 0.161133 -10.804688 0.023087 0.010936 -0.284121 -0.076426
  time 21
    0 -0.024506 -3.468750 -0.000151 -1.559900 -0.000006 -0.000006
    1 -12.903130 2.931936 4.287337 -0.926686 -0.248634 0.916448
    2 0.000000 14.313023 0.000003 -1.845405 0.000000 0.000000
    3 -0.000011 13.013483 -0.000005 -0.609031 -1.520902 0.755056
    4 8.652996 10.990791 8.510125 2.737459 0.356155 0.283966
    5 0.000000 -14.313034 0.000000 -1.903206 0.000000 0.000000
    6 -0.000004 -13.013485 -0.000004 0.270597 -0.883540 -0.428392
    7 -1.330879 -2.698427 0.462449 -0.194886 -0.547260 3.056712
    8 1.330910 2.698444 -0.462436 0.194890 0.547268 -0.084879
    9 1.113281 4.808594 -1.690430 -1.589811 0.272264 -0.038126
    10 1.340820 7.765625 -2.611328 1.638801 1.297889 -3.109116
    11 0.671387 7.765625 -3.669922 -1.589828 0.275075 -0.038182
    12 0.707031 8.593750 -3.654297 -1.589811 0.272264 -0.038126
    13 14.750000 -52.000000 -3.505859 -1.993925 0.093276 0.197065
    14 6.566406 8.648438 3.232422 -1.090396 0.577049 -0.321829
    15 7.558525 6.997282 -2.354134 -1.937336 -0.275393 3.010581
    16 7.558525 6.997282 -2.354134 1.937336 0.275393 -0.131011
    17 -2.867767 -2.740969 0.531125 2.051196 0.577049 -0.321829
    18 4.324081 2.744001 -0.524877 -1.090396 0.577049 -0.321829
    19 1.340820 7.765625 -2.611328 1.638801 1.297889 -3.109116
    20 0.669922 7.765625 -3.669922 -1.589828 0.275074 -0.038184
    21 6.233833 5.542564 0.898426 -1.090396 0.577049 -0.321829
    22 6.946648 6.587124 1.429667 -1.090396 0.577049 -0.321829
    23 7.537933 7.453606 1.870349 -1.090396 0.577049 -0.321829
    24 8.154472 8.357077 2.329839 -1.090396 0.577049 -0.321829
    25 8.874294 9.411907 2.866308 -1.090396 0.577049 -0.321829
    26 -4.125858 -2.321501 1.394414 2.051196 0.577049 -0.321829
    27 -4.826813 -3.348669 0.872014 2.051196 0.577049 -0.321829
    28 -5.441669 -4.249685 0.413772 2.051196 0.577049 -0.321829
    29 -0.552532 -1.343527 1.604446 -0.050490 -0.183910 -0.530210
    30 0.552589 1.343534 -1.604463 -0.512338 -0.038510 -0.263286
    31 0.000000 -2.021618 -0.000004 -0.203560 0.000000 0.000000
    32 -0.000021 2.021633 0.000027 0.093808 0.000000 0.000000
    33 -0.000004 -1.136217 -0.000004 -0.600480 0.000000 0.000000
    34 -0.000011 1.136200 -0.000019 0.867496 0.000000 0.000000
    35 -0.032677 -4.587727 1.352317 -2.558509 0.890418 -2.936114
    36 0.032719 4.587772 -1.352291 2.079356 1.277540 2.174063
    37 0.000000 -1.754536 -0.000002 1.092131 0.000000 0.000000
    38 -0.000006 1.754520 -0.000034 0.714645 0.000000 0.000000
    39 0.000000 -1.227020 -0.000002 -0.252428 0.000000 0.000000
    40 0.000002 1.227070 0.000032 -0.218005 0.000000 0.000000
    41 -0.367996 -4.208406 0.173244 2.977246 0.927109 2.319434
    42 0.368011 4.208412 -0.173239 3.365692 1.091688 2.536231
    43 0.000000 -2.372318 -0.000004 1.154585 0.000000 0.000000
    44 -0.000006 2.372318 -0.000032 1.959211 0.000000 0.000000
    45 0.000004 -1.580070 -0.000001 -0.329414 0.000000 0.000000
    46 -0.000002 1.580170 0.000030 0.602967 0.000000 0.000000
    47 -0.937645 -3.860697 -0.959317 -2.948054 0.798863 2.256892
    48 0.937672 3.860714 0.959333 3.206505 0.933892 2.482639
    49 0.000000 -1.690632 0.000000 1.148315 0.000000 0.000000
    50 -0.000013 1.690666 0.000021 1.811216 0.000000 0.000000
    51 -0.000002 -1.423443 0.000002 1.302406 0.000000 0.000000
    52 0.000008 1.423420 0.000028 0.816879 0.000000 0.000000
    53 -1.546646 -3.404194 -1.915569 -2.791978 0.765578 2.402160
    54 1.546661 3.404217 1.915585 3.306713 1.083786 2.864728
    55 0.000004 -1.437820 0.000000 1.542970 0.000000 0.000000
    56 -0.000021 1.437870 0.000031 1.483063 0.000000 0.000000
    57 -0.000002 -1.059402 0.000000 0.888082 0.000000 0.000000
    58 0.000006 1.059372 0.000008 1.193025 0.000000 0.000000
    59 -0.000004 -13.013485 -0.000004 0.010936 -0.284121 -0.076426
    60 0.161133 -10.804688 0.023087 0.010936 -0.284121 -0.076426
  time 22
    0 -0.024506 -3.468750 -0.000151 -1.559900 -0.000006 -0.000006
    1 -12.903130 2.931936 4.287337 -0.935901 -0.252211 0.915532
    2 0.000000 14.313023 0.000003 -1.841984 0.000000 0.000000
    3 -0.000011 13.013483 -0.000005 -1.506715 -1.530335 1.628974
    4 8.652996 10.990791 8.510125 2.737555 0.356155 0.283966
    5 0.000000 -14.313034 0.000000 -1.903146 0.000000 0.000000
    6 -0.000004 -13.013485 -0.000004 0.270777 -0.884954 -0.429059
    7 -1.330879 -2.698427 0.462449 -0.194886 -0.547260 3.056712
    8 1.330910 2.698444 -0.462436 0.194890 0.547268 -0.084879
    9 1.113281 4.808594 -1.690430 -1.589811 0.272264 -0.038126
    10 1.340820 7.765625 -2.611328 1.638801 1.297889 -3.109116
    11 0.671387 7.765625 -3.669922 -1.589828 0.275075 -0.038182
    12 0.707031 8.593750 -3.654297 -1.589811 0.272264 -0.038126
    13 14.750000 -52.000000 -3.505859 -1.993925 0.093276 0.197065
    14 6.566406 8.648438 3.232422 -1.090396 0.577049 -0.321829
    15 7.558525 6.997282 -2.354134 -1.937336 -0.275393 3.010581
    16 7.558525 6.997282 -2.354134 1.937336 0.275393 -0.131011
    17 -2.867767 -2.740969 0.531125 2.051196 0.577049 -0.321829
    18 4.324081 2.744001 -0.524877 -1.090396 0.577049 -0.321829
    19 1.340820 7.765625 -2.611328 1.638801 1.297889 -3.109116
    20 0.669922 7.765625 -3.669922 -1.589828 0.275074 -0.038184
    21 6.233833 5.542564 0.898426 -1.090396 0.577049 -0.321829
    22 6.946648 6.587124 1.429667 -1.090396 0.577049 -0.321829
    23 7.537933 7.453606 1.870349 -1.090396 0.577049 -0.321829
    24 8.154472 8.357077 2.329839 -1.090396 0.577049 -0.321829
    25 8.874294 9.411907 2.866308 -1.090396 0.577049 -0.321829
    26 -4.125858 -2.321501 1.394414 2.051196 0.577049 -0.321829
    27 -4.826813 -3.348669 0.872014 2.051196 0.577049 -0.321829
    28 -5.441669 -4.249685 0.413772 2.051196 0.577049 -0.321829
    29 -0.552532 -1.343527 1.604446 -0.050490 -0.183910 -0.530210
    30 0.552589 1.343534 -1.604463 -0.512338 -0.038510 -0.263264
    31 0.000000 -2.021618 -0.000004 -0.203560 0.000000 0.000000
    32 -0.000021 2.021633 0.000027 0.093808 0.000000 0.000000
    33 -0.000004 -1.136217 -0.000004 -0.600480 0.000000 0.000000
    34 -0.000011 1.136200 -0.000019 0.867496 0.000000 0.000000
    35 -0.032677 -4.587727 1.352317 -2.558509 0.890418 -2.936114
    36 0.032719 4.587772 -1.352291 2.079356 1.277540 2.174063
    37 0.000000 -1.754536 -0.000002 1.092131 0.000000 0.000000
    38 -0.000006 1.754520 -0.000034 0.714645 0.000000 0.000000
    39 0.000000 -1.227020 -0.000002 -0.252428 0.000000 0.000000
    40 0.000002 1.227070 0.000032 -0.218005 0.000000 0.000000
    41 -0.367996 -4.208406 0.173244 2.977246 0.927109 2.319434
    42 0.368011 4.208412 -0.173239 3.365692 1.091688 2.536231
    43 0.000000 -2.372318 -0.000004 1.154585 0.000000 0.000000
    44 -0.000006 2.372318 -0.000032 1.959211 0.000000 0.000000
    45 0.000004 -1.580070 -0.000001 -0.329414 0.000000 0.000000
    46 -0.000002 1.580170 0.000030 0.602967 0.000000 0.000000
    47 -0.937645 -3.860697 -0.959317 -2.948054 0.798863 2.256892
    48 0.937672 3.860714 0.959333 3.206505 0.933892 2.482639
    49 0.000000 -1.690632 0.000000 1.148315 0.000000 0.000000
    50 -0.000013 1.690666 0.000021 1.811216 0.000000 0.000000
    51 -0.000002 -1.423443 0.000002 1.302406 0.000000 0.000000
    52 0.000008 1.423420 0.000028 0.816879 0.000000 0.000000
    53 -1.546646 -3.404194 -1.915569 -2.791978 0.765578 2.402160
    54 1.546661 3.404217 1.915585 3.306713 1.083786 2.864728
    55 0.000004 -1.437820 0.000000 1.542970 0.000000 0.000000
    56 -0.000021 1.437870 0.000031 1.483063 0.000000 0.000000
    57 -0.000002 -1.059402 0.000000 0.888082 0.000000 0.000000
    58 0.000006 1.059372 0.000008 1.193025 0.000000 0.000000
    59 -0.000004 -13.013485 -0.000004 0.010936 -0.284121 -0.076426
    60 0.161133 -10.804688 0.023087 0.010936 -0.284121 -0.076426
  time 23
    0 -0.024506 -3.468750 -0.000151 -1.559900 -0.000006 -0.000006
    1 -12.903130 2.931936 4.287337 -0.944747 -0.256026 0.914462
    2 0.000000 14.313023 0.000003 -1.838257 0.000000 0.000000
    3 -0.000011 13.013483 -0.000005 -2.154539 -1.510950 2.254434
    4 8.652996 10.990791 8.510125 2.737555 0.356117 0.283966
    5 0.000000 -14.313034 0.000000 -1.903146 0.000000 0.000000
    6 -0.000004 -13.013485 -0.000004 0.270867 -0.886277 -0.429727
    7 -1.330879 -2.698427 0.462449 -0.194886 -0.547260 3.056712
    8 1.330910 2.698444 -0.462436 0.194890 0.547268 -0.084879
    9 1.113281 4.808594 -1.690430 -1.589811 0.272264 -0.038126
    10 1.340820 7.765625 -2.611328 1.638801 1.297889 -3.109116
    11 0.671387 7.765625 -3.669922 -1.589828 0.275075 -0.038182
    12 0.707031 8.593750 -3.654297 -1.589811 0.272264 -0.038126
    13 14.750000 -52.000000 -3.505859 -1.993925 0.093276 0.197065
    14 6.566406 8.648438 3.232422 -1.090396 0.577049 -0.321829
    15 7.558525 6.997282 -2.354134 -1.937336 -0.275393 3.010581
    16 7.558525 6.997282 -2.354134 1.937336 0.275393 -0.131011
    17 -2.867767 -2.740969 0.531125 2.051196 0.577049 -0.321829
    18 4.324081 2.744001 -0.524877 -1.090396 0.577049 -0.321829
    19 1.340820 7.765625 -2.611328 1.638801 1.297889 -3.109116
    20 0.669922 7.765625 -3.669922 -1.589828 0.275074 -0.038184
    21 6.233833 5.542564 0.898426 -1.090396 0.577049 -0.321829
    22 6.946648 6.587124 1.429667 -1.090396 0.577049 -0.321829
    23 7.537933 7.453606 1.870349 -1.090396 0.577049 -0.321829
    24 8.154472 8.357077 2.329839 -1.090396 0.577049 -0.321829
    25 8.874294 9.411907 2.866308 -1.090396 0.577049 -0.321829
    26 -4.125858 -2.321501 1.394414 2.051196 0.577049 -0.321829
    27 -4.826813 -3.348669 0.872014 2.051196 0.577049 -0.321829
    28 -5.441669 -4.249685 0.413772 2.051196 0.577049 -0.321829
    29 -0.552532 -1.343527 1.604446 -0.050490 -0.183910 -0.530210
    30 0.552589 1.343534 -1.604463 -0.512338 -0.038510 -0.263264
    31 0.000000 -2.021618 -0.000004 -0.203560 0.000000 0.000000
    32 -0.000021 2.021633 0.000027 0.093808 0.000000 0.000000
    33 -0.000004 -1.136217 -0.000004 -0.600480 0.000000 0.000000
    34 -0.000011 1.136200 -0.000019 0.867496 0.000000 0.000000
    35 -0.032677 -4.587727 1.352317 -2.558509 0.890418 -2.936114
    36 0.032719 4.587772 -1.352291 2.079356 1.277540 2.174063
    37 0.000000 -1.754536 -0.000002 1.092131 0.000000 0.000000
    38 -0.000006 1.754520 -0.000034 0.714645 0.000000 0.000000
    39 0.000000 -1.227020 -0.000002 -0.252428 0.000000 0.000000
    40 0.000002 1.227070 0.000032 -0.218005 0.000000 0.000000
    41 -0.367996 -4.208406 0.173244 2.977246 0.927109 2.319434
    42 0.368011 4.208412 -0.173239 3.365692 1.091688 2.536231
    43 0.000000 -2.372318 -0.000004 1.154585 0.000000 0.000000
    44 -0.000006 2.372318 -0.000032 1.959211 0.000000 0.000000
    45 0.000004 -1.580070 -0.000001 -0.329414 0.000000 0.000000
    46 -0.000002 1.580170 0.000030 0.602967 0.000000 0.000000
    47 -0.937645 -3.860697 -0.959317 -2.948054 0.798863 2.256892
    48 0.937672 3.860714 0.959333 3.206505 0.933892 2.482639
    49 0.000000 -1.690632 0.000000 1.148315 0.000000 0.000000
    50 -0.000013 1.690666 0.000021 1.811216 0.000000 0.000000
    51 -0.000002 -1.423443 0.000002 1.302406 0.000000 0.000000
    52 0.000008 1.423420 0.000028 0.816879 0.000000 0.000000
    53 -1.546646 -3.404194 -1.915569 -2.791978 0.765578 2.402160
    54 1.546661 3.404217 1.915585 3.306713 1.083786 2.864728
    55 0.000004 -1.437820 0.000000 1.542970 0.000000 0.000000
    56 -0.000021 1.437870 0.000031 1.483063 0.000000 0.000000
    57 -0.000002 -1.059402 0.000000 0.888082 0.000000 0.000000
    58 0.000006 1.059372 0.000008 1.193025 0.000000 0.000000
    59 -0.000004 -13.013485 -0.000004 0.010936 -0.284121 -0.076426
    60 0.161133 -10.804688 0.023087 0.010936 -0.284121 -0.076426
  time 24
    0 -0.024506 -3.468750 -0.000151 -1.559900 -0.000006 -0.000006
    1 -12.903130 2.931936 4.287337 -0.953408 -0.259936 0.913393
    2 0.000000 14.313023 0.000003 -1.834285 0.000000 0.000000
    3 -0.000011 13.013483 -0.000005 -2.425039 -1.483121 2.504234
    4 8.652996 10.990791 8.510125 2.737555 0.356117 0.283966
    5 0.000000 -14.313034 0.000000 -1.903146 0.000000 0.000000
    6 -0.000004 -13.013485 -0.000004 0.271047 -0.887554 -0.430394
    7 -1.330879 -2.698427 0.462449 -0.194886 -0.547260 3.056712
    8 1.330910 2.698444 -0.462436 0.194890 0.547268 -0.084879
    9 1.113281 4.808594 -1.690430 -1.589811 0.272264 -0.038126
    10 1.340820 7.765625 -2.611328 1.638801 1.297889 -3.109116
    11 0.671387 7.765625 -3.669922 -1.589828 0.275075 -0.038182
    12 0.707031 8.593750 -3.654297 -1.589811 0.272264 -0.038126
    13 14.750000 -52.000000 -3.505859 -1.993925 0.093276 0.197065
    14 6.566406 8.648438 3.232422 -1.090396 0.577049 -0.321829
    15 7.558525 6.997282 -2.354134 -1.937336 -0.275393 3.010581
    16 7.558525 6.997282 -2.354134 1.937336 0.275393 -0.131011
    17 -2.867767 -2.740969 0.531125 2.051196 0.577049 -0.321829
    18 4.324081 2.744001 -0.524877 -1.090396 0.577049 -0.321829
    19 1.340820 7.765625 -2.611328 1.638801 1.297889 -3.109116
    20 0.669922 7.765625 -3.669922 -1.589828 0.275074 -0.038184
    21 6.233833 5.542564 0.898426 -1.090396 0.577049 -0.321829
    22 6.946648 6.587124 1.429667 -1.090396 0.577049 -0.321829
    23 7.537933 7.453606 1.870349 -1.090396 0.577049 -0.321829
    24 8.154472 8.357077 2.329839 -1.090396 0.577049 -0.321829
    25 8.874294 9.411907 2.866308 -1.090396 0.577049 -0.321829
    26 -4.125858 -2.321501 1.394414 2.051196 0.577049 -0.321829
    27 -4.826813 -3.348669 0.872014 2.051196 0.577049 -0.321829
    28 -5.441669 -4.249685 0.413772 2.051196 0.577049 -0.321829
    29 -0.552532 -1.343527 1.604446 -0.050490 -0.183910 -0.530210
    30 0.552589 1.343534 -1.604463 -0.512338 -0.038510 -0.263286
    31 0.000000 -2.021618 -0.000004 -0.203560 0.000000 0.000000
    32 -0.000021 2.021633 0.000027 0.093808 0.000000 0.000000
    33 -0.000004 -1.136217 -0.000004 -0.600480 0.000000 0.000000
    34 -0.000011 1.136200 -0.000019 0.867496 0.000000 0.000000
    35 -0.032677 -4.587727 1.352317 -2.558509 0.890418 -2.936114
    36 0.032719 4.587772 -1.352291 2.079356 1.277540 2.174063
    37 0.000000 -1.754536 -0.000002 1.092131 0.000000 0.000000
    38 -0.000006 1.754520 -0.000034 0.714645 0.000000 0.000000
    39 0.000000 -1.227020 -0.000002 -0.252428 0.000000 0.000000
    40 0.000002 1.227070 0.000032 -0.218005 0.000000 0.000000
    41 -0.367996 -4.208406 0.173244 2.977246 0.927109 2.319434
    42 0.368011 4.208412 -0.173239 3.365692 1.091688 2.536231
    43 0.000000 -2.372318 -0.000004 1.154585 0.000000 0.000000
    44 -0.000006 2.372318 -0.000032 1.959211 0.000000 0.000000
    45 0.000004 -1.580070 -0.000001 -0.329414 0.000000 0.000000
    46 -0.000002 1.580170 0.000030 0.602967 0.000000 0.000000
    47 -0.937645 -3.860697 -0.959317 -2.948054 0.798863 2.256892
    48 0.937672 3.860714 0.959333 3.206505 0.933892 2.482639
    49 0.000000 -1.690632 0.000000 1.148315 0.000000 0.000000
    50 -0.000013 1.690666 0.000021 1.811216 0.000000 0.000000
    51 -0.000002 -1.423443 0.000002 1.302406 0.000000 0.000000
    52 0.000008 1.423420 0.000028 0.816879 0.000000 0.000000
    53 -1.546646 -3.404194 -1.915569 -2.791978 0.765578 2.402160
    54 1.546661 3.404217 1.915585 3.306713 1.083786 2.864728
    55 0.000004 -1.437820 0.000000 1.542970 0.000000 0.000000
    56 -0.000021 1.437870 0.000031 1.483063 0.000000 0.000000
    57 -0.000002 -1.059402 0.000000 0.888082 0.000000 0.000000
    58 0.000006 1.059372 0.000008 1.193025 0.000000 0.000000
    59 -0.000004 -13.013485 -0.000004 0.010936 -0.284121 -0.076426
    60 0.161133 -10.804688 0.023087 0.010936 -0.284121 -0.076426
  time 25
    0 -0.024506 -3.468750 -0.000151 -1.559900 -0.000006 -0.000006
    1 -12.903130 2.931936 4.287337 -0.961702 -0.263942 0.912324
    2 0.000000 14.313023 0.000003 -1.830070 0.000000 0.000000
    3 -0.000011 13.013483 -0.000005 -2.560050 -1.454915 2.619836
    4 8.652996 10.990791 8.510125 2.737747 0.356117 0.283966
    5 0.000000 -14.313034 0.000000 -1.903086 0.000000 0.000000
    6 -0.000004 -13.013485 -0.000004 0.271137 -0.888740 -0.430871
    7 -1.330879 -2.698427 0.462449 -0.194886 -0.547260 3.056712
    8 1.330910 2.698444 -0.462436 0.194890 0.547268 -0.084879
    9 1.113281 4.808594 -1.690430 -1.589811 0.272264 -0.038126
    10 1.340820 7.765625 -2.611328 1.638801 1.297889 -3.109116
    11 0.671387 7.765625 -3.669922 -1.589828 0.275075 -0.038182
    12 0.707031 8.593750 -3.654297 -1.589811 0.272264 -0.038126
    13 14.750000 -52.000000 -3.505859 -1.993925 0.093276 0.197065
    14 6.566406 8.648438 3.232422 -1.090396 0.577049 -0.321829
    15 7.558525 6.997282 -2.354134 -1.937336 -0.275393 3.010581
    16 7.558525 6.997282 -2.354134 1.937336 0.275393 -0.131011
    17 -2.867767 -2.740969 0.531125 2.051196 0.577049 -0.321829
    18 4.324081 2.744001 -0.524877 -1.090396 0.577049 -0.321829
    19 1.340820 7.765625 -2.611328 1.638801 1.297889 -3.109116
    20 0.669922 7.765625 -3.669922 -1.589828 0.275074 -0.038184
    21 6.233833 5.542564 0.898426 -1.090396 0.577049 -0.321829
    22 6.946648 6.587124 1.429667 -1.090396 0.577049 -0.321829
    23 7.537933 7.453606 1.870349 -1.090396 0.577049 -0.321829
    24 8.154472 8.357077 2.329839 -1.090396 0.577049 -0.321829
    25 8.874294 9.411907 2.866308 -1.090396 0.577049 -0.321829
    26 -4.125858 -2.321501 1.394414 2.051196 0.577049 -0.321829
    27 -4.826813 -3.348669 0.872014 2.051196 0.577049 -0.321829
    28 -5.441669 -4.249685 0.413772 2.051196 0.577049 -0.321829
    29 -0.552532 -1.343527 1.604446 -0.050490 -0.183910 -0.530210
    30 0.552589 1.343534 -1.604463 -0.512338 -0.038510 -0.263286
    31 0.000000 -2.021618 -0.000004 -0.203560 0.000000 0.000000
    32 -0.000021 2.021633 0.000027 0.093808 0.000000 0.000000
    33 -0.000004 -1.136217 -0.000004 -0.600480 0.000000 0.000000
    34 -0.000011 1.136200 -0.000019 0.867496 0.000000 0.000000
    35 -0.032677 -4.587727 1.352317 -2.558509 0.890418 -2.936114
    36 0.032719 4.587772 -1.352291 2.079356 1.277540 2.174063
    37 0.000000 -1.754536 -0.000002 1.092131 0.000000 0.000000
    38 -0.000006 1.754520 -0.000034 0.714645 0.000000 0.000000
    39 0.000000 -1.227020 -0.000002 -0.252428 0.000000 0.000000
    40 0.000002 1.227070 0.000032 -0.218005 0.000000 0.000000
    41 -0.367996 -4.208406 0.173244 2.977246 0.927109 2.319434
    42 0.368011 4.208412 -0.173239 3.365692 1.091688 2.536231
    43 0.000000 -2.372318 -0.000004 1.154585 0.000000 0.000000
    44 -0.000006 2.372318 -0.000032 1.959211 0.000000 0.000000
    45 0.000004 -1.580070 -0.000001 -0.329414 0.000000 0.000000
    46 -0.000002 1.580170 0.000030 0.602967 0.000000 0.000000
    47 -0.937645 -3.860697 -0.959317 -2.948054 0.798863 2.256892
    48 0.937672 3.860714 0.959333 3.206505 0.933892 2.482639
    49 0.000000 -1.690632 0.000000 1.148315 0.000000 0.000000
    50 -0.000013 1.690666 0.000021 1.811216 0.000000 0.000000
    51 -0.000002 -1.423443 0.000002 1.302406 0.000000 0.000000
    52 0.000008 1.423420 0.000028 0.816879 0.000000 0.000000
    53 -1.546646 -3.404194 -1.915569 -2.791978 0.765578 2.402160
    54 1.546661 3.404217 1.915585 3.306713 1.083786 2.864728
    55 0.000004 -1.437820 0.000000 1.542970 0.000000 0.000000
    56 -0.000021 1.437870 0.000031 1.483063 0.000000 0.000000
    57 -0.000002 -1.059402 0.000000 0.888082 0.000000 0.000000
    58 0.000006 1.059372 0.000008 1.193025 0.000000 0.000000
    59 -0.000004 -13.013485 -0.000004 0.010936 -0.284121 -0.076426
    60 0.161133 -10.804688 0.023087 0.010936 -0.284121 -0.076426
  time 26
    0 -0.024506 -3.468750 -0.000151 -1.559900 -0.000006 -0.000006
    1 -12.903130 2.931936 4.287337 -0.969626 -0.268043 0.911178
    2 0.000000 14.313023 0.000003 -1.825732 0.000000 0.000000
    3 -0.000011 13.013483 -0.000005 -2.640884 -1.428313 2.682909
    4 8.652996 10.990791 8.510125 2.737843 0.356117 0.283966
    5 0.000000 -14.313034 0.000000 -1.903086 0.000000 0.000000
    6 -0.000004 -13.013485 -0.000004 0.271317 -0.890017 -0.431538
    7 -1.330879 -2.698427 0.462449 -0.194886 -0.547260 3.056712
    8 1.330910 2.698444 -0.462436 0.194890 0.547268 -0.084879
    9 1.113281 4.808594 -1.690430 -1.589811 0.272264 -0.038126
    10 1.340820 7.765625 -2.611328 1.638801 1.297889 -3.109116
    11 0.671387 7.765625 -3.669922 -1.589828 0.275075 -0.038182
    12 0.707031 8.593750 -3.654297 -1.589811 0.272264 -0.038126
    13 14.750000 -52.000000 -3.505859 -1.993925 0.093276 0.197065
    14 6.566406 8.648438 3.232422 -1.090396 0.577049 -0.321829
    15 7.558525 6.997282 -2.354134 -1.937336 -0.275393 3.010581
    16 7.558525 6.997282 -2.354134 1.937336 0.275393 -0.131011
    17 -2.867767 -2.740969 0.531125 2.051196 0.577049 -0.321829
    18 4.324081 2.744001 -0.524877 -1.090396 0.577049 -0.321829
    19 1.340820 7.765625 -2.611328 1.638801 1.297889 -3.109116
    20 0.669922 7.765625 -3.669922 -1.589828 0.275074 -0.038184
    21 6.233833 5.542564 0.898426 -1.090396 0.577049 -0.321829
    22 6.946648 6.587124 1.429667 -1.090396 0.577049 -0.321829
    23 7.537933 7.453606 1.870349 -1.090396 0.577049 -0.321829
    24 8.154472 8.357077 2.329839 -1.090396 0.577049 -0.321829
    25 8.874294 9.411907 2.866308 -1.090396 0.577049 -0.321829
    26 -4.125858 -2.321501 1.394414 2.051196 0.577049 -0.321829
    27 -4.826813 -3.348669 0.872014 2.051196 0.577049 -0.321829
    28 -5.441669 -4.249685 0.413772 2.051196 0.577049 -0.321829
    29 -0.552532 -1.343527 1.604446 -0.050490 -0.183910 -0.530210
    30 0.552589 1.343534 -1.604463 -0.512338 -0.038510 -0.263286
    31 0.000000 -2.021618 -0.000004 -0.203560 0.000000 0.000000
    32 -0.000021 2.021633 0.000027 0.093808 0.000000 0.000000
    33 -0.000004 -1.136217 -0.000004 -0.600480 0.000000 0.000000
    34 -0.000011 1.136200 -0.000019 0.867496 0.000000 0.000000
    35 -0.032677 -4.587727 1.352317 -2.558509 0.890418 -2.936114
    36 0.032719 4.587772 -1.352291 2.079356 1.277540 2.174063
    37 0.000000 -1.754536 -0.000002 1.092131 0.000000 0.000000
    38 -0.000006 1.754520 -0.000034 0.714645 0.000000 0.000000
    39 0.000000 -1.227020 -0.000002 -0.252428 0.000000 0.000000
    40 0.000002 1.227070 0.000032 -0.218005 0.000000 0.000000
    41 -0.367996 -4.208406 0.173244 2.977246 0.927109 2.319434
    42 0.368011 4.208412 -0.173239 3.365692 1.091688 2.536231
    43 0.000000 -2.372318 -0.000004 1.154585 0.000000 0.000000
    44 -0.000006 2.372318 -0.000032 1.959211 0.000000 0.000000
    45 0.000004 -1.580070 -0.000001 -0.329414 0.000000 0.000000
    46 -0.000002 1.580170 0.000030 0.602967 0.000000 0.000000
    47 -0.937645 -3.860697 -0.959317 -2.948054 0.798863 2.256892
    48 0.937672 3.860714 0.959333 3.206505 0.933892 2.482639
    49 0.000000 -1.690632 0.000000 1.148315 0.000000 0.000000
    50 -0.000013 1.690666 0.000021 1.811216 0.000000 0.000000
    51 -0.000002 -1.423443 0.000002 1.302406 0.000000 0.000000
    52 0.000008 1.423420 0.000028 0.816879 0.000000 0.000000
    53 -1.546646 -3.404194 -1.915569 -2.791978 0.765578 2.402160
    54 1.546661 3.404217 1.915585 3.306713 1.083786 2.864728
    55 0.000004 -1.437820 0.000000 1.542970 0.000000 0.000000
    56 -0.000021 1.437870 0.000031 1.483063 0.000000 0.000000
    57 -0.000002 -1.059402 0.000000 0.888082 0.000000 0.000000
    58 0.000006 1.059372 0.000008 1.193025 0.000000 0.000000
    59 -0.000004 -13.013485 -0.000004 0.010936 -0.284121 -0.076426
    60 0.161133 -10.804688 0.023087 0.010936 -0.284121 -0.076426
  time 27
    0 -0.024506 -3.468750 -0.000151 -1.559900 -0.000006 -0.000006
    1 -12.903130 2.931936 4.287337 -0.977367 -0.272097 0.909956
    2 0.000000 14.313023 0.000003 -1.821271 0.000000 0.000000
    3 -0.000011 13.013483 -0.000005 -2.695921 -1.403739 2.721731
    4 8.652996 10.990791 8.510125 2.737938 0.356117 0.283966
    5 0.000000 -14.313034 0.000000 -1.903026 0.000000 0.000000
    6 -0.000004 -13.013485 -0.000004 0.271407 -0.891112 -0.432206
    7 -1.330879 -2.698427 0.462449 -0.194886 -0.547260 3.056712
    8 1.330910 2.698444 -0.462436 0.194890 0.547268 -0.084879
    9 1.113281 4.808594 -1.690430 -1.589811 0.272264 -0.038126
    10 1.340820 7.765625 -2.611328 1.638801 1.297889 -3.109116
    11 0.671387 7.765625 -3.669922 -1.589828 0.275075 -0.038182
    12 0.707031 8.593750 -3.654297 -1.589811 0.272264 -0.038126
    13 14.750000 -52.000000 -3.505859 -1.993925 0.093276 0.197065
    14 6.566406 8.648438 3.232422 -1.090396 0.577049 -0.321829
    15 7.558525 6.997282 -2.354134 -1.937336 -0.275393 3.010581
    16 7.558525 6.997282 -2.354134 1.937336 0.275393 -0.131011
    17 -2.867767 -2.740969 0.531125 2.051196 0.577049 -0.321829
    18 4.324081 2.744001 -0.524877 -1.090396 0.577049 -0.321829
    19 1.340820 7.765625 -2.611328 1.638801 1.297889 -3.109116
    20 0.669922 7.765625 -3.669922 -1.589828 0.275074 -0.038184
    21 6.233833 5.542564 0.898426 -1.090396 0.577049 -0.321829
    22 6.946648 6.587124 1.429667 -1.090396 0.577049 -0.321829
    23 7.537933 7.453606 1.870349 -1.090396 0.577049 -0.321829
    24 8.154472 8.357077 2.329839 -1.090396 0.577049 -0.321829
    25 8.874294 9.411907 2.866308 -1.090396 0.577049 -0.321829
    26 -4.125858 -2.321501 1.394414 2.051196 0.577049 -0.321829
    27 -4.826813 -3.348669 0.872014 2.051196 0.577049 -0.321829
    28 -5.441669 -4.249685 0.413772 2.051196 0.577049 -0.321829
    29 -0.552532 -1.343527 1.604446 -0.050490 -0.183910 -0.530210
    30 0.552589 1.343534 -1.604463 -0.512338 -0.038510 -0.263286
    31 0.000000 -2.021618 -0.000004 -0.203560 0.000000 0.000000
    32 -0.000021 2.021633 0.000027 0.093808 0.000000 0.000000
    33 -0.000004 -1.136217 -0.000004 -0.600480 0.000000 0.000000
    34 -0.000011 1.136200 -0.000019 0.867496 0.000000 0.000000
    35 -0.032677 -4.587727 1.352317 -2.558509 0.890418 -2.936114
    36 0.032719 4.587772 -1.352291 2.079356 1.277540 2.174063
    37 0.000000 -1.754536 -0.000002 1.092131 0.000000 0.000000
    38 -0.000006 1.754520 -0.000034 0.714645 0.000000 0.000000
    39 0.000000 -1.227020 -0.000002 -0.252428 0.000000 0.000000
    40 0.000002 1.227070 0.000032 -0.218005 0.000000 0.000000
    41 -0.367996 -4.208406 0.173244 2.977246 0.927109 2.319434
    42 0.368011 4.208412 -0.173239 3.365692 1.091688 2.536231
    43 0.000000 -2.372318 -0.000004 1.154585 0.000000 0.000000
    44 -0.000006 2.372318 -0.000032 1.959211 0.000000 0.000000
    45 0.000004 -1.580070 -0.000001 -0.329414 0.000000 0.000000
    46 -0.000002 1.580170 0.000030 0.602967 0.000000 0.000000
    47 -0.937645 -3.860697 -0.959317 -2.948054 0.798863 2.256892
    48 0.937672 3.860714 0.959333 3.206505 0.933892 2.482639
    49 0.000000 -1.690632 0.000000 1.148315 0.000000 0.000000
    50 -0.000013 1.690666 0.000021 1.811216 0.000000 0.000000
    51 -0.000002 -1.423443 0.000002 1.302406 0.000000 0.000000
    52 0.000008 1.423420 0.000028 0.816879 0.000000 0.000000
    53 -1.546646 -3.404194 -1.915569 -2.791978 0.765578 2.402160
    54 1.546661 3.404217 1.915585 3.306713 1.083786 2.864728
    55 0.000004 -1.437820 0.000000 1.542970 0.000000 0.000000
    56 -0.000021 1.437870 0.000031 1.483063 0.000000 0.000000
    57 -0.000002 -1.059402 0.000000 0.888082 0.000000 0.000000
    58 0.000006 1.059372 0.000008 1.193025 0.000000 0.000000
    59 -0.000004 -13.013485 -0.000004 0.010936 -0.284121 -0.076426
    60 0.161133 -10.804688 0.023087 0.010936 -0.284121 -0.076426
  time 28
    0 -0.024506 -3.468750 -0.000151 -1.559900 -0.000006 -0.000006
    1 -12.903130 2.931936 4.287337 -0.984554 -0.276198 0.908810
    2 0.000000 14.313023 0.000003 -1.816750 0.000000 0.000000
    3 -0.000011 13.013483 -0.000005 -2.736052 -1.381193 2.747133
    4 8.652996 10.990791 8.510125 2.737938 0.356079 0.283774
    5 0.000000 -14.313034 0.000000 -1.903026 0.000000 0.000000
    6 -0.000004 -13.013485 -0.000004 0.271587 -0.892252 -0.432682
    7 -1.330879 -2.698427 0.462449 -0.194886 -0.547260 3.056712
    8 1.330910 2.698444 -0.462436 0.194890 0.547268 -0.084879
    9 1.113281 4.808594 -1.690430 -1.589811 0.272264 -0.038126
    10 1.340820 7.765625 -2.611328 1.638801 1.297889 -3.109116
    11 0.671387 7.765625 -3.669922 -1.589828 0.275075 -0.038182
    12 0.707031 8.593750 -3.654297 -1.589811 0.272264 -0.038126
    13 14.750000 -52.000000 -3.505859 -1.993925 0.093276 0.197065
    14 6.566406 8.648438 3.232422 -1.090396 0.577049 -0.321829
    15 7.558525 6.997282 -2.354134 -1.937336 -0.275393 3.010581
    16 7.558525 6.997282 -2.354134 1.937336 0.275393 -0.131011
    17 -2.867767 -2.740969 0.531125 2.051196 0.577049 -0.321829
    18 4.324081 2.744001 -0.524877 -1.090396 0.577049 -0.321829
    19 1.340820 7.765625 -2.611328 1.638801 1.297889 -3.109116
    20 0.669922 7.765625 -3.669922 -1.589828 0.275074 -0.038184
    21 6.233833 5.542564 0.898426 -1.090396 0.577049 -0.321829
    22 6.946648 6.587124 1.429667 -1.090396 0.577049 -0.321829
    23 7.537933 7.453606 1.870349 -1.090396 0.577049 -0.321829
    24 8.154472 8.357077 2.329839 -1.090396 0.577049 -0.321829
    25 8.874294 9.411907 2.866308 -1.090396 0.577049 -0.321829
    26 -4.125858 -2.321501 1.394414 2.051196 0.577049 -0.321829
    27 -4.826813 -3.348669 0.872014 2.051196 0.577049 -0.321829
    28 -5.441669 -4.249685 0.413772 2.051196 0.577049 -0.321829
    29 -0.552532 -1.343527 1.604446 -0.050490 -0.183910 -0.530210
    30 0.552589 1.343534 -1.604463 -0.512338 -0.038510 -0.263286
    31 0.000000 -2.021618 -0.000004 -0.203560 0.000000 0.000000
    32 -0.000021 2.021633 0.000027 0.093808 0.000000 0.000000
    33 -0.000004 -1.136217 -0.000004 -0.600480 0.000000 0.000000
    34 -0.000011 1.136200 -0.000019 0.867496 0.000000 0.000000
    35 -0.032677 -4.587727 1.352317 -2.558509 0.890418 -2.936114
    36 0.032719 4.587772 -1.352291 2.079356 1.277540 2.174063
    37 0.000000 -1.754536 -0.000002 1.092131 0.000000 0.000000
    38 -0.000006 1.754520 -0.000034 0.714645 0.000000 0.000000
    39 0.000000 -1.227020 -0.000002 -0.252428 0.000000 0.000000
    40 0.000002 1.227070 0.000032 -0.218005 0.000000 0.000000
    41 -0.367996 -4.208406 0.173244 2.977246 0.927109 2.319434
    42 0.368011 4.208412 -0.173239 3.365692 1.091688 2.536231
    43 0.000000 -2.372318 -0.000004 1.154585 0.000000 0.000000
    44 -0.000006 2.372318 -0.000032 1.959211 0.000000 0.000000
    45 0.000004 -1.580070 -0.000001 -0.329414 0.000000 0.000000
    46 -0.000002 1.580170 0.000030 0.602967 0.000000 0.000000
    47 -0.937645 -3.860697 -0.959317 -2.948054 0.798863 2.256892
    48 0.937672 3.860714 0.959333 3.206505 0.933892 2.482639
    49 0.000000 -1.690632 0.000000 1.148315 0.000000 0.000000
    50 -0.000013 1.690666 0.000021 1.811216 0.000000 0.000000
    51 -0.000002 -1.423443 0.000002 1.302406 0.000000 0.000000
    52 0.000008 1.423420 0.000028 0.816879 0.000000 0.000000
    53 -1.546646 -3.404194 -1.915569 -2.791978 0.765578 2.402160
    54 1.546661 3.404217 1.915585 3.306713 1.083786 2.864728
    55 0.000004 -1.437820 0.000000 1.542970 0.000000 0.000000
    56 -0.000021 1.437870 0.000031 1.483063 0.000000 0.000000
    57 -0.000002 -1.059402 0.000000 0.888082 0.000000 0.000000
    58 0.000006 1.059372 0.000008 1.193025 0.000000 0.000000
    59 -0.000004 -13.013485 -0.000004 0.010936 -0.284121 -0.076426
    60 0.161133 -10.804688 0.023087 0.010936 -0.284121 -0.076426
  time 29
    0 -0.024506 -3.468750 -0.000151 -1.559900 -0.000006 -0.000006
    1 -12.903130 2.931936 4.287337 -0.991373 -0.280156 0.907588
    2 0.000000 14.313023 0.000003 -1.812229 0.000000 0.000000
    3 -0.000011 13.013483 -0.000005 -2.766436 -1.360864 2.764770
    4 8.652996 10.990791 8.510125 2.737938 0.356079 0.283774
    5 0.000000 -14.313034 0.000000 -1.902906 0.000000 0.000000
    6 -0.000004 -13.013485 -0.000004 0.271768 -0.893301 -0.433255
    7 -1.330879 -2.698427 0.462449 -0.194886 -0.547260 3.056712
    8 1.330910 2.698444 -0.462436 0.194890 0.547268 -0.084879
    9 1.113281 4.808594 -1.690430 -1.589811 0.272264 -0.038126
    10 1.340820 7.765625 -2.611328 1.638801 1.297889 -3.109116
    11 0.671387 7.765625 -3.669922 -1.589828 0.275075 -0.038182
    12 0.707031 8.593750 -3.654297 -1.589811 0.272264 -0.038126
    13 14.750000 -52.000000 -3.505859 -1.993925 0.093276 0.197065
    14 6.566406 8.648438 3.232422 -1.090396 0.577049 -0.321829
    15 7.558525 6.997282 -2.354134 -1.937336 -0.275393 3.010581
    16 7.558525 6.997282 -2.354134 1.937336 0.275393 -0.131011
    17 -2.867767 -2.740969 0.531125 2.051196 0.577049 -0.321829
    18 4.324081 2.744001 -0.524877 -1.090396 0.577049 -0.321829
    19 1.340820 7.765625 -2.611328 1.638801 1.297889 -3.109116
    20 0.669922 7.765625 -3.669922 -1.589828 0.275074 -0.038184
    21 6.233833 5.542564 0.898426 -1.090396 0.577049 -0.321829
    22 6.946648 6.587124 1.429667 -1.090396 0.577049 -0.321829
    23 7.537933 7.453606 1.870349 -1.090396 0.577049 -0.321829
    24 8.154472 8.357077 2.329839 -1.090396 0.577049 -0.321829
    25 8.874294 9.411907 2.866308 -1.090396 0.577049 -0.321829
    26 -4.125858 -2.321501 1.394414 2.051196 0.577049 -0.321829
    27 -4.826813 -3.348669 0.872014 2.051196 0.577049 -0.321829
    28 -5.441669 -4.249685 0.413772 2.051196 0.577049 -0.321829
    29 -0.552532 -1.343527 1.604446 -0.050490 -0.183910 -0.530210
    30 0.552589 1.343534 -1.604463 -0.512338 -0.038510 -0.263286
    31 0.000000 -2.021618 -0.000004 -0.203560 0.000000 0.000000
    32 -0.000021 2.021633 0.000027 0.093808 0.000000 0.000000
    33 -0.000004 -1.136217 -0.000004 -0.600480 0.000000 0.000000
    34 -0.000011 1.136200 -0.000019 0.867496 0.000000 0.000000
    35 -0.032677 -4.587727 1.352317 -2.558509 0.890418 -2.936114
    36 0.032719 4.587772 -1.352291 2.079356 1.277540 2.174063
    37 0.000000 -1.754536 -0.000002 1.092131 0.000000 0.000000
    38 -0.000006 1.754520 -0.000034 0.714645 0.000000 0.000000
    39 0.000000 -1.227020 -0.000002 -0.252428 0.000000 0.000000
    40 0.000002 1.227070 0.000032 -0.218005 0.000000 0.000000
    41 -0.367996 -4.208406 0.173244 2.977246 0.927109 2.319434
    42 0.368011 4.208412 -0.173239 3.365692 1.091688 2.536231
    43 0.000000 -2.372318 -0.000004 1.154585 0.000000 0.000000
    44 -0.000006 2.372318 -0.000032 1.959211 0.000000 0.000000
    45 0.000004 -1.580070 -0.000001 -0.329414 0.000000 0.000000
    46 -0.000002 1.580170 0.000030 0.602967 0.000000 0.000000
    47 -0.937645 -3.860697 -0.959317 -2.948054 0.798863 2.256892
    48 0.937672 3.860714 0.959333 3.206505 0.933892 2.482639
    49 0.000000 -1.690632 0.000000 1.148315 0.000000 0.000000
    50 -0.000013 1.690666 0.000021 1.811216 0.000000 0.000000
    51 -0.000002 -1.423443 0.000002 1.302406 0.000000 0.000000
    52 0.000008 1.423420 0.000028 0.816879 0.000000 0.000000
    53 -1.546646 -3.404194 -1.915569 -2.791978 0.765578 2.402160
    54 1.546661 3.404217 1.915585 3.306713 1.083786 2.864728
    55 0.000004 -1.437820 0.000000 1.542970 0.000000 0.000000
    56 -0.000021 1.437870 0.000031 1.483063 0.000000 0.000000
    57 -0.000002 -1.059402 0.000000 0.888082 0.000000 0.000000
    58 0.000006 1.059372 0.000008 1.193025 0.000000 0.000000
    59 -0.000004 -13.013485 -0.000004 0.010936 -0.284121 -0.076426
    60 0.161133 -10.804688 0.023087 0.010936 -0.284121 -0.076426
  time 30
    0 -0.024506 -3.468750 -0.000151 -1.559900 -0.000006 -0.000006
    1 -12.903130 2.931936 4.287337 -0.997731 -0.283971 0.906442
    2 0.000000 14.313023 0.000003 -1.807769 0.000000 0.000000
    3 -0.000011 13.013483 -0.000005 -2.790132 -1.342563 2.777135
    4 8.652996 10.990791 8.510125 2.738034 0.356079 0.283774
    5 0.000000 -14.313034 0.000000 -1.902906 0.000000 0.000000
    6 -0.000004 -13.013485 -0.000004 0.271948 -0.894259 -0.433731
    7 -1.330879 -2.698427 0.462449 -0.194886 -0.547260 3.056712
    8 1.330910 2.698444 -0.462436 0.194890 0.547268 -0.084879
    9 1.113281 4.808594 -1.690430 -1.589811 0.272264 -0.038126
    10 1.340820 7.765625 -2.611328 1.638801 1.297889 -3.109116
    11 0.671387 7.765625 -3.669922 -1.589828 0.275075 -0.038182
    12 0.707031 8.593750 -3.654297 -1.589811 0.272264 -0.038126
    13 14.750000 -52.000000 -3.505859 -1.993925 0.093276 0.197065
    14 6.566406 8.648438 3.232422 -1.090396 0.577049 -0.321829
    15 7.558525 6.997282 -2.354134 -1.937336 -0.275393 3.010581
    16 7.558525 6.997282 -2.354134 1.937336 0.275393 -0.131011
    17 -2.867767 -2.740969 0.531125 2.051196 0.577049 -0.321829
    18 4.324081 2.744001 -0.524877 -1.090396 0.577049 -0.321829
    19 1.340820 7.765625 -2.611328 1.638801 1.297889 -3.109116
    20 0.669922 7.765625 -3.669922 -1.589828 0.275074 -0.038184
    21 6.233833 5.542564 0.898426 -1.090396 0.577049 -0.321829
    22 6.946648 6.587124 1.429667 -1.090396 0.577049 -0.321829
    23 7.537933 7.453606 1.870349 -1.090396 0.577049 -0.321829
    24 8.154472 8.357077 2.329839 -1.090396 0.577049 -0.321829
    25 8.874294 9.411907 2.866308 -1.090396 0.577049 -0.321829
    26 -4.125858 -2.321501 1.394414 2.051196 0.577049 -0.321829
    27 -4.826813 -3.348669 0.872014 2.051196 0.577049 -0.321829
    28 -5.441669 -4.249685 0.413772 2.051196 0.577049 -0.321829
    29 -0.552532 -1.343527 1.604446 -0.050490 -0.183910 -0.530210
    30 0.552589 1.343534 -1.604463 -0.512338 -0.038510 -0.263264
    31 0.000000 -2.021618 -0.000004 -0.203560 0.000000 0.000000
    32 -0.000021 2.021633 0.000027 0.093808 0.000000 0.000000
    33 -0.000004 -1.136217 -0.000004 -0.600480 0.000000 0.000000
    34 -0.000011 1.136200 -0.000019 0.867496 0.000000 0.000000
    35 -0.032677 -4.587727 1.352317 -2.558509 0.890418 -2.936114
    36 0.032719 4.587772 -1.352291 2.079356 1.277540 2.174063
    37 0.000000 -1.754536 -0.000002 1.092131 0.000000 0.000000
    38 -0.000006 1.754520 -0.000034 0.714645 0.000000 0.000000
    39 0.000000 -1.227020 -0.000002 -0.252428 0.000000 0.000000
    40 0.000002 1.227070 0.000032 -0.218005 0.000000 0.000000
    41 -0.367996 -4.208406 0.173244 2.977246 0.927109 2.319434
    42 0.368011 4.208412 -0.173239 3.365692 1.091688 2.536231
    43 0.000000 -2.372318 -0.000004 1.154585 0.000000 0.000000
    44 -0.000006 2.372318 -0.000032 1.959211 0.000000 0.000000
    45 0.000004 -1.580070 -0.000001 -0.329414 0.000000 0.000000
    46 -0.000002 1.580170 0.000030 0.602967 0.000000 0.000000
    47 -0.937645 -3.860697 -0.959317 -2.948054 0.798863 2.256892
    48 0.937672 3.860714 0.959333 3.206505 0.933892 2.482639
    49 0.000000 -1.690632 0.000000 1.148315 0.000000 0.000000
    50 -0.000013 1.690666 0.000021 1.811216 0.000000 0.000000
    51 -0.000002 -1.423443 0.000002 1.302406 0.000000 0.000000
    52 0.000008 1.423420 0.000028 0.816879 0.000000 0.000000
    53 -1.546646 -3.404194 -1.915569 -2.791978 0.765578 2.402160
    54 1.546661 3.404217 1.915585 3.306713 1.083786 2.864728
    55 0.000004 -1.437820 0.000000 1.542970 0.000000 0.000000
    56 -0.000021 1.437870 0.000031 1.483063 0.000000 0.000000
    57 -0.000002 -1.059402 0.000000 0.888082 0.000000 0.000000
    58 0.000006 1.059372 0.000008 1.193025 0.000000 0.000000
    59 -0.000004 -13.013485 -0.000004 0.010936 -0.284121 -0.076426
    60 0.161133 -10.804688 0.023087 0.010936 -0.284121 -0.076426
  time 31
    0 -0.024506 -3.468750 -0.000151 -1.559900 -0.000006 -0.000006
    1 -12.903130 2.931936 4.287337 -1.003444 -0.287500 0.905373
    2 0.000000 14.313023 0.000003 -1.803553 0.000000 0.000000
    3 -0.000011 13.013483 -0.000005 -2.808382 -1.326479 2.785475
    4 8.652996 10.990791 8.510125 2.738034 0.356079 0.283774
    5 0.000000 -14.313034 0.000000 -1.902847 0.000000 0.000000
    6 -0.000004 -13.013485 -0.000004 0.272038 -0.895217 -0.434208
    7 -1.330879 -2.698427 0.462449 -0.194886 -0.547260 3.056712
    8 1.330910 2.698444 -0.462436 0.194890 0.547268 -0.084879
    9 1.113281 4.808594 -1.690430 -1.589811 0.272264 -0.038126
    10 1.340820 7.765625 -2.611328 1.638801 1.297889 -3.109116
    11 0.671387 7.765625 -3.669922 -1.589828 0.275075 -0.038182
    12 0.707031 8.593750 -3.654297 -1.589811 0.272264 -0.038126
    13 14.750000 -52.000000 -3.505859 -1.993925 0.093276 0.197065
    14 6.566406 8.648438 3.232422 -1.090396 0.577049 -0.321829
    15 7.558525 6.997282 -2.354134 -1.937336 -0.275393 3.010581
    16 7.558525 6.997282 -2.354134 1.937336 0.275393 -0.131011
    17 -2.867767 -2.740969 0.531125 2.051196 0.577049 -0.321829
    18 4.324081 2.744001 -0.524877 -1.090396 0.577049 -0.321829
    19 1.340820 7.765625 -2.611328 1.638801 1.297889 -3.109116
    20 0.669922 7.765625 -3.669922 -1.589828 0.275074 -0.038184
    21 6.233833 5.542564 0.898426 -1.090396 0.577049 -0.321829
    22 6.946648 6.587124 1.429667 -1.090396 0.577049 -0.321829
    23 7.537933 7.453606 1.870349 -1.090396 0.577049 -0.321829
    24 8.154472 8.357077 2.329839 -1.090396 0.577049 -0.321829
    25 8.874294 9.411907 2.866308 -1.090396 0.577049 -0.321829
    26 -4.125858 -2.321501 1.394414 2.051196 0.577049 -0.321829
    27 -4.826813 -3.348669 0.872014 2.051196 0.577049 -0.321829
    28 -5.441669 -4.249685 0.413772 2.051196 0.577049 -0.321829
    29 -0.552532 -1.343527 1.604446 -0.050490 -0.183910 -0.530210
    30 0.552589 1.343534 -1.604463 -0.512338 -0.038510 -0.263286
    31 0.000000 -2.021618 -0.000004 -0.203560 0.000000 0.000000
    32 -0.000021 2.021633 0.000027 0.093808 0.000000 0.000000
    33 -0.000004 -1.136217 -0.000004 -0.600480 0.000000 0.000000
    34 -0.000011 1.136200 -0.000019 0.867496 0.000000 0.000000
    35 -0.032677 -4.587727 1.352317 -2.558509 0.890418 -2.936114
    36 0.032719 4.587772 -1.352291 2.079356 1.277540 2.174063
    37 0.000000 -1.754536 -0.000002 1.092131 0.000000 0.000000
    38 -0.000006 1.754520 -0.000034 0.714645 0.000000 0.000000
    39 0.000000 -1.227020 -0.000002 -0.252428 0.000000 0.000000
    40 0.000002 1.227070 0.000032 -0.218005 0.000000 0.000000
    41 -0.367996 -4.208406 0.173244 2.977246 0.927109 2.319434
    42 0.368011 4.208412 -0.173239 3.365692 1.091688 2.536231
    43 0.000000 -2.372318 -0.000004 1.154585 0.000000 0.000000
    44 -0.000006 2.372318 -0.000032 1.959211 0.000000 0.000000
    45 0.000004 -1.580070 -0.000001 -0.329414 0.000000 0.000000
    46 -0.000002 1.580170 0.000030 0.602967 0.000000 0.000000
    47 -0.937645 -3.860697 -0.959317 -2.948054 0.798863 2.256892
    48 0.937672 3.860714 0.959333 3.206505 0.933892 2.482639
    49 0.000000 -1.690632 0.000000 1.148315 0.000000 0.000000
    50 -0.000013 1.690666 0.000021 1.811216 0.000000 0.000000
    51 -0.000002 -1.423443 0.000002 1.302406 0.000000 0.000000
    52 0.000008 1.423420 0.000028 0.816879 0.000000 0.000000
    53 -1.546646 -3.404194 -1.915569 -2.791978 0.765578 2.402160
    54 1.546661 3.404217 1.915585 3.306713 1.083786 2.864728
    55 0.000004 -1.437820 0.000000 1.542970 0.000000 0.000000
    56 -0.000021 1.437870 0.000031 1.483063 0.000000 0.000000
    57 -0.000002 -1.059402 0.000000 0.888082 0.000000 0.000000
    58 0.000006 1.059372 0.000008 1.193025 0.000000 0.000000
    59 -0.000004 -13.013485 -0.000004 0.010936 -0.284121 -0.076426
    60 0.161133 -10.804688 0.023087 0.010936 -0.284121 -0.076426
  time 32
    0 -0.024506 -3.468750 -0.000151 -1.559900 -0.000006 -0.000006
    1 -12.903130 2.931936 4.287337 -1.008328 -0.290505 0.904457
    2 0.000000 14.313023 0.000003 -1.799826 0.000000 0.000000
    3 -0.000011 13.013483 -0.000005 -2.821664 -1.312706 2.790651
    4 8.652996 10.990791 8.510125 2.738226 0.356079 0.283774
    5 0.000000 -14.313034 0.000000 -1.902847 0.000000 0.000000
    6 -0.000004 -13.013485 -0.000004 0.272128 -0.896129 -0.434685
    7 -1.330879 -2.698427 0.462449 -0.194886 -0.547260 3.056712
    8 1.330910 2.698444 -0.462436 0.194890 0.547268 -0.084879
    9 1.113281 4.808594 -1.690430 -1.589811 0.272264 -0.038126
    10 1.340820 7.765625 -2.611328 1.638801 1.297889 -3.109116
    11 0.671387 7.765625 -3.669922 -1.589828 0.275075 -0.038182
    12 0.707031 8.593750 -3.654297 -1.589811 0.272264 -0.038126
    13 14.750000 -52.000000 -3.505859 -1.993925 0.093276 0.197065
    14 6.566406 8.648438 3.232422 -1.090396 0.577049 -0.321829
    15 7.558525 6.997282 -2.354134 -1.937336 -0.275393 3.010581
    16 7.558525 6.997282 -2.354134 1.937336 0.275393 -0.131011
    17 -2.867767 -2.740969 0.531125 2.051196 0.577049 -0.321829
    18 4.324081 2.744001 -0.524877 -1.090396 0.577049 -0.321829
    19 1.340820 7.765625 -2.611328 1.638801 1.297889 -3.109116
    20 0.669922 7.765625 -3.669922 -1.589828 0.275074 -0.038184
    21 6.233833 5.542564 0.898426 -1.090396 0.577049 -0.321829
    22 6.946648 6.587124 1.429667 -1.090396 0.577049 -0.321829
    23 7.537933 7.453606 1.870349 -1.090396 0.577049 -0.321829
    24 8.154472 8.357077 2.329839 -1.090396 0.577049 -0.321829
    25 8.874294 9.411907 2.866308 -1.090396 0.577049 -0.321829
    26 -4.125858 -2.321501 1.394414 2.051196 0.577049 -0.321829
    27 -4.826813 -3.348669 0.872014 2.051196 0.577049 -0.321829
    28 -5.441669 -4.249685 0.413772 2.051196 0.577049 -0.321829
    29 -0.552532 -1.343527 1.604446 -0.050490 -0.183910 -0.530210
    30 0.552589 1.343534 -1.604463 -0.512338 -0.038510 -0.263264
    31 0.000000 -2.021618 -0.000004 -0.203560 0.000000 0.000000
    32 -0.000021 2.021633 0.000027 0.093808 0.000000 0.000000
    33 -0.000004 -1.136217 -0.000004 -0.600480 0.000000 0.000000
    34 -0.000011 1.136200 -0.000019 0.867496 0.000000 0.000000
    35 -0.032677 -4.587727 1.352317 -2.558509 0.890418 -2.936114
    36 0.032719 4.587772 -1.352291 2.079356 1.277540 2.174063
    37 0.000000 -1.754536 -0.000002 1.092131 0.000000 0.000000
    38 -0.000006 1.754520 -0.000034 0.714645 0.000000 0.000000
    39 0.000000 -1.227020 -0.000002 -0.252428 0.000000 0.000000
    40 0.000002 1.227070 0.000032 -0.218005 0.000000 0.000000
    41 -0.367996 -4.208406 0.173244 2.977246 0.927109 2.319434
    42 0.368011 4.208412 -0.173239 3.365692 1.091688 2.536231
    43 0.000000 -2.372318 -0.000004 1.154585 0.000000 0.000000
    44 -0.000006 2.372318 -0.000032 1.959211 0.000000 0.000000
    45 0.000004 -1.580070 -0.000001 -0.329414 0.000000 0.000000
    46 -0.000002 1.580170 0.000030 0.602967 0.000000 0.000000
    47 -0.937645 -3.860697 -0.959317 -2.948054 0.798863 2.256892
    48 0.937672 3.860714 0.959333 3.206505 0.933892 2.482639
    49 0.000000 -1.690632 0.000000 1.148315 0.000000 0.000000
    50 -0.000013 1.690666 0.000021 1.811216 0.000000 0.000000
    51 -0.000002 -1.423443 0.000002 1.302406 0.000000 0.000000
    52 0.000008 1.423420 0.000028 0.816879 0.000000 0.000000
    53 -1.546646 -3.404194 -1.915569 -2.791978 0.765578 2.402160
    54 1.546661 3.404217 1.915585 3.306713 1.083786 2.864728
    55 0.000004 -1.437820 0.000000 1.542970 0.000000 0.000000
    56 -0.000021 1.437870 0.000031 1.483063 0.000000 0.000000
    57 -0.000002 -1.059402 0.000000 0.888082 0.000000 0.000000
    58 0.000006 1.059372 0.000008 1.193025 0.000000 0.000000
    59 -0.000004 -13.013485 -0.000004 0.010936 -0.284121 -0.076426
    60 0.161133 -10.804688 0.023087 0.010936 -0.284121 -0.076426
  time 33
    0 -0.024506 -3.468750 -0.000151 -1.559900 -0.000006 -0.000006
    1 -12.903130 2.931936 4.287337 -1.012290 -0.293128 0.903769
    2 0.000000 14.313023 0.000003 -1.796466 0.000000 0.000000
    3 -0.000011 13.013483 -0.000005 -2.831410 -1.301009 2.793718
    4 8.652996 10.990791 8.510125 2.738321 0.356079 0.283774
    5 0.000000 -14.313034 0.000000 -1.902787 0.000000 0.000000
    6 -0.000004 -13.013485 -0.000004 0.272128 -0.896950 -0.434971
    7 -1.330879 -2.698427 0.462449 -0.194886 -0.547260 3.056712
    8 1.330910 2.698444 -0.462436 0.194890 0.547268 -0.084879
    9 1.113281 4.808594 -1.690430 -1.589811 0.272264 -0.038126
    10 1.340820 7.765625 -2.611328 1.638801 1.297889 -3.109116
    11 0.671387 7.765625 -3.669922 -1.589828 0.275075 -0.038182
    12 0.707031 8.593750 -3.654297 -1.589811 0.272264 -0.038126
    13 14.750000 -52.000000 -3.505859 -1.993925 0.093276 0.197065
    14 6.566406 8.648438 3.232422 -1.090396 0.577049 -0.321829
    15 7.558525 6.997282 -2.354134 -1.937336 -0.275393 3.010581
    16 7.558525 6.997282 -2.354134 1.937336 0.275393 -0.131011
    17 -2.867767 -2.740969 0.531125 2.051196 0.577049 -0.321829
    18 4.324081 2.744001 -0.524877 -1.090396 0.577049 -0.321829
    19 1.340820 7.765625 -2.611328 1.638801 1.297889 -3.109116
    20 0.669922 7.765625 -3.669922 -1.589828 0.275074 -0.038184
    21 6.233833 5.542564 0.898426 -1.090396 0.577049 -0.321829
    22 6.946648 6.587124 1.429667 -1.090396 0.577049 -0.321829
    23 7.537933 7.453606 1.870349 -1.090396 0.577049 -0.321829
    24 8.154472 8.357077 2.329839 -1.090396 0.577049 -0.321829
    25 8.874294 9.411907 2.866308 -1.090396 0.577049 -0.321829
    26 -4.125858 -2.321501 1.394414 2.051196 0.577049 -0.321829
    27 -4.826813 -3.348669 0.872014 2.051196 0.577049 -0.321829
    28 -5.441669 -4.249685 0.413772 2.051196 0.577049 -0.321829
    29 -0.552532 -1.343527 1.604446 -0.050490 -0.183910 -0.530210
    30 0.552589 1.343534 -1.604463 -0.512338 -0.038510 -0.263264
    31 0.000000 -2.021618 -0.000004 -0.203560 0.000000 0.000000
    32 -0.000021 2.021633 0.000027 0.093808 0.000000 0.000000
    33 -0.000004 -1.136217 -0.000004 -0.600480 0.000000 0.000000
    34 -0.000011 1.136200 -0.000019 0.867496 0.000000 0.000000
    35 -0.032677 -4.587727 1.352317 -2.558509 0.890418 -2.936114
    36 0.032719 4.587772 -1.352291 2.079356 1.277540 2.174063
    37 0.000000 -1.754536 -0.000002 1.092131 0.000000 0.000000
    38 -0.000006 1.754520 -0.000034 0.714645 0.000000 0.000000
    39 0.000000 -1.227020 -0.000002 -0.252428 0.000000 0.000000
    40 0.000002 1.227070 0.000032 -0.218005 0.000000 0.000000
    41 -0.367996 -4.208406 0.173244 2.977246 0.927109 2.319434
    42 0.368011 4.208412 -0.173239 3.365692 1.091688 2.536231
    43 0.000000 -2.372318 -0.000004 1.154585 0.000000 0.000000
    44 -0.000006 2.372318 -0.000032 1.959211 0.000000 0.000000
    45 0.000004 -1.580070 -0.000001 -0.329414 0.000000 0.000000
    46 -0.000002 1.580170 0.000030 0.602967 0.000000 0.000000
    47 -0.937645 -3.860697 -0.959317 -2.948054 0.798863 2.256892
    48 0.937672 3.860714 0.959333 3.206505 0.933892 2.482639
    49 0.000000 -1.690632 0.000000 1.148315 0.000000 0.000000
    50 -0.000013 1.690666 0.000021 1.811216 0.000000 0.000000
    51 -0.000002 -1.423443 0.000002 1.302406 0.000000 0.000000
    52 0.000008 1.423420 0.000028 0.816879 0.000000 0.000000
    53 -1.546646 -3.404194 -1.915569 -2.791978 0.765578 2.402160
    54 1.546661 3.404217 1.915585 3.306713 1.083786 2.864728
    55 0.000004 -1.437820 0.000000 1.542970 0.000000 0.000000
    56 -0.000021 1.437870 0.000031 1.483063 0.000000 0.000000
    57 -0.000002 -1.059402 0.000000 0.888082 0.000000 0.000000
    58 0.000006 1.059372 0.000008 1.193025 0.000000 0.000000
    59 -0.000004 -13.013485 -0.000004 0.010936 -0.284121 -0.076426
    60 0.161133 -10.804688 0.023087 0.010936 -0.284121 -0.076426
  time 34
    0 -0.024506 -3.468750 -0.000151 -1.559900 -0.000006 -0.000006
    1 -12.903130 2.931936 4.287337 -1.015792 -0.295417 0.903082
    2 0.000000 14.313023 0.000003 -1.793472 0.000000 0.000000
    3 -0.000011 13.013483 -0.000005 -2.838385 -1.291245 2.795444
    4 8.652996 10.990791 8.510125 2.738321 0.356079 0.283774
    5 0.000000 -14.313034 0.000000 -1.902787 0.000000 0.000000
    6 -0.000004 -13.013485 -0.000004 0.272218 -0.897680 -0.435447
    7 -1.330879 -2.698427 0.462449 -0.194886 -0.547260 3.056712
    8 1.330910 2.698444 -0.462436 0.194890 0.547268 -0.084879
    9 1.113281 4.808594 -1.690430 -1.589811 0.272264 -0.038126
    10 1.340820 7.765625 -2.611328 1.638801 1.297889 -3.109116
    11 0.671387 7.765625 -3.669922 -1.589828 0.275075 -0.038182
    12 0.707031 8.593750 -3.654297 -1.589811 0.272264 -0.038126
    13 14.750000 -52.000000 -3.505859 -1.993925 0.093276 0.197065
    14 6.566406 8.648438 3.232422 -1.090396 0.577049 -0.321829
    15 7.558525 6.997282 -2.354134 -1.937336 -0.275393 3.010581
    16 7.558525 6.997282 -2.354134 1.937336 0.275393 -0.131011
    17 -2.867767 -2.740969 0.531125 2.051196 0.577049 -0.321829
    18 4.324081 2.744001 -0.524877 -1.090396 0.577049 -0.321829
    19 1.340820 7.765625 -2.611328 1.638801 1.297889 -3.109116
    20 0.669922 7.765625 -3.669922 -1.589828 0.275074 -0.038184
    21 6.233833 5.542564 0.898426 -1.090396 0.577049 -0.321829
    22 6.946648 6.587124 1.429667 -1.090396 0.577049 -0.321829
    23 7.537933 7.453606 1.870349 -1.090396 0.577049 -0.321829
    24 8.154472 8.357077 2.329839 -1.090396 0.577049 -0.321829
    25 8.874294 9.411907 2.866308 -1.090396 0.577049 -0.321829
    26 -4.125858 -2.321501 1.394414 2.051196 0.577049 -0.321829
    27 -4.826813 -3.348669 0.872014 2.051196 0.577049 -0.321829
    28 -5.441669 -4.249685 0.413772 2.051196 0.577049 -0.321829
    29 -0.552532 -1.343527 1.604446 -0.050490 -0.183910 -0.530210
    30 0.552589 1.343534 -1.604463 -0.512338 -0.038510 -0.263286
    31 0.000000 -2.021618 -0.000004 -0.203560 0.000000 0.000000
    32 -0.000021 2.021633 0.000027 0.093808 0.000000 0.000000
    33 -0.000004 -1.136217 -0.000004 -0.600480 0.000000 0.000000
    34 -0.000011 1.136200 -0.000019 0.867496 0.000000 0.000000
    35 -0.032677 -4.587727 1.352317 -2.558509 0.890418 -2.936114
    36 0.032719 4.587772 -1.352291 2.079182 1.277503 2.173911
    37 0.000000 -1.754536 -0.000002 1.092131 0.000000 0.000000
    38 -0.000006 1.754520 -0.000034 0.714645 0.000000 0.000000
    39 0.000000 -1.227020 -0.000002 -0.252428 0.000000 0.000000
    40 0.000002 1.227070 0.000032 -0.218005 0.000000 0.000000
    41 -0.367996 -4.208406 0.173244 2.977246 0.927109 2.319434
    42 0.368011 4.208412 -0.173239 3.365692 1.091688 2.536231
    43 0.000000 -2.372318 -0.000004 1.154585 0.000000 0.000000
    44 -0.000006 2.372318 -0.000032 1.959211 0.000000 0.000000
    45 0.000004 -1.580070 -0.000001 -0.329414 0.000000 0.000000
    46 -0.000002 1.580170 0.000030 0.602967 0.000000 0.000000
    47 -0.937645 -3.860697 -0.959317 -2.948054 0.798863 2.256892
    48 0.937672 3.860714 0.959333 3.206505 0.933892 2.482639
    49 0.000000 -1.690632 0.000000 1.148315 0.000000 0.000000
    50 -0.000013 1.690666 0.000021 1.811216 0.000000 0.000000
    51 -0.000002 -1.423443 0.000002 1.302406 0.000000 0.000000
    52 0.000008 1.423420 0.000028 0.816879 0.000000 0.000000
    53 -1.546646 -3.404194 -1.915569 -2.791978 0.765578 2.402160
    54 1.546661 3.404217 1.915585 3.306713 1.083786 2.864728
    55 0.000004 -1.437820 0.000000 1.542970 0.000000 0.000000
    56 -0.000021 1.437870 0.000031 1.483063 0.000000 0.000000
    57 -0.000002 -1.059402 0.000000 0.888082 0.000000 0.000000
    58 0.000006 1.059372 0.000008 1.193025 0.000000 0.000000
    59 -0.000004 -13.013485 -0.000004 0.010936 -0.284121 -0.076426
    60 0.161133 -10.804688 0.023087 0.010936 -0.284121 -0.076426
  time 35
    0 -0.024506 -3.468750 -0.000151 -1.559900 -0.000006 -0.000006
    1 -12.903130 2.931936 4.287337 -1.018556 -0.297420 0.902471
    2 0.000000 14.313023 0.000003 -1.790722 0.000000 0.000000
    3 -0.000011 13.013483 -0.000005 -2.842971 -1.283463 2.796115
    4 8.652996 10.990791 8.510125 2.738321 0.356003 0.283774
    5 0.000000 -14.313034 0.000000 -1.902787 0.000000 0.000000
    6 -0.000004 -13.013485 -0.000004 0.272308 -0.898455 -0.435829
    7 -1.330879 -2.698427 0.462449 -0.194886 -0.547260 3.056712
    8 1.330910 2.698444 -0.462436 0.194890 0.547268 -0.084879
    9 1.113281 4.808594 -1.690430 -1.589811 0.272264 -0.038126
    10 1.340820 7.765625 -2.611328 1.638801 1.297889 -3.109116
    11 0.671387 7.765625 -3.669922 -1.589828 0.275075 -0.038182
    12 0.707031 8.593750 -3.654297 -1.589811 0.272264 -0.038126
    13 14.750000 -52.000000 -3.505859 -1.993925 0.093276 0.197065
    14 6.566406 8.648438 3.232422 -1.090396 0.577049 -0.321829
    15 7.558525 6.997282 -2.354134 -1.937336 -0.275393 3.010581
    16 7.558525 6.997282 -2.354134 1.937336 0.275393 -0.131011
    17 -2.867767 -2.740969 0.531125 2.051196 0.577049 -0.321829
    18 4.324081 2.744001 -0.524877 -1.090396 0.577049 -0.321829
    19 1.340820 7.765625 -2.611328 1.638801 1.297889 -3.109116
    20 0.669922 7.765625 -3.669922 -1.589828 0.275074 -0.038184
    21 6.233833 5.542564 0.898426 -1.090396 0.577049 -0.321829
    22 6.946648 6.587124 1.429667 -1.090396 0.577049 -0.321829
    23 7.537933 7.453606 1.870349 -1.090396 0.577049 -0.321829
    24 8.154472 8.357077 2.329839 -1.090396 0.577049 -0.321829
    25 8.874294 9.411907 2.866308 -1.090396 0.577049 -0.321829
    26 -4.125858 -2.321501 1.394414 2.051196 0.577049 -0.321829
    27 -4.826813 -3.348669 0.872014 2.051196 0.577049 -0.321829
    28 -5.441669 -4.249685 0.413772 2.051196 0.577049 -0.321829
    29 -0.552532 -1.343527 1.604446 -0.050490 -0.183910 -0.530210
    30 0.552589 1.343534 -1.604463 -0.512338 -0.038510 -0.263286
    31 0.000000 -2.021618 -0.000004 -0.203560 0.000000 0.000000
    32 -0.000021 2.021633 0.000027 0.093808 0.000000 0.000000
    33 -0.000004 -1.136217 -0.000004 -0.600480 0.000000 0.000000
    34 -0.000011 1.136200 -0.000019 0.867496 0.000000 0.000000
    35 -0.032677 -4.587727 1.352317 -2.558509 0.890418 -2.936114
    36 0.032719 4.587772 -1.352291 2.078922 1.277466 2.173608
    37 0.000000 -1.754536 -0.000002 1.092131 0.000000 0.000000
    38 -0.000006 1.754520 -0.000034 0.714645 0.000000 0.000000
    39 0.000000 -1.227020 -0.000002 -0.252428 0.000000 0.000000
    40 0.000002 1.227070 0.000032 -0.218005 0.000000 0.000000
    41 -0.367996 -4.208406 0.173244 2.977246 0.927109 2.319434
    42 0.368011 4.208412 -0.173239 3.365692 1.091688 2.536231
    43 0.000000 -2.372318 -0.000004 1.154585 0.000000 0.000000
    44 -0.000006 2.372318 -0.000032 1.959211 0.000000 0.000000
    45 0.000004 -1.580070 -0.000001 -0.329414 0.000000 0.000000
    46 -0.000002 1.580170 0.000030 0.602967 0.000000 0.000000
    47 -0.937645 -3.860697 -0.959317 -2.948054 0.798863 2.256892
    48 0.937672 3.860714 0.959333 3.206505 0.933892 2.482639
    49 0.000000 -1.690632 0.000000 1.148315 0.000000 0.000000
    50 -0.000013 1.690666 0.000021 1.811216 0.000000 0.000000
    51 -0.000002 -1.423443 0.000002 1.302406 0.000000 0.000000
    52 0.000008 1.423420 0.000028 0.816879 0.000000 0.000000
    53 -1.546646 -3.404194 -1.915569 -2.791978 0.765578 2.402160
    54 1.546661 3.404217 1.915585 3.306713 1.083786 2.864728
    55 0.000004 -1.437820 0.000000 1.542970 0.000000 0.000000
    56 -0.000021 1.437870 0.000031 1.483063 0.000000 0.000000
    57 -0.000002 -1.059402 0.000000 0.888082 0.000000 0.000000
    58 0.000006 1.059372 0.000008 1.193025 0.000000 0.000000
    59 -0.000004 -13.013485 -0.000004 0.010936 -0.284121 -0.076426
    60 0.161133 -10.804688 0.023087 0.010936 -0.284121 -0.076426
  time 36
    0 -0.024506 -3.468750 -0.000151 -1.559900 -0.000006 -0.000006
    1 -12.903130 2.931936 4.287337 -1.020952 -0.299137 0.902012
    2 0.000000 14.313023 0.000003 -1.788340 0.000000 0.000000
    3 -0.000011 13.013483 -0.000005 -2.845646 -1.277378 2.796115
    4 8.652996 10.990791 8.510125 2.738321 0.356003 0.283774
    5 0.000000 -14.313034 0.000000 -1.902787 0.000000 0.000000
    6 -0.000004 -13.013485 -0.000004 0.272398 -0.899094 -0.436115
    7 -1.330879 -2.698427 0.462449 -0.194886 -0.547260 3.056712
    8 1.330910 2.698444 -0.462436 0.194890 0.547268 -0.084879
    9 1.113281 4.808594 -1.690430 -1.589811 0.272264 -0.038126
    10 1.340820 7.765625 -2.611328 1.638801 1.297889 -3.109116
    11 0.671387 7.765625 -3.669922 -1.589828 0.275075 -0.038182
    12 0.707031 8.593750 -3.654297 -1.589811 0.272264 -0.038126
    13 14.750000 -52.000000 -3.505859 -1.993925 0.093276 0.197065
    14 6.566406 8.648438 3.232422 -1.090396 0.577049 -0.321829
    15 7.558525 6.997282 -2.354134 -1.937336 -0.275393 3.010581
    16 7.558525 6.997282 -2.354134 1.937336 0.275393 -0.131011
    17 -2.867767 -2.740969 0.531125 2.051196 0.577049 -0.321829
    18 4.324081 2.744001 -0.524877 -1.090396 0.577049 -0.321829
    19 1.340820 7.765625 -2.611328 1.638801 1.297889 -3.109116
    20 0.669922 7.765625 -3.669922 -1.589828 0.275074 -0.038184
    21 6.233833 5.542564 0.898426 -1.090396 0.577049 -0.321829
    22 6.946648 6.587124 1.429667 -1.090396 0.577049 -0.321829
    23 7.537933 7.453606 1.870349 -1.090396 0.577049 -0.321829
    24 8.154472 8.357077 2.329839 -1.090396 0.577049 -0.321829
    25 8.874294 9.411907 2.866308 -1.090396 0.577049 -0.321829
    26 -4.125858 -2.321501 1.394414 2.051196 0.577049 -0.321829
    27 -4.826813 -3.348669 0.872014 2.051196 0.577049 -0.321829
    28 -5.441669 -4.249685 0.413772 2.051196 0.577049 -0.321829
    29 -0.552532 -1.343527 1.604446 -0.050490 -0.183910 -0.530210
    30 0.552589 1.343534 -1.604463 -0.512338 -0.038510 -0.263286
    31 0.000000 -2.021618 -0.000004 -0.203560 0.000000 0.000000
    32 -0.000021 2.021633 0.000027 0.093808 0.000000 0.000000
    33 -0.000004 -1.136217 -0.000004 -0.600480 0.000000 0.000000
    34 -0.000011 1.136200 -0.000019 0.867496 0.000000 0.000000
    35 -0.032677 -4.587727 1.352317 -2.558509 0.890418 -2.936114
    36 0.032719 4.587772 -1.352291 2.078487 1.277355 2.173153
    37 0.000000 -1.754536 -0.000002 1.092131 0.000000 0.000000
    38 -0.000006 1.754520 -0.000034 0.714645 0.000000 0.000000
    39 0.000000 -1.227020 -0.000002 -0.252428 0.000000 0.000000
    40 0.000002 1.227070 0.000032 -0.218005 0.000000 0.000000
    41 -0.367996 -4.208406 0.173244 2.977246 0.927109 2.319434
    42 0.368011 4.208412 -0.173239 3.365692 1.091688 2.536231
    43 0.000000 -2.372318 -0.000004 1.154585 0.000000 0.000000
    44 -0.000006 2.372318 -0.000032 1.959211 0.000000 0.000000
    45 0.000004 -1.580070 -0.000001 -0.329414 0.000000 0.000000
    46 -0.000002 1.580170 0.000030 0.602967 0.000000 0.000000
    47 -0.937645 -3.860697 -0.959317 -2.948054 0.798863 2.256892
    48 0.937672 3.860714 0.959333 3.206505 0.933892 2.482639
    49 0.000000 -1.690632 0.000000 1.148315 0.000000 0.000000
    50 -0.000013 1.690666 0.000021 1.811216 0.000000 0.000000
    51 -0.000002 -1.423443 0.000002 1.302406 0.000000 0.000000
    52 0.000008 1.423420 0.000028 0.816879 0.000000 0.000000
    53 -1.546646 -3.404194 -1.915569 -2.791978 0.765578 2.402160
    54 1.546661 3.404217 1.915585 3.306713 1.083786 2.864728
    55 0.000004 -1.437820 0.000000 1.542970 0.000000 0.000000
    56 -0.000021 1.437870 0.000031 1.483063 0.000000 0.000000
    57 -0.000002 -1.059402 0.000000 0.888082 0.000000 0.000000
    58 0.000006 1.059372 0.000008 1.193025 0.000000 0.000000
    59 -0.000004 -13.013485 -0.000004 0.010936 -0.284121 -0.076426
    60 0.161133 -10.804688 0.023087 0.010936 -0.284121 -0.076426
  time 37
    0 -0.024506 -3.468750 -0.000151 -1.559900 -0.000006 -0.000006
    1 -12.903130 2.931936 4.287337 -1.022703 -0.300567 0.901630
    2 0.000000 14.313023 0.000003 -1.786201 0.000000 0.000000
    3 -0.000011 13.013483 -0.000005 -2.846506 -1.273039 2.795444
    4 8.652996 10.990791 8.510125 2.738321 0.356003 0.283774
    5 0.000000 -14.313034 0.000000 -1.902787 0.000000 0.000000
    6 -0.000004 -13.013485 -0.000004 0.272488 -0.899687 -0.436401
    7 -1.330879 -2.698427 0.462449 -0.194886 -0.547260 3.056712
    8 1.330910 2.698444 -0.462436 0.194890 0.547268 -0.084879
    9 1.113281 4.808594 -1.690430 -1.589811 0.272264 -0.038126
    10 1.340820 7.765625 -2.611328 1.638801 1.297889 -3.109116
    11 0.671387 7.765625 -3.669922 -1.589828 0.275075 -0.038182
    12 0.707031 8.593750 -3.654297 -1.589811 0.272264 -0.038126
    13 14.750000 -52.000000 -3.505859 -1.993925 0.093276 0.197065
    14 6.566406 8.648438 3.232422 -1.090396 0.577049 -0.321829
    15 7.558525 6.997282 -2.354134 -1.937336 -0.275393 3.010581
    16 7.558525 6.997282 -2.354134 1.937336 0.275393 -0.131011
    17 -2.867767 -2.740969 0.531125 2.051196 0.577049 -0.321829
    18 4.324081 2.744001 -0.524877 -1.090396 0.577049 -0.321829
    19 1.340820 7.765625 -2.611328 1.638801 1.297889 -3.109116
    20 0.669922 7.765625 -3.669922 -1.589828 0.275074 -0.038184
    21 6.233833 5.542564 0.898426 -1.090396 0.577049 -0.321829
    22 6.946648 6.587124 1.429667 -1.090396 0.577049 -0.321829
    23 7.537933 7.453606 1.870349 -1.090396 0.577049 -0.321829
    24 8.154472 8.357077 2.329839 -1.090396 0.577049 -0.321829
    25 8.874294 9.411907 2.866308 -1.090396 0.577049 -0.321829
    26 -4.125858 -2.321501 1.394414 2.051196 0.577049 -0.321829
    27 -4.826813 -3.348669 0.872014 2.051196 0.577049 -0.321829
    28 -5.441669 -4.249685 0.413772 2.051196 0.577049 -0.321829
    29 -0.552532 -1.343527 1.604446 -0.050490 -0.183910 -0.530210
    30 0.552589 1.343534 -1.604463 -0.512338 -0.038510 -0.263286
    31 0.000000 -2.021618 -0.000004 -0.203560 0.000000 0.000000
    32 -0.000021 2.021633 0.000027 0.093808 0.000000 0.000000
    33 -0.000004 -1.136217 -0.000004 -0.600480 0.000000 0.000000
    34 -0.000011 1.136200 -0.000019 0.867496 0.000000 0.000000
    35 -0.032677 -4.587727 1.352317 -2.558509 0.890418 -2.936114
    36 0.032719 4.587772 -1.352291 2.077967 1.277243 2.172546
    37 0.000000 -1.754536 -0.000002 1.092131 0.000000 0.000000
    38 -0.000006 1.754520 -0.000034 0.714645 0.000000 0.000000
    39 0.000000 -1.227020 -0.000002 -0.252428 0.000000 0.000000
    40 0.000002 1.227070 0.000032 -0.218005 0.000000 0.000000
    41 -0.367996 -4.208406 0.173244 2.977246 0.927109 2.319434
    42 0.368011 4.208412 -0.173239 3.365692 1.091688 2.536231
    43 0.000000 -2.372318 -0.000004 1.154585 0.000000 0.000000
    44 -0.000006 2.372318 -0.000032 1.959211 0.000000 0.000000
    45 0.000004 -1.580070 -0.000001 -0.329414 0.000000 0.000000
    46 -0.000002 1.580170 0.000030 0.602967 0.000000 0.000000
    47 -0.937645 -3.860697 -0.959317 -2.948054 0.798863 2.256892
    48 0.937672 3.860714 0.959333 3.206505 0.933892 2.482639
    49 0.000000 -1.690632 0.000000 1.148315 0.000000 0.000000
    50 -0.000013 1.690666 0.000021 1.811216 0.000000 0.000000
    51 -0.000002 -1.423443 0.000002 1.302406 0.000000 0.000000
    52 0.000008 1.423420 0.000028 0.816879 0.000000 0.000000
    53 -1.546646 -3.404194 -1.915569 -2.791978 0.765578 2.402160
    54 1.546661 3.404217 1.915585 3.306713 1.083786 2.864728
    55 0.000004 -1.437820 0.000000 1.542970 0.000000 0.000000
    56 -0.000021 1.437870 0.000031 1.483063 0.000000 0.000000
    57 -0.000002 -1.059402 0.000000 0.888082 0.000000 0.000000
    58 0.000006 1.059372 0.000008 1.193025 0.000000 0.000000
    59 -0.000004 -13.013485 -0.000004 0.010936 -0.284121 -0.076426
    60 0.161133 -10.804688 0.023087 0.010936 -0.284121 -0.076426
  time 38
    0 -0.024506 -3.468750 -0.000151 -1.559900 -0.000006 -0.000006
    1 -12.903130 2.931936 4.287337 -1.024085 -0.301807 0.901325
    2 0.000000 14.313023 0.000003 -1.784246 0.000000 0.000000
    3 -0.000011 13.013483 -0.000005 -2.845933 -1.270303 2.794294
    4 8.652996 10.990791 8.510125 2.738417 0.356003 0.283774
    5 0.000000 -14.313034 0.000000 -1.902787 0.000000 0.000000
    6 -0.000004 -13.013485 -0.000004 0.272578 -0.900143 -0.436687
    7 -1.330879 -2.698427 0.462449 -0.194886 -0.547260 3.056712
    8 1.330910 2.698444 -0.462436 0.194890 0.547268 -0.084879
    9 1.113281 4.808594 -1.690430 -1.589811 0.272264 -0.038126
    10 1.340820 7.765625 -2.611328 1.638801 1.297889 -3.109116
    11 0.671387 7.765625 -3.669922 -1.589828 0.275075 -0.038182
    12 0.707031 8.593750 -3.654297 -1.589811 0.272264 -0.038126
    13 14.750000 -52.000000 -3.505859 -1.993925 0.093276 0.197065
    14 6.566406 8.648438 3.232422 -1.090396 0.577049 -0.321829
    15 7.558525 6.997282 -2.354134 -1.937336 -0.275393 3.010581
    16 7.558525 6.997282 -2.354134 1.937336 0.275393 -0.131011
    17 -2.867767 -2.740969 0.531125 2.051196 0.577049 -0.321829
    18 4.324081 2.744001 -0.524877 -1.090396 0.577049 -0.321829
    19 1.340820 7.765625 -2.611328 1.638801 1.297889 -3.109116
    20 0.669922 7.765625 -3.669922 -1.589828 0.275074 -0.038184
    21 6.233833 5.542564 0.898426 -1.090396 0.577049 -0.321829
    22 6.946648 6.587124 1.429667 -1.090396 0.577049 -0.321829
    23 7.537933 7.453606 1.870349 -1.090396 0.577049 -0.321829
    24 8.154472 8.357077 2.329839 -1.090396 0.577049 -0.321829
    25 8.874294 9.411907 2.866308 -1.090396 0.577049 -0.321829
    26 -4.125858 -2.321501 1.394414 2.051196 0.577049 -0.321829
    27 -4.826813 -3.348669 0.872014 2.051196 0.577049 -0.321829
    28 -5.441669 -4.249685 0.413772 2.051196 0.577049 -0.321829
    29 -0.552532 -1.343527 1.604446 -0.050490 -0.183910 -0.530210
    30 0.552589 1.343534 -1.604463 -0.512338 -0.038510 -0.263286
    31 0.000000 -2.021618 -0.000004 -0.203560 0.000000 0.000000
    32 -0.000021 2.021633 0.000027 0.093808 0.000000 0.000000
    33 -0.000004 -1.136217 -0.000004 -0.600480 0.000000 0.000000
    34 -0.000011 1.136200 -0.000019 0.867496 0.000000 0.000000
    35 -0.032677 -4.587727 1.352317 -2.558509 0.890418 -2.936114
    36 0.032719 4.587772 -1.352291 2.077272 1.277095 2.171863
    37 0.000000 -1.754536 -0.000002 1.092131 0.000000 0.000000
    38 -0.000006 1.754520 -0.000034 0.714645 0.000000 0.000000
    39 0.000000 -1.227020 -0.000002 -0.252428 0.000000 0.000000
    40 0.000002 1.227070 0.000032 -0.218005 0.000000 0.000000
    41 -0.367996 -4.208406 0.173244 2.977246 0.927109 2.319434
    42 0.368011 4.208412 -0.173239 3.365692 1.091688 2.536231
    43 0.000000 -2.372318 -0.000004 1.154585 0.000000 0.000000
    44 -0.000006 2.372318 -0.000032 1.959211 0.000000 0.000000
    45 0.000004 -1.580070 -0.000001 -0.329414 0.000000 0.000000
    46 -0.000002 1.580170 0.000030 0.602967 0.000000 0.000000
    47 -0.937645 -3.860697 -0.959317 -2.948054 0.798863 2.256892
    48 0.937672 3.860714 0.959333 3.206505 0.933892 2.482639
    49 0.000000 -1.690632 0.000000 1.148315 0.000000 0.000000
    50 -0.000013 1.690666 0.000021 1.811216 0.000000 0.000000
    51 -0.000002 -1.423443 0.000002 1.302406 0.000000 0.000000
    52 0.000008 1.423420 0.000028 0.816879 0.000000 0.000000
    53 -1.546646 -3.404194 -1.915569 -2.791978 0.765578 2.402160
    54 1.546661 3.404217 1.915585 3.306713 1.083786 2.864728
    55 0.000004 -1.437820 0.000000 1.542970 0.000000 0.000000
    56 -0.000021 1.437870 0.000031 1.483063 0.000000 0.000000
    57 -0.000002 -1.059402 0.000000 0.888082 0.000000 0.000000
    58 0.000006 1.059372 0.000008 1.193025 0.000000 0.000000
    59 -0.000004 -13.013485 -0.000004 0.010936 -0.284121 -0.076426
    60 0.161133 -10.804688 0.023087 0.010936 -0.284121 -0.076426
  time 39
    0 -0.024506 -3.468750 -0.000151 -1.559900 -0.000006 -0.000006
    1 -12.903130 2.931936 4.287337 -1.025099 -0.302761 0.901096
    2 0.000000 14.313023 0.000003 -1.782780 0.000000 0.000000
    3 -0.000011 13.013483 -0.000005 -2.843927 -1.269171 2.792856
    4 8.652996 10.990791 8.510125 2.738417 0.356003 0.283774
    5 0.000000 -14.313034 0.000000 -1.902787 0.000000 0.000000
    6 -0.000004 -13.013485 -0.000004 0.272668 -0.900599 -0.436973
    7 -1.330879 -2.698427 0.462449 -0.194886 -0.547260 3.056712
    8 1.330910 2.698444 -0.462436 0.194890 0.547268 -0.084879
    9 1.113281 4.808594 -1.690430 -1.589811 0.272264 -0.038126
    10 1.340820 7.765625 -2.611328 1.638801 1.297889 -3.109116
    11 0.671387 7.765625 -3.669922 -1.589828 0.275075 -0.038182
    12 0.707031 8.593750 -3.654297 -1.589811 0.272264 -0.038126
    13 14.750000 -52.000000 -3.505859 -1.993925 0.093276 0.197065
    14 6.566406 8.648438 3.232422 -1.090396 0.577049 -0.321829
    15 7.558525 6.997282 -2.354134 -1.937336 -0.275393 3.010581
    16 7.558525 6.997282 -2.354134 1.937336 0.275393 -0.131011
    17 -2.867767 -2.740969 0.531125 2.051196 0.577049 -0.321829
    18 4.324081 2.744001 -0.524877 -1.090396 0.577049 -0.321829
    19 1.340820 7.765625 -2.611328 1.638801 1.297889 -3.109116
    20 0.669922 7.765625 -3.669922 -1.589828 0.275074 -0.038184
    21 6.233833 5.542564 0.898426 -1.090396 0.577049 -0.321829
    22 6.946648 6.587124 1.429667 -1.090396 0.577049 -0.321829
    23 7.537933 7.453606 1.870349 -1.090396 0.577049 -0.321829
    24 8.154472 8.357077 2.329839 -1.090396 0.577049 -0.321829
    25 8.874294 9.411907 2.866308 -1.090396 0.577049 -0.321829
    26 -4.125858 -2.321501 1.394414 2.051196 0.577049 -0.321829
    27 -4.826813 -3.348669 0.872014 2.051196 0.577049 -0.321829
    28 -5.441669 -4.249685 0.413772 2.051196 0.577049 -0.321829
    29 -0.552532 -1.343527 1.604446 -0.050490 -0.183910 -0.530210
    30 0.552589 1.343534 -1.604463 -0.512338 -0.038510 -0.263286
    31 0.000000 -2.021618 -0.000004 -0.203560 0.000000 0.000000
    32 -0.000021 2.021633 0.000027 0.093808 0.000000 0.000000
    33 -0.000004 -1.136217 -0.000004 -0.600480 0.000000 0.000000
    34 -0.000011 1.136200 -0.000019 0.867496 0.000000 0.000000
    35 -0.032677 -4.587727 1.352317 -2.558509 0.890418 -2.936114
    36 0.032719 4.587772 -1.352291 2.076578 1.276946 2.171105
    37 0.000000 -1.754536 -0.000002 1.092131 0.000000 0.000000
    38 -0.000006 1.754520 -0.000034 0.714645 0.000000 0.000000
    39 0.000000 -1.227020 -0.000002 -0.252428 0.000000 0.000000
    40 0.000002 1.227070 0.000032 -0.218005 0.000000 0.000000
    41 -0.367996 -4.208406 0.173244 2.977246 0.927109 2.319434
    42 0.368011 4.208412 -0.173239 3.365692 1.091688 2.536231
    43 0.000000 -2.372318 -0.000004 1.154585 0.000000 0.000000
    44 -0.000006 2.372318 -0.000032 1.959211 0.000000 0.000000
    45 0.000004 -1.580070 -0.000001 -0.329414 0.000000 0.000000
    46 -0.000002 1.580170 0.000030 0.602967 0.000000 0.000000
    47 -0.937645 -3.860697 -0.959317 -2.948054 0.798863 2.256892
    48 0.937672 3.860714 0.959333 3.206505 0.933892 2.482639
    49 0.000000 -1.690632 0.000000 1.148315 0.000000 0.000000
    50 -0.000013 1.690666 0.000021 1.811216 0.000000 0.000000
    51 -0.000002 -1.423443 0.000002 1.302406 0.000000 0.000000
    52 0.000008 1.423420 0.000028 0.816879 0.000000 0.000000
    53 -1.546646 -3.404194 -1.915569 -2.791978 0.765578 2.402160
    54 1.546661 3.404217 1.915585 3.306713 1.083786 2.864728
    55 0.000004 -1.437820 0.000000 1.542970 0.000000 0.000000
    56 -0.000021 1.437870 0.000031 1.483063 0.000000 0.000000
    57 -0.000002 -1.059402 0.000000 0.888082 0.000000 0.000000
    58 0.000006 1.059372 0.000008 1.193025 0.000000 0.000000
    59 -0.000004 -13.013485 -0.000004 0.010936 -0.284121 -0.076426
    60 0.161133 -10.804688 0.023087 0.010936 -0.284121 -0.076426
  time 40
    0 -0.024506 -3.468750 -0.000151 -1.559900 -0.000006 -0.000006
    1 -12.903130 2.931936 4.287337 -1.025651 -0.303524 0.900943
    2 0.000000 14.313023 0.000003 -1.781497 0.000000 0.000000
    3 -0.000011 13.013483 -0.000005 -2.840678 -1.269501 2.790939
    4 8.652996 10.990791 8.510125 2.738417 0.356003 0.283774
    5 0.000000 -14.313034 0.000000 -1.902787 0.000000 0.000000
    6 -0.000004 -13.013485 -0.000004 0.272668 -0.901055 -0.437164
    7 -1.330879 -2.698427 0.462449 -0.194886 -0.547260 3.056712
    8 1.330910 2.698444 -0.462436 0.194890 0.547268 -0.084879
    9 1.113281 4.808594 -1.690430 -1.589811 0.272264 -0.038126
    10 1.340820 7.765625 -2.611328 1.638801 1.297889 -3.109116
    11 0.671387 7.765625 -3.669922 -1.589828 0.275075 -0.038182
    12 0.707031 8.593750 -3.654297 -1.589811 0.272264 -0.038126
    13 14.750000 -52.000000 -3.505859 -1.993925 0.093276 0.197065
    14 6.566406 8.648438 3.232422 -1.090396 0.577049 -0.321829
    15 7.558525 6.997282 -2.354134 -1.937336 -0.275393 3.010581
    16 7.558525 6.997282 -2.354134 1.937336 0.275393 -0.131011
    17 -2.867767 -2.740969 0.531125 2.051196 0.577049 -0.321829
    18 4.324081 2.744001 -0.524877 -1.090396 0.577049 -0.321829
    19 1.340820 7.765625 -2.611328 1.638801 1.297889 -3.109116
    20 0.669922 7.765625 -3.669922 -1.589828 0.275074 -0.038184
    21 6.233833 5.542564 0.898426 -1.090396 0.577049 -0.321829
    22 6.946648 6.587124 1.429667 -1.090396 0.577049 -0.321829
    23 7.537933 7.453606 1.870349 -1.090396 0.577049 -0.321829
    24 8.154472 8.357077 2.329839 -1.090396 0.577049 -0.321829
    25 8.874294 9.411907 2.866308 -1.090396 0.577049 -0.321829
    26 -4.125858 -2.321501 1.394414 2.051196 0.577049 -0.321829
    27 -4.826813 -3.348669 0.872014 2.051196 0.577049 -0.321829
    28 -5.441669 -4.249685 0.413772 2.051196 0.577049 -0.321829
    29 -0.552532 -1.343527 1.604446 -0.050490 -0.183910 -0.530210
    30 0.552589 1.343534 -1.604463 -0.512338 -0.038510 -0.263264
    31 0.000000 -2.021618 -0.000004 -0.203560 0.000000 0.000000
    32 -0.000021 2.021633 0.000027 0.093808 0.000000 0.000000
    33 -0.000004 -1.136217 -0.000004 -0.600480 0.000000 0.000000
    34 -0.000011 1.136200 -0.000019 0.867496 0.000000 0.000000
    35 -0.032677 -4.587727 1.352317 -2.558509 0.890418 -2.936114
    36 0.032719 4.587772 -1.352291 2.075883 1.276798 2.170271
    37 0.000000 -1.754536 -0.000002 1.092131 0.000000 0.000000
    38 -0.000006 1.754520 -0.000034 0.714645 0.000000 0.000000
    39 0.000000 -1.227020 -0.000002 -0.252428 0.000000 0.000000
    40 0.000002 1.227070 0.000032 -0.218005 0.000000 0.000000
    41 -0.367996 -4.208406 0.173244 2.977246 0.927109 2.319434
    42 0.368011 4.208412 -0.173239 3.365692 1.091688 2.536231
    43 0.000000 -2.372318 -0.000004 1.154585 0.000000 0.000000
    44 -0.000006 2.372318 -0.000032 1.959211 0.000000 0.000000
    45 0.000004 -1.580070 -0.000001 -0.329414 0.000000 0.000000
    46 -0.000002 1.580170 0.000030 0.602967 0.000000 0.000000
    47 -0.937645 -3.860697 -0.959317 -2.948054 0.798863 2.256892
    48 0.937672 3.860714 0.959333 3.206505 0.933892 2.482639
    49 0.000000 -1.690632 0.000000 1.148315 0.000000 0.000000
    50 -0.000013 1.690666 0.000021 1.811216 0.000000 0.000000
    51 -0.000002 -1.423443 0.000002 1.302406 0.000000 0.000000
    52 0.000008 1.423420 0.000028 0.816879 0.000000 0.000000
    53 -1.546646 -3.404194 -1.915569 -2.791978 0.765578 2.402160
    54 1.546661 3.404217 1.915585 3.306713 1.083786 2.864728
    55 0.000004 -1.437820 0.000000 1.542970 0.000000 0.000000
    56 -0.000021 1.437870 0.000031 1.483063 0.000000 0.000000
    57 -0.000002 -1.059402 0.000000 0.888082 0.000000 0.000000
    58 0.000006 1.059372 0.000008 1.193025 0.000000 0.000000
    59 -0.000004 -13.013485 -0.000004 0.010936 -0.284121 -0.076426
    60 0.161133 -10.804688 0.023087 0.010936 -0.284121 -0.076426
  time 41
    0 -0.024506 -3.468750 -0.000151 -1.559900 -0.000006 -0.000006
    1 -12.903130 2.931936 4.287337 -1.025744 -0.304001 0.900867
    2 0.000000 14.313023 0.000003 -1.780519 0.000000 0.000000
    3 -0.000011 13.013483 -0.000005 -2.836187 -1.271294 2.788638
    4 8.652996 10.990791 8.510125 2.738417 0.356003 0.283774
    5 0.000000 -14.313034 0.000000 -1.902727 0.000000 0.000000
    6 -0.000004 -13.013485 -0.000004 0.272849 -0.901329 -0.437259
    7 -1.330879 -2.698427 0.462449 -0.194886 -0.547260 3.056712
    8 1.330910 2.698444 -0.462436 0.194890 0.547268 -0.084879
    9 1.113281 4.808594 -1.690430 -1.589811 0.272264 -0.038126
    10 1.340820 7.765625 -2.611328 1.638801 1.297889 -3.109116
    11 0.671387 7.765625 -3.669922 -1.589828 0.275075 -0.038182
    12 0.707031 8.593750 -3.654297 -1.589811 0.272264 -0.038126
    13 14.750000 -52.000000 -3.505859 -1.993925 0.093276 0.197065
    14 6.566406 8.648438 3.232422 -1.090396 0.577049 -0.321829
    15 7.558525 6.997282 -2.354134 -1.937336 -0.275393 3.010581
    16 7.558525 6.997282 -2.354134 1.937336 0.275393 -0.131011
    17 -2.867767 -2.740969 0.531125 2.051196 0.577049 -0.321829
    18 4.324081 2.744001 -0.524877 -1.090396 0.577049 -0.321829
    19 1.340820 7.765625 -2.611328 1.638801 1.297889 -3.109116
    20 0.669922 7.765625 -3.669922 -1.589828 0.275074 -0.038184
    21 6.233833 5.542564 0.898426 -1.090396 0.577049 -0.321829
    22 6.946648 6.587124 1.429667 -1.090396 0.577049 -0.321829
    23 7.537933 7.453606 1.870349 -1.090396 0.577049 -0.321829
    24 8.154472 8.357077 2.329839 -1.090396 0.577049 -0.321829
    25 8.874294 9.411907 2.866308 -1.090396 0.577049 -0.321829
    26 -4.125858 -2.321501 1.394414 2.051196 0.577049 -0.321829
    27 -4.826813 -3.348669 0.872014 2.051196 0.577049 -0.321829
    28 -5.441669 -4.249685 0.413772 2.051196 0.577049 -0.321829
    29 -0.552532 -1.343527 1.604446 -0.050490 -0.183910 -0.530210
    30 0.552589 1.343534 -1.604463 -0.512338 -0.038510 -0.263264
    31 0.000000 -2.021618 -0.000004 -0.203560 0.000000 0.000000
    32 -0.000021 2.021633 0.000027 0.093808 0.000000 0.000000
    33 -0.000004 -1.136217 -0.000004 -0.600480 0.000000 0.000000
    34 -0.000011 1.136200 -0.000019 0.867496 0.000000 0.000000
    35 -0.032677 -4.587727 1.352317 -2.558509 0.890418 -2.936114
    36 0.032719 4.587772 -1.352291 2.075102 1.276650 2.169512
    37 0.000000 -1.754536 -0.000002 1.092131 0.000000 0.000000
    38 -0.000006 1.754520 -0.000034 0.714645 0.000000 0.000000
    39 0.000000 -1.227020 -0.000002 -0.252428 0.000000 0.000000
    40 0.000002 1.227070 0.000032 -0.218005 0.000000 0.000000
    41 -0.367996 -4.208406 0.173244 2.977246 0.927109 2.319434
    42 0.368011 4.208412 -0.173239 3.365692 1.091688 2.536231
    43 0.000000 -2.372318 -0.000004 1.154585 0.000000 0.000000
    44 -0.000006 2.372318 -0.000032 1.959211 0.000000 0.000000
    45 0.000004 -1.580070 -0.000001 -0.329414 0.000000 0.000000
    46 -0.000002 1.580170 0.000030 0.602967 0.000000 0.000000
    47 -0.937645 -3.860697 -0.959317 -2.948054 0.798863 2.256892
    48 0.937672 3.860714 0.959333 3.206505 0.933892 2.482639
    49 0.000000 -1.690632 0.000000 1.148315 0.000000 0.000000
    50 -0.000013 1.690666 0.000021 1.811216 0.000000 0.000000
    51 -0.000002 -1.423443 0.000002 1.302406 0.000000 0.000000
    52 0.000008 1.423420 0.000028 0.816879 0.000000 0.000000
    53 -1.546646 -3.404194 -1.915569 -2.791978 0.765578 2.402160
    54 1.546661 3.404217 1.915585 3.306713 1.083786 2.864728
    55 0.000004 -1.437820 0.000000 1.542970 0.000000 0.000000
    56 -0.000021 1.437870 0.000031 1.483063 0.000000 0.000000
    57 -0.000002 -1.059402 0.000000 0.888082 0.000000 0.000000
    58 0.000006 1.059372 0.000008 1.193025 0.000000 0.000000
    59 -0.000004 -13.013485 -0.000004 0.010936 -0.284121 -0.076426
    60 0.161133 -10.804688 0.023087 0.010936 -0.284121 -0.076426
  time 42
    0 -0.024506 -3.468750 -0.000151 -1.559900 -0.000006 -0.000006
    1 -12.903130 2.931936 4.287337 -1.025467 -0.304239 0.900943
    2 0.000000 14.313023 0.000003 -1.779847 0.000000 0.000000
    3 -0.000011 13.013483 -0.000005 -2.830645 -1.274454 2.785954
    4 8.652996 10.990791 8.510125 2.738609 0.356003 0.283774
    5 0.000000 -14.313034 0.000000 -1.902727 0.000000 0.000000
    6 -0.000004 -13.013485 -0.000004 0.272849 -0.901648 -0.437450
    7 -1.330879 -2.698427 0.462449 -0.194886 -0.547260 3.056712
    8 1.330910 2.698444 -0.462436 0.194890 0.547268 -0.084879
    9 1.113281 4.808594 -1.690430 -1.589811 0.272264 -0.038126
    10 1.340820 7.765625 -2.611328 1.638801 1.297889 -3.109116
    11 0.671387 7.765625 -3.669922 -1.589828 0.275075 -0.038182
    12 0.707031 8.593750 -3.654297 -1.589811 0.272264 -0.038126
    13 14.750000 -52.000000 -3.505859 -1.993925 0.093276 0.197065
    14 6.566406 8.648438 3.232422 -1.090396 0.577049 -0.321829
    15 7.558525 6.997282 -2.354134 -1.937336 -0.275393 3.010581
    16 7.558525 6.997282 -2.354134 1.937336 0.275393 -0.131011
    17 -2.867767 -2.740969 0.531125 2.051196 0.577049 -0.321829
    18 4.324081 2.744001 -0.524877 -1.090396 0.577049 -0.321829
    19 1.340820 7.765625 -2.611328 1.638801 1.297889 -3.109116
    20 0.669922 7.765625 -3.669922 -1.589828 0.275074 -0.038184
    21 6.233833 5.542564 0.898426 -1.090396 0.577049 -0.321829
    22 6.946648 6.587124 1.429667 -1.090396 0.577049 -0.321829
    23 7.537933 7.453606 1.870349 -1.090396 0.577049 -0.321829
    24 8.154472 8.357077 2.329839 -1.090396 0.577049 -0.321829
    25 8.874294 9.411907 2.866308 -1.090396 0.577049 -0.321829
    26 -4.125858 -2.321501 1.394414 2.051196 0.577049 -0.321829
    27 -4.826813 -3.348669 0.872014 2.051196 0.577049 -0.321829
    28 -5.441669 -4.249685 0.413772 2.051196 0.577049 -0.321829
    29 -0.552532 -1.343527 1.604446 -0.050490 -0.183910 -0.530210
    30 0.552589 1.343534 -1.604463 -0.512338 -0.038510 -0.263286
    31 0.000000 -2.021618 -0.000004 -0.203560 0.000000 0.000000
    32 -0.000021 2.021633 0.000027 0.093808 0.000000 0.000000
    33 -0.000004 -1.136217 -0.000004 -0.600480 0.000000 0.000000
    34 -0.000011 1.136200 -0.000019 0.867496 0.000000 0.000000
    35 -0.032677 -4.587727 1.352317 -2.558509 0.890418 -2.936114
    36 0.032719 4.587772 -1.352291 2.074494 1.276501 2.168754
    37 0.000000 -1.754536 -0.000002 1.092131 0.000000 0.000000
    38 -0.000006 1.754520 -0.000034 0.714645 0.000000 0.000000
    39 0.000000 -1.227020 -0.000002 -0.252428 0.000000 0.000000
    40 0.000002 1.227070 0.000032 -0.218005 0.000000 0.000000
    41 -0.367996 -4.208406 0.173244 2.977246 0.927109 2.319434
    42 0.368011 4.208412 -0.173239 3.365692 1.091688 2.536231
    43 0.000000 -2.372318 -0.000004 1.154585 0.000000 0.000000
    44 -0.000006 2.372318 -0.000032 1.959211 0.000000 0.000000
    45 0.000004 -1.580070 -0.000001 -0.329414 0.000000 0.000000
    46 -0.000002 1.580170 0.000030 0.602967 0.000000 0.000000
    47 -0.937645 -3.860697 -0.959317 -2.948054 0.798863 2.256892
    48 0.937672 3.860714 0.959333 3.206505 0.933892 2.482639
    49 0.000000 -1.690632 0.000000 1.148315 0.000000 0.000000
    50 -0.000013 1.690666 0.000021 1.811216 0.000000 0.000000
    51 -0.000002 -1.423443 0.000002 1.302406 0.000000 0.000000
    52 0.000008 1.423420 0.000028 0.816879 0.000000 0.000000
    53 -1.546646 -3.404194 -1.915569 -2.791978 0.765578 2.402160
    54 1.546661 3.404217 1.915585 3.306713 1.083786 2.864728
    55 0.000004 -1.437820 0.000000 1.542970 0.000000 0.000000
    56 -0.000021 1.437870 0.000031 1.483063 0.000000 0.000000
    57 -0.000002 -1.059402 0.000000 0.888082 0.000000 0.000000
    58 0.000006 1.059372 0.000008 1.193025 0.000000 0.000000
    59 -0.000004 -13.013485 -0.000004 0.010936 -0.284121 -0.076426
    60 0.161133 -10.804688 0.023087 0.010936 -0.284121 -0.076426
  time 43
    0 -0.024506 -3.468750 -0.000151 -1.559900 -0.000006 -0.000006
    1 -12.903130 2.931936 4.287337 -1.024822 -0.304239 0.901096
    2 0.000000 14.313023 0.000003 -1.779603 0.000000 0.000000
    3 -0.000011 13.013483 -0.000005 -2.824052 -1.279076 2.782503
    4 8.652996 10.990791 8.510125 2.738609 0.356003 0.283774
    5 0.000000 -14.313034 0.000000 -1.902727 0.000000 0.000000
    6 -0.000004 -13.013485 -0.000004 0.272849 -0.901785 -0.437450
    7 -1.330879 -2.698427 0.462449 -0.194886 -0.547260 3.056712
    8 1.330910 2.698444 -0.462436 0.194890 0.547268 -0.084879
    9 1.113281 4.808594 -1.690430 -1.589811 0.272264 -0.038126
    10 1.340820 7.765625 -2.611328 1.638801 1.297889 -3.109116
    11 0.671387 7.765625 -3.669922 -1.589828 0.275075 -0.038182
    12 0.707031 8.593750 -3.654297 -1.589811 0.272264 -0.038126
    13 14.750000 -52.000000 -3.505859 -1.993925 0.093276 0.197065
    14 6.566406 8.648438 3.232422 -1.090396 0.577049 -0.321829
    15 7.558525 6.997282 -2.354134 -1.937336 -0.275393 3.010581
    16 7.558525 6.997282 -2.354134 1.937336 0.275393 -0.131011
    17 -2.867767 -2.740969 0.531125 2.051196 0.577049 -0.321829
    18 4.324081 2.744001 -0.524877 -1.090396 0.577049 -0.321829
    19 1.340820 7.765625 -2.611328 1.638801 1.297889 -3.109116
    20 0.669922 7.765625 -3.669922 -1.589828 0.275074 -0.038184
    21 6.233833 5.542564 0.898426 -1.090396 0.577049 -0.321829
    22 6.946648 6.587124 1.429667 -1.090396 0.577049 -0.321829
    23 7.537933 7.453606 1.870349 -1.090396 0.577049 -0.321829
    24 8.154472 8.357077 2.329839 -1.090396 0.577049 -0.321829
    25 8.874294 9.411907 2.866308 -1.090396 0.577049 -0.321829
    26 -4.125858 -2.321501 1.394414 2.051196 0.577049 -0.321829
    27 -4.826813 -3.348669 0.872014 2.051196 0.577049 -0.321829
    28 -5.441669 -4.249685 0.413772 2.051196 0.577049 -0.321829
    29 -0.552532 -1.343527 1.604446 -0.050490 -0.183910 -0.530210
    30 0.552589 1.343534 -1.604463 -0.512338 -0.038510 -0.263286
    31 0.000000 -2.021618 -0.000004 -0.203560 0.000000 0.000000
    32 -0.000021 2.021633 0.000027 0.093808 0.000000 0.000000
    33 -0.000004 -1.136217 -0.000004 -0.600480 0.000000 0.000000
    34 -0.000011 1.136200 -0.000019 0.867496 0.000000 0.000000
    35 -0.032677 -4.587727 1.352317 -2.558509 0.890418 -2.936114
    36 0.032719 4.587772 -1.352291 2.073886 1.276390 2.168147
    37 0.000000 -1.754536 -0.000002 1.092131 0.000000 0.000000
    38 -0.000006 1.754520 -0.000034 0.714645 0.000000 0.000000
    39 0.000000 -1.227020 -0.000002 -0.252428 0.000000 0.000000
    40 0.000002 1.227070 0.000032 -0.218005 0.000000 0.000000
    41 -0.367996 -4.208406 0.173244 2.977246 0.927109 2.319434
    42 0.368011 4.208412 -0.173239 3.365692 1.091688 2.536231
    43 0.000000 -2.372318 -0.000004 1.154585 0.000000 0.000000
    44 -0.000006 2.372318 -0.000032 1.959211 0.000000 0.000000
    45 0.000004 -1.580070 -0.000001 -0.329414 0.000000 0.000000
    46 -0.000002 1.580170 0.000030 0.602967 0.000000 0.000000
    47 -0.937645 -3.860697 -0.959317 -2.948054 0.798863 2.256892
    48 0.937672 3.860714 0.959333 3.206505 0.933892 2.482639
    49 0.000000 -1.690632 0.000000 1.148315 0.000000 0.000000
    50 -0.000013 1.690666 0.000021 1.811216 0.000000 0.000000
    51 -0.000002 -1.423443 0.000002 1.302406 0.000000 0.000000
    52 0.000008 1.423420 0.000028 0.816879 0.000000 0.000000
    53 -1.546646 -3.404194 -1.915569 -2.791978 0.765578 2.402160
    54 1.546661 3.404217 1.915585 3.306713 1.083786 2.864728
    55 0.000004 -1.437820 0.000000 1.542970 0.000000 0.000000
    56 -0.000021 1.437870 0.000031 1.483063 0.000000 0.000000
    57 -0.000002 -1.059402 0.000000 0.888082 0.000000 0.000000
    58 0.000006 1.059372 0.000008 1.193025 0.000000 0.000000
    59 -0.000004 -13.013485 -0.000004 0.010936 -0.284121 -0.076426
    60 0.161133 -10.804688 0.023087 0.010936 -0.284121 -0.076426
  time 44
    0 -0.024506 -3.468750 -0.000151 -1.559900 -0.000006 -0.000006
    1 -12.903130 2.931936 4.287337 -1.023901 -0.304001 0.901325
    2 0.000000 14.313023 0.000003 -1.779664 0.000000 0.000000
    3 -0.000011 13.013483 -0.000005 -2.816313 -1.284878 2.778477
    4 8.652996 10.990791 8.510125 2.738609 0.356003 0.283774
    5 0.000000 -14.313034 0.000000 -1.902727 0.000000 0.000000
    6 -0.000004 -13.013485 -0.000004 0.272939 -0.901921 -0.437450
    7 -1.330879 -2.698427 0.462449 -0.194886 -0.547260 3.056712
    8 1.330910 2.698444 -0.462436 0.194890 0.547268 -0.084879
    9 1.113281 4.808594 -1.690430 -1.589811 0.272264 -0.038126
    10 1.340820 7.765625 -2.611328 1.638801 1.297889 -3.109116
    11 0.671387 7.765625 -3.669922 -1.589828 0.275075 -0.038182
    12 0.707031 8.593750 -3.654297 -1.589811 0.272264 -0.038126
    13 14.750000 -52.000000 -3.505859 -1.993925 0.093276 0.197065
    14 6.566406 8.648438 3.232422 -1.090396 0.577049 -0.321829
    15 7.558525 6.997282 -2.354134 -1.937336 -0.275393 3.010581
    16 7.558525 6.997282 -2.354134 1.937336 0.275393 -0.131011
    17 -2.867767 -2.740969 0.531125 2.051196 0.577049 -0.321829
    18 4.324081 2.744001 -0.524877 -1.090396 0.577049 -0.321829
    19 1.340820 7.765625 -2.611328 1.638801 1.297889 -3.109116
    20 0.669922 7.765625 -3.669922 -1.589828 0.275074 -0.038184
    21 6.233833 5.542564 0.898426 -1.090396 0.577049 -0.321829
    22 6.946648 6.587124 1.429667 -1.090396 0.577049 -0.321829
    23 7.537933 7.453606 1.870349 -1.090396 0.577049 -0.321829
    24 8.154472 8.357077 2.329839 -1.090396 0.577049 -0.321829
    25 8.874294 9.411907 2.866308 -1.090396 0.577049 -0.321829
    26 -4.125858 -2.321501 1.394414 2.051196 0.577049 -0.321829
    27 -4.826813 -3.348669 0.872014 2.051196 0.577049 -0.321829
    28 -5.441669 -4.249685 0.413772 2.051196 0.577049 -0.321829
    29 -0.552532 -1.343527 1.604446 -0.050490 -0.183910 -0.530210
    30 0.552589 1.343534 -1.604463 -0.512338 -0.038510 -0.263264
    31 0.000000 -2.021618 -0.000004 -0.203560 0.000000 0.000000
    32 -0.000021 2.021633 0.000027 0.093808 0.000000 0.000000
    33 -0.000004 -1.136217 -0.000004 -0.600480 0.000000 0.000000
    34 -0.000011 1.136200 -0.000019 0.867496 0.000000 0.000000
    35 -0.032677 -4.587727 1.352317 -2.558509 0.890418 -2.936114
    36 0.032719 4.587772 -1.352291 2.073366 1.276278 2.167617
    37 0.000000 -1.754536 -0.000002 1.092131 0.000000 0.000000
    38 -0.000006 1.754520 -0.000034 0.714645 0.000000 0.000000
    39 0.000000 -1.227020 -0.000002 -0.252428 0.000000 0.000000
    40 0.000002 1.227070 0.000032 -0.218005 0.000000 0.000000
    41 -0.367996 -4.208406 0.173244 2.977246 0.927109 2.319434
    42 0.368011 4.208412 -0.173239 3.365692 1.091688 2.536231
    43 0.000000 -2.372318 -0.000004 1.154585 0.000000 0.000000
    44 -0.000006 2.372318 -0.000032 1.959211 0.000000 0.000000
    45 0.000004 -1.580070 -0.000001 -0.329414 0.000000 0.000000
    46 -0.000002 1.580170 0.000030 0.602967 0.000000 0.000000
    47 -0.937645 -3.860697 -0.959317 -2.948054 0.798863 2.256892
    48 0.937672 3.860714 0.959333 3.206505 0.933892 2.482639
    49 0.000000 -1.690632 0.000000 1.148315 0.000000 0.000000
    50 -0.000013 1.690666 0.000021 1.811216 0.000000 0.000000
    51 -0.000002 -1.423443 0.000002 1.302406 0.000000 0.000000
    52 0.000008 1.423420 0.000028 0.816879 0.000000 0.000000
    53 -1.546646 -3.404194 -1.915569 -2.791978 0.765578 2.402160
    54 1.546661 3.404217 1.915585 3.306713 1.083786 2.864728
    55 0.000004 -1.437820 0.000000 1.542970 0.000000 0.000000
    56 -0.000021 1.437870 0.000031 1.483063 0.000000 0.000000
    57 -0.000002 -1.059402 0.000000 0.888082 0.000000 0.000000
    58 0.000006 1.059372 0.000008 1.193025 0.000000 0.000000
    59 -0.000004 -13.013485 -0.000004 0.010936 -0.284121 -0.076426
    60 0.161133 -10.804688 0.023087 0.010936 -0.284121 -0.076426
  time 45
    0 -0.024506 -3.468750 -0.000151 -1.559900 -0.000006 -0.000006
    1 -12.903130 2.931936 4.287337 -1.022334 -0.303476 0.901707
    2 0.000000 14.313023 0.000003 -1.780152 0.000000 0.000000
    3 -0.000011 13.013483 -0.000005 -2.807427 -1.292047 2.773589
    4 8.652996 10.990791 8.510125 2.738609 0.356003 0.283774
    5 0.000000 -14.313034 0.000000 -1.902727 0.000000 0.000000
    6 -0.000004 -13.013485 -0.000004 0.272939 -0.901921 -0.437640
    7 -1.330879 -2.698427 0.462449 -0.194886 -0.547260 3.056712
    8 1.330910 2.698444 -0.462436 0.194890 0.547268 -0.084879
    9 1.113281 4.808594 -1.690430 -1.589811 0.272264 -0.038126
    10 1.340820 7.765625 -2.611328 1.638801 1.297889 -3.109116
    11 0.671387 7.765625 -3.669922 -1.589828 0.275075 -0.038182
    12 0.707031 8.593750 -3.654297 -1.589811 0.272264 -0.038126
    13 14.750000 -52.000000 -3.505859 -1.993925 0.093276 0.197065
    14 6.566406 8.648438 3.232422 -1.090396 0.577049 -0.321829
    15 7.558525 6.997282 -2.354134 -1.937336 -0.275393 3.010581
    16 7.558525 6.997282 -2.354134 1.937336 0.275393 -0.131011
    17 -2.867767 -2.740969 0.531125 2.051196 0.577049 -0.321829
    18 4.324081 2.744001 -0.524877 -1.090396 0.577049 -0.321829
    19 1.340820 7.765625 -2.611328 1.638801 1.297889 -3.109116
    20 0.669922 7.765625 -3.669922 -1.589828 0.275074 -0.038184
    21 6.233833 5.542564 0.898426 -1.090396 0.577049 -0.321829
    22 6.946648 6.587124 1.429667 -1.090396 0.577049 -0.321829
    23 7.537933 7.453606 1.870349 -1.090396 0.577049 -0.321829
    24 8.154472 8.357077 2.329839 -1.090396 0.577049 -0.321829
    25 8.874294 9.411907 2.866308 -1.090396 0.577049 -0.321829
    26 -4.125858 -2.321501 1.394414 2.051196 0.577049 -0.321829
    27 -4.826813 -3.348669 0.872014 2.051196 0.577049 -0.321829
    28 -5.441669 -4.249685 0.413772 2.051196 0.577049 -0.321829
    29 -0.552532 -1.343527 1.604446 -0.050490 -0.183910 -0.530210
    30 0.552589 1.343534 -1.604463 -0.512338 -0.038510 -0.263264
    31 0.000000 -2.021618 -0.000004 -0.203560 0.000000 0.000000
    32 -0.000021 2.021633 0.000027 0.093808 0.000000 0.000000
    33 -0.000004 -1.136217 -0.000004 -0.600480 0.000000 0.000000
    34 -0.000011 1.136200 -0.000019 0.867496 0.000000 0.000000
    35 -0.032677 -4.587727 1.352317 -2.558509 0.890418 -2.936114
    36 0.032719 4.587772 -1.352291 2.073018 1.276204 2.167237
    37 0.000000 -1.754536 -0.000002 1.092131 0.000000 0.000000
    38 -0.000006 1.754520 -0.000034 0.714645 0.000000 0.000000
    39 0.000000 -1.227020 -0.000002 -0.252428 0.000000 0.000000
    40 0.000002 1.227070 0.000032 -0.218005 0.000000 0.000000
    41 -0.367996 -4.208406 0.173244 2.977246 0.927109 2.319434
    42 0.368011 4.208412 -0.173239 3.365692 1.091688 2.536231
    43 0.000000 -2.372318 -0.000004 1.154585 0.000000 0.000000
    44 -0.000006 2.372318 -0.000032 1.959211 0.000000 0.000000
    45 0.000004 -1.580070 -0.000001 -0.329414 0.000000 0.000000
    46 -0.000002 1.580170 0.000030 0.602967 0.000000 0.000000
    47 -0.937645 -3.860697 -0.959317 -2.948054 0.798863 2.256892
    48 0.937672 3.860714 0.959333 3.206505 0.933892 2.482639
    49 0.000000 -1.690632 0.000000 1.148315 0.000000 0.000000
    50 -0.000013 1.690666 0.000021 1.811216 0.000000 0.000000
    51 -0.000002 -1.423443 0.000002 1.302406 0.000000 0.000000
    52 0.000008 1.423420 0.000028 0.816879 0.000000 0.000000
    53 -1.546646 -3.404194 -1.915569 -2.791978 0.765578 2.402160
    54 1.546661 3.404217 1.915585 3.306713 1.083786 2.864728
    55 0.000004 -1.437820 0.000000 1.542970 0.000000 0.000000
    56 -0.000021 1.437870 0.000031 1.483063 0.000000 0.000000
    57 -0.000002 -1.059402 0.000000 0.888082 0.000000 0.000000
    58 0.000006 1.059372 0.000008 1.193025 0.000000 0.000000
    59 -0.000004 -13.013485 -0.000004 0.010936 -0.284121 -0.076426
    60 0.161133 -10.804688 0.023087 0.010936 -0.284121 -0.076426
  time 46
    0 -0.024506 -3.468750 -0.000151 -1.559900 -0.000006 -0.000006
    1 -12.903130 2.931936 4.287337 -1.020676 -0.302618 0.902165
    2 0.000000 14.313023 0.000003 -1.781008 0.000000 0.000000
    3 -0.000011 13.013483 -0.000005 -2.797299 -1.300443 2.767550
    4 8.652996 10.990791 8.510125 2.738609 0.356003 0.283774
    5 0.000000 -14.313034 0.000000 -1.902727 0.000000 0.000000
    6 -0.000004 -13.013485 -0.000004 0.272939 -0.901921 -0.437640
    7 -1.330879 -2.698427 0.462449 -0.194886 -0.547260 3.056712
    8 1.330910 2.698444 -0.462436 0.194890 0.547268 -0.084879
    9 1.113281 4.808594 -1.690430 -1.589811 0.272264 -0.038126
    10 1.340820 7.765625 -2.611328 1.638801 1.297889 -3.109116
    11 0.671387 7.765625 -3.669922 -1.589828 0.275075 -0.038182
    12 0.707031 8.593750 -3.654297 -1.589811 0.272264 -0.038126
    13 14.750000 -52.000000 -3.505859 -1.993925 0.093276 0.197065
    14 6.566406 8.648438 3.232422 -1.090396 0.577049 -0.321829
    15 7.558525 6.997282 -2.354134 -1.937336 -0.275393 3.010581
    16 7.558525 6.997282 -2.354134 1.937336 0.275393 -0.131011
    17 -2.867767 -2.740969 0.531125 2.051196 0.577049 -0.321829
    18 4.324081 2.744001 -0.524877 -1.090396 0.577049 -0.321829
    19 1.340820 7.765625 -2.611328 1.638801 1.297889 -3.109116
    20 0.669922 7.765625 -3.669922 -1.589828 0.275074 -0.038184
    21 6.233833 5.542564 0.898426 -1.090396 0.577049 -0.321829
    22 6.946648 6.587124 1.429667 -1.090396 0.577049 -0.321829
    23 7.537933 7.453606 1.870349 -1.090396 0.577049 -0.321829
    24 8.154472 8.357077 2.329839 -1.090396 0.577049 -0.321829
    25 8.874294 9.411907 2.866308 -1.090396 0.577049 -0.321829
    26 -4.125858 -2.321501 1.394414 2.051196 0.577049 -0.321829
    27 -4.826813 -3.348669 0.872014 2.051196 0.577049 -0.321829
    28 -5.441669 -4.249685 0.413772 2.051196 0.577049 -0.321829
    29 -0.552532 -1.343527 1.604446 -0.050490 -0.183910 -0.530210
    30 0.552589 1.343534 -1.604463 -0.512338 -0.038510 -0.263286
    31 0.000000 -2.021618 -0.000004 -0.203560 0.000000 0.000000
    32 -0.000021 2.021633 0.000027 0.093808 0.000000 0.000000
    33 -0.000004 -1.136217 -0.000004 -0.600480 0.000000 0.000000
    34 -0.000011 1.136200 -0.000019 0.867496 0.000000 0.000000
    35 -0.032677 -4.587727 1.352317 -2.558509 0.890418 -2.936114
    36 0.032719 4.587772 -1.352291 2.072931 1.276167 2.167086
    37 0.000000 -1.754536 -0.000002 1.092131 0.000000 0.000000
    38 -0.000006 1.754520 -0.000034 0.714645 0.000000 0.000000
    39 0.000000 -1.227020 -0.000002 -0.252428 0.000000 0.000000
    40 0.000002 1.227070 0.000032 -0.218005 0.000000 0.000000
    41 -0.367996 -4.208406 0.173244 2.977246 0.927109 2.319434
    42 0.368011 4.208412 -0.173239 3.365692 1.091688 2.536231
    43 0.000000 -2.372318 -0.000004 1.154585 0.000000 0.000000
    44 -0.000006 2.372318 -0.000032 1.959211 0.000000 0.000000
    45 0.000004 -1.580070 -0.000001 -0.329414 0.000000 0.000000
    46 -0.000002 1.580170 0.000030 0.602967 0.000000 0.000000
    47 -0.937645 -3.860697 -0.959317 -2.948054 0.798863 2.256892
    48 0.937672 3.860714 0.959333 3.206505 0.933892 2.482639
    49 0.000000 -1.690632 0.000000 1.148315 0.000000 0.000000
    50 -0.000013 1.690666 0.000021 1.811216 0.000000 0.000000
    51 -0.000002 -1.423443 0.000002 1.302406 0.000000 0.000000
    52 0.000008 1.423420 0.000028 0.816879 0.000000 0.000000
    53 -1.546646 -3.404194 -1.915569 -2.791978 0.765578 2.402160
    54 1.546661 3.404217 1.915585 3.306713 1.083786 2.864728
    55 0.000004 -1.437820 0.000000 1.542970 0.000000 0.000000
    56 -0.000021 1.437870 0.000031 1.483063 0.000000 0.000000
    57 -0.000002 -1.059402 0.000000 0.888082 0.000000 0.000000
    58 0.000006 1.059372 0.000008 1.193025 0.000000 0.000000
    59 -0.000004 -13.013485 -0.000004 0.010936 -0.284121 -0.076426
    60 0.161133 -10.804688 0.023087 0.010936 -0.284121 -0.076426
  time 47
    0 -0.024506 -3.468750 -0.000151 -1.559900 -0.000006 -0.000006
    1 -12.903130 2.931936 4.287337 -1.018372 -0.301521 0.902776
    2 0.000000 14.313023 0.000003 -1.782291 0.000000 0.000000
    3 -0.000011 13.013483 -0.000005 -2.785737 -1.309971 2.760265
    4 8.652996 10.990791 8.510125 2.738609 0.356003 0.283774
    5 0.000000 -14.313034 0.000000 -1.902727 0.000000 0.000000
    6 -0.000004 -13.013485 -0.000004 0.272939 -0.901921 -0.437640
    7 -1.330879 -2.698427 0.462449 -0.194886 -0.547260 3.056712
    8 1.330910 2.698444 -0.462436 0.194890 0.547268 -0.084879
    9 1.113281 4.808594 -1.690430 -1.589811 0.272264 -0.038126
    10 1.340820 7.765625 -2.611328 1.638801 1.297889 -3.109116
    11 0.671387 7.765625 -3.669922 -1.589828 0.275075 -0.038182
    12 0.707031 8.593750 -3.654297 -1.589811 0.272264 -0.038126
    13 14.750000 -52.000000 -3.505859 -1.993925 0.093276 0.197065
    14 6.566406 8.648438 3.232422 -1.090396 0.577049 -0.321829
    15 7.558525 6.997282 -2.354134 -1.937336 -0.275393 3.010581
    16 7.558525 6.997282 -2.354134 1.937336 0.275393 -0.131011
    17 -2.867767 -2.740969 0.531125 2.051196 0.577049 -0.321829
    18 4.324081 2.744001 -0.524877 -1.090396 0.577049 -0.321829
    19 1.340820 7.765625 -2.611328 1.638801 1.297889 -3.109116
    20 0.669922 7.765625 -3.669922 -1.589828 0.275074 -0.038184
    21 6.233833 5.542564 0.898426 -1.090396 0.577049 -0.321829
    22 6.946648 6.587124 1.429667 -1.090396 0.577049 -0.321829
    23 7.537933 7.453606 1.870349 -1.090396 0.577049 -0.321829
    24 8.154472 8.357077 2.329839 -1.090396 0.577049 -0.321829
    25 8.874294 9.411907 2.866308 -1.090396 0.577049 -0.321829
    26 -4.125858 -2.321501 1.394414 2.051196 0.577049 -0.321829
    27 -4.826813 -3.348669 0.872014 2.051196 0.577049 -0.321829
    28 -5.441669 -4.249685 0.413772 2.051196 0.577049 -0.321829
    29 -0.552532 -1.343527 1.604446 -0.050490 -0.183910 -0.530210
    30 0.552589 1.343534 -1.604463 -0.512338 -0.038510 -0.263286
    31 0.000000 -2.021618 -0.000004 -0.203560 0.000000 0.000000
    32 -0.000021 2.021633 0.000027 0.093808 0.000000 0.000000
    33 -0.000004 -1.136217 -0.000004 -0.600480 0.000000 0.000000
    34 -0.000011 1.136200 -0.000019 0.867496 0.000000 0.000000
    35 -0.032677 -4.587727 1.352317 -2.558509 0.890418 -2.936114
    36 0.032719 4.587772 -1.352291 2.072931 1.276167 2.167086
    37 0.000000 -1.754536 -0.000002 1.092131 0.000000 0.000000
    38 -0.000006 1.754520 -0.000034 0.714645 0.000000 0.000000
    39 0.000000 -1.227020 -0.000002 -0.252428 0.000000 0.000000
    40 0.000002 1.227070 0.000032 -0.218005 0.000000 0.000000
    41 -0.367996 -4.208406 0.173244 2.977246 0.927109 2.319434
    42 0.368011 4.208412 -0.173239 3.365692 1.091688 2.536231
    43 0.000000 -2.372318 -0.000004 1.154585 0.000000 0.000000
    44 -0.000006 2.372318 -0.000032 1.959211 0.000000 0.000000
    45 0.000004 -1.580070 -0.000001 -0.329414 0.000000 0.000000
    46 -0.000002 1.580170 0.000030 0.602967 0.000000 0.000000
    47 -0.937645 -3.860697 -0.959317 -2.948054 0.798863 2.256892
    48 0.937672 3.860714 0.959333 3.206505 0.933892 2.482639
    49 0.000000 -1.690632 0.000000 1.148315 0.000000 0.000000
    50 -0.000013 1.690666 0.000021 1.811216 0.000000 0.000000
    51 -0.000002 -1.423443 0.000002 1.302406 0.000000 0.000000
    52 0.000008 1.423420 0.000028 0.816879 0.000000 0.000000
    53 -1.546646 -3.404194 -1.915569 -2.791978 0.765578 2.402160
    54 1.546661 3.404217 1.915585 3.306713 1.083786 2.864728
    55 0.000004 -1.437820 0.000000 1.542970 0.000000 0.000000
    56 -0.000021 1.437870 0.000031 1.483063 0.000000 0.000000
    57 -0.000002 -1.059402 0.000000 0.888082 0.000000 0.000000
    58 0.000006 1.059372 0.000008 1.193025 0.000000 0.000000
    59 -0.000004 -13.013485 -0.000004 0.010936 -0.284121 -0.076426
    60 0.161133 -10.804688 0.023087 0.010936 -0.284121 -0.076426
  time 48
    0 -0.024506 -3.468750 -0.000151 -1.559900 -0.000006 -0.000006
    1 -12.903130 2.931936 4.287337 -1.015700 -0.300043 0.903540
    2 0.000000 14.313023 0.000003 -1.784063 0.000000 0.000000
    3 -0.000011 13.013483 -0.000005 -2.772551 -1.320678 2.751254
    4 8.652996 10.990791 8.510125 2.738609 0.356003 0.283774
    5 0.000000 -14.313034 0.000000 -1.902727 0.000000 0.000000
    6 -0.000004 -13.013485 -0.000004 0.272939 -0.901921 -0.437640
    7 -1.330879 -2.698427 0.462449 -0.194886 -0.547260 3.056712
    8 1.330910 2.698444 -0.462436 0.194890 0.547268 -0.084879
    9 1.113281 4.808594 -1.690430 -1.589811 0.272264 -0.038126
    10 1.340820 7.765625 -2.611328 1.638801 1.297889 -3.109116
    11 0.671387 7.765625 -3.669922 -1.589828 0.275075 -0.038182
    12 0.707031 8.593750 -3.654297 -1.589811 0.272264 -0.038126
    13 14.750000 -52.000000 -3.505859 -1.993925 0.093276 0.197065
    14 6.566406 8.648438 3.232422 -1.090396 0.577049 -0.321829
    15 7.558525 6.997282 -2.354134 -1.937336 -0.275393 3.010581
    16 7.558525 6.997282 -2.354134 1.937336 0.275393 -0.131011
    17 -2.867767 -2.740969 0.531125 2.051196 0.577049 -0.321829
    18 4.324081 2.744001 -0.524877 -1.090396 0.577049 -0.321829
    19 1.340820 7.765625 -2.611328 1.638801 1.297889 -3.109116
    20 0.669922 7.765625 -3.669922 -1.589828 0.275074 -0.038184
    21 6.233833 5.542564 0.898426 -1.090396 0.577049 -0.321829
    22 6.946648 6.587124 1.429667 -1.090396 0.577049 -0.321829
    23 7.537933 7.453606 1.870349 -1.090396 0.577049 -0.321829
    24 8.154472 8.357077 2.329839 -1.090396 0.577049 -0.321829
    25 8.874294 9.411907 2.866308 -1.090396 0.577049 -0.321829
    26 -4.125858 -2.321501 1.394414 2.051196 0.577049 -0.321829
    27 -4.826813 -3.348669 0.872014 2.051196 0.577049 -0.321829
    28 -5.441669 -4.249685 0.413772 2.051196 0.577049 -0.321829
    29 -0.552532 -1.343527 1.604446 -0.050490 -0.183910 -0.530210
    30 0.552589 1.343534 -1.604463 -0.512338 -0.038510 -0.263286
    31 0.000000 -2.021618 -0.000004 -0.203560 0.000000 0.000000
    32 -0.000021 2.021633 0.000027 0.093808 0.000000 0.000000
    33 -0.000004 -1.136217 -0.000004 -0.600480 0.000000 0.000000
    34 -0.000011 1.136200 -0.000019 0.867496 0.000000 0.000000
    35 -0.032677 -4.587727 1.352317 -2.558509 0.890418 -2.936114
    36 0.032719 4.587772 -1.352291 2.073192 1.276241 2.167389
    37 0.000000 -1.754536 -0.000002 1.092131 0.000000 0.000000
    38 -0.000006 1.754520 -0.000034 0.714645 0.000000 0.000000
    39 0.000000 -1.227020 -0.000002 -0.252428 0.000000 0.000000
    40 0.000002 1.227070 0.000032 -0.218005 0.000000 0.000000
    41 -0.367996 -4.208406 0.173244 2.977246 0.927109 2.319434
    42 0.368011 4.208412 -0.173239 3.365692 1.091688 2.536231
    43 0.000000 -2.372318 -0.000004 1.154585 0.000000 0.000000
    44 -0.000006 2.372318 -0.000032 1.959211 0.000000 0.000000
    45 0.000004 -1.580070 -0.000001 -0.329414 0.000000 0.000000
    46 -0.000002 1.580170 0.000030 0.602967 0.000000 0.000000
    47 -0.937645 -3.860697 -0.959317 -2.948054 0.798863 2.256892
    48 0.937672 3.860714 0.959333 3.206505 0.933892 2.482639
    49 0.000000 -1.690632 0.000000 1.148315 0.000000 0.000000
    50 -0.000013 1.690666 0.000021 1.811216 0.000000 0.000000
    51 -0.000002 -1.423443 0.000002 1.302406 0.000000 0.000000
    52 0.000008 1.423420 0.000028 0.816879 0.000000 0.000000
    53 -1.546646 -3.404194 -1.915569 -2.791978 0.765578 2.402160
    54 1.546661 3.404217 1.915585 3.306713 1.083786 2.864728
    55 0.000004 -1.437820 0.000000 1.542970 0.000000 0.000000
    56 -0.000021 1.437870 0.000031 1.483063 0.000000 0.000000
    57 -0.000002 -1.059402 0.000000 0.888082 0.000000 0.000000
    58 0.000006 1.059372 0.000008 1.193025 0.000000 0.000000
    59 -0.000004 -13.013485 -0.000004 0.010936 -0.284121 -0.076426
    60 0.161133 -10.804688 0.023087 0.010936 -0.284121 -0.076426
  time 49
    0 -0.024506 -3.468750 -0.000151 -1.559900 -0.000006 -0.000006
    1 -12.903130 2.931936 4.287337 -1.012474 -0.298183 0.904380
    2 0.000000 14.313023 0.000003 -1.786446 0.000000 0.000000
    3 -0.000011 13.013483 -0.000005 -2.757072 -1.332564 2.739752
    4 8.652996 10.990791 8.510125 2.738609 0.356003 0.283774
    5 0.000000 -14.313034 0.000000 -1.902727 0.000000 0.000000
    6 -0.000004 -13.013485 -0.000004 0.272939 -0.901921 -0.437640
    7 -1.330879 -2.698427 0.462449 -0.194886 -0.547260 3.056712
    8 1.330910 2.698444 -0.462436 0.194890 0.547268 -0.084879
    9 1.113281 4.808594 -1.690430 -1.589811 0.272264 -0.038126
    10 1.340820 7.765625 -2.611328 1.638801 1.297889 -3.109116
    11 0.671387 7.765625 -3.669922 -1.589828 0.275075 -0.038182
    12 0.707031 8.593750 -3.654297 -1.589811 0.272264 -0.038126
    13 14.750000 -52.000000 -3.505859 -1.993925 0.093276 0.197065
    14 6.566406 8.648438 3.232422 -1.090396 0.577049 -0.321829
    15 7.558525 6.997282 -2.354134 -1.937336 -0.275393 3.010581
    16 7.558525 6.997282 -2.354134 1.937336 0.275393 -0.131011
    17 -2.867767 -2.740969 0.531125 2.051196 0.577049 -0.321829
    18 4.324081 2.744001 -0.524877 -1.090396 0.577049 -0.321829
    19 1.340820 7.765625 -2.611328 1.638801 1.297889 -3.109116
    20 0.669922 7.765625 -3.669922 -1.589828 0.275074 -0.038184
    21 6.233833 5.542564 0.898426 -1.090396 0.577049 -0.321829
    22 6.946648 6.587124 1.429667 -1.090396 0.577049 -0.321829
    23 7.537933 7.453606 1.870349 -1.090396 0.577049 -0.321829
    24 8.154472 8.357077 2.329839 -1.090396 0.577049 -0.321829
    25 8.874294 9.411907 2.866308 -1.090396 0.577049 -0.321829
    26 -4.125858 -2.321501 1.394414 2.051196 0.577049 -0.321829
    27 -4.826813 -3.348669 0.872014 2.051196 0.577049 -0.321829
    28 -5.441669 -4.249685 0.413772 2.051196 0.577049 -0.321829
    29 -0.552532 -1.343527 1.604446 -0.050490 -0.183910 -0.530210
    30 0.552589 1.343534 -1.604463 -0.512338 -0.038510 -0.263264
    31 0.000000 -2.021618 -0.000004 -0.203560 0.000000 0.000000
    32 -0.000021 2.021633 0.000027 0.093808 0.000000 0.000000
    33 -0.000004 -1.136217 -0.000004 -0.600480 0.000000 0.000000
    34 -0.000011 1.136200 -0.000019 0.867496 0.000000 0.000000
    35 -0.032677 -4.587727 1.352317 -2.558509 0.890418 -2.936114
    36 0.032719 4.587772 -1.352291 2.073713 1.276353 2.167996
    37 0.000000 -1.754536 -0.000002 1.092131 0.000000 0.000000
    38 -0.000006 1.754520 -0.000034 0.714645 0.000000 0.000000
    39 0.000000 -1.227020 -0.000002 -0.252428 0.000000 0.000000
    40 0.000002 1.227070 0.000032 -0.218005 0.000000 0.000000
    41 -0.367996 -4.208406 0.173244 2.977246 0.927109 2.319434
    42 0.368011 4.208412 -0.173239 3.365692 1.091688 2.536231
    43 0.000000 -2.372318 -0.000004 1.154585 0.000000 0.000000
    44 -0.000006 2.372318 -0.000032 1.959211 0.000000 0.000000
    45 0.000004 -1.580070 -0.000001 -0.329414 0.000000 0.000000
    46 -0.000002 1.580170 0.000030 0.602967 0.000000 0.000000
    47 -0.937645 -3.860697 -0.959317 -2.948054 0.798863 2.256892
    48 0.937672 3.860714 0.959333 3.206505 0.933892 2.482639
    49 0.000000 -1.690632 0.000000 1.148315 0.000000 0.000000
    50 -0.000013 1.690666 0.000021 1.811216 0.000000 0.000000
    51 -0.000002 -1.423443 0.000002 1.302406 0.000000 0.000000
    52 0.000008 1.423420 0.000028 0.816879 0.000000 0.000000
    53 -1.546646 -3.404194 -1.915569 -2.791978 0.765578 2.402160
    54 1.546661 3.404217 1.915585 3.306713 1.083786 2.864728
    55 0.000004 -1.437820 0.000000 1.542970 0.000000 0.000000
    56 -0.000021 1.437870 0.000031 1.483063 0.000000 0.000000
    57 -0.000002 -1.059402 0.000000 0.888082 0.000000 0.000000
    58 0.000006 1.059372 0.000008 1.193025 0.000000 0.000000
    59 -0.000004 -13.013485 -0.000004 0.010936 -0.284121 -0.076426
    60 0.161133 -10.804688 0.023087 0.010936 -0.284121 -0.076426
  time 50
    0 -0.024506 -3.468750 -0.000151 -1.559900 -0.000006 -0.000006
    1 -12.903130 2.931936 4.287337 -1.008696 -0.295941 0.905373
    2 0.000000 14.313023 0.000003 -1.789439 0.000000 0.000000
    3 -0.000011 13.013483 -0.000005 -2.738918 -1.345488 2.725373
    4 8.652996 10.990791 8.510125 2.738609 0.356003 0.283774
    5 0.000000 -14.313034 0.000000 -1.902727 0.000000 0.000000
    6 -0.000004 -13.013485 -0.000004 0.272939 -0.901921 -0.437640
    7 -1.330879 -2.698427 0.462449 -0.194886 -0.547260 3.056712
    8 1.330910 2.698444 -0.462436 0.194890 0.547268 -0.084879
    9 1.113281 4.808594 -1.690430 -1.589811 0.272264 -0.038126
    10 1.340820 7.765625 -2.611328 1.638801 1.297889 -3.109116
    11 0.671387 7.765625 -3.669922 -1.589828 0.275075 -0.038182
    12 0.707031 8.593750 -3.654297 -1.589811 0.272264 -0.038126
    13 14.750000 -52.000000 -3.505859 -1.993925 0.093276 0.197065
    14 6.566406 8.648438 3.232422 -1.090396 0.577049 -0.321829
    15 7.558525 6.997282 -2.354134 -1.937336 -0.275393 3.010581
    16 7.558525 6.997282 -2.354134 1.937336 0.275393 -0.131011
    17 -2.867767 -2.740969 0.531125 2.051196 0.577049 -0.321829
    18 4.324081 2.744001 -0.524877 -1.090396 0.577049 -0.321829
    19 1.340820 7.765625 -2.611328 1.638801 1.297889 -3.109116
    20 0.669922 7.765625 -3.669922 -1.589828 0.275074 -0.038184
    21 6.233833 5.542564 0.898426 -1.090396 0.577049 -0.321829
    22 6.946648 6.587124 1.429667 -1.090396 0.577049 -0.321829
    23 7.537933 7.453606 1.870349 -1.090396 0.577049 -0.321829
    24 8.154472 8.357077 2.329839 -1.090396 0.577049 -0.321829
    25 8.874294 9.411907 2.866308 -1.090396 0.577049 -0.321829
    26 -4.125858 -2.321501 1.394414 2.051196 0.577049 -0.321829
    27 -4.826813 -3.348669 0.872014 2.051196 0.577049 -0.321829
    28 -5.441669 -4.249685 0.413772 2.051196 0.577049 -0.321829
    29 -0.552532 -1.343527 1.604446 -0.050490 -0.183910 -0.530210
    30 0.552589 1.343534 -1.604463 -0.512338 -0.038510 -0.263264
    31 0.000000 -2.021618 -0.000004 -0.203560 0.000000 0.000000
    32 -0.000021 2.021633 0.000027 0.093808 0.000000 0.000000
    33 -0.000004 -1.136217 -0.000004 -0.600480 0.000000 0.000000
    34 -0.000011 1.136200 -0.000019 0.867496 0.000000 0.000000
    35 -0.032677 -4.587727 1.352317 -2.558509 0.890418 -2.936114
    36 0.032719 4.587772 -1.352291 2.074581 1.276538 2.168906
    37 0.000000 -1.754536 -0.000002 1.092131 0.000000 0.000000
    38 -0.000006 1.754520 -0.000034 0.714645 0.000000 0.000000
    39 0.000000 -1.227020 -0.000002 -0.252428 0.000000 0.000000
    40 0.000002 1.227070 0.000032 -0.218071 0.000000 0.000000
    41 -0.367996 -4.208406 0.173244 2.977246 0.927109 2.319434
    42 0.368011 4.208412 -0.173239 3.365692 1.091688 2.536231
    43 0.000000 -2.372318 -0.000004 1.154585 0.000000 0.000000
    44 -0.000006 2.372318 -0.000032 1.959211 0.000000 0.000000
    45 0.000004 -1.580070 -0.000001 -0.329414 0.000000 0.000000
    46 -0.000002 1.580170 0.000030 0.602967 0.000000 0.000000
    47 -0.937645 -3.860697 -0.959317 -2.948054 0.798863 2.256892
    48 0.937672 3.860714 0.959333 3.206505 0.933892 2.482639
    49 0.000000 -1.690632 0.000000 1.148315 0.000000 0.000000
    50 -0.000013 1.690666 0.000021 1.811216 0.000000 0.000000
    51 -0.000002 -1.423443 0.000002 1.302406 0.000000 0.000000
    52 0.000008 1.423420 0.000028 0.816879 0.000000 0.000000
    53 -1.546646 -3.404194 -1.915569 -2.791978 0.765578 2.402160
    54 1.546661 3.404217 1.915585 3.306713 1.083786 2.864728
    55 0.000004 -1.437820 0.000000 1.542970 0.000000 0.000000
    56 -0.000021 1.437870 0.000031 1.483063 0.000000 0.000000
    57 -0.000002 -1.059402 0.000000 0.888082 0.000000 0.000000
    58 0.000006 1.059372 0.000008 1.193025 0.000000 0.000000
    59 -0.000004 -13.013485 -0.000004 0.010936 -0.284121 -0.076426
    60 0.161133 -10.804688 0.023087 0.010936 -0.284121 -0.076426
  time 51
    0 -0.024506 -3.468750 -0.000151 -1.559900 -0.000006 -0.000006
    1 -12.903130 2.931936 4.287337 -1.004089 -0.293223 0.906595
    2 0.000000 14.313023 0.000003 -1.793105 0.000000 0.000000
    3 -0.000011 13.013483 -0.000005 -2.716942 -1.359496 2.706873
    4 8.652996 10.990791 8.510125 2.738609 0.356003 0.283774
    5 0.000000 -14.313034 0.000000 -1.902727 0.000000 0.000000
    6 -0.000004 -13.013485 -0.000004 0.272939 -0.901921 -0.437640
    7 -1.330879 -2.698427 0.462449 -0.194886 -0.547260 3.056712
    8 1.330910 2.698444 -0.462436 0.194890 0.547268 -0.084879
    9 1.113281 4.808594 -1.690430 -1.589811 0.272264 -0.038126
    10 1.340820 7.765625 -2.611328 1.638801 1.297889 -3.109116
    11 0.671387 7.765625 -3.669922 -1.589828 0.275075 -0.038182
    12 0.707031 8.593750 -3.654297 -1.589811 0.272264 -0.038126
    13 14.750000 -52.000000 -3.505859 -1.993925 0.093276 0.197065
    14 6.566406 8.648438 3.232422 -1.090396 0.577049 -0.321829
    15 7.558525 6.997282 -2.354134 -1.937336 -0.275393 3.010581
    16 7.558525 6.997282 -2.354134 1.937336 0.275393 -0.131011
    17 -2.867767 -2.740969 0.531125 2.051196 0.577049 -0.321829
    18 4.324081 2.744001 -0.524877 -1.090396 0.577049 -0.321829
    19 1.340820 7.765625 -2.611328 1.638801 1.297889 -3.109116
    20 0.669922 7.765625 -3.669922 -1.589828 0.275074 -0.038184
    21 6.233833 5.542564 0.898426 -1.090396 0.577049 -0.321829
    22 6.946648 6.587124 1.429667 -1.090396 0.577049 -0.321829
    23 7.537933 7.453606 1.870349 -1.090396 0.577049 -0.321829
    24 8.154472 8.357077 2.329839 -1.090396 0.577049 -0.321829
    25 8.874294 9.411907 2.866308 -1.090396 0.577049 -0.321829
    26 -4.125858 -2.321501 1.394414 2.051196 0.577049 -0.321829
    27 -4.826813 -3.348669 0.872014 2.051196 0.577049 -0.321829
    28 -5.441669 -4.249685 0.413772 2.051196 0.577049 -0.321829
    29 -0.552532 -1.343527 1.604446 -0.050490 -0.183910 -0.530210
    30 0.552589 1.343534 -1.604463 -0.512338 -0.038510 -0.263264
    31 0.000000 -2.021618 -0.000004 -0.203560 0.000000 0.000000
    32 -0.000021 2.021633 0.000027 0.093808 0.000000 0.000000
    33 -0.000004 -1.136217 -0.000004 -0.600480 0.000000 0.000000
    34 -0.000011 1.136200 -0.000019 0.867496 0.000000 0.000000
    35 -0.032677 -4.587727 1.352317 -2.558509 0.890418 -2.936114
    36 0.032719 4.587772 -1.352291 2.075796 1.276798 2.170195
    37 0.000000 -1.754536 -0.000002 1.092131 0.000000 0.000000
    38 -0.000006 1.754520 -0.000034 0.714645 0.000000 0.000000
    39 0.000000 -1.227020 -0.000002 -0.252428 0.000000 0.000000
    40 0.000002 1.227070 0.000032 -0.218005 0.000000 0.000000
    41 -0.367996 -4.208406 0.173244 2.977246 0.927109 2.319434
    42 0.368011 4.208412 -0.173239 3.365692 1.091688 2.536231
    43 0.000000 -2.372318 -0.000004 1.154585 0.000000 0.000000
    44 -0.000006 2.372318 -0.000032 1.959211 0.000000 0.000000
    45 0.000004 -1.580070 -0.000001 -0.329414 0.000000 0.000000
    46 -0.000002 1.580170 0.000030 0.602967 0.000000 0.000000
    47 -0.937645 -3.860697 -0.959317 -2.948054 0.798863 2.256892
    48 0.937672 3.860714 0.959333 3.206505 0.933892 2.482639
    49 0.000000 -1.690632 0.000000 1.148315 0.000000 0.000000
    50 -0.000013 1.690666 0.000021 1.811216 0.000000 0.000000
    51 -0.000002 -1.423443 0.000002 1.302406 0.000000 0.000000
    52 0.000008 1.423420 0.000028 0.816879 0.000000 0.000000
    53 -1.546646 -3.404194 -1.915569 -2.791978 0.765578 2.402160
    54 1.546661 3.404217 1.915585 3.306713 1.083786 2.864728
    55 0.000004 -1.437820 0.000000 1.542970 0.000000 0.000000
    56 -0.000021 1.437870 0.000031 1.483063 0.000000 0.000000
    57 -0.000002 -1.059402 0.000000 0.888082 0.000000 0.000000
    58 0.000006 1.059372 0.000008 1.193025 0.000000 0.000000
    59 -0.000004 -13.013485 -0.000004 0.010936 -0.284121 -0.076426
    60 0.161133 -10.804688 0.023087 0.010936 -0.284121 -0.076426
  time 52
    0 -0.024506 -3.468750 -0.000151 -1.559900 -0.000006 -0.000006
    1 -12.903130 2.931936 4.287337 -0.998929 -0.289933 0.908046
    2 0.000000 14.313023 0.000003 -1.797627 0.000000 0.000000
    3 -0.000011 13.013483 -0.000005 -2.689710 -1.374542 2.682526
    4 8.652996 10.990791 8.510125 2.738609 0.356003 0.283774
    5 0.000000 -14.313034 0.000000 -1.902727 0.000000 0.000000
    6 -0.000004 -13.013485 -0.000004 0.272939 -0.901921 -0.437640
    7 -1.330879 -2.698427 0.462449 -0.194886 -0.547260 3.056712
    8 1.330910 2.698444 -0.462436 0.194890 0.547268 -0.084879
    9 1.113281 4.808594 -1.690430 -1.589811 0.272264 -0.038126
    10 1.340820 7.765625 -2.611328 1.638801 1.297889 -3.109116
    11 0.671387 7.765625 -3.669922 -1.589828 0.275075 -0.038182
    12 0.707031 8.593750 -3.654297 -1.589811 0.272264 -0.038126
    13 14.750000 -52.000000 -3.505859 -1.993925 0.093276 0.197065
    14 6.566406 8.648438 3.232422 -1.090396 0.577049 -0.321829
    15 7.558525 6.997282 -2.354134 -1.937336 -0.275393 3.010581
    16 7.558525 6.997282 -2.354134 1.937336 0.275393 -0.131011
    17 -2.867767 -2.740969 0.531125 2.051196 0.577049 -0.321829
    18 4.324081 2.744001 -0.524877 -1.090396 0.577049 -0.321829
    19 1.340820 7.765625 -2.611328 1.638801 1.297889 -3.109116
    20 0.669922 7.765625 -3.669922 -1.589828 0.275074 -0.038184
    21 6.233833 5.542564 0.898426 -1.090396 0.577049 -0.321829
    22 6.946648 6.587124 1.429667 -1.090396 0.577049 -0.321829
    23 7.537933 7.453606 1.870349 -1.090396 0.577049 -0.321829
    24 8.154472 8.357077 2.329839 -1.090396 0.577049 -0.321829
    25 8.874294 9.411907 2.866308 -1.090396 0.577049 -0.321829
    26 -4.125858 -2.321501 1.394414 2.051196 0.577049 -0.321829
    27 -4.826813 -3.348669 0.872014 2.051196 0.577049 -0.321829
    28 -5.441669 -4.249685 0.413772 2.051196 0.577049 -0.321829
    29 -0.552532 -1.343527 1.604446 -0.050490 -0.183910 -0.530210
    30 0.552589 1.343534 -1.604463 -0.512338 -0.038510 -0.263286
    31 0.000000 -2.021618 -0.000004 -0.203560 0.000000 0.000000
    32 -0.000021 2.021633 0.000027 0.093808 0.000000 0.000000
    33 -0.000004 -1.136217 -0.000004 -0.600480 0.000000 0.000000
    34 -0.000011 1.136200 -0.000019 0.867496 0.000000 0.000000
    35 -0.032677 -4.587727 1.352317 -2.558509 0.890418 -2.936114
    36 0.032719 4.587772 -1.352291 2.077359 1.277132 2.171939
    37 0.000000 -1.754536 -0.000002 1.092131 0.000000 0.000000
    38 -0.000006 1.754520 -0.000034 0.714645 0.000000 0.000000
    39 0.000000 -1.227020 -0.000002 -0.252428 0.000000 0.000000
    40 0.000002 1.227070 0.000032 -0.218005 0.000000 0.000000
    41 -0.367996 -4.208406 0.173244 2.977246 0.927109 2.319434
    42 0.368011 4.208412 -0.173239 3.365692 1.091688 2.536231
    43 0.000000 -2.372318 -0.000004 1.154585 0.000000 0.000000
    44 -0.000006 2.372318 -0.000032 1.959211 0.000000 0.000000
    45 0.000004 -1.580070 -0.000001 -0.329414 0.000000 0.000000
    46 -0.000002 1.580170 0.000030 0.602967 0.000000 0.000000
    47 -0.937645 -3.860697 -0.959317 -2.948054 0.798863 2.256892
    48 0.937672 3.860714 0.959333 3.206505 0.933892 2.482639
    49 0.000000 -1.690632 0.000000 1.148315 0.000000 0.000000
    50 -0.000013 1.690666 0.000021 1.811216 0.000000 0.000000
    51 -0.000002 -1.423443 0.000002 1.302406 0.000000 0.000000
    52 0.000008 1.423420 0.000028 0.816879 0.000000 0.000000
    53 -1.546646 -3.404194 -1.915569 -2.791978 0.765578 2.402160
    54 1.546661 3.404217 1.915585 3.306713 1.083786 2.864728
    55 0.000004 -1.437820 0.000000 1.542970 0.000000 0.000000
    56 -0.000021 1.437870 0.000031 1.483063 0.000000 0.000000
    57 -0.000002 -1.059402 0.000000 0.888082 0.000000 0.000000
    58 0.000006 1.059372 0.000008 1.193025 0.000000 0.000000
    59 -0.000004 -13.013485 -0.000004 0.010936 -0.284121 -0.076426
    60 0.161133 -10.804688 0.023087 0.010936 -0.284121 -0.076426
  time 53
    0 -0.024506 -3.468750 -0.000151 -1.559900 -0.000006 -0.000006
    1 -12.903130 2.931936 4.287337 -0.992663 -0.285927 0.909650
    2 0.000000 14.313023 0.000003 -1.803125 0.000000 0.000000
    3 -0.000011 13.013483 -0.000005 -2.654835 -1.390485 2.650222
    4 8.652996 10.990791 8.510125 2.738609 0.356003 0.283774
    5 0.000000 -14.313034 0.000000 -1.902727 0.000000 0.000000
    6 -0.000004 -13.013485 -0.000004 0.272939 -0.901921 -0.437640
    7 -1.330879 -2.698427 0.462449 -0.194886 -0.547260 3.056712
    8 1.330910 2.698444 -0.462436 0.194890 0.547268 -0.084879
    9 1.113281 4.808594 -1.690430 -1.589811 0.272264 -0.038126
    10 1.340820 7.765625 -2.611328 1.638801 1.297889 -3.109116
    11 0.671387 7.765625 -3.669922 -1.589828 0.275075 -0.038182
    12 0.707031 8.593750 -3.654297 -1.589811 0.272264 -0.038126
    13 14.750000 -52.000000 -3.505859 -1.993925 0.093276 0.197065
    14 6.566406 8.648438 3.232422 -1.090396 0.577049 -0.321829
    15 7.558525 6.997282 -2.354134 -1.937336 -0.275393 3.010581
    16 7.558525 6.997282 -2.354134 1.937336 0.275393 -0.131011
    17 -2.867767 -2.740969 0.531125 2.051196 0.577049 -0.321829
    18 4.324081 2.744001 -0.524877 -1.090396 0.577049 -0.321829
    19 1.340820 7.765625 -2.611328 1.638801 1.297889 -3.109116
    20 0.669922 7.765625 -3.669922 -1.589828 0.275074 -0.038184
    21 6.233833 5.542564 0.898426 -1.090396 0.577049 -0.321829
    22 6.946648 6.587124 1.429667 -1.090396 0.577049 -0.321829
    23 7.537933 7.453606 1.870349 -1.090396 0.577049 -0.321829
    24 8.154472 8.357077 2.329839 -1.090396 0.577049 -0.321829
    25 8.874294 9.411907 2.866308 -1.090396 0.577049 -0.321829
    26 -4.125858 -2.321501 1.394414 2.051196 0.577049 -0.321829
    27 -4.826813 -3.348669 0.872014 2.051196 0.577049 -0.321829
    28 -5.441669 -4.249685 0.413772 2.051196 0.577049 -0.321829
    29 -0.552532 -1.343527 1.604446 -0.050490 -0.183910 -0.530210
    30 0.552589 1.343534 -1.604463 -0.512338 -0.038510 -0.263286
    31 0.000000 -2.021618 -0.000004 -0.203560 0.000000 0.000000
    32 -0.000021 2.021633 0.000027 0.093808 0.000000 0.000000
    33 -0.000004 -1.136217 -0.000004 -0.600480 0.000000 0.000000
    34 -0.000011 1.136200 -0.000019 0.867496 0.000000 0.000000
    35 -0.032677 -4.587727 1.352317 -2.558509 0.890418 -2.936114
    36 0.032719 4.587772 -1.352291 2.079356 1.277540 2.174063
    37 0.000000 -1.754536 -0.000002 1.092131 0.000000 0.000000
    38 -0.000006 1.754520 -0.000034 0.714645 0.000000 0.000000
    39 0.000000 -1.227020 -0.000002 -0.252428 0.000000 0.000000
    40 0.000002 1.227070 0.000032 -0.218005 0.000000 0.000000
    41 -0.367996 -4.208406 0.173244 2.977246 0.927109 2.319434
    42 0.368011 4.208412 -0.173239 3.365692 1.091688 2.536231
    43 0.000000 -2.372318 -0.000004 1.154585 0.000000 0.000000
    44 -0.000006 2.372318 -0.000032 1.959211 0.000000 0.000000
    45 0.000004 -1.580070 -0.000001 -0.329414 0.000000 0.000000
    46 -0.000002 1.580170 0.000030 0.602967 0.000000 0.000000
    47 -0.937645 -3.860697 -0.959317 -2.948054 0.798863 2.256892
    48 0.937672 3.860714 0.959333 3.206505 0.933892 2.482639
    49 0.000000 -1.690632 0.000000 1.148315 0.000000 0.000000
    50 -0.000013 1.690666 0.000021 1.811216 0.000000 0.000000
    51 -0.000002 -1.423443 0.000002 1.302406 0.000000 0.000000
    52 0.000008 1.423420 0.000028 0.816879 0.000000 0.000000
    53 -1.546646 -3.404194 -1.915569 -2.791978 0.765578 2.402160
    54 1.546661 3.404217 1.915585 3.306713 1.083786 2.864728
    55 0.000004 -1.437820 0.000000 1.542970 0.000000 0.000000
    56 -0.000021 1.437870 0.000031 1.483063 0.000000 0.000000
    57 -0.000002 -1.059402 0.000000 0.888082 0.000000 0.000000
    58 0.000006 1.059372 0.000008 1.193025 0.000000 0.000000
    59 -0.000004 -13.013485 -0.000004 0.010936 -0.284121 -0.076426
    60 0.161133 -10.804688 0.023087 0.010936 -0.284121 -0.076426
  time 54
    0 -0.024506 -3.468750 -0.000151 -1.559900 -0.000006 -0.000006
    1 -12.879691 3.119442 4.404528 -0.990912 -0.262559 0.921795
    2 0.000000 14.313023 0.000003 -1.805203 0.000000 0.000000
    3 -0.000011 13.013483 -0.000005 -2.483228 -1.431096 2.484871
    4 8.652996 10.990791 8.510125 2.738609 0.356003 0.283774
    5 0.000000 -14.313034 0.000000 -1.902727 0.000000 0.000000
    6 -0.000004 -13.013485 -0.000004 0.272939 -0.901921 -0.437640
    7 -1.330879 -2.698427 0.462449 -0.194886 -0.547260 3.056712
    8 1.330910 2.698444 -0.462436 0.194890 0.547268 -0.084879
    9 1.113281 4.808594 -1.690430 -1.589811 0.272264 -0.038126
    10 1.340820 7.765625 -2.611328 1.638801 1.297889 -3.109116
    11 0.671387 7.765625 -3.669922 -1.589828 0.275075 -0.038182
    12 0.707031 8.593750 -3.654297 -1.589811 0.272264 -0.038126
    13 14.750000 -52.000000 -3.505859 -1.993925 0.093276 0.197065
    14 6.566406 8.648438 3.232422 -1.090396 0.577049 -0.321829
    15 7.558525 6.997282 -2.354134 -1.937336 -0.275393 3.010581
    16 7.558525 6.997282 -2.354134 1.937336 0.275393 -0.131011
    17 -2.867767 -2.740969 0.531125 2.051196 0.577049 -0.321829
    18 4.324081 2.744001 -0.524877 -1.090396 0.577049 -0.321829
    19 1.340820 7.765625 -2.611328 1.638801 1.297889 -3.109116
    20 0.669922 7.765625 -3.669922 -1.589828 0.275074 -0.038184
    21 6.233833 5.542564 0.898426 -1.090396 0.577049 -0.321829
    22 6.946648 6.587124 1.429667 -1.090396 0.577049 -0.321829
    23 7.537933 7.453606 1.870349 -1.090396 0.577049 -0.321829
    24 8.154472 8.357077 2.329839 -1.090396 0.577049 -0.321829
    25 8.874294 9.411907 2.866308 -1.090396 0.577049 -0.321829
    26 -4.125858 -2.321501 1.394414 2.051196 0.577049 -0.321829
    27 -4.826813 -3.348669 0.872014 2.051196 0.577049 -0.321829
    28 -5.441669 -4.249685 0.413772 2.051196 0.577049 -0.321829
    29 -0.552532 -1.343527 1.604446 -0.050490 -0.183910 -0.530210
    30 0.552589 1.343534 -1.604463 -0.512338 -0.038510 -0.263286
    31 0.000000 -2.021618 -0.000004 -0.203560 0.000000 0.000000
    32 -0.000021 2.021633 0.000027 0.093808 0.000000 0.000000
    33 -0.000004 -1.136217 -0.000004 -0.600480 0.000000 0.000000
    34 -0.000011 1.136200 -0.000019 0.867496 0.000000 0.000000
    35 -0.032677 -4.587727 1.352317 -2.558509 0.890418 -2.936114
    36 0.032719 4.587772 -1.352291 2.078053 1.278208 2.173987
    37 0.000000 -1.754536 -0.000002 1.092131 0.000000 0.000000
    38 -0.000006 1.754520 -0.000034 0.716051 0.000000 0.000000
    39 0.000000 -1.227020 -0.000002 -0.252428 0.000000 0.000000
    40 0.000002 1.227070 0.000032 -0.217206 0.000000 0.000000
    41 -0.367996 -4.208406 0.173244 2.977246 0.927109 2.319434
    42 0.368011 4.208412 -0.173239 3.365692 1.091688 2.536231
    43 0.000000 -2.372318 -0.000004 1.154585 0.000000 0.000000
    44 -0.000006 2.372318 -0.000032 1.959211 0.000000 0.000000
    45 0.000004 -1.580070 -0.000001 -0.329414 0.000000 0.000000
    46 -0.000002 1.580170 0.000030 0.602967 0.000000 0.000000
    47 -0.937645 -3.860697 -0.959317 -2.948054 0.798863 2.256892
    48 0.937672 3.860714 0.959333 3.206505 0.933892 2.482639
    49 0.000000 -1.690632 0.000000 1.148315 0.000000 0.000000
    50 -0.000013 1.690666 0.000021 1.811216 0.000000 0.000000
    51 -0.000002 -1.423443 0.000002 1.302406 0.000000 0.000000
    52 0.000008 1.423420 0.000028 0.816879 0.000000 0.000000
    53 -1.546646 -3.404194 -1.915569 -2.791978 0.765578 2.402160
    54 1.546661 3.404217 1.915585 3.298684 1.077043 2.858129
    55 0.000004 -1.437820 0.000000 1.542970 0.000000 0.000000
    56 -0.000021 1.437870 0.000031 1.483063 0.000000 0.000000
    57 -0.000002 -1.059402 0.000000 0.888082 0.000000 0.000000
    58 0.000006 1.059372 0.000008 1.193025 0.000000 0.000000
    59 -0.000004 -13.013485 -0.000004 0.010936 -0.284121 -0.076426
    60 0.161133 -10.804688 0.023087 0.010936 -0.284121 -0.076426
  time 55
    0 -0.024506 -3.468750 -0.000151 -1.559900 -0.000006 -0.000006
    1 -12.828909 3.627270 4.744382 -0.997178 -0.209338 0.949674
    2 0.000000 14.313023 0.000003 -1.797016 0.000000 0.000000
    3 -0.000011 13.013483 -0.000005 -1.694565 -1.478169 1.709110
    4 8.652996 10.990791 8.510125 2.738609 0.356003 0.283774
    5 0.000000 -14.313034 0.000000 -1.902727 0.000000 0.000000
    6 -0.000004 -13.013485 -0.000004 0.272939 -0.901921 -0.437640
    7 -1.330879 -2.698427 0.462449 -0.194886 -0.547260 3.056712
    8 1.330910 2.698444 -0.462436 0.194890 0.547268 -0.084879
    9 1.113281 4.808594 -1.690430 -1.589811 0.272264 -0.038126
    10 1.340820 7.765625 -2.611328 1.638801 1.297889 -3.109116
    11 0.671387 7.765625 -3.669922 -1.589828 0.275075 -0.038182
    12 0.707031 8.593750 -3.654297 -1.589811 0.272264 -0.038126
    13 14.750000 -52.000000 -3.505859 -1.993925 0.093276 0.197065
    14 6.566406 8.648438 3.232422 -1.090396 0.577049 -0.321829
    15 7.558525 6.997282 -2.354134 -1.937336 -0.275393 3.010581
    16 7.558525 6.997282 -2.354134 1.937336 0.275393 -0.131011
    17 -2.867767 -2.740969 0.531125 2.051196 0.577049 -0.321829
    18 4.324081 2.744001 -0.524877 -1.090396 0.577049 -0.321829
    19 1.340820 7.765625 -2.611328 1.638801 1.297889 -3.109116
    20 0.669922 7.765625 -3.669922 -1.589828 0.275074 -0.038184
    21 6.233833 5.542564 0.898426 -1.090396 0.577049 -0.321829
    22 6.946648 6.587124 1.429667 -1.090396 0.577049 -0.321829
    23 7.537933 7.453606 1.870349 -1.090396 0.577049 -0.321829
    24 8.154472 8.357077 2.329839 -1.090396 0.577049 -0.321829
    25 8.874294 9.411907 2.866308 -1.090396 0.577049 -0.321829
    26 -4.125858 -2.321501 1.394414 2.051196 0.577049 -0.321829
    27 -4.826813 -3.348669 0.872014 2.051196 0.577049 -0.321829
    28 -5.441669 -4.249685 0.413772 2.051196 0.577049 -0.321829
    29 -0.552532 -1.343527 1.604446 -0.050490 -0.183910 -0.530210
    30 0.552589 1.343534 -1.604463 -0.512338 -0.038510 -0.263264
    31 0.000000 -2.021618 -0.000004 -0.203560 0.000000 0.000000
    32 -0.000021 2.021633 0.000027 0.093808 0.000000 0.000000
    33 -0.000004 -1.136217 -0.000004 -0.600480 0.000000 0.000000
    34 -0.000011 1.136200 -0.000019 0.867496 0.000000 0.000000
    35 -0.032677 -4.587727 1.352317 -2.558509 0.890418 -2.936114
    36 0.032719 4.587772 -1.352291 1.958251 1.338853 2.165948
    37 0.000000 -1.754536 -0.000002 1.092131 0.000000 0.000000
    38 -0.000006 1.754520 -0.000034 0.840049 0.000000 0.000000
    39 0.000000 -1.227020 -0.000002 -0.252428 0.000000 0.000000
    40 0.000002 1.227070 0.000032 -0.145381 0.000000 0.000000
    41 -0.367996 -4.208406 0.173244 2.977246 0.927109 2.319434
    42 0.368011 4.208412 -0.173239 3.365692 1.091688 2.536231
    43 0.000000 -2.372318 -0.000004 1.154585 0.000000 0.000000
    44 -0.000006 2.372318 -0.000032 1.959211 0.000000 0.000000
    45 0.000004 -1.580070 -0.000001 -0.329414 0.000000 0.000000
    46 -0.000002 1.580170 0.000030 0.602967 0.000000 0.000000
    47 -0.937645 -3.860697 -0.959317 -2.948054 0.798863 2.256892
    48 0.937672 3.860714 0.959333 3.206505 0.933892 2.482639
    49 0.000000 -1.690632 0.000000 1.148315 0.000000 0.000000
    50 -0.000013 1.690666 0.000021 1.811216 0.000000 0.000000
    51 -0.000002 -1.423443 0.000002 1.302406 0.000000 0.000000
    52 0.000008 1.423420 0.000028 0.816879 0.000000 0.000000
    53 -1.546646 -3.404194 -1.915569 -2.791978 0.765578 2.402160
    54 1.546661 3.404217 1.915585 3.276995 1.058286 2.840634
    55 0.000004 -1.437820 0.000000 1.542970 0.000000 0.000000
    56 -0.000021 1.437870 0.000031 1.483063 0.000000 0.000000
    57 -0.000002 -1.059402 0.000000 0.888082 0.000000 0.000000
    58 0.000006 1.059372 0.000008 1.193025 0.000000 0.000000
    59 -0.000004 -13.013485 -0.000004 0.010936 -0.284121 -0.076426
    60 0.161133 -10.804688 0.023087 0.010936 -0.284121 -0.076426
  time 56
    0 -0.024506 -3.468750 -0.000151 -1.559900 -0.000006 -0.000006
    1 -12.754688 4.357761 5.220959 -1.006024 -0.138568 0.986032
    2 0.000000 14.313023 0.000003 -1.776487 0.000000 0.000000
    3 -0.000011 13.013483 -0.000005 -0.711746 -1.410767 0.743650
    4 8.652996 10.990791 8.510125 2.738609 0.356003 0.283774
    5 0.000000 -14.313034 0.000000 -1.902727 0.000000 0.000000
    6 -0.000004 -13.013485 -0.000004 0.272939 -0.901921 -0.437640
    7 -1.330879 -2.698427 0.462449 -0.194886 -0.547260 3.056712
    8 1.330910 2.698444 -0.462436 0.194890 0.547268 -0.084879
    9 1.113281 4.808594 -1.690430 -1.589811 0.272264 -0.038126
    10 1.340820 7.765625 -2.611328 1.638801 1.297889 -3.109116
    11 0.671387 7.765625 -3.669922 -1.589828 0.275075 -0.038182
    12 0.707031 8.593750 -3.654297 -1.589811 0.272264 -0.038126
    13 14.750000 -52.000000 -3.505859 -1.993925 0.093276 0.197065
    14 6.566406 8.648438 3.232422 -1.090396 0.577049 -0.321829
    15 7.558525 6.997282 -2.354134 -1.937336 -0.275393 3.010581
    16 7.558525 6.997282 -2.354134 1.937336 0.275393 -0.131011
    17 -2.867767 -2.740969 0.531125 2.051196 0.577049 -0.321829
    18 4.324081 2.744001 -0.524877 -1.090396 0.577049 -0.321829
    19 1.340820 7.765625 -2.611328 1.638801 1.297889 -3.109116
    20 0.669922 7.765625 -3.669922 -1.589828 0.275074 -0.038184
    21 6.233833 5.542564 0.898426 -1.090396 0.577049 -0.321829
    22 6.946648 6.587124 1.429667 -1.090396 0.577049 -0.321829
    23 7.537933 7.453606 1.870349 -1.090396 0.577049 -0.321829
    24 8.154472 8.357077 2.329839 -1.090396 0.577049 -0.321829
    25 8.874294 9.411907 2.866308 -1.090396 0.577049 -0.321829
    26 -4.125858 -2.321501 1.394414 2.051196 0.577049 -0.321829
    27 -4.826813 -3.348669 0.872014 2.051196 0.577049 -0.321829
    28 -5.441669 -4.249685 0.413772 2.051196 0.577049 -0.321829
    29 -0.552532 -1.343527 1.604446 -0.050490 -0.183910 -0.530210
    30 0.552589 1.343534 -1.604463 -0.512338 -0.038510 -0.263264
    31 0.000000 -2.021618 -0.000004 -0.203560 0.000000 0.000000
    32 -0.000021 2.021633 0.000027 0.093808 0.000000 0.000000
    33 -0.000004 -1.136217 -0.000004 -0.600480 0.000000 0.000000
    34 -0.000011 1.136200 -0.000019 0.867496 0.000000 0.000000
    35 -0.032677 -4.587727 1.352317 -2.558509 0.890418 -2.936114
    36 0.032719 4.587772 -1.352291 1.709704 1.446706 2.121129
    37 0.000000 -1.754536 -0.000002 1.092131 0.000000 0.000000
    38 -0.000006 1.754520 -0.000034 1.061785 0.000000 0.000000
    39 0.000000 -1.227020 -0.000002 -0.252428 0.000000 0.000000
    40 0.000002 1.227070 0.000032 -0.016775 0.000000 0.000000
    41 -0.367996 -4.208406 0.173244 2.977246 0.927109 2.319434
    42 0.368011 4.208412 -0.173239 3.365692 1.091688 2.536231
    43 0.000000 -2.372318 -0.000004 1.154585 0.000000 0.000000
    44 -0.000006 2.372318 -0.000032 1.959211 0.000000 0.000000
    45 0.000004 -1.580070 -0.000001 -0.329414 0.000000 0.000000
    46 -0.000002 1.580170 0.000030 0.602967 0.000000 0.000000
    47 -0.937645 -3.860697 -0.959317 -2.948054 0.798863 2.256892
    48 0.937672 3.860714 0.959333 3.206505 0.933892 2.482639
    49 0.000000 -1.690632 0.000000 1.148315 0.000000 0.000000
    50 -0.000013 1.690666 0.000021 1.811216 0.000000 0.000000
    51 -0.000002 -1.423443 0.000002 1.302406 0.000000 0.000000
    52 0.000008 1.423420 0.000028 0.816879 0.000000 0.000000
    53 -1.546646 -3.404194 -1.915569 -2.791978 0.765578 2.402160
    54 1.546661 3.404217 1.915585 3.246168 1.029732 2.816385
    55 0.000004 -1.437820 0.000000 1.542970 0.000000 0.000000
    56 -0.000021 1.437870 0.000031 1.483063 0.000000 0.000000
    57 -0.000002 -1.059402 0.000000 0.888082 0.000000 0.000000
    58 0.000006 1.059372 0.000008 1.193025 0.000000 0.000000
    59 -0.000004 -13.013485 -0.000004 0.010936 -0.284121 -0.076426
    60 0.161133 -10.804688 0.023087 0.010936 -0.284121 -0.076426
  time 57
    0 -0.024506 -3.468750 -0.000151 -1.559900 -0.000006 -0.000006
    1 -12.660935 5.224975 5.791289 -1.012198 -0.061455 1.023306
    2 0.000000 14.313023 0.000003 -1.743555 0.000000 0.000000
    3 -0.000011 13.013483 -0.000005 -0.409524 -1.270964 0.457808
    4 8.652996 10.990791 8.510125 2.738609 0.356003 0.283774
    5 0.000000 -14.313034 0.000000 -1.902727 0.000000 0.000000
    6 -0.000004 -13.013485 -0.000004 0.272939 -0.901921 -0.437640
    7 -1.330879 -2.698427 0.462449 -0.194886 -0.547260 3.056712
    8 1.330910 2.698444 -0.462436 0.194890 0.547268 -0.084879
    9 1.113281 4.808594 -1.690430 -1.589811 0.272264 -0.038126
    10 1.340820 7.765625 -2.611328 1.638801 1.297889 -3.109116
    11 0.671387 7.765625 -3.669922 -1.589828 0.275075 -0.038182
    12 0.707031 8.593750 -3.654297 -1.589811 0.272264 -0.038126
    13 14.750000 -52.000000 -3.505859 -1.993925 0.093276 0.197065
    14 6.566406 8.648438 3.232422 -1.090396 0.577049 -0.321829
    15 7.558525 6.997282 -2.354134 -1.937336 -0.275393 3.010581
    16 7.558525 6.997282 -2.354134 1.937336 0.275393 -0.131011
    17 -2.867767 -2.740969 0.531125 2.051196 0.577049 -0.321829
    18 4.324081 2.744001 -0.524877 -1.090396 0.577049 -0.321829
    19 1.340820 7.765625 -2.611328 1.638801 1.297889 -3.109116
    20 0.669922 7.765625 -3.669922 -1.589828 0.275074 -0.038184
    21 6.233833 5.542564 0.898426 -1.090396 0.577049 -0.321829
    22 6.946648 6.587124 1.429667 -1.090396 0.577049 -0.321829
    23 7.537933 7.453606 1.870349 -1.090396 0.577049 -0.321829
    24 8.154472 8.357077 2.329839 -1.090396 0.577049 -0.321829
    25 8.874294 9.411907 2.866308 -1.090396 0.577049 -0.321829
    26 -4.125858 -2.321501 1.394414 2.051196 0.577049 -0.321829
    27 -4.826813 -3.348669 0.872014 2.051196 0.577049 -0.321829
    28 -5.441669 -4.249685 0.413772 2.051196 0.577049 -0.321829
    29 -0.552532 -1.343527 1.604446 -0.050490 -0.183910 -0.530210
    30 0.552589 1.343534 -1.604463 -0.512338 -0.038510 -0.263286
    31 0.000000 -2.021618 -0.000004 -0.203560 0.000000 0.000000
    32 -0.000021 2.021633 0.000027 0.093808 0.000000 0.000000
    33 -0.000004 -1.136217 -0.000004 -0.600480 0.000000 0.000000
    34 -0.000011 1.136200 -0.000019 0.867496 0.000000 0.000000
    35 -0.032677 -4.587727 1.352317 -2.558509 0.890418 -2.936114
    36 0.032719 4.587772 -1.352291 1.284665 1.531326 1.863666
    37 0.000000 -1.754536 -0.000002 1.092131 0.000000 0.000000
    38 -0.000006 1.754520 -0.000034 1.240208 0.000000 0.000000
    39 0.000000 -1.227020 -0.000002 -0.252428 0.000000 0.000000
    40 0.000002 1.227070 0.000032 0.086535 0.000000 0.000000
    41 -0.367996 -4.208406 0.173244 2.977246 0.927109 2.319434
    42 0.368011 4.208412 -0.173239 3.365692 1.091688 2.536231
    43 0.000000 -2.372318 -0.000004 1.154585 0.000000 0.000000
    44 -0.000006 2.372318 -0.000032 1.959211 0.000000 0.000000
    45 0.000004 -1.580070 -0.000001 -0.329414 0.000000 0.000000
    46 -0.000002 1.580170 0.000030 0.602967 0.000000 0.000000
    47 -0.937645 -3.860697 -0.959317 -2.948054 0.798863 2.256892
    48 0.937672 3.860714 0.959333 3.206505 0.933892 2.482639
    49 0.000000 -1.690632 0.000000 1.148315 0.000000 0.000000
    50 -0.000013 1.690666 0.000021 1.811216 0.000000 0.000000
    51 -0.000002 -1.423443 0.000002 1.302406 0.000000 0.000000
    52 0.000008 1.423420 0.000028 0.816879 0.000000 0.000000
    53 -1.546646 -3.404194 -1.915569 -2.791978 0.765578 2.402160
    54 1.546661 3.404217 1.915585 3.209805 0.993312 2.788608
    55 0.000004 -1.437820 0.000000 1.542970 0.000000 0.000000
    56 -0.000021 1.437870 0.000031 1.483063 0.000000 0.000000
    57 -0.000002 -1.059402 0.000000 0.888082 0.000000 0.000000
    58 0.000006 1.059372 0.000008 1.193025 0.000000 0.000000
    59 -0.000004 -13.013485 -0.000004 0.010936 -0.284121 -0.076426
    60 0.161133 -10.804688 0.023087 0.010936 -0.284121 -0.076426
  time 58
    0 -0.024506 -3.468750 -0.000151 -1.559900 -0.000006 -0.000006
    1 -12.563275 6.139066 6.392870 -1.012474 0.011223 1.055691
    2 0.000000 14.313023 0.000003 -1.700969 0.000000 0.000000
    3 -0.000011 13.013483 -0.000005 -0.265722 -1.112671 0.320063
    4 8.652996 10.990791 8.510125 2.738609 0.356003 0.283774
    5 0.000000 -14.313034 0.000000 -1.902727 0.000000 0.000000
    6 -0.000004 -13.013485 -0.000004 0.272939 -0.901921 -0.437640
    7 -1.330879 -2.698427 0.462449 -0.194886 -0.547260 3.056712
    8 1.330910 2.698444 -0.462436 0.194890 0.547268 -0.084879
    9 1.113281 4.808594 -1.690430 -1.589811 0.272264 -0.038126
    10 1.340820 7.765625 -2.611328 1.638801 1.297889 -3.109116
    11 0.671387 7.765625 -3.669922 -1.589828 0.275075 -0.038182
    12 0.707031 8.593750 -3.654297 -1.589811 0.272264 -0.038126
    13 14.750000 -52.000000 -3.505859 -1.993925 0.093276 0.197065
    14 6.566406 8.648438 3.232422 -1.090396 0.577049 -0.321829
    15 7.558525 6.997282 -2.354134 -1.937336 -0.275393 3.010581
    16 7.558525 6.997282 -2.354134 1.937336 0.275393 -0.131011
    17 -2.867767 -2.740969 0.531125 2.051196 0.577049 -0.321829
    18 4.324081 2.744001 -0.524877 -1.090396 0.577049 -0.321829
    19 1.340820 7.765625 -2.611328 1.638801 1.297889 -3.109116
    20 0.669922 7.765625 -3.669922 -1.589828 0.275074 -0.038184
    21 6.233833 5.542564 0.898426 -1.090396 0.577049 -0.321829
    22 6.946648 6.587124 1.429667 -1.090396 0.577049 -0.321829
    23 7.537933 7.453606 1.870349 -1.090396 0.577049 -0.321829
    24 8.154472 8.357077 2.329839 -1.090396 0.577049 -0.321829
    25 8.874294 9.411907 2.866308 -1.090396 0.577049 -0.321829
    26 -4.125858 -2.321501 1.394414 2.051196 0.577049 -0.321829
    27 -4.826813 -3.348669 0.872014 2.051196 0.577049 -0.321829
    28 -5.441669 -4.249685 0.413772 2.051196 0.577049 -0.321829
    29 -0.552532 -1.343527 1.604446 -0.050490 -0.183910 -0.530210
    30 0.552589 1.343534 -1.604463 -0.512338 -0.038510 -0.263264
    31 0.000000 -2.021618 -0.000004 -0.203560 0.000000 0.000000
    32 -0.000021 2.021633 0.000027 0.093808 0.000000 0.000000
    33 -0.000004 -1.136217 -0.000004 -0.600480 0.000000 0.000000
    34 -0.000011 1.136200 -0.000019 0.867496 0.000000 0.000000
    35 -0.032677 -4.587727 1.352317 -2.558509 0.890418 -2.936114
    36 0.032719 4.587772 -1.352291 1.212263 1.541347 1.802619
    37 0.000000 -1.754536 -0.000002 1.092131 0.000000 0.000000
    38 -0.000006 1.754520 -0.000034 1.261751 0.000000 0.000000
    39 0.000000 -1.227020 -0.000002 -0.252428 0.000000 0.000000
    40 0.000002 1.227070 0.000032 0.094257 0.000000 0.000000
    41 -0.367996 -4.208406 0.173244 2.977246 0.927109 2.319434
    42 0.368011 4.208412 -0.173239 3.365692 1.091688 2.536231
    43 0.000000 -2.372318 -0.000004 1.154585 0.000000 0.000000
    44 -0.000006 2.372318 -0.000032 1.959211 0.000000 0.000000
    45 0.000004 -1.580070 -0.000001 -0.329414 0.000000 0.000000
    46 -0.000002 1.580170 0.000030 0.602967 0.000000 0.000000
    47 -0.937645 -3.860697 -0.959317 -2.948054 0.798863 2.256892
    48 0.937672 3.860714 0.959333 3.206505 0.933892 2.482639
    49 0.000000 -1.690632 0.000000 1.148315 0.000000 0.000000
    50 -0.000013 1.690666 0.000021 1.811216 0.000000 0.000000
    51 -0.000002 -1.423443 0.000002 1.302406 0.000000 0.000000
    52 0.000008 1.423420 0.000028 0.816879 0.000000 0.000000
    53 -1.546646 -3.404194 -1.915569 -2.791978 0.765578 2.402160
    54 1.546661 3.404217 1.915585 3.171226 0.951129 2.760216
    55 0.000004 -1.437820 0.000000 1.542970 0.000000 0.000000
    56 -0.000021 1.437870 0.000031 1.483063 0.000000 0.000000
    57 -0.000002 -1.059402 0.000000 0.888082 0.000000 0.000000
    58 0.000006 1.059372 0.000008 1.193025 0.000000 0.000000
    59 -0.000004 -13.013485 -0.000004 0.010936 -0.284121 -0.076426
    60 0.161133 -10.804688 0.023087 0.010936 -0.284121 -0.076426
  time 59
    0 -0.024506 -3.468750 -0.000151 -1.559900 -0.000006 -0.000006
    1 -12.477335 7.002373 6.963200 -1.004734 0.071120 1.079828
    2 0.000000 14.313023 0.000003 -1.655024 0.000000 0.000000
    3 -0.000011 13.013483 -0.000005 -0.238395 -0.952822 0.296195
    4 8.652996 10.990791 8.510125 2.738609 0.356003 0.283774
    5 0.000000 -14.313034 0.000000 -1.902727 0.000000 0.000000
    6 -0.000004 -13.013485 -0.000004 0.272939 -0.901921 -0.437640
    7 -1.330879 -2.698427 0.462449 -0.194886 -0.547260 3.056712
    8 1.330910 2.698444 -0.462436 0.194890 0.547268 -0.084879
    9 1.113281 4.808594 -1.690430 -1.589811 0.272264 -0.038126
    10 1.340820 7.765625 -2.611328 1.638801 1.297889 -3.109116
    11 0.671387 7.765625 -3.669922 -1.589828 0.275075 -0.038182
    12 0.707031 8.593750 -3.654297 -1.589811 0.272264 -0.038126
    13 14.750000 -52.000000 -3.505859 -1.993925 0.093276 0.197065
    14 6.566406 8.648438 3.232422 -1.090396 0.577049 -0.321829
    15 7.558525 6.997282 -2.354134 -1.937336 -0.275393 3.010581
    16 7.558525 6.997282 -2.354134 1.937336 0.275393 -0.131011
    17 -2.867767 -2.740969 0.531125 2.051196 0.577049 -0.321829
    18 4.324081 2.744001 -0.524877 -1.090396 0.577049 -0.321829
    19 1.340820 7.765625 -2.611328 1.638801 1.297889 -3.109116
    20 0.669922 7.765625 -3.669922 -1.589828 0.275074 -0.038184
    21 6.233833 5.542564 0.898426 -1.090396 0.577049 -0.321829
    22 6.946648 6.587124 1.429667 -1.090396 0.577049 -0.321829
    23 7.537933 7.453606 1.870349 -1.090396 0.577049 -0.321829
    24 8.154472 8.357077 2.329839 -1.090396 0.577049 -0.321829
    25 8.874294 9.411907 2.866308 -1.090396 0.577049 -0.321829
    26 -4.125858 -2.321501 1.394414 2.051196 0.577049 -0.321829
    27 -4.826813 -3.348669 0.872014 2.051196 0.577049 -0.321829
    28 -5.441669 -4.249685 0.413772 2.051196 0.577049 -0.321829
    29 -0.552532 -1.343527 1.604446 -0.050490 -0.183910 -0.530210
    30 0.552589 1.343534 -1.604463 -0.512338 -0.038510 -0.263264
    31 0.000000 -2.021618 -0.000004 -0.203560 0.000000 0.000000
    32 -0.000021 2.021633 0.000027 0.093808 0.000000 0.000000
    33 -0.000004 -1.136217 -0.000004 -0.600480 0.000000 0.000000
    34 -0.000011 1.136200 -0.000019 0.867496 0.000000 0.000000
    35 -0.032677 -4.587727 1.352317 -2.558509 0.890418 -2.936114
    36 0.032719 4.587772 -1.352291 1.795823 1.520044 2.284783
    37 0.000000 -1.754536 -0.000002 1.092131 0.000000 0.000000
    38 -0.000006 1.754520 -0.000034 1.213857 0.000000 0.000000
    39 0.000000 -1.227020 -0.000002 -0.252428 0.000000 0.000000
    40 0.000002 1.227070 0.000032 0.044798 0.000000 0.000000
    41 -0.367996 -4.208406 0.173244 2.977246 0.927109 2.319434
    42 0.368011 4.208412 -0.173239 3.365692 1.091688 2.536231
    43 0.000000 -2.372318 -0.000004 1.154585 0.000000 0.000000
    44 -0.000006 2.372318 -0.000032 1.959211 0.000000 0.000000
    45 0.000004 -1.580070 -0.000001 -0.329414 0.000000 0.000000
    46 -0.000002 1.580170 0.000030 0.602967 0.000000 0.000000
    47 -0.937645 -3.860697 -0.959317 -2.948054 0.798863 2.256892
    48 0.937672 3.860714 0.959333 3.206505 0.933892 2.482639
    49 0.000000 -1.690632 0.000000 1.148315 0.000000 0.000000
    50 -0.000013 1.690666 0.000021 1.811216 0.000000 0.000000
    51 -0.000002 -1.423443 0.000002 1.302406 0.000000 0.000000
    52 0.000008 1.423420 0.000028 0.816879 0.000000 0.000000
    53 -1.546646 -3.404194 -1.915569 -2.791978 0.765578 2.402160
    54 1.546661 3.404217 1.915585 3.133200 0.905950 2.733589
    55 0.000004 -1.437820 0.000000 1.542970 0.000000 0.000000
    56 -0.000021 1.437870 0.000031 1.483063 0.000000 0.000000
    57 -0.000002 -1.059402 0.000000 0.888082 0.000000 0.000000
    58 0.000006 1.059372 0.000008 1.193025 0.000000 0.000000
    59 -0.000004 -13.013485 -0.000004 0.010936 -0.284121 -0.076426
    60 0.161133 -10.804688 0.023087 0.010936 -0.284121 -0.076426
  time 60
    0 -0.024506 -3.468750 -0.000151 -1.559900 -0.000006 -0.000006
    1 -12.399208 7.725051 7.439777 -0.986397 0.114136 1.095486
    2 0.000000 14.313023 0.000003 -1.613538 0.000000 0.000000
    3 -0.000011 13.013483 -0.000005 -0.241548 -0.801227 0.306259
    4 8.652996 10.990791 8.510125 2.738609 0.356003 0.283774
    5 0.000000 -14.313034 0.000000 -1.902727 0.000000 0.000000
    6 -0.000004 -13.013485 -0.000004 0.272939 -0.901921 -0.437640
    7 -1.330879 -2.698427 0.462449 -0.194886 -0.547260 3.056712
    8 1.330910 2.698444 -0.462436 0.194890 0.547268 -0.084879
    9 1.113281 4.808594 -1.690430 -1.589811 0.272264 -0.038126
    10 1.340820 7.765625 -2.611328 1.638801 1.297889 -3.109116
    11 0.671387 7.765625 -3.669922 -1.589828 0.275075 -0.038182
    12 0.707031 8.593750 -3.654297 -1.589811 0.272264 -0.038126
    13 14.750000 -52.000000 -3.505859 -1.993925 0.093276 0.197065
    14 6.566406 8.648438 3.232422 -1.090396 0.577049 -0.321829
    15 7.558525 6.997282 -2.354134 -1.937336 -0.275393 3.010581
    16 7.558525 6.997282 -2.354134 1.937336 0.275393 -0.131011
    17 -2.867767 -2.740969 0.531125 2.051196 0.577049 -0.321829
    18 4.324081 2.744001 -0.524877 -1.090396 0.577049 -0.321829
    19 1.340820 7.765625 -2.611328 1.638801 1.297889 -3.109116
    20 0.669922 7.765625 -3.669922 -1.589828 0.275074 -0.038184
    21 6.233833 5.542564 0.898426 -1.090396 0.577049 -0.321829
    22 6.946648 6.587124 1.429667 -1.090396 0.577049 -0.321829
    23 7.537933 7.453606 1.870349 -1.090396 0.577049 -0.321829
    24 8.154472 8.357077 2.329839 -1.090396 0.577049 -0.321829
    25 8.874294 9.411907 2.866308 -1.090396 0.577049 -0.321829
    26 -4.125858 -2.321501 1.394414 2.051196 0.577049 -0.321829
    27 -4.826813 -3.348669 0.872014 2.051196 0.577049 -0.321829
    28 -5.441669 -4.249685 0.413772 2.051196 0.577049 -0.321829
    29 -0.552532 -1.343527 1.604446 -0.050490 -0.183910 -0.530210
    30 0.552589 1.343534 -1.604463 -0.515814 -0.038510 -0.263286
    31 0.000000 -2.021618 -0.000004 -0.203560 0.000000 0.000000
    32 -0.000021 2.021633 0.000027 0.093808 0.000000 0.000000
    33 -0.000004 -1.136217 -0.000004 -0.600480 0.000000 0.000000
    34 -0.000011 1.136200 -0.000019 0.867496 0.000000 0.000000
    35 -0.032677 -4.587727 1.352317 -2.558509 0.890418 -2.936114
    36 0.032719 4.587772 -1.352291 2.205669 1.475321 2.529581
    37 0.000000 -1.754536 -0.000002 1.092131 0.000000 0.000000
    38 -0.000006 1.754520 -0.000034 1.121335 0.000000 0.000000
    39 0.000000 -1.227020 -0.000002 -0.252428 0.000000 0.000000
    40 0.000002 1.227070 0.000032 -0.016110 0.000000 0.000000
    41 -0.367996 -4.208406 0.173244 2.977246 0.927109 2.319434
    42 0.368011 4.208412 -0.173239 3.365692 1.091688 2.536231
    43 0.000000 -2.372318 -0.000004 1.154585 0.000000 0.000000
    44 -0.000006 2.372318 -0.000032 1.959211 0.000000 0.000000
    45 0.000004 -1.580070 -0.000001 -0.329414 0.000000 0.000000
    46 -0.000002 1.580170 0.000030 0.602967 0.000000 0.000000
    47 -0.937645 -3.860697 -0.959317 -2.948054 0.798863 2.256892
    48 0.937672 3.860714 0.959333 3.206505 0.933892 2.482639
    49 0.000000 -1.690632 0.000000 1.148315 0.000000 0.000000
    50 -0.000013 1.690666 0.000021 1.811216 0.000000 0.000000
    51 -0.000002 -1.423443 0.000002 1.302406 0.000000 0.000000
    52 0.000008 1.423420 0.000028 0.816879 0.000000 0.000000
    53 -1.546646 -3.404194 -1.915569 -2.791978 0.765578 2.402160
    54 1.546661 3.404217 1.915585 3.097113 0.859647 2.709571
    55 0.000004 -1.437820 0.000000 1.542970 0.000000 0.000000
    56 -0.000021 1.437870 0.000031 1.483063 0.000000 0.000000
    57 -0.000002 -1.059402 0.000000 0.888082 0.000000 0.000000
    58 0.000006 1.059372 0.000008 1.193025 0.000000 0.000000
    59 -0.000004 -13.013485 -0.000004 0.010936 -0.284121 -0.076426
    60 0.161133 -10.804688 0.023087 0.010936 -0.284121 -0.076426
  time 61
    0 -0.024506 -3.468750 -0.000151 -1.559900 -0.000006 -0.000006
    1 -12.344519 8.225067 7.767912 -0.960319 0.130111 1.101520
    2 0.000000 14.313023 0.000003 -1.584516 0.000000 0.000000
    3 -0.000011 13.013483 -0.000005 -0.234669 -0.670008 0.313449
    4 8.652996 10.990791 8.510125 2.738609 0.356003 0.283774
    5 0.000000 -14.313034 0.000000 -1.902727 0.000000 0.000000
    6 -0.000004 -13.013485 -0.000004 0.272939 -0.901921 -0.437640
    7 -1.330879 -2.698427 0.462449 -0.194886 -0.547260 3.056712
    8 1.330910 2.698444 -0.462436 0.194890 0.547268 -0.084879
    9 1.113281 4.808594 -1.690430 -1.589811 0.272264 -0.038126
    10 1.340820 7.765625 -2.611328 1.638801 1.297889 -3.109116
    11 0.671387 7.765625 -3.669922 -1.589828 0.275075 -0.038182
    12 0.707031 8.593750 -3.654297 -1.589811 0.272264 -0.038126
    13 14.750000 -52.000000 -3.505859 -1.993925 0.093276 0.197065
    14 6.566406 8.648438 3.232422 -1.090396 0.577049 -0.321829
    15 7.558525 6.997282 -2.354134 -1.937336 -0.275393 3.010581
    16 7.558525 6.997282 -2.354134 1.937336 0.275393 -0.131011
    17 -2.867767 -2.740969 0.531125 2.051196 0.577049 -0.321829
    18 4.324081 2.744001 -0.524877 -1.090396 0.577049 -0.321829
    19 1.340820 7.765625 -2.611328 1.638801 1.297889 -3.109116
    20 0.669922 7.765625 -3.669922 -1.589828 0.275074 -0.038184
    21 6.233833 5.542564 0.898426 -1.090396 0.577049 -0.321829
    22 6.946648 6.587124 1.429667 -1.090396 0.577049 -0.321829
    23 7.537933 7.453606 1.870349 -1.090396 0.577049 -0.321829
    24 8.154472 8.357077 2.329839 -1.090396 0.577049 -0.321829
    25 8.874294 9.411907 2.866308 -1.090396 0.577049 -0.321829
    26 -4.125858 -2.321501 1.394414 2.051196 0.577049 -0.321829
    27 -4.826813 -3.348669 0.872014 2.051196 0.577049 -0.321829
    28 -5.441669 -4.249685 0.413772 2.051196 0.577049 -0.321829
    29 -0.552532 -1.343527 1.604446 -0.050490 -0.183910 -0.530210
    30 0.552589 1.343534 -1.604463 -0.530761 -0.038510 -0.263286
    31 0.000000 -2.021618 -0.000004 -0.203560 0.000000 0.000000
    32 -0.000021 2.021633 0.000027 0.093808 0.000000 0.000000
    33 -0.000004 -1.136217 -0.000004 -0.600480 0.000000 0.000000
    34 -0.000011 1.136200 -0.000019 0.867496 0.000000 0.000000
    35 -0.032677 -4.587727 1.352317 -2.558509 0.890418 -2.936114
    36 0.032719 4.587772 -1.352291 2.493890 1.417497 2.627940
    37 0.000000 -1.754536 -0.000002 1.092131 0.000000 0.000000
    38 -0.000006 1.754520 -0.000034 0.986452 0.000000 0.000000
    39 0.000000 -1.227020 -0.000002 -0.252428 0.000000 0.000000
    40 0.000002 1.227070 0.000032 -0.047862 0.000000 0.000000
    41 -0.367996 -4.208406 0.173244 2.977246 0.927109 2.319434
    42 0.368011 4.208412 -0.173239 3.365692 1.091688 2.536231
    43 0.000000 -2.372318 -0.000004 1.154585 0.000000 0.000000
    44 -0.000006 2.372318 -0.000032 1.959211 0.000000 0.000000
    45 0.000004 -1.580070 -0.000001 -0.329414 0.000000 0.000000
    46 -0.000002 1.580170 0.000030 0.602967 0.000000 0.000000
    47 -0.937645 -3.860697 -0.959317 -2.948054 0.798863 2.256892
    48 0.937672 3.860714 0.959333 3.206505 0.933892 2.482639
    49 0.000000 -1.690632 0.000000 1.148315 0.000000 0.000000
    50 -0.000013 1.690666 0.000021 1.811216 0.000000 0.000000
    51 -0.000002 -1.423443 0.000002 1.302406 0.000000 0.000000
    52 0.000008 1.423420 0.000028 0.816879 0.000000 0.000000
    53 -1.546646 -3.404194 -1.915569 -2.791978 0.765578 2.402160
    54 1.546661 3.404217 1.915585 3.064257 0.814640 2.688776
    55 0.000004 -1.437820 0.000000 1.542970 0.000000 0.000000
    56 -0.000021 1.437870 0.000031 1.483063 0.000000 0.000000
    57 -0.000002 -1.059402 0.000000 0.888082 0.000000 0.000000
    58 0.000006 1.059372 0.000008 1.193025 0.000000 0.000000
    59 -0.000004 -13.013485 -0.000004 0.010936 -0.284121 -0.076426
    60 0.161133 -10.804688 0.023087 0.010936 -0.284121 -0.076426
  time 62
    0 -0.024506 -3.468750 -0.000151 -1.559900 -0.000006 -0.000006
    1 -12.324987 8.396947 7.885103 -0.927331 0.115280 1.098388
    2 0.000000 14.313023 0.000003 -1.575779 0.000000 0.000000
    3 -0.000011 13.013483 -0.000005 -0.213170 -0.565486 0.321980
    4 8.652996 10.990791 8.510125 2.738609 0.356003 0.283774
    5 0.000000 -14.313034 0.000000 -1.902727 0.000000 0.000000
    6 -0.000004 -13.013485 -0.000004 0.272939 -0.901921 -0.437640
    7 -1.330879 -2.698427 0.462449 -0.194886 -0.547260 3.056712
    8 1.330910 2.698444 -0.462436 0.194890 0.547268 -0.084879
    9 1.113281 4.808594 -1.690430 -1.589811 0.272264 -0.038126
    10 1.340820 7.765625 -2.611328 1.638801 1.297889 -3.109116
    11 0.671387 7.765625 -3.669922 -1.589828 0.275075 -0.038182
    12 0.707031 8.593750 -3.654297 -1.589811 0.272264 -0.038126
    13 14.750000 -52.000000 -3.505859 -1.993925 0.093276 0.197065
    14 6.566406 8.648438 3.232422 -1.090396 0.577049 -0.321829
    15 7.558525 6.997282 -2.354134 -1.937336 -0.275393 3.010581
    16 7.558525 6.997282 -2.354134 1.937336 0.275393 -0.131011
    17 -2.867767 -2.740969 0.531125 2.051196 0.577049 -0.321829
    18 4.324081 2.744001 -0.524877 -1.090396 0.577049 -0.321829
    19 1.340820 7.765625 -2.611328 1.638801 1.297889 -3.109116
    20 0.669922 7.765625 -3.669922 -1.589828 0.275074 -0.038184
    21 6.233833 5.542564 0.898426 -1.090396 0.577049 -0.321829
    22 6.946648 6.587124 1.429667 -1.090396 0.577049 -0.321829
    23 7.537933 7.453606 1.870349 -1.090396 0.577049 -0.321829
    24 8.154472 8.357077 2.329839 -1.090396 0.577049 -0.321829
    25 8.874294 9.411907 2.866308 -1.090396 0.577049 -0.321829
    26 -4.125858 -2.321501 1.394414 2.051196 0.577049 -0.321829
    27 -4.826813 -3.348669 0.872014 2.051196 0.577049 -0.321829
    28 -5.441669 -4.249685 0.413772 2.051196 0.577049 -0.321829
    29 -0.552532 -1.343527 1.604446 -0.050490 -0.183910 -0.530210
    30 0.552589 1.343534 -1.604463 -0.555011 -0.038510 -0.263286
    31 0.000000 -2.021618 -0.000004 -0.203560 0.000000 0.000000
    32 -0.000021 2.021633 0.000027 0.093808 0.000000 0.000000
    33 -0.000004 -1.136217 -0.000004 -0.600480 0.000000 0.000000
    34 -0.000011 1.136200 -0.000019 0.867496 0.000000 0.000000
    35 -0.032677 -4.587727 1.352317 -2.558509 0.890418 -2.936114
    36 0.032719 4.587772 -1.352291 2.712312 1.357076 2.672077
    37 0.000000 -1.754536 -0.000002 1.092131 0.000000 0.000000
    38 -0.000006 1.754520 -0.000034 0.724351 0.000000 0.000000
    39 0.000000 -1.227020 -0.000002 -0.252428 0.000000 0.000000
    40 0.000002 1.227070 0.000032 0.125144 0.000000 0.000000
    41 -0.367996 -4.208406 0.173244 2.977246 0.927109 2.319434
    42 0.368011 4.208412 -0.173239 3.365692 1.091688 2.536231
    43 0.000000 -2.372318 -0.000004 1.154585 0.000000 0.000000
    44 -0.000006 2.372318 -0.000032 1.959211 0.000000 0.000000
    45 0.000004 -1.580070 -0.000001 -0.329414 0.000000 0.000000
    46 -0.000002 1.580170 0.000030 0.602967 0.000000 0.000000
    47 -0.937645 -3.860697 -0.959317 -2.948054 0.798863 2.256892
    48 0.937672 3.860714 0.959333 3.206505 0.933892 2.482639
    49 0.000000 -1.690632 0.000000 1.148315 0.000000 0.000000
    50 -0.000013 1.690666 0.000021 1.811216 0.000000 0.000000
    51 -0.000002 -1.423443 0.000002 1.302406 0.000000 0.000000
    52 0.000008 1.423420 0.000028 0.816879 0.000000 0.000000
    53 -1.546646 -3.404194 -1.915569 -2.791978 0.765578 2.402160
    54 1.546661 3.404217 1.915585 3.035830 0.773812 2.671894
    55 0.000004 -1.437820 0.000000 1.542970 0.000000 0.000000
    56 -0.000021 1.437870 0.000031 1.483063 0.000000 0.000000
    57 -0.000002 -1.059402 0.000000 0.888082 0.000000 0.000000
    58 0.000006 1.059372 0.000008 1.193025 0.000000 0.000000
    59 -0.000004 -13.013485 -0.000004 0.010936 -0.284121 -0.076426
    60 0.161133 -10.804688 0.023087 0.010936 -0.284121 -0.076426
  time 63
    0 -0.024506 -3.468750 -0.000151 -1.559900 -0.000006 -0.000006
    1 -12.344519 8.326632 7.795257 -0.893145 0.080324 1.086244
    2 0.000000 14.313023 0.000003 -1.567042 0.000000 0.000000
    3 -0.000011 13.013483 -0.000005 -0.190238 -0.473699 0.337413
    4 8.652996 10.990791 8.510125 2.738609 0.356003 0.283774
    5 0.000000 -14.313034 0.000000 -1.902727 0.000000 0.000000
    6 -0.000004 -13.013485 -0.000004 0.272939 -0.901921 -0.437640
    7 -1.330879 -2.698427 0.462449 -0.194886 -0.547260 3.056712
    8 1.330910 2.698444 -0.462436 0.194890 0.547268 -0.084879
    9 1.113281 4.808594 -1.690430 -1.589811 0.272264 -0.038126
    10 1.340820 7.765625 -2.611328 1.638801 1.297889 -3.109116
    11 0.671387 7.765625 -3.669922 -1.589828 0.275075 -0.038182
    12 0.707031 8.593750 -3.654297 -1.589811 0.272264 -0.038126
    13 14.750000 -52.000000 -3.505859 -1.993925 0.093276 0.197065
    14 6.566406 8.648438 3.232422 -1.090396 0.577049 -0.321829
    15 7.558525 6.997282 -2.354134 -1.937336 -0.275393 3.010581
    16 7.558525 6.997282 -2.354134 1.937336 0.275393 -0.131011
    17 -2.867767 -2.740969 0.531125 2.051196 0.577049 -0.321829
    18 4.324081 2.744001 -0.524877 -1.090396 0.577049 -0.321829
    19 1.340820 7.765625 -2.611328 1.638801 1.297889 -3.109116
    20 0.669922 7.765625 -3.669922 -1.589828 0.275074 -0.038184
    21 6.233833 5.542564 0.898426 -1.090396 0.577049 -0.321829
    22 6.946648 6.587124 1.429667 -1.090396 0.577049 -0.321829
    23 7.537933 7.453606 1.870349 -1.090396 0.577049 -0.321829
    24 8.154472 8.357077 2.329839 -1.090396 0.577049 -0.321829
    25 8.874294 9.411907 2.866308 -1.090396 0.577049 -0.321829
    26 -4.125858 -2.321501 1.394414 2.051196 0.577049 -0.321829
    27 -4.826813 -3.348669 0.872014 2.051196 0.577049 -0.321829
    28 -5.441669 -4.249685 0.413772 2.051196 0.577049 -0.321829
    29 -0.552532 -1.343527 1.604446 -0.050490 -0.183910 -0.530210
    30 0.552589 1.343534 -1.604463 -0.586213 -0.038510 -0.263286
    31 0.000000 -2.021618 -0.000004 -0.203560 0.000000 0.000000
    32 -0.000021 2.021633 0.000027 0.093808 0.000000 0.000000
    33 -0.000004 -1.136217 -0.000004 -0.600480 0.000000 0.000000
    34 -0.000011 1.136200 -0.000019 0.867496 0.000000 0.000000
    35 -0.032677 -4.587727 1.352317 -2.558509 0.890418 -2.936114
    36 0.032719 4.587772 -1.352291 2.854860 1.302555 2.693311
    37 0.000000 -1.754536 -0.000002 1.092131 0.000000 0.000000
    38 -0.000006 1.754520 -0.000034 0.397665 0.000000 0.000000
    39 0.000000 -1.227020 -0.000002 -0.252428 0.000000 0.000000
    40 0.000002 1.227070 0.000032 0.500510 0.000000 0.000000
    41 -0.367996 -4.208406 0.173244 2.977246 0.927109 2.319434
    42 0.368011 4.208412 -0.173239 3.365692 1.091688 2.536231
    43 0.000000 -2.372318 -0.000004 1.154585 0.000000 0.000000
    44 -0.000006 2.372318 -0.000032 1.959211 0.000000 0.000000
    45 0.000004 -1.580070 -0.000001 -0.329414 0.000000 0.000000
    46 -0.000002 1.580170 0.000030 0.602967 0.000000 0.000000
    47 -0.937645 -3.860697 -0.959317 -2.948054 0.798863 2.256892
    48 0.937672 3.860714 0.959333 3.206505 0.933892 2.482639
    49 0.000000 -1.690632 0.000000 1.148315 0.000000 0.000000
    50 -0.000013 1.690666 0.000021 1.811216 0.000000 0.000000
    51 -0.000002 -1.423443 0.000002 1.302406 0.000000 0.000000
    52 0.000008 1.423420 0.000028 0.816879 0.000000 0.000000
    53 -1.546646 -3.404194 -1.915569 -2.791978 0.765578 2.402160
    54 1.546661 3.404217 1.915585 3.012849 0.739236 2.658773
    55 0.000004 -1.437820 0.000000 1.542970 0.000000 0.000000
    56 -0.000021 1.437870 0.000031 1.483063 0.000000 0.000000
    57 -0.000002 -1.059402 0.000000 0.888082 0.000000 0.000000
    58 0.000006 1.059372 0.000008 1.193025 0.000000 0.000000
    59 -0.000004 -13.013485 -0.000004 0.010936 -0.284121 -0.076426
    60 0.161133 -10.804688 0.023087 0.010936 -0.284121 -0.076426
  time 64
    0 -0.024506 -3.468750 -0.000151 -1.559900 -0.000006 -0.000006
    1 -12.387489 8.131314 7.560875 -0.870016 0.036689 1.064781
    2 0.000000 14.313023 0.000003 -1.538510 0.000000 0.000000
    3 -0.000011 13.013483 -0.000005 -0.167593 -0.383987 0.354092
    4 8.652996 10.990791 8.510125 2.738609 0.356003 0.283774
    5 0.000000 -14.313034 0.000000 -1.902727 0.000000 0.000000
    6 -0.000004 -13.013485 -0.000004 0.272939 -0.901921 -0.437640
    7 -1.330879 -2.698427 0.462449 -0.194886 -0.547260 3.056712
    8 1.330910 2.698444 -0.462436 0.194890 0.547268 -0.084879
    9 1.113281 4.808594 -1.690430 -1.589811 0.272264 -0.038126
    10 1.340820 7.765625 -2.611328 1.638801 1.297889 -3.109116
    11 0.671387 7.765625 -3.669922 -1.589828 0.275075 -0.038182
    12 0.707031 8.593750 -3.654297 -1.589811 0.272264 -0.038126
    13 14.750000 -52.000000 -3.505859 -1.993925 0.093276 0.197065
    14 6.566406 8.648438 3.232422 -1.090396 0.577049 -0.321829
    15 7.558525 6.997282 -2.354134 -1.937336 -0.275393 3.010581
    16 7.558525 6.997282 -2.354134 1.937336 0.275393 -0.131011
    17 -2.867767 -2.740969 0.531125 2.051196 0.577049 -0.321829
    18 4.324081 2.744001 -0.524877 -1.090396 0.577049 -0.321829
    19 1.340820 7.765625 -2.611328 1.638801 1.297889 -3.109116
    20 0.669922 7.765625 -3.669922 -1.589828 0.275074 -0.038184
    21 6.233833 5.542564 0.898426 -1.090396 0.577049 -0.321829
    22 6.946648 6.587124 1.429667 -1.090396 0.577049 -0.321829
    23 7.537933 7.453606 1.870349 -1.090396 0.577049 -0.321829
    24 8.154472 8.357077 2.329839 -1.090396 0.577049 -0.321829
    25 8.874294 9.411907 2.866308 -1.090396 0.577049 -0.321829
    26 -4.125858 -2.321501 1.394414 2.051196 0.577049 -0.321829
    27 -4.826813 -3.348669 0.872014 2.051196 0.577049 -0.321829
    28 -5.441669 -4.249685 0.413772 2.051196 0.577049 -0.321829
    29 -0.552532 -1.343527 1.604446 -0.050490 -0.183910 -0.530210
    30 0.552589 1.343534 -1.604463 -0.621752 -0.038510 -0.263286
    31 0.000000 -2.021618 -0.000004 -0.203560 0.000000 0.000000
    32 -0.000021 2.021633 0.000027 0.093808 0.000000 0.000000
    33 -0.000004 -1.136217 -0.000004 -0.600480 0.000000 0.000000
    34 -0.000011 1.136200 -0.000019 0.867496 0.000000 0.000000
    35 -0.032677 -4.587727 1.352317 -2.558509 0.890418 -2.936114
    36 0.032719 4.587772 -1.352291 2.892103 1.262620 2.699378
    37 0.000000 -1.754536 -0.000002 1.092131 0.000000 0.000000
    38 -0.000006 1.754520 -0.000034 0.286865 0.000000 0.000000
    39 0.000000 -1.227020 -0.000002 -0.252428 0.000000 0.000000
    40 0.000002 1.227070 0.000032 0.768372 0.000000 0.000000
    41 -0.367996 -4.208406 0.173244 2.977246 0.927109 2.319434
    42 0.368011 4.208412 -0.173239 3.365692 1.091688 2.536231
    43 0.000000 -2.372318 -0.000004 1.154585 0.000000 0.000000
    44 -0.000006 2.372318 -0.000032 1.959211 0.000000 0.000000
    45 0.000004 -1.580070 -0.000001 -0.329414 0.000000 0.000000
    46 -0.000002 1.580170 0.000030 0.602967 0.000000 0.000000
    47 -0.937645 -3.860697 -0.959317 -2.948054 0.798863 2.256892
    48 0.937672 3.860714 0.959333 3.206505 0.933892 2.482639
    49 0.000000 -1.690632 0.000000 1.148315 0.000000 0.000000
    50 -0.000013 1.690666 0.000021 1.811216 0.000000 0.000000
    51 -0.000002 -1.423443 0.000002 1.302406 0.000000 0.000000
    52 0.000008 1.423420 0.000028 0.816879 0.000000 0.000000
    53 -1.546646 -3.404194 -1.915569 -2.791978 0.765578 2.402160
    54 1.546661 3.404217 1.915585 2.996144 0.713476 2.649718
    55 0.000004 -1.437820 0.000000 1.542970 0.000000 0.000000
    56 -0.000021 1.437870 0.000031 1.483063 0.000000 0.000000
    57 -0.000002 -1.059402 0.000000 0.888082 0.000000 0.000000
    58 0.000006 1.059372 0.000008 1.193025 0.000000 0.000000
    59 -0.000004 -13.013485 -0.000004 0.010936 -0.284121 -0.076426
    60 0.161133 -10.804688 0.023087 0.010936 -0.284121 -0.076426
  time 65
    0 -0.024506 -3.468750 -0.000151 -1.559900 -0.000006 -0.000006
    1 -12.449991 7.853962 7.228833 -0.861538 -0.008711 1.034916
    2 0.000000 14.313023 0.000003 -1.491708 0.000000 0.000000
    3 -0.000011 13.013483 -0.000005 -0.134438 -0.295030 0.364732
    4 8.652996 10.990791 8.510125 2.738609 0.356003 0.283774
    5 0.000000 -14.313034 0.000000 -1.902727 0.000000 0.000000
    6 -0.000004 -13.013485 -0.000004 0.272939 -0.901921 -0.437640
    7 -1.330879 -2.698427 0.462449 -0.194886 -0.547260 3.056712
    8 1.330910 2.698444 -0.462436 0.194890 0.547268 -0.084879
    9 1.113281 4.808594 -1.690430 -1.589811 0.272264 -0.038126
    10 1.340820 7.765625 -2.611328 1.638801 1.297889 -3.109116
    11 0.671387 7.765625 -3.669922 -1.589828 0.275075 -0.038182
    12 0.707031 8.593750 -3.654297 -1.589811 0.272264 -0.038126
    13 14.750000 -52.000000 -3.505859 -1.993925 0.093276 0.197065
    14 6.566406 8.648438 3.232422 -1.090396 0.577049 -0.321829
    15 7.558525 6.997282 -2.354134 -1.937336 -0.275393 3.010581
    16 7.558525 6.997282 -2.354134 1.937336 0.275393 -0.131011
    17 -2.867767 -2.740969 0.531125 2.051196 0.577049 -0.321829
    18 4.324081 2.744001 -0.524877 -1.090396 0.577049 -0.321829
    19 1.340820 7.765625 -2.611328 1.638801 1.297889 -3.109116
    20 0.669922 7.765625 -3.669922 -1.589828 0.275074 -0.038184
    21 6.233833 5.542564 0.898426 -1.090396 0.577049 -0.321829
    22 6.946648 6.587124 1.429667 -1.090396 0.577049 -0.321829
    23 7.537933 7.453606 1.870349 -1.090396 0.577049 -0.321829
    24 8.154472 8.357077 2.329839 -1.090396 0.577049 -0.321829
    25 8.874294 9.411907 2.866308 -1.090396 0.577049 -0.321829
    26 -4.125858 -2.321501 1.394414 2.051196 0.577049 -0.321829
    27 -4.826813 -3.348669 0.872014 2.051196 0.577049 -0.321829
    28 -5.441669 -4.249685 0.413772 2.051196 0.577049 -0.321829
    29 -0.552532 -1.343527 1.604446 -0.050490 -0.183910 -0.530210
    30 0.552589 1.343534 -1.604463 -0.658702 -0.038510 -0.263286
    31 0.000000 -2.021618 -0.000004 -0.203560 0.000000 0.000000
    32 -0.000021 2.021633 0.000027 0.093808 0.000000 0.000000
    33 -0.000004 -1.136217 -0.000004 -0.600480 0.000000 0.000000
    34 -0.000011 1.136200 -0.000019 0.867496 0.000000 0.000000
    35 -0.032677 -4.587727 1.352317 -2.558509 0.890418 -2.936114
    36 0.032719 4.587772 -1.352291 2.823434 1.238496 2.658957
    37 0.000000 -1.754536 -0.000002 1.092131 0.000000 0.000000
    38 -0.000006 1.754520 -0.000034 0.287954 0.000000 0.000000
    39 0.000000 -1.227020 -0.000002 -0.252428 0.000000 0.000000
    40 0.000002 1.227070 0.000032 0.931192 0.000000 0.000000
    41 -0.367996 -4.208406 0.173244 2.977246 0.927109 2.319434
    42 0.368011 4.208412 -0.173239 3.365692 1.091688 2.536231
    43 0.000000 -2.372318 -0.000004 1.154585 0.000000 0.000000
    44 -0.000006 2.372318 -0.000032 1.959211 0.000000 0.000000
    45 0.000004 -1.580070 -0.000001 -0.329414 0.000000 0.000000
    46 -0.000002 1.580170 0.000030 0.602967 0.000000 0.000000
    47 -0.937645 -3.860697 -0.959317 -2.948054 0.798863 2.256892
    48 0.937672 3.860714 0.959333 3.206505 0.933892 2.482639
    49 0.000000 -1.690632 0.000000 1.148315 0.000000 0.000000
    50 -0.000013 1.690666 0.000021 1.811216 0.000000 0.000000
    51 -0.000002 -1.423443 0.000002 1.302406 0.000000 0.000000
    52 0.000008 1.423420 0.000028 0.816879 0.000000 0.000000
    53 -1.546646 -3.404194 -1.915569 -2.791978 0.765578 2.402160
    54 1.546661 3.404217 1.915585 2.987099 0.699185 2.644884
    55 0.000004 -1.437820 0.000000 1.542970 0.000000 0.000000
    56 -0.000021 1.437870 0.000031 1.483063 0.000000 0.000000
    57 -0.000002 -1.059402 0.000000 0.888082 0.000000 0.000000
    58 0.000006 1.059372 0.000008 1.193025 0.000000 0.000000
    59 -0.000004 -13.013485 -0.000004 0.010936 -0.284121 -0.076426
    60 0.161133 -10.804688 0.023087 0.010936 -0.284121 -0.076426
  time 66
    0 -0.024506 -3.468750 -0.000151 -1.559900 -0.000006 -0.000006
    1 -12.532025 7.514107 6.818664 -0.870108 -0.050820 0.997336
    2 0.000000 14.313023 0.000003 -1.428166 0.000000 0.000000
    3 -0.000011 13.013483 -0.000005 -0.078541 -0.205035 0.364827
    4 8.652996 10.990791 8.510125 2.738609 0.356003 0.283774
    5 0.000000 -14.313034 0.000000 -1.902727 0.000000 0.000000
    6 -0.000004 -13.013485 -0.000004 0.272939 -0.901921 -0.437640
    7 -1.330879 -2.698427 0.462449 -0.194886 -0.547260 3.056712
    8 1.330910 2.698444 -0.462436 0.194890 0.547268 -0.084879
    9 1.113281 4.808594 -1.690430 -1.589811 0.272264 -0.038126
    10 1.340820 7.765625 -2.611328 1.638801 1.297889 -3.109116
    11 0.671387 7.765625 -3.669922 -1.589828 0.275075 -0.038182
    12 0.707031 8.593750 -3.654297 -1.589811 0.272264 -0.038126
    13 14.750000 -52.000000 -3.505859 -1.993925 0.093276 0.197065
    14 6.566406 8.648438 3.232422 -1.090396 0.577049 -0.321829
    15 7.558525 6.997282 -2.354134 -1.937336 -0.275393 3.010581
    16 7.558525 6.997282 -2.354134 1.937336 0.275393 -0.131011
    17 -2.867767 -2.740969 0.531125 2.051196 0.577049 -0.321829
    18 4.324081 2.744001 -0.524877 -1.090396 0.577049 -0.321829
    19 1.340820 7.765625 -2.611328 1.638801 1.297889 -3.109116
    20 0.669922 7.765625 -3.669922 -1.589828 0.275074 -0.038184
    21 6.233833 5.542564 0.898426 -1.090396 0.577049 -0.321829
    22 6.946648 6.587124 1.429667 -1.090396 0.577049 -0.321829
    23 7.537933 7.453606 1.870349 -1.090396 0.577049 -0.321829
    24 8.154472 8.357077 2.329839 -1.090396 0.577049 -0.321829
    25 8.874294 9.411907 2.866308 -1.090396 0.577049 -0.321829
    26 -4.125858 -2.321501 1.394414 2.051196 0.577049 -0.321829
    27 -4.826813 -3.348669 0.872014 2.051196 0.577049 -0.321829
    28 -5.441669 -4.249685 0.413772 2.051196 0.577049 -0.321829
    29 -0.552532 -1.343527 1.604446 -0.050490 -0.183910 -0.530210
    30 0.552589 1.343534 -1.604463 -0.694895 -0.038510 -0.263286
    31 0.000000 -2.021618 -0.000004 -0.203560 0.000000 0.000000
    32 -0.000021 2.021633 0.000027 0.093808 0.000000 0.000000
    33 -0.000004 -1.136217 -0.000004 -0.600480 0.000000 0.000000
    34 -0.000011 1.136200 -0.000019 0.867496 0.000000 0.000000
    35 -0.032677 -4.587727 1.352317 -2.558509 0.890418 -2.936114
    36 0.032719 4.587772 -1.352291 2.724553 1.225209 2.601170
    37 0.000000 -1.754536 -0.000002 1.092131 0.000000 0.000000
    38 -0.000006 1.754520 -0.000034 0.289541 0.000000 0.000000
    39 0.000000 -1.227020 -0.000002 -0.252428 0.000000 0.000000
    40 0.000002 1.227070 0.000032 1.051411 0.000000 0.000000
    41 -0.367996 -4.208406 0.173244 2.977246 0.927109 2.319434
    42 0.368011 4.208412 -0.173239 3.365692 1.091688 2.536231
    43 0.000000 -2.372318 -0.000004 1.154585 0.000000 0.000000
    44 -0.000006 2.372318 -0.000032 1.959211 0.000000 0.000000
    45 0.000004 -1.580070 -0.000001 -0.329414 0.000000 0.000000
    46 -0.000002 1.580170 0.000030 0.602967 0.000000 0.000000
    47 -0.937645 -3.860697 -0.959317 -2.948054 0.798863 2.256892
    48 0.937672 3.860714 0.959333 3.206505 0.933892 2.482639
    49 0.000000 -1.690632 0.000000 1.148315 0.000000 0.000000
    50 -0.000013 1.690666 0.000021 1.811216 0.000000 0.000000
    51 -0.000002 -1.423443 0.000002 1.302406 0.000000 0.000000
    52 0.000008 1.423420 0.000028 0.816879 0.000000 0.000000
    53 -1.546646 -3.404194 -1.915569 -2.791978 0.765578 2.402160
    54 1.546661 3.404217 1.915585 2.985622 0.697024 2.644117
    55 0.000004 -1.437820 0.000000 1.542970 0.000000 0.000000
    56 -0.000021 1.437870 0.000031 1.483063 0.000000 0.000000
    57 -0.000002 -1.059402 0.000000 0.888082 0.000000 0.000000
    58 0.000006 1.059372 0.000008 1.193025 0.000000 0.000000
    59 -0.000004 -13.013485 -0.000004 0.010936 -0.284121 -0.076426
    60 0.161133 -10.804688 0.023087 0.010936 -0.284121 -0.076426
  time 67
    0 -0.024506 -3.468750 -0.000151 -1.559900 -0.000006 -0.000006
    1 -12.617965 7.143002 6.381151 -0.893421 -0.083153 0.953493
    2 0.000000 14.313023 0.000003 -1.351122 0.000000 0.000000
    3 -0.000011 13.013483 -0.000005 -0.003535 -0.111314 0.351503
    4 8.652996 10.990791 8.510125 2.738609 0.356003 0.283774
    5 0.000000 -14.313034 0.000000 -1.902727 0.000000 0.000000
    6 -0.000004 -13.013485 -0.000004 0.272939 -0.901921 -0.437640
    7 -1.330879 -2.698427 0.462449 -0.194886 -0.547260 3.056712
    8 1.330910 2.698444 -0.462436 0.194890 0.547268 -0.084879
    9 1.113281 4.808594 -1.690430 -1.589811 0.272264 -0.038126
    10 1.340820 7.765625 -2.611328 1.638801 1.297889 -3.109116
    11 0.671387 7.765625 -3.669922 -1.589828 0.275075 -0.038182
    12 0.707031 8.593750 -3.654297 -1.589811 0.272264 -0.038126
    13 14.750000 -52.000000 -3.505859 -1.993925 0.093276 0.197065
    14 6.566406 8.648438 3.232422 -1.090396 0.577049 -0.321829
    15 7.558525 6.997282 -2.354134 -1.937336 -0.275393 3.010581
    16 7.558525 6.997282 -2.354134 1.937336 0.275393 -0.131011
    17 -2.867767 -2.740969 0.531125 2.051196 0.577049 -0.321829
    18 4.324081 2.744001 -0.524877 -1.090396 0.577049 -0.321829
    19 1.340820 7.765625 -2.611328 1.638801 1.297889 -3.109116
    20 0.669922 7.765625 -3.669922 -1.589828 0.275074 -0.038184
    21 6.233833 5.542564 0.898426 -1.090396 0.577049 -0.321829
    22 6.946648 6.587124 1.429667 -1.090396 0.577049 -0.321829
    23 7.537933 7.453606 1.870349 -1.090396 0.577049 -0.321829
    24 8.154472 8.357077 2.329839 -1.090396 0.577049 -0.321829
    25 8.874294 9.411907 2.866308 -1.090396 0.577049 -0.321829
    26 -4.125858 -2.321501 1.394414 2.051196 0.577049 -0.321829
    27 -4.826813 -3.348669 0.872014 2.051196 0.577049 -0.321829
    28 -5.441669 -4.249685 0.413772 2.051196 0.577049 -0.321829
    29 -0.552532 -1.343527 1.604446 -0.050490 -0.183910 -0.530210
    30 0.552589 1.343534 -1.604463 -0.727559 -0.038510 -0.263286
    31 0.000000 -2.021618 -0.000004 -0.203560 0.000000 0.000000
    32 -0.000021 2.021633 0.000027 0.093808 0.000000 0.000000
    33 -0.000004 -1.136217 -0.000004 -0.600480 0.000000 0.000000
    34 -0.000011 1.136200 -0.000019 0.867496 0.000000 0.000000
    35 -0.032677 -4.587727 1.352317 -2.558509 0.890418 -2.936114
    36 0.032719 4.587772 -1.352291 2.674288 1.220830 2.571973
    37 0.000000 -1.754536 -0.000002 1.092131 0.000000 0.000000
    38 -0.000006 1.754520 -0.000034 0.290766 0.000000 0.000000
    39 0.000000 -1.227020 -0.000002 -0.252428 0.000000 0.000000
    40 0.000002 1.227070 0.000032 1.112918 0.000000 0.000000
    41 -0.367996 -4.208406 0.173244 2.977246 0.927109 2.319434
    42 0.368011 4.208412 -0.173239 3.365692 1.091688 2.536231
    43 0.000000 -2.372318 -0.000004 1.154585 0.000000 0.000000
    44 -0.000006 2.372318 -0.000032 1.959211 0.000000 0.000000
    45 0.000004 -1.580070 -0.000001 -0.329414 0.000000 0.000000
    46 -0.000002 1.580170 0.000030 0.602967 0.000000 0.000000
    47 -0.937645 -3.860697 -0.959317 -2.948054 0.798863 2.256892
    48 0.937672 3.860714 0.959333 3.206505 0.933892 2.482639
    49 0.000000 -1.690632 0.000000 1.148315 0.000000 0.000000
    50 -0.000013 1.690666 0.000021 1.811216 0.000000 0.000000
    51 -0.000002 -1.423443 0.000002 1.302406 0.000000 0.000000
    52 0.000008 1.423420 0.000028 0.816879 0.000000 0.000000
    53 -1.546646 -3.404194 -1.915569 -2.791978 0.765578 2.402160
    54 1.546661 3.404217 1.915585 2.985622 0.697024 2.644117
    55 0.000004 -1.437820 0.000000 1.542970 0.000000 0.000000
    56 -0.000021 1.437870 0.000031 1.483063 0.000000 0.000000
    57 -0.000002 -1.059402 0.000000 0.888082 0.000000 0.000000
    58 0.000006 1.059372 0.000008 1.193025 0.000000 0.000000
    59 -0.000004 -13.013485 -0.000004 0.010936 -0.284121 -0.076426
    60 0.161133 -10.804688 0.023087 0.010936 -0.284121 -0.076426
  time 68
    0 -0.024506 -3.468750 -0.000151 -1.559900 -0.000006 -0.000006
    1 -12.699998 6.775804 5.939731 -0.927976 -0.106044 0.904457
    2 0.000000 14.313023 0.000003 -1.263324 0.000000 0.000000
    3 -0.000011 13.013483 -0.000005 0.077013 -0.016131 0.327444
    4 8.652996 10.990791 8.510125 2.738609 0.356003 0.283774
    5 0.000000 -14.313034 0.000000 -1.902727 0.000000 0.000000
    6 -0.000004 -13.013485 -0.000004 0.272939 -0.901921 -0.437640
    7 -1.330879 -2.698427 0.462449 -0.194886 -0.547260 3.056712
    8 1.330910 2.698444 -0.462436 0.194890 0.547268 -0.084879
    9 1.113281 4.808594 -1.690430 -1.589811 0.272264 -0.038126
    10 1.340820 7.765625 -2.611328 1.638801 1.297889 -3.109116
    11 0.671387 7.765625 -3.669922 -1.589828 0.275075 -0.038182
    12 0.707031 8.593750 -3.654297 -1.589811 0.272264 -0.038126
    13 14.750000 -52.000000 -3.505859 -1.993925 0.093276 0.197065
    14 6.566406 8.648438 3.232422 -1.090396 0.577049 -0.321829
    15 7.558525 6.997282 -2.354134 -1.937336 -0.275393 3.010581
    16 7.558525 6.997282 -2.354134 1.937336 0.275393 -0.131011
    17 -2.867767 -2.740969 0.531125 2.051196 0.577049 -0.321829
    18 4.324081 2.744001 -0.524877 -1.090396 0.577049 -0.321829
    19 1.340820 7.765625 -2.611328 1.638801 1.297889 -3.109116
    20 0.669922 7.765625 -3.669922 -1.589828 0.275074 -0.038184
    21 6.233833 5.542564 0.898426 -1.090396 0.577049 -0.321829
    22 6.946648 6.587124 1.429667 -1.090396 0.577049 -0.321829
    23 7.537933 7.453606 1.870349 -1.090396 0.577049 -0.321829
    24 8.154472 8.357077 2.329839 -1.090396 0.577049 -0.321829
    25 8.874294 9.411907 2.866308 -1.090396 0.577049 -0.321829
    26 -4.125858 -2.321501 1.394414 2.051196 0.577049 -0.321829
    27 -4.826813 -3.348669 0.872014 2.051196 0.577049 -0.321829
    28 -5.441669 -4.249685 0.413772 2.051196 0.577049 -0.321829
    29 -0.552532 -1.343527 1.604446 -0.050490 -0.183910 -0.530210
    30 0.552589 1.343534 -1.604463 -0.754031 -0.038510 -0.263286
    31 0.000000 -2.021618 -0.000004 -0.203560 0.000000 0.000000
    32 -0.000021 2.021633 0.000027 0.093808 0.000000 0.000000
    33 -0.000004 -1.136217 -0.000004 -0.600480 0.000000 0.000000
    34 -0.000011 1.136200 -0.000019 0.867496 0.000000 0.000000
    35 -0.032677 -4.587727 1.352317 -2.558509 0.890418 -2.936114
    36 0.032719 4.587772 -1.352291 2.674115 1.220830 2.571973
    37 0.000000 -1.754536 -0.000002 1.092131 0.000000 0.000000
    38 -0.000006 1.754520 -0.000034 0.290811 0.000000 0.000000
    39 0.000000 -1.227020 -0.000002 -0.252428 0.000000 0.000000
    40 0.000002 1.227070 0.000032 1.117578 0.000000 0.000000
    41 -0.367996 -4.208406 0.173244 2.977246 0.927109 2.319434
    42 0.368011 4.208412 -0.173239 3.365692 1.091688 2.536231
    43 0.000000 -2.372318 -0.000004 1.154585 0.000000 0.000000
    44 -0.000006 2.372318 -0.000032 1.959211 0.000000 0.000000
    45 0.000004 -1.580070 -0.000001 -0.329414 0.000000 0.000000
    46 -0.000002 1.580170 0.000030 0.602967 0.000000 0.000000
    47 -0.937645 -3.860697 -0.959317 -2.948054 0.798863 2.256892
    48 0.937672 3.860714 0.959333 3.206505 0.933892 2.482639
    49 0.000000 -1.690632 0.000000 1.148315 0.000000 0.000000
    50 -0.000013 1.690666 0.000021 1.811216 0.000000 0.000000
    51 -0.000002 -1.423443 0.000002 1.302406 0.000000 0.000000
    52 0.000008 1.423420 0.000028 0.816879 0.000000 0.000000
    53 -1.546646 -3.404194 -1.915569 -2.791978 0.765578 2.402160
    54 1.546661 3.404217 1.915585 2.985622 0.697024 2.644117
    55 0.000004 -1.437820 0.000000 1.542970 0.000000 0.000000
    56 -0.000021 1.437870 0.000031 1.483063 0.000000 0.000000
    57 -0.000002 -1.059402 0.000000 0.888082 0.000000 0.000000
    58 0.000006 1.059372 0.000008 1.193025 0.000000 0.000000
    59 -0.000004 -13.013485 -0.000004 0.010936 -0.284121 -0.076426
    60 0.161133 -10.804688 0.023087 0.010936 -0.284121 -0.076426
  time 69
    0 -0.024506 -3.468750 -0.000151 -1.559900 -0.000006 -0.000006
    1 -12.782032 6.439856 5.537375 -0.970179 -0.123164 0.850455
    2 0.000000 14.313023 0.000003 -1.164039 0.000000 0.000000
    3 -0.000011 13.013483 -0.000005 0.149726 0.078580 0.293798
    4 8.652996 10.990791 8.510125 2.738609 0.356003 0.283774
    5 0.000000 -14.313034 0.000000 -1.902727 0.000000 0.000000
    6 -0.000004 -13.013485 -0.000004 0.272939 -0.901921 -0.437640
    7 -1.330879 -2.698427 0.462449 -0.194886 -0.547260 3.056712
    8 1.330910 2.698444 -0.462436 0.194890 0.547268 -0.084879
    9 1.113281 4.808594 -1.690430 -1.589811 0.272264 -0.038126
    10 1.340820 7.765625 -2.611328 1.638801 1.297889 -3.109116
    11 0.671387 7.765625 -3.669922 -1.589828 0.275075 -0.038182
    12 0.707031 8.593750 -3.654297 -1.589811 0.272264 -0.038126
    13 14.750000 -52.000000 -3.505859 -1.993925 0.093276 0.197065
    14 6.566406 8.648438 3.232422 -1.090396 0.577049 -0.321829
    15 7.558525 6.997282 -2.354134 -1.937336 -0.275393 3.010581
    16 7.558525 6.997282 -2.354134 1.937336 0.275393 -0.131011
    17 -2.867767 -2.740969 0.531125 2.051196 0.577049 -0.321829
    18 4.324081 2.744001 -0.524877 -1.090396 0.577049 -0.321829
    19 1.340820 7.765625 -2.611328 1.638801 1.297889 -3.109116
    20 0.669922 7.765625 -3.669922 -1.589828 0.275074 -0.038184
    21 6.233833 5.542564 0.898426 -1.090396 0.577049 -0.321829
    22 6.946648 6.587124 1.429667 -1.090396 0.577049 -0.321829
    23 7.537933 7.453606 1.870349 -1.090396 0.577049 -0.321829
    24 8.154472 8.357077 2.329839 -1.090396 0.577049 -0.321829
    25 8.874294 9.411907 2.866308 -1.090396 0.577049 -0.321829
    26 -4.125858 -2.321501 1.394414 2.051196 0.577049 -0.321829
    27 -4.826813 -3.348669 0.872014 2.051196 0.577049 -0.321829
    28 -5.441669 -4.249685 0.413772 2.051196 0.577049 -0.321829
    29 -0.552532 -1.343527 1.604446 -0.050490 -0.183910 -0.530210
    30 0.552589 1.343534 -1.604463 -0.771853 -0.038510 -0.263286
    31 0.000000 -2.021618 -0.000004 -0.203560 0.000000 0.000000
    32 -0.000021 2.021633 0.000027 0.093808 0.000000 0.000000
    33 -0.000004 -1.136217 -0.000004 -0.600480 0.000000 0.000000
    34 -0.000011 1.136200 -0.000019 0.867496 0.000000 0.000000
    35 -0.032677 -4.587727 1.352317 -2.558509 0.890418 -2.936114
    36 0.032719 4.587772 -1.352291 2.674028 1.220830 2.571973
    37 0.000000 -1.754536 -0.000002 1.092131 0.000000 0.000000
    38 -0.000006 1.754520 -0.000034 0.290811 0.000000 0.000000
    39 0.000000 -1.227020 -0.000002 -0.252428 0.000000 0.000000
    40 0.000002 1.227070 0.000032 1.117378 0.000000 0.000000
    41 -0.367996 -4.208406 0.173244 2.977246 0.927109 2.319434
    42 0.368011 4.208412 -0.173239 3.365692 1.091688 2.536231
    43 0.000000 -2.372318 -0.000004 1.154585 0.000000 0.000000
    44 -0.000006 2.372318 -0.000032 1.959211 0.000000 0.000000
    45 0.000004 -1.580070 -0.000001 -0.329414 0.000000 0.000000
    46 -0.000002 1.580170 0.000030 0.602967 0.000000 0.000000
    47 -0.937645 -3.860697 -0.959317 -2.948054 0.798863 2.256892
    48 0.937672 3.860714 0.959333 3.206505 0.933892 2.482639
    49 0.000000 -1.690632 0.000000 1.148315 0.000000 0.000000
    50 -0.000013 1.690666 0.000021 1.811216 0.000000 0.000000
    51 -0.000002 -1.423443 0.000002 1.302406 0.000000 0.000000
    52 0.000008 1.423420 0.000028 0.816879 0.000000 0.000000
    53 -1.546646 -3.404194 -1.915569 -2.791978 0.765578 2.402160
    54 1.546661 3.404217 1.915585 2.985622 0.697024 2.644117
    55 0.000004 -1.437820 0.000000 1.542970 0.000000 0.000000
    56 -0.000021 1.437870 0.000031 1.483063 0.000000 0.000000
    57 -0.000002 -1.059402 0.000000 0.888082 0.000000 0.000000
    58 0.000006 1.059372 0.000008 1.193025 0.000000 0.000000
    59 -0.000004 -13.013485 -0.000004 0.010936 -0.284121 -0.076426
    60 0.161133 -10.804688 0.023087 0.010936 -0.284121 -0.076426
  time 70
    0 -0.024506 -3.468750 -0.000151 -1.559900 -0.000006 -0.000006
    1 -12.844534 6.162504 5.197521 -1.018556 -0.134085 0.793016
    2 0.000000 14.313023 0.000003 -1.055163 0.000000 0.000000
    3 -0.000011 13.013483 -0.000005 0.204189 0.171924 0.250184
    4 8.652996 10.990791 8.510125 2.738609 0.356003 0.283774
    5 0.000000 -14.313034 0.000000 -1.902727 0.000000 0.000000
    6 -0.000004 -13.013485 -0.000004 0.272939 -0.901921 -0.437640
    7 -1.330879 -2.698427 0.462449 -0.194886 -0.547260 3.056712
    8 1.330910 2.698444 -0.462436 0.194890 0.547268 -0.084879
    9 1.113281 4.808594 -1.690430 -1.589811 0.272264 -0.038126
    10 1.340820 7.765625 -2.611328 1.638801 1.297889 -3.109116
    11 0.671387 7.765625 -3.669922 -1.589828 0.275075 -0.038182
    12 0.707031 8.593750 -3.654297 -1.589811 0.272264 -0.038126
    13 14.750000 -52.000000 -3.505859 -1.993925 0.093276 0.197065
    14 6.566406 8.648438 3.232422 -1.090396 0.577049 -0.321829
    15 7.558525 6.997282 -2.354134 -1.937336 -0.275393 3.010581
    16 7.558525 6.997282 -2.354134 1.937336 0.275393 -0.131011
    17 -2.867767 -2.740969 0.531125 2.051196 0.577049 -0.321829
    18 4.324081 2.744001 -0.524877 -1.090396 0.577049 -0.321829
    19 1.340820 7.765625 -2.611328 1.638801 1.297889 -3.109116
    20 0.669922 7.765625 -3.669922 -1.589828 0.275074 -0.038184
    21 6.233833 5.542564 0.898426 -1.090396 0.577049 -0.321829
    22 6.946648 6.587124 1.429667 -1.090396 0.577049 -0.321829
    23 7.537933 7.453606 1.870349 -1.090396 0.577049 -0.321829
    24 8.154472 8.357077 2.329839 -1.090396 0.577049 -0.321829
    25 8.874294 9.411907 2.866308 -1.090396 0.577049 -0.321829
    26 -4.125858 -2.321501 1.394414 2.051196 0.577049 -0.321829
    27 -4.826813 -3.348669 0.872014 2.051196 0.577049 -0.321829
    28 -5.441669 -4.249685 0.413772 2.051196 0.577049 -0.321829
    29 -0.552532 -1.343527 1.604446 -0.050490 -0.183910 -0.530210
    30 0.552589 1.343534 -1.604463 -0.778333 -0.038510 -0.263286
    31 0.000000 -2.021618 -0.000004 -0.203560 0.000000 0.000000
    32 -0.000021 2.021633 0.000027 0.093808 0.000000 0.000000
    33 -0.000004 -1.136217 -0.000004 -0.600480 0.000000 0.000000
    34 -0.000011 1.136200 -0.000019 0.867496 0.000000 0.000000
    35 -0.032677 -4.587727 1.352317 -2.558509 0.890418 -2.936114
    36 0.032719 4.587772 -1.352291 2.673854 1.220830 2.571973
    37 0.000000 -1.754536 -0.000002 1.092131 0.000000 0.000000
    38 -0.000006 1.754520 -0.000034 0.290811 0.000000 0.000000
    39 0.000000 -1.227020 -0.000002 -0.252428 0.000000 0.000000
    40 0.000002 1.227070 0.000032 1.116912 0.000000 0.000000
    41 -0.367996 -4.208406 0.173244 2.977246 0.927109 2.319434
    42 0.368011 4.208412 -0.173239 3.365692 1.091688 2.536231
    43 0.000000 -2.372318 -0.000004 1.154585 0.000000 0.000000
    44 -0.000006 2.372318 -0.000032 1.959211 0.000000 0.000000
    45 0.000004 -1.580070 -0.000001 -0.329414 0.000000 0.000000
    46 -0.000002 1.580170 0.000030 0.602967 0.000000 0.000000
    47 -0.937645 -3.860697 -0.959317 -2.948054 0.798863 2.256892
    48 0.937672 3.860714 0.959333 3.206505 0.933892 2.482639
    49 0.000000 -1.690632 0.000000 1.148315 0.000000 0.000000
    50 -0.000013 1.690666 0.000021 1.811216 0.000000 0.000000
    51 -0.000002 -1.423443 0.000002 1.302406 0.000000 0.000000
    52 0.000008 1.423420 0.000028 0.816879 0.000000 0.000000
    53 -1.546646 -3.404194 -1.915569 -2.791978 0.765578 2.402160
    54 1.546661 3.404217 1.915585 2.985622 0.697024 2.644117
    55 0.000004 -1.437820 0.000000 1.542970 0.000000 0.000000
    56 -0.000021 1.437870 0.000031 1.483063 0.000000 0.000000
    57 -0.000002 -1.059402 0.000000 0.888082 0.000000 0.000000
    58 0.000006 1.059372 0.000008 1.193025 0.000000 0.000000
    59 -0.000004 -13.013485 -0.000004 0.010936 -0.284121 -0.076426
    60 0.161133 -10.804688 0.023087 0.010936 -0.284121 -0.076426
  time 71
    0 -0.024506 -3.468750 -0.000151 -1.559900 -0.000006 -0.000006
    1 -12.883598 5.974998 4.978765 -1.069698 -0.138282 0.735501
    2 0.000000 14.313023 0.000003 -0.943597 0.000000 0.000000
    3 -0.000011 13.013483 -0.000005 0.231325 0.260315 0.197559
    4 8.652996 10.990791 8.510125 2.738609 0.356003 0.283774
    5 0.000000 -14.313034 0.000000 -1.902727 0.000000 0.000000
    6 -0.000004 -13.013485 -0.000004 0.272939 -0.901921 -0.437640
    7 -1.330879 -2.698427 0.462449 -0.194886 -0.547260 3.056712
    8 1.330910 2.698444 -0.462436 0.194890 0.547268 -0.084879
    9 1.113281 4.808594 -1.690430 -1.589811 0.272264 -0.038126
    10 1.340820 7.765625 -2.611328 1.638801 1.297889 -3.109116
    11 0.671387 7.765625 -3.669922 -1.589828 0.275075 -0.038182
    12 0.707031 8.593750 -3.654297 -1.589811 0.272264 -0.038126
    13 14.750000 -52.000000 -3.505859 -1.993925 0.093276 0.197065
    14 6.566406 8.648438 3.232422 -1.090396 0.577049 -0.321829
    15 7.558525 6.997282 -2.354134 -1.937336 -0.275393 3.010581
    16 7.558525 6.997282 -2.354134 1.937336 0.275393 -0.131011
    17 -2.867767 -2.740969 0.531125 2.051196 0.577049 -0.321829
    18 4.324081 2.744001 -0.524877 -1.090396 0.577049 -0.321829
    19 1.340820 7.765625 -2.611328 1.638801 1.297889 -3.109116
    20 0.669922 7.765625 -3.669922 -1.589828 0.275074 -0.038184
    21 6.233833 5.542564 0.898426 -1.090396 0.577049 -0.321829
    22 6.946648 6.587124 1.429667 -1.090396 0.577049 -0.321829
    23 7.537933 7.453606 1.870349 -1.090396 0.577049 -0.321829
    24 8.154472 8.357077 2.329839 -1.090396 0.577049 -0.321829
    25 8.874294 9.411907 2.866308 -1.090396 0.577049 -0.321829
    26 -4.125858 -2.321501 1.394414 2.051196 0.577049 -0.321829
    27 -4.826813 -3.348669 0.872014 2.051196 0.577049 -0.321829
    28 -5.441669 -4.249685 0.413772 2.051196 0.577049 -0.321829
    29 -0.552532 -1.343527 1.604446 -0.050490 -0.183910 -0.530210
    30 0.552589 1.343534 -1.604463 -0.778333 -0.038510 -0.263286
    31 0.000000 -2.021618 -0.000004 -0.203560 0.000000 0.000000
    32 -0.000021 2.021633 0.000027 0.093808 0.000000 0.000000
    33 -0.000004 -1.136217 -0.000004 -0.600480 0.000000 0.000000
    34 -0.000011 1.136200 -0.000019 0.867496 0.000000 0.000000
    35 -0.032677 -4.587727 1.352317 -2.558509 0.890418 -2.936114
    36 0.032719 4.587772 -1.352291 2.673767 1.220830 2.571973
    37 0.000000 -1.754536 -0.000002 1.092131 0.000000 0.000000
    38 -0.000006 1.754520 -0.000034 0.290811 0.000000 0.000000
    39 0.000000 -1.227020 -0.000002 -0.252428 0.000000 0.000000
    40 0.000002 1.227070 0.000032 1.116446 0.000000 0.000000
    41 -0.367996 -4.208406 0.173244 2.977246 0.927109 2.319434
    42 0.368011 4.208412 -0.173239 3.365692 1.091688 2.536231
    43 0.000000 -2.372318 -0.000004 1.154585 0.000000 0.000000
    44 -0.000006 2.372318 -0.000032 1.959211 0.000000 0.000000
    45 0.000004 -1.580070 -0.000001 -0.329414 0.000000 0.000000
    46 -0.000002 1.580170 0.000030 0.602967 0.000000 0.000000
    47 -0.937645 -3.860697 -0.959317 -2.948054 0.798863 2.256892
    48 0.937672 3.860714 0.959333 3.206505 0.933892 2.482639
    49 0.000000 -1.690632 0.000000 1.148315 0.000000 0.000000
    50 -0.000013 1.690666 0.000021 1.811216 0.000000 0.000000
    51 -0.000002 -1.423443 0.000002 1.302406 0.000000 0.000000
    52 0.000008 1.423420 0.000028 0.816879 0.000000 0.000000
    53 -1.546646 -3.404194 -1.915569 -2.791978 0.765578 2.402160
    54 1.546661 3.404217 1.915585 2.985622 0.697024 2.644117
    55 0.000004 -1.437820 0.000000 1.542970 0.000000 0.000000
    56 -0.000021 1.437870 0.000031 1.483063 0.000000 0.000000
    57 -0.000002 -1.059402 0.000000 0.888082 0.000000 0.000000
    58 0.000006 1.059372 0.000008 1.193025 0.000000 0.000000
    59 -0.000004 -13.013485 -0.000004 0.010936 -0.284121 -0.076426
    60 0.161133 -10.804688 0.023087 0.010936 -0.284121 -0.076426
  time 72
    0 -0.024506 -3.468750 -0.000151 -1.559900 -0.000006 -0.000006
    1 -12.899223 5.904683 4.888918 -1.123880 -0.136327 0.680278
    2 0.000000 14.313023 0.000003 -0.830810 0.000000 0.000000
    3 -0.000011 13.013483 -0.000005 0.230751 0.326160 0.141963
    4 8.652996 10.990791 8.510125 2.738609 0.356003 0.283774
    5 0.000000 -14.313034 0.000000 -1.902727 0.000000 0.000000
    6 -0.000004 -13.013485 -0.000004 0.272939 -0.901921 -0.437640
    7 -1.330879 -2.698427 0.462449 -0.194886 -0.547260 3.056712
    8 1.330910 2.698444 -0.462436 0.194890 0.547268 -0.084879
    9 1.113281 4.808594 -1.690430 -1.589811 0.272264 -0.038126
    10 1.340820 7.765625 -2.611328 1.638801 1.297889 -3.109116
    11 0.671387 7.765625 -3.669922 -1.589828 0.275075 -0.038182
    12 0.707031 8.593750 -3.654297 -1.589811 0.272264 -0.038126
    13 14.750000 -52.000000 -3.505859 -1.993925 0.093276 0.197065
    14 6.566406 8.648438 3.232422 -1.090396 0.577049 -0.321829
    15 7.558525 6.997282 -2.354134 -1.937336 -0.275393 3.010581
    16 7.558525 6.997282 -2.354134 1.937336 0.275393 -0.131011
    17 -2.867767 -2.740969 0.531125 2.051196 0.577049 -0.321829
    18 4.324081 2.744001 -0.524877 -1.090396 0.577049 -0.321829
    19 1.340820 7.765625 -2.611328 1.638801 1.297889 -3.109116
    20 0.669922 7.765625 -3.669922 -1.589828 0.275074 -0.038184
    21 6.233833 5.542564 0.898426 -1.090396 0.577049 -0.321829
    22 6.946648 6.587124 1.429667 -1.090396 0.577049 -0.321829
    23 7.537933 7.453606 1.870349 -1.090396 0.577049 -0.321829
    24 8.154472 8.357077 2.329839 -1.090396 0.577049 -0.321829
    25 8.874294 9.411907 2.866308 -1.090396 0.577049 -0.321829
    26 -4.125858 -2.321501 1.394414 2.051196 0.577049 -0.321829
    27 -4.826813 -3.348669 0.872014 2.051196 0.577049 -0.321829
    28 -5.441669 -4.249685 0.413772 2.051196 0.577049 -0.321829
    29 -0.552532 -1.343527 1.604446 -0.050490 -0.183910 -0.530210
    30 0.552589 1.343534 -1.604463 -0.778333 -0.038510 -0.263286
    31 0.000000 -2.021618 -0.000004 -0.203560 0.000000 0.000000
    32 -0.000021 2.021633 0.000027 0.093808 0.000000 0.000000
    33 -0.000004 -1.136217 -0.000004 -0.600480 0.000000 0.000000
    34 -0.000011 1.136200 -0.000019 0.867496 0.000000 0.000000
    35 -0.032677 -4.587727 1.352317 -2.558509 0.890418 -2.936114
    36 0.032719 4.587772 -1.352291 2.673767 1.220867 2.571973
    37 0.000000 -1.754536 -0.000002 1.092131 0.000000 0.000000
    38 -0.000006 1.754520 -0.000034 0.290811 0.000000 0.000000
    39 0.000000 -1.227020 -0.000002 -0.252428 0.000000 0.000000
    40 0.000002 1.227070 0.000032 1.115714 0.000000 0.000000
    41 -0.367996 -4.208406 0.173244 2.977246 0.927109 2.319434
    42 0.368011 4.208412 -0.173239 3.365692 1.091688 2.536231
    43 0.000000 -2.372318 -0.000004 1.154585 0.000000 0.000000
    44 -0.000006 2.372318 -0.000032 1.959211 0.000000 0.000000
    45 0.000004 -1.580070 -0.000001 -0.329414 0.000000 0.000000
    46 -0.000002 1.580170 0.000030 0.602967 0.000000 0.000000
    47 -0.937645 -3.860697 -0.959317 -2.948054 0.798863 2.256892
    48 0.937672 3.860714 0.959333 3.206505 0.933892 2.482639
    49 0.000000 -1.690632 0.000000 1.148315 0.000000 0.000000
    50 -0.000013 1.690666 0.000021 1.811216 0.000000 0.000000
    51 -0.000002 -1.423443 0.000002 1.302406 0.000000 0.000000
    52 0.000008 1.423420 0.000028 0.816879 0.000000 0.000000
    53 -1.546646 -3.404194 -1.915569 -2.791978 0.765578 2.402160
    54 1.546661 3.404217 1.915585 2.985622 0.697024 2.644117
    55 0.000004 -1.437820 0.000000 1.542970 0.000000 0.000000
    56 -0.000021 1.437870 0.000031 1.483063 0.000000 0.000000
    57 -0.000002 -1.059402 0.000000 0.888082 0.000000 0.000000
    58 0.000006 1.059372 0.000008 1.193025 0.000000 0.000000
    59 -0.000004 -13.013485 -0.000004 0.010936 -0.284121 -0.076426
    60 0.161133 -10.804688 0.023087 0.010936 -0.284121 -0.076426
  time 73
    0 -0.024506 -3.468750 -0.000151 -1.559900 -0.000006 -0.000006
    1 -12.899223 5.904683 4.888918 -1.177141 -0.131462 0.627269
    2 0.000000 14.313023 0.000003 -0.723339 0.000000 0.000000
    3 -0.000011 13.013483 -0.000005 0.211068 0.350310 0.094706
    4 8.652996 10.990791 8.510125 2.738609 0.356003 0.283774
    5 0.000000 -14.313034 0.000000 -1.902727 0.000000 0.000000
    6 -0.000004 -13.013485 -0.000004 0.272939 -0.901921 -0.437640
    7 -1.330879 -2.698427 0.462449 -0.194886 -0.547260 3.056712
    8 1.330910 2.698444 -0.462436 0.194890 0.547268 -0.084879
    9 1.113281 4.808594 -1.690430 -1.589811 0.272264 -0.038126
    10 1.340820 7.765625 -2.611328 1.638801 1.297889 -3.109116
    11 0.671387 7.765625 -3.669922 -1.589828 0.275075 -0.038182
    12 0.707031 8.593750 -3.654297 -1.589811 0.272264 -0.038126
    13 14.750000 -52.000000 -3.505859 -1.993925 0.093276 0.197065
    14 6.566406 8.648438 3.232422 -1.090396 0.577049 -0.321829
    15 7.558525 6.997282 -2.354134 -1.937336 -0.275393 3.010581
    16 7.558525 6.997282 -2.354134 1.937336 0.275393 -0.131011
    17 -2.867767 -2.740969 0.531125 2.051196 0.577049 -0.321829
    18 4.324081 2.744001 -0.524877 -1.090396 0.577049 -0.321829
    19 1.340820 7.765625 -2.611328 1.638801 1.297889 -3.109116
    20 0.669922 7.765625 -3.669922 -1.589828 0.275074 -0.038184
    21 6.233833 5.542564 0.898426 -1.090396 0.577049 -0.321829
    22 6.946648 6.587124 1.429667 -1.090396 0.577049 -0.321829
    23 7.537933 7.453606 1.870349 -1.090396 0.577049 -0.321829
    24 8.154472 8.357077 2.329839 -1.090396 0.577049 -0.321829
    25 8.874294 9.411907 2.866308 -1.090396 0.577049 -0.321829
    26 -4.125858 -2.321501 1.394414 2.051196 0.577049 -0.321829
    27 -4.826813 -3.348669 0.872014 2.051196 0.577049 -0.321829
    28 -5.441669 -4.249685 0.413772 2.051196 0.577049 -0.321829
    29 -0.552532 -1.343527 1.604446 -0.050490 -0.183910 -0.530210
    30 0.552589 1.343534 -1.604463 -0.778333 -0.038510 -0.263264
    31 0.000000 -2.021618 -0.000004 -0.203560 0.000000 0.000000
    32 -0.000021 2.021633 0.000027 0.093808 0.000000 0.000000
    33 -0.000004 -1.136217 -0.000004 -0.600480 0.000000 0.000000
    34 -0.000011 1.136200 -0.000019 0.867496 0.000000 0.000000
    35 -0.032677 -4.587727 1.352317 -2.558509 0.890418 -2.936114
    36 0.032719 4.587772 -1.352291 2.673680 1.220830 2.571973
    37 0.000000 -1.754536 -0.000002 1.092131 0.000000 0.000000
    38 -0.000006 1.754520 -0.000034 0.290811 0.000000 0.000000
    39 0.000000 -1.227020 -0.000002 -0.252428 0.000000 0.000000
    40 0.000002 1.227070 0.000032 1.115115 0.000000 0.000000
    41 -0.367996 -4.208406 0.173244 2.977246 0.927109 2.319434
    42 0.368011 4.208412 -0.173239 3.365692 1.091688 2.536231
    43 0.000000 -2.372318 -0.000004 1.154585 0.000000 0.000000
    44 -0.000006 2.372318 -0.000032 1.959211 0.000000 0.000000
    45 0.000004 -1.580070 -0.000001 -0.329414 0.000000 0.000000
    46 -0.000002 1.580170 0.000030 0.602967 0.000000 0.000000
    47 -0.937645 -3.860697 -0.959317 -2.948054 0.798863 2.256892
    48 0.937672 3.860714 0.959333 3.206505 0.933892 2.482639
    49 0.000000 -1.690632 0.000000 1.148315 0.000000 0.000000
    50 -0.000013 1.690666 0.000021 1.811216 0.000000 0.000000
    51 -0.000002 -1.423443 0.000002 1.302406 0.000000 0.000000
    52 0.000008 1.423420 0.000028 0.816879 0.000000 0.000000
    53 -1.546646 -3.404194 -1.915569 -2.791978 0.765578 2.402160
    54 1.546661 3.404217 1.915585 2.985622 0.697024 2.644117
    55 0.000004 -1.437820 0.000000 1.542970 0.000000 0.000000
    56 -0.000021 1.437870 0.000031 1.483063 0.000000 0.000000
    57 -0.000002 -1.059402 0.000000 0.888082 0.000000 0.000000
    58 0.000006 1.059372 0.000008 1.193025 0.000000 0.000000
    59 -0.000004 -13.013485 -0.000004 0.010936 -0.284121 -0.076426
    60 0.161133 -10.804688 0.023087 0.010936 -0.284121 -0.076426
  time 74
    0 -0.024506 -3.468750 -0.000151 -1.559900 -0.000006 -0.000006
    1 -12.899223 5.904683 4.888918 -1.219436 -0.126884 0.576858
    2 0.000000 14.313023 0.000003 -0.638351 0.000000 0.000000
    3 -0.000011 13.013483 -0.000005 0.187468 0.348329 0.060198
    4 8.652996 10.990791 8.510125 2.738609 0.356003 0.283774
    5 0.000000 -14.313034 0.000000 -1.902727 0.000000 0.000000
    6 -0.000004 -13.013485 -0.000004 0.272939 -0.901921 -0.437640
    7 -1.330879 -2.698427 0.462449 -0.194886 -0.547260 3.056712
    8 1.330910 2.698444 -0.462436 0.194890 0.547268 -0.084879
    9 1.113281 4.808594 -1.690430 -1.589811 0.272264 -0.038126
    10 1.340820 7.765625 -2.611328 1.638801 1.297889 -3.109116
    11 0.671387 7.765625 -3.669922 -1.589828 0.275075 -0.038182
    12 0.707031 8.593750 -3.654297 -1.589811 0.272264 -0.038126
    13 14.750000 -52.000000 -3.505859 -1.993925 0.093276 0.197065
    14 6.566406 8.648438 3.232422 -1.090396 0.577049 -0.321829
    15 7.558525 6.997282 -2.354134 -1.937336 -0.275393 3.010581
    16 7.558525 6.997282 -2.354134 1.937336 0.275393 -0.131011
    17 -2.867767 -2.740969 0.531125 2.051196 0.577049 -0.321829
    18 4.324081 2.744001 -0.524877 -1.090396 0.577049 -0.321829
    19 1.340820 7.765625 -2.611328 1.638801 1.297889 -3.109116
    20 0.669922 7.765625 -3.669922 -1.589828 0.275074 -0.038184
    21 6.233833 5.542564 0.898426 -1.090396 0.577049 -0.321829
    22 6.946648 6.587124 1.429667 -1.090396 0.577049 -0.321829
    23 7.537933 7.453606 1.870349 -1.090396 0.577049 -0.321829
    24 8.154472 8.357077 2.329839 -1.090396 0.577049 -0.321829
    25 8.874294 9.411907 2.866308 -1.090396 0.577049 -0.321829
    26 -4.125858 -2.321501 1.394414 2.051196 0.577049 -0.321829
    27 -4.826813 -3.348669 0.872014 2.051196 0.577049 -0.321829
    28 -5.441669 -4.249685 0.413772 2.051196 0.577049 -0.321829
    29 -0.552532 -1.343527 1.604446 -0.050490 -0.183910 -0.530210
    30 0.552589 1.343534 -1.604463 -0.778333 -0.038510 -0.263286
    31 0.000000 -2.021618 -0.000004 -0.203560 0.000000 0.000000
    32 -0.000021 2.021633 0.000027 0.093808 0.000000 0.000000
    33 -0.000004 -1.136217 -0.000004 -0.600480 0.000000 0.000000
    34 -0.000011 1.136200 -0.000019 0.867496 0.000000 0.000000
    35 -0.032677 -4.587727 1.352317 -2.558509 0.890418 -2.936114
    36 0.032719 4.587772 -1.352291 2.673680 1.220830 2.571973
    37 0.000000 -1.754536 -0.000002 1.092131 0.000000 0.000000
    38 -0.000006 1.754520 -0.000034 0.290811 0.000000 0.000000
    39 0.000000 -1.227020 -0.000002 -0.252428 0.000000 0.000000
    40 0.000002 1.227070 0.000032 1.114449 0.000000 0.000000
    41 -0.367996 -4.208406 0.173244 2.977246 0.927109 2.319434
    42 0.368011 4.208412 -0.173239 3.365692 1.091688 2.536231
    43 0.000000 -2.372318 -0.000004 1.154585 0.000000 0.000000
    44 -0.000006 2.372318 -0.000032 1.959211 0.000000 0.000000
    45 0.000004 -1.580070 -0.000001 -0.329414 0.000000 0.000000
    46 -0.000002 1.580170 0.000030 0.602967 0.000000 0.000000
    47 -0.937645 -3.860697 -0.959317 -2.948054 0.798863 2.256892
    48 0.937672 3.860714 0.959333 3.206505 0.933892 2.482639
    49 0.000000 -1.690632 0.000000 1.148315 0.000000 0.000000
    50 -0.000013 1.690666 0.000021 1.811216 0.000000 0.000000
    51 -0.000002 -1.423443 0.000002 1.302406 0.000000 0.000000
    52 0.000008 1.423420 0.000028 0.816879 0.000000 0.000000
    53 -1.546646 -3.404194 -1.915569 -2.791978 0.765578 2.402160
    54 1.546661 3.404217 1.915585 2.985622 0.697024 2.644117
    55 0.000004 -1.437820 0.000000 1.542970 0.000000 0.000000
    56 -0.000021 1.437870 0.000031 1.483063 0.000000 0.000000
    57 -0.000002 -1.059402 0.000000 0.888082 0.000000 0.000000
    58 0.000006 1.059372 0.000008 1.193025 0.000000 0.000000
    59 -0.000004 -13.013485 -0.000004 0.010936 -0.284121 -0.076426
    60 0.161133 -10.804688 0.023087 0.010936 -0.284121 -0.076426
  time 75
    0 -0.024506 -3.468750 -0.000151 -1.559900 -0.000006 -0.000006
    1 -12.899223 5.904683 4.888918 -1.249199 -0.122974 0.531182
    2 0.000000 14.313023 0.000003 -0.578659 0.000000 0.000000
    3 -0.000011 13.013483 -0.000005 0.164631 0.324038 0.041026
    4 8.652996 10.990791 8.510125 2.738609 0.356003 0.283774
    5 0.000000 -14.313034 0.000000 -1.902727 0.000000 0.000000
    6 -0.000004 -13.013485 -0.000004 0.272939 -0.901921 -0.437640
    7 -1.330879 -2.698427 0.462449 -0.194886 -0.547260 3.056712
    8 1.330910 2.698444 -0.462436 0.194890 0.547268 -0.084879
    9 1.113281 4.808594 -1.690430 -1.589811 0.272264 -0.038126
    10 1.340820 7.765625 -2.611328 1.638801 1.297889 -3.109116
    11 0.671387 7.765625 -3.669922 -1.589828 0.275075 -0.038182
    12 0.707031 8.593750 -3.654297 -1.589811 0.272264 -0.038126
    13 14.750000 -52.000000 -3.505859 -1.993925 0.093276 0.197065
    14 6.566406 8.648438 3.232422 -1.090396 0.577049 -0.321829
    15 7.558525 6.997282 -2.354134 -1.937336 -0.275393 3.010581
    16 7.558525 6.997282 -2.354134 1.937336 0.275393 -0.131011
    17 -2.867767 -2.740969 0.531125 2.051196 0.577049 -0.321829
    18 4.324081 2.744001 -0.524877 -1.090396 0.577049 -0.321829
    19 1.340820 7.765625 -2.611328 1.638801 1.297889 -3.109116
    20 0.669922 7.765625 -3.669922 -1.589828 0.275074 -0.038184
    21 6.233833 5.542564 0.898426 -1.090396 0.577049 -0.321829
    22 6.946648 6.587124 1.429667 -1.090396 0.577049 -0.321829
    23 7.537933 7.453606 1.870349 -1.090396 0.577049 -0.321829
    24 8.154472 8.357077 2.329839 -1.090396 0.577049 -0.321829
    25 8.874294 9.411907 2.866308 -1.090396 0.577049 -0.321829
    26 -4.125858 -2.321501 1.394414 2.051196 0.577049 -0.321829
    27 -4.826813 -3.348669 0.872014 2.051196 0.577049 -0.321829
    28 -5.441669 -4.249685 0.413772 2.051196 0.577049 -0.321829
    29 -0.552532 -1.343527 1.604446 -0.050490 -0.183910 -0.530210
    30 0.552589 1.343534 -1.604463 -0.778333 -0.038510 -0.263286
    31 0.000000 -2.021618 -0.000004 -0.203560 0.000000 0.000000
    32 -0.000021 2.021633 0.000027 0.093808 0.000000 0.000000
    33 -0.000004 -1.136217 -0.000004 -0.600480 0.000000 0.000000
    34 -0.000011 1.136200 -0.000019 0.867496 0.000000 0.000000
    35 -0.032677 -4.587727 1.352317 -2.558509 0.890418 -2.936114
    36 0.032719 4.587772 -1.352291 2.673594 1.220830 2.571973
    37 0.000000 -1.754536 -0.000002 1.092131 0.000000 0.000000
    38 -0.000006 1.754520 -0.000034 0.290811 0.000000 0.000000
    39 0.000000 -1.227020 -0.000002 -0.252428 0.000000 0.000000
    40 0.000002 1.227070 0.000032 1.113916 0.000000 0.000000
    41 -0.367996 -4.208406 0.173244 2.977246 0.927109 2.319434
    42 0.368011 4.208412 -0.173239 3.365692 1.091688 2.536231
    43 0.000000 -2.372318 -0.000004 1.154585 0.000000 0.000000
    44 -0.000006 2.372318 -0.000032 1.959211 0.000000 0.000000
    45 0.000004 -1.580070 -0.000001 -0.329414 0.000000 0.000000
    46 -0.000002 1.580170 0.000030 0.602967 0.000000 0.000000
    47 -0.937645 -3.860697 -0.959317 -2.948054 0.798863 2.256892
    48 0.937672 3.860714 0.959333 3.206505 0.933892 2.482639
    49 0.000000 -1.690632 0.000000 1.148315 0.000000 0.000000
    50 -0.000013 1.690666 0.000021 1.811216 0.000000 0.000000
    51 -0.000002 -1.423443 0.000002 1.302406 0.000000 0.000000
    52 0.000008 1.423420 0.000028 0.816879 0.000000 0.000000
    53 -1.546646 -3.404194 -1.915569 -2.791978 0.765578 2.402160
    54 1.546661 3.404217 1.915585 2.985622 0.697024 2.644117
    55 0.000004 -1.437820 0.000000 1.542970 0.000000 0.000000
    56 -0.000021 1.437870 0.000031 1.483063 0.000000 0.000000
    57 -0.000002 -1.059402 0.000000 0.888082 0.000000 0.000000
    58 0.000006 1.059372 0.000008 1.193025 0.000000 0.000000
    59 -0.000004 -13.013485 -0.000004 0.010936 -0.284121 -0.076426
    60 0.161133 -10.804688 0.023087 0.010936 -0.284121 -0.076426
  time 76
    0 -0.024506 -3.468750 -0.000151 -1.559900 -0.000006 -0.000006
    1 -12.899223 5.904683 4.888918 -1.266707 -0.119969 0.494137
    2 0.000000 14.313023 0.000003 -0.544627 0.000000 0.000000
    3 -0.000011 13.013483 -0.000005 0.145904 0.286729 0.035754
    4 8.652996 10.990791 8.510125 2.738609 0.356003 0.283774
    5 0.000000 -14.313034 0.000000 -1.902727 0.000000 0.000000
    6 -0.000004 -13.013485 -0.000004 0.272939 -0.901921 -0.437640
    7 -1.330879 -2.698427 0.462449 -0.194886 -0.547260 3.056712
    8 1.330910 2.698444 -0.462436 0.194890 0.547268 -0.084879
    9 1.113281 4.808594 -1.690430 -1.589811 0.272264 -0.038126
    10 1.340820 7.765625 -2.611328 1.638801 1.297889 -3.109116
    11 0.671387 7.765625 -3.669922 -1.589828 0.275075 -0.038182
    12 0.707031 8.593750 -3.654297 -1.589811 0.272264 -0.038126
    13 14.750000 -52.000000 -3.505859 -1.993925 0.093276 0.197065
    14 6.566406 8.648438 3.232422 -1.090396 0.577049 -0.321829
    15 7.558525 6.997282 -2.354134 -1.937336 -0.275393 3.010581
    16 7.558525 6.997282 -2.354134 1.937336 0.275393 -0.131011
    17 -2.867767 -2.740969 0.531125 2.051196 0.577049 -0.321829
    18 4.324081 2.744001 -0.524877 -1.090396 0.577049 -0.321829
    19 1.340820 7.765625 -2.611328 1.638801 1.297889 -3.109116
    20 0.669922 7.765625 -3.669922 -1.589828 0.275074 -0.038184
    21 6.233833 5.542564 0.898426 -1.090396 0.577049 -0.321829
    22 6.946648 6.587124 1.429667 -1.090396 0.577049 -0.321829
    23 7.537933 7.453606 1.870349 -1.090396 0.577049 -0.321829
    24 8.154472 8.357077 2.329839 -1.090396 0.577049 -0.321829
    25 8.874294 9.411907 2.866308 -1.090396 0.577049 -0.321829
    26 -4.125858 -2.321501 1.394414 2.051196 0.577049 -0.321829
    27 -4.826813 -3.348669 0.872014 2.051196 0.577049 -0.321829
    28 -5.441669 -4.249685 0.413772 2.051196 0.577049 -0.321829
    29 -0.552532 -1.343527 1.604446 -0.050490 -0.183910 -0.530210
    30 0.552589 1.343534 -1.604463 -0.778333 -0.038510 -0.263286
    31 0.000000 -2.021618 -0.000004 -0.203560 0.000000 0.000000
    32 -0.000021 2.021633 0.000027 0.093808 0.000000 0.000000
    33 -0.000004 -1.136217 -0.000004 -0.600480 0.000000 0.000000
    34 -0.000011 1.136200 -0.000019 0.867496 0.000000 0.000000
    35 -0.032677 -4.587727 1.352317 -2.558509 0.890418 -2.936114
    36 0.032719 4.587772 -1.352291 2.673594 1.220867 2.571973
    37 0.000000 -1.754536 -0.000002 1.092131 0.000000 0.000000
    38 -0.000006 1.754520 -0.000034 0.290811 0.000000 0.000000
    39 0.000000 -1.227020 -0.000002 -0.252428 0.000000 0.000000
    40 0.000002 1.227070 0.000032 1.113450 0.000000 0.000000
    41 -0.367996 -4.208406 0.173244 2.977246 0.927109 2.319434
    42 0.368011 4.208412 -0.173239 3.365692 1.091688 2.536231
    43 0.000000 -2.372318 -0.000004 1.154585 0.000000 0.000000
    44 -0.000006 2.372318 -0.000032 1.959211 0.000000 0.000000
    45 0.000004 -1.580070 -0.000001 -0.329414 0.000000 0.000000
    46 -0.000002 1.580170 0.000030 0.602967 0.000000 0.000000
    47 -0.937645 -3.860697 -0.959317 -2.948054 0.798863 2.256892
    48 0.937672 3.860714 0.959333 3.206505 0.933892 2.482639
    49 0.000000 -1.690632 0.000000 1.148315 0.000000 0.000000
    50 -0.000013 1.690666 0.000021 1.811216 0.000000 0.000000
    51 -0.000002 -1.423443 0.000002 1.302406 0.000000 0.000000
    52 0.000008 1.423420 0.000028 0.816879 0.000000 0.000000
    53 -1.546646 -3.404194 -1.915569 -2.791978 0.765578 2.402160
    54 1.546661 3.404217 1.915585 2.985622 0.697024 2.644117
    55 0.000004 -1.437820 0.000000 1.542970 0.000000 0.000000
    56 -0.000021 1.437870 0.000031 1.483063 0.000000 0.000000
    57 -0.000002 -1.059402 0.000000 0.888082 0.000000 0.000000
    58 0.000006 1.059372 0.000008 1.193025 0.000000 0.000000
    59 -0.000004 -13.013485 -0.000004 0.010936 -0.284121 -0.076426
    60 0.161133 -10.804688 0.023087 0.010936 -0.284121 -0.076426
  time 77
    0 -0.024506 -3.468750 -0.000151 -1.559900 -0.000006 -0.000006
    1 -12.899223 5.904683 4.888918 -1.273987 -0.118014 0.469695
    2 0.000000 14.313023 0.000003 -0.531063 0.000000 0.000000
    3 -0.000011 13.013483 -0.000005 0.133387 0.252438 0.037767
    4 8.652996 10.990791 8.510125 2.738609 0.356003 0.283774
    5 0.000000 -14.313034 0.000000 -1.902727 0.000000 0.000000
    6 -0.000004 -13.013485 -0.000004 0.272939 -0.901921 -0.437640
    7 -1.330879 -2.698427 0.462449 -0.194886 -0.547260 3.056712
    8 1.330910 2.698444 -0.462436 0.194890 0.547268 -0.084879
    9 1.113281 4.808594 -1.690430 -1.589811 0.272264 -0.038126
    10 1.340820 7.765625 -2.611328 1.638801 1.297889 -3.109116
    11 0.671387 7.765625 -3.669922 -1.589828 0.275075 -0.038182
    12 0.707031 8.593750 -3.654297 -1.589811 0.272264 -0.038126
    13 14.750000 -52.000000 -3.505859 -1.993925 0.093276 0.197065
    14 6.566406 8.648438 3.232422 -1.090396 0.577049 -0.321829
    15 7.558525 6.997282 -2.354134 -1.937336 -0.275393 3.010581
    16 7.558525 6.997282 -2.354134 1.937336 0.275393 -0.131011
    17 -2.867767 -2.740969 0.531125 2.051196 0.577049 -0.321829
    18 4.324081 2.744001 -0.524877 -1.090396 0.577049 -0.321829
    19 1.340820 7.765625 -2.611328 1.638801 1.297889 -3.109116
    20 0.669922 7.765625 -3.669922 -1.589828 0.275074 -0.038184
    21 6.233833 5.542564 0.898426 -1.090396 0.577049 -0.321829
    22 6.946648 6.587124 1.429667 -1.090396 0.577049 -0.321829
    23 7.537933 7.453606 1.870349 -1.090396 0.577049 -0.321829
    24 8.154472 8.357077 2.329839 -1.090396 0.577049 -0.321829
    25 8.874294 9.411907 2.866308 -1.090396 0.577049 -0.321829
    26 -4.125858 -2.321501 1.394414 2.051196 0.577049 -0.321829
    27 -4.826813 -3.348669 0.872014 2.051196 0.577049 -0.321829
    28 -5.441669 -4.249685 0.413772 2.051196 0.577049 -0.321829
    29 -0.552532 -1.343527 1.604446 -0.050490 -0.183910 -0.530210
    30 0.552589 1.343534 -1.604463 -0.778333 -0.038510 -0.263264
    31 0.000000 -2.021618 -0.000004 -0.203560 0.000000 0.000000
    32 -0.000021 2.021633 0.000027 0.093808 0.000000 0.000000
    33 -0.000004 -1.136217 -0.000004 -0.600480 0.000000 0.000000
    34 -0.000011 1.136200 -0.000019 0.867496 0.000000 0.000000
    35 -0.032677 -4.587727 1.352317 -2.558509 0.890418 -2.936114
    36 0.032719 4.587772 -1.352291 2.673594 1.220867 2.571973
    37 0.000000 -1.754536 -0.000002 1.092131 0.000000 0.000000
    38 -0.000006 1.754520 -0.000034 0.290811 0.000000 0.000000
    39 0.000000 -1.227020 -0.000002 -0.252428 0.000000 0.000000
    40 0.000002 1.227070 0.000032 1.113118 0.000000 0.000000
    41 -0.367996 -4.208406 0.173244 2.977246 0.927109 2.319434
    42 0.368011 4.208412 -0.173239 3.365692 1.091688 2.536231
    43 0.000000 -2.372318 -0.000004 1.154585 0.000000 0.000000
    44 -0.000006 2.372318 -0.000032 1.959211 0.000000 0.000000
    45 0.000004 -1.580070 -0.000001 -0.329414 0.000000 0.000000
    46 -0.000002 1.580170 0.000030 0.602967 0.000000 0.000000
    47 -0.937645 -3.860697 -0.959317 -2.948054 0.798863 2.256892
    48 0.937672 3.860714 0.959333 3.206505 0.933892 2.482639
    49 0.000000 -1.690632 0.000000 1.148315 0.000000 0.000000
    50 -0.000013 1.690666 0.000021 1.811216 0.000000 0.000000
    51 -0.000002 -1.423443 0.000002 1.302406 0.000000 0.000000
    52 0.000008 1.423420 0.000028 0.816879 0.000000 0.000000
    53 -1.546646 -3.404194 -1.915569 -2.791978 0.765578 2.402160
    54 1.546661 3.404217 1.915585 2.985622 0.697024 2.644117
    55 0.000004 -1.437820 0.000000 1.542970 0.000000 0.000000
    56 -0.000021 1.437870 0.000031 1.483063 0.000000 0.000000
    57 -0.000002 -1.059402 0.000000 0.888082 0.000000 0.000000
    58 0.000006 1.059372 0.000008 1.193025 0.000000 0.000000
    59 -0.000004 -13.013485 -0.000004 0.010936 -0.284121 -0.076426
    60 0.161133 -10.804688 0.023087 0.010936 -0.284121 -0.076426
  time 78
    0 -0.024506 -3.468750 -0.000151 -1.559900 -0.000006 -0.000006
    1 -12.899223 5.904683 4.888918 -1.275369 -0.117299 0.460835
    2 0.000000 14.313023 0.000003 -0.528986 0.000000 0.000000
    3 -0.000011 13.013483 -0.000005 0.128991 0.238005 0.039780
    4 8.652996 10.990791 8.510125 2.738609 0.356003 0.283774
    5 0.000000 -14.313034 0.000000 -1.902727 0.000000 0.000000
    6 -0.000004 -13.013485 -0.000004 0.272939 -0.901921 -0.437640
    7 -1.330879 -2.698427 0.462449 -0.194886 -0.547260 3.056712
    8 1.330910 2.698444 -0.462436 0.194890 0.547268 -0.084879
    9 1.113281 4.808594 -1.690430 -1.589811 0.272264 -0.038126
    10 1.340820 7.765625 -2.611328 1.638801 1.297889 -3.109116
    11 0.671387 7.765625 -3.669922 -1.589828 0.275075 -0.038182
    12 0.707031 8.593750 -3.654297 -1.589811 0.272264 -0.038126
    13 14.750000 -52.000000 -3.505859 -1.993925 0.093276 0.197065
    14 6.566406 8.648438 3.232422 -1.090396 0.577049 -0.321829
    15 7.558525 6.997282 -2.354134 -1.937336 -0.275393 3.010581
    16 7.558525 6.997282 -2.354134 1.937336 0.275393 -0.131011
    17 -2.867767 -2.740969 0.531125 2.051196 0.577049 -0.321829
    18 4.324081 2.744001 -0.524877 -1.090396 0.577049 -0.321829
    19 1.340820 7.765625 -2.611328 1.638801 1.297889 -3.109116
    20 0.669922 7.765625 -3.669922 -1.589828 0.275074 -0.038184
    21 6.233833 5.542564 0.898426 -1.090396 0.577049 -0.321829
    22 6.946648 6.587124 1.429667 -1.090396 0.577049 -0.321829
    23 7.537933 7.453606 1.870349 -1.090396 0.577049 -0.321829
    24 8.154472 8.357077 2.329839 -1.090396 0.577049 -0.321829
    25 8.874294 9.411907 2.866308 -1.090396 0.577049 -0.321829
    26 -4.125858 -2.321501 1.394414 2.051196 0.577049 -0.321829
    27 -4.826813 -3.348669 0.872014 2.051196 0.577049 -0.321829
    28 -5.441669 -4.249685 0.413772 2.051196 0.577049 -0.321829
    29 -0.552532 -1.343527 1.604446 -0.050490 -0.183910 -0.530210
    30 0.552589 1.343534 -1.604463 -0.778333 -0.038510 -0.263286
    31 0.000000 -2.021618 -0.000004 -0.203560 0.000000 0.000000
    32 -0.000021 2.021633 0.000027 0.093808 0.000000 0.000000
    33 -0.000004 -1.136217 -0.000004 -0.600480 0.000000 0.000000
    34 -0.000011 1.136200 -0.000019 0.867496 0.000000 0.000000
    35 -0.032677 -4.587727 1.352317 -2.558509 0.890418 -2.936114
    36 0.032719 4.587772 -1.352291 2.673594 1.220830 2.571973
    37 0.000000 -1.754536 -0.000002 1.092131 0.000000 0.000000
    38 -0.000006 1.754520 -0.000034 0.290811 0.000000 0.000000
    39 0.000000 -1.227020 -0.000002 -0.252428 0.000000 0.000000
    40 0.000002 1.227070 0.000032 1.113051 0.000000 0.000000
    41 -0.367996 -4.208406 0.173244 2.977246 0.927109 2.319434
    42 0.368011 4.208412 -0.173239 3.365692 1.091688 2.536231
    43 0.000000 -2.372318 -0.000004 1.154585 0.000000 0.000000
    44 -0.000006 2.372318 -0.000032 1.959211 0.000000 0.000000
    45 0.000004 -1.580070 -0.000001 -0.329414 0.000000 0.000000
    46 -0.000002 1.580170 0.000030 0.602967 0.000000 0.000000
    47 -0.937645 -3.860697 -0.959317 -2.948054 0.798863 2.256892
    48 0.937672 3.860714 0.959333 3.206505 0.933892 2.482639
    49 0.000000 -1.690632 0.000000 1.148315 0.000000 0.000000
    50 -0.000013 1.690666 0.000021 1.811216 0.000000 0.000000
    51 -0.000002 -1.423443 0.000002 1.302406 0.000000 0.000000
    52 0.000008 1.423420 0.000028 0.816879 0.000000 0.000000
    53 -1.546646 -3.404194 -1.915569 -2.791978 0.765578 2.402160
    54 1.546661 3.404217 1.915585 2.985622 0.697024 2.644117
    55 0.000004 -1.437820 0.000000 1.542970 0.000000 0.000000
    56 -0.000021 1.437870 0.000031 1.483063 0.000000 0.000000
    57 -0.000002 -1.059402 0.000000 0.888082 0.000000 0.000000
    58 0.000006 1.059372 0.000008 1.193025 0.000000 0.000000
    59 -0.000004 -13.013485 -0.000004 0.010936 -0.284121 -0.076426
    60 0.161133 -10.804688 0.023087 0.010936 -0.284121 -0.076426
end
